scenario,algorithm,seed,step,action,reward,instant_regret,cumulative_regret,prediction_rmse_pre,theta_norm,kkt_residual,rho,predicted_mean_0,predicted_mean_1,predicted_mean_2,predicted_mean_3,predicted_mean_4,predicted_mean_5,predicted_mean_6,predicted_mean_7,predicted_mean_8,predicted_mean_9
abrupt,omd_paper_v2_literal,2,1,3,1,0.2892221772768807,0.2892221772768807,0.15915118221057942,0.011834319526627219,0.0,0.0,0.5,0.5,0.5,0.5,0.5,0.5,0.5,0.5,0.5,0.5
abrupt,omd_paper_v2_literal,2,2,3,0,0.2892221772768807,0.5784443545537614,0.15941531852469917,4.659426890367219e-05,0.0,0.0,0.49870669692372877,0.4986330278131667,0.5004508997669824,0.5029585453527718,0.5022658116196271,0.49967469085252214,0.4995401169138963,0.5021044232182799,0.4976825665021179,0.5009657330856234
abrupt,omd_paper_v2_literal,2,3,5,0,0.3216524339139793,0.9000967884677407,0.1591501769825241,0.011828776203912253,0.0,0.0,0.5000050920245617,0.5000053820777952,0.49999822470986705,0.4999883514327762,0.4999910789498015,0.5000012808124707,0.5000018106594276,0.49999171438289414,0.5000091243009388,0.4999961976957835
abrupt,omd_paper_v2_literal,2,4,8,0,0.15394454293798776,1.0540413314057284,0.158483650615001,0.011556966442412261,0.0,0.0,0.49806936004044156,0.4973978752464276,0.4975582814992837,0.5003123757224903,0.49834874305264776,0.4970428683731157,0.49847285840348565,0.49865659400693574,0.5015441184452588,0.4994404936377845
abrupt,omd_paper_v2_literal,2,5,9,1,0.0,1.0540413314057284,0.15894496952025408,0.019032896756197553,0.0,0.0,0.497905377808518,0.497721490902596,0.49963079450866943,0.5026281450539264,0.5012859630872902,0.4985795510851705,0.49934236486419303,0.5010888671307382,0.4985851372867498,0.5009508537328975
abrupt,omd_paper_v2_literal,2,6,9,0,0.0,1.0540413314057284,0.15799866492288078,0.011527350066706143,0.0,0.0,0.49609894371185076,0.49702782348431357,0.5017192182475172,0.5035859995792642,0.5024805569335077,0.49913155822432664,0.5018308759342891,0.5008783543564015,0.4970853029917852,0.5039007824871082
abrupt,omd_paper_v2_literal,2,7,3,0,0.2892221772768807,1.3432635086826092,0.15895233733871808,0.004973732948067044,0.0,0.0,0.49791935366769097,0.49772685753961066,0.4996146372500392,0.5026207344709599,0.5012767209658896,0.4985752804607574,0.49932311231783083,0.5010904957739717,0.49859674097834367,0.5009280309101882
abrupt,omd_paper_v2_literal,2,8,6,0,0.015941344123524215,1.3592048528061333,0.15868968522918345,0.013549919205054035,0.0,0.0,0.49921132290698983,0.49909463459455616,0.49916852541820494,0.49966322143672376,0.4990136816611934,0.498903458455898,0.49978782030794944,0.49898652766848894,0.5009110185222937,0.49996706777888966
abrupt,omd_paper_v2_literal,2,9,8,0,0.15394454293798776,1.513149395744121,0.15949479947264852,0.012468778097468202,0.0,0.0,0.49976195238409826,0.4983869348529472,0.4967074438358384,0.5001243952384489,0.49838179673637206,0.49738100075931185,0.4968412672880189,0.4996759839793767,0.5017714796847812,0.497484391939604
abrupt,omd_paper_v2_literal,2,10,7,1,0.4529323490953845,1.9660817448395056,0.15995192375624206,0.022124390501410258,0.0,0.0,0.49960416532240237,0.4987131661901642,0.4987705048068648,0.5024304885209097,0.5013083643608249,0.4989139026366161,0.49770343857214977,0.5021021978111528,0.49882401179338814,0.49898360483470455
abrupt,omd_paper_v2_literal,2,11,7,1,0.4529323490953845,2.41901409393489,0.16111146299534754,0.03304599499709141,0.0,0.0,0.5005419998879296,0.4994593800662242,0.4997191143548223,0.5045065747639038,0.503884041158672,0.5002371971541447,0.4970165678962249,0.5050300993126556,0.4964213235652819,0.49877180196191323
abrupt,omd_paper_v2_literal,2,12,7,0,0.4529323490953845,2.871946443030274,0.1622718667801306,0.021869115994735285,0.0,0.0,0.5014724923475607,0.5001997573677653,0.5006603032529527,0.5065662626893316,0.5064393604713437,0.5015501339403209,0.4963350829578779,0.5079347502071464,0.4940375989075384,0.49856165683650416
abrupt,omd_paper_v2_literal,2,13,7,0,0.4529323490953845,3.3248787921256584,0.16108351339775587,0.012217350427387794,0.0,0.0,0.5005194904186584,0.49944146973161524,0.4996963461999494,0.5044567470004555,0.5038222227792601,0.5002054359932979,0.4970330537387469,0.5049598283627008,0.49647899032582377,0.4987768855552762
abrupt,omd_paper_v2_literal,2,14,0,0,0.45190732358644065,3.776786115712099,0.1599146907133951,0.018117006388852677,0.0,0.0,0.49957391339891105,0.4986890954837622,0.4987399054121648,0.5023635179736712,0.5012252783014713,0.4988712169900834,0.49772559526780946,0.5020077483739774,0.49890151733256943,0.49899043701271534
abrupt,omd_paper_v2_literal,2,15,3,0,0.2892221772768807,4.06600829298898,0.15874886590363335,0.011044896918534861,0.0,0.0,0.4966306412838069,0.49601550953018325,0.49840446754725337,0.5036502303036107,0.5010803036904986,0.49694232966202384,0.49827307961853023,0.501074138950611,0.49873869166032037,0.5007893043744948
abrupt,omd_paper_v2_literal,2,16,9,1,0.0,4.06600829298898,0.1584880449624356,0.015617664263158231,0.0,0.0,0.49792537102223894,0.49738555253478073,0.4979657594463686,0.5007088789512695,0.49883564594592894,0.4972781815470454,0.4987348739911501,0.49898950240199796,0.5010353364445029,0.4998301423338443
abrupt,omd_paper_v2_literal,2,17,9,1,0.0,4.06600829298898,0.15753249743048794,0.025248615007487138,0.0,0.0,0.4961287520431563,0.49669693397823,0.5000449225541224,0.5016595176632328,0.5000230699788453,0.497828696818038,0.5012130080603663,0.49877820262472117,0.4995441058888501,0.5027660599083867
abrupt,omd_paper_v2_literal,2,18,9,1,0.0,4.06600829298898,0.15659616393826206,0.0360053057295549,0.0,0.0,0.4943462650502614,0.4960137065667109,0.5021078440652832,0.5026027191405656,0.5012012188752235,0.49837491724635463,0.5036717269564297,0.4985685537312742,0.49806453121296157,0.5056788571848773
abrupt,omd_paper_v2_literal,2,19,9,1,0.0,4.06600829298898,0.15567895300816106,0.0470570068417931,0.0,0.0,0.4925778140553725,0.4953358194626904,0.5041546148339509,0.5035385502886611,0.5023701712223035,0.49891688384899857,0.5061111055096672,0.49836053950003456,0.49659652291561596,0.5085685694268935
abrupt,omd_paper_v2_literal,2,20,9,1,0.0,4.06600829298898,0.15478076782632802,0.05818371766082224,0.0,0.0,0.4908233017725224,0.49466322200413504,0.5061853280818671,0.5044670779199177,0.5035300057139355,0.49945463747604646,0.5085312229825075,0.4981541437942151,0.49513999092847805,0.51143523976129
abrupt,omd_paper_v2_literal,2,21,9,1,0.0,4.06600829298898,0.15390150637329209,0.06930636986380537,0.0,0.0,0.48908262972191463,0.4939958637214109,0.5082000792523779,0.5053883687252337,0.504680801107454,0.499988218798224,0.5109321628470691,0.497949350565917,0.49369484468489955,0.5142789188419248
abrupt,omd_paper_v2_literal,2,22,9,0,0.0,4.06600829298898,0.15304106155483835,0.05749024315719893,0.0,0.0,0.4873556983301668,0.49333369435331736,0.5101989658690735,0.5063024892468391,0.5058226361824147,0.5005176682951396,0.5133140125688741,0.49774614385995025,0.4922609931860304,0.5170996645207998
abrupt,omd_paper_v2_literal,2,23,9,1,0.0,4.06600829298898,0.1539557252281145,0.06857007133186867,0.0,0.0,0.4891906545122908,0.49403728166065264,0.5080750439817989,0.5053311912675107,0.504609380127348,0.4999551029031653,0.5107831658451866,0.4979620607147599,0.49378453258566435,0.5141024553985122
abrupt,omd_paper_v2_literal,2,24,9,1,0.0,4.06600829298898,0.1530975139717469,0.07961313682965598,0.0,0.0,0.48746974055724257,0.4933774250614051,0.5100669635047845,0.5062421195596932,0.5057472281383008,0.5004827020828347,0.513156726419469,0.49775956414220035,0.492355684836443,0.5169134066990755
abrupt,omd_paper_v2_literal,2,25,9,1,0.0,4.06600829298898,0.15225786578810221,0.09060171449604343,0.0,0.0,0.485762364648398,0.4927226696754233,0.5120432369590414,0.5071459961820131,0.5068762601837898,0.5010062396742759,0.5155114333690624,0.49755862675771434,0.4909379572137336,0.5197016670797163
abrupt,omd_paper_v2_literal,2,26,9,1,0.0,4.06600829298898,0.1514366655419721,0.10152627377772121,0.0,0.0,0.4840684265809975,0.4920729662810811,0.5140039642956294,0.5080428865273581,0.5079965540365409,0.5015257552785338,0.517847380154263,0.49735923298338064,0.48953125915545487,0.5224673065474982
abrupt,omd_paper_v2_literal,2,27,9,0,0.0,4.06600829298898,0.15063379348311187,0.08953486502841068,0.0,0.0,0.4823878253426116,0.49142826590339767,0.5159492471313023,0.5089328557712545,0.5091081873823413,0.5020412882782185,0.5201646635764409,0.4971613673422703,0.4881354998500473,0.5252104012884127
abrupt,omd_paper_v2_literal,2,28,9,1,0.0,4.06600829298898,0.151515788115297,0.10042217636972277,0.0,0.0,0.4842327147276455,0.49213598313616536,0.513813801419976,0.5079558948067918,0.50788789445071,0.5014753649793905,0.5176208374747792,0.497378573150368,0.48966769495553486,0.5221991108925693
abrupt,omd_paper_v2_literal,2,29,9,1,0.0,4.06600829298898,0.15071433247245666,0.11124104492168117,0.0,0.0,0.48255754777218607,0.491493379059861,0.5157527954970261,0.5088429718000552,0.508995916877367,0.501989219882393,0.5199306568331836,0.4971813516335286,0.48827646280416753,0.5249334163865357
abrupt,omd_paper_v2_literal,2,30,9,1,0.0,4.06600829298898,0.14993094755668884,0.12198819557337176,0.0,0.0,0.4808955200866959,0.490855694460137,0.517676560760163,0.5097232410650206,0.5100954173647793,0.5024991590176179,0.5222220513846182,0.4969856322924925,0.48689600060923643,0.5276454307571846
abrupt,omd_paper_v2_literal,2,31,9,1,0.0,4.06600829298898,0.14916550675933835,0.1326617247418703,0.0,0.0,0.4792465305851531,0.49022288144584203,0.5195852004019149,0.5105967665290768,0.5111864724128625,0.5030052208610535,0.5244951225214501,0.4967914000331532,0.4855262183294554,0.5303352400653348
abrupt,omd_paper_v2_literal,2,32,9,0,0.0,4.06600829298898,0.14841787930136757,0.12057215542665356,0.0,0.0,0.4776104776189292,0.48959489240248927,0.5214788189203577,0.5114636118466269,0.5122691583442468,0.5035074436490882,0.5267499744022366,0.49659863986856556,0.4841670258284169,0.5330029356387888
abrupt,omd_paper_v2_literal,2,33,9,0,0.0,4.06600829298898,0.14926563505172066,0.10858405304856872,0.0,0.0,0.4794636997323933,0.4903062297337505,0.5193338382186544,0.5104817149921275,0.5110427715713567,0.5029385659990322,0.5241957842884409,0.4968169829955371,0.48570662519998054,0.5299810531509531
abrupt,omd_paper_v2_literal,2,34,6,1,0.015941344123524215,4.081949637112504,0.1501221428235801,0.11743456432210099,0.0,0.0,0.4813034888936375,0.4910122351989428,0.5172043473174357,0.5095071515910253,0.5098255126913477,0.5023739759214715,0.5216596262126661,0.4970336788047111,0.4872348687223317,0.5269798108158891
abrupt,omd_paper_v2_literal,2,35,6,1,0.015941344123524215,4.097890981236028,0.14947649568198584,0.1265480562907002,0.0,0.0,0.48083005807293805,0.4917088058069802,0.5194959730392171,0.5090433134982812,0.5103998607636695,0.5038153295245524,0.5243985129033104,0.49638562261523067,0.4864512408651276,0.5292619311174634
abrupt,omd_paper_v2_literal,2,36,6,1,0.015941344123524215,4.113832325359552,0.14884818370780753,0.13585223211025693,0.0,0.0,0.48036026717308966,0.492400102807575,0.5217693341158555,0.5085829928407751,0.5109698071652761,0.5052456424052609,0.5271150890336783,0.49574251435656724,0.4856736473563705,0.5315254610627186
abrupt,omd_paper_v2_literal,2,37,6,1,0.015941344123524215,4.129773669483076,0.1482370449406892,0.14529272632239518,0.0,0.0,0.47989407990903876,0.49308617631755325,0.5240245320674427,0.5081261551460694,0.5115353951238731,0.5066650034526029,0.529809439617483,0.4951043061290936,0.4849020302807959,0.5337705118809348
abrupt,omd_paper_v2_literal,2,38,6,0,0.015941344123524215,4.1457150136066,0.14764291331615753,0.13463597415880849,0.0,0.0,0.47943146023592115,0.4937670762024102,0.5262616711063732,0.5076727661555078,0.5120966676038242,0.5080735017835281,0.5324816549898638,0.4944709503010999,0.4841363320174637,0.535997197307518
abrupt,omd_paper_v2_literal,2,39,6,1,0.015941344123524215,4.161656357730124,0.14831539821613177,0.14402308848671921,0.0,0.0,0.4799543822586637,0.49299742680026587,0.5237328609980426,0.5081852508038801,0.5114622343368155,0.5064814055886183,0.5294610026085268,0.4951868615905387,0.48500183990915474,0.5334801752751338
abrupt,omd_paper_v2_literal,2,40,6,1,0.015941344123524215,4.1775977018536485,0.14772144094268913,0.15350937764380854,0.0,0.0,0.47949316293107164,0.4936762556417206,0.5259633380221804,0.5077332404192287,0.5120218062003844,0.507885641659009,0.5321253362946505,0.49455542701093363,0.484238457460943,0.5357002805587101
abrupt,omd_paper_v2_literal,2,41,6,1,0.015941344123524215,4.193539045977173,0.14714420802462116,0.1630625372827864,0.0,0.0,0.47903545169352635,0.49434999515288564,0.5281759931252351,0.507284621708949,0.5125771340336086,0.5092791791982195,0.5347677946914778,0.4939287650539026,0.4834808969018662,0.5379022679441322
abrupt,omd_paper_v2_literal,2,42,6,0,0.015941344123524215,4.209480390100697,0.14658352834484883,0.15205981990133866,0.0,0.0,0.47858121339503146,0.4950186941027004,0.5303709337885003,0.5068393612386469,0.5131282597750259,0.5106621065317213,0.5373884761465397,0.49330682918346197,0.48272910188554047,0.5400862539800676
abrupt,omd_paper_v2_literal,2,43,6,1,0.015941344123524215,4.225421734224221,0.1472310341370955,0.16156588381538123,0.0,0.0,0.47910492517440184,0.4942477272353193,0.5278402045677875,0.5073527180601486,0.5124928431033801,0.5090676636775421,0.534366819352196,0.4940238845355501,0.48359588178569696,0.5375681225667316
abrupt,omd_paper_v2_literal,2,44,6,1,0.015941344123524215,4.241363078347745,0.1466700879853726,0.17111698813601506,0.0,0.0,0.4786519912778044,0.49491449504902096,0.5300289894558343,0.5069087432227413,0.5130423844792711,0.5104466266120538,0.5369802491919184,0.49340373898723994,0.4828462428228137,0.5397460406062308
abrupt,omd_paper_v2_literal,2,45,6,1,0.015941344123524215,4.257304422471269,0.1461254156364504,0.18069314494179273,0.0,0.0,0.4782024730866366,0.4955763035548621,0.5322002944328341,0.5064680717338926,0.5135877925362935,0.5118151389028663,0.539572163524578,0.4927882426862456,0.4821022759969429,0.5419062015884324
abrupt,omd_paper_v2_literal,2,46,6,0,0.015941344123524215,4.273245766594793,0.14559684181397253,0.16944774074312857,0.0,0.0,0.47775633633960535,0.49623320041459995,0.5343542295664232,0.5060306709822127,0.5141291081873943,0.5131732879242539,0.5421426675199523,0.4921773501969549,0.4813639262485129,0.5440487242109835
abrupt,omd_paper_v2_literal,2,47,9,1,0.0,4.273245766594793,0.1462193118965827,0.17948731944081564,0.0,0.0,0.47828068231305787,0.4954611542068693,0.5318225940231357,0.5065447449788721,0.5134928991890596,0.5115770433781732,0.5391213457068871,0.4928953314686679,0.4822317132962095,0.541530465707718
abrupt,omd_paper_v2_literal,2,48,9,1,0.0,4.273245766594793,0.14555357312424239,0.1894724362877333,0.0,0.0,0.47670192016304047,0.4948378072875984,0.5336116911597999,0.5073954979364135,0.5145325297020492,0.5120363537109398,0.5412488945186708,0.49272082118985083,0.4809280516417322,0.544067403393942
abrupt,omd_paper_v2_literal,2,49,9,1,0.0,4.273245766594793,0.1449044000735852,0.19940053670596253,0.0,0.0,0.47513523604434954,0.49421906332098803,0.5353867681298602,0.508239948026543,0.5155643854382849,0.51249226397093,0.5433593009886654,0.49254759685166044,0.4796342401060657,0.546583413065687
abrupt,omd_paper_v2_literal,2,50,9,1,0.0,4.273245766594793,0.14427164514036656,0.2092697257311463,0.0,0.0,0.47358053282261203,0.49360487748803666,0.537147932684065,0.5090781546678129,0.516588537739044,0.5129448079991163,0.5454526821212791,0.49237564548222196,0.4783501932335926,0.5490786080180609
abrupt,omd_paper_v2_literal,2,51,9,0,0.0,4.273245766594793,0.14365515772279755,0.19722177668484528,0.0,0.0,0.4720377131958346,0.49299520528453245,0.5388952930780903,0.5099101769369196,0.5176050576230831,0.5133940193730437,0.5475291563558446,0.49220495421776606,0.477075825738493,0.5515531048600681
abrupt,omd_paper_v2_literal,2,52,9,1,0.0,4.273245766594793,0.144409423245148,0.20706404521994273,0.0,0.0,0.4739214780212718,0.4937395832808221,0.5367617399910356,0.5088943177376204,0.5163639253761807,0.5128455547806017,0.544993682568722,0.4924133588636951,0.47863179515699966,0.5485315518543965
abrupt,omd_paper_v2_literal,2,53,9,1,0.0,4.273245766594793,0.1437918561427337,0.21684676990612556,0.0,0.0,0.47238230522118335,0.49313139301041803,0.5385050465231102,0.509724323184399,0.5173779982647738,0.513293675730259,0.5470654513874843,0.49224308332593086,0.4773604705155981,0.5510005650756794
abrupt,omd_paper_v2_literal,2,54,9,0,0.0,4.273245766594793,0.1431903068124153,0.20481174958488815,0.0,0.0,0.47085484473039163,0.492527645753032,0.54023474439481,0.5105482396104332,0.5183845550247279,0.5137385166974543,0.5491205423995102,0.4920740478539418,0.4760986812965959,0.5534491398295023
abrupt,omd_paper_v2_literal,2,55,6,0,0.015941344123524215,4.289187110718317,0.1439320857702437,0.19393850144255395,0.0,0.0,0.4727343052181211,0.49327049878868257,0.538106392569116,0.5095344858619522,0.5171460681219692,0.5131911817242516,0.5465917300014831,0.49228202921330455,0.4776512272692669,0.5504360604944696
abrupt,omd_paper_v2_literal,2,56,2,0,0.16439841495458574,4.453585525672903,0.1445254182891642,0.18554260728037114,0.0,0.0,0.4732385029794474,0.4924845322322052,0.5355872789793088,0.5100641280079449,0.5165211667560671,0.5115914128929469,0.5435866920588412,0.4930020687346422,0.4785050628449445,0.5479445707278873
abrupt,omd_paper_v2_literal,2,57,9,1,0.0,4.453585525672903,0.14423859244731607,0.19541861510563457,0.0,0.0,0.47280331445780743,0.4909420542665466,0.5325867290408303,0.5096220382779357,0.5144898413437307,0.5090509148399873,0.5411274229134132,0.4919670671932399,0.48061932505600913,0.5458982710437138
abrupt,omd_paper_v2_literal,2,58,9,0,0.0,4.453585525672903,0.14360336828404607,0.18351509763432602,0.0,0.0,0.4712641131671007,0.49033106855596614,0.5343262983581211,0.5104524971233532,0.5155015288382535,0.5094945563225478,0.5431963176429677,0.491796520136876,0.47935048798511876,0.5483653568109759
abrupt,omd_paper_v2_literal,2,59,9,1,0.0,4.453585525672903,0.1443704777803816,0.1933646606254936,0.0,0.0,0.47311954193147293,0.49106755832907223,0.5322293100793224,0.5094514496139485,0.5142820188247695,0.5089597860509991,0.5407022797903402,0.4920020989602935,0.48087998437684076,0.545391231523276
abrupt,omd_paper_v2_literal,2,60,9,1,0.0,4.453585525672903,0.1437344949502722,0.20315130358962635,0.0,0.0,0.4715840760184027,0.4904580929131308,0.5339647014061031,0.510279845595619,0.5152912046471441,0.5094023224727345,0.5427663054233994,0.49183197748045665,0.47961426352347797,0.5478526302080132
abrupt,omd_paper_v2_literal,2,61,9,1,0.0,4.453585525672903,0.14311434842035378,0.2128744727920247,0.0,0.0,0.47006019754954115,0.4898530438770607,0.5356867846642972,0.5111022210516426,0.516293000715895,0.5098416579300318,0.5448140182102045,0.4916630827953293,0.47835791501903796,0.550293993059973
abrupt,omd_paper_v2_literal,2,62,9,1,0.0,4.453585525672903,0.1425098961670629,0.22253384457083414,0.0,0.0,0.46854781297684206,0.48925236869709077,0.5373956614632461,0.5119186321438296,0.5172874740494945,0.5102778237765613,0.5468455298350019,0.49149540271227143,0.4771108582671315,0.5527154321679622
abrupt,omd_paper_v2_literal,2,63,9,1,0.0,4.453585525672903,0.1419209934832466,0.23212927280559542,0.0,0.0,0.4670468286840018,0.48865602515677475,0.5390914338004753,0.512729134695659,0.5182746913433218,0.5107108511194897,0.5488609531731945,0.4913289251412069,0.47587301287021105,0.5551170624370634
abrupt,omd_paper_v2_literal,2,64,9,0,0.0,4.453585525672903,0.14134749308843314,0.22012699216964243,0.0,0.0,0.4655571510311771,0.4880639713521695,0.5407742039991605,0.5135337841824248,0.5192547189542563,0.511140770816557,0.5508604021888528,0.49116363809545344,0.47464429865656216,0.5574990014165614
abrupt,omd_paper_v2_literal,2,65,9,1,0.0,4.453585525672903,0.14206664812631192,0.22969992982330026,0.0,0.0,0.46742070056128354,0.4888045838589759,0.5386690644974955,0.512527227642407,0.5180287678981365,0.5106029764241414,0.5483590163336058,0.4913703980097554,0.4761813589339949,0.5545190023579462
abrupt,omd_paper_v2_literal,2,66,9,1,0.0,4.453585525672903,0.14149160202017652,0.2392094193116154,0.0,0.0,0.4659341782638843,0.4882138356830421,0.5403483283151852,0.5133301085670562,0.519006656862656,0.5110319461582095,0.5503544315313617,0.49120547726184666,0.47495529642068235,0.556896303303401
abrupt,omd_paper_v2_literal,2,67,9,1,0.0,4.453585525672903,0.14093172414041308,0.24865553538971627,0.0,0.0,0.4644588026933349,0.4876273120525249,0.5420147701077046,0.5141272241651903,0.5199774626521102,0.5114578558291152,0.5523340854259232,0.4910417286931337,0.47373823273174515,0.5592541593850991
abrupt,omd_paper_v2_literal,2,68,9,1,0.0,4.453585525672903,0.14038686480083637,0.2580384428154641,0.0,0.0,0.46299448139287697,0.48704497211593045,0.5436684913911968,0.5149186286249292,0.5209412502099003,0.5118807354883391,0.5542980922586943,0.49087914064064386,0.47253008910663563,0.5615926909080734
abrupt,omd_paper_v2_literal,2,69,9,0,0.0,4.453585525672903,0.1398568720825901,0.24599121516950162,0.0,0.0,0.4615411219933925,0.48646677534121907,0.5453095938463581,0.515704375768368,0.5218980841091733,0.5123006149353786,0.5562465670848304,0.49071770154491684,0.4713307870731916,0.5639120203431747
abrupt,omd_paper_v2_literal,2,70,6,1,0.015941344123524215,4.469526869796427,0.14053940098492249,0.2543954768036417,0.0,0.0,0.463407379276151,0.487209197548815,0.5432022121127192,0.5146954476532272,0.5206694625899422,0.5117614785387155,0.5537443806913741,0.49092499280793517,0.4728707724553156,0.5609334609662552
abrupt,omd_paper_v2_literal,2,71,6,1,0.015941344123524215,4.485468213919951,0.1401055759762232,0.2628289052292043,0.0,0.0,0.4630260323002497,0.48785911681845157,0.5452137222635399,0.5142476625116574,0.5211566879990297,0.5130536631405754,0.5561416647367093,0.49034012328343035,0.4722023712787969,0.5629034138671448
abrupt,omd_paper_v2_literal,2,72,6,1,0.015941344123524215,4.501409558043475,0.13968616586319546,0.27128199868317915,0.0,0.0,0.4626474521568705,0.4885044341854033,0.5472094051264167,0.5138030533701649,0.5216403932305147,0.5143364448128901,0.5585192413364937,0.4897594577728091,0.4715388432179928,0.564857333984301
abrupt,omd_paper_v2_literal,2,73,6,1,0.015941344123524215,4.517350902166999,0.1392809880708317,0.27974653854332066,0.0,0.0,0.4622716110795574,0.4891451931519022,0.5491893733513888,0.5133615893725717,0.5221206130948749,0.5156099029823555,0.5608772321569161,0.48918295542645274,0.4708801406589126,0.5667953460365647
abrupt,omd_paper_v2_literal,2,74,6,0,0.015941344123524215,4.533292246290523,0.13888985827918177,0.2689216286148635,0.0,0.0,0.4618984815462918,0.489781436911572,0.5511537404997868,0.5129232399101209,0.522597382111595,0.5168741168915936,0.5632157611287799,0.48861057571449934,0.4702262163591729,0.5687175753299708
abrupt,omd_paper_v2_literal,2,75,9,1,0.0,4.533292246290523,0.1393926343817468,0.27806543694708424,0.0,0.0,0.4623762179148881,0.4889668414505407,0.548638425235486,0.5134844680185632,0.5219869533824775,0.515255469919003,0.5602211833358434,0.4893434155257156,0.47106347299700685,0.5662561248229632
abrupt,omd_paper_v2_literal,2,76,9,1,0.0,4.533292246290523,0.13889419713880788,0.28715161829931385,0.0,0.0,0.46094629312923824,0.4883920352523305,0.5502390818325973,0.514262484287556,0.5229266772237356,0.515660072384715,0.5621198471969612,0.48918843945041357,0.46988620958208727,0.5685231985434801
abrupt,omd_paper_v2_literal,2,77,9,1,0.0,4.533292246290523,0.13840997812473743,0.29618014462727726,0.0,0.0,0.45952694112013803,0.48782125396245374,0.5518275862128406,0.5150350254549365,0.5238597100088185,0.5160618428100139,0.5640035177497079,0.4890345424158697,0.468717458887336,0.570771679826424
abrupt,omd_paper_v2_literal,2,78,9,0,0.0,4.533292246290523,0.13793982050700526,0.28414932953023886,0.0,0.0,0.4581180724000186,0.487254458710062,0.5534040389107823,0.5158021430437582,0.5247861135761598,0.5164608090564828,0.565872311456379,0.4888817137013104,0.4675571452920855,0.5730016960263712
abrupt,omd_paper_v2_literal,2,79,2,0,0.16439841495458574,4.697690661245109,0.13856875088226214,0.27592778618896474,0.0,0.0,0.4599957606327428,0.4880098113604982,0.5513029301258257,0.5147798198624768,0.5235514954345085,0.5159291179412465,0.5633814380220934,0.4890853829460243,0.46910352498552266,0.5700291995796357
abrupt,omd_paper_v2_literal,2,80,9,0,0.0,4.697690661245109,0.13811266190203839,0.264037822843095,0.0,0.0,0.4595077133036956,0.4864158294683082,0.5482982956615414,0.5143427482132178,0.5214965250676862,0.513342778779384,0.5609494128516167,0.48801248443235806,0.4712336849366745,0.5680282176393299
abrupt,omd_paper_v2_literal,2,81,2,1,0.16439841495458574,4.862089076199695,0.13877372667807025,0.2707631327065366,0.0,0.0,0.46136731725577135,0.4871652744891152,0.546218577168666,0.5133314408050436,0.5202766237110841,0.512819695894307,0.5584814046401805,0.48821537482527594,0.4727626299769912,0.5650809475493636
abrupt,omd_paper_v2_literal,2,82,2,0,0.16439841495458574,5.02648749115428,0.13913109466003987,0.26267177860442015,0.0,0.0,0.46177033667543355,0.4884757104920405,0.5486874721747311,0.5136896037672792,0.5219642365019107,0.5149443309234648,0.5604798350405104,0.48909708286170683,0.4710132551616343,0.5667249389792012
abrupt,omd_paper_v2_literal,2,83,9,1,0.0,5.02648749115428,0.1387020293519686,0.2717501623321003,0.0,0.0,0.46128391335872904,0.4868940839079248,0.5457073186435313,0.5132573125320493,0.519927290896261,0.5123799142363462,0.5580675641889244,0.4880329026908982,0.4731247711548713,0.5647405217402967
abrupt,omd_paper_v2_literal,2,84,9,1,0.0,5.02648749115428,0.13819134160350147,0.28077176781238006,0.0,0.0,0.4598604238369058,0.48631774704559017,0.5472928520896032,0.5140300794859923,0.5208565662093536,0.5127750862460388,0.5599514046440446,0.4878756418198325,0.47195917546342325,0.5669919954407899
abrupt,omd_paper_v2_literal,2,85,9,0,0.0,5.02648749115428,0.1376946994470256,0.2689335076255547,0.0,0.0,0.4584473726838196,0.48574541014914924,0.5488665312842835,0.5147974650867085,0.5217793072877023,0.5131675245162493,0.5618205808812925,0.4877194649414779,0.47080189904886455,0.569225249478378
abrupt,omd_paper_v2_literal,2,86,6,1,0.015941344123524215,5.042428835277804,0.13834861776547053,0.27711707034407523,0.0,0.0,0.4603019058216237,0.4864965166429614,0.5468011380192168,0.5137903825959662,0.5205683302673756,0.5126525098775534,0.5593672399757592,0.4879244221741232,0.47232069844262,0.5662939042402279
abrupt,omd_paper_v2_literal,2,87,6,1,0.015941344123524215,5.0583701794013285,0.13794807731770697,0.28531668462671667,0.0,0.0,0.45994400198458363,0.48713365726071484,0.5487379402142852,0.513341435702694,0.5210269586235944,0.5139032409614573,0.5616766414267175,0.48735015751535066,0.4716878774199509,0.5681830194692638
abrupt,omd_paper_v2_literal,2,88,6,0,0.015941344123524215,5.074311523524853,0.13756111314410496,0.274797965982728,0.0,0.0,0.45958863327918764,0.48776639898774843,0.5506597847171357,0.5128955962439015,0.5214823556979946,0.5151450833666702,0.5639673074588073,0.48677992798528547,0.471059556596778,0.5700570086847361
abrupt,omd_paper_v2_literal,2,89,2,1,0.16439841495458574,5.238709938479438,0.13806010359532392,0.28140951996375885,0.0,0.0,0.46004508285080975,0.4869537012937424,0.548191063991224,0.5134682368160604,0.5208974288846314,0.5135500060640057,0.5610246488947023,0.4875123473839388,0.4718665999176621,0.5676496632463726
abrupt,omd_paper_v2_literal,2,90,2,0,0.16439841495458574,5.403108353434024,0.13843256341451646,0.27339196688543316,0.0,0.0,0.4604516800015644,0.48825304988100543,0.5506239644647335,0.5138226786778453,0.5225659866120546,0.5156505857264669,0.5629874299899794,0.488390184059279,0.47013860867219853,0.5692615047044665
abrupt,omd_paper_v2_literal,2,91,9,1,0.0,5.403108353434024,0.13798177583216437,0.2823137963672283,0.0,0.0,0.4599570478898735,0.4866723712796189,0.5476639516915783,0.5133914864459397,0.5205360673621698,0.5130950943711672,0.5605993870696422,0.48732227620401364,0.4722408583360147,0.5673004554628652
abrupt,omd_paper_v2_literal,2,92,9,1,0.0,5.403108353434024,0.13748821726620558,0.2911809107838935,0.0,0.0,0.45855033156224867,0.4860966815697953,0.5492171625106015,0.5141568525718879,0.5214492869052961,0.5134757871491976,0.5624460256464859,0.48716715198662036,0.47109491452609775,0.5695124803384034
abrupt,omd_paper_v2_literal,2,93,9,1,0.0,5.403108353434024,0.13700831057015747,0.2999932617552349,0.0,0.0,0.45715383075719246,0.4855249415078376,0.5507588669230499,0.5149169505647181,0.5223561571438272,0.5138538767680529,0.5642784008214726,0.48701308464245835,0.46995706151839844,0.5717067266103991
abrupt,omd_paper_v2_literal,2,94,9,1,0.0,5.403108353434024,0.13654191072208352,0.3087508766759988,0.0,0.0,0.4557674604935365,0.48495711372043226,0.5522891582887814,0.5156718289512197,0.5232567355182969,0.5142293883162942,0.5660966216743345,0.48686006388145453,0.46882722895713347,0.5738833144928989
abrupt,omd_paper_v2_literal,2,95,9,1,0.0,5.403108353434024,0.13608887116052323,0.31745384633998336,0.0,0.0,0.45439113601008124,0.48439316114242276,0.5538081298661599,0.5164215359032984,0.5241510790933442,0.5146023466597598,0.5679007975844215,0.48670807950864553,0.46770534682895143,0.5760423654753604
abrupt,omd_paper_v2_literal,2,96,9,0,0.0,5.403108353434024,0.1356490438769731,0.30560583462911295,0.0,0.0,0.4530247727912518,0.4838330470187429,0.555315874777493,0.5171661192335179,0.5250392445504622,0.5149727764409583,0.5696910381713456,0.4865571214242592,0.46659134547699177,0.5781840022160902
abrupt,omd_paper_v2_literal,2,97,9,0,0.0,5.403108353434024,0.136250363492523,0.2938457100737465,0.0,0.0,0.45488524117005924,0.48459564993631554,0.5532628407444514,0.5161523538164701,0.523829972851576,0.5144684337692541,0.567253193323473,0.4867626508655079,0.46810813380383626,0.575267464289952
abrupt,omd_paper_v2_literal,2,98,6,1,0.015941344123524215,5.419049697557548,0.1368661633154099,0.30177863655042914,0.0,0.0,0.45673444542912217,0.48535319526956133,0.5512218135830942,0.5151452744796817,0.5226285569804981,0.5139674537004161,0.5648285150940292,0.486966802523597,0.469615305241723,0.5723653428014729
abrupt,omd_paper_v2_literal,2,99,6,1,0.015941344123524215,5.434991041681072,0.1365000906221267,0.30972226703956995,0.0,0.0,0.45639595744349437,0.48598115982539536,0.5530992527627393,0.5146956826507967,0.5230653017241619,0.5151864887588845,0.5670675385695825,0.48640169106093806,0.46901010564990075,0.5741887260067523
abrupt,omd_paper_v2_literal,2,100,6,1,0.015941344123524215,5.450932385804596,0.13614690356867482,0.3176709962995423,0.0,0.0,0.4560598250103899,0.4866048721038185,0.5549623502703008,0.5142491430694093,0.5234990236607896,0.5163970052364605,0.5692885366953071,0.485840480099103,0.4684091366120546,0.5759976401993386
abrupt,omd_paper_v2_literal,2,101,6,1,0.015941344123524215,5.46687372992812,0.13580643051367502,0.3256198637261965,0.0,0.0,0.45572602500246456,0.48722437123909446,0.5568112115222892,0.5138056268873974,0.5239297520340633,0.5175990741871314,0.5714916293002882,0.4852831325834453,0.46781235756910233,0.5777922021911934
abrupt,omd_paper_v2_literal,2,102,6,1,0.015941344123524215,5.482815074051644,0.13547849878168855,0.33356447510564546,0.0,0.0,0.45539453450431483,0.48783969607468103,0.5586459423992632,0.5133651054950313,0.5243575158314632,0.5187927664224222,0.5736769376290881,0.48472961176344215,0.4672197282998669,0.5795725289348012
abrupt,omd_paper_v2_literal,2,103,6,0,0.015941344123524215,5.4987564181751685,0.1351629347896707,0.32286300918823063,0.0,0.0,0.4550653308128507,0.4884508851598765,0.5604666491814625,0.5129275505224385,0.5247823437833101,0.519978152492933,0.5758445842290071,0.48417988119477046,0.4666312089232236,0.5813387374654371
abrupt,omd_paper_v2_literal,2,104,2,1,0.16439841495458574,5.663154833129754,0.13559083457741433,0.32933005672591825,0.0,0.0,0.45550925428432243,0.4876267364670372,0.5580111462094407,0.5135175661884466,0.5242094767602485,0.5183796697711891,0.5729209539150608,0.4849211734280533,0.46742481864235863,0.5789566144280827
abrupt,omd_paper_v2_literal,2,105,2,1,0.16439841495458574,5.82755324808434,0.13602998765272817,0.3358934943946576,0.0,0.0,0.4559197268826812,0.48889289746644765,0.5603435745953289,0.5138605531066739,0.5258236476346636,0.5204123794344027,0.5747872334971599,0.4857828749521185,0.46575696740191225,0.5804831218796886
abrupt,omd_paper_v2_literal,2,106,2,0,0.16439841495458574,5.991951663038925,0.13648185891144285,0.32753316523804377,0.0,0.0,0.45632737847173926,0.49015031493807476,0.5626570025621233,0.5142011203816588,0.5274259581350668,0.5224301572571519,0.5766383108083694,0.48663861360095545,0.4641015765713484,0.5819973953979934
abrupt,omd_paper_v2_literal,2,107,9,1,0.0,5.991951663038925,0.13590736095287137,0.3359556154327525,0.0,0.0,0.4558066003391706,0.48854394617915353,0.5597010512410742,0.5137660319692986,0.5253788570131755,0.5198522575041832,0.5742731231644232,0.4855453933360051,0.46621652919609197,0.5800625900662348
abrupt,omd_paper_v2_literal,2,108,9,1,0.0,5.991951663038925,0.13549534418054432,0.3443297420836953,0.0,0.0,0.45446058036339504,0.48798238824470724,0.5611602143932678,0.5145026127037563,0.5262451400188122,0.520200528605752,0.576006875340837,0.48539832117753473,0.4651294177317583,0.5821482339612588
abrupt,omd_paper_v2_literal,2,109,9,0,0.0,5.991951663038925,0.1350957627302024,0.3326426755884264,0.0,0.0,0.4531241069802789,0.4874245683880469,0.5626086961655306,0.5152342673253895,0.5271055464358819,0.5205464805860466,0.5777273288953562,0.4852522226612333,0.46404981251780375,0.5842172013275153
abrupt,omd_paper_v2_literal,2,110,6,1,0.015941344123524215,6.0078930071624495,0.1356561985150007,0.3404761277460102,0.0,0.0,0.4549898087529467,0.4882032108235461,0.5605865401980993,0.5142129682446787,0.525904502872203,0.5200635773736159,0.5753253182040832,0.4854561552911404,0.4655568727120334,0.581328424900112
abrupt,omd_paper_v2_literal,2,111,6,1,0.015941344123524215,6.0238343512859736,0.13535293521441097,0.3483006860976713,0.0,0.0,0.4546669354389524,0.4888071825218463,0.5623768603937559,0.5137741382205451,0.5263159483159662,0.5212304462192241,0.5774603877896732,0.48490741984862223,0.46498418027177546,0.5830650025754925
abrupt,omd_paper_v2_literal,2,112,6,1,0.015941344123524215,6.039775695409498,0.1350614641970561,0.356113163616099,0.0,0.0,0.4543462580722985,0.48940714939168567,0.564153606436995,0.513338220484557,0.5267246081179334,0.5223892859668455,0.5795783244184465,0.4843623883921204,0.4644154073216228,0.5847879345275646
abrupt,omd_paper_v2_literal,2,113,6,1,0.015941344123524215,6.055717039533022,0.13478161517573375,0.36391072274977676,0.0,0.0,0.45402775523375777,0.4900031482203634,0.5659168827499026,0.5129051876718124,0.5271305091105248,0.5235401645139272,0.5816792503203808,0.48382102592088144,0.4638505163720195,0.5864973347050627
abrupt,omd_paper_v2_literal,2,114,6,1,0.015941344123524215,6.071658383656546,0.13451321746048178,0.3716908361822736,0.0,0.0,0.4537114057082137,0.49059521550160984,0.567666793917287,0.5124750126548541,0.5275336778793461,0.5246831494451629,0.5837632886092705,0.48328329773653905,0.46328947026491474,0.5881933169402656
abrupt,omd_paper_v2_literal,2,115,6,0,0.015941344123524215,6.08759972778007,0.13425610006924968,0.3607683325761827,0.0,0.0,0.45339718848448335,0.4911833874336286,0.5694034446365566,0.5120476685443331,0.527934140763049,0.5258183080189608,0.5858305631925688,0.48274916944410845,0.4627322321745857,0.5898759949049328
abrupt,omd_paper_v2_literal,2,116,2,1,0.16439841495458574,6.251998142734656,0.13462008154827806,0.3672089779045081,0.0,0.0,0.45383871542484605,0.49035693601227265,0.5669627463572497,0.5126481379373072,0.5273714277505862,0.5242231879981839,0.5829249274156374,0.4834997007208485,0.46351525098752033,0.5875110219096187
abrupt,omd_paper_v2_literal,2,117,2,1,0.16439841495458574,6.416396557689241,0.1351117888171619,0.3737178719521606,0.0,0.0,0.45424603634748173,0.4915881929231659,0.5692054388842722,0.5129835745452658,0.5289371326552237,0.5261912819670097,0.5847082094785777,0.4843445906801186,0.4619001057156008,0.5889681813266496
abrupt,omd_paper_v2_literal,2,118,2,1,0.16439841495458574,6.580794972643827,0.13561440718611706,0.3802874349502898,0.0,0.0,0.4546506130994526,0.492811072499131,0.5714298823210892,0.5133166897804711,0.5304914929312637,0.5281450187721837,0.5864770189217564,0.4851837513594927,0.460296873313866,0.5904137639360427
abrupt,omd_paper_v2_literal,2,119,2,1,0.16439841495458574,6.7451933875984125,0.13612747729332222,0.38691065516381257,0.0,0.0,0.45505247157403583,0.49402564179613995,0.5736362013257338,0.5136475063664785,0.532034596850465,0.5300844897353469,0.5882314795109155,0.48601723363600535,0.458705460268896,0.5918478773365565
abrupt,omd_paper_v2_literal,2,120,2,1,0.16439841495458574,6.909591802552998,0.13665055068287957,0.39358105007040606,0.0,0.0,0.455451637450748,0.49523196771529565,0.5758245219119421,0.5139760468203151,0.5335665327122605,0.5320097871044397,0.5899717149296256,0.48684508807402443,0.4571257730288464,0.5932706286116576
abrupt,omd_paper_v2_literal,2,121,2,1,0.16439841495458574,7.073990217507584,0.13718318986533595,0.40029262919093483,0.0,0.0,0.4558481361940002,0.4964301169826341,0.5779949713351645,0.5143023334520157,0.5350873888060967,0.5339210039784655,0.5916978487264146,0.48766736491801405,0.45555771804428624,0.5946821243037195
abrupt,omd_paper_v2_literal,2,122,2,1,0.16439841495458574,7.238388632462169,0.13772496834849063,0.4070398587662783,0.0,0.0,0.45624199305192475,0.4976201561299006,0.580147677982781,0.514626388364289,0.5365972533754271,0.535818234234955,0.5934100042643882,0.4884841140857863,0.45400120180723974,0.596082470389731
abrupt,omd_paper_v2_literal,2,123,2,1,0.16439841495458574,7.402787047416755,0.1382754706406531,0.4138176283933239,0.0,0.0,0.45663323305536835,0.4988021514762673,0.58228277126842,0.5149482334523084,0.5380962145833122,0.537701572460069,0.5951083046732607,0.4892953851622239,0.4524561308884809,0.5974717722584627
abrupt,omd_paper_v2_literal,2,124,2,0,0.16439841495458574,7.567185462371341,0.1388342922284638,0.4043720287305624,0.0,0.0,0.4570218810170413,0.499976169110961,0.584400381530284,0.5152678904036228,0.5395843604795761,0.5395711138812753,0.5967928728037201,0.49010122739345663,0.4509224119731385,0.5988501346890356
abrupt,omd_paper_v2_literal,2,125,2,0,0.16439841495458574,7.731583877325926,0.13805710802606955,0.39513966022255803,0.0,0.0,0.45647907671728805,0.49833643886484646,0.5814419005767278,0.5148214268327999,0.537505699355966,0.5369596560724109,0.5944394377753839,0.48897573456545956,0.45306478650618554,0.5969245679181264
abrupt,omd_paper_v2_literal,2,126,6,0,0.015941344123524215,7.74752522144945,0.13730848474917404,0.38411010276364815,0.0,0.0,0.4559400388267992,0.49670781268658254,0.5784975795281501,0.5143779536204176,0.5354397783073174,0.534363817569572,0.5920975855499296,0.4878579497963467,0.45519442199860505,0.5950090375517759
abrupt,omd_paper_v2_literal,2,127,9,1,0.0,7.74752522144945,0.13762192549174004,0.39199337076406116,0.0,0.0,0.456393593914318,0.4958965393604675,0.5760895092497232,0.5149899858798281,0.5349021322034023,0.5327939990252998,0.5892118090470246,0.4886315077637995,0.45595260309952007,0.5926588056508012
abrupt,omd_paper_v2_literal,2,128,9,1,0.0,7.74752522144945,0.13729478940102943,0.399836708278692,0.0,0.0,0.4550926099405627,0.49533579257761984,0.5774457613221171,0.5157013927016663,0.5357163183804743,0.5330981088361664,0.5908308055805587,0.48848560363418114,0.45492866505264906,0.594623176455233
abrupt,omd_paper_v2_literal,2,129,9,1,0.0,7.74752522144945,0.13697858820281417,0.40763978943630785,0.0,0.0,0.453800573460294,0.49477865239410995,0.5787921629658809,0.5164081756394395,0.5365250962590976,0.5334002446233944,0.5924374743207194,0.4883406368477965,0.4539116688553267,0.5965719578554665
abrupt,omd_paper_v2_literal,2,130,9,0,0.0,7.74752522144945,0.1366731761986884,0.3960853671568544,0.0,0.0,0.45251741028562287,0.49422508568438617,0.5801288003615578,0.5171103765864423,0.5373285150416388,0.5337004252231271,0.5940319198748946,0.4881965984737898,0.45290155296446744,0.5985052710097556
abrupt,omd_paper_v2_literal,2,131,2,1,0.16439841495458574,7.911923636404036,0.13712866865027834,0.402658389683186,0.0,0.0,0.45441824623104343,0.49504503108775155,0.5781485654343433,0.5160702561377256,0.536138426564164,0.533255790307611,0.5916695371441715,0.48840994821866285,0.45439786828365947,0.5956405813892192
abrupt,omd_paper_v2_literal,2,132,2,1,0.16439841495458574,8.076322051358622,0.13766949237372408,0.4092679012806242,0.0,0.0,0.45481477360725125,0.4962263576977673,0.5802737853836777,0.5163887721940007,0.5376304122292571,0.5351338726721736,0.5933566683671114,0.4892210033106145,0.45286099839819677,0.5970164928586711
abrupt,omd_paper_v2_literal,2,133,2,0,0.16439841495458574,8.240720466313208,0.13821875067293216,0.4001334631244973,0.0,0.0,0.45520870186143975,0.49739981375597253,0.5823818279310345,0.5167051417114531,0.5391117380381493,0.5369983903274121,0.5950303218822125,0.4900266823108091,0.4513353112863799,0.5983816789663986
abrupt,omd_paper_v2_literal,2,134,9,1,0.0,8.240720466313208,0.13746110277328719,0.40787720018575296,0.0,0.0,0.45466303951778414,0.4957743290169672,0.5794609380136112,0.516266896722431,0.5370595967456099,0.5344153577088748,0.5927113620444621,0.4889106541362392,0.45344896199247586,0.5964901929440622
abrupt,omd_paper_v2_literal,2,135,9,1,0.0,8.240720466313208,0.13715622079161974,0.4155816830850648,0.0,0.0,0.4533820264777103,0.49521865745040433,0.5807863180951676,0.5169660177905538,0.537855790796108,0.5347086353158254,0.5942954148313965,0.4887644764485407,0.45244687398643973,0.598413554115762
abrupt,omd_paper_v2_literal,2,136,9,0,0.0,8.240720466313208,0.13686183233955185,0.40408611409220185,0.0,0.0,0.4521097420812174,0.4946665187339917,0.58210214595284,0.5176606429266675,0.5386467483590476,0.5350000307265408,0.5958674882811126,0.4886192269560592,0.45145151764691394,0.6003217311100774
abrupt,omd_paper_v2_literal,2,137,4,1,0.33576579883000085,8.57648626514321,0.13730435361090895,0.407459168960949,0.0,0.0,0.4540088827890076,0.4954906037176191,0.580137816729818,0.5166238735602456,0.5374661544423067,0.5345651071887593,0.5935204167437138,0.4888360160946966,0.4529372517979775,0.5974726288574534
abrupt,omd_paper_v2_literal,2,138,4,1,0.33576579883000085,8.912252063973211,0.13840865926461968,0.4110404477883716,0.0,0.0,0.45420951008563865,0.4959677470540884,0.5817277205420439,0.518636619046058,0.5400471395413363,0.535967378914885,0.5939121450973924,0.49119917910759703,0.4504004602387421,0.5983503241207302
abrupt,omd_paper_v2_literal,2,139,4,0,0.33576579883000085,9.248017862803213,0.13951582638582663,0.4068475267046995,0.0,0.0,0.4544086632090218,0.4964413567181242,0.5833041481159993,0.5206338299251605,0.5426068488266457,0.537358682068966,0.5943008482491527,0.4935451940715342,0.44788504185601047,0.5992208828565465
abrupt,omd_paper_v2_literal,2,140,2,1,0.16439841495458574,9.4124162777578,0.1382132527904572,0.4134123394704367,0.0,0.0,0.4541741573241209,0.4958836711036937,0.5814476925980698,0.5182820037792791,0.539592507046001,0.535720331231631,0.5938431289722588,0.49078274467577526,0.45084727415347103,0.5981957147626547
abrupt,omd_paper_v2_literal,2,141,2,1,0.16439841495458574,9.576814692712386,0.1387637512582655,0.42000629111427373,0.0,0.0,0.4545692588934136,0.49705031142072903,0.5835317510627975,0.5185876227198851,0.5410530253462307,0.5375677289357884,0.5954993922836468,0.4915765932205982,0.4493435035500957,0.5995420379210346
abrupt,omd_paper_v2_literal,2,142,2,1,0.16439841495458574,9.741213107666972,0.1393219349526369,0.4266250460577387,0.0,0.0,0.454961801623035,0.49820926065029175,0.5855990616973383,0.5188912047572324,0.5425031773771598,0.5394018766147237,0.5971425407793365,0.49236522872240046,0.44785060370964436,0.6008779622927918
abrupt,omd_paper_v2_literal,2,143,2,0,0.16439841495458574,9.905611522621559,0.13988743936153747,0.4172744151989719,0.0,0.0,0.45535180925986907,0.4993605806609773,0.587649748710293,0.5191927695444429,0.5439430466264679,0.5412228643517311,0.5987726895162643,0.4931486973826255,0.4463684861426977,0.6022035855794903
abrupt,omd_paper_v2_literal,2,144,9,0,0.0,9.905611522621559,0.1390900457907415,0.4059085111447414,0.0,0.0,0.4547996732769159,0.4977306074843015,0.5847456161433853,0.5187658259821925,0.541904345351332,0.5386444936177661,0.596464176678418,0.49203951464660955,0.4484670642375871,0.6003264015641037
abrupt,omd_paper_v2_literal,2,145,4,0,0.33576579883000085,10.24137732145156,0.13952499161047058,0.4019506635048045,0.0,0.0,0.4567007013033689,0.49856193465832477,0.5828048349021102,0.5177378540489941,0.5407424464808942,0.5382257404916934,0.5941331447193766,0.49226696878399523,0.4499329357300528,0.5974923495268077
abrupt,omd_paper_v2_literal,2,146,6,1,0.015941344123524215,10.257318665575085,0.13824754016074597,0.40939540237698524,0.0,0.0,0.4564684825269292,0.4980135281001195,0.5809708613383681,0.5153998074528638,0.5377513975011184,0.5366075025646297,0.5936888078769296,0.4895238252274541,0.4528723316302217,0.5964806533556661
abrupt,omd_paper_v2_literal,2,147,6,1,0.015941344123524215,10.273260009698609,0.1380515519526204,0.4168155415549642,0.0,0.0,0.45616747248763395,0.4985641907039256,0.5825813666333234,0.5149682426328859,0.538095110837463,0.5376606655286045,0.5956277665199012,0.4889856663009863,0.45238031472434387,0.598053055169822
abrupt,omd_paper_v2_literal,2,148,6,0,0.015941344123524215,10.289201353822133,0.13786491227587197,0.40587570853955524,0.0,0.0,0.4558684038516218,0.4991113632012568,0.5841799115275375,0.514539393669191,0.5384366076932334,0.5387068141680836,0.5975514715260226,0.48845094689239194,0.45189151147625206,0.5996134859801359
abrupt,omd_paper_v2_literal,2,149,5,0,0.3216524339139793,10.610853787736112,0.13814311460652137,0.4023730464993082,0.0,0.0,0.45630966060569206,0.49830406640900676,0.5818208082484378,0.5151721094375287,0.5379327509143688,0.537163210306624,0.5947122030163964,0.489239880447307,0.4526127237214035,0.5973105281410456
abrupt,omd_paper_v2_literal,2,150,9,0,0.0,10.610853787736112,0.1369228124801392,0.39110886725799343,0.0,0.0,0.45422264812992175,0.49558926674868403,0.5795233555565085,0.5155555456979675,0.5363292243409755,0.5341850692254035,0.5933691475346264,0.4878463015739061,0.45408121647047084,0.5969549264757014
abrupt,omd_paper_v2_literal,2,151,4,1,0.33576579883000085,10.946619586566113,0.13739291912870416,0.39430520220235815,0.0,0.0,0.4561086213640105,0.4964188040386975,0.577600878154421,0.514533631570403,0.5351781757653974,0.5337766986573864,0.5910610089357774,0.4880712996916817,0.45553445363237566,0.5941433372659082
abrupt,omd_paper_v2_literal,2,152,4,0,0.33576579883000085,11.282385385396115,0.1384717431835428,0.39063632792433695,0.0,0.0,0.4563072353126979,0.49688686759884365,0.5791736426853573,0.516540211293827,0.5377444450674946,0.5351625879853558,0.5914389256954734,0.49042405316299925,0.4530120934834386,0.5950098982817896
abrupt,omd_paper_v2_literal,2,153,6,0,0.015941344123524215,11.298326729519639,0.1372269948671641,0.3799333576664704,0.0,0.0,0.45607788443551595,0.49634636546109756,0.5773573302235421,0.5142230429241913,0.5347808411983404,0.5335621665434312,0.5910025116159418,0.4877072241139864,0.4559250299620643,0.5940091727625836
abrupt,omd_paper_v2_literal,2,154,4,0,0.33576579883000085,11.63409252834964,0.13755031899645348,0.37657185616333216,0.0,0.0,0.4565133529111472,0.49555109342562603,0.5750231967312472,0.5148502152117036,0.5342875947146036,0.532040036018695,0.5881892220004109,0.48848891870137245,0.4566332056394158,0.5917295289610366
abrupt,omd_paper_v2_literal,2,155,5,1,0.3216524339139793,11.95574496226362,0.13634182412064907,0.379427016178301,0.0,0.0,0.45628577215919347,0.4950152722026484,0.5732177884874449,0.5125515744218174,0.5313457669359962,0.530451897655156,0.5877560600791782,0.4857948223163615,0.45952559763956147,0.590735119927375
abrupt,omd_paper_v2_literal,2,156,5,0,0.3216524339139793,12.277397396177598,0.13737572114570135,0.37621194594786606,0.0,0.0,0.45810798033983574,0.4973821301988897,0.5752239354594114,0.5122111046980512,0.5327385801178223,0.5330478714941338,0.5889295273227985,0.48700395324835855,0.45825013662183023,0.5910422743390649
abrupt,omd_paper_v2_literal,2,157,6,1,0.015941344123524215,12.293338740301122,0.1362050248157094,0.38368977105910107,0.0,0.0,0.45604322777018175,0.4947001336991687,0.5729504816764206,0.5125969079428997,0.5311602730601788,0.5301061098267439,0.5875997344026167,0.4856338357516909,0.4596954688320656,0.5906942162030036
abrupt,omd_paper_v2_literal,2,158,6,1,0.015941344123524215,12.309280084424646,0.13596753465457942,0.39114521869351626,0.0,0.0,0.45573709014230435,0.4952504837201641,0.5745756495883868,0.5121598825740087,0.5315014673371646,0.5311628839533318,0.5895593209712439,0.4850869946397663,0.45920410874139583,0.5922834113420199
abrupt,omd_paper_v2_literal,2,159,6,1,0.015941344123524215,12.32522142854817,0.13573981900299437,0.398576882676544,0.0,0.0,0.45543291971055655,0.49579736823076165,0.5761889555756927,0.5117255997578711,0.5318404768982808,0.5322127049955485,0.5915037162098873,0.48454364363905933,0.4587159314472426,0.593860656874307
abrupt,omd_paper_v2_literal,2,160,6,1,0.015941344123524215,12.341162772671694,0.1355217305255869,0.4059835083363403,0.0,0.0,0.4551306980299459,0.4963408181528253,0.5777904930303672,0.5112940347359708,0.5321773220935538,0.5332556313203035,0.5934330324901044,0.4840037511261473,0.45823090742647077,0.5954260525815125
abrupt,omd_paper_v2_literal,2,161,6,1,0.015941344123524215,12.357104116795218,0.13531312211323832,0.4133639771385251,0.0,0.0,0.45483040683190584,0.49688086414953603,0.5793803552149054,0.5108651629662284,0.5325120230813996,0.5342917209519739,0.595347382533346,0.48346728575133663,0.4577490074265733,0.5969796979479509
abrupt,omd_paper_v2_literal,2,162,6,0,0.015941344123524215,12.373045460918743,0.13511384695603187,0.4024946670563556,0.0,0.0,0.45453202802375214,0.49741753662488725,0.5809586352319872,0.5104389601230229,0.5328445998291087,0.5353210315652766,0.5972468793519674,0.48293421643886747,0.4572702024653102,0.5985216921337121
abrupt,omd_paper_v2_literal,2,163,9,1,0.0,12.373045460918743,0.13541030383004604,0.4099795413052052,0.0,0.0,0.45497174709278415,0.49662666841965186,0.5786322245300194,0.5110670310446341,0.5323544859924391,0.5338040792786808,0.5944466728858101,0.483719790460248,0.4579758235876616,0.5962486515331004
abrupt,omd_paper_v2_literal,2,164,9,1,0.0,12.373045460918743,0.13509076829675504,0.41743064700483895,0.0,0.0,0.45370014948795534,0.49605993454996566,0.5799122974145345,0.511758016258843,0.533124621130891,0.5340672751604312,0.5959835850086938,0.48356831032068137,0.4570025264538988,0.5981294323238995
abrupt,omd_paper_v2_literal,2,165,9,1,0.0,12.373045460918743,0.13478141789447498,0.4248475262858064,0.0,0.0,0.4524370253134306,0.49549672059948857,0.5811833784493795,0.5124446775571416,0.5338898303129187,0.5343288222297317,0.5975091153586103,0.48341777131820124,0.45603558225031543,0.5999957081645091
abrupt,omd_paper_v2_literal,2,166,9,1,0.0,12.373045460918743,0.13448212240017304,0.4322297886791098,0.0,0.0,0.4511823064525795,0.4949369953157026,0.5824455448621759,0.5131270528026701,0.5346501570361754,0.5345887357783292,0.5990233595255534,0.4832681647422252,0.4550749362890883,0.6018475904436135
abrupt,omd_paper_v2_literal,2,167,9,1,0.0,12.373045460918743,0.134192751440569,0.4395771042745386,0.0,0.0,0.44993592509304525,0.49438072771518204,0.5836988734363879,0.5138051795508738,0.5354056444459931,0.5348470309491525,0.6005264127324867,0.4831194819671695,0.45412053426791155,0.6036851906516929
abrupt,omd_paper_v2_literal,2,168,9,0,0.0,12.373045460918743,0.13391317455017657,0.42837272172588076,0.0,0.0,0.4486978137385732,0.4938278870836135,0.5849434405009415,0.5144790950487225,0.5361563353343106,0.5351037227369689,0.6020183698139354,0.4829717144520571,0.4531723222737782,0.6055086203334582
abrupt,omd_paper_v2_literal,2,169,6,1,0.015941344123524215,12.388986805042267,0.13434288147727483,0.43553104994206565,0.0,0.0,0.4505868283117505,0.49467126268396727,0.5830443982331064,0.5134510025105488,0.5350110760690928,0.53471212660989,0.5997416075791702,0.4831971380880255,0.4546189734861378,0.6027257800686576
abrupt,omd_paper_v2_literal,2,170,6,1,0.015941344123524215,12.40492814916579,0.134166471137971,0.44266502454538537,0.0,0.0,0.45030256030377797,0.49520467142641617,0.5845873827607668,0.51302566702385,0.5353330567187357,0.5357250448646222,0.6015965668310254,0.4826726297957953,0.4541546115251573,0.6042250756503822
abrupt,omd_paper_v2_literal,2,171,6,1,0.015941344123524215,12.420869493289315,0.13399883240395863,0.44977376182096046,0.0,0.0,0.4500200759063469,0.49573480448618557,0.5861192190353753,0.5126029334715759,0.5356530243667558,0.536731430291325,0.6034372115433255,0.4821513909898072,0.4536931896514502,0.6057131948232344
abrupt,omd_paper_v2_literal,2,172,6,0,0.015941344123524215,12.436810837412839,0.1338398224396374,0.43894775408955294,0.0,0.0,0.4497393585027852,0.496261690885465,0.5876399976146215,0.5121827785536802,0.5359709976431924,0.5377313379566209,0.6052636534586473,0.481633392200483,0.4532346807166618,0.6071902339045736
abrupt,omd_paper_v2_literal,2,173,9,1,0.0,12.436810837412839,0.1340851703269979,0.4461875587531349,0.0,0.0,0.4501671699210072,0.4954587471680211,0.5853217522598689,0.5128230656889233,0.535486411344872,0.5362074122936636,0.6024790950194348,0.4824228107582513,0.45393345586357786,0.6049385296580609
abrupt,omd_paper_v2_literal,2,174,9,1,0.0,12.436810837412839,0.13381292320447102,0.4533938931278028,0.0,0.0,0.44893800112656596,0.4949066760750325,0.5865496318410303,0.5134949768358142,0.536230854945089,0.536457430746149,0.6039502495874572,0.4822785540829702,0.4529934619926632,0.6067413256994569
abrupt,omd_paper_v2_literal,2,175,9,0,0.0,12.436810837412839,0.1335501338060535,0.44226392084834115,0.0,0.0,0.4477169070717779,0.49435796656535497,0.5877689967515635,0.514162763339526,0.5369706222177534,0.5367059142376295,0.6054106173965041,0.48213517550434315,0.45205950289467606,0.6085303078972243
abrupt,omd_paper_v2_literal,2,176,6,0,0.015941344123524215,12.452752181536363,0.1339594421395741,0.4315871622793433,0.0,0.0,0.44960384921488544,0.49520576916497494,0.5858845383192365,0.5131309626626689,0.535827558928571,0.5363219809737116,0.6031534565298163,0.4823567073928079,0.45350267957420565,0.6057649857227936
abrupt,omd_paper_v2_literal,2,177,9,1,0.0,12.452752181536363,0.13421526220427804,0.43883767359583886,0.0,0.0,0.4500225280962823,0.4944037505055709,0.5835820219341094,0.5137717871417546,0.5353495989982885,0.5348064836665456,0.600386185860622,0.4831414344068374,0.45419269613692315,0.6035319858001408
abrupt,omd_paper_v2_literal,2,178,9,1,0.0,12.452752181536363,0.13393805874535034,0.44605416761118216,0.0,0.0,0.44879499589560723,0.4938515984558201,0.5848082962462037,0.5144434837689216,0.5360929412020171,0.5350551158657657,0.6018562426080829,0.48299794776291416,0.4532541093248569,0.6053333963843519
abrupt,omd_paper_v2_literal,2,179,9,1,0.0,12.452752181536363,0.13367029373615494,0.4532364055053664,0.0,0.0,0.4475754967308253,0.4933027966790316,0.5860261228933461,0.5151110711479925,0.5368316341677866,0.5353022288765977,0.6033156008551361,0.48285533066437614,0.45232152149744803,0.6071210940377013
abrupt,omd_paper_v2_literal,2,180,9,0,0.0,12.452752181536363,0.13341184163815545,0.44212565704219536,0.0,0.0,0.4463639660846194,0.49275731581436727,0.5872355742961408,0.5157745848402303,0.5375657185139634,0.5355478365817845,0.6047643508841949,0.4827135751833134,0.4513948814062413,0.6088951860691878
abrupt,omd_paper_v2_literal,2,181,9,1,0.0,12.452752181536363,0.1338150538441957,0.4492990591506596,0.0,0.0,0.4482390901734254,0.49360146135444466,0.5853634918471055,0.514747766090651,0.5364296456320693,0.5351677482158995,0.6025216213082663,0.48293294479644533,0.4528290094238197,0.6061485534237675
abrupt,omd_paper_v2_literal,2,182,9,1,0.0,12.452752181536363,0.13355253421178034,0.4564383745864188,0.0,0.0,0.4470278693670612,0.4930562653964238,0.5865728619869557,0.5154109518689501,0.537163422413308,0.5354132330253605,0.6039705872781087,0.4827912641516505,0.45190268662014643,0.6079232453858344
abrupt,omd_paper_v2_literal,2,183,9,0,0.0,12.452752181536363,0.1332992000576923,0.4453569248709244,0.0,0.0,0.4458245273542219,0.4925143518898429,0.5877739532153585,0.5160701109419937,0.5378926438984197,0.5356572302133121,0.6054090664508209,0.48265043501039706,0.4509822432409091,0.6096844838130872
abrupt,omd_paper_v2_literal,2,184,4,0,0.33576579883000085,12.788517980366365,0.13369581087298543,0.44246611663243063,0.0,0.0,0.4476932252994105,0.4933557887432247,0.5859085741757178,0.5150466106803641,0.5367603123713435,0.5352783681968029,0.603174763760075,0.48286910176625075,0.4524115584436472,0.6069485968121813
abrupt,omd_paper_v2_literal,2,185,6,1,0.015941344123524215,12.804459324489889,0.13241025789445057,0.44941901243392307,0.0,0.0,0.44745268789148274,0.492818715068957,0.5841375553315413,0.5127479236144993,0.5338263639794201,0.5337002227589502,0.6027746505518665,0.48016812390447877,0.45529072972227175,0.6059939533021199
abrupt,omd_paper_v2_literal,2,186,6,1,0.015941344123524215,12.820400668613413,0.13224700988581786,0.45634909305188515,0.0,0.0,0.44718811572665923,0.49335070186014435,0.5856406704321317,0.5123202828455737,0.5341338726311108,0.5346947532135891,0.6045787735096533,0.4796530215007833,0.4548453752129336,0.6074440858637584
abrupt,omd_paper_v2_literal,2,187,6,1,0.015941344123524215,12.836342012736937,0.1320921579608069,0.4632555450367552,0.0,0.0,0.44692517078005467,0.49387949124231323,0.58713313058402,0.511895206455069,0.5344394987260752,0.5356830050522878,0.6063691850916344,0.47914107234005493,0.4544027814899305,0.60888358656813
abrupt,omd_paper_v2_literal,2,188,6,1,0.015941344123524215,12.852283356860461,0.13194556592291537,0.47013763502790595,0.0,0.0,0.4466638381177531,0.49440511101456913,0.5886150213752742,0.5114726718689195,0.5347432594045857,0.5366650302529875,0.6081459920790424,0.47863224839908336,0.4539629234656431,0.6103125465651984
abrupt,omd_paper_v2_literal,2,189,6,1,0.015941344123524215,12.868224700983985,0.13180709820955483,0.4769947029005507,0.0,0.0,0.44640410295297234,0.4949275887360316,0.5900864280958397,0.511052656716032,0.5350451716408968,0.5376408804500895,0.6099093012011543,0.47812652190787785,0.45352577629100976,0.6117310565387222
abrupt,omd_paper_v2_literal,2,190,6,1,0.015941344123524215,12.88416604510751,0.13167661994519433,0.4838261555556234,0.0,0.0,0.4461459506452528,0.49544695172609104,0.5915474357188358,0.5106351388277589,0.5353452522440724,0.5386106069305706,0.6116592190972189,0.4776238653490278,0.4530913153545249,0.6131392066914124
abrupt,omd_paper_v2_literal,2,191,6,0,0.015941344123524215,12.900107389231033,0.1315539969925612,0.47305853155109917,0.0,0.0,0.44588936669961754,0.495963227064759,0.5929981288827847,0.5102200962373072,0.535643517858849,0.5395742606304105,0.61339585228002,0.4771242514569809,0.45265951628117557,0.6145370867309579
abrupt,omd_paper_v2_literal,2,192,6,1,0.015941344123524215,12.916048733354557,0.13175060871522803,0.479878531965297,0.0,0.0,0.4462940620117378,0.495148965891035,0.5907093784984837,0.5108746916050226,0.5351730840864815,0.5380542615319541,0.6106555524261367,0.4779122591180813,0.4533405786599359,0.6123315100650413
abrupt,omd_paper_v2_literal,2,193,6,1,0.015941344123524215,12.931990077478082,0.1316239624405154,0.48667288373375034,0.0,0.0,0.4460375644239361,0.4956650286361032,0.5921604139823676,0.5104598239179202,0.53547124465882,0.5390176960882833,0.612393132892276,0.4774128197008015,0.45290891199309585,0.6137299091247899
abrupt,omd_paper_v2_literal,2,194,6,1,0.015941344123524215,12.947931421601606,0.13150505537686022,0.49344108519499474,0.0,0.0,0.4457826171592411,0.496178038647383,0.5936012493517868,0.5100474034312099,0.535767611065309,0.5399751256022229,0.6141175749608457,0.47691638830323685,0.4524798766647921,0.6151181541512851
abrupt,omd_paper_v2_literal,2,195,6,0,0.015941344123524215,12.96387276572513,0.1313937560450321,0.482662158259994,0.0,0.0,0.4455292060916534,0.4966880223590462,0.5950319677763721,0.5096374087122589,0.5360621995306517,0.5409265999273719,0.6158289836866019,0.4764229383247035,0.4520534489096183,0.6164963331063312
abrupt,omd_paper_v2_literal,2,196,6,1,0.015941344123524215,12.979814109848654,0.13157437330170643,0.48941992127716116,0.0,0.0,0.4459330441217822,0.4958753385216432,0.5927512845428794,0.5102907518407456,0.5355927445381551,0.5394102341603375,0.6131004195834207,0.47720929980239,0.45273301839223734,0.6142992519563883
abrupt,omd_paper_v2_literal,2,197,6,0,0.015941344123524215,12.995755453972178,0.13145902459472772,0.4787036844006164,0.0,0.0,0.4456796988147189,0.4963851515991606,0.5941824837017348,0.5098808985649964,0.5358872519305032,0.540361572521667,0.6148129526804813,0.4767159836194676,0.45230668799017215,0.6156780823670909
abrupt,omd_paper_v2_literal,2,198,5,0,0.3216524339139793,13.317407887886157,0.13164525676568292,0.47592767992721363,0.0,0.0,0.4460817072257668,0.49557621030913784,0.5919107953690182,0.5105312262938846,0.5354199311527609,0.5388519035163051,0.6120942866481619,0.47749877317030054,0.45298319950919047,0.613489368788983
abrupt,omd_paper_v2_literal,2,199,9,1,0.0,13.317407887886157,0.13036000501879796,0.48278267800865055,0.0,0.0,0.4439956996619522,0.49288191291375183,0.5896891216600718,0.5109147942592265,0.5338428191378026,0.5359168940142341,0.6108321328679934,0.4761066634148755,0.45442011081215544,0.6131917840418663
abrupt,omd_paper_v2_literal,2,200,9,1,0.0,13.317407887886157,0.1301226978957481,0.4896073460229638,0.0,0.0,0.4428171675498214,0.49234018531091445,0.590844221984997,0.5115690088161373,0.5345546579589604,0.5361407392059997,0.6122109819605189,0.4759746623123897,0.4535220195213883,0.61489357492677
abrupt,omd_paper_v2_literal,2,201,9,1,0.0,13.317407887886157,0.12989407442918832,0.49640147358949055,0.0,0.0,0.4416461666563007,0.4918016441859162,0.5919915728320364,0.5122193574886933,0.5352621936403257,0.536363260657076,0.6135799868162176,0.4758434366325631,0.4526294810634118,0.6165826307087215
abrupt,omd_paper_v2_literal,2,202,9,0,0.0,13.317407887886157,0.12967401625196354,0.48546632706754994,0.0,0.0,0.44048263679356287,0.4912662621487186,0.5931312403928417,0.5128658729797411,0.5359654630323175,0.5365844702334404,0.6149392314506972,0.47571297943524554,0.45174244884505005,0.6182590531166695
abrupt,omd_paper_v2_literal,2,203,9,1,0.0,13.317407887886157,0.13003188946182054,0.492253181864598,0.0,0.0,0.4423564254528778,0.4921283239105454,0.5912957024936321,0.5118248573151969,0.5348330154780281,0.5362282796817102,0.612749753914384,0.4759230384320895,0.4531708636712537,0.6155583733465467
abrupt,omd_paper_v2_literal,2,204,9,1,0.0,13.317407887886157,0.12980748380621912,0.4990096559623341,0.0,0.0,0.4411927922507914,0.4915930633631315,0.5924356922237639,0.5124712372696989,0.535536195918856,0.5364494430021559,0.614109744261949,0.4757926116561297,0.4522838676935232,0.6172360771577131
abrupt,omd_paper_v2_literal,2,205,9,0,0.0,13.317407887886157,0.1295915328068996,0.488105085074464,0.0,0.0,0.4400365502572612,0.49106092742932134,0.5935680823861877,0.5131138256732917,0.5362351565777754,0.5366693089493423,0.6154600807380163,0.4756629448720734,0.4514023182914167,0.6189012826501273
abrupt,omd_paper_v2_literal,2,206,9,1,0.0,13.317407887886157,0.12994374697852945,0.4948545494800502,0.0,0.0,0.44190373496656554,0.49192012317327666,0.5917392379436291,0.5120762824072532,0.5351065458585094,0.5363143065455139,0.6132789550524854,0.4758723063690713,0.4528258161260832,0.6162112734080152
abrupt,omd_paper_v2_literal,2,207,9,1,0.0,13.317407887886157,0.12972345983449501,0.5015737973637674,0.0,0.0,0.4407473631497684,0.49138809679567486,0.5928719749896264,0.5127187497912634,0.5358054331788947,0.5365341310501173,0.6146300662452067,0.47574266716061825,0.4519442831534897,0.6178777971744122
abrupt,omd_paper_v2_literal,2,208,9,1,0.0,13.317407887886157,0.12951151882547682,0.508262679891786,0.0,0.0,0.4395983040816676,0.49085916116934086,0.5939971947205043,0.5133574665214439,0.5365001464022497,0.536752672420869,0.6159716280676372,0.4756137796068438,0.4510681381365479,0.6195319554198003
abrupt,omd_paper_v2_literal,2,209,9,0,0.0,13.317407887886157,0.12930780863240987,0.49736185654509235,0.0,0.0,0.43845649952750754,0.49033328994066483,0.5951149610344753,0.5139924640893099,0.5371907210089645,0.5369699420540432,0.6173037217861551,0.47548563704254465,0.45019733614785246,0.6211738471476217
abrupt,omd_paper_v2_literal,2,210,6,1,0.015941344123524215,13.333349232009681,0.12964351571266414,0.5038859695165687,0.0,0.0,0.44031834220580757,0.4911906417676348,0.5932921363825123,0.5129571889729898,0.536064787391622,0.5366157146196504,0.6151310789211692,0.47569455280448775,0.4516171813565259,0.6184956196379332
abrupt,omd_paper_v2_literal,2,211,6,1,0.015941344123524215,13.349290576133205,0.12953529223492502,0.5103878817633868,0.0,0.0,0.44008152084251645,0.491701538903116,0.594695113185002,0.5125426292205748,0.536346847900255,0.5375555647096959,0.6168081058064258,0.4752062542417304,0.4512068021253934,0.6198357927240845
abrupt,omd_paper_v2_literal,2,212,6,1,0.015941344123524215,13.36523192025673,0.12943434376639892,0.5168670770965926,0.0,0.0,0.43984609845327494,0.49220949352745125,0.5960884308794885,0.512130453961486,0.5366272513416224,0.5384897056292443,0.6184726663642319,0.47472083145155414,0.4507988660601288,0.6211663935509818
abrupt,omd_paper_v2_literal,2,213,6,1,0.015941344123524215,13.381173264380253,0.12934054607747683,0.5233230879053307,0.0,0.0,0.4396120624996267,0.49271453056428355,0.597472167494269,0.5117206427383274,0.5369060124385767,0.539418183835766,0.6201248602066699,0.47423825942723036,0.45039335146216464,0.6224875049019741
abrupt,omd_paper_v2_literal,2,214,6,0,0.015941344123524215,13.397114608503777,0.12925377579368513,0.5127785005248783,0.0,0.0,0.43937940056795416,0.49321667471885544,0.5988464006846435,0.5113131752798701,0.5371831457698708,0.5403410454581852,0.6217647866825562,0.4737585133925929,0.4499902368424697,0.6237992090332524
abrupt,omd_paper_v2_literal,2,215,9,1,0.0,13.397114608503777,0.12939894851230818,0.5193420317466936,0.0,0.0,0.4397596823154222,0.4923959663884553,0.5965995267402678,0.51197914136903,0.5367301808843077,0.5388325587726149,0.6190830268722264,0.47454264599641965,0.45064913039917404,0.6216543975570413
abrupt,omd_paper_v2_literal,2,216,9,1,0.0,13.397114608503777,0.12920523379303173,0.5258767873739735,0.0,0.0,0.43862872607882597,0.4918715523984244,0.5976976534959747,0.5126112515030706,0.5374133020124386,0.5390425226428098,0.6203903288368224,0.47441838478044546,0.4497881228458466,0.623271351784468
abrupt,omd_paper_v2_literal,2,217,9,0,0.0,13.397114608503777,0.12901939476927807,0.5150575239431586,0.0,0.0,0.43750482758651466,0.49135013579920933,0.5987885701400711,0.5132397300745499,0.5380924024968538,0.53925127978828,0.6216884727601936,0.47429483274313844,0.4489323055861164,0.6248764014463049
abrupt,omd_paper_v2_literal,2,218,5,0,0.3216524339139793,13.718767042417756,0.12933088283685,0.5126099485247126,0.0,0.0,0.4393667429787935,0.4922137952452813,0.5969811007039447,0.5121987261309564,0.5369674969895629,0.5389054968891726,0.6195373498417034,0.47449948019034577,0.45035000268712855,0.6222163984384662
abrupt,omd_paper_v2_literal,2,219,9,1,0.0,13.718767042417756,0.12802257433325145,0.5191686193256736,0.0,0.0,0.43728551355469264,0.4895254822861878,0.5947834635178787,0.5125816347598751,0.535397765814514,0.5359813731678555,0.6183002266754468,0.47310748028286703,0.4517776753580514,0.6219349751844435
abrupt,omd_paper_v2_literal,2,220,9,1,0.0,13.718767042417756,0.12782770736803845,0.5256979403543061,0.0,0.0,0.4361613295917898,0.48900344671906654,0.5958774166693722,0.5132106033603443,0.5360775411244206,0.5361900898421532,0.6196018819503546,0.4729836955877314,0.45092076289179617,0.6235433633194539
abrupt,omd_paper_v2_literal,2,221,9,1,0.0,13.718767042417756,0.12764072396714438,0.5321978229087456,0.0,0.0,0.4350441542201221,0.48848438758245655,0.5969642383375975,0.5138359730155316,0.5367533387004012,0.5363976134374033,0.6208944723332862,0.47286061431618104,0.4500689856946239,0.6251399590241067
abrupt,omd_paper_v2_literal,2,222,9,1,0.0,13.718767042417756,0.12746151313163476,0.5386681999309422,0.0,0.0,0.4339339317799759,0.4879682797903094,0.5980439887610299,0.514457773563971,0.537425191939242,0.5366039544078685,0.6221780749490333,0.4727382303112852,0.44922230140608116,0.6267248574211514
abrupt,omd_paper_v2_literal,2,223,9,1,0.0,13.718767042417756,0.12728996420926736,0.545109024259208,0.0,0.0,0.43283060695819175,0.4874550984807769,0.5991167277333233,0.5150760345908894,0.5380931339511101,0.536809123104677,0.6234527664196238,0.4726165374769873,0.44838066799805554,0.6282981532906631
abrupt,omd_paper_v2_literal,2,224,9,1,0.0,13.718767042417756,0.1271259669306692,0.5515202670275435,0.0,0.0,0.4317341247921793,0.48694481901526193,0.6001825146011373,0.5156907854288357,0.5387571975602974,0.5370131297765749,0.6247186228581104,0.47249552977765397,0.44754404377509094,0.6298599410506243
abrupt,omd_paper_v2_literal,2,225,9,1,0.0,13.718767042417756,0.1269694114446152,0.557901916197998,0.0,0.0,0.4306444306736304,0.48643741697742005,0.6012414082622397,0.5163020551583849,0.5394174153060465,0.5372159845706878,0.6259757198628378,0.47237520123761906,0.4467123873745587,0.6314103147384635
abrupt,omd_paper_v2_literal,2,226,9,1,0.0,13.718767042417756,0.12682018835238829,0.5642539752137489,0.0,0.0,0.42956147035193976,0.48593286817211506,0.6022934671638741,0.51690987260891,0.5400738194434578,0.5374176975332915,0.6272241325121707,0.4722555459407223,0.44588565776668765,0.6329493679935196
abrupt,omd_paper_v2_literal,2,227,9,1,0.0,13.718767042417756,0.12667818874120193,0.57057646176185,0.0,0.0,0.4284851899373459,0.48543114862433034,0.6033387493013818,0.5175142663594223,0.5407264419444702,0.537618278610592,0.6284639353596639,0.47213655802984306,0.44506381425446273,0.6344771940404009
abrupt,omd_paper_v2_literal,2,228,9,0,0.0,13.718767042417756,0.12654330421666882,0.5595942626235821,0.0,0.0,0.42741553590380166,0.48493223457803813,0.604377312217068,0.5181152647394746,0.5413753144989136,0.537817737649511,0.6296952024296609,0.4720182317064307,0.44424681647339515,0.6359938856732097
abrupt,omd_paper_v2_literal,2,229,9,1,0.0,13.718767042417756,0.12678172004033977,0.5659145036715303,0.0,0.0,0.4292745619769333,0.48579915052342737,0.6025721402083183,0.5170709563743611,0.5402477654207414,0.5374711562060215,0.6275547205222576,0.4722238337941621,0.4456665965880603,0.6333568163209075
abrupt,omd_paper_v2_literal,2,230,9,1,0.0,13.718767042417756,0.12664214008164879,0.5722054023334042,0.0,0.0,0.4282041025860834,0.48530006981817836,0.6036116938067648,0.5176721671444336,0.540896928840162,0.5376706821599001,0.6287875792811893,0.4721054707367214,0.44484914159758343,0.6348759229438753
abrupt,omd_paper_v2_literal,2,231,9,1,0.0,13.718767042417756,0.12650959335100845,0.5784669922560401,0.0,0.0,0.42714020567011446,0.48480376728391655,0.6046445938219154,0.5182700155138196,0.5415423788294897,0.5378690970941477,0.6300119858958712,0.47198776277172505,0.44403648529814804,0.636384003309888
abrupt,omd_paper_v2_literal,2,232,9,1,0.0,13.718767042417756,0.12638397336973312,0.5846993187114968,0.0,0.0,0.4260828187649223,0.4843102197043949,0.6056708965798213,0.5188645291823346,0.5421841463703686,0.5380664106217713,0.6312280128888145,0.47187070423848915,0.4432285881954134,0.6378811486066835
abrupt,omd_paper_v2_literal,2,233,9,1,0.0,13.718767042417756,0.126265174238434,0.5909024376708732,0.0,0.0,0.42503188977010314,0.4838194040764072,0.6066906579586233,0.5194557356063113,0.5428222621691611,0.5382626322597615,0.6324357322529472,0.4717542895329606,0.44242541112161743,0.6393674495658673
abrupt,omd_paper_v2_literal,2,234,9,0,0.0,13.718767042417756,0.12615309066573538,0.5798977141042831,0.0,0.0,0.42398736695097566,0.48333129760856236,0.6077039333881479,0.5200436619996659,0.5434567566581854,0.5384577714298832,0.6336352154485437,0.4716385131072446,0.44162691523498243,0.6408429964500041
abrupt,omd_paper_v2_literal,2,235,9,0,0.0,13.718767042417756,0.12635615192049865,0.5689683969769154,0.0,0.0,0.42584142963907484,0.48419750872309936,0.6059051508756781,0.5190002953889022,0.5423306921809374,0.5381114709522457,0.6315054932177163,0.4718439711185004,0.443044124506565,0.6382226893403988
abrupt,omd_paper_v2_literal,2,236,9,1,0.0,13.718767042417756,0.1265770011828146,0.5751979361789414,0.0,0.0,0.4276874409020887,0.4850590850434929,0.6041133373449977,0.517962460528922,0.5412103461742052,0.5377670245841523,0.6293823010978036,0.4720483169146705,0.44445451692729393,0.6356085082845123
abrupt,omd_paper_v2_literal,2,237,9,1,0.0,13.718767042417756,0.1264487729060384,0.581398626008859,0.0,0.0,0.42663466829944346,0.4845678371693304,0.6051353042693051,0.5185542123905331,0.5418491748443766,0.5379634186876661,0.6305934798364576,0.47193180589023725,0.4436502559194246,0.6371000026730878
abrupt,omd_paper_v2_literal,2,238,9,1,0.0,13.718767042417756,0.12632731761507163,0.5875705157890613,0.0,0.0,0.42558828354357825,0.4840792920966664,0.6061507991964578,0.5191426924955905,0.5424843907574156,0.5381587323869861,0.6317964385310937,0.47181593191728133,0.4428506642853227,0.6385807686965448
abrupt,omd_paper_v2_literal,2,239,9,0,0.0,13.718767042417756,0.12621253206177674,0.5766584622949219,0.0,0.0,0.42454823587058227,0.4835934274359548,0.6071598765449967,0.5197279275728381,0.5431160238046054,0.5383529749416647,0.6329912473152212,0.4717006895433814,0.4420557038858679,0.6400508948378594
abrupt,omd_paper_v2_literal,2,240,6,1,0.015941344123524215,13.73470838654128,0.12641961060267168,0.5825926136581112,0.0,0.0,0.42638806517379024,0.4844527260857739,0.6053746518720179,0.5186928716405591,0.5419988533696662,0.5380094385147866,0.6308770613515219,0.47190450400791106,0.44346183394216665,0.6374491283473265
abrupt,omd_paper_v2_literal,2,241,6,0,0.015941344123524215,13.750649730664804,0.1263753721512931,0.5724490958253102,0.0,0.0,0.42619208521446744,0.4849510144664127,0.6066681000335857,0.5182822493915458,0.5422484953092965,0.5388970952516581,0.6324139666722267,0.4714422834345758,0.4430953148787807,0.6386579594527856
abrupt,omd_paper_v2_literal,2,242,4,0,0.33576579883000085,14.086415529494806,0.12645462462493284,0.5701958741851432,0.0,0.0,0.42652740689107926,0.48409849763663454,0.6044542036949021,0.5189847791949322,0.5418213630772464,0.5373782315101997,0.6297828131524885,0.47223313892802304,0.4437224400883333,0.6365886770250855
abrupt,omd_paper_v2_literal,2,243,6,0,0.015941344123524215,14.10235687361833,0.12501486951662272,0.5601350027666044,0.0,0.0,0.4262586720798814,0.48355186227535074,0.6027397306086634,0.5166837913483598,0.5388936377676128,0.5358069980798518,0.6294399361627057,0.4695129772358719,0.4465837072014727,0.6357098317293978
abrupt,omd_paper_v2_literal,2,244,9,1,0.0,14.10235687361833,0.1251188094565596,0.5663536451247254,0.0,0.0,0.4265920330532767,0.48270483969282313,0.6005322903053951,0.5173828014374942,0.5384694153563069,0.534296435119953,0.6268162652184162,0.47029936972160574,0.447207223583584,0.6336462575094426
abrupt,omd_paper_v2_literal,2,245,9,1,0.0,14.10235687361833,0.12497891314651842,0.5725436095311663,0.0,0.0,0.42554054893916554,0.4822119210509114,0.6015524073788068,0.5179750095667035,0.5391067991506545,0.5344894796684244,0.6280256046004935,0.47018335682268003,0.446404363113063,0.6351367600609851
abrupt,omd_paper_v2_literal,2,246,9,0,0.0,14.10235687361833,0.12484589275895966,0.5617609882932363,0.0,0.0,0.4244954200853243,0.48172170301332295,0.6025661325895497,0.5185639642738074,0.5397406084252334,0.534681469763375,0.6292268146013774,0.47006797465025546,0.44560612265262806,0.6366166347278082
abrupt,omd_paper_v2_literal,2,247,4,1,0.33576579883000085,14.438122672448332,0.1250816242622198,0.5636723531091135,0.0,0.0,0.42631695428567096,0.4825759141869,0.6007991852024512,0.5175376974708841,0.5386361344736118,0.5343469266598171,0.6271327201980222,0.47026902639145457,0.4469972097315587,0.634036344909956
abrupt,omd_paper_v2_literal,2,248,4,1,0.33576579883000085,14.773888471278333,0.12630012057954465,0.5657406725499321,0.0,0.0,0.4265475741528674,0.48304134987609004,0.6022566009206434,0.5194921793859263,0.5411236380964473,0.5356824093587413,0.6274220297987638,0.4725817428617407,0.44456627085116107,0.6347814967557318
abrupt,omd_paper_v2_literal,2,249,4,0,0.33576579883000085,15.109654270108335,0.1275181761221248,0.5633131795280986,0.0,0.0,0.4267765718586969,0.48350347705739066,0.6037017738743161,0.5214320559283073,0.5435912783441407,0.5370078093702885,0.627709174532545,0.47487903988351016,0.44215538581260616,0.6355206670229608
abrupt,omd_paper_v2_literal,2,250,9,1,0.0,15.109654270108335,0.1260787075666334,0.569500474720366,0.0,0.0,0.4265057853720344,0.4829570145810816,0.601992662940997,0.5191380859651799,0.5406730714035276,0.5354404683564808,0.6273696160588327,0.4721626075888995,0.4450065435265597,0.6346465291809844
abrupt,omd_paper_v2_literal,2,251,9,1,0.0,15.109654270108335,0.12594526611261075,0.5756590423960879,0.0,0.0,0.42546114529726725,0.4824667726005855,0.6030026364208323,0.5197234588507281,0.5413022908540146,0.5356303159431771,0.6285696642641638,0.47204415838777514,0.44421321016790294,0.6361242246246129
abrupt,omd_paper_v2_literal,2,252,9,0,0.0,15.109654270108335,0.12581851484997214,0.564885221255712,0.0,0.0,0.4244227823983047,0.4819792003215045,0.6040063089208081,0.5203056302471247,0.5419279961176062,0.5358191324023192,0.6297616880903495,0.4719263492569416,0.44342442490599726,0.6375914307898792
abrupt,omd_paper_v2_literal,2,253,4,1,0.33576579883000085,15.445420068938336,0.12604422330321066,0.5669071579826926,0.0,0.0,0.4262402304033518,0.4828324177737342,0.6022494276335257,0.5192868619289658,0.5408329981806067,0.535488718577781,0.6276747544634008,0.4721325037503317,0.44480489328952116,0.6350223231457173
abrupt,omd_paper_v2_literal,2,254,4,0,0.33576579883000085,15.781185867768338,0.12725915772318752,0.56453703289692,0.0,0.0,0.4264706180284429,0.4832941614162966,0.6036883319019661,0.5212199236202611,0.5432923652115981,0.5368099160791876,0.627958558633173,0.4744230670513243,0.44240242433838795,0.635756138973142
abrupt,omd_paper_v2_literal,2,255,6,1,0.015941344123524215,15.797127211891862,0.12582505512164371,0.5704199197600788,0.0,0.0,0.42619850822397803,0.48274879429913026,0.6019886371265564,0.5189367008439538,0.5403873648021617,0.5352493821076743,0.62762334514915,0.4717177814944309,0.4452402849137386,0.6348893542028864
abrupt,omd_paper_v2_literal,2,256,6,0,0.015941344123524215,15.813068556015386,0.1257661696260025,0.5605036006424017,0.0,0.0,0.4260083564917042,0.48325204511512027,0.6032836197236571,0.518518184876694,0.5406314237466057,0.5361391788941089,0.6291646726564282,0.4712517379235455,0.4448796784908222,0.636096817424757
abrupt,omd_paper_v2_literal,2,257,4,0,0.33576579883000085,16.148834354845388,0.12586895008382545,0.5583779464489674,0.0,0.0,0.42632920798262314,0.48240294131681977,0.6010977943929641,0.5192243222857996,0.5402196172214131,0.5346377138888609,0.6265625161246317,0.4720381116200366,0.44548815523003366,0.6340585053109016
abrupt,omd_paper_v2_literal,2,258,6,1,0.015941344123524215,16.164775698968914,0.12446000299613827,0.5642691742413194,0.0,0.0,0.42605902966687936,0.4818619940817563,0.5994078036472362,0.516957127526387,0.5373334809022801,0.533088364033213,0.6262302101687058,0.4693540891742417,0.4483085497200231,0.6331971906083486
abrupt,omd_paper_v2_literal,2,259,6,1,0.015941344123524215,16.18071704309244,0.12439223782493972,0.5701443876694201,0.0,0.0,0.4258686683967534,0.4823655894180106,0.600706617731665,0.5165377437878844,0.5375775738928257,0.5339793260538256,0.6277753321243507,0.4688874494866393,0.4479475414000966,0.6344080715610195
abrupt,omd_paper_v2_literal,2,260,6,1,0.015941344123524215,16.196658387215965,0.12433078711114572,0.5760030990612436,0.0,0.0,0.4256793751850661,0.482866452413356,0.6019968899249503,0.5161206419707051,0.5378203074301761,0.5348651762067244,0.6293093767288809,0.4684234285092915,0.44758857166777166,0.6356106142209516
abrupt,omd_paper_v2_literal,2,261,6,1,0.015941344123524215,16.21259973133949,0.12427554118710102,0.5818448571540378,0.0,0.0,0.42549114079905004,0.483364605106429,0.6032786879259859,0.5157058033609878,0.5380616931422811,0.5357459543158293,0.6308324325527013,0.4679620042614993,0.447231623062156,0.6368048904633203
abrupt,omd_paper_v2_literal,2,262,6,1,0.015941344123524215,16.228541075463017,0.12422639126025892,0.5876692448131489,0.0,0.0,0.4253039560971609,0.4838600693479117,0.6045520790593855,0.5152932094113889,0.5383017425443863,0.5366216999236182,0.6323445878049895,0.4675031549644227,0.44687667829018557,0.6379909716347916
abrupt,omd_paper_v2_literal,2,263,6,1,0.015941344123524215,16.244482419586543,0.1241832294402146,0.5934758769032233,0.0,0.0,0.4251178120283579,0.4843528668012362,0.605817130268675,0.5148828417402419,0.538540467039864,0.5374924522901275,0.6338459303183802,0.4670468590399259,0.44652372022544373,0.6391689285505818
abrupt,omd_paper_v2_literal,2,264,6,1,0.015941344123524215,16.26042376371007,0.12414594876434021,0.5992643983008333,0.0,0.0,0.4249326996313794,0.48484301894332976,0.6070739081099104,0.5144746821306916,0.5387778779210561,0.5383582503920971,0.6353365475344248,0.4665930951093924,0.4461727319069659,0.6403388314918634
abrupt,omd_paper_v2_literal,2,265,6,0,0.015941344123524215,16.276365107833595,0.12411444322203305,0.5891779957465458,0.0,0.0,0.424748610034013,0.48533054706539935,0.6083224787457032,0.5140687125297995,0.539013986370123,0.5392191329222534,0.6368165264898002,0.46614184199251313,0.4458236965380288,0.6415007502034992
abrupt,omd_paper_v2_literal,2,266,6,0,0.015941344123524215,16.29230645195712,0.12417299294633621,0.5791871573034937,0.0,0.0,0.4250696699274174,0.4844803322429295,0.6061441016453913,0.5147766981950335,0.5386022094773841,0.5377176325368299,0.6342338261878707,0.46692884853285643,0.4464324375363676,0.6394733315362235
abrupt,omd_paper_v2_literal,2,267,9,0,0.0,16.29230645195712,0.1242480208667835,0.5686472692018049,0.0,0.0,0.42538905417757616,0.4836348099304896,0.603973325467552,0.5154807917130257,0.5381926098602823,0.5362235829259855,0.6316574296510304,0.4677117571840172,0.447038041943846,0.6374519449060758
abrupt,omd_paper_v2_literal,2,268,5,0,0.3216524339139793,16.6139588858711,0.12448748771465841,0.5669450594495532,0.0,0.0,0.4272015006144393,0.48449819560687446,0.6022486901826467,0.5144590230234053,0.5371087772662149,0.535914845251057,0.6296098701638567,0.4679134131253019,0.4484055633909048,0.6349125110035454
abrupt,omd_paper_v2_literal,2,269,9,0,0.0,16.6139588858711,0.12317390830030789,0.5564547788575033,0.0,0.0,0.4251409541048215,0.48183937218225353,0.6001143749598414,0.5148521718325972,0.5355780985651424,0.5330346343330219,0.6284284426546849,0.46654401159062536,0.44979171214705826,0.6346712163072539
abrupt,omd_paper_v2_literal,2,270,5,0,0.3216524339139793,16.935611319785078,0.12343609273629282,0.5549742424574076,0.0,0.0,0.42694319390188284,0.4826981405981608,0.5983943845837315,0.513836074591978,0.5344999117028307,0.532727936975855,0.6263854987230206,0.466744719532875,0.45115271601570783,0.6321381282186597
abrupt,omd_paper_v2_literal,2,271,9,1,0.0,16.935611319785078,0.12215071128515498,0.5610622538638284,0.0,0.0,0.42489865615929473,0.4800604303855627,0.5962700348648562,0.5142263410034128,0.5329800865280344,0.5298676274326248,0.6252093377776655,0.4653863010843883,0.45252948850275,0.6318982552018191
abrupt,omd_paper_v2_literal,2,272,9,1,0.0,16.935611319785078,0.12199297527929176,0.567123469957985,0.0,0.0,0.42385561678585537,0.47956291506080495,0.5972680534712587,0.5148149054442526,0.5336047122217444,0.5300450810757201,0.6263945568036318,0.46526993942710293,0.45174082033408414,0.6333667170129762
abrupt,omd_paper_v2_literal,2,273,9,1,0.0,16.935611319785078,0.12184212346299847,0.5731578987936192,0.0,0.0,0.4228187825437868,0.47906807888087677,0.5982599798650502,0.5154003072445986,0.5342259202508035,0.5302215859284862,0.627571985774123,0.46515419872871283,0.45095657583077753,0.6348249366765139
abrupt,omd_paper_v2_literal,2,274,9,0,0.0,16.935611319785078,0.1216980605882684,0.5626608123082576,0.0,0.0,0.4217881055341471,0.4785759002918121,0.5992458631696637,0.515982571340019,0.5348437378435531,0.5303971498698773,0.6287416886877525,0.4650390738253607,0.4501767202953264,0.6362729952254985
abrupt,omd_paper_v2_literal,2,275,3,1,0.2892221772768807,17.224833497061958,0.12195259117298511,0.5634450912555365,0.0,0.0,0.4235820113617444,0.47943236234168757,0.5975298233484657,0.514969351466823,0.5337686109100334,0.5300916477113989,0.6267053348424129,0.4652394040941294,0.45153389576039354,0.6337516662950823
abrupt,omd_paper_v2_literal,2,276,3,1,0.2892221772768807,17.514055674338838,0.1225637186029579,0.5644281660937565,0.0,0.0,0.42246236242927465,0.47816791059722275,0.5978260159426074,0.5176721981455383,0.5357921107158555,0.5297375648605107,0.6261982000076108,0.46717374984749116,0.4494840380058627,0.634467050404963
abrupt,omd_paper_v2_literal,2,277,3,0,0.2892221772768807,17.803277851615718,0.1231858785378684,0.5633779681043818,0.0,0.0,0.42135180190089644,0.4769131100452443,0.5981199419901844,0.5203539841216145,0.5377994437940586,0.5293860775676967,0.625694550665387,0.46909473095799015,0.4474510728545272,0.6351765442938071
abrupt,omd_paper_v2_literal,2,278,3,1,0.2892221772768807,18.092500028892598,0.12251654604185497,0.5643419210611094,0.0,0.0,0.42254773710496285,0.47826434854536565,0.59780342600329,0.5174660696436499,0.5356378064602954,0.5297645740207239,0.6262368921225936,0.46702616975372263,0.4496403338767337,0.6344125044657288
abrupt,omd_paper_v2_literal,2,279,3,0,0.2892221772768807,18.381722206169478,0.12313547057193132,0.5633130228407396,0.0,0.0,0.4214407435274275,0.4770136258611094,0.598096397169894,0.5201391782822149,0.5376386737851465,0.5294142374895102,0.6257349097790457,0.46894080011014166,0.44761387681175463,0.6351197259116536
abrupt,omd_paper_v2_literal,2,280,9,1,0.0,18.381722206169478,0.12247016616385964,0.5693602155491311,0.0,0.0,0.42263184392979836,0.47835935082154324,0.5977811723256216,0.517263007351042,0.5354857951958741,0.5297911804813599,0.6262750060135023,0.4668807947513029,0.44979431012511517,0.6343587680760728
abrupt,omd_paper_v2_literal,2,281,9,1,0.0,18.381722206169478,0.12232588212153495,0.5753800995204055,0.0,0.0,0.4216049201898304,0.477870418985756,0.5987655096929267,0.5178389563156007,0.5360985259088381,0.5299672278811759,0.6274457763495782,0.46676192281138135,0.44901995976441955,0.6358042204091909
abrupt,omd_paper_v2_literal,2,282,9,1,0.0,18.381722206169478,0.12218822672920754,0.5813727287090578,0.0,0.0,0.4205840665007804,0.4773840991744117,0.5997438833854202,0.5184118309147354,0.5367079278319304,0.5301423425300394,0.6286089118441389,0.4666436794389888,0.4482499246883487,0.6372396477795014
abrupt,omd_paper_v2_literal,2,283,9,1,0.0,18.381722206169478,0.12205710671410878,0.5873381654536012,0.0,0.0,0.4195692360543212,0.47690037046524253,0.600716341325916,0.5189816553375137,0.5373140274099161,0.5303165321252556,0.6297644749595311,0.46652605944072956,0.4474841711005133,0.6386651296140283
abrupt,omd_paper_v2_literal,2,284,9,0,0.0,18.381722206169478,0.12193242919042699,0.576787277078314,0.0,0.0,0.418560382358882,0.47641921212035915,0.6016829310752935,0.5195484535696178,0.5379168508634704,0.5304898042906712,0.6309125277212094,0.4664090576729822,0.44672266547077566,0.6400807449526392
abrupt,omd_paper_v2_literal,2,285,9,1,0.0,18.381722206169478,0.122156907854134,0.5827519410773819,0.0,0.0,0.42034564102058725,0.4772704764391037,0.5999723666274667,0.518545676446832,0.5368502991792898,0.5301832570922074,0.6288804649444953,0.4666160523522248,0.4480700412044262,0.6375746849316688
abrupt,omd_paper_v2_literal,2,286,9,0,0.0,18.381722206169478,0.12202776310441717,0.5722520597303516,0.0,0.0,0.4193358674584077,0.47678909346578785,0.6009399458827044,0.5191127380543912,0.5374534467210001,0.530356603869096,0.6300301057594188,0.4664990011681905,0.44730804252198736,0.6389927214037745
abrupt,omd_paper_v2_literal,2,287,4,1,0.33576579883000085,18.717488004999478,0.12225901132128612,0.5738515190234017,0.0,0.0,0.42111434318055635,0.47763675006866235,0.5992356907566545,0.5181142131393467,0.5363913407548501,0.5300513666960995,0.6280048168212525,0.46670510957588723,0.44864994783416606,0.6364942082333348
abrupt,omd_paper_v2_literal,2,288,4,0,0.33576579883000085,19.053253803829477,0.12347258383933664,0.5720113283885099,0.0,0.0,0.42135839573086115,0.4781069576665656,0.6006669778774472,0.5200348804422249,0.5388429570901822,0.5313738401223822,0.6282768385766909,0.46898981437360293,0.4462565417702648,0.6372090455928751
abrupt,omd_paper_v2_literal,2,289,9,1,0.0,19.053253803829477,0.12206532531834052,0.5779729496137592,0.0,0.0,0.4210752398018568,0.4775614077082328,0.5990061832859389,0.5178063943380908,0.5359983272768561,0.5298394139543083,0.6279612205357772,0.46633913595924753,0.44903369113649444,0.6363796065976842
abrupt,omd_paper_v2_literal,2,290,9,0,0.0,19.053253803829477,0.12192960206870868,0.5675324752515057,0.0,0.0,0.42006408318013294,0.4770792622011257,0.5999739569729892,0.5183722346047946,0.5365999058626688,0.530011743403175,0.6291125773747954,0.4662200283261766,0.4482729465356467,0.6378000091687827
abrupt,omd_paper_v2_literal,2,291,5,1,0.3216524339139793,19.374906237743456,0.1221711398010342,0.5687426401201499,0.0,0.0,0.4218358231138213,0.47792389278352676,0.5982781409982408,0.5173809883599485,0.5355460157380648,0.5297098589574732,0.6270947190490175,0.46642867878823135,0.44960574540232,0.6353102357393274
abrupt,omd_paper_v2_literal,2,292,5,1,0.3216524339139793,19.696558671657435,0.12330338044375647,0.5701208215115905,0.0,0.0,0.42363471714148404,0.4802462718638606,0.6001424410387318,0.5170352624260952,0.536880519782803,0.5322272307892462,0.6281251261880999,0.46762422125393943,0.44839800880241765,0.6355166727668163
abrupt,omd_paper_v2_literal,2,293,5,1,0.3216524339139793,20.018211105571414,0.12443679652093334,0.5716620864804758,0.0,0.0,0.42542280714797465,0.4825529595970838,0.6019906010355606,0.5166919820909075,0.5382049990796504,0.5347250559124641,0.6291470452976529,0.4688116188302585,0.4471994736732344,0.6357215905422137
abrupt,omd_paper_v2_literal,2,294,5,1,0.3216524339139793,20.339863539485393,0.12557097287380908,0.5733614875973287,0.0,0.0,0.42720012884434494,0.4848439991446412,0.6038227612194049,0.5163511244749949,0.5395195373280058,0.537203417449993,0.6301605632594038,0.46999093190640256,0.4460100584485409,0.6359250041100362
abrupt,omd_paper_v2_literal,2,295,5,0,0.3216524339139793,20.66151597339937,0.12670551645867836,0.5713993717145818,0.0,0.0,0.42896671956735305,0.4871194368561714,0.6056390620175142,0.5160126668503962,0.5408242181478227,0.5396624021262223,0.6311657663253615,0.4711622209762623,0.44482968181770605,0.6361269283941636
abrupt,omd_paper_v2_literal,2,296,5,0,0.3216524339139793,20.98316840731335,0.1253856614093881,0.5696772548280958,0.0,0.0,0.4269105243314162,0.48447080807909054,0.6035245515973365,0.5164066415176326,0.5393054734746254,0.5367998849765349,0.6299955679808907,0.46979883220020874,0.4462037385364384,0.6358918771432971
abrupt,omd_paper_v2_literal,2,297,6,1,0.015941344123524215,20.999109751436876,0.12408641644440689,0.5753630382391818,0.0,0.0,0.4248713528679956,0.4818417551074206,0.6014211456453186,0.5167978124688669,0.5377967366524594,0.5339551900243951,0.6288321242244851,0.46844552193519085,0.4475689010788567,0.6356584224081291
abrupt,omd_paper_v2_literal,2,298,6,0,0.015941344123524215,21.015051095560402,0.12402617960523413,0.5657294086392646,0.0,0.0,0.4246907707265714,0.48233030671274263,0.602668204041587,0.5163819770370551,0.5380217924588292,0.5348129197057784,0.6303190248462559,0.46798583921811165,0.4472311402117881,0.6368194999551136
abrupt,omd_paper_v2_literal,2,299,4,0,0.33576579883000085,21.3508168943904,0.1241316242058999,0.5639755536838832,0.0,0.0,0.42499704141009237,0.4815017665268379,0.6005524731503584,0.5170872007398246,0.5376400992662256,0.5333581315644396,0.6277958669044933,0.46876547121050266,0.44780399538313115,0.6348494328875091
abrupt,omd_paper_v2_literal,2,300,6,0,0.015941344123524215,21.366758238513928,0.12275347951379285,0.554423104486955,0.0,0.0,0.4247243503791159,0.48097261146702375,0.598912311686826,0.5148650457211756,0.5348154111517146,0.5318475466567129,0.6274905564907701,0.4661327481578401,0.4505627590170388,0.634025138263771
abrupt,omd_paper_v2_literal,2,301,3,0,0.2892221772768807,21.655980415790808,0.12288181252733431,0.5537889259772093,0.0,0.0,0.42502890665858106,0.48014919286350577,0.5968027300906465,0.5155668207061535,0.534436255755473,0.5304004717556761,0.6249744231084207,0.4669080823856248,0.45113240279143807,0.632060398686716
abrupt,omd_paper_v2_literal,2,302,5,0,0.3216524339139793,21.977632849704786,0.12225978864846926,0.5525173735134489,0.0,0.0,0.42620223720288397,0.48147608933472685,0.5964982973999196,0.5127329058237917,0.5323168048940702,0.5307751848128492,0.6255138121257022,0.4648794923016074,0.4532794664352618,0.6313149851000939
abrupt,omd_paper_v2_literal,2,303,3,1,0.2892221772768807,22.266855026981666,0.12100403550757521,0.5531444078668495,0.0,0.0,0.42419034964435637,0.47888460220266177,0.5944154668036683,0.5131192313722175,0.530827489733815,0.5279671485732671,0.6243649044808742,0.4635459939124901,0.45462767281483385,0.6310875421292585
abrupt,omd_paper_v2_literal,2,304,3,0,0.2892221772768807,22.556077204258546,0.12159577081470599,0.5524876326242165,0.0,0.0,0.4230861275271973,0.4776349282937464,0.5947033756938629,0.5157903902572005,0.5328264939481225,0.5276143263778407,0.6238561021620412,0.46545775964736313,0.45260239812911557,0.6317904407512159
abrupt,omd_paper_v2_literal,2,305,6,1,0.015941344123524215,22.572018548382072,0.12097052417551374,0.5581940701879984,0.0,0.0,0.42425380534222495,0.47895639852421323,0.5943989257589667,0.512965761089247,0.5307126252651012,0.5279874157760162,0.6243941245601563,0.4634362035693964,0.45474406199373285,0.6310471468293092
abrupt,omd_paper_v2_literal,2,306,6,1,0.015941344123524215,22.587959892505598,0.12088474347049966,0.5638862150449161,0.0,0.0,0.4240697785265494,0.4794460196946508,0.5956619600263563,0.5125486565865578,0.5309404154321024,0.5288511679479975,0.6258989047851932,0.462974081828449,0.45440204418628505,0.6322239913418226
abrupt,omd_paper_v2_literal,2,307,6,1,0.015941344123524215,22.603901236629124,0.12080520140678595,0.5695635839642881,0.0,0.0,0.42388675292892025,0.4799330717742613,0.5969170101359446,0.5121337567072836,0.5311669793463117,0.5297101474627952,0.6273932572148185,0.4625144849498312,0.454061891025472,0.6333930061886424
abrupt,omd_paper_v2_literal,2,308,6,1,0.015941344123524215,22.61984258075265,0.1207317974450135,0.5752257280277147,0.0,0.0,0.4237047201746763,0.4804175747476545,0.5981641365564608,0.511721043958142,0.5313923271328556,0.5305643900047411,0.6288772619574531,0.4620573923810519,0.45372358710683824,0.634554256365998
abrupt,omd_paper_v2_literal,2,309,6,1,0.015941344123524215,22.635783924876176,0.12066443168084229,0.5808722305425686,0.0,0.0,0.42352367196891094,0.48089954843643784,0.5994033994508212,0.5113105009954727,0.5316164688225656,0.5314139310206137,0.6303509988251514,0.4616027837517802,0.45338711716801877,0.6357078064167965
abrupt,omd_paper_v2_literal,2,310,6,1,0.015941344123524215,22.6517252689997,0.120603004872521,0.5865027050908825,0.0,0.0,0.42334360009587585,0.4813790124997436,0.6006348586698558,0.5109021106245476,0.5318394143526332,0.532258805718583,0.6318145473198936,0.4611506388728676,0.453052466087809,0.6368537204277862
abrupt,omd_paper_v2_literal,2,311,6,0,0.015941344123524215,22.667666613123227,0.12054741846732969,0.5768395076059465,0.0,0.0,0.4231644964183804,0.4818559864347907,0.6018585737463924,0.5104958557988573,0.5320611735672689,0.533099049067278,0.6332679866205326,0.46070093773534326,0.45271961888521917,0.6379920620270139
abrupt,omd_paper_v2_literal,2,312,6,1,0.015941344123524215,22.683607957246753,0.12064629190229927,0.5824613363163236,0.0,0.0,0.423472159343567,0.4810366982130391,0.5997557940962323,0.5111936802036152,0.5316802449094167,0.5316556306757528,0.6307699010449883,0.46147343874090685,0.45329138407215863,0.6360357592577462
abrupt,omd_paper_v2_literal,2,313,6,1,0.015941344123524215,22.69954930137028,0.12058674577802074,0.5880671483512111,0.0,0.0,0.42329300558825517,0.48151374271684894,0.6009806567007565,0.5107873548827614,0.5319020572541278,0.5324961729247449,0.6322253528150756,0.46102360272047016,0.4529584405232258,0.6371754305312413
abrupt,omd_paper_v2_literal,2,314,6,0,0.015941344123524215,22.715490645493805,0.12053297092400542,0.5784292687232981,0.0,0.0,0.42311481085841873,0.48198832028340227,0.6021978470119302,0.5103831451288978,0.5321226944845802,0.5333321266061145,0.6336707896102878,0.460576187441037,0.452627283816071,0.638307601139439
abrupt,omd_paper_v2_literal,2,315,9,1,0.0,22.715490645493805,0.12062887967108378,0.5842165385674184,0.0,0.0,0.4234214509900096,0.48117171377379847,0.6001025971035138,0.5110786784674177,0.5317430262545243,0.531893549766594,0.6311820837319283,0.46134611419323124,0.4531971460214152,0.6363584786648084
abrupt,omd_paper_v2_literal,2,316,9,1,0.0,22.715490645493805,0.12048414872968811,0.5899800515414199,0.0,0.0,0.4224133651144403,0.48068335446402916,0.6010480904546717,0.511645381965097,0.5323363179879776,0.5320517725734869,0.632306492473905,0.46122932176699555,0.4524459213851686,0.6377587747224918
abrupt,omd_paper_v2_literal,2,317,9,0,0.0,22.715490645493805,0.12034575146043756,0.5798275804694449,0.0,0.0,0.42141108194761884,0.48019753234898277,0.6019879954959142,0.5122091540390656,0.532926481136505,0.5322091788279547,0.6334237177718975,0.4611131315826906,0.4516987582072465,0.639149584118283
abrupt,omd_paper_v2_literal,2,318,6,1,0.015941344123524215,22.73143198961733,0.12059338003005698,0.5854009867585018,0.0,0.0,0.423177723795831,0.48105366717922393,0.6003312046912577,0.5112156612785532,0.5318864414375795,0.5319317950166398,0.6314540001658958,0.461317883444127,0.45301554487172374,0.6366971626540291
abrupt,omd_paper_v2_literal,2,319,6,0,0.015941344123524215,22.747373333740857,0.12053712127719957,0.5758506884593521,0.0,0.0,0.42300277077906323,0.4815294867128235,0.6015454940783594,0.5108099121243005,0.5321051195971195,0.5327669480679021,0.6328964672196322,0.46087102139258257,0.45268688934067364,0.6378250393730893
abrupt,omd_paper_v2_literal,2,320,5,0,0.3216524339139793,23.069025767654836,0.12063693063907453,0.574698382129572,0.0,0.0,0.42330283659742557,0.48071345118604086,0.5994621635925917,0.511505785104522,0.5317300670669542,0.5313345048729201,0.6304211122723741,0.4616374524387201,0.4532505767040439,0.635889745288644
abrupt,omd_paper_v2_literal,2,321,9,1,0.0,23.069025767654836,0.11936243141126332,0.5804818018668388,0.0,0.0,0.4212937603112871,0.4781303197035463,0.5974012680547043,0.511885800244845,0.5302435790900648,0.5285394214886441,0.6292980286750178,0.46029955039857323,0.45459437017463356,0.6356781577509159
abrupt,omd_paper_v2_literal,2,322,9,1,0.0,23.069025767654836,0.11921329797263316,0.5862413001910926,0.0,0.0,0.4202891829415991,0.4776419438571784,0.5983443352933421,0.512452209124295,0.5308353370717402,0.528695487824401,0.6304195564485134,0.4601838024878819,0.45384502936479815,0.6370745134763466
abrupt,omd_paper_v2_literal,2,323,9,0,0.0,23.069025767654836,0.11907054214925512,0.5761256346836516,0.0,0.0,0.419290380240137,0.4771560994347821,0.5992818744303661,0.5130156995685129,0.5314239931218306,0.5288507532008055,0.631533972702234,0.4600686487485477,0.45309971502740376,0.6384614622290357
abrupt,omd_paper_v2_literal,2,324,9,1,0.0,23.069025767654836,0.11932508823994714,0.5818829250911323,0.0,0.0,0.4210456943190064,0.4780097479755261,0.5976341550796999,0.5120256353515574,0.5303896773337584,0.5285779508908647,0.6295750360684114,0.4602709747302999,0.4544093573812788,0.6360230966204957
abrupt,omd_paper_v2_literal,2,325,9,1,0.0,23.069025767654836,0.11917804088612104,0.5876164584761538,0.0,0.0,0.4200460546757432,0.4775237052137133,0.5985725605967357,0.5125893426806065,0.530978599904347,0.5287332735956164,0.6306908884595869,0.4601557783733726,0.45366363108183594,0.6374122513038855
abrupt,omd_paper_v2_literal,2,326,9,0,0.0,23.069025767654836,0.11903730591335052,0.5775317113761991,0.0,0.0,0.41905213879093156,0.47704017138756166,0.5995054871853795,0.5131501573798064,0.5315644480378257,0.528887802505576,0.6317996929173121,0.4600411708703003,0.452921895681186,0.6387920824734411
abrupt,omd_paper_v2_literal,2,327,3,1,0.2892221772768807,23.358247944931716,0.11928864495612841,0.5780356122208405,0.0,0.0,0.42080140705986446,0.47789099645813377,0.5978634881220904,0.512163360503148,0.5305335679497843,0.5286158991016489,0.629847784051966,0.4602428301161873,0.4542271460943222,0.6363626986665731
abrupt,omd_paper_v2_literal,2,328,3,1,0.2892221772768807,23.647470122208595,0.11988701863915179,0.5787298773834665,0.0,0.0,0.4197066782660365,0.4766496172957984,0.5981518226023074,0.5148247633567564,0.5325274920764026,0.5282680162312212,0.6293445721378533,0.4621480137642855,0.4522077820086262,0.6370583619680881
abrupt,omd_paper_v2_literal,2,329,3,0,0.2892221772768807,23.936692299485475,0.12049655243817618,0.577997388905248,0.0,0.0,0.41862067712469186,0.4754175345673366,0.5984379969191665,0.5174660160607505,0.5345059153136348,0.5279226314821662,0.628844735117274,0.4640404619136595,0.45020463151606294,0.6377484084106472
abrupt,omd_paper_v2_literal,2,330,3,1,0.2892221772768807,24.225914476762355,0.11984815573254681,0.5786766395484262,0.0,0.0,0.41977688827987863,0.4767292509356702,0.5981333262014098,0.5146540415639352,0.5323996000372091,0.528290335892638,0.629376864733137,0.46202575068116336,0.4523372901745656,0.6370137480568191
abrupt,omd_paper_v2_literal,2,331,3,0,0.2892221772768807,24.515136654039235,0.12045468754179829,0.5779605144659734,0.0,0.0,0.418694381964187,0.47550117255408075,0.5984185703890755,0.5172867280779226,0.5343716318898936,0.5279460808355652,0.6288786782777921,0.46391194838878025,0.4503405770090019,0.6377015784168165
abrupt,omd_paper_v2_literal,2,332,9,0,0.0,24.515136654039235,0.11980992427113005,0.5678866929596778,0.0,0.0,0.4198460748335626,0.47680772130048243,0.5981150999884458,0.5144858127826447,0.5322735739178228,0.5283123290771067,0.6294086840027141,0.4619052798414777,0.45246491093791347,0.6369697841991261
abrupt,omd_paper_v2_literal,2,333,5,0,0.3216524339139793,24.836789087953214,0.1200701166603846,0.5669839314240355,0.0,0.0,0.42158537049230954,0.4776508519925744,0.596478982702191,0.5135121233127039,0.5312537952408543,0.5280403473286875,0.6274579623346063,0.4621125981370984,0.4537578022847162,0.6345475372517243
abrupt,omd_paper_v2_literal,2,334,3,0,0.2892221772768807,25.126011265230094,0.11882553811434746,0.5665173454958509,0.0,0.0,0.4195945095705456,0.47509056543774086,0.5944304371233455,0.5138863795087909,0.5297771698681953,0.5252660520224057,0.6263423202664692,0.460782520504904,0.45509276526778414,0.6343382757520193
abrupt,omd_paper_v2_literal,2,335,5,1,0.3216524339139793,25.447663699144073,0.11820803695196297,0.567347021367611,0.0,0.0,0.42073612032375135,0.4763851694729019,0.5941286982210043,0.5111082819089403,0.527694332075239,0.5256289109451786,0.626869844036376,0.4587941827763943,0.4572028742987592,0.6336106187708674
abrupt,omd_paper_v2_literal,2,336,5,0,0.3216524339139793,25.76931613305805,0.11932897685453445,0.5664358891597798,0.0,0.0,0.4225224529978443,0.47868141532024633,0.5959664675849826,0.510773169313718,0.5290196832368436,0.5281166707328415,0.6278697127208971,0.45998663361874864,0.45600429809803766,0.6337986012698411
abrupt,omd_paper_v2_literal,2,337,9,0,0.0,25.76931613305805,0.11808381090038293,0.556486299795511,0.0,0.0,0.4205373227264557,0.4761295207135223,0.5939238809109532,0.5111455992604869,0.5275467171571414,0.52535179429012,0.6267584318626457,0.45866142101796487,0.45733637804357574,0.6335896826193173
abrupt,omd_paper_v2_literal,2,338,5,0,0.3216524339139793,26.09096856697203,0.11837737626553677,0.5557861321726864,0.0,0.0,0.4222662394345581,0.47696749227833535,0.5922943850061546,0.5101795583827469,0.5265345898409289,0.52508262408485,0.6248152048543738,0.45886909480020266,0.45862098829736037,0.6311745362936744
abrupt,omd_paper_v2_literal,2,339,3,0,0.2892221772768807,26.38019074424891,0.1171594768525792,0.5555694347956602,0.0,0.0,0.4202960859868343,0.47443540739227336,0.5902615125034514,0.5105493269430477,0.5250719670231442,0.5223367813189215,0.6237088284537715,0.45755425902654534,0.45994413199690104,0.6309668253570285
abrupt,omd_paper_v2_literal,2,340,6,0,0.015941344123524215,26.396132088372436,0.11656862923071072,0.5464161674604101,0.0,0.0,0.4214267419783687,0.4757170612647424,0.5899605427203357,0.507794064983243,0.5230037035743135,0.5226950519183251,0.6242334420246591,0.4555835426625446,0.46204057164877343,0.6302432033285011
abrupt,omd_paper_v2_literal,2,341,3,0,0.2892221772768807,26.685354265649316,0.1167418809802553,0.5463510209026311,0.0,0.0,0.4217205244442626,0.4749227415069802,0.5879110373222812,0.508477119095165,0.5226417571586923,0.521296634202481,0.6217944090832656,0.45633520488292745,0.462587878058205,0.6283384557379905
abrupt,omd_paper_v2_literal,2,342,5,0,0.3216524339139793,27.007006699563295,0.1161714219877312,0.5458999739708646,0.0,0.0,0.42284567926628547,0.47619680018865773,0.5876107363744806,0.5057377921121325,0.520584574643699,0.5216524837090034,0.6223163192369979,0.4543770665889292,0.4646738796303149,0.6276164331499046
abrupt,omd_paper_v2_literal,2,343,9,1,0.0,27.007006699563295,0.11497798773305341,0.5516841277782434,0.0,0.0,0.420891436661667,0.47368709797364295,0.5855887838609156,0.5061028875839161,0.5191316790590851,0.5189286833015482,0.6212179038246814,0.45307378431356965,0.46598918359847374,0.6274104002407387
abrupt,omd_paper_v2_literal,2,344,9,0,0.0,27.007006699563295,0.11477541785828028,0.5419385934204832,0.0,0.0,0.4198773353951948,0.47319521870287085,0.586548897598624,0.5066688570004956,0.5197248926620441,0.5190857971375079,0.6223626560366995,0.45295080186521947,0.4652351190141954,0.628833841189235
abrupt,omd_paper_v2_literal,2,345,3,0,0.2892221772768807,27.296228876840175,0.11512028730700874,0.5420952458143282,0.0,0.0,0.4215870947729215,0.4740243618186756,0.5849301498872347,0.505714847702007,0.5187249383156647,0.5188209633010994,0.6204322756513243,0.4531581048527309,0.4665062631449442,0.6264332042772719
abrupt,omd_paper_v2_literal,2,346,6,0,0.015941344123524215,27.3121702209637,0.11457082979338995,0.5330204342267361,0.0,0.0,0.42270228609341487,0.47528779962990697,0.5846321587234803,0.5029957505533196,0.5166817723898356,0.5191739718587701,0.6209523728435091,0.4512159373782064,0.4685787860678243,0.6257166939298949
abrupt,omd_paper_v2_literal,2,347,5,0,0.3216524339139793,27.63382265487768,0.11477482164599724,0.5328548837489329,0.0,0.0,0.42299367622949713,0.47450045661079016,0.5825931696430139,0.5036736280867111,0.5163233146824235,0.517787209833381,0.6185264751568503,0.45196045249843886,0.4691216156373331,0.6238195048815294
abrupt,omd_paper_v2_literal,2,348,3,0,0.2892221772768807,27.92304483215456,0.11361592536280626,0.5331341597420954,0.0,0.0,0.42105681797152017,0.47201513775528203,0.5805842065595446,0.504034574941973,0.5148827606422459,0.5150877204254344,0.6174358668036684,0.45066932240220764,0.4704263147880262,0.6236159881111064
abrupt,omd_paper_v2_literal,2,349,6,1,0.015941344123524215,27.938986176278085,0.11308168438055413,0.538684881516108,0.0,0.0,0.42216557869528426,0.4732708070907593,0.5802858338742641,0.5013295038468223,0.5128486130741275,0.5154381072503013,0.6179539532138009,0.4487388859473953,0.472490682414518,0.6229004208805589
abrupt,omd_paper_v2_literal,2,350,6,1,0.015941344123524215,27.95492752040161,0.11294613697295246,0.5442243803863879,0.0,0.0,0.42198524847529273,0.473752736647431,0.5815399595053818,0.5009139111633927,0.5130687284182923,0.5162889280498741,0.6194453757170659,0.4482818087674566,0.4721570149459511,0.6240678222767141
abrupt,omd_paper_v2_literal,2,351,6,1,0.015941344123524215,27.970868864525137,0.11281731025939143,0.5497520870318285,0.0,0.0,0.4218058750737246,0.47423221280688466,0.5827865294478995,0.500500474766514,0.5132876960090476,0.5171352381522829,0.6209268223340404,0.44782719117117065,0.4718251043852729,0.6252277347100987
abrupt,omd_paper_v2_literal,2,352,6,1,0.015941344123524215,27.986810208648663,0.11269511105561965,0.5552674697756736,0.0,0.0,0.42162745074549146,0.4747092539060567,0.5840255969313933,0.5000891780220684,0.5135055249586659,0.5179770694466511,0.6223983654489302,0.4473750136187083,0.4714949368179338,0.6263802172348861
abrupt,omd_paper_v2_literal,2,353,6,1,0.015941344123524215,28.00275155277219,0.11257944636111389,0.5607700323452364,0.0,0.0,0.42144996781587346,0.4751838781420669,0.5852572149789177,0.49968000443206617,0.5137222242993306,0.5188144536350954,0.6238600772487859,0.4469252567372005,0.4711664984498475,0.6275253285400294
abrupt,omd_paper_v2_literal,2,354,6,1,0.015941344123524215,28.018692896895715,0.11247022339281712,0.5662593117739396,0.0,0.0,0.4212734186800489,0.47565610357248284,0.5864814364000631,0.4992729376341194,0.5139378029836078,0.5196474222312222,0.6253120297096557,0.44647790131993587,0.47083977560674345,0.6286631269456195
abrupt,omd_paper_v2_literal,2,355,6,1,0.015941344123524215,28.03463424101924,0.11236734961814493,0.5717348764360967,0.0,0.0,0.4210977958026187,0.47612594811562053,0.5876983137843423,0.4988679614008909,0.514152269884927,0.520476006558742,0.6267542945833362,0.4460329283255325,0.47051475473350307,0.6297936703995188
abrupt,omd_paper_v2_literal,2,356,6,0,0.015941344123524215,28.050575585142766,0.11227073278723558,0.5625391853837596,0.0,0.0,0.4209230917171254,0.4765934295508791,0.5889078994948945,0.4984650596395188,0.5143656337980687,0.5213002377501944,0.6281869433846992,0.4455903188770859,0.47019142239348155,0.6309170164742588
abrupt,omd_paper_v2_literal,2,357,6,0,0.015941344123524215,28.066516929266292,0.11243640688325869,0.5534315979010084,0.0,0.0,0.4212167630850754,0.475807664001373,0.5868740997178068,0.4991422979916498,0.5140069874883377,0.5199147236564723,0.6257775281931012,0.44633435002104715,0.4707349258289488,0.6290279786572014
abrupt,omd_paper_v2_literal,2,358,6,0,0.015941344123524215,28.08245827338982,0.11261725623742086,0.544413339593306,0.0,0.0,0.4215089864411545,0.47502603970369006,0.5848477652857516,0.49981607261521277,0.5136501628121554,0.5185359980826908,0.6233742426190412,0.447074811066021,0.47127571588705297,0.6271446867501921
abrupt,omd_paper_v2_literal,2,359,5,1,0.3216524339139793,28.404110707303797,0.11281302860249265,0.544645399819289,0.0,0.0,0.4217997665842849,0.4742485429877706,0.5828289648797235,0.5004863945034865,0.513295153216546,0.5171640589137146,0.620977235893216,0.4478117099619495,0.4718138010691598,0.6252672121863477
abrupt,omd_paper_v2_literal,2,360,5,1,0.3216524339139793,28.725763141217776,0.11391251667995954,0.5450609701617448,0.0,0.0,0.4236048820814713,0.4765586493957466,0.5846854870691208,0.5001546008653991,0.5146349508278266,0.5196688067021207,0.6219757858966507,0.4490166232023389,0.4706013011993474,0.6254463281350169
abrupt,omd_paper_v2_literal,2,361,5,1,0.3216524339139793,29.047415575131755,0.1150151539639186,0.5456558310057875,0.0,0.0,0.42539955794000944,0.47885380333098254,0.5865268184164555,0.49982509733162805,0.5159652922526807,0.5221552873870401,0.6229664205225091,0.4502138119188814,0.46939751398479634,0.6256241737190402
abrupt,omd_paper_v2_literal,2,362,5,0,0.3216524339139793,29.369068009045733,0.11612044625862208,0.5450133995631874,0.0,0.0,0.4271838205007834,0.4811340329473208,0.5883530759385263,0.49949786348125036,0.5172862467741133,0.5246235559512658,0.6239492160391155,0.45140332564624175,0.4682023704369358,0.6258007607769148
abrupt,omd_paper_v2_literal,2,363,5,1,0.3216524339139793,29.690720442959712,0.11490956534455248,0.5455888932983124,0.0,0.0,0.42522834975680723,0.47863492005241615,0.5863513506735771,0.49985651553626104,0.5158384534783794,0.5219182465183079,0.6228720075341536,0.4500996347191529,0.4695122801240358,0.625607217580848
abrupt,omd_paper_v2_literal,2,364,5,0,0.3216524339139793,30.01237287687369,0.11601063261035344,0.5449681252957668,0.0,0.0,0.4270071839642043,0.4809083695832374,0.5881724768848487,0.4995302429764667,0.5171555499205939,0.5243793745323402,0.6238520145929438,0.45128559929364337,0.46832061283292137,0.6257832891310786
abrupt,omd_paper_v2_literal,2,365,6,0,0.015941344123524215,30.028314220997217,0.11480552743047615,0.5358711930178529,0.0,0.0,0.4250595235783889,0.4784190676583818,0.5861782847243472,0.49988749984618813,0.5157133643910211,0.5216844695938108,0.6227788892865935,0.44998703949224367,0.4696254644630012,0.6255904953105278
abrupt,omd_paper_v2_literal,2,366,5,0,0.3216524339139793,30.349966654911196,0.1150008281274582,0.5355584327894916,0.0,0.0,0.4253604943060613,0.47765583119650434,0.5841763144869172,0.5005544573519609,0.5153667818233819,0.5203303738304533,0.6203913883807487,0.45072997913636104,0.4701553091323061,0.6237150976350452
abrupt,omd_paper_v2_literal,2,367,3,0,0.2892221772768807,30.639188832188076,0.11383185517251526,0.5360612257576047,0.0,0.0,0.42343294220571087,0.4751918232514309,0.5821965186638384,0.5009079662418583,0.5139380646264984,0.5176598172073155,0.6193259357013469,0.44944351161979196,0.4714481360674426,0.6235247741230198
abrupt,omd_paper_v2_literal,2,368,6,1,0.015941344123524215,30.6551301763116,0.1133221933596309,0.5415832691180621,0.0,0.0,0.4245324152474009,0.47643215321127086,0.5818917011535999,0.49822695064597217,0.5119166577864043,0.5179990397085977,0.6198300410558113,0.4475296594476838,0.4735001286387928,0.6228088821447844
abrupt,omd_paper_v2_literal,2,369,6,1,0.015941344123524215,30.671071520435127,0.11319339625694655,0.5470920921280222,0.0,0.0,0.42434769179638565,0.47689570338083453,0.583113500185063,0.49782125807327204,0.5121278256522053,0.5188234001246301,0.6212864327095381,0.44707713134669674,0.4731769818898548,0.6239538604451242
abrupt,omd_paper_v2_literal,2,370,6,1,0.015941344123524215,30.687012864558653,0.11307098039820769,0.5525872470760789,0.0,0.0,0.4241639304319862,0.4773569313938588,0.5843280623708522,0.4974176352377227,0.5123379133805555,0.5196434589751219,0.6227332376929346,0.4466269957472923,0.4728555037829249,0.6250916325140129
abrupt,omd_paper_v2_literal,2,371,6,1,0.015941344123524215,30.70295420868218,0.11295485796846949,0.5580683172642567,0.0,0.0,0.4239811234969295,0.47781585440645846,0.5855354381809036,0.4970160663966254,0.5125469294067124,0.520459246397667,0.6241705248945761,0.4461792339466721,0.4725356813206909,0.6262222542142185
abrupt,omd_paper_v2_literal,2,372,6,1,0.015941344123524215,30.718895552805705,0.11284494136081748,0.5635349151490505,0.0,0.0,0.4237992634025873,0.47827248944383066,0.5867356778811814,0.49661653593524524,0.5127548820926507,0.5212707923498069,0.6255983630017213,0.4457338273999713,0.47221750161706977,0.6273457810660633
abrupt,omd_paper_v2_literal,2,373,6,1,0.015941344123524215,30.73483689692923,0.11274114320605573,0.5689866806019368,0.0,0.0,0.423618342628516,0.4787268534005727,0.5879288315277107,0.4962190283662843,0.5129617797275008,0.5220781266078657,0.6270168204881611,0.44529075771948434,0.4719009518965969,0.6284622682442244
abrupt,omd_paper_v2_literal,2,374,6,0,0.015941344123524215,30.750778241052757,0.11264337640172235,0.5598199479404551,0.0,0.0,0.423438353721992,0.47917896304102914,0.5891149489608954,0.49582352832933174,0.5131676305279933,0.5228812787658844,0.6284259656025909,0.44485000667386737,0.47158601949380363,0.6295717705747771
abrupt,omd_paper_v2_literal,2,375,6,1,0.015941344123524215,30.766719585176283,0.11281105049681092,0.5652634175728908,0.0,0.0,0.42374124284400927,0.4784181926480846,0.5871184143871773,0.4964890612741413,0.512821231257212,0.5215297035382287,0.6260534755066468,0.4455917327771197,0.47211598685720996,0.6277039688227503
abrupt,omd_paper_v2_literal,2,376,6,0,0.015941344123524215,30.78266092929981,0.11270952642703282,0.5561482499523185,0.0,0.0,0.4235612295237022,0.4788703051229862,0.5883053007219914,0.49609353473015705,0.5130270971544674,0.5223329812559341,0.6274641805350548,0.4451508970124569,0.47180102066346674,0.6288144633311206
abrupt,omd_paper_v2_literal,2,377,9,1,0.0,30.78266092929981,0.1128827777712988,0.5616616103727953,0.0,0.0,0.42386291730898523,0.4781126499070378,0.5863156759950475,0.4967563825963712,0.5126820931836923,0.5209867405298526,0.6250988259286848,0.44588972259656656,0.4723288710897049,0.6269526701372732
abrupt,omd_paper_v2_literal,2,378,9,1,0.0,30.78266092929981,0.11266569517614387,0.5671575934256695,0.0,0.0,0.42285169337191425,0.47761071640614794,0.5872467748424918,0.49732741905711275,0.5132672169268415,0.5211246625164602,0.6262070189465148,0.4457734781491237,0.47158465224414464,0.6283503468808718
abrupt,omd_paper_v2_literal,2,379,9,1,0.0,30.78266092929981,0.11245542385075005,0.5726359737602393,0.0,0.0,0.42184614928786285,0.4771113287447036,0.5881726153105238,0.4978956171572347,0.5138493891068499,0.5212618940877026,0.6273083773501203,0.44565781879597477,0.4708442669356772,0.6297389314348059
abrupt,omd_paper_v2_literal,2,380,9,1,0.0,30.78266092929981,0.11225188958408001,0.5780965452495384,0.0,0.0,0.4208462443636734,0.4766144678786088,0.5890932364452885,0.4984609973657043,0.5144286312674765,0.5213984405912445,0.6284029536571284,0.4455427399772884,0.4701076878006154,0.6311184898736699
abrupt,omd_paper_v2_literal,2,381,9,1,0.0,30.78266092929981,0.11205501805038838,0.5835391198172155,0.0,0.0,0.41985193814291033,0.476120114915608,0.590008677032211,0.4990235800013453,0.5150049647914529,0.5215343073275692,0.6294908000505475,0.44542823717387475,0.4693748876602216,0.632489088024258
abrupt,omd_paper_v2_literal,2,382,9,1,0.0,30.78266092929981,0.11186473483197036,0.5889635263406892,0.0,0.0,0.418863190407822,0.47562825111468177,0.5909189755951927,0.4995833852330966,0.5155784109008267,0.5216694995503022,0.6305719683765497,0.44531430590689813,0.4686458395209455,0.6338507914562569
abrupt,omd_paper_v2_literal,2,383,9,1,0.0,30.78266092929981,0.11168096544182711,0.5943696096251293,0.0,0.0,0.41787996118115756,0.47513885788541727,0.5918241703959198,0.5001404330803078,0.5161489906573439,0.521804022466537,0.6316465101424508,0.4452009417375874,0.4679205165745966,0.6352036654733694
abrupt,omd_paper_v2_literal,2,384,9,0,0.0,30.78266092929981,0.11150363534622514,0.5849531916397481,0.0,0.0,0.41690221072783973,0.47465191678735535,0.5927242994332831,0.5006947434130689,0.516716724962866,0.521937881237163,0.6327144765148799,0.4450881402669442,0.46719889219845395,0.6365477751048538
abrupt,omd_paper_v2_literal,2,385,9,1,0.0,30.78266092929981,0.1118162638594116,0.5903546260658937,0.0,0.0,0.418606663935385,0.47550059398433653,0.5911551449087549,0.49972868469586357,0.5157272440253304,0.521704588605317,0.6308523755022271,0.44528473562172494,0.46845663449863484,0.6342038776086457
abrupt,omd_paper_v2_literal,2,386,9,1,0.0,30.78266092929981,0.11163478042172674,0.5957378231852257,0.0,0.0,0.41762816124152524,0.47501348234776825,0.592055982541616,0.5002831494648261,0.5162951672199817,0.5218384869050985,0.6319215995014521,0.4451718986065981,0.4677347095801691,0.6355499311194351
abrupt,omd_paper_v2_literal,2,387,9,0,0.0,30.78266092929981,0.11145967396370636,0.5863472618864989,0.0,0.0,0.41665509039728355,0.4745288016802133,0.5929517981129271,0.5008349001642702,0.5168602693956926,0.5219717268325096,0.6329843053040237,0.4450596193920988,0.4670164516103683,0.6368872957019197
abrupt,omd_paper_v2_literal,2,388,9,0,0.0,30.78266092929981,0.11176886853632625,0.5770279054151498,0.0,0.0,0.4183539124208884,0.4753747971215419,0.5913878373178404,0.4998718704101983,0.5158739092202781,0.5217391669808257,0.6311286168954149,0.4452555958993031,0.4682701908728786,0.6345516860706457
abrupt,omd_paper_v2_literal,2,389,6,0,0.015941344123524215,30.798602273423334,0.11209307557357269,0.568084110743249,0.0,0.0,0.42004634293887083,0.4762167914934268,0.589829693860175,0.4989135559096174,0.514892254779268,0.521507736224612,0.6292781537143083,0.4454506299436386,0.4695181905312779,0.6322212087969478
abrupt,omd_paper_v2_literal,2,390,5,1,0.3216524339139793,31.120254707337313,0.11225250201425,0.5684045727336637,0.0,0.0,0.4203280203991336,0.4754483770728505,0.5878572335846327,0.4995887684253161,0.5145582427299353,0.520161764846487,0.626935264798056,0.44618850420070594,0.47003202212636486,0.6303907398426095
abrupt,omd_paper_v2_literal,2,391,5,1,0.3216524339139793,31.441907141251292,0.11336117793303278,0.5688929215586174,0.0,0.0,0.42210207099657215,0.4777135316800346,0.5896608306044568,0.4992663486280455,0.5158710920926588,0.5226120843400273,0.6278940821479564,0.4473756700756078,0.4688457929325543,0.6305527623587757
abrupt,omd_paper_v2_literal,2,392,5,1,0.3216524339139793,31.76355957516527,0.11447198249958401,0.5695452931762237,0.0,0.0,0.42386605950982487,0.47996420316407584,0.5914497897325569,0.4989461201733983,0.5171748043079318,0.5250446781642554,0.6288453894684585,0.44855536374764077,0.4676679721463661,0.6307136548649732
abrupt,omd_paper_v2_literal,2,393,5,0,0.3216524339139793,32.08521200907925,0.11558447293914344,0.5688320651831082,0.0,0.0,0.4256200110670882,0.4822004207788361,0.5932242253735737,0.49862806369438056,0.5184694461166888,0.5274596035109823,0.6297892590247696,0.4497276325209192,0.46649849341644994,0.6308734277789676
abrupt,omd_paper_v2_literal,2,394,5,1,0.3216524339139793,32.40686444299323,0.1143516358985829,0.5694643114682714,0.0,0.0,0.4236755721667448,0.4797212400153793,0.5912568171789434,0.4989806834450994,0.5170341013066747,0.5247821754773563,0.6287427596848697,0.4484280074225405,0.4677950811011072,0.6306962906064388
abrupt,omd_paper_v2_literal,2,395,5,0,0.3216524339139793,32.728516876907214,0.11545998725639581,0.5687739653945282,0.0,0.0,0.42542435570802867,0.48195105043998065,0.5930264992337728,0.49866352624558274,0.5183251083511402,0.5271904061751477,0.629684068599463,0.44959689921486085,0.4666288697368585,0.6308556148690838
abrupt,omd_paper_v2_literal,2,396,6,1,0.015941344123524215,32.74445822103074,0.1142330302420326,0.5741125443082933,0.0,0.0,0.4234876938507221,0.47948158568731897,0.5910664376230861,0.4990147773593825,0.5168953063965962,0.5245232241410013,0.6286415122227423,0.448302387214195,0.4679204680199638,0.630679161821874
abrupt,omd_paper_v2_literal,2,397,6,1,0.015941344123524215,32.760399565154266,0.1141452908902762,0.5794363954175208,0.0,0.0,0.4233154894360973,0.4799273558276081,0.5922206742678885,0.49861786476722497,0.5170878036511943,0.5253079041681216,0.6300174192015455,0.4478631530828861,0.4676216628468959,0.6317576251392065
abrupt,omd_paper_v2_literal,2,398,6,1,0.015941344123524215,32.77634090927779,0.11406311181063239,0.5847452369296345,0.0,0.0,0.4231441520386831,0.4803709611922724,0.5933682143909299,0.49822290966484434,0.5172793473540234,0.5260885937012609,0.6313844534018431,0.4474261639866646,0.4673243530682384,0.6328294682848805
abrupt,omd_paper_v2_literal,2,399,6,0,0.015941344123524215,32.79228225340132,0.11398641198547904,0.5756503202922225,0.0,0.0,0.42297367491546717,0.48081241747303405,0.5945091049410737,0.4978298975119261,0.5174699448002528,0.5268653204607551,0.6327426790732551,0.4469914027879582,0.467028527256937,0.6338947423265705
abrupt,omd_paper_v2_literal,2,400,5,1,0.3216524339139793,33.1139346873153,0.11412101011671184,0.576291652794802,0.0,0.0,0.42326595958895585,0.48005558418154703,0.592552493946453,0.49850369616780105,0.517143173091414,0.5255335884607935,0.6304127987514122,0.447736825746347,0.4675357180939599,0.6320675936640187
abrupt,omd_paper_v2_literal,2,401,5,1,0.3216524339139793,33.43558712122928,0.11523120868659216,0.5770885013244587,0.0,0.0,0.42500624128131476,0.48227300312212296,0.5943078328326692,0.49818943669688265,0.5184271424313198,0.5279269245123739,0.6313431189403224,0.4489010846278416,0.4663763438110165,0.632222275506225
abrupt,omd_paper_v2_literal,2,402,5,0,0.3216524339139793,33.757239555143265,0.11634246958894326,0.5762056958622578,0.0,0.0,0.4267366854480523,0.484476231653798,0.5960490080986778,0.49787728776261425,0.5197022537075646,0.5303029280045453,0.6322662293974372,0.4500580843364749,0.4652251099686253,0.6323758922829614
abrupt,omd_paper_v2_literal,2,403,6,1,0.015941344123524215,33.77318089926679,0.11509679445326815,0.5815266322804118,0.0,0.0,0.42479616605700604,0.482005419107067,0.5940961672688477,0.4982273539646613,0.5182722362029563,0.5276382196919026,0.6312309217339067,0.4487605796627443,0.4665162104358551,0.6322036136330103
abrupt,omd_paper_v2_literal,2,404,6,1,0.015941344123524215,33.78912224339032,0.1150201775959434,0.5868317956472634,0.0,0.0,0.42462301752682646,0.48244246361935306,0.595231229443692,0.4978356538612951,0.5184603227260154,0.5284091983249686,0.6325851083403998,0.44832455685983524,0.4662229424719941,0.6332672332158127
abrupt,omd_paper_v2_literal,2,405,6,1,0.015941344123524215,33.80506358751384,0.11494887380324759,0.5921209632691871,0.0,0.0,0.4244507329661784,0.482877400399984,0.5963597381855836,0.4974458693453132,0.5186474854952983,0.5291762772094795,0.6339306078088796,0.4478907423139525,0.4659311299186526,0.6343243711241492
abrupt,omd_paper_v2_literal,2,406,6,0,0.015941344123524215,33.82100493163737,0.11488280434222108,0.582959599666788,0.0,0.0,0.42427930569731903,0.4833102446860687,0.5974817395686158,0.4970579862585895,0.5188337315404001,0.5299394834531194,0.6352674832027251,0.4474591192747145,0.4656407617104833,0.6353750772142814
abrupt,omd_paper_v2_literal,2,407,5,0,0.3216524339139793,34.14265736555135,0.1150004187951577,0.5822487132647332,0.0,0.0,0.4245764480208922,0.4825600223679674,0.5955363598274456,0.4977302966800037,0.5185109124460685,0.528616549485141,0.6329489952000588,0.44820729106620927,0.4661440646377153,0.633553099565996
abrupt,omd_paper_v2_literal,2,408,9,1,0.0,34.14265736555135,0.11376253628889725,0.5875614087621834,0.0,0.0,0.42264724938904236,0.4801034665723939,0.5935964184175709,0.4980772121767341,0.5170882711639385,0.5259666061730686,0.6319245320057755,0.44691544697792157,0.4674281405112009,0.6333858319082103
abrupt,omd_paper_v2_literal,2,409,9,0,0.0,34.14265736555135,0.11358114366932084,0.5783803539210987,0.0,0.0,0.4216686149258988,0.4796113897908888,0.594481736729878,0.4986338935048681,0.5176517705894557,0.5260911362245461,0.6329770707757656,0.44680551588169404,0.46671192944320594,0.6347202831101745
abrupt,omd_paper_v2_literal,2,410,9,1,0.0,34.14265736555135,0.11389816594107467,0.5836876084492074,0.0,0.0,0.4233612692192113,0.4804623214506322,0.5929504457178952,0.4976712739220923,0.5166773306296016,0.5258757947735663,0.6311562096584262,0.4469956138149896,0.4679504982182768,0.6324114353082172
abrupt,omd_paper_v2_literal,2,411,9,1,0.0,34.14265736555135,0.11371285115971361,0.5889782117170019,0.0,0.0,0.42238197052299375,0.47997010558505004,0.5938364078062947,0.4982280772976696,0.517240988815481,0.5260003552315764,0.6322099039098679,0.44688565417116527,0.4672340276303143,0.6337476830421175
abrupt,omd_paper_v2_literal,2,412,9,0,0.0,34.14265736555135,0.1135337201834009,0.579821086934365,0.0,0.0,0.4214080117191898,0.4794803079723683,0.5947174807423599,0.49878219313094274,0.5178018784037012,0.5261243102802918,0.6332572520641099,0.44677623129391786,0.46652115500302577,0.6350754308996108
abrupt,omd_paper_v2_literal,2,413,5,0,0.3216524339139793,34.46430979946533,0.11384730154171115,0.5793097094957563,0.0,0.0,0.4230951959173159,0.4803286138025786,0.593191165540957,0.4978225215977639,0.5168304450945584,0.5259096302750895,0.63144255587288,0.44696574423514646,0.467755865367484,0.6327746113918304
abrupt,omd_paper_v2_literal,2,414,3,0,0.2892221772768807,34.75353197674222,0.11262982967123958,0.580023582678034,0.0,0.0,0.4211801317062312,0.477889211208344,0.5912615579672809,0.4981675035355019,0.515417557332192,0.5232762785293096,0.630424103231371,0.44568326189750584,0.4690312247903971,0.6326093370184498
abrupt,omd_paper_v2_literal,2,415,6,0,0.015941344123524215,34.76947332086574,0.11211943737191402,0.5710986507288273,0.0,0.0,0.422256366054026,0.4791066005352742,0.5909568448895158,0.49551597200225944,0.5134123753705622,0.523601699685023,0.6309168287638478,0.44378561604184785,0.4710648211424607,0.6319112250211387
abrupt,omd_paper_v2_literal,2,416,3,0,0.2892221772768807,35.058695498142626,0.11227578457455765,0.5719544984499368,0.0,0.0,0.42254639424766677,0.47836348992773564,0.5890277725856543,0.49618563260699805,0.5130980176010568,0.5222932529786377,0.6286162529467549,0.44452695137769555,0.4715576546188862,0.6301077287810972
abrupt,omd_paper_v2_literal,2,417,6,1,0.015941344123524215,35.07463684226615,0.11178517179829374,0.5772159673534257,0.0,0.0,0.4236174533094444,0.4795737932764075,0.5887238031270768,0.4935496719599414,0.5111037772159681,0.5226165239611854,0.6291065380374128,0.4426413754033956,0.47358087726797277,0.629411199296767
abrupt,omd_paper_v2_literal,2,418,6,0,0.015941344123524215,35.09057818638968,0.11169232775288082,0.568289738567831,0.0,0.0,0.4234467589725412,0.48000986323466704,0.5898571202072718,0.4931572246804448,0.5112889168166678,0.5233846797691196,0.6304571602980275,0.44220694945649647,0.47329083956258555,0.6304715673727035
abrupt,omd_paper_v2_literal,2,419,5,0,0.3216524339139793,35.41223062030366,0.11185296911724267,0.5680413613998949,0.0,0.0,0.42373657181622537,0.47926952921682775,0.5879324343724757,0.49382351996417156,0.5109745880354702,0.5220804538593081,0.6281628973655683,0.4429445627253011,0.47378327138901044,0.6286705514434983
abrupt,omd_paper_v2_literal,2,420,3,0,0.2892221772768807,35.701452797580544,0.11066471459469572,0.5690364645008176,0.0,0.0,0.42183786282632096,0.4768541050009245,0.5860155731542506,0.4941630892273498,0.5095730446170108,0.5194710656672156,0.6271537957293034,0.44167378481783376,0.475049124899349,0.6285085759083189
abrupt,omd_paper_v2_literal,2,421,6,1,0.015941344123524215,35.71739414170407,0.11019019468111071,0.5742783546239635,0.0,0.0,0.42290195124060864,0.47805614924700074,0.5857113299930382,0.4915431833606407,0.5075894131142717,0.519791393004124,0.6276406086914497,0.4398018320486802,0.47706250165047476,0.6278139218457311
abrupt,omd_paper_v2_literal,2,422,6,1,0.015941344123524215,35.733335485827595,0.11008669660588484,0.579506215349977,0.0,0.0,0.4227298558875272,0.4784912578660765,0.5868479788945292,0.4911510536048913,0.5077747187967255,0.5205597171110238,0.6289948437175963,0.4393672103054847,0.476771912017697,0.6288778791247163
abrupt,omd_paper_v2_literal,2,423,6,1,0.015941344123524215,35.74927682995112,0.1099888343157525,0.5847197728203299,0.0,0.0,0.4225586115870563,0.47892429424454663,0.5879782116684331,0.49076083141106625,0.5079591260247319,0.5213242282553521,0.6303405184479549,0.43893478315095436,0.4764827435932555,0.6299354503279024
abrupt,omd_paper_v2_literal,2,424,6,1,0.015941344123524215,35.76521817407465,0.10989653082990611,0.5899187725215594,0.0,0.0,0.42238821184728825,0.4793552731015419,0.5891020718599334,0.4903725028271782,0.5081426415214443,0.5220849522451416,0.6316776934506334,0.4385045340695732,0.4761949857701029,0.6309866834632853
abrupt,omd_paper_v2_literal,2,425,6,1,0.015941344123524215,35.78115951819817,0.10980970940412545,0.5951029781998198,0.0,0.0,0.4222186502330517,0.47978420904524355,0.590219602818458,0.48998605401269685,0.5083252719529759,0.5228419147310316,0.6330064290689315,0.4380764466829197,0.47590862802996314,0.632031626233579
abrupt,omd_paper_v2_literal,2,426,6,0,0.015941344123524215,35.7971008623217,0.10972829355370631,0.5861593934187915,0.0,0.0,0.42204992036551187,0.4802111165732616,0.5913308476939149,0.48960147123801145,0.5085070239287656,0.5235951412057012,0.634326785413426,0.43765050474890604,0.4756236599427984,0.633070326034562
abrupt,omd_paper_v2_literal,2,427,6,1,0.015941344123524215,35.813042206445225,0.10987196895622629,0.591337371717137,0.0,0.0,0.422341223922258,0.4794741296662696,0.5894118360538382,0.4902654153944261,0.5081932492453286,0.5222947193932546,0.6320460917373383,0.43838590042428527,0.4761156335056863,0.6312763641517478
abrupt,omd_paper_v2_literal,2,428,6,0,0.015941344123524215,35.82898355056875,0.10978692046184671,0.5824413641996675,0.0,0.0,0.4221724450078963,0.47990110652524415,0.5905239879038386,0.4898807422430809,0.5083750414452528,0.5230481817414645,0.6333681826631494,0.43795980160067094,0.4758305934505107,0.6323161764160535
abrupt,omd_paper_v2_literal,2,429,9,1,0.0,35.82898355056875,0.10993622137450346,0.5875888795674242,0.0,0.0,0.42246263384584193,0.47916703374950204,0.5886113251642642,0.4905421089071662,0.5080624890453728,0.5217527086936884,0.6310939126852864,0.43869243953085224,0.4763206657513165,0.630527696181884
abrupt,omd_paper_v2_literal,2,430,9,1,0.0,35.82898355056875,0.10972662944311938,0.5927227716582026,0.0,0.0,0.4214850940142111,0.47867065462382974,0.5894891625266143,0.4911007174577771,0.5086231059254199,0.5218695599308596,0.6321357193231385,0.4385849078402923,0.47560723632533025,0.6318570620115296
abrupt,omd_paper_v2_literal,2,431,9,1,0.0,35.82898355056875,0.10952338542888913,0.5978427860387815,0.0,0.0,0.4205128426414246,0.47817669265846247,0.5903622336517718,0.4916566749378971,0.5091810185285509,0.5219858496177895,0.6331713173891251,0.43847789645297625,0.4748973197371818,0.6331780802502257
abrupt,omd_paper_v2_literal,2,432,9,0,0.0,35.82898355056875,0.10932642355904879,0.5890038533921416,0.0,0.0,0.4195458431684424,0.477685130473859,0.5912305728968819,0.49220999962820133,0.5097362458162497,0.522101581951438,0.63420075354989,0.43837140145415954,0.47419089191539354,0.6344908100850507
abrupt,omd_paper_v2_literal,2,433,6,0,0.015941344123524215,35.84492489469228,0.10967003622624817,0.5802078651150419,0.0,0.0,0.4212168611260509,0.478534403097197,0.5897300343899264,0.4912540625830037,0.5087769946677124,0.5219016358323856,0.6324214859203791,0.43855539079697475,0.47541141323954034,0.6322216311669465
abrupt,omd_paper_v2_literal,2,434,5,1,0.3216524339139793,36.16657732860626,0.10982430983809831,0.5804366047174563,0.0,0.0,0.4214998219162818,0.4777992842629931,0.5878270295808243,0.4919173060655016,0.5084688874742189,0.5206101301819295,0.6301575870027631,0.4392855891435836,0.4758955519934152,0.6304463034220077
abrupt,omd_paper_v2_literal,2,435,5,1,0.3216524339139793,36.48822976252024,0.11092765411411128,0.5808222496372709,0.0,0.0,0.42324146871837354,0.48001064822240114,0.5895733057147549,0.49160921632417454,0.5097525856403127,0.5229959861284345,0.6310690443150984,0.4404528192865214,0.4747369936406008,0.6305861276299043
abrupt,omd_paper_v2_literal,2,436,5,0,0.3216524339139793,36.80988219643422,0.11203264338900487,0.5804068461360098,0.0,0.0,0.4249734724978593,0.482208143568401,0.5913057849635059,0.49130317319054123,0.5110276553311813,0.5253650036199181,0.631973540447003,0.4416129717838331,0.473586376926027,0.6307250041648937
abrupt,omd_paper_v2_literal,2,437,9,0,0.0,36.80988219643422,0.11081811649935333,0.5716667614103718,0.0,0.0,0.4230691199501415,0.47979189006706885,0.5894006846522408,0.49163968861782015,0.5096256229365531,0.5227600506032776,0.6309789353447494,0.4403373411999698,0.47485157254252136,0.6305722988581733
abrupt,omd_paper_v2_literal,2,438,5,1,0.3216524339139793,37.131534630348206,0.1111805941800274,0.5720478309938765,0.0,0.0,0.424731998269322,0.4806367950875446,0.5879116987587225,0.49069008954814863,0.5086742542733886,0.5225637927454854,0.6292088408450632,0.4405199463513073,0.47606232243971136,0.6283115982439681
abrupt,omd_paper_v2_literal,2,439,5,0,0.3216524339139793,37.45318706426219,0.1122766750880343,0.5716380932489381,0.0,0.0,0.4264615557981056,0.48282928788917706,0.5896420447002255,0.49038473043949926,0.509946305389168,0.5249273138708219,0.6301129223541629,0.44167736734567375,0.4749142458146496,0.6284503256996549
abrupt,omd_paper_v2_literal,2,440,5,0,0.3216524339139793,37.77483949817617,0.11107402584877248,0.5714214240946531,0.0,0.0,0.42456318311456587,0.48042270901595124,0.5877425913137264,0.49071991210631655,0.5085500160942136,0.5223329091076085,0.6291204971790816,0.44040694398249186,0.4761744604125552,0.628298048617921
abrupt,omd_paper_v2_literal,2,441,3,0,0.2892221772768807,38.064061675453054,0.10989007050342536,0.5726255097519805,0.0,0.0,0.422679506144363,0.47803286880061036,0.5858530488742438,0.4910528959226663,0.5071627848151482,0.5197543863438232,0.628133523456238,0.4391456546878517,0.4774266809910053,0.6281467485689516
abrupt,omd_paper_v2_literal,2,442,6,1,0.015941344123524215,38.08000301957658,0.10943789035834986,0.5777952534240627,0.0,0.0,0.42373094413118384,0.47921938921410173,0.5855472867138689,0.48845825607733867,0.5051941690634162,0.5200664111111809,0.6286127507855296,0.4372908589770005,0.4794251543264072,0.627457272757709
abrupt,omd_paper_v2_literal,2,443,6,1,0.015941344123524215,38.095944363700106,0.10933516276806786,0.5829507941268705,0.0,0.0,0.42355989669497884,0.47964386219645366,0.5866593943384055,0.4880704687881849,0.505370878986776,0.5208163452005581,0.6299396430660105,0.4368598915550066,0.47914478589036696,0.6285009604142764
abrupt,omd_paper_v2_literal,2,444,6,0,0.015941344123524215,38.11188570782363,0.10923788352710595,0.5741729045546107,0.0,0.0,0.4233896802585538,0.4800663472794214,0.5877653402781549,0.48768453850960986,0.5055467478573362,0.5215626224892344,0.631258284086182,0.436431066715522,0.4788657628005301,0.6295384994232628
abrupt,omd_paper_v2_literal,2,445,9,1,0.0,38.11188570782363,0.10940659612003932,0.5792668844730139,0.0,0.0,0.4236797079365465,0.4793465295705843,0.5858804911800191,0.48834209968177983,0.5052470995761197,0.5202910504246627,0.6290104028042942,0.43716176024273834,0.47934117348516203,0.6277700163265957
abrupt,omd_paper_v2_literal,2,446,9,0,0.0,38.11188570782363,0.10918151708507592,0.5706749653815907,0.0,0.0,0.4227001765731405,0.4788471944564397,0.5867562166407915,0.488902040790091,0.5058065884411762,0.520404248202861,0.6300509385768479,0.4370544983916918,0.47862868586947455,0.6291011783717723
abrupt,omd_paper_v2_literal,2,447,5,0,0.3216524339139793,38.433538141737614,0.10956457027584836,0.5706216554325098,0.0,0.0,0.42435405811474014,0.4796901387732699,0.5852776015093649,0.4879568293180189,0.5048621157712881,0.5202131594818228,0.6282937288138899,0.4372355689640509,0.47983147476007915,0.6268529351180661
abrupt,omd_paper_v2_literal,2,448,3,0,0.2892221772768807,38.7227603190145,0.10839459662973328,0.5720148101120925,0.0,0.0,0.4224808694272023,0.477315449210263,0.583398654348747,0.4882863812713824,0.503482707354726,0.5176505267603715,0.627315377358654,0.43598186982523646,0.48107686863160776,0.6267052140059992
abrupt,omd_paper_v2_literal,2,449,6,1,0.015941344123524215,38.73870166313802,0.10796449998835664,0.577151517604229,0.0,0.0,0.4235230585756462,0.478491439042055,0.5830939103661067,0.4857127947439909,0.501528554943488,0.5179590188078388,0.6277908843517086,0.43414391922051765,0.48306147080375095,0.6260200279275346
abrupt,omd_paper_v2_literal,2,450,6,0,0.015941344123524215,38.75464300726155,0.1078545009200272,0.5684859415963424,0.0,0.0,0.42335291578613404,0.47891476490962864,0.5842039621145602,0.48532543835740216,0.5017038539300466,0.5187066594100027,0.6291146490395998,0.43371432837374463,0.48278273083064954,0.6270615596289126
abrupt,omd_paper_v2_literal,2,451,6,1,0.015941344123524215,38.770584351385075,0.10804312554909437,0.5736155177192803,0.0,0.0,0.4236401659900893,0.47820011262493145,0.582329452303419,0.48597939389884237,0.501407909212785,0.5174444253775428,0.6268787175166373,0.4344396328074013,0.48325331333587473,0.6253025378998905
abrupt,omd_paper_v2_literal,2,452,6,1,0.015941344123524215,38.7865256955086,0.10792965734839752,0.5787316616108475,0.0,0.0,0.42346999798931434,0.47862344895614156,0.5834401684101916,0.4855919966803457,0.5015832215724441,0.5181921775993722,0.6282039040906949,0.4340099416524853,0.4829745452437456,0.6263449530376178
abrupt,omd_paper_v2_literal,2,453,6,1,0.015941344123524215,38.80246703963213,0.10782171951408599,0.5838341174039783,0.0,0.0,0.42330065187571914,0.47904481596137477,0.5845447971047385,0.4852064466922296,0.5017577053804273,0.5189363165917352,0.6295209191291583,0.43358237880791783,0.4826971045568524,0.6273812802562737
abrupt,omd_paper_v2_literal,2,454,6,1,0.015941344123524215,38.81840838375565,0.10771924077722647,0.5889226469319103,0.0,0.0,0.42313212153249197,0.47946422729456867,0.5856433783849955,0.48482273071510923,0.5019313666783065,0.5196768661535395,0.6308298188928567,0.43315692859483573,0.48242098163083,0.628411563977098
abrupt,omd_paper_v2_literal,2,455,6,1,0.015941344123524215,38.83434972787918,0.10762215000789846,0.5939970287553096,0.0,0.0,0.4229644008948769,0.479881696509383,0.5867359520793335,0.4844408356328101,0.5021042114578151,0.520413849943289,0.6321306594439807,0.43273357546163277,0.48214616689968026,0.6294358483506051
abrupt,omd_paper_v2_literal,2,456,6,1,0.015941344123524215,38.850291072002705,0.1075303762368258,0.5990570572464171,0.0,0.0,0.42279748394982114,0.4802972370595259,0.5878225578431026,0.48406074843188335,0.5022762456611559,0.5211472914785503,0.6334234966389062,0.4323123039832708,0.4818726508753222,0.6304541772549768
abrupt,omd_paper_v2_literal,2,457,6,0,0.015941344123524215,38.86623241612623,0.10744384867658748,0.5903119291147042,0.0,0.0,0.4226313647356179,0.48071086229909776,0.5889032351553436,0.48368245620110967,0.5024474751813113,0.5218772141354763,0.6347083861213324,0.43189309886057964,0.4816004241471369,0.6314665942945947
abrupt,omd_paper_v2_literal,2,458,6,0,0.015941344123524215,38.882173760249756,0.10759652418868013,0.5816359650287072,0.0,0.0,0.4229186687190022,0.47999553988158333,0.5870337351891212,0.4843367009020758,0.5021513439150861,0.5206148006393724,0.6324850493718643,0.4326181495361424,0.48207123033294735,0.6297149559995747
abrupt,omd_paper_v2_literal,2,459,5,0,0.3216524339139793,39.20382619416374,0.1077627580561913,0.5817084640461887,0.0,0.0,0.4232046811927329,0.4792836433955682,0.5851704807202214,0.4849879399926845,0.5018565957158346,0.5193580280640513,0.6302664981342275,0.43334009694650544,0.48253986687155487,0.6279681110117592
abrupt,omd_paper_v2_literal,2,460,9,1,0.0,39.20382619416374,0.10659003160985558,0.5866877925107017,0.0,0.0,0.42133773529059104,0.476920799678538,0.583307056042509,0.48531238787690406,0.5004826817971063,0.5168099744687372,0.6293049912069069,0.43208896245195777,0.4837797196051956,0.6278298756515766
abrupt,omd_paper_v2_literal,2,461,9,1,0.0,39.20382619416374,0.10635521656893814,0.5916563912355054,0.0,0.0,0.42036382506490755,0.4764191537590311,0.5841715599698335,0.48587337522793894,0.5010382758112996,0.5169158192567954,0.6303304556606387,0.4319853318151765,0.48307204837920503,0.6291477634368315
abrupt,omd_paper_v2_literal,2,462,9,1,0.0,39.20382619416374,0.10612682864790997,0.5966139380606095,0.0,0.0,0.41939511711838795,0.4759199177926629,0.5850314781804955,0.4864317557165587,0.5015912504737933,0.5170211640164253,0.6313499235525396,0.43188219518251686,0.48236777764185,0.6304575376969246
abrupt,omd_paper_v2_literal,2,463,9,1,0.0,39.20382619416374,0.10590480807935494,0.6015601303004481,0.0,0.0,0.4184315762065464,0.4754230747913172,0.5858868428456246,0.48698754682018314,0.5021416236480238,0.5171260124117512,0.632363438982454,0.4317795489035256,0.48166688479755004,0.6317592543681254
abrupt,omd_paper_v2_literal,2,464,9,1,0.0,39.20382619416374,0.10568909483623726,0.6064946837401657,0.0,0.0,0.41747316727619965,0.47492860789354974,0.5867376859312909,0.4875407658995576,0.5026894130739008,0.5172303680762331,0.633371045772173,0.43167738935868644,0.4809693473903036,0.6330529691837891
abrupt,omd_paper_v2_literal,2,465,9,1,0.0,39.20382619416374,0.10547962864857098,0.6114173316867514,0.0,0.0,0.4165198554670914,0.47443650036415225,0.5875840391979927,0.48809143019882645,0.5032346363679928,0.5173342346128684,0.6343727874641512,0.4315757129592093,0.480275143103986,0.6343387376674429
abrupt,omd_paper_v2_literal,2,466,9,1,0.0,39.20382619416374,0.10527634902023811,0.6163278240718317,0.0,0.0,0.4155716061134052,0.4739467355936956,0.5884259342002207,0.4886395568456352,0.5037773110237416,0.5174376155943944,0.6353687073203544,0.4314745161468181,0.47958424976259983,0.6356166151261782
abrupt,omd_paper_v2_literal,2,467,9,0,0.0,39.20382619416374,0.10507919524593823,0.6077618913722147,0.0,0.0,0.4146283847451712,0.47345929709805457,0.5892634022860972,0.48918516285126057,0.5043174544117012,0.5175405145634921,0.6363588483212349,0.4313737953935374,0.4788966453304789,0.6368866566443399
abrupt,omd_paper_v2_literal,2,468,9,1,0.0,39.20382619416374,0.10542675845910975,0.6126657700714849,0.0,0.0,0.41627549219972443,0.47431031421449843,0.5878009915086166,0.4882326450858278,0.5033744500875723,0.5173608694961539,0.6346294833447558,0.43154964039377414,0.4800971362619288,0.6346681476381759
abrupt,omd_paper_v2_literal,2,469,9,0,0.0,39.20382619416374,0.10522569350389244,0.6041463253892023,0.0,0.0,0.41533155055322496,0.473822705264952,0.5886390713425663,0.48877838025924136,0.5039147479116809,0.5174637977140957,0.6356207513873151,0.43144888786275765,0.47940928580877373,0.6359399490286691
abrupt,omd_paper_v2_literal,2,470,9,1,0.0,39.20382619416374,0.105578600858393,0.6090433951793478,0.0,0.0,0.41697318767336644,0.474670548058914,0.5871815649506956,0.4878295221936056,0.5029753207539712,0.5172848342940357,0.6338964882508069,0.4316240710831067,0.48060530789126393,0.6337274441106442
abrupt,omd_paper_v2_literal,2,471,9,1,0.0,39.20382619416374,0.10537367368662945,0.6139285804543388,0.0,0.0,0.41602855692853363,0.474182781660122,0.588020229772645,0.48837537237348916,0.5035157587755352,0.5173877891768008,0.6348888472237382,0.43152328933098477,0.4799172305205315,0.635000953083579
abrupt,omd_paper_v2_literal,2,472,9,1,0.0,39.20382619416374,0.10517482371266337,0.6188016439450397,0.0,0.0,0.4150889068846872,0.47369731991124603,0.5888545088382566,0.4889187257462759,0.50405368932774,0.5174902664678044,0.6358754800935111,0.4314229792856561,0.4792324108851185,0.6362666991504691
abrupt,omd_paper_v2_literal,2,473,9,1,0.0,39.20382619416374,0.10498199128178276,0.6236623633558036,0.0,0.0,0.41415420382392026,0.4732141467033555,0.5896844327977799,0.4894595989424489,0.5045891293902938,0.5175922696275526,0.6368564288842659,0.4313231375011624,0.4785508274375078,0.6375247362378453
abrupt,omd_paper_v2_literal,2,474,9,0,0.0,39.20382619416374,0.10479511656053592,0.6151130176080368,0.0,0.0,0.4132244142211224,0.47273324604893496,0.5905100320998904,0.48999800847929326,0.5051220958235101,0.5176938020875551,0.6378317353444295,0.43122376056076717,0.4778724587671982,0.6387751180463316
abrupt,omd_paper_v2_literal,2,475,9,0,0.0,39.20382619416374,0.10512744776185853,0.6066345016560873,0.0,0.0,0.414861481727674,0.4735797823671515,0.5890564364478067,0.4890502920344613,0.504183937236317,0.5175150791015435,0.6361142024354006,0.4313986920324924,0.479066606956949,0.6365728918618907
abrupt,omd_paper_v2_literal,2,476,3,0,0.2892221772768807,39.49304837144062,0.10547377674706457,0.6080075274909695,0.0,0.0,0.4164928845846686,0.4744225738167796,0.5876079845579382,0.4881070151217328,0.5032500667708347,0.5173371741454436,0.63440112115614,0.43157283547240527,0.480255497340419,0.6343750987910196
abrupt,omd_paper_v2_literal,2,477,6,0,0.015941344123524215,39.50898971556415,0.10502527548524339,0.5995396322004811,0.0,0.0,0.41751978955164004,0.4755883794170476,0.5873080656478595,0.4855459844290045,0.5013043616459111,0.5176424086300077,0.6348759621238298,0.42974372754519463,0.48223028535362705,0.6337054360161622
abrupt,omd_paper_v2_literal,2,478,3,0,0.2892221772768807,39.79821189284103,0.10518184193153897,0.6010406320220403,0.0,0.0,0.4177836617087775,0.4748652937537343,0.5854628022585023,0.48621139258597523,0.5010226987419042,0.5163865490854213,0.6326836743895176,0.43046406918084207,0.4826826951843863,0.6319938343677584
abrupt,omd_paper_v2_literal,2,479,6,1,0.015941344123524215,39.81415323696456,0.1047529890421596,0.6059413344381869,0.0,0.0,0.4188057513070421,0.4760244673251639,0.5851636533417061,0.4836654668722114,0.4990878204260607,0.5166897943874307,0.6331562360599483,0.42864656594838774,0.48464716389612184,0.6313256938561571
abrupt,omd_paper_v2_literal,2,480,6,1,0.015941344123524215,39.83009458108808,0.10466169691715958,0.6108296120911858,0.0,0.0,0.4186530768495236,0.4764415722466652,0.586229248874516,0.4832822117388185,0.49925089386967175,0.5174145309954333,0.6344213804799075,0.428231699430903,0.4843854651582647,0.6323148815226939
abrupt,omd_paper_v2_literal,2,481,6,1,0.015941344123524215,39.84603592521161,0.10457557457568714,0.6157052512019169,0.0,0.0,0.41850111821149727,0.4768567964688907,0.587289155174278,0.48290073419874713,0.499413219423016,0.5181358703516813,0.6356788815863922,0.4278188361633811,0.4841249753858641,0.6332984267583763
abrupt,omd_paper_v2_literal,2,482,6,0,0.015941344123524215,39.861977269335135,0.10449455423967972,0.6071973530975268,0.0,0.0,0.4183498701793675,0.47727015271466394,0.5883434091734919,0.48252102180180323,0.49957480242097085,0.5188538343453845,0.6369287919140595,0.4274079616549508,0.4838656859832379,0.634276370392931
abrupt,omd_paper_v2_literal,2,483,6,1,0.015941344123524215,39.87791861345866,0.10463909874802912,0.6120670921443573,0.0,0.0,0.418614000872133,0.4765483395270607,0.5865018688993457,0.4831841170825929,0.4992926340967326,0.5176000225746483,0.6347449090388513,0.4281255265887611,0.4843184822461066,0.6325678949831404
abrupt,omd_paper_v2_literal,2,484,6,1,0.015941344123524215,39.89385995758219,0.10455455076540415,0.6169242201956473,0.0,0.0,0.4184627004442651,0.47696178410018353,0.58755700717072,0.4828042870833426,0.49945426076160165,0.518318237163517,0.6359965273859406,0.4277144664451007,0.48405911623792797,0.6335469244106898
abrupt,omd_paper_v2_literal,2,485,6,1,0.015941344123524215,39.90980130170571,0.10447505575710152,0.6217685427306044,0.0,0.0,0.4183121048626445,0.4773733755933613,0.5886065378416869,0.4824262080443472,0.4996151508615264,0.5190331030361222,0.6372406157272269,0.42730537896537674,0.48380094092267856,0.6345203975872837
abrupt,omd_paper_v2_literal,2,486,6,1,0.015941344123524215,39.92574264582924,0.1044005467944942,0.6265998781781106,0.0,0.0,0.41816220901715384,0.4777831264953524,0.5896504972896104,0.48204986775189984,0.4997753096272041,0.5197446417152153,0.6384772258367585,0.42689824994024517,0.4835439478713633,0.6354883546353411
abrupt,omd_paper_v2_literal,2,487,6,1,0.015941344123524215,39.941683989952764,0.10433095714058374,0.631418057260742,0.0,0.0,0.41801300784076184,0.47819104920399513,0.5906889217229921,0.4816752540870094,0.4999347422465613,0.5204528745949616,0.6397064092696683,0.42649306527546543,0.4832881287230035,0.6364508354183246
abrupt,omd_paper_v2_literal,2,488,6,1,0.015941344123524215,39.95762533407629,0.10426622026886449,0.6362229223738771,0.0,0.0,0.4178644963092133,0.47859715602655944,0.5917218471791241,0.48130235502490293,0.5000934538650361,0.5211578229406689,0.6409282173572602,0.42608981099120624,0.48303347518421175,0.6374078795400799
abrupt,omd_paper_v2_literal,2,489,6,1,0.015941344123524215,39.973566678199816,0.10420626988176436,0.6410143269978638,0.0,0.0,0.4177166694407183,0.47900145918011006,0.5927493095218643,0.4809311586345206,0.5002514495858627,0.5218595078885577,0.6421427012023296,0.42568847322134257,0.48277997902876413,0.6383595263442761
abrupt,omd_paper_v2_literal,2,490,6,1,0.015941344123524215,39.98950802232334,0.10415103992865134,0.6457921351413368,0.0,0.0,0.41756952229564054,0.4794039707918805,0.5937713444395339,0.4805616530780023,0.5004087344703566,0.5225579504455731,0.6433499116747097,0.4252890382127471,0.4825276320971682,0.6393058149139383
abrupt,omd_paper_v2_literal,2,491,6,1,0.015941344123524215,40.00544936644687,0.104100464623395,0.6505562208139003,0.0,0.0,0.4174230499761857,0.47980470289965843,0.5947879874429306,0.4801938266101681,0.5005653135382021,0.5232531714892343,0.6445498994070399,0.4248914923245749,0.482276426296229,0.6402467840710739
abrupt,omd_paper_v2_literal,2,492,6,1,0.015941344123524215,40.021390710570394,0.10405447846147371,0.6553064675264924,0.0,0.0,0.4172772476260878,0.48020366745218024,0.5957992738634569,0.47982766757799084,0.5007211917677405,0.5239451917675233,0.6457427147907465,0.42449582202754216,0.48202635359861123,0.6411824723763851
abrupt,omd_paper_v2_literal,2,493,6,1,0.015941344123524215,40.03733205469392,0.10401301623661864,0.6600427678178551,0.0,0.0,0.41713211043029685,0.48060087630953585,0.5968052388513577,0.47946316442006337,0.5008763740962594,0.5246340318988096,0.6469284079722334,0.42410201390319996,0.48177740604239994,0.6421129181290679
abrupt,omd_paper_v2_literal,2,494,6,0,0.015941344123524215,40.053273398817446,0.10397601305698745,0.6513637925786651,0.0,0.0,0.4169876336146651,0.4809963412435825,0.5978059173740644,0.47910030566605905,0.5010308654202824,0.5253197123718104,0.6481070288492718,0.4237100546432034,0.4815295757306582,0.6430381593666921
abrupt,omd_paper_v2_literal,2,495,6,0,0.015941344123524215,40.06921474294097,0.10404712108563945,0.6427479119061716,0.0,0.0,0.4172525565369513,0.48027123705563957,0.5959704611240115,0.4797656584393436,0.5007475906871289,0.5240623806072247,0.6459445464652633,0.4244288224070703,0.48198400314443335,0.6413408308036797
abrupt,omd_paper_v2_literal,2,496,6,1,0.015941344123524215,40.0851560870645,0.10413217144134207,0.6474908358631062,0.0,0.0,0.41751634677918886,0.47954944549727646,0.5941405096733288,0.4804281186097241,0.5004655773667773,0.5228103467288585,0.6437857521094688,0.42514470596378484,0.48243643584907203,0.6396475390127768
abrupt,omd_paper_v2_literal,2,497,6,1,0.015941344123524215,40.10109743118802,0.10408356003974999,0.6522201670095671,0.0,0.0,0.4173710339040578,0.47994702900354363,0.5951488526760694,0.4800631983556802,0.5006209224968747,0.5235000573805596,0.6449756385392812,0.42475032743402985,0.482187212821031,0.6405807099683238
abrupt,omd_paper_v2_literal,2,498,6,1,0.015941344123524215,40.11703877531155,0.10403945736409187,0.6569357942179412,0.0,0.0,0.4172263809156112,0.4803428712561542,0.5961519185177533,0.47969992059317956,0.5007755773005695,0.5241866145899868,0.6461584600512468,0.424357796290698,0.48193910590817074,0.6415086796638839
abrupt,omd_paper_v2_literal,2,499,6,1,0.015941344123524215,40.132980119435075,0.10399979953552695,0.6616376150079416,0.0,0.0,0.41708238310310497,0.48073698386266084,0.5971497416277641,0.47933827400876705,0.5009295466086074,0.5248700385447972,0.6473342657677079,0.4239670994046553,0.4816921073201212,0.6424314855913685
abrupt,omd_paper_v2_literal,2,500,6,1,0.015941344123524215,40.1489214635586,0.10396452298723437,0.6663255351195764,0.0,0.0,0.4169390357955728,0.4811293783447209,0.5981423562566794,0.47897824737761685,0.5010828352120837,0.5255503493062147,0.6485031045673721,0.42357822375388293,0.48144620932972276,0.6433491649875483
abrupt,omd_paper_v2_literal,2,501,6,1,0.43699100497186033,40.58591246853046,0.23107648773392128,0.6709994681080461,0.0,0.0,0.4167963343615224,0.4815200661385094,0.5991297964747995,0.47861982956300375,0.5012354478627259,0.5262275668090353,0.649665025082068,0.42319115642276184,0.4812014042725956,0.6442617548340387
abrupt,omd_paper_v2_literal,2,502,6,0,0.43699100497186033,41.02290347350232,0.23149277156656267,0.662331389166226,0.0,0.0,0.4166542742086321,0.48190905859513844,0.6001120961707743,0.4782630095157683,0.5013873892731765,0.5269017108616639,0.6508200756936835,0.42280588460135543,0.480957684546707,0.645169291857359
abrupt,omd_paper_v2_literal,2,503,6,0,0.43699100497186033,41.459894478474176,0.23072069528483938,0.6537244747636989,0.0,0.0,0.41691790329013284,0.48118723104084615,0.5982886296047764,0.4789251704921029,0.501105434533205,0.5256506395554208,0.6486752763978729,0.42352089981380137,0.4814099573481583,0.6434843696866733
abrupt,omd_paper_v2_literal,2,504,5,0,0.13127991518140525,41.59117439365558,0.22995382957419377,0.6537304574493528,0.0,0.0,0.41718041960144764,0.48046865753465273,0.5964704805410515,0.47958449153011945,0.5008247196990019,0.5244047529656417,0.6465339348286151,0.42423308727726916,0.4818602704088399,0.6418033258764824
abrupt,omd_paper_v2_literal,2,505,9,1,0.45293234909538455,42.04410674275096,0.2304227783778076,0.6582705539918604,0.0,0.0,0.41530107677982775,0.47809489093792806,0.5946324430212993,0.4799028571281001,0.49944345498895265,0.5218544266240172,0.6456128495858475,0.422968442604213,0.4831038165292668,0.641689893753602
abrupt,omd_paper_v2_literal,2,506,9,0,0.45293234909538455,42.49703909184635,0.23091883413428452,0.650141673430011,0.0,0.0,0.41438831060882186,0.47761219595729265,0.5954191360120662,0.4804392699716145,0.4999634987165579,0.5219385328461725,0.6465362762011819,0.4228787357906583,0.4824422810859896,0.6428935619470347
abrupt,omd_paper_v2_literal,2,507,6,0,0.43699100497186033,42.934030096818205,0.23003016177551927,0.6416882951434241,0.0,0.0,0.41602462115940936,0.47847733100222234,0.5940088468321408,0.4794779214683301,0.4990314555879585,0.5217877933080645,0.6448805009918069,0.42303951566771497,0.4836279544944324,0.6407350276920033
abrupt,omd_paper_v2_literal,2,508,5,1,0.13127991518140525,43.06531001199961,0.22927705994287242,0.6416199654198513,0.0,0.0,0.41628379170367014,0.4777644437921163,0.5922011361689823,0.4801341344600002,0.49875540243023375,0.5205519631520479,0.642747370154574,0.423747255133092,0.4840722314759295,0.6390638856568882
abrupt,omd_paper_v2_literal,2,509,5,1,0.13127991518140525,43.19658992718101,0.22884222315940395,0.6416893313756209,0.0,0.0,0.4180005853917209,0.47993081574591206,0.5938812318478464,0.4798437058959894,0.5000159828213402,0.5228799085549692,0.6435901034287012,0.4249024564191402,0.4829373000181803,0.6391667935923279
abrupt,omd_paper_v2_literal,2,510,5,0,0.13127991518140525,43.32786984236241,0.228417758241892,0.6416205404836313,0.0,0.0,0.419708256560777,0.4820839381580664,0.5955482987616513,0.47955516734423226,0.5012684181633688,0.525191828816444,0.6444265120060154,0.42605100660948475,0.48180987587181484,0.6392690239622205
abrupt,omd_paper_v2_literal,2,511,5,1,0.13127991518140525,43.45914975754381,0.22888464828153576,0.6416760252522791,0.0,0.0,0.4178316634211783,0.47971773533362805,0.5937161043772552,0.4798722666572705,0.49989201441613124,0.522651015875937,0.643507266557935,0.4247888148830767,0.48304890397566835,0.6391566739737263
abrupt,omd_paper_v2_literal,2,512,5,1,0.13127991518140525,43.590429672725215,0.22846059042315683,0.6418658695117194,0.0,0.0,0.4195344573181069,0.48186488281199213,0.5953788185352987,0.47958451793642615,0.5011410162566772,0.5249566993727977,0.6443414696010533,0.4259341351455384,0.48192455337070084,0.639258625286203
abrupt,omd_paper_v2_literal,2,513,5,0,0.13127991518140525,43.721709587906616,0.22804673045258395,0.641663542744952,0.0,0.0,0.4212282065247581,0.48399889332691765,0.5970286805568802,0.4792986321139213,0.5023819761588361,0.5272465101418518,0.6451694435904384,0.42707288156144135,0.4808076106749219,0.6393599088828311
abrupt,omd_paper_v2_literal,2,514,5,0,0.13127991518140525,43.85298950308802,0.22850578158066745,0.6416258250614553,0.0,0.0,0.4193514520438635,0.4816342045893307,0.5952003154208323,0.47961542700648235,0.5010068499776719,0.5247090741242488,0.6442519021477233,0.4258110675122835,0.48204532155706303,0.6392476743669511
abrupt,omd_paper_v2_literal,2,515,9,0,0.45293234909538455,44.3059218521834,0.22897094185018094,0.6335923536270707,0.0,0.0,0.4174890344200696,0.47928548657486725,0.5933810488767491,0.4799302076445474,0.4996405225173528,0.5221866372455048,0.6433391908615783,0.42455829725264616,0.4832753176336231,0.6391361441481553
abrupt,omd_paper_v2_literal,2,516,9,0,0.45293234909538455,44.75885420127879,0.22808881554954058,0.6256331905884636,0.0,0.0,0.4191184024418194,0.4801470004893669,0.5919811297800929,0.4789748690923115,0.4987161192640932,0.5220396836414409,0.6416907743082007,0.42471834831876876,0.4844516605157287,0.636984365205106
abrupt,omd_paper_v2_literal,2,517,5,1,0.13127991518140525,44.89013411646019,0.22721247424903918,0.6256818549533284,0.0,0.0,0.4207422022290711,0.4810047601026733,0.5905860176654437,0.4780239764935916,0.49779587893689653,0.5218933866493387,0.6400464323197272,0.4248776958048552,0.48562288815271376,0.6348367932997762
abrupt,omd_paper_v2_literal,2,518,5,1,0.13127991518140525,45.02141403164159,0.22678438608430315,0.6258670514599765,0.0,0.0,0.422440194144911,0.4831420546324124,0.5922445644386615,0.47773760338967053,0.4990387494341592,0.5241882668204125,0.6408800015030051,0.42601757103253846,0.48450370891877675,0.6349385442649116
abrupt,omd_paper_v2_literal,2,519,5,1,0.13127991518140525,45.15269394682299,0.22636650436332445,0.6261860510411353,0.0,0.0,0.42412915800297163,0.4852663087667241,0.5938904388479996,0.47745307393851727,0.5002736931076989,0.5264674777724087,0.6417074047656469,0.4271509447737488,0.4833918321486569,0.6350396333755303
abrupt,omd_paper_v2_literal,2,520,5,1,0.13127991518140525,45.283973862004395,0.22595871505979898,0.6266360892119747,0.0,0.0,0.4258091134627649,0.4873775502158031,0.5955237360398096,0.47717037260285894,0.5015007618309155,0.5287310689821485,0.6425286990923806,0.42827785235125293,0.48228720543321135,0.635140066339017
abrupt,omd_paper_v2_literal,2,521,5,1,0.13127991518140525,45.4152537771858,0.22556090359520758,0.6272143713068115,0.0,0.0,0.42748008150391964,0.48947580901772486,0.5971445513991444,0.47688948393558006,0.5027200076484911,0.5309790925835641,0.6433439410884455,0.4293983293803078,0.4811897763554618,0.6352398488262536
abrupt,omd_paper_v2_literal,2,522,5,1,0.13127991518140525,45.5465336923672,0.22517295491293732,0.6279180776719049,0.0,0.0,0.42914208437787454,0.49156111745173986,0.5987529805030821,0.4766103925815301,0.5039314827527945,0.5332116032564268,0.6441531869732743,0.43051241174762656,0.4800994925087081,0.6353389864710772
abrupt,omd_paper_v2_literal,2,523,5,1,0.13127991518140525,45.6778136075486,0.22479475355044207,0.6287443687881359,0.0,0.0,0.4307951455606028,0.4936335099533847,0.600349119075825,0.47633308327922363,0.5051352394611022,0.5354286581176635,0.6449564925746165,0.43162013559097967,0.4790163015139497,0.6354374848697738
abrupt,omd_paper_v2_literal,2,524,5,1,0.13127991518140525,45.80909352273,0.2244261837094381,0.6296903902991581,0.0,0.0,0.43243928970636236,0.4956930230314147,0.6019330629455352,0.4760575408624352,0.5063313301936194,0.537630316615254,0.6457539133230883,0.43272153727941864,0.4779401510366283,0.6355353495806075
abrupt,omd_paper_v2_literal,2,525,5,1,0.13127991518140525,45.940373437911404,0.2240671293241311,0.6307532779225681,0.0,0.0,0.43407454260247386,0.49773969518655814,0.6035049080028618,0.4757837502616925,0.5075198074522828,0.5398166404247029,0.6465455042471335,0.4338166533941129,0.47687098880270956,0.6356325861233846
abrupt,omd_paper_v2_literal,2,526,5,0,0.13127991518140525,46.071653353092806,0.2237174741274754,0.6295160538545066,0.0,0.0,0.43570093112511527,0.4997735668320881,0.6050647501611197,0.47551169650567104,0.508700723800328,0.54198769334807,0.6473313199683837,0.4349055207097875,0.4758087626141202,0.6357291999790496
abrupt,omd_paper_v2_literal,2,527,5,1,0.13127991518140525,46.20293326827421,0.2241293779966833,0.6305549020809001,0.0,0.0,0.43378857404258814,0.4973819022443626,0.6032302816832513,0.47583161145862357,0.5073120515550708,0.5394345500140462,0.6464071814217548,0.43362516558252967,0.47705787758577733,0.6356155886795941
abrupt,omd_paper_v2_literal,2,528,5,0,0.13127991518140525,46.33421318345561,0.22377926968297243,0.6293476291240541,0.0,0.0,0.43541096007901087,0.4994110706024594,0.6047868975857076,0.47556018315908094,0.5084902576680248,0.5416008643467167,0.6471913234775917,0.43471140728736823,0.4759980657669689,0.6357119814444843
abrupt,omd_paper_v2_literal,2,529,5,0,0.13127991518140525,46.46549309863701,0.2241910604134936,0.6283145981870624,0.0,0.0,0.4335062421638007,0.4970286078888103,0.6029590424125358,0.4758788716765889,0.50710690380011,0.5390572153947562,0.6462705726785459,0.4334361034153441,0.47724242426426433,0.6355988044904113
abrupt,omd_paper_v2_literal,2,530,5,1,0.13127991518140525,46.596773013818414,0.22460993212086972,0.629191273372223,0.0,0.0,0.4316153857031006,0.4946611850785783,0.6011397722117571,0.4761955857026765,0.5057320973696938,0.5365274645163269,0.6453545067754445,0.43216965160434806,0.47847927706842736,0.6354863207961369
abrupt,omd_paper_v2_literal,2,531,5,1,0.13127991518140525,46.728052928999816,0.22424977356410947,0.6301838848433828,0.0,0.0,0.4332384480460079,0.4966934580980427,0.6027016728966488,0.4759237054599125,0.5069122882636534,0.5386992156977471,0.6461409567797408,0.43325676758558873,0.4774175001297968,0.6355828818721839
abrupt,omd_paper_v2_literal,2,532,5,0,0.13127991518140525,46.85933284418122,0.22389888213315923,0.6290339683029242,0.0,0.0,0.4348528119524693,0.4987131693868588,0.6042517657035426,0.47565353437824953,0.5080850450263774,0.5408559730577926,0.6469217212161853,0.43433774287082205,0.47636254491399627,0.6356788301296887
abrupt,omd_paper_v2_literal,2,533,5,0,0.13127991518140525,46.99061275936262,0.22431034929970964,0.6280556248923048,0.0,0.0,0.43296311607137544,0.4963488267363277,0.6024369606077705,0.4759698084350966,0.5067121629620719,0.5383310430509493,0.64600765037651,0.43307237481923255,0.47759753639395924,0.6355665083374747
abrupt,omd_paper_v2_literal,2,534,5,1,0.13127991518140525,47.12189267454402,0.22472875199735662,0.6288880639712243,0.0,0.0,0.43108710247049914,0.4939993499498864,0.6006306466681073,0.4762841346168593,0.5053477187912536,0.5358198660904271,0.6450982060876478,0.4318157405226407,0.4788251186525472,0.6354548704641756
abrupt,omd_paper_v2_literal,2,535,5,1,0.13127991518140525,47.25317258972542,0.22436797728450777,0.6298357905466236,0.0,0.0,0.43270207553970713,0.4960220392318257,0.6021858963960428,0.4760135251590087,0.5065223956323367,0.5379818911000549,0.6458812239302902,0.4328975447004296,0.47776825803242723,0.6355509821276452
abrupt,omd_paper_v2_literal,2,536,5,1,0.13127991518140525,47.384452504906825,0.2240163821707377,0.6308960815893357,0.0,0.0,0.43430845842042914,0.49803232262191033,0.6037294662923531,0.4757446066783261,0.507689721437818,0.5401291033628368,0.6466586151646344,0.43397327893131615,0.4767181441475314,0.6356464874564323
abrupt,omd_paper_v2_literal,2,537,5,1,0.13127991518140525,47.51573242008823,0.22367385614170143,0.6320662098855363,0.0,0.0,0.435906276805754,0.5000302387936398,0.6052614475038619,0.47547736496185244,0.5088497461655683,0.5422615638081943,0.6474304316387082,0.4350429781883846,0.4756747274063257,0.6357413916534354
abrupt,omd_paper_v2_literal,2,538,5,0,0.13127991518140525,47.64701233526963,0.22334028856353066,0.63068963046407,0.0,0.0,0.43749555736012213,0.5020158281247529,0.6067819311579543,0.4752117858896951,0.5100025198098223,0.544379335247572,0.648196724815977,0.43610667760646304,0.4746379583039608,0.6358356998848558
abrupt,omd_paper_v2_literal,2,539,5,0,0.13127991518140525,47.77829225045103,0.22373714519469973,0.6294837607238298,0.0,0.0,0.4356085055698929,0.4996580304911835,0.604976199200546,0.47552715032221093,0.5086336434958544,0.5418644070827489,0.647286702453128,0.4348436499072671,0.4758690973454649,0.6357237120542603
abrupt,omd_paper_v2_literal,2,540,6,0,0.43699100497186033,48.21528325542289,0.22414108398993338,0.6206356379344203,0.0,0.0,0.43373491465853997,0.4973147598203813,0.6031787385981529,0.47584059304512,0.5072730642131302,0.539362842509111,0.6463812213029921,0.43358923356751555,0.47709294948046904,0.6356123989354027
abrupt,omd_paper_v2_literal,2,541,5,0,0.13127991518140525,48.34656317060429,0.22333949505088585,0.6196482164964419,0.0,0.0,0.4340371253128852,0.49665161325345725,0.6014257623946695,0.47649173297201924,0.5070294061106475,0.5381880891228624,0.6442730656945723,0.4343305976222413,0.47750732457210826,0.6339352569003557
abrupt,omd_paper_v2_literal,2,542,6,0,0.43699100497186033,48.78355417557615,0.22375487579859626,0.6109092028250931,0.0,0.0,0.43218053634136855,0.49432830489257895,0.5996386598628358,0.476802323239367,0.5056801309158279,0.5357050328429745,0.6433726573897912,0.4330866070925302,0.47872116741385295,0.6338254214074909
abrupt,omd_paper_v2_literal,2,543,4,1,0.11716655026538358,48.90072072584153,0.2229642221812755,0.6099510689966355,0.0,0.0,0.4324821032998226,0.49367072850684696,0.5978918852851188,0.47744961105886496,0.5054388338253294,0.5345375673386937,0.6412693560763135,0.4338244123903017,0.4791323964385702,0.6321545641651448
abrupt,omd_paper_v2_literal,2,544,4,0,0.11716655026538358,49.01788727610691,0.22256508630595914,0.6109354552088743,0.0,0.0,0.4326978988151737,0.4940670777485195,0.5992310938744704,0.47941976533143754,0.5078871576513191,0.5357691104373147,0.6414395626691778,0.4361001649258081,0.47673745988170324,0.632814682389168
abrupt,omd_paper_v2_literal,2,545,6,0,0.43699100497186033,49.45487828107877,0.22297442961173586,0.6022491466199144,0.0,0.0,0.43247665392619716,0.4936607191948294,0.5978580458745816,0.47739986556107555,0.5053769999276925,0.5345064604051857,0.6412650572142052,0.4337669761784148,0.4791928911061073,0.6321378870985047
abrupt,omd_paper_v2_literal,2,546,4,0,0.11716655026538358,49.57204483134415,0.22218877441492227,0.6034030279099873,0.0,0.0,0.43277702166111776,0.4930061675004311,0.596116821456607,0.4780450328493292,0.5051375485194893,0.5333441112223477,0.6391655811364436,0.43450256367278073,0.4796015779372583,0.6304713572918464
abrupt,omd_paper_v2_literal,2,547,6,0,0.43699100497186033,50.00903583631601,0.22260859497485055,0.5947829782717337,0.0,0.0,0.43255729982107316,0.4926027559826373,0.5947501877290983,0.4760398054014515,0.5026448224408107,0.5320896407219976,0.6389920160161746,0.4321877305972798,0.482040810593765,0.6297977068129477
abrupt,omd_paper_v2_literal,2,548,4,1,0.11716655026538358,50.12620238658139,0.22183124757981157,0.5936352344297143,0.0,0.0,0.4328563212726392,0.49195134549442854,0.5930129902593999,0.4766821338243534,0.5024068555022665,0.5309321497689717,0.6368965803615219,0.43291964100488023,0.48244739359105526,0.6281346807072713
abrupt,omd_paper_v2_literal,2,549,4,1,0.11716655026538358,50.24336893684677,0.22141519499904685,0.5926568366260219,0.0,0.0,0.4330724678745749,0.4923480052433319,0.5943586901288552,0.4786544494824289,0.5048583163297848,0.5321661228525262,0.6370675130368605,0.4351970980507481,0.48004841931869086,0.6287982572520767
abrupt,omd_paper_v2_literal,2,550,4,1,0.11716655026538358,50.36053548711215,0.22101170434398998,0.5918453429115993,0.0,0.0,0.4332872222830766,0.4927420733703621,0.595694163294671,0.4806144906659411,0.5072934702666777,0.5333916145093549,0.6372372904976418,0.4374623318091208,0.4776660871508424,0.6294570014491576
abrupt,omd_paper_v2_literal,2,551,4,0,0.11716655026538358,50.47770203737753,0.22062063638784973,0.5926861904268593,0.0,0.0,0.43350059571670696,0.4931335708401054,0.5970194925331123,0.48256229248322585,0.5097123411843396,0.5346086851650376,0.6374059227047019,0.43971532284925113,0.4753003553032369,0.6301109568393448
abrupt,omd_paper_v2_literal,2,552,4,0,0.11716655026538358,50.594868587642914,0.22102470717955,0.5936905093395063,0.0,0.0,0.43328021852627985,0.4927292222605442,0.5956506343809667,0.48055056197540946,0.5072140622358863,0.5333516562472622,0.6372317544204502,0.4373884185354334,0.4777437620060518,0.6294355267081776
abrupt,omd_paper_v2_literal,2,553,5,1,0.13127991518140525,50.726148502824316,0.22143643729748813,0.5944075857465134,0.0,0.0,0.4330613055226776,0.4923275216461569,0.5942892332169553,0.47855258303267695,0.504731728542801,0.5321024104597151,0.6370586869869804,0.43507942319729354,0.4801722798540424,0.6287640022866688
abrupt,omd_paper_v2_literal,2,554,5,1,0.13127991518140525,50.85742841800572,0.22106299810517654,0.5952462568947838,0.0,0.0,0.43467263111507953,0.49434083496813347,0.5958369306249782,0.4782713366628605,0.505887422232964,0.5342510247407717,0.6378427586586739,0.4361470328189815,0.4791338100781901,0.6288536941705986
abrupt,omd_paper_v2_literal,2,555,5,1,0.13127991518140525,50.98870833318712,0.22069877789195264,0.5962037334732367,0.0,0.0,0.4362754800498861,0.4963420282657262,0.5973732843334228,0.47799182245289906,0.507035991929104,0.5363852518512076,0.6386213130896824,0.43720870579812326,0.4781018643417252,0.6289428292061507
abrupt,omd_paper_v2_literal,2,556,5,1,0.13127991518140525,51.11998824836852,0.22034367067943908,0.5972772111659067,0.0,0.0,0.4378698763501273,0.4983311360177329,0.598898379143461,0.4777140261716839,0.5081774849240065,0.5385051462363408,0.6393943996238193,0.43826447582341077,0.4770763958134923,0.6290314120629119
abrupt,omd_paper_v2_literal,2,557,5,0,0.13127991518140525,51.25126816354992,0.2199975702345424,0.596033641929529,0.0,0.0,0.4394558450092957,0.5003081944121208,0.6004122999181387,0.47743793367600784,0.5093119485613087,0.5406107642404112,0.6401620672650873,0.4393143767437398,0.4760573577276305,0.6291194473792255
abrupt,omd_paper_v2_literal,2,558,5,0,0.13127991518140525,51.382548078731325,0.22040306808021645,0.5949624078594341,0.0,0.0,0.4376009270697759,0.49799571318085606,0.5986413402093326,0.47776086918339455,0.5079850039548359,0.5381477701381888,0.639264086822612,0.4380864049563197,0.47724930425930323,0.6290164752032926
abrupt,omd_paper_v2_literal,2,559,5,0,0.13127991518140525,51.51382799391273,0.22081534944292966,0.5940613457093656,0.0,0.0,0.4357589947285643,0.49569735231422557,0.5968785737559881,0.4780818630580374,0.5066660017032655,0.5356978782788459,0.638370590518742,0.43686663746961885,0.4784342731214337,0.6289141163973159
abrupt,omd_paper_v2_literal,2,560,3,1,0.16371017181850367,51.67753816573123,0.22123420482857198,0.5921308644517002,0.0,0.0,0.433929987906347,0.49341310999616383,0.5951240146076646,0.4784009281824847,0.5053549066351223,0.5332611353174406,0.6374815635214874,0.43565502354123176,0.47961229623550106,0.6288123668822194
abrupt,omd_paper_v2_literal,2,561,3,1,0.16371017181850367,51.84124833754973,0.22103663768430362,0.5904030741296341,0.0,0.0,0.43283741197060893,0.49218895625768105,0.5954525662041598,0.48109475451811984,0.5074105203275067,0.5329519056964644,0.6369971414879495,0.437587867568076,0.47752578803595336,0.629533224986069
abrupt,omd_paper_v2_literal,2,562,3,0,0.16371017181850367,52.00495850936823,0.22085017260833434,0.5920050024480916,0.0,0.0,0.4317529955467908,0.4909733134897599,0.595778773759157,0.48377114441592944,0.5094517500958508,0.5326447775386024,0.6365157753871674,0.4395092970440303,0.47545440421189095,0.6302485550456592
abrupt,omd_paper_v2_literal,2,563,3,1,0.16371017181850367,52.16866868118673,0.22102340004114643,0.5902964876050254,0.0,0.0,0.4327622298423466,0.4921046965261045,0.595475178477307,0.4812802227355816,0.5075520073640986,0.5329306193489216,0.636963786691615,0.4377209827610851,0.4773821940071867,0.6295828231184079
abrupt,omd_paper_v2_literal,2,564,3,0,0.16371017181850367,52.33237885300523,0.22083829410648534,0.5918817283545559,0.0,0.0,0.43168195946943716,0.4908936593677231,0.5958001462824678,0.48394655498688866,0.5095854959483568,0.5326246514176843,0.6364842232440142,0.4396352669437934,0.4753187008877588,0.6302954087128915
abrupt,omd_paper_v2_literal,2,565,9,0,0.45293234909538455,52.785311202100615,0.22101038678584362,0.5840471013970743,0.0,0.0,0.43268806547158906,0.4920215744769139,0.595497485158328,0.48146319276713045,0.5076915835828858,0.5329096201830359,0.6369308807893269,0.43785231010279857,0.4772405417118013,0.629631749152515
abrupt,omd_paper_v2_literal,2,566,4,1,0.11716655026538358,52.902477752365996,0.22012470879696328,0.5832173637602217,0.0,0.0,0.43430618571440727,0.4928763189873037,0.5941420001232347,0.4805384773499505,0.506805572917787,0.5327811983294742,0.6353070476134299,0.43802844531154056,0.4783732585457911,0.6275048818497945
abrupt,omd_paper_v2_literal,2,567,4,1,0.11716655026538358,53.01964430263138,0.21973427385646493,0.582550472560835,0.0,0.0,0.4345164913871354,0.4932620841965713,0.5954520548776746,0.4824634424836746,0.5091952320800083,0.5339827414532607,0.6354731358843125,0.44025502563518015,0.4760358661076266,0.628151984605112
abrupt,omd_paper_v2_literal,2,568,4,0,0.11716655026538358,53.13681085289676,0.21935588436225217,0.5832477824669808,0.0,0.0,0.4347254641320234,0.49364536952340077,0.5967523154314487,0.48437650909998875,0.5115690642950504,0.5351761453875481,0.6356381210918174,0.44246963001169204,0.4737145866914569,0.6287944594226401
abrupt,omd_paper_v2_literal,2,569,3,1,0.16371017181850367,53.30052102471526,0.21974984909093784,0.5816099094403774,0.0,0.0,0.43450800129767486,0.4932465114444405,0.5953991967083965,0.4823857249057655,0.5090987735772418,0.5339342450289474,0.6354664318474081,0.44016509570702583,0.4761302024681741,0.6281258712015592
abrupt,omd_paper_v2_literal,2,570,3,1,0.16371017181850367,53.46423119653376,0.21957006377451896,0.5801701837158586,0.0,0.0,0.4334324227532388,0.4920408176373587,0.5957165121292136,0.4850294776011653,0.5111106688197296,0.5336250755467281,0.6349873842687734,0.4420619992097408,0.4740886082087401,0.6288322147444994
abrupt,omd_paper_v2_literal,2,571,3,1,0.16371017181850367,53.62794136835226,0.21940099782531486,0.5789260885330577,0.0,0.0,0.4323647791673523,0.490843414819397,0.5960315904309909,0.4876560812181038,0.5131085259746002,0.5333179830186984,0.6345113297443115,0.4439476776268405,0.47206175492409064,0.6295332100130516
abrupt,omd_paper_v2_literal,2,572,3,1,0.16371017181850367,53.79165154017076,0.219242485179387,0.577874954768217,0.0,0.0,0.4313050072199985,0.48965424728178375,0.5963444507346422,0.49026552336830265,0.5150924017021281,0.5330129509003926,0.6340382476390078,0.4458221506262593,0.47004957674258074,0.6302289050853246
abrupt,omd_paper_v2_literal,2,573,3,1,0.16371017181850367,53.95536171198926,0.2190943593168668,0.5770139673961683,0.0,0.0,0.430253043590816,0.488473258996415,0.596655112088944,0.49285779718236467,0.517062354804236,0.532709962680984,0.6335681172733476,0.44768544010459754,0.46805200566462596,0.6309193478339102
abrupt,omd_paper_v2_literal,2,574,3,1,0.16371017181850367,54.11907188380776,0.21895645340251974,0.5763401726253097,0.0,0.0,0.42920882498379936,0.48730039364847233,0.5969635934662635,0.4954329011315746,0.5190184461244987,0.5324090018879021,0.6331009179319246,0.4495375701059133,0.4660689716679445,0.6316045859151372
abrupt,omd_paper_v2_literal,2,575,3,0,0.16371017181850367,54.282782055626264,0.21882860042158325,0.5770027526630269,0.0,0.0,0.42817228815103664,0.48613559466797623,0.5972699137584822,0.4979908388521029,0.5209607384506042,0.5321100520912644,0.6326366288717656,0.45137856674206267,0.4641004028100916,0.6322846667588505
abrupt,omd_paper_v2_literal,2,576,3,0,0.16371017181850367,54.446492227444764,0.2189545082195685,0.5778345968696692,0.0,0.0,0.42919358454123235,0.4872832713875074,0.5969680965773667,0.49547049852737174,0.5190469999378006,0.5324046078310845,0.6330940951926577,0.4495646207981241,0.4660400281206156,0.6316145861336042
abrupt,omd_paper_v2_literal,2,577,3,1,0.16371017181850367,54.610202399263265,0.21908830396938644,0.5769866808673606,0.0,0.0,0.4302085984266185,0.4884233498292322,0.5966682398119344,0.492967363452117,0.5171455993517076,0.5326971570080774,0.6335482426234436,0.4477642207352236,0.46796760475166177,0.6309485161193518
abrupt,omd_paper_v2_literal,2,578,3,1,0.16371017181850367,54.773912571081766,0.21895171214025275,0.576323359896149,0.0,0.0,0.4291716505793202,0.48725862891043326,0.5969745774712772,0.4955246091657689,0.5190880946534577,0.5323982838516809,0.6330842757443386,0.44960355294880816,0.4659983726788001,0.6316289783495973
abrupt,omd_paper_v2_literal,2,579,3,1,0.16371017181850367,54.93762274290027,0.21882503357120983,0.5758416064753931,0.0,0.0,0.4281422800465494,0.48610186501122093,0.5972787834704503,0.4980649173180951,0.5210169768473942,0.5321013943503355,0.6326231796838518,0.45143190091873925,0.4640434106710942,0.632304353644279
abrupt,omd_paper_v2_literal,2,580,3,1,0.16371017181850367,55.10133291471877,0.21870810452333658,0.57553827386841,0.0,0.0,0.4271204249117807,0.48495300246132844,0.5975808762397531,0.5005882965187264,0.5229323093397314,0.5318064724488791,0.6321649340924977,0.4532492922477743,0.4621026463788468,0.6329746882498237
abrupt,omd_paper_v2_literal,2,581,3,0,0.16371017181850367,55.26504308653727,0.21860076133699163,0.5758438333640208,0.0,0.0,0.4261060233493587,0.48381198540123904,0.5978808741236491,0.5030947600661085,0.5248341572441304,0.5315135021419147,0.6317095186095353,0.45505575639921936,0.46017600577737255,0.6336400281735147
abrupt,omd_paper_v2_literal,2,582,3,1,0.16371017181850367,55.42875325835577,0.21870874071394197,0.5755402239909998,0.0,0.0,0.4271262012041946,0.4849594982153728,0.5975791682782582,0.500574028152016,0.52292148102412,0.5318081401336635,0.6321675258928562,0.45323901234272174,0.4621136171677089,0.6329708993170282
abrupt,omd_paper_v2_literal,2,583,3,0,0.16371017181850367,55.59246343017427,0.21860168811484815,0.5758460318203629,0.0,0.0,0.42611514897634034,0.48382225243875054,0.5978781748322498,0.5030722054332324,0.5248170460440715,0.5315161386171735,0.6317136178462022,0.4550394950607553,0.4601933379920131,0.6336340431873773
abrupt,omd_paper_v2_literal,2,584,4,1,0.11716655026538358,55.70962998043965,0.2187093674799047,0.5761262102573723,0.0,0.0,0.42713188942225866,0.48496589490816017,0.5975774863624334,0.5005599773901062,0.522910817829224,0.5318097823840267,0.6321700781584131,0.4532288892546484,0.4621244206778066,0.6329671681528827
abrupt,omd_paper_v2_literal,2,585,4,1,0.11716655026538358,55.82679653070503,0.2183970408754153,0.5765484305065174,0.0,0.0,0.4273523662163137,0.4853582020754798,0.5988297542416746,0.502369299433337,0.5251714883500237,0.5329723169606515,0.6323390037720936,0.4553531023461964,0.4599188163014583,0.633574045230416
abrupt,omd_paper_v2_literal,2,586,4,1,0.11716655026538358,55.94396308097041,0.21809560425662602,0.5771096859446959,0.0,0.0,0.42757148136506073,0.4857480533873475,0.6000728490835533,0.5041671512600633,0.5274168826424095,0.5341271665298482,0.6325068320350756,0.457465531695845,0.4577286734200722,0.6341766760747538
abrupt,omd_paper_v2_literal,2,587,4,0,0.11716655026538358,56.061129631235794,0.21780491698860707,0.5764910420498862,0.0,0.0,0.4277892458577811,0.48613546869537844,0.6013068463438662,0.5059535832499908,0.5296470495289985,0.5352743868379881,0.632673572414536,0.4595661846850531,0.45555392928921307,0.6347750989678987
abrupt,omd_paper_v2_literal,2,588,3,1,0.16371017181850367,56.224839803054294,0.21813078203399697,0.5764190647818802,0.0,0.0,0.42754557101523855,0.4857019552245409,0.5999259284558177,0.503954572300275,0.5271514361753532,0.5339906322984559,0.6324869891646979,0.45721567013481573,0.4579875593386039,0.6341054409545672
abrupt,omd_paper_v2_literal,2,589,3,1,0.16371017181850367,56.388549974872795,0.21803973586857892,0.5765146724486905,0.0,0.0,0.4265432734781759,0.4845739843898801,0.6002148173862609,0.5064179418455116,0.5290144838551905,0.533695651093603,0.6320369234331296,0.4589894278862064,0.4561006773416344,0.6347578939570968
abrupt,omd_paper_v2_literal,2,590,3,0,0.16371017181850367,56.552260146691296,0.21795774178533808,0.5764187752322711,0.0,0.0,0.4255481979802742,0.4834536247999538,0.6005017278108136,0.5088647207346109,0.5308644172012437,0.5334025963287666,0.6315896047102811,0.4607524910568395,0.45422751395704053,0.6354055447623594
abrupt,omd_paper_v2_literal,2,591,4,1,0.11716655026538358,56.66942669695668,0.2180422621568204,0.5770764856243081,0.0,0.0,0.4265724012791374,0.48460677175857286,0.6002064205165714,0.5063463367807681,0.5289603371730883,0.5337042263787354,0.6320500098627014,0.45893785077349913,0.45615551051597686,0.6347389344532843
abrupt,omd_paper_v2_literal,2,592,4,1,0.11716655026538358,56.78659324722206,0.21775948842764892,0.5778667595001236,0.0,0.0,0.42679223417833145,0.48499570106343237,0.6014313834680998,0.5081123755924629,0.5311688223095595,0.5348453215659248,0.6322173837603317,0.4610197613459239,0.45400258089363443,0.6353308225022642
abrupt,omd_paper_v2_literal,2,593,4,1,0.11716655026538358,56.90375979748744,0.2174871224599119,0.5787865305625842,0.0,0.0,0.4270107242574791,0.48538222195103364,0.6026474475340614,0.5098671961124157,0.5333623206333927,0.5359789365727449,0.632383681902589,0.4630900316782936,0.4518647854003293,0.6359186127627905
abrupt,omd_paper_v2_literal,2,594,4,0,0.11716655026538358,57.02092634775282,0.21722502436937294,0.5777437691840237,0.0,0.0,0.4272278823674261,0.48576635391394896,0.6038546864552471,0.5116108513760251,0.535540886575814,0.5371051261628935,0.6325489135742935,0.4651486753091978,0.44974205673036366,0.6365023421986649
abrupt,omd_paper_v2_literal,2,595,4,1,0.11716655026538358,57.1380928980182,0.21752607225195697,0.5786416866212107,0.0,0.0,0.42697904770387163,0.4853261864288979,0.6024712313406795,0.5096128115844473,0.5330444042873588,0.5358146177175913,0.6323595753991206,0.4627898213539293,0.45217459617430644,0.6358334251459762
abrupt,omd_paper_v2_literal,2,596,4,1,0.11716655026538358,57.25525944828358,0.21726335341288744,0.5796656255008694,0.0,0.0,0.42719567527554236,0.4857093847076711,0.6036757281535112,0.5113522779303366,0.5352178811320554,0.5369381318760185,0.6325244110964049,0.46484329444143574,0.4500567512683663,0.6364157983915872
abrupt,omd_paper_v2_literal,2,597,4,1,0.11716655026538358,57.37242599854896,0.21701071545153788,0.5808125099626148,0.0,0.0,0.4274109888854676,0.48609022638711413,0.6048715208148085,0.5130806990526884,0.5373765728615267,0.5380543163851345,0.6326881952335093,0.4668852314833042,0.4479538143908169,0.6369941689303754
abrupt,omd_paper_v2_literal,2,598,4,1,0.11716655026538358,57.48959254881434,0.2167680193489992,0.5820792512639749,0.0,0.0,0.4276249991653905,0.48646873057108425,0.6060586818669526,0.5147981291913559,0.5395205372638647,0.5391632253574856,0.6328509368850287,0.46891564981670847,0.4458657156000304,0.6375685728668743
abrupt,omd_paper_v2_literal,2,599,4,1,0.11716655026538358,57.606759099079724,0.21653512592611426,0.5834627536860418,0.0,0.0,0.42783771668572057,0.4868449162556856,0.6072372835796012,0.5165046234498923,0.5416498340975247,0.5402649128268955,0.6330126450613779,0.47093456879750856,0.4437923832968793,0.6381390460380626
abrupt,omd_paper_v2_literal,2,600,4,1,0.11716655026538358,57.723925649345105,0.21631189592823863,0.5849599202292228,0.0,0.0,0.4280491519544557,0.4872188023271967,0.6084073979340665,0.5182002377477549,0.5437645250021709,0.5413594327334836,0.6331733287082479,0.47294200973112327,0.4417337443093338,0.6387056240112255
abrupt,omd_paper_v2_literal,2,601,4,1,0.11716655026538358,57.841092199610486,0.21609819010735073,0.5865676580775928,0.0,0.0,0.4282593154161693,0.48759040756012123,0.6095690966084566,0.5198850287738602,0.5458646734117611,0.5424468389092972,0.6333329967061117,0.4749379958047577,0.4396897239747543,0.639268342082019
abrupt,omd_paper_v2_literal,2,602,4,0,0.11716655026538358,57.95825874987587,0.21589386930150561,0.5846454426267974,0.0,0.0,0.42846821745106084,0.4879597506153569,0.6107224509635528,0.5215590539414678,0.5479503444698492,0.5435271850645395,0.6334916578697739,0.47692255202098816,0.4376602462199055,0.6398272352727284
abrupt,omd_paper_v2_literal,2,603,4,1,0.11716655026538358,58.07542530014125,0.21614101646582307,0.5862253430456977,0.0,0.0,0.42821654791668995,0.4875147898361628,0.6093328069747916,0.5195422321688421,0.5454374516149529,0.542225599009069,0.6333005088163127,0.47453177286438053,0.4401054908239087,0.6391538675584462
abrupt,omd_paper_v2_literal,2,604,4,1,0.11716655026538358,58.19259185040663,0.21593547273241445,0.5879126412249899,0.0,0.0,0.4284250027770635,0.48788334880145984,0.6104839741754098,0.5212128107429703,0.5475190471665857,0.5433037425391006,0.6334588402744086,0.47651197336729123,0.43807988647129564,0.6397116560545386
abrupt,omd_paper_v2_literal,2,605,4,0,0.11716655026538358,58.30975840067201,0.2157391413354916,0.5858813640783914,0.0,0.0,0.4286322128342533,0.4882496754381767,0.6116269092172132,0.5228727416641248,0.5495863153302993,0.5443749157985689,0.6336161785739585,0.47848084192845564,0.4360686658978409,0.6402656728155743
abrupt,omd_paper_v2_literal,2,606,4,1,0.11716655026538358,58.42692495093739,0.21597826964931072,0.5875403641822585,0.0,0.0,0.4283809190002115,0.48780540904315167,0.6102406406382175,0.5208595741341918,0.5470789911541601,0.5430757825224606,0.6334253605448344,0.47609315947233694,0.4385080684527409,0.6395937326906167
abrupt,omd_paper_v2_literal,2,607,4,1,0.11716655026538358,58.54409150120277,0.21578064952146025,0.5893036678275994,0.0,0.0,0.4285876951980914,0.48817097537207516,0.6113814722999814,0.5225161753588415,0.5491423401547936,0.5441448268963657,0.6335823795437798,0.47805780583374263,0.43650056708857354,0.6401466832933607
abrupt,omd_paper_v2_literal,2,608,4,0,0.11716655026538358,58.66125805146815,0.21559207264270205,0.587166532638624,0.0,0.0,0.4287932428880983,0.4885343386327143,0.6125141817906766,0.524162245702568,0.5511915104656949,0.5452069891362696,0.6337384187785214,0.4800112180011724,0.43450729237337965,0.6406959141909491
abrupt,omd_paper_v2_literal,2,609,3,1,0.16371017181850367,58.82496822328665,0.21582332188322434,0.588222913529806,0.0,0.0,0.42854233496562316,0.48809078423195623,0.6111313252756865,0.5221528271091241,0.5486898693977262,0.5439103575166724,0.6335479385361008,0.4776267839099953,0.4369407536014939,0.640025420726467
abrupt,omd_paper_v2_literal,2,610,3,1,0.16371017181850367,58.988678395105154,0.21580951592368658,0.5894159601569059,0.0,0.0,0.42757604363891205,0.48700056806467357,0.6113786714664593,0.5244704165159528,0.5504153329243581,0.5436032651150313,0.6331133136732783,0.47928972754044696,0.4351955160402673,0.6406334984262182
abrupt,omd_paper_v2_literal,2,611,3,0,0.16371017181850367,59.152388566923655,0.21580340098531367,0.5881048448776494,0.0,0.0,0.4266165355547762,0.4859175104775811,0.6116243645232449,0.5267720053401694,0.5521284600547481,0.5432981218178494,0.6326812793046358,0.4809423934688296,0.4334631310218589,0.6412372046252806
abrupt,omd_paper_v2_literal,2,612,4,1,0.11716655026538358,59.269555117189036,0.2158106079632704,0.5899178280680678,0.0,0.0,0.42767776175742006,0.4871153548849723,0.6113526302671686,0.524226437763928,0.550233709559347,0.5436356014552476,0.6331590869761523,0.4791146084433158,0.43537920301823585,0.6405694931486976
abrupt,omd_paper_v2_literal,2,613,4,0,0.11716655026538358,59.38672166745442,0.21562691380878982,0.5877104463124986,0.0,0.0,0.42788539549546356,0.487480445539949,0.6124783888315978,0.525855112278531,0.5522649651339865,0.5446932525346158,0.6333158447282105,0.4810520711443306,0.4334038697307199,0.6411133859205572
abrupt,omd_paper_v2_literal,2,614,3,1,0.16371017181850367,59.55043183927292,0.21585320010028355,0.588859293126052,0.0,0.0,0.42763082907362715,0.48703282697016165,0.6110979840928252,0.5238581984798909,0.5497743036343843,0.543396461462917,0.633123647523541,0.4786767243183138,0.4358260196080112,0.640446494472642
abrupt,omd_paper_v2_literal,2,615,3,0,0.16371017181850367,59.71414201109142,0.21584535999915394,0.5875999020829124,0.0,0.0,0.4266726095352291,0.4859509237185541,0.6113404095182187,0.5261515099042353,0.5514794297302901,0.543089197751301,0.6326920519466095,0.48032112646246744,0.43410140170042877,0.641047796530165
abrupt,omd_paper_v2_literal,2,616,4,0,0.11716655026538358,59.8313085613568,0.21585443776628885,0.5855879697519276,0.0,0.0,0.4277298084856395,0.48714455432905546,0.6110729474533934,0.5236213259457307,0.5495981603660474,0.5434281884700698,0.6331682031069293,0.4785069446044789,0.4360041975366479,0.6403843772230783
abrupt,omd_paper_v2_literal,2,617,3,0,0.16371017181850367,59.9950187331753,0.21609146932671716,0.5846447604616383,0.0,0.0,0.4274742070050779,0.48669676924798017,0.6097001431023974,0.5216425760128893,0.5471253458421788,0.5421381685247756,0.6329759874160159,0.4761522095954056,0.4384094895180159,0.6397227877692792
abrupt,omd_paper_v2_literal,2,618,4,1,0.11716655026538358,60.11218528344068,0.21611731217841415,0.5861860307361403,0.0,0.0,0.42852145176519785,0.4878788762251343,0.6094365529545301,0.5191382909509504,0.5452628281476544,0.5424752899660163,0.6334473685095184,0.474360479597468,0.44029436596681415,0.6390658013834962
abrupt,omd_paper_v2_literal,2,619,4,1,0.11716655026538358,60.22935183370606,0.21591398891299826,0.5878307980345585,0.0,0.0,0.42873384450225344,0.48825009907170963,0.6105708314332032,0.5207711708902859,0.5473054319553833,0.5435413197868652,0.6336065800734588,0.47630324560543885,0.4383071036869036,0.6396121629677592
abrupt,omd_paper_v2_literal,2,620,4,1,0.11716655026538358,60.34651838397144,0.21571954930982584,0.5895761936465463,0.0,0.0,0.4289449939615929,0.4886191162677356,0.6116971466393882,0.5223938527716654,0.5493342511860745,0.5446005836762786,0.6337648112489596,0.47823511237275274,0.43633367711349186,0.6401549012694472
abrupt,omd_paper_v2_literal,2,621,4,1,0.11716655026538358,60.463684934236824,0.21553386370234592,0.5914193649199273,0.0,0.0,0.42915491007848033,0.48898594549042945,0.6128155649807174,0.5240063911503251,0.5513493491582844,0.5456531319077991,0.6339220703743633,0.480156105951332,0.43437401319299196,0.6406940484834168
abrupt,omd_paper_v2_literal,2,622,4,1,0.11716655026538358,60.580851484502205,0.21535680268281443,0.5933574792539219,0.0,0.0,0.42936360272552465,0.48935060430726873,0.6139261525443318,0.5256088411283524,0.5533507905540918,0.5466990146153803,0.634078365725527,0.48206625389356605,0.4324280377705779,0.6412296365522536
abrupt,omd_paper_v2_literal,2,623,4,1,0.11716655026538358,60.698018034767586,0.21518823716451213,0.5953877278403915,0.0,0.0,0.429571081711991,0.4897131101746645,0.6150289750863975,0.5272012583190077,0.5553386413506421,0.5477382817827232,0.6342337055155535,0.48396558519751776,0.43049567565429186,0.641761697165305
abrupt,omd_paper_v2_literal,2,624,4,1,0.11716655026538358,60.815184585032966,0.21502803844168225,0.5975073291496059,0.0,0.0,0.429777356783161,0.49007348043672755,0.6161240980221845,0.5287836988121114,0.5573129687535332,0.5487709832330784,0.6343880978945583,0.48585413025330604,0.4285768506772944,0.6422902617578568
abrupt,omd_paper_v2_literal,2,625,4,0,0.11716655026538358,60.93235113529835,0.21487607824720298,0.5948500649806856,0.0,0.0,0.429982437619742,0.49043173232412357,0.6172115864166893,0.530356219140472,0.5592738411320167,0.5497971686194991,0.6345415509494693,0.4877319207906581,0.42667148575828523,0.6428153615104465
abrupt,omd_paper_v2_literal,2,626,4,0,0.11716655026538358,61.04951768556373,0.21506897647299109,0.5923682711536035,0.0,0.0,0.4297237310612955,0.48997979739108677,0.6158395220631505,0.5283723811240584,0.556799893183291,0.5485025616755205,0.6343479646280457,0.48536314207260406,0.4290754652850965,0.642152889057614
abrupt,omd_paper_v2_literal,2,627,3,1,0.16371017181850367,61.21322785738223,0.21527220186008578,0.5936221079311418,0.0,0.0,0.4294665876910498,0.4895305429714685,0.6144737166281906,0.5263993495777014,0.5543377338146322,0.5472149357232485,0.6341554765121351,0.4830089793616227,0.43146859437647817,0.6414937834268203
abrupt,omd_paper_v2_literal,2,628,3,1,0.16371017181850367,61.37693802920073,0.21527730949843646,0.5950013188722502,0.0,0.0,0.4285143822422407,0.48845471547880015,0.6146991002635382,0.5286484070161354,0.5559974949585759,0.5468981464719086,0.6337267814348109,0.484614035646919,0.4297896091292889,0.6420816019627882
abrupt,omd_paper_v2_literal,2,629,3,0,0.16371017181850367,61.54064820101923,0.21528954737501554,0.5934596476472694,0.0,0.0,0.4275687178648332,0.48738579211326727,0.6149230109628022,0.5308821012170143,0.5576455310350841,0.546583321397303,0.6333005854459198,0.486209264022933,0.4281228318176555,0.6426652831448868
abrupt,omd_paper_v2_literal,2,630,4,0,0.11716655026538358,61.65781475128461,0.21527628533407764,0.5910521772807348,0.0,0.0,0.4286321772814176,0.4885878301573953,0.6146712145063018,0.5283701753074902,0.5557921871270174,0.5469373472672282,0.633779838617237,0.48441541200836546,0.4299972759447047,0.6420088898445812
abrupt,omd_paper_v2_literal,2,631,9,0,0.45293234909538455,62.110747100379996,0.2154838459543346,0.5822430195695791,0.0,0.0,0.4283720857657683,0.4881356341282412,0.6133092736022686,0.526412932116769,0.5533438729012732,0.5456518528833566,0.6335860739271901,0.48207589526304806,0.43237684342603944,0.6413542643933757
abrupt,omd_paper_v2_literal,2,632,3,1,0.16371017181850367,62.2744572721985,0.2144748361741041,0.5834653682205437,0.0,0.0,0.43000292704325127,0.48899512433175635,0.6119830651020606,0.5255534228724321,0.552532015392963,0.5455423083981356,0.6319235610471675,0.48233420561004414,0.4334321773864478,0.6392432296812838
abrupt,omd_paper_v2_literal,2,633,3,0,0.16371017181850367,62.438167444017,0.21447552714905213,0.5821161065965234,0.0,0.0,0.42905346870819366,0.4879223270240714,0.6122065561440235,0.5277940630180846,0.5541855188053715,0.5452249397291331,0.6314943327627899,0.48393214301778975,0.4317589920674545,0.6398296327014316
abrupt,omd_paper_v2_literal,2,634,4,0,0.11716655026538358,62.55533399428238,0.2144752030876072,0.5799075585750665,0.0,0.0,0.4301080600473199,0.4891138850830089,0.6119583226461107,0.5253053281134845,0.552348907102275,0.5455774375609378,0.6319710620577054,0.48215734199110966,0.433617486319889,0.6391782916576082
abrupt,omd_paper_v2_literal,2,635,9,0,0.45293234909538455,63.00826634337776,0.21469792853312247,0.571170651680457,0.0,0.0,0.42984658871005005,0.48866190300886714,0.6106043843115243,0.5233682482715377,0.5499205556656855,0.5443003115677911,0.6317777737454824,0.47984075097779255,0.4359785689609214,0.6385287552806672
abrupt,omd_paper_v2_literal,2,636,3,0,0.16371017181850367,63.17197651519626,0.21369975368042404,0.5701703257251509,0.0,0.0,0.4314687968251696,0.48951562954298383,0.6092830680233186,0.5225166057308399,0.5491152032321178,0.5441915586826984,0.6301206073706143,0.48010060333009347,0.4370269291413479,0.6364232248483476
abrupt,omd_paper_v2_literal,2,637,5,1,0.13127991518140525,63.303256430377665,0.21371993142033596,0.5716068243760962,0.0,0.0,0.43251236284479944,0.49069378987530443,0.6090389737794155,0.520056560148947,0.5472989865215899,0.5445415567039816,0.630593332131348,0.478349780349872,0.4388660856173594,0.6357782189250443
abrupt,omd_paper_v2_literal,2,638,5,1,0.13127991518140525,63.43453634555907,0.21342669689356358,0.5731494405683845,0.0,0.0,0.4340508954915915,0.49261393927187025,0.6104770590921819,0.5197499501343025,0.5483496693503803,0.5465675498968037,0.6313460953407862,0.479343900264253,0.4379299682146951,0.6358505982360846
abrupt,omd_paper_v2_literal,2,639,5,0,0.13127991518140525,63.56581626074047,0.21314175804892913,0.5713002056843715,0.0,0.0,0.435581583321175,0.4945229406043531,0.6119047312538981,0.5194451400081966,0.5493937068215677,0.548580024923106,0.6320937700675683,0.4803322987821082,0.4369998289300038,0.6359225430865217
abrupt,omd_paper_v2_literal,2,640,5,0,0.13127991518140525,63.69709617592187,0.2134868030833953,0.5696274533944318,0.0,0.0,0.43373258362931993,0.4922167851694895,0.6101797841723888,0.5198133658921398,0.5481323972074454,0.5461486486799517,0.631190457613454,0.4791382780134068,0.438123544411972,0.6358356289095568
abrupt,omd_paper_v2_literal,2,641,9,0,0.45293234909538455,64.15002852501726,0.21383926317680038,0.5609778614625646,0.0,0.0,0.43189632991516275,0.48992457691654195,0.6084622872532267,0.5201793958660488,0.5468779231345239,0.543729447065817,0.6302915672091323,0.4779515447667597,0.4392412532916679,0.6357492192230692
abrupt,omd_paper_v2_literal,2,642,5,1,0.13127991518140525,64.28130844019867,0.21285149264334224,0.562396910887455,0.0,0.0,0.4335114446822904,0.4907737007588896,0.6071461976799318,0.519333176905466,0.5460773401240664,0.5436217176398283,0.6286406937004203,0.4782111607077119,0.4402843068946832,0.6336487047801561
abrupt,omd_paper_v2_literal,2,643,5,0,0.13127991518140525,64.41258835538008,0.21255519848827775,0.5607163803245534,0.0,0.0,0.43504488036330746,0.49268642620607617,0.6085811232614362,0.5190276923389849,0.5471243953941594,0.5456405072269029,0.6293921026706335,0.47920140148141754,0.43935121406516314,0.633720901494111
abrupt,omd_paper_v2_literal,2,644,9,0,0.45293234909538455,64.86552070447547,0.21290968521569995,0.552114689306549,0.0,0.0,0.43321436145810227,0.490402982076775,0.6068678475821718,0.51939238805138,0.5458743394123963,0.5432302428097161,0.6284949741330588,0.478019239516739,0.4404652195735299,0.6336347100221777
abrupt,omd_paper_v2_literal,2,645,3,1,0.16371017181850367,65.02923087629398,0.2119272367828673,0.5529700550319188,0.0,0.0,0.43482370693931044,0.4912486730870947,0.6055559429828158,0.5185497688598832,0.5450771725124983,0.5431232889264794,0.6268482835010973,0.4782778632362462,0.4415041182315291,0.631538423573968
abrupt,omd_paper_v2_literal,2,646,3,1,0.16371017181850367,65.19294104811249,0.21190009446632324,0.5539661276929679,0.0,0.0,0.4338656124649268,0.4901679933677697,0.6057824139296037,0.5208125525534478,0.5467504569600342,0.5428039310833003,0.6264116355896878,0.47989007655417687,0.4398092373570694,0.6321335174413412
abrupt,omd_paper_v2_literal,2,647,3,1,0.16371017181850367,65.356651219931,0.21188050944617737,0.5550994445971839,0.0,0.0,0.43291400012190084,0.4890941641209578,0.6060074233365068,0.5230603374359927,0.5484122295272288,0.5424865359113691,0.625977514686154,0.4814926208506165,0.43812634688285507,0.6327244906866971
abrupt,omd_paper_v2_literal,2,648,3,1,0.16371017181850367,65.5203613917495,0.21186834050140507,0.5563665148131162,0.0,0.0,0.4319688182595521,0.4880271379561838,0.6062309835896369,0.5252931656856618,0.5500625596653822,0.5421710879131972,0.6255459027812103,0.48308553859259723,0.4364553709821918,0.6333113798255907
abrupt,omd_paper_v2_literal,2,649,3,0,0.16371017181850367,65.68407156356801,0.21186344738811555,0.5549691987216111,0.0,0.0,0.43103001539672947,0.48696686745461615,0.6064531069986602,0.5275110820497598,0.551701517442851,0.5418575716628791,0.6251167819048166,0.4846688730985595,0.43479623325177313,0.6338942211343199
abrupt,omd_paper_v2_literal,2,650,3,1,0.16371017181850367,65.84778173538652,0.21186931232382486,0.5562175120832598,0.0,0.0,0.432071656753264,0.488143255313378,0.606206656098017,0.5250502185693305,0.5498830100625853,0.5422054191766313,0.6255928840011163,0.4829121670645848,0.43663715093960376,0.6332475289087581
abrupt,omd_paper_v2_literal,2,651,3,1,0.16371017181850367,66.01149190720503,0.2118636388467198,0.5575956062980081,0.0,0.0,0.4311352359234521,0.4870857240629899,0.6064282079073217,0.5272624936020363,0.5515178362969199,0.541892720247164,0.6251648985629561,0.4844913565152336,0.4349821599211489,0.6338289008238891
abrupt,omd_paper_v2_literal,2,652,3,0,0.16371017181850367,66.17520207902353,0.21186507067652138,0.5560635876963841,0.0,0.0,0.4302051070129967,0.48603486234706206,0.6066483430855465,0.5294599960585918,0.5531414270145317,0.5415819268558411,0.6247393720069582,0.48606106445086056,0.43333886162294855,0.6344062832414863
abrupt,omd_paper_v2_literal,2,653,3,0,0.16371017181850367,66.33891225084204,0.21186393545814144,0.5547110193292094,0.0,0.0,0.431245262997358,0.4872100041747854,0.606402172390286,0.5270025507142855,0.5513257610447166,0.5419294717761612,0.6252152075379503,0.4843057462545829,0.4351765876624993,0.6337605955011962
abrupt,omd_paper_v2_literal,2,654,3,1,0.16371017181850367,66.50262242266055,0.2118715400804455,0.5559217720564242,0.0,0.0,0.4322795900790279,0.4883780214220307,0.6061574699756459,0.524559000060546,0.5495199629958294,0.5422748277591093,0.6256878618387843,0.4825616628817524,0.4370047195711166,0.6331184229583934
abrupt,omd_paper_v2_literal,2,655,3,0,0.16371017181850367,66.66633259447906,0.21186430089804506,0.5545905178623991,0.0,0.0,0.43134787669031505,0.4873259050839142,0.6063778919915511,0.5267601234587982,0.551146624277823,0.5419637446141784,0.6252621215713123,0.48413265622175433,0.43535792245439175,0.6336968913911285
abrupt,omd_paper_v2_literal,2,656,9,0,0.45293234909538455,67.11926494357445,0.2118727244166392,0.5459413624830336,0.0,0.0,0.4323785994862011,0.4884897998459633,0.6061340507697897,0.5243251048131582,0.5493470908161838,0.5423078739307452,0.6257330791946626,0.4823947871729545,0.43717975033867607,0.6330569464408076
abrupt,omd_paper_v2_literal,2,657,5,1,0.13127991518140525,67.25054485875586,0.21088375972351955,0.5473449144793303,0.0,0.0,0.43397793108356075,0.48932683342788563,0.6048253639642379,0.5234991780088054,0.5485631394498609,0.5421990829993503,0.6240820252508726,0.48266326009266564,0.43820418864712707,0.6309672640744342
abrupt,omd_paper_v2_literal,2,658,5,1,0.13127991518140525,67.38182477393727,0.21058330046706766,0.5488590784957864,0.0,0.0,0.4355099273814585,0.49123726288125535,0.6062639278397333,0.5231989866263594,0.5496131397076165,0.544218485454268,0.6248361479060921,0.48365806418061535,0.4372680995309074,0.6310408994967837
abrupt,omd_paper_v2_literal,2,659,5,0,0.13127991518140525,67.51310468911868,0.21029121895784286,0.5470610184215697,0.0,0.0,0.4370341536217908,0.4931367334191863,0.6076922245297579,0.5229005405200692,0.550656539422961,0.5462245955690849,0.625585244542163,0.48464715795182883,0.4363379471732676,0.6311140966869333
abrupt,omd_paper_v2_literal,2,660,4,0,0.11716655026538358,67.63027123938406,0.21064152526807023,0.5448973141684196,0.0,0.0,0.4352102790070556,0.4908636955676488,0.6059827900938591,0.5232576842409026,0.5494078680734832,0.5438237447998516,0.6246887421348196,0.48346354013866916,0.43745109770507185,0.6310265020748093
abrupt,omd_paper_v2_literal,2,661,5,0,0.13127991518140525,67.76155115456547,0.21087873435920987,0.5433639541529866,0.0,0.0,0.43494527097253577,0.4904123840333399,0.604647976040619,0.5213672268195201,0.5470292142076404,0.5425663296475701,0.6244968350445956,0.48119544151462623,0.4397649943907535,0.6303880679291081
abrupt,omd_paper_v2_literal,2,662,9,0,0.45293234909538455,68.21448350366086,0.2112415570692883,0.5347679788030235,0.0,0.0,0.43313845701170756,0.48815868177907656,0.6029489415773872,0.5217229816709458,0.5457907737044504,0.5401829793703158,0.6236067625165141,0.48002375936220265,0.4408692058073943,0.6303015987677562
abrupt,omd_paper_v2_literal,2,663,3,1,0.16371017181850367,68.37819367547937,0.2102635749538303,0.5357966922695809,0.0,0.0,0.4347303173756597,0.4889919361011756,0.6016448822176226,0.5209019783882259,0.5450115052806453,0.54007593814683,0.6219613635260164,0.480292060708759,0.4418885045560653,0.6282172211842757
abrupt,omd_paper_v2_literal,2,664,3,0,0.16371017181850367,68.54190384729787,0.2102410255080078,0.5346823310292128,0.0,0.0,0.4337951860535401,0.4879367278968707,0.6018663592405983,0.523112093036747,0.5466466015226168,0.5397637168305286,0.6215314619370215,0.4818685722288898,0.4402321989659133,0.6287996978980147
abrupt,omd_paper_v2_literal,2,665,5,1,0.13127991518140525,68.67318376247928,0.2102659621253847,0.5360063403716209,0.0,0.0,0.4348146840463313,0.48908711506738334,0.6016249041556169,0.520702596619699,0.5448639802877555,0.5401040972572909,0.6220001288820955,0.48014988682579807,0.4420379583975202,0.6281646666263184
abrupt,omd_paper_v2_literal,2,666,5,0,0.13127991518140525,68.80446367766069,0.2099565919600636,0.5344607100124579,0.0,0.0,0.436344867973347,0.4909943315468682,0.6030647907375902,0.5204023352907373,0.545913234326107,0.5421213781836296,0.6227545564854042,0.48114226242231095,0.4411021499913922,0.6282381905407286
abrupt,omd_paper_v2_literal,2,667,9,0,0.45293234909538455,69.25739602675608,0.21032143569071046,0.5259159772906032,0.0,0.0,0.43454385605237567,0.4887494272056063,0.6013697528694613,0.5207557636882261,0.5446781423747584,0.5397467493694298,0.6218664773046227,0.4799741785233229,0.44220370929127806,0.6281516467984458
abrupt,omd_paper_v2_literal,2,668,3,0,0.16371017181850367,69.42110619857459,0.20934915130107898,0.5250159485356161,0.0,0.0,0.43612888119073767,0.4895780558025152,0.60007032432857,0.5199408080078536,0.5439041080310402,0.5396401341994165,0.6202251816587909,0.4802432152190416,0.4432170065504686,0.6260724622909145
abrupt,omd_paper_v2_literal,2,669,5,0,0.13127991518140525,69.552386113756,0.20938663295090723,0.5235768513927754,0.0,0.0,0.437140597856554,0.49071865984994273,0.599830068999505,0.5175487840481406,0.542133025121129,0.53997699186912,0.6206911001080515,0.4785374325183963,0.4450116674056683,0.625441043087122
abrupt,omd_paper_v2_literal,2,670,9,0,0.45293234909538455,70.00531846285139,0.20976081146439662,0.5150928416513312,0.0,0.0,0.43534873938498836,0.48848617252954907,0.5981396316271678,0.5178999502709251,0.5409026264365359,0.5376136719805056,0.6198061278114391,0.4773757736406662,0.4461095836822127,0.6253546589589098
abrupt,omd_paper_v2_literal,2,671,5,0,0.13127991518140525,70.1365983780328,0.2088004685956594,0.5137967487287288,0.0,0.0,0.4369252011571516,0.48930972646115567,0.5968442184100708,0.5170903999279086,0.5401329082665558,0.5375075591268813,0.6181703485487601,0.47764416177211055,0.447118001861325,0.6232811595693899
abrupt,omd_paper_v2_literal,2,672,3,0,0.16371017181850367,70.30030854985131,0.20918345990164533,0.513053776121405,0.0,0.0,0.4351442642571153,0.4870909332480276,0.5951599608519259,0.5174395092921441,0.5389091637293484,0.5351567389067524,0.6172885465544602,0.4764896772719121,0.44821024659859354,0.6231951947232707
abrupt,omd_paper_v2_literal,2,673,5,1,0.13127991518140525,70.43158846503272,0.20923368731487926,0.514189725984251,0.0,0.0,0.43614778305964297,0.48822285843567403,0.5949200089717862,0.515062227153787,0.5371461817783424,0.535490971870312,0.6177530702235711,0.47479527523251774,0.4499975018973772,0.6225665222896231
abrupt,omd_paper_v2_literal,2,674,5,0,0.13127991518140525,70.56286838021413,0.20890251392558606,0.5128888376764409,0.0,0.0,0.43768511216063627,0.4901374721405768,0.5963738635244574,0.5147613417972181,0.5382031371142989,0.5375193985620316,0.6185136064231078,0.47579150731160513,0.4490538932810524,0.6226408756734262
abrupt,omd_paper_v2_literal,2,675,9,0,0.45293234909538455,71.01580072930952,0.2092857867795889,0.5044656049419775,0.0,0.0,0.4359088392703628,0.48792516741664405,0.5946937855909661,0.5151090135699034,0.5369817959742305,0.5351754461901401,0.617634755606963,0.4746403798975338,0.45014426465728025,0.6225549598897331
abrupt,omd_paper_v2_literal,2,676,3,1,0.16371017181850367,71.17951090112803,0.20833774615328762,0.5051197997894386,0.0,0.0,0.4374767725974781,0.4887439257399587,0.5934025326149692,0.5143048649716989,0.5362166051594448,0.5350701393571511,0.6160045191240716,0.47490823756651784,0.4511475844959505,0.6204873441329731
abrupt,omd_paper_v2_literal,2,677,3,0,0.16371017181850367,71.34322107294653,0.20828637070925554,0.5044302977728637,0.0,0.0,0.43653678625810777,0.4876841330270836,0.5936279333346902,0.5165327337642076,0.5378696224026883,0.5347577351175933,0.6155682407196196,0.47649680800227934,0.4494716145787589,0.6210772053758677
abrupt,omd_paper_v2_literal,2,678,5,0,0.13127991518140525,71.47450098812794,0.2083411667444864,0.5032723864183877,0.0,0.0,0.4375349440529838,0.48880949817447084,0.5933885858563283,0.5141670079053149,0.5361143070232355,0.5350894667992024,0.6160315053960992,0.4748099696055697,0.4512513129963775,0.6204508379011501
abrupt,omd_paper_v2_literal,2,679,3,0,0.16371017181850367,71.63821115994645,0.20873313555805556,0.5027312441009872,0.0,0.0,0.43576977923031,0.4866111345176874,0.5917145991554827,0.5145116069253401,0.5348987605661103,0.5327580625425363,0.6151560375968096,0.47366517311096706,0.4523368748264104,0.620365056215654
abrupt,omd_paper_v2_literal,2,680,9,0,0.45293234909538455,72.09114350904184,0.20879608518355688,0.49438242551666106,0.0,0.0,0.43676175688611996,0.4877298142458082,0.5914758570163015,0.5121582593548207,0.5331512505821214,0.5330876911410065,0.6156167911496726,0.4719882419631992,0.45410910194606985,0.6197416208758312
abrupt,omd_paper_v2_literal,2,681,5,0,0.13127991518140525,72.22242342422325,0.2078604068268826,0.4933404685110684,0.0,0.0,0.438320108495145,0.4885423483217819,0.5901891892950766,0.5113620344464658,0.53239235944991,0.5329825559831961,0.6139918683601411,0.47225713023035737,0.45510545122898105,0.617680722507924
abrupt,omd_paper_v2_literal,2,682,3,1,0.16371017181850367,72.38613359604176,0.20826130613768393,0.49383395140024183,0.0,0.0,0.43656388831483794,0.4863560908811054,0.5885202125438179,0.5117043898816824,0.5311817874412077,0.5306624968760051,0.6131195742959445,0.4711187419484323,0.4561870709988446,0.6175951199250858
abrupt,omd_paper_v2_literal,2,683,3,0,0.16371017181850367,72.54984376786027,0.20819732477653216,0.4933196643858153,0.0,0.0,0.43562481380365914,0.4852968703835591,0.5887468606867563,0.5139342245184577,0.5328386106600091,0.5303503694914422,0.6126815682915893,0.4727077913759061,0.45450649638066115,0.6181865367260121
abrupt,omd_paper_v2_literal,2,684,9,1,0.45293234909538455,73.00277611695566,0.20826476041048536,0.4984834907618386,0.0,0.0,0.4366117068958951,0.4864100169780194,0.5885086733473192,0.5115908603709481,0.531097423274006,0.5306783859998631,0.6131418673938063,0.4710378620912895,0.4562726526180001,0.6175650027755651
abrupt,omd_paper_v2_literal,2,685,9,1,0.45293234909538455,73.45570846605105,0.20884003406049065,0.5036302160184192,0.0,0.0,0.4356523919330235,0.4859098946319732,0.5893026918665044,0.5120801674234793,0.5315642161612848,0.530743344938604,0.6141448504618182,0.47087105119861533,0.45565937381099153,0.6188355935047443
abrupt,omd_paper_v2_literal,2,686,9,0,0.45293234909538455,73.90864081514644,0.2094131880486385,0.495269331811134,0.0,0.0,0.4346977954460083,0.4854120108633974,0.5900927389043935,0.5125672887331326,0.5320288909461568,0.5308080157226848,0.6151424385586596,0.4707049840764772,0.45504893926001544,0.6200989543815376
abrupt,omd_paper_v2_literal,2,687,5,1,0.13127991518140525,74.03992073032785,0.2084819879431008,0.4961694370242581,0.0,0.0,0.43624932144919,0.48622111957911823,0.5888086252661815,0.5117756722869611,0.5312737354613567,0.5307029208452941,0.6135208032611241,0.4709748575431268,0.45604100405928766,0.6180450896031855
abrupt,omd_paper_v2_literal,2,688,5,0,0.13127991518140525,74.17120064550926,0.2081293231801374,0.4951594938275142,0.0,0.0,0.4377929197040043,0.48814296055300316,0.590275778477852,0.5114754859508193,0.5323386951494898,0.5327427050131404,0.6142871190678113,0.47197640456014,0.4550894649367698,0.6181203136001033
abrupt,omd_paper_v2_literal,2,689,9,0,0.45293234909538455,74.62413299460465,0.20852959835482052,0.4868471908657743,0.0,0.0,0.4360432612059822,0.485964480471966,0.5886125615377661,0.511815762602358,0.5311314845256048,0.5304304212400495,0.6134184163893557,0.4708411148857476,0.45616810994354173,0.618035042742189
abrupt,omd_paper_v2_literal,2,690,3,1,0.16371017181850367,74.78784316642316,0.2076038548603205,0.4872920785231012,0.0,0.0,0.43758921251721644,0.4867703357687701,0.5873329769455996,0.5110275568987319,0.5303796682794698,0.5303260864781747,0.6118014255969012,0.4711099488651382,0.45715602331919736,0.6159860792026851
abrupt,omd_paper_v2_literal,2,691,3,0,0.16371017181850367,74.95155333824167,0.20753547304740572,0.4868299115714288,0.0,0.0,0.43665384946088526,0.4857146951000114,0.5875584639115624,0.5132527218630466,0.5320336059618221,0.5300152201830272,0.6113618719285049,0.4726971580621933,0.4554784824617569,0.6165748791749238
abrupt,omd_paper_v2_literal,2,692,5,1,0.13127991518140525,75.08283325342308,0.20760732721245972,0.4877409105489112,0.0,0.0,0.4376341839567259,0.4868210804206476,0.5873221375134423,0.5109205879196076,0.5303001511599968,0.5303410283339525,0.611822549099597,0.4710336707502045,0.4572366826613972,0.6159577687047068
abrupt,omd_paper_v2_literal,2,693,5,1,0.13127991518140525,75.21411316860448,0.20725258670564273,0.48878366574948234,0.0,0.0,0.4391752680728092,0.4887385618154826,0.5887878177456992,0.5106218934789205,0.5313637590473221,0.5323765433943254,0.612588233485893,0.47203376733714913,0.4562861137088679,0.6160331460735192
abrupt,omd_paper_v2_literal,2,694,5,1,0.13127991518140525,75.3453930837859,0.206906616379675,0.48995499117969354,0.0,0.0,0.44070862735089505,0.49064531229359976,0.5902434840031712,0.510324914325163,0.5324209498561394,0.5343992503403362,0.6133489505113865,0.4730283181791879,0.45534134299642764,0.6161080831556744
abrupt,omd_paper_v2_literal,2,695,5,1,0.13127991518140525,75.4766729989673,0.2065693227442258,0.4912516665676151,0.0,0.0,0.442234282417554,0.49254135690178674,0.5916892050723662,0.5100296374501293,0.5334717666444238,0.5364091931881622,0.6141047406039946,0.4740173563436754,0.45440232924732005,0.6161825834111405
abrupt,omd_paper_v2_literal,2,696,5,0,0.13127991518140525,75.60795291414871,0.20624061193484045,0.4897600565008747,0.0,0.0,0.4437522547010821,0.49442672213169314,0.5931250498392632,0.5097360499148745,0.5345162524433609,0.5384064175126609,0.6148556439609241,0.47500091495757923,0.45346903128494004,0.6162566502786642
abrupt,omd_paper_v2_literal,2,697,5,1,0.13127991518140525,75.73923282933012,0.20662243935767374,0.49103284342746606,0.0,0.0,0.4419919296170252,0.4922402428376516,0.5914597249039144,0.5100765288937579,0.5333049129628683,0.5360900847378952,0.6139847552004867,0.47386027990362517,0.4545514263338756,0.6161707528816108
abrupt,omd_paper_v2_literal,2,698,5,1,0.13127991518140525,75.87051274451153,0.2062933788617564,0.4924275028824319,0.0,0.0,0.4435064245076394,0.4941214712522549,0.5928926952607436,0.5097835818996633,0.5343471715443902,0.5380831508505455,0.6147341104672748,0.47484166445596593,0.4536201092641684,0.6162446592938553
abrupt,omd_paper_v2_literal,2,699,5,0,0.13127991518140525,76.00179265969294,0.20597276965258912,0.4908117824463246,0.0,0.0,0.44501330261341393,0.4959921095319023,0.5943159078717902,0.5094923030677199,0.5353831741305629,0.5400636162743796,0.6154786425406163,0.47581763100073243,0.45269443839410567,0.6163181378479122
abrupt,omd_paper_v2_literal,2,700,5,0,0.13127991518140525,76.13307257487435,0.20634772706707413,0.4893795425788832,0.0,0.0,0.4432541016233539,0.4938081271368757,0.5926541334723308,0.5098323746446922,0.5341735970017335,0.5377512751531636,0.6146093380058003,0.47467819462703587,0.4537752039755887,0.6162323500611975
abrupt,omd_paper_v2_literal,2,701,5,1,0.13127991518140525,76.26435249005576,0.2067293915940085,0.4906047203614341,0.0,0.0,0.4415063454647929,0.491636836856451,0.5909997339216212,0.5101704973424945,0.532970521024774,0.5354505127009673,0.6137442665408591,0.4735455192441888,0.45485023672757,0.6161470444573913
abrupt,omd_paper_v2_literal,2,702,5,0,0.13127991518140525,76.39563240523717,0.20639963071750372,0.4892010044013567,0.0,0.0,0.44301394749190526,0.49350986538270436,0.5924270104781321,0.5098788193512804,0.5340083670263793,0.5374353379394226,0.6144905554890134,0.47452259586505086,0.45392284400016525,0.616220632999739
abrupt,omd_paper_v2_literal,2,703,9,1,0.45293234909538455,76.84856475433256,0.20678117412845193,0.49430756743217164,0.0,0.0,0.44127238044235007,0.4913460617454406,0.5907780055153016,0.5102157808493312,0.5328093656451105,0.5351422586658946,0.6136283542869779,0.4733938423430619,0.45499424624989815,0.6161356190778714
abrupt,omd_paper_v2_literal,2,704,9,0,0.45293234909538455,77.30149710342795,0.20735815808638236,0.4861066397924208,0.0,0.0,0.44031120504797433,0.4908456290799055,0.5915691185325523,0.510703500312616,0.5332738949969641,0.5352060976479742,0.6146300145987862,0.47322540592976947,0.4543833565956488,0.6174066988045276
abrupt,omd_paper_v2_literal,2,705,5,0,0.13127991518140525,77.43277701860936,0.20643136999319442,0.484870272386482,0.0,0.0,0.4418556756549323,0.4916496489573948,0.5902978612609944,0.5099199048571763,0.5325275392894796,0.535103531306263,0.6130202450382852,0.4734960242914977,0.4553648978832429,0.6153637656988337
abrupt,omd_paper_v2_literal,2,706,3,1,0.16371017181850367,77.59648719042787,0.2068201847599796,0.4852550968820544,0.0,0.0,0.440124937905449,0.4894984981799722,0.5886558526405227,0.510254997331596,0.5313350453779099,0.532822162635994,0.6121619503681588,0.4723739878904531,0.4564305975143453,0.6152793572836236
abrupt,omd_paper_v2_literal,2,707,3,1,0.16371017181850367,77.76019736224637,0.2067487969212545,0.4857989095369104,0.0,0.0,0.4391947414668616,0.48844960801026455,0.5888838033057866,0.512475827248296,0.5329884836137252,0.5325171787302948,0.6117241513844837,0.4739621210124573,0.4547540644088337,0.615866608345075
abrupt,omd_paper_v2_literal,2,708,3,1,0.16371017181850367,77.92390753406488,0.20668515167174192,0.48649828356769137,0.0,0.0,0.4382705828742928,0.48740714973931304,0.5891103402512599,0.5146827643410747,0.5346312239398414,0.5322140116342821,0.6112888162085379,0.47554119039585924,0.45308866674736625,0.6164499801834792
abrupt,omd_paper_v2_literal,2,709,3,1,0.16371017181850367,78.08761770588339,0.2066291206336706,0.48734970823494106,0.0,0.0,0.43735241694311083,0.4863710812396241,0.5893354747810704,0.5168758366109816,0.5362633220166504,0.5319126476719398,0.6108559281110921,0.47711123010445305,0.45143434372280516,0.6170295049557627
abrupt,omd_paper_v2_literal,2,710,3,1,0.16371017181850367,78.2513278777019,0.20658057591884468,0.48834959985771226,0.0,0.0,0.43644019859182254,0.4853413603248463,0.5895592181397351,0.5190550745602129,0.5378848342384851,0.5316130732214477,0.6104254703882351,0.47867227507815535,0.4497910338123928,0.6176052146433815
abrupt,omd_paper_v2_literal,2,711,3,0,0.16371017181850367,78.4150380495204,0.2065393901900805,0.4872743880135093,0.0,0.0,0.43553388285254196,0.4843179447644389,0.5897815815108859,0.5212205111028957,0.5394958176907217,0.5313152747172719,0.6099974263651914,0.4802243610949876,0.44815867482242716,0.618177141048535
abrupt,omd_paper_v2_literal,2,712,3,0,0.16371017181850367,78.57874822133891,0.20658427123669412,0.486383379623709,0.0,0.0,0.4365146446782864,0.48542540933954514,0.5895409559126055,0.5188772148277367,0.5377525037917007,0.531637527596933,0.6104606140438432,0.47854483482624277,0.44992513254963123,0.6175582332377882
abrupt,omd_paper_v2_literal,2,713,3,1,0.16371017181850367,78.74245839315742,0.20663706036765325,0.487206559830675,0.0,0.0,0.43749002667078,0.4865263849997235,0.5893017285543019,0.5165471252476052,0.5360187123137795,0.5319578248802177,0.610920831004717,0.47687584499678953,0.4516822661929755,0.6169426529146672
abrupt,omd_paper_v2_literal,2,714,3,1,0.16371017181850367,78.90616856497593,0.20658768467461364,0.4881769239091808,0.0,0.0,0.43658257918085414,0.48550210473084987,0.5895242914267248,0.5187149137604745,0.5376317477021415,0.5316598420662357,0.61049268160581,0.47842854811477675,0.4500475039114614,0.6175153608179685
abrupt,omd_paper_v2_literal,2,715,3,0,0.16371017181850367,79.06987873679444,0.20654559634025438,0.4871349091469372,0.0,0.0,0.4356809680408245,0.48448405814675055,0.589745489701785,0.5208690667895227,0.539234376032169,0.5313636152661889,0.6100669185472866,0.4799723978010473,0.4484235663916027,0.6180843274558872
abrupt,omd_paper_v2_literal,2,716,3,0,0.16371017181850367,79.23358890861294,0.20659138231198598,0.48627467306885946,0.0,0.0,0.4366552999471072,0.4855842014057852,0.5895064532787897,0.5185411798433329,0.5375024836472143,0.5316837276747245,0.6105270061550486,0.4783040756334862,0.4501784987843498,0.6174694674980886
abrupt,omd_paper_v2_literal,2,717,9,0,0.45293234909538455,79.68652125770834,0.206644964338338,0.4779609215420248,0.0,0.0,0.4376243174407807,0.48667793508745816,0.5892687977044647,0.516226350298943,0.5357800020379403,0.5320019089263108,0.6109841603656193,0.4766461628201751,0.451924215527059,0.6168578942818222
abrupt,omd_paper_v2_literal,2,718,3,0,0.16371017181850367,79.85023142952684,0.20571309027024146,0.4773239623289617,0.0,0.0,0.4391584274834911,0.48747414268318023,0.5879993222717523,0.5154575741983686,0.5350452682576129,0.5318978406844388,0.6093695709784299,0.4769256870567636,0.45289315565260546,0.6148213270872663
abrupt,omd_paper_v2_literal,2,719,9,1,0.45293234909538455,80.30316377862223,0.20577820008310202,0.48249068341390144,0.0,0.0,0.4401209480803563,0.48855970457759085,0.5877635896364958,0.5131592893914608,0.5333346249071615,0.5322136763793414,0.6098243502832058,0.4752804127246093,0.45462739505548116,0.6142133917106795
abrupt,omd_paper_v2_literal,2,720,9,0,0.45293234909538455,80.75609612771763,0.20635795466622242,0.4742594695167498,0.0,0.0,0.43916227580317574,0.48806258121027163,0.588556848374019,0.5136389748398513,0.5337933247013155,0.5322787825795462,0.6108330052166616,0.47510533134085486,0.4540221895169457,0.6154867008956817
abrupt,omd_paper_v2_literal,2,721,5,1,0.13127991518140525,80.88737604289904,0.2054342271416897,0.47533248562138775,0.0,0.0,0.44069028662135,0.4888548382891796,0.5872924465497076,0.5128745071434128,0.5330622858415287,0.5321750248237785,0.6092251056171355,0.4753843546575508,0.4549867457500832,0.6134567359655791
abrupt,omd_paper_v2_literal,2,722,5,0,0.13127991518140525,81.01865595808044,0.2050917746565892,0.4741198868784222,0.0,0.0,0.4421995902122147,0.4907303633782278,0.5887278899860942,0.5125871696036964,0.5341067165172901,0.534166417616279,0.6099752884175201,0.4763682918224725,0.45405299430203977,0.6135316944318258
abrupt,omd_paper_v2_literal,2,723,9,1,0.45293234909538455,81.47158830717584,0.2054827631634715,0.47928472062642313,0.0,0.0,0.44047877909377986,0.4885919258412232,0.5870910875280911,0.512914789305955,0.5329158401361506,0.5318957612102281,0.6091198935354646,0.4752464282186015,0.4551176770337571,0.6134462268504691
abrupt,omd_paper_v2_literal,2,724,9,0,0.45293234909538455,81.92452065627123,0.20606200925760207,0.47108306039124315,0.0,0.0,0.4395200048785805,0.48809473347074933,0.5878844294507966,0.5133944109932531,0.5333743960015819,0.5319606737756679,0.6101289192437548,0.47507129421517985,0.45451257932538275,0.6147201996455579
abrupt,omd_paper_v2_literal,2,725,5,0,0.13127991518140525,82.05580057145264,0.20514207182885194,0.4700405893030602,0.0,0.0,0.4410432452802194,0.4888845442632749,0.586623977934133,0.5126325110283313,0.5326459446492509,0.5318575583423945,0.6085256242806053,0.4753495009853672,0.45547385140205043,0.6126957402002318
abrupt,omd_paper_v2_literal,2,726,3,0,0.16371017181850367,82.21951074327114,0.20554014435608894,0.4695921918961991,0.0,0.0,0.43933310718178287,0.4867586483605828,0.5849942266794955,0.5129583209792659,0.5314615095799338,0.5295985999027069,0.6076741566243766,0.47423426899573934,0.45653288159417665,0.6126108821101929
abrupt,omd_paper_v2_literal,2,727,9,0,0.45293234909538455,82.67244309236654,0.20561706473220423,0.4614599753222304,0.0,0.0,0.4402866073032183,0.48783497217657473,0.5847601765842747,0.5106751705475499,0.529760357267662,0.5299114155660152,0.6081283648926137,0.4725992639278139,0.4582577612432556,0.6120081273845318
abrupt,omd_paper_v2_literal,2,728,5,1,0.13127991518140525,82.80372300754794,0.20470904441971963,0.4624290100491511,0.0,0.0,0.4418016459220827,0.4886200152216884,0.5835041272335052,0.5099183855369693,0.5290361825479473,0.5298088076385861,0.6065308398085066,0.47287667366430847,0.4592140581585375,0.6099899621577562
abrupt,omd_paper_v2_literal,2,729,5,1,0.13127991518140525,82.93500292272935,0.20435517401114126,0.4635309114415594,0.0,0.0,0.4433129460322178,0.49049688811457237,0.5849444666728147,0.509631078215735,0.5300827399446596,0.5318029219795299,0.6072831759754922,0.4738612303585796,0.4582779777928442,0.6100650900205351
abrupt,omd_paper_v2_literal,2,730,5,1,0.13127991518140525,83.06628283791076,0.20400987553647854,0.4647624140871146,0.0,0.0,0.4448167570258083,0.49236343305585495,0.5863752383999321,0.5093453862488924,0.5311231279721368,0.5337847742309045,0.6080307611126976,0.47484043146383814,0.45734747292176353,0.610139788656835
abrupt,omd_paper_v2_literal,2,731,5,1,0.13127991518140525,83.19756275309217,0.20367306054705683,0.4661202138904834,0.0,0.0,0.4463130992989033,0.4942196742059975,0.587796505747646,0.509061297648598,0.5321573868847284,0.5357544051246903,0.6087736327508401,0.47581430822919174,0.45642250495682923,0.610214061361801
abrupt,omd_paper_v2_literal,2,732,5,0,0.13127991518140525,83.32884266827358,0.20334464019829035,0.46456175155490625,0.0,0.0,0.44780199397809484,0.49606563704857065,0.5892083321661173,0.5087788004893218,0.5331855569200126,0.5377118568368946,0.6095118282176264,0.47678289196067647,0.4555030353942238,0.610287911410958
abrupt,omd_paper_v2_literal,2,733,5,1,0.13127991518140525,83.46012258345499,0.2037250879350438,0.465895809204031,0.0,0.0,0.4460799856277421,0.49393056070327884,0.587575244938509,0.5091055436391525,0.5319963233610793,0.5354477151697001,0.6086579666662028,0.47566261874900473,0.4565665452215531,0.6102024940373074
abrupt,omd_paper_v2_literal,2,734,5,1,0.13127991518140525,83.5914024986364,0.20339634952173485,0.46735261508570214,0.0,0.0,0.44756553721503617,0.4957725429086216,0.588984272294901,0.5088236532726097,0.5330223317584967,0.5374011459962251,0.6093946574481254,0.47662909693827654,0.4556490005589256,0.6102761864900016
abrupt,omd_paper_v2_literal,2,735,5,1,0.13127991518140525,83.72268241381781,0.20307588042317767,0.4689288477482985,0.0,0.0,0.44904370447397235,0.4976043312843067,0.5903839689545269,0.508543334798709,0.5340423217324314,0.5393425076579906,0.6101267313938161,0.47759034032384184,0.45473688891712777,0.6103494615667919
abrupt,omd_paper_v2_literal,2,736,5,1,0.13127991518140525,83.85396232899922,0.20276359199548094,0.47062117216597615,0.0,0.0,0.4505145096031519,0.4994259533759318,0.5917743979466396,0.5082645765163181,0.5350563330984202,0.5412718444328505,0.6108542251130812,0.4785463800064457,0.4538301723155351,0.6104223224772064
abrupt,omd_paper_v2_literal,2,737,5,1,0.13127991518140525,83.98524224418063,0.20245939532878257,0.47242624779281034,0.0,0.0,0.4519779754503561,0.5012374379095957,0.5931556223532857,0.5079873667886865,0.53606440562721,0.54318920186753,0.6115771750052823,0.47949724711633573,0.4529288128780768,0.6104947724108307
abrupt,omd_paper_v2_literal,2,738,5,1,0.13127991518140525,84.11652215936203,0.20216320128942167,0.4743407362398284,0.0,0.0,0.4534341254880901,0.503038814749119,0.5945277052885699,0.5077116940443313,0.5370665790355158,0.5450946267245863,0.6122956172562449,0.48044297280443715,0.45203277284003657,0.6105668145371386
abrupt,omd_paper_v2_literal,2,739,5,1,0.13127991518140525,84.24780207454344,0.20187492056115935,0.4763613085452673,0.0,0.0,0.4548829837896593,0.5048301148541522,0.595890709878649,0.5074375467778712,0.5380628929771191,0.546988166930594,0.6130095878353552,0.4813835882338161,0.4511420145545747,0.6106384520053318
abrupt,omd_paper_v2_literal,2,740,5,1,0.13127991518140525,84.37908198972485,0.2015944636854436,0.4784846520148513,0.0,0.0,0.4563245750057723,0.5066113702391689,0.597244699242441,0.5071649135508115,0.5390533870342958,0.5488698715255429,0.6137191224928409,0.4823191245714229,0.45025650049898097,0.6107096879441959
abrupt,omd_paper_v2_literal,2,741,5,1,0.13127991518140525,84.51036190490626,0.20132174110071038,0.4807074766150579,0.0,0.0,0.4577589243416664,0.5083826139333373,0.5985897364730314,0.5068937829922775,0.5400381007095687,0.5507397906134405,0.6144242567572312,0.4832496129801127,0.4493761932806642,0.610780525461964
abrupt,omd_paper_v2_literal,2,742,5,0,0.13127991518140525,84.64164182008767,0.20105666318071858,0.47799261216718164,0.0,0.0,0.4591860575347505,0.5101438799412641,0.5999258846197612,0.5066241437997021,0.5410170734177729,0.5525979753141063,0.6151250259329876,0.4841750846109344,0.4485010556428849,0.610850967646196
abrupt,omd_paper_v2_literal,2,743,5,1,0.13127991518140525,84.77292173526908,0.20138312558012142,0.48018617839590844,0.0,0.0,0.45743316515819077,0.5079804355368729,0.5982844491279529,0.5069553488108117,0.5398145295029598,0.5503153130790575,0.6142641843586897,0.4830383170975012,0.4495760565019376,0.6107644408386144
abrupt,omd_paper_v2_literal,2,744,5,1,0.13127991518140525,84.90420165045049,0.20111712378614127,0.48247611888941194,0.0,0.0,0.45885756084202045,0.5097385677322187,0.5996185180312724,0.5066861981710664,0.5407918030916111,0.5521704659877451,0.6149637950236407,0.48396208926135936,0.448702429369994,0.6108347566849552
abrupt,omd_paper_v2_literal,2,745,5,1,0.13127991518140525,85.0354815656319,0.2008586512171957,0.48485922762227646,0.0,0.0,0.460274804661893,0.5114868100670124,0.6009438005350409,0.5064185211554733,0.5417634009947221,0.5540139962180293,0.6156590942122098,0.48488089921988126,0.4478339117225124,0.6109046819690244
abrupt,omd_paper_v2_literal,2,746,5,1,0.13127991518140525,85.1667614808133,0.20060761904692692,0.4873323360500845,0.0,0.0,0.4616849229982219,0.5132251978494723,0.6022603589913543,0.5061523066864777,0.5427293620931242,0.5558459560861082,0.6163501165068073,0.4857947777993385,0.4469704668961371,0.610974219713538
abrupt,omd_paper_v2_literal,2,747,5,0,0.13127991518140525,85.29804139599472,0.20036393848483658,0.48424769050256056,0.0,0.0,0.463087942698618,0.5149537672485129,0.6035682556635357,0.5058875437556383,0.5436897251609218,0.5576663987858903,0.6170368962628934,0.48670375579461617,0.4461120583760983,0.6110433729205128
abrupt,omd_paper_v2_literal,2,748,5,0,0.13127991518140525,85.42932131117612,0.20067043009103744,0.48134067743562214,0.0,0.0,0.4613288456403185,0.512786328194744,0.6019281006663743,0.5062195193255677,0.5424855117974977,0.5553835746027318,0.6161756953731382,0.4855640377665507,0.4471884345248244,0.6109566636481663
abrupt,omd_paper_v2_literal,2,749,5,1,0.13127991518140525,85.56060122635753,0.20098454027621146,0.4836638555635772,0.0,0.0,0.4595803000504498,0.5106302365507797,0.6002946203988041,0.5065496783446066,0.5412873754564482,0.5531108834087968,0.6153184694989957,0.484430686407553,0.4482594296576194,0.6108704204605429
abrupt,omd_paper_v2_literal,2,750,5,1,0.13127991518140525,85.69188114153894,0.20073140711321777,0.4860774831627829,0.0,0.0,0.4609852666836218,0.5123627981673228,0.6016073807070504,0.5062843796323713,0.5422501757854032,0.5549372832926037,0.6160073497971005,0.4853413783586681,0.44739879358324275,0.6109397216878265
abrupt,omd_paper_v2_literal,2,751,5,0,0.13127991518140525,85.82316105672035,0.20048557926236768,0.4830781835786123,0.0,0.0,0.4623832082069925,0.5140856435465023,0.6029115545550924,0.5060205201112197,0.5432074274892001,0.5567522805624187,0.6166920225786884,0.4862472145124231,0.4465431501613022,0.6110086416067774
abrupt,omd_paper_v2_literal,2,752,5,1,0.13127991518140525,85.95444097190176,0.2007936033037717,0.48546218667295354,0.0,0.0,0.460636911683444,0.5119333159251453,0.6012820780541347,0.5063501484826273,0.542011523220944,0.5544846484904975,0.6158366171375368,0.4851156052059731,0.44761211921652266,0.6109225420796393
abrupt,omd_paper_v2_literal,2,753,5,0,0.13127991518140525,86.08572088708317,0.20054671472479169,0.48250517398530196,0.0,0.0,0.4620323281436063,0.513653312814778,0.6025843992581366,0.5060867378992064,0.5429672279190187,0.55629693423054,0.616520242338956,0.48601987961237797,0.4467578505418921,0.6109913460684729
abrupt,omd_paper_v2_literal,2,754,5,0,0.13127991518140525,86.21700080226458,0.20085548558981803,0.47972331785670597,0.0,0.0,0.46029237508056675,0.5115084773658121,0.6009602178097677,0.5064152033505374,0.5417754417011474,0.5540368370449206,0.6156677092926583,0.4848922882657328,0.4478231486752909,0.6109055486446883
abrupt,omd_paper_v2_literal,2,755,5,1,0.13127991518140525,86.34828071744599,0.20117165735572703,0.48195837042939504,0.0,0.0,0.4585628022151026,0.5093748344181916,0.5993426241065737,0.5067418848570037,0.5405896339599421,0.551786758473756,0.6148190868118211,0.48377095470395953,0.44888315410007046,0.6108202089508261
abrupt,omd_paper_v2_literal,2,756,5,1,0.13127991518140525,86.4795606326274,0.2009155219110991,0.4842844730949088,0.0,0.0,0.45996004516724387,0.5110986304427103,0.6006496445759076,0.5064779599529379,0.5415476819702413,0.5536047613684124,0.6155047416714368,0.48467686570015484,0.4480267413417839,0.610889155246536
abrupt,omd_paper_v2_literal,2,757,5,1,0.13127991518140525,86.6108405478088,0.2006666218764717,0.4866985907509892,0.0,0.0,0.4613503715446331,0.5128128610758605,0.6019481903546692,0.5062154559230033,0.5425002545962011,0.5554115310809173,0.6161862410307876,0.48557798721773915,0.44717525649124473,0.6109577250262495
abrupt,omd_paper_v2_literal,2,758,5,0,0.13127991518140525,86.74212046299021,0.20042487243230755,0.48369274142032753,0.0,0.0,0.46273380688944266,0.5145175606779065,0.6032383209342997,0.5059543622373213,0.54344738889673,0.5572071182299666,0.6168636177543811,0.486474348677687,0.4463286646384941,0.6110259211618816
abrupt,omd_paper_v2_literal,2,759,5,1,0.13127991518140525,86.87340037817162,0.20072836645664915,0.4860776887378938,0.0,0.0,0.4610023510079902,0.5123838595270154,0.6016233312552978,0.5062811543200604,0.5422618788176202,0.554959478180992,0.6160157217976246,0.4853524504365521,0.44738833258421856,0.6109405641693216
abrupt,omd_paper_v2_literal,2,760,5,1,0.13127991518140525,87.00468029335303,0.20048555900414897,0.48854789208726057,0.0,0.0,0.4623833248393613,0.5140857872419101,0.6029116632802877,0.5060204981015953,0.5432075073238368,0.5567524318954524,0.6166920796704768,0.48624729007536255,0.44654307880210914,0.6110086473554533
abrupt,omd_paper_v2_literal,2,761,5,1,0.13127991518140525,87.13596020853444,0.2002497959979209,0.4911004131278885,0.0,0.0,0.4637574685537996,0.5157782675895187,0.6041916750888415,0.5057612359262399,0.5441477578289131,0.558534308769967,0.6173643640890343,0.48713742025745427,0.44570266261164815,0.6110763612757384
abrupt,omd_paper_v2_literal,2,762,5,1,0.13127991518140525,87.26724012371585,0.20002099350786923,0.49373235814816085,0.0,0.0,0.4651248081848819,0.517461335953476,0.6054634254609839,0.5055033574728803,0.5450826668700537,0.5603051603128921,0.6180326072476983,0.4880228700739532,0.44486704966959856,0.6111437087422505
abrupt,omd_paper_v2_literal,2,763,5,0,0.13127991518140525,87.39852003889726,0.19979906771424472,0.4903887149392901,0.0,0.0,0.46648537015479224,0.5191350284369763,0.6067269730601424,0.5052468524857324,0.5460122708703143,0.5620650387507363,0.618696841126223,0.48890366857193635,0.44403620578135644,0.6112106925476579
abrupt,omd_paper_v2_literal,2,764,5,0,0.13127991518140525,87.52979995407867,0.20008337677566987,0.48721356017859807,0.0,0.0,0.46474855508817026,0.5169983065708015,0.6051136668408053,0.5055743085846423,0.5448254741600345,0.5598180921212881,0.6178487960583963,0.487779246079403,0.4450969232941265,0.6111251796699688
abrupt,omd_paper_v2_literal,2,765,5,0,0.13127991518140525,87.66107986926008,0.20037528263948418,0.48420732319665827,0.0,0.0,0.4630218418769207,0.514872352805258,0.6035066818533948,0.5059000151649711,0.5436444956658105,0.557580683430853,0.6170045568018434,0.48666093747676764,0.4461524854884805,0.6110401156435317
abrupt,omd_paper_v2_literal,2,766,5,0,0.13127991518140525,87.79235978444149,0.2006746139566742,0.48137030225797534,0.0,0.0,0.4613052056770869,0.5127571892317291,0.6019060374192365,0.5062239818252889,0.5424693209091025,0.5553528718992893,0.6161641138192379,0.4855487182580943,0.4472029069602004,0.6109554980227441
abrupt,omd_paper_v2_literal,2,767,4,1,0.11716655026538358,87.90952633470687,0.20098120038677914,0.4829950217863939,0.0,0.0,0.4595986203346797,0.5106528353339365,0.6003117514818833,0.5065462181921319,0.5412999348432551,0.5531347136876176,0.6153274572489845,0.4844425635148592,0.4482482027487184,0.6108713243551962
abrupt,omd_paper_v2_literal,2,768,4,1,0.11716655026538358,88.02669288497225,0.20076583236575368,0.48472719358856464,0.0,0.0,0.45978307678884944,0.5109730166814854,0.6013515765604488,0.5080784992998871,0.5431941533622743,0.5540948052564114,0.6154577528743876,0.48625000816296354,0.4464011271350614,0.6113860636582622
abrupt,omd_paper_v2_literal,2,769,4,0,0.11716655026538358,88.14385943523763,0.20055875649178487,0.48267634610412996,0.0,0.0,0.4599665305108226,0.5112914295785052,0.6023847814830683,0.5096022094609943,0.5450767244127954,0.5550492206178,0.6155873160485841,0.48804787701960944,0.44456566838955447,0.6118977280037421
abrupt,omd_paper_v2_literal,2,770,4,1,0.11716655026538358,88.26102598550301,0.20080631841552832,0.48438292306347286,0.0,0.0,0.4597479279472085,0.5109120071366005,0.6011535091283443,0.5077865355116682,0.5428333065678237,0.5539118916822677,0.6154329264518156,0.4859055722326823,0.44675297300460565,0.6112879997240122
abrupt,omd_paper_v2_literal,2,771,4,1,0.11716655026538358,88.37819253576839,0.20059828275609942,0.4861938433080205,0.0,0.0,0.45993102132601715,0.5112297999616495,0.6021848706822696,0.509307301188693,0.544712442723736,0.5548645204715197,0.6155622397619122,0.4876998654069251,0.4449208136796804,0.6117987121613345
abrupt,omd_paper_v2_literal,2,772,4,1,0.11716655026538358,88.49535908603377,0.2003984049784546,0.4881060668922436,0.0,0.0,0.4601131239357694,0.5115458454994577,0.6032096916034041,0.5108195776977441,0.5465800383575246,0.5558115388191408,0.6156908295493142,0.48948465857061224,0.4431001597525553,0.6123063876410508
abrupt,omd_paper_v2_literal,2,773,4,0,0.11716655026538358,88.61252563629915,0.2002065805679269,0.4858101534666173,0.0,0.0,0.4602942430812815,0.5118601567128387,0.604228020868523,0.5123234029258872,0.5484361401183578,0.556752985774207,0.6158187013797225,0.49125997526408993,0.4412909588961644,0.6128110501638886
abrupt,omd_paper_v2_literal,2,774,4,1,0.11716655026538358,88.72969218656453,0.20043915971962228,0.4876957864122952,0.0,0.0,0.46007546871025273,0.5114804957873182,0.6029978577342878,0.5105068913574001,0.5461939711615428,0.5556157516850337,0.6156642416625031,0.4891155836574049,0.4434765026102695,0.6122014327684373
abrupt,omd_paper_v2_literal,2,775,4,0,0.11716655026538358,88.84685873682992,0.20024624579618322,0.4854353717453132,0.0,0.0,0.46025624638178864,0.5117942201400154,0.60401446666777,0.5120079426163924,0.5480468703104372,0.5565555191862049,0.6157918772914344,0.4908875231445192,0.4416703720515276,0.6127052002681171
abrupt,omd_paper_v2_literal,2,776,5,0,0.13127991518140525,88.97813865201132,0.20047976536934925,0.48262469978606815,0.0,0.0,0.460038224334266,0.5114158579302158,0.6027882946331177,0.5101976048704394,0.5458120570202308,0.5554220814294056,0.6156379428750012,0.488750542932642,0.4438488075684171,0.6120976115468499
abrupt,omd_paper_v2_literal,2,777,9,0,0.45293234909538455,89.43107100110672,0.20078173081323913,0.47497882454690304,0.0,0.0,0.4583357671509277,0.5093161877896736,0.6012049673516908,0.510530962324037,0.5446597564120264,0.5532139029421161,0.6148028415479107,0.4876590068020874,0.44487736723982996,0.6120175197764717
abrupt,omd_paper_v2_literal,2,778,5,1,0.13127991518140525,89.56235091628812,0.19984775177224587,0.4772749629792109,0.0,0.0,0.4598652663662565,0.510107156130449,0.599974711628568,0.5097813231706286,0.5439512130463057,0.5531220924878133,0.6132195923584098,0.48794789104033615,0.4458165555689199,0.6100041551982006
abrupt,omd_paper_v2_literal,2,779,5,0,0.13127991518140525,89.69363083146953,0.19960322291983443,0.474442474792252,0.0,0.0,0.4612338559471223,0.5117941961067213,0.6012483702346662,0.5095134270329733,0.544877342581456,0.5548966128601451,0.6138916243305086,0.4888249709684931,0.44498975193760504,0.6100685600748925
abrupt,omd_paper_v2_literal,2,780,4,0,0.11716655026538358,89.81079738173491,0.19990730088507663,0.47245605694863474,0.0,0.0,0.45953678242883955,0.5097020930789686,0.5996687275889585,0.5098456392847557,0.5437288208509684,0.5526958594189542,0.6130581855071747,0.48773733109415607,0.44601510076159845,0.6099886921985047
abrupt,omd_paper_v2_literal,2,781,9,0,0.45293234909538455,90.2637297308303,0.20015916293128214,0.4648748001709383,0.0,0.0,0.45932376476364317,0.5093311457102098,0.5984530275056065,0.5080512693606284,0.5415137508531502,0.5515754895503363,0.6129074844758201,0.485622809722734,0.4481752175295276,0.6093860078158855
abrupt,omd_paper_v2_literal,2,782,5,1,0.13127991518140525,90.39500964601172,0.19923562531541053,0.4671412846367372,0.0,0.0,0.4608457724950095,0.5101182337315424,0.5972273324474053,0.5073062871388745,0.5408093567126749,0.5514848395292294,0.6113300970504475,0.48591110860451564,0.4491096063029169,0.6073789252886447
abrupt,omd_paper_v2_literal,2,783,5,1,0.13127991518140525,90.52628956119312,0.1989839022264089,0.4694966897040745,0.0,0.0,0.46221610113938755,0.5118067957890917,0.5985044393394231,0.5070370251590142,0.5417361408704406,0.5532617651420947,0.6120038744228399,0.48678769947100714,0.4482820634480751,0.6074431347563375
abrupt,omd_paper_v2_literal,2,784,5,0,0.13127991518140525,90.65756947637453,0.19873915628619399,0.4665891438598121,0.0,0.0,0.46357977208404444,0.5134861885744103,0.5997734881476864,0.5067691786694306,0.5426577526317735,0.5550279738924299,0.6126736750498368,0.4876597496296152,0.4474591674134372,0.60750700202792
abrupt,omd_paper_v2_literal,2,785,5,0,0.13127991518140525,90.78884939155594,0.1990436722197896,0.4638510921609115,0.0,0.0,0.46188785352349476,0.5114024068783319,0.5981986922421123,0.5071015140018513,0.5415142013589586,0.5528363121669932,0.6118425430800374,0.486577747633827,0.44848023473555537,0.6074277568743869
abrupt,omd_paper_v2_literal,2,786,9,0,0.45293234909538455,91.24178174065133,0.1993551854217013,0.456313033672736,0.0,0.0,0.46020570904505576,0.5093291975902418,0.5966301705226328,0.5074320942130992,0.5403762338943526,0.5506541447854687,0.6110151388842445,0.48550156438806524,0.44949635984463016,0.6073489231298311
abrupt,omd_paper_v2_literal,2,787,4,0,0.11716655026538358,91.35894829091671,0.1984373297369341,0.45455773879820427,0.0,0.0,0.46172174484875383,0.5101132410739583,0.5954084720083492,0.5066903227478924,0.539674957097536,0.5505643393471642,0.6094421605553754,0.48578881309648647,0.4504268785643772,0.6053471111912728
abrupt,omd_paper_v2_literal,2,788,5,1,0.13127991518140525,91.49022820609812,0.19870708525305872,0.45676502383521206,0.0,0.0,0.4615139722713628,0.5097506192900056,0.5942043588582927,0.5049110164016948,0.5374799970017357,0.5494587769666665,0.6092955427404045,0.4836960657885183,0.4525685065544505,0.6047487630911742
abrupt,omd_paper_v2_literal,2,789,5,0,0.13127991518140525,91.62150812127953,0.19844735491658566,0.4540822503830071,0.0,0.0,0.4628834721563358,0.5114377684142012,0.5954828498650313,0.5046408806885528,0.5384057736537666,0.5512352059984537,0.6099699431292948,0.484570568197507,0.45174171045737194,0.6048126592837338
abrupt,omd_paper_v2_literal,2,790,9,0,0.45293234909538455,92.07444047037492,0.19876548716709266,0.4466144346525516,0.0,0.0,0.46121016681174853,0.5093762199861249,0.593920495820854,0.5049709574435047,0.5372745376872278,0.5490644258506167,0.6091458407798761,0.4835020325215873,0.4527520030889888,0.6047345844405415
abrupt,omd_paper_v2_literal,2,791,1,0,0.08025279437223798,92.15469326474717,0.1978581806221885,0.4464402248388233,0.0,0.0,0.4627187460477338,0.51015640158901,0.5927035039969065,0.5042338445861686,0.5365774531325603,0.5489757608432989,0.6075788339208776,0.48378867804094544,0.45367763449119075,0.6027392847641331
abrupt,omd_paper_v2_literal,2,792,3,1,0.16371017181850367,92.31840343656567,0.19835614682201716,0.4464635429414249,0.0,0.0,0.4606549443641042,0.5079333820790043,0.5917716767474273,0.5052877081917729,0.536239264851268,0.5470878861450001,0.6071933098549367,0.4832215081360798,0.45384568175493206,0.603368364842149
abrupt,omd_paper_v2_literal,2,793,3,1,0.16371017181850367,92.48211360838418,0.19826639896559548,0.44665530228773104,0.0,0.0,0.45974516071581745,0.5069130844018317,0.5919948343830129,0.5074628162288605,0.5378592546544799,0.5467959974731741,0.6067588272436555,0.484785843003721,0.45220354214267977,0.6039438097747339
abrupt,omd_paper_v2_literal,2,794,3,0,0.16371017181850367,92.64582378020269,0.1981845534210052,0.4464600604862345,0.0,0.0,0.4588409680061895,0.5058987015666724,0.5922166482512419,0.5096249132134711,0.5394689704629547,0.5465057853657534,0.6063267202032103,0.48634131723626317,0.45057204497797565,0.6045156014225918
abrupt,omd_paper_v2_literal,2,795,3,0,0.16371017181850367,92.8095339520212,0.1982692409280761,0.4464438159360326,0.0,0.0,0.4597751684621239,0.5069467430011044,0.5919874734515252,0.507391067702764,0.5378058269036682,0.5468056268265937,0.6067731626780376,0.4847342337177292,0.4522576967368934,0.6039248315467096
abrupt,omd_paper_v2_literal,2,796,9,1,0.45293234909538455,93.26246630111659,0.1983612167911959,0.4513797121810718,0.0,0.0,0.4607041966100415,0.5079886068774262,0.5917595966048625,0.5051699676320964,0.5361515560116447,0.5471036845543726,0.6072168226684971,0.4831368430231921,0.4539345963662356,0.6033372090176741
abrupt,omd_paper_v2_literal,2,797,9,0,0.45293234909538455,93.71539865021198,0.1989553509632744,0.4438694790043644,0.0,0.0,0.459718180480154,0.5074794238148325,0.5925577071380658,0.5056497353442505,0.536606373152876,0.547162832725309,0.6082448173202075,0.48294720492027066,0.4533300981089329,0.6046432982763167
abrupt,omd_paper_v2_literal,2,798,5,0,0.13127991518140525,93.84667856539339,0.19805088868448298,0.44144575984137313,0.0,0.0,0.4612196718343496,0.508254730557219,0.5913422623182297,0.5049192078408129,0.5359138167776408,0.547072769573618,0.6066791508550157,0.48323596142935266,0.4542505982912085,0.6026539789607975
abrupt,omd_paper_v2_literal,2,799,9,1,0.45293234909538455,94.29961091448878,0.19838284362311542,0.44641152061978645,0.0,0.0,0.45956540339666174,0.5062147486888269,0.5897900308790556,0.5052431354148987,0.5347908979104677,0.5449205360258783,0.6058610113437847,0.4821764252893343,0.4552539831139669,0.6025753614717886
abrupt,omd_paper_v2_literal,2,800,9,1,0.45293234909538455,94.75254326358417,0.19897549426844485,0.45136828772012244,0.0,0.0,0.458579964941531,0.5057055832731435,0.5905890507364527,0.5057227805706129,0.5352457262418208,0.5449796379673684,0.6068899429915069,0.4819868267818178,0.45464939430449525,0.6038819480645471
abrupt,omd_paper_v2_literal,2,801,9,1,0.45293234909538455,95.20547561267956,0.1995660604690365,0.45631562663115993,0.0,0.0,0.45759915896473347,0.5051986333978397,0.5913841003925905,0.5062003170970947,0.5356985067379136,0.5450384801137417,0.6079134320922598,0.481798062809142,0.4540475830230503,0.6051813477616532
abrupt,omd_paper_v2_literal,2,802,9,0,0.45293234909538455,95.65840796177496,0.200154537402772,0.44872932808389776,0.0,0.0,0.4566229602930639,0.5046938855731271,0.5921752052471024,0.5066757580937284,0.5361492525388281,0.5450970641837332,0.6089315125561312,0.48161012789127916,0.45344853182009265,0.6064736009088546
abrupt,omd_paper_v2_literal,2,803,9,0,0.45293234909538455,96.11134031087035,0.19925176893030153,0.44120512055048816,0.0,0.0,0.45812098729407646,0.5054683734651418,0.5909611283799039,0.5059462300796109,0.535457597872147,0.5450071714503482,0.6073689698878302,0.48189849999109113,0.45436777909447545,0.6044901449502182
abrupt,omd_paper_v2_literal,2,804,3,0,0.16371017181850367,96.27505048268885,0.1983540974327025,0.44137298984741064,0.0,0.0,0.4596132317346591,0.5062394565660946,0.589751244862762,0.5052198594909351,0.5347688250434441,0.5449176679622769,0.6058110565567018,0.4821856260397808,0.45528332527857174,0.6025119195474008
abrupt,omd_paper_v2_literal,2,805,1,0,0.08025279437223798,96.3553032770611,0.19845674084937373,0.44140585979358005,0.0,0.0,0.4605332179546867,0.507273284085404,0.589526745763503,0.5030129808176639,0.5331239585499445,0.5452140386317985,0.6062559271076486,0.48059710439834685,0.4569505790608856,0.6019314133470037
abrupt,omd_paper_v2_literal,2,806,9,1,0.45293234909538455,96.80823562615649,0.19895879138199388,0.4463555814039471,0.0,0.0,0.458494120618229,0.5050733939645755,0.5885973904627764,0.5040496647724664,0.5327817720958422,0.5433401846815904,0.6058713941079786,0.48003062149436115,0.4571244650163184,0.6025497763541576
abrupt,omd_paper_v2_literal,2,807,9,0,0.45293234909538455,97.26116797525188,0.19954558312164788,0.4388485930164082,0.0,0.0,0.45751530195314305,0.5045680024378614,0.5893930550134182,0.5045257099400521,0.5332339975161795,0.5433997206509189,0.6068950531610152,0.47984179184197073,0.4565231959700867,0.6038489790424748
abrupt,omd_paper_v2_literal,2,808,3,0,0.16371017181850367,97.42487814707039,0.19865524124873668,0.43913170861407097,0.0,0.0,0.45900094223688476,0.5053350109364754,0.5881853244207927,0.5038032322908234,0.5325476518754474,0.543309364804998,0.6053411209151498,0.4801283732974426,0.45743576714363426,0.601876661548702
abrupt,omd_paper_v2_literal,2,809,1,1,0.08025279437223798,97.50513094144263,0.19876425351151977,0.43920626992146744,0.0,0.0,0.4599145014529642,0.5063625074701659,0.5879616636625254,0.5016068170336515,0.5309090265422881,0.5436034309221942,0.60578501669042,0.47854654946958597,0.4590966984360752,0.6012999930214831
abrupt,omd_paper_v2_literal,2,810,1,0,0.08025279437223798,97.58538373581487,0.19827965642945902,0.4391320319660537,0.0,0.0,0.4618952113957307,0.5084988355867731,0.58886611515352,0.5006013561065636,0.5312432467097192,0.5454239958581102,0.6061594404141252,0.4790977424461498,0.4589259008679878,0.6007001849806803
abrupt,omd_paper_v2_literal,2,811,9,0,0.45293234909538455,98.03831608491026,0.19877821098824783,0.4317472389772731,0.0,0.0,0.45985782675638326,0.5063013564529968,0.5879357671487129,0.5016355957680214,0.5308994598888261,0.5435513042648199,0.6057742978861516,0.47853077366648095,0.459101587244983,0.6013171566101697
abrupt,omd_paper_v2_literal,2,812,1,1,0.08025279437223798,98.1185688792825,0.19789796956025738,0.43188892174263405,0.0,0.0,0.461334270853274,0.507061559143649,0.5867323179006787,0.5009189735042718,0.5302167708182669,0.5434594123810857,0.6042264479485673,0.4788159653658896,0.46000950818050634,0.5993519417375657
abrupt,omd_paper_v2_literal,2,813,1,1,0.08025279437223798,98.19882167365475,0.19741548020983937,0.4321964634091491,0.0,0.0,0.46330685900250457,0.5091883817620115,0.5876340943905027,0.49991805813511503,0.5305498415088915,0.5452722969168375,0.6046002926796231,0.479364724767017,0.4598390906503099,0.5987543893975158
abrupt,omd_paper_v2_literal,2,814,1,1,0.08025279437223798,98.27907446802699,0.19694165082946882,0.4326666564998378,0.0,0.0,0.46526925626971244,0.511302658745954,0.5885301085086778,0.4989228924765347,0.530880972124971,0.5470735796159916,0.6049718689030661,0.47991038157049143,0.45966966127733216,0.5981599781187875
abrupt,omd_paper_v2_literal,2,815,1,1,0.08025279437223798,98.35932726239923,0.19647641423484122,0.43329616617319283,0.0,0.0,0.46722146677867926,0.5134044106608777,0.5894204028425193,0.49793344205720796,0.5312101769114379,0.5488633115236857,0.605341194104949,0.4804529568207017,0.45950121274178224,0.5975686892556356
abrupt,omd_paper_v2_literal,2,816,1,0,0.08025279437223798,98.43958005677148,0.196019702301315,0.4326351626352079,0.0,0.0,0.469163496506555,0.5154936602147285,0.5903050198616481,0.4969496723221588,0.5315374700546917,0.550641544732532,0.605708285684011,0.4809924715178844,0.4593337377563728,0.5969805041432469
abrupt,omd_paper_v2_literal,2,817,1,1,0.08025279437223798,98.51983285114372,0.19650302608834902,0.4332535144857691,0.0,0.0,0.4671091006224978,0.5132834792063719,0.5893691874035036,0.497990378808275,0.5311912338248455,0.5487603566862709,0.6053199448450645,0.4804217335087471,0.45951090572456266,0.597602722201898
abrupt,omd_paper_v2_literal,2,818,1,1,0.08025279437223798,98.60008564551596,0.1960471581544149,0.4340270275511336,0.0,0.0,0.4690460115184087,0.5153673128617235,0.5902515329894834,0.49700917209457496,0.5315176754769406,0.5505340299228696,0.6056860866333683,0.4809598393147084,0.45934386671883987,0.597016086702364
abrupt,omd_paper_v2_literal,2,819,1,1,0.08025279437223798,98.6803384398882,0.19559970032107055,0.4349521872138449,0.0,0.0,0.4709728087188407,0.517438740765732,0.5911282741953375,0.4960335803227693,0.5318422299214919,0.5522963216357877,0.6060500241018696,0.4814949221341905,0.45917778876278803,0.5964325192577578
abrupt,omd_paper_v2_literal,2,820,1,0,0.08025279437223798,98.76059123426045,0.19516058339442463,0.43396388914064454,0.0,0.0,0.4728895015572332,0.5194977893429558,0.5919994528670873,0.4950635691151627,0.5321649111022524,0.5540472853315761,0.6064117743230705,0.48202700268615395,0.45901266469819235,0.5958520013458458
abrupt,omd_paper_v2_literal,2,821,1,1,0.08025279437223798,98.84084402863269,0.1956328744166539,0.43487491438848747,0.0,0.0,0.47082906121226487,0.517284255845004,0.5910628993021577,0.49610634730931935,0.5318180228153079,0.5521649196924199,0.6060228826032523,0.481455009623604,0.45919017595765615,0.5964760561249484
abrupt,omd_paper_v2_literal,2,822,1,1,0.08025279437223798,98.92109682300493,0.19519442158166647,0.4359333915925865,0.0,0.0,0.47274086580124125,0.5193381684496862,0.5919319285950302,0.49513877550563945,0.532139893705145,0.5539115757050943,0.6063837310045622,0.48198574755054385,0.4590254668977588,0.5958970201069832
abrupt,omd_paper_v2_literal,2,823,1,0,0.08025279437223798,99.00134961737717,0.1947641963628699,0.43479371110641074,0.0,0.0,0.47464263560956416,0.5213798005949791,0.5927954663769774,0.49417671981785233,0.5324599150989549,0.5556470203026561,0.6067424206201633,0.48251351984973045,0.45886169957554523,0.5953209986654157
abrupt,omd_paper_v2_literal,2,824,1,1,0.08025279437223798,99.08160241174942,0.19523046660852877,0.43583679869414965,0.0,0.0,0.4725827105569158,0.5191683144829936,0.5918600734579191,0.4952188014724547,0.5321132729794067,0.5537671607828013,0.6063538898595523,0.481941848995588,0.45903908954028355,0.59594492196315
abrupt,omd_paper_v2_literal,2,825,1,1,0.08025279437223798,99.16185520612166,0.1948008205291693,0.43702316305948463,0.0,0.0,0.474479715752206,0.5212049578464871,0.5927215250600005,0.4942591201616682,0.5324325056892751,0.5554984286485901,0.606711702661605,0.4824683135864963,0.45887572621614825,0.5953703463235174
abrupt,omd_paper_v2_literal,2,826,1,1,0.08025279437223798,99.2421080004939,0.19437928998321527,0.43834913632393707,0.0,0.0,0.476366756471418,0.5232294200655505,0.5935775549423785,0.49330489144128326,0.5327499122469322,0.5572186008004912,0.6070673846133562,0.4829918485812069,0.4587132926949553,0.5947987508200423
abrupt,omd_paper_v2_literal,2,827,1,1,0.08025279437223798,99.32236079486614,0.1939658049123402,0.43981099863631146,0.0,0.0,0.4782438464224045,0.5252417322600809,0.5944282038090614,0.4923560814286557,0.5330655061717351,0.5589277321777627,0.607420952228949,0.48351247417232834,0.45855178204220653,0.5942301172567299
abrupt,omd_paper_v2_literal,2,828,1,1,0.08025279437223798,99.40261358923838,0.19356029461189206,0.4414049900443711,0.0,0.0,0.48011100081452524,0.5272419272415574,0.595273512208434,0.4914126562220188,0.5333793009172555,0.5606258784710062,0.6077724219290793,0.48403021048913525,0.45839118735908435,0.5936644274462555
abrupt,omd_paper_v2_literal,2,829,1,0,0.08025279437223798,99.48286638361063,0.193162687773525,0.43963227901191015,0.0,0.0,0.4819682363118371,0.5292300394522763,0.5961135205270268,0.49047458190998006,0.5336913098699241,0.56231309608124,0.6081218100396952,0.4845450775944513,0.4582315017830746,0.5931016632141357
abrupt,omd_paper_v2_literal,2,830,1,1,0.08025279437223798,99.56311917798287,0.19360753820939033,0.4412060603498053,0.0,0.0,0.4798920910237299,0.5270074953220734,0.595174448769631,0.4915232476513606,0.5333425172094615,0.560426883314999,0.6077312261264785,0.4839695162613578,0.45841001287008143,0.593730754191206
abrupt,omd_paper_v2_literal,2,831,1,0,0.08025279437223798,99.64337197235511,0.19321017764210935,0.439457479704322,0.0,0.0,0.4817449894960816,0.5289911378195291,0.596012590363257,0.4905873247974366,0.5336538111846508,0.5621103863252298,0.6080798232468219,0.48448319442625526,0.4582506937951124,0.5931693142908254
abrupt,omd_paper_v2_literal,2,832,1,1,0.08025279437223798,99.72362476672735,0.19365432822545414,0.441011301654487,0.0,0.0,0.47967564570502436,0.5267756827820254,0.5950764895217667,0.49163259870042153,0.533306145978231,0.5602301024299967,0.6076904911667826,0.4839095036854726,0.458428627214275,0.5937963331726698
abrupt,omd_paper_v2_literal,2,833,1,1,0.08025279437223798,99.8038775610996,0.1932572221398505,0.44269284838918976,0.0,0.0,0.48152422076462353,0.5287548673097789,0.595912769313804,0.4906988207774996,0.5336167271644081,0.5619098997834031,0.6080382995952123,0.48442199665485647,0.458269673509956,0.5932362131236049
abrupt,omd_paper_v2_literal,2,834,1,1,0.08025279437223798,99.88413035547184,0.19286787228500582,0.444498384235219,0.0,0.0,0.4833630074352354,0.5307221385771675,0.5967438418093844,0.4897703051202015,0.5339255536458782,0.5635789402508024,0.6083840632037382,0.48493166930255943,0.45811161305193276,0.5926789704823459
abrupt,omd_paper_v2_literal,2,835,1,1,0.08025279437223798,99.96438314984408,0.1924862076681835,0.44642416430055665,0.0,0.0,0.4851920244888146,0.5326775330926287,0.5975697463885555,0.4888470184209754,0.534232638453778,0.5652372803696581,0.6087277978636131,0.4854385412153856,0.45795443916292067,0.5921245874270271
abrupt,omd_paper_v2_literal,2,836,1,0,0.08025279437223798,100.04463594421632,0.1921121568180673,0.44423462873963004,0.0,0.0,0.4870112919960721,0.5346210887998004,0.5983905222579395,0.48792892738684485,0.5345379945503761,0.5668849772665422,0.6090695193504505,0.48594263190749415,0.4577981452025984,0.5915730461588437
abrupt,omd_paper_v2_literal,2,837,1,1,0.08025279437223798,100.12488873858857,0.19253992985477597,0.4461377213022167,0.0,0.0,0.48493294043663415,0.5324006340184421,0.5974528002209094,0.4889777866681161,0.534189145065905,0.5650024838036213,0.6086791184307528,0.4853667469115355,0.45797670049203676,0.5922031235710231
abrupt,omd_paper_v2_literal,2,838,1,0,0.08025279437223798,100.20514153296081,0.19216590513614876,0.44397639391646376,0.0,0.0,0.4867481988048232,0.5343401092426519,0.5982718699467112,0.4880616808242294,0.53449384086791,0.5666468066228247,0.6090201121506548,0.48586973730215627,0.4578207451988054,0.5916528147439739
abrupt,omd_paper_v2_literal,2,839,1,1,0.08025279437223798,100.28539432733305,0.1925931656094211,0.4458570595803821,0.0,0.0,0.4846767371858687,0.5321267856939547,0.597337139902982,0.4891071063830332,0.5341461334406461,0.5647702620833444,0.6086309766501686,0.4852957492884423,0.45799871514274204,0.592280784240234
abrupt,omd_paper_v2_literal,2,840,1,0,0.08025279437223798,100.3656471217053,0.19221917783421197,0.44372355826001647,0.0,0.0,0.4864879959075436,0.5340621873252824,0.5981545065456415,0.4881929811573773,0.5344501705059841,0.5664112156488372,0.608971244174307,0.48579764209392345,0.4578430977067061,0.5917317044473258
abrupt,omd_paper_v2_literal,2,841,1,0,0.08025279437223798,100.44589991607754,0.19264591938581596,0.44176859773895916,0.0,0.0,0.48442337522617096,0.5318559468422225,0.5972227480318095,0.48923499737563253,0.5341035969847997,0.5645405805664628,0.6085833651940419,0.4852255374169818,0.4580204864930831,0.592357581521289
abrupt,omd_paper_v2_literal,2,842,1,1,0.08025279437223798,100.52615271044978,0.19307729636551713,0.44348643091570805,0.0,0.0,0.4823706438086386,0.529660611827704,0.5962954207197122,0.4902713718809055,0.533758898102874,0.5626784160123023,0.6081974847465306,0.4846566195943093,0.45819690961294535,0.5929797171737611
abrupt,omd_paper_v2_literal,2,843,1,0,0.08025279437223798,100.60640550482202,0.19269598085507747,0.4415570329759878,0.0,0.0,0.4841834207872651,0.5315994151604059,0.5971143965138962,0.48935612560108593,0.5340633097956027,0.5643230212020395,0.6085382699695234,0.48515903954090533,0.45804110651946534,0.5924303128871559
abrupt,omd_paper_v2_literal,2,844,5,1,0.13127991518140525,100.73768542000343,0.19312676327275952,0.44463654679994297,0.0,0.0,0.48213737547213464,0.5294110251746497,0.5961899809689101,0.4903891672426487,0.5337197190529116,0.5624666574818683,0.6081536186532547,0.4845919613120441,0.4582169617759229,0.5930504076268929
abrupt,omd_paper_v2_literal,2,845,5,0,0.13127991518140525,100.86896533518484,0.192924302426799,0.44068616067519584,0.0,0.0,0.48339257276628594,0.5309566504392306,0.5973906967285127,0.49016798265710504,0.5346051589147875,0.5641063479109045,0.6087915637393781,0.48541897344197804,0.45742049869833307,0.5931355310767202
abrupt,omd_paper_v2_literal,2,846,5,1,0.13127991518140525,101.00024525036625,0.19318596771506674,0.44373796134976834,0.0,0.0,0.4817763165136024,0.5289662679139977,0.5958443402366556,0.49045279918032103,0.5334649526848465,0.5619946904532181,0.6079700235946295,0.4843540586944445,0.4584461310923459,0.5930259179484748
abrupt,omd_paper_v2_literal,2,847,5,1,0.13127991518140525,101.13152516554766,0.19298230121586388,0.4468542320543747,0.0,0.0,0.4830296714881544,0.5305098680306365,0.5970436876426816,0.4902319269942172,0.5343491993506896,0.5636324538492594,0.6086071711481991,0.4851798748378339,0.4576507349450377,0.5931109223598052
abrupt,omd_paper_v2_literal,2,848,5,0,0.13127991518140525,101.26280508072907,0.19278478223120685,0.44283751000444554,0.0,0.0,0.48427700214663166,0.532045208551792,0.5982359168113158,0.49001215758412764,0.5352288320737131,0.5652606918974826,0.6092407812448142,0.4860016623170143,0.45685951065547326,0.5931954982819518
abrupt,omd_paper_v2_literal,2,849,1,0,0.08025279437223798,101.34305787510131,0.19304130078302525,0.44105812158057905,0.0,0.0,0.4826632787575671,0.5300587151766102,0.5966932240524556,0.49029649006046916,0.5340907460523366,0.5631538588425647,0.6084209638377769,0.4849384707969794,0.45788321615665917,0.5930860751782007
abrupt,omd_paper_v2_literal,2,850,5,1,0.13127991518140525,101.47433779028272,0.19347336760179135,0.44405158066737566,0.0,0.0,0.48063516872243855,0.5278896784375027,0.5957808636341119,0.49132366641192304,0.5337548359101586,0.5613158038255179,0.6080423872140155,0.48437962312959665,0.45805272141973175,0.5937038229425098
abrupt,omd_paper_v2_literal,2,851,5,0,0.13127991518140525,101.60561770546413,0.193268896574415,0.440229646941627,0.0,0.0,0.4818836178310754,0.5294282017110242,0.5969767774520441,0.49110425874763397,0.534636762440946,0.5629487828785562,0.608677739266685,0.4852031017917168,0.45725932643399886,0.5937891979480358
abrupt,omd_paper_v2_literal,2,852,4,1,0.11716655026538358,101.72278425572951,0.19353188701746304,0.4414878443115203,0.0,0.0,0.48028354745692303,0.5274562089345792,0.5954437914612261,0.4913854699618259,0.5335063757403778,0.560855583453375,0.6078633545022806,0.48414768005642606,0.45827624419692653,0.5936797734137436
abrupt,omd_paper_v2_literal,2,853,4,0,0.11716655026538358,101.83995080599489,0.19328378035447424,0.44005654970888985,0.0,0.0,0.480449821999575,0.5277497417506566,0.5964617143403921,0.4929148744558892,0.5353824523054893,0.561781070102676,0.6079805029268527,0.48593542673912066,0.4564434882654832,0.5941952939421322
abrupt,omd_paper_v2_literal,2,854,6,0,0.43699100497186033,102.27694181096675,0.19356874684849504,0.432089341667042,0.0,0.0,0.480259248458121,0.5274133104505685,0.5952949631859275,0.49116197559134345,0.5332321252247241,0.5607202972101694,0.6078462333894941,0.4838864516173754,0.4585441789533927,0.5936044179181941
abrupt,omd_paper_v2_literal,2,855,1,1,0.08025279437223798,102.35719460533899,0.19275991865383343,0.43363256032992264,0.0,0.0,0.4806597704831962,0.5269615855610446,0.5937975686321189,0.49171115637016305,0.5330730176719297,0.5598119566941431,0.6059122618460543,0.48462759846580644,0.4588656283199417,0.5920199162248001
abrupt,omd_paper_v2_literal,2,856,1,1,0.08025279437223798,102.43744739971123,0.19237040440818484,0.4352990978307032,0.0,0.0,0.4824641218840906,0.5288910836880935,0.5946082900401585,0.490795689871109,0.5333694161185768,0.5614467376468727,0.606248313181147,0.4851229893507447,0.4587173386274283,0.5914679463720747
abrupt,omd_paper_v2_literal,2,857,1,0,0.08025279437223798,102.51770019408347,0.19198829472189222,0.4334331336449537,0.0,0.0,0.484259130941972,0.5308092503934411,0.5954140984994972,0.4898852548042614,0.5336641820060076,0.563071321209999,0.6065824403575778,0.4856157196775588,0.4585698612762037,0.5909187443706527
abrupt,omd_paper_v2_literal,2,858,4,0,0.11716655026538358,102.63486674434886,0.19241861623462056,0.43212899632705903,0.0,0.0,0.48223942065123065,0.5286508711180308,0.5945073681520605,0.4909096792545209,0.533332510273528,0.5612432489273494,0.6062064740055383,0.4850613023493175,0.45873580305688627,0.5915366894992393
abrupt,omd_paper_v2_literal,2,859,1,0,0.08025279437223798,102.7151195387211,0.19271238657561512,0.43045821108501814,0.0,0.0,0.4820510266778178,0.5283176423183332,0.5933455388571185,0.48916539322800046,0.5311923364685749,0.5601888962354868,0.6060730649018001,0.4830234220558925,0.4608271127002027,0.5909473910747125
abrupt,omd_paper_v2_literal,2,860,6,0,0.43699100497186033,103.15211054369296,0.19314813268890071,0.422500549858938,0.0,0.0,0.4800441939251189,0.5261711571037974,0.5924430771734414,0.4901839281503818,0.530862900666322,0.5583695104123048,0.6056992294542717,0.48247295908025023,0.4609917396746077,0.591561710844726
abrupt,omd_paper_v2_literal,2,861,4,1,0.11716655026538358,103.26927709395834,0.19234668391958723,0.4236523069024843,0.0,0.0,0.48044516356777084,0.5257238640015023,0.59095042342574,0.4907295617101149,0.530705015058906,0.5574665001387279,0.6037709204489027,0.483211391991805,0.46131156993119105,0.5899814002269624
abrupt,omd_paper_v2_literal,2,862,4,1,0.11716655026538358,103.38644364422372,0.1920847293755459,0.42493122951578083,0.0,0.0,0.4806103290435755,0.5260164293384857,0.5919730528985396,0.49226274530253605,0.5325859231498905,0.5583938615963975,0.6038881977219848,0.48500214331825625,0.4594735181997787,0.5904996481350864
abrupt,omd_paper_v2_literal,2,863,4,1,0.11716655026538358,103.5036101944891,0.19183136744802104,0.4263340486894624,0.0,0.0,0.4807746176365096,0.5263074162454928,0.5929894376621034,0.4937878944544901,0.5344558791474036,0.5593158721147328,0.6040048375209287,0.486783723946413,0.45764636470980224,0.591014932059549
abrupt,omd_paper_v2_literal,2,864,4,1,0.11716655026538358,103.62077674475448,0.19158650380137304,0.42785746060656427,0.0,0.0,0.480938035558879,0.5265968359953357,0.5939996213880163,0.49530503732849585,0.5363149179511821,0.5602325674593046,0.6041208445064526,0.4885561514010279,0.4558300698268076,0.5915272739472126
abrupt,omd_paper_v2_literal,2,865,4,0,0.11716655026538358,103.73794329501986,0.19135004360107308,0.4261034369255443,0.0,0.0,0.48110058899076374,0.5268846998020522,0.5950036476290751,0.4968142026892124,0.5381630756003832,0.5611439833129986,0.6042362233124705,0.4903194443176889,0.4540245929103004,0.5920366956248964
abrupt,omd_paper_v2_literal,2,866,4,0,0.11716655026538358,103.85510984528524,0.1916247748252002,0.42452919134289446,0.0,0.0,0.4809121761242042,0.5265510395586288,0.5938398232063524,0.4950649589977367,0.5360208105470098,0.560087537288831,0.6041024884048963,0.4882756631427469,0.4561174023557417,0.5914462144614525
abrupt,omd_paper_v2_literal,2,867,1,1,0.08025279437223798,103.93536263965748,0.19190748363232613,0.4260429469100596,0.0,0.0,0.48072476789254004,0.5262191253576074,0.5926811245753789,0.4933251122104035,0.5338885872361789,0.55903615380389,0.603969447313582,0.48624310987406727,0.458200651057066,0.5908586029941322
abrupt,omd_paper_v2_literal,2,868,1,1,0.08025279437223798,104.01561543402973,0.19151598694685795,0.4276816527215012,0.0,0.0,0.4825220274522235,0.5281410081704618,0.5934876604619955,0.4924109338364669,0.5341810042910394,0.5606637460079484,0.6043042505180628,0.486734205224311,0.4580557079212592,0.5903072250544182
abrupt,omd_paper_v2_literal,2,869,1,0,0.08025279437223798,104.09586822840197,0.1911318624683272,0.4258523702979036,0.0,0.0,0.48431003169736664,0.5300516870602734,0.5942893418290935,0.4915017417703819,0.5344718191803635,0.5622812570752187,0.6046371490278116,0.48722267438120703,0.45791155442780535,0.5897585988985681
abrupt,omd_paper_v2_literal,2,870,4,1,0.11716655026538358,104.21303477866735,0.19156313798138938,0.4272198999637824,0.0,0.0,0.48230425200358423,0.5279082020217574,0.5933899697954286,0.4925216902984073,0.5341455771860084,0.5604666206754774,0.6042636919898415,0.4866747042385,0.4580732684086531,0.5903740404294103
abrupt,omd_paper_v2_literal,2,871,4,1,0.11716655026538358,104.33020132893273,0.19131847520381973,0.42870698080824315,0.0,0.0,0.4824658572060558,0.5281950126663225,0.5943946738486526,0.49403226801595573,0.535995992212769,0.5613775682842994,0.6043789321889883,0.48843860355336416,0.4562652042390044,0.5908845905890079
abrupt,omd_paper_v2_literal,2,872,4,0,0.11716655026538358,104.44736787919811,0.19108214657423134,0.42699704947868306,0.0,0.0,0.482626611687653,0.5284802885611164,0.5953932827583938,0.4955349678951812,0.5378356419422112,0.5622832897532108,0.6044935516447737,0.4901934634130802,0.45446784145091873,0.5913922472491028
abrupt,omd_paper_v2_literal,2,873,1,0,0.08025279437223798,104.52762067357035,0.19135635983131494,0.4253311024348165,0.0,0.0,0.48244052397869003,0.5281500538942281,0.5942372299833352,0.49379546426169846,0.5357059881752407,0.5612347967102495,0.604360868077789,0.48816207724636995,0.4565485586740886,0.5908045704506107
abrupt,omd_paper_v2_literal,2,874,4,1,0.11716655026538358,104.64478722383573,0.19179080854682237,0.42678169203719063,0.0,0.0,0.4804452719168412,0.5260164272165503,0.5933429577290757,0.4948115631311501,0.5353827558882271,0.5594288122012333,0.6039892434202491,0.48761798573965603,0.4567081408616926,0.5914168537867914
abrupt,omd_paper_v2_literal,2,875,4,1,0.11716655026538358,104.76195377410112,0.191552479390342,0.4283492615732517,0.0,0.0,0.4806054065584506,0.5263010777117958,0.5943409101234035,0.4963125097841516,0.5372202536933615,0.5603338850669336,0.6041036835861364,0.48937030536939496,0.4549128916408302,0.5919237474296679
abrupt,omd_paper_v2_literal,2,876,4,1,0.11716655026538358,104.8791203243665,0.19132235776263593,0.43003055599892764,0.0,0.0,0.480764702245244,0.5265842129190442,0.5953328369218222,0.49780562182192595,0.5390470770148809,0.5612337959813687,0.6042175100574884,0.4911136605227098,0.45312825410913,0.5924277789685952
abrupt,omd_paper_v2_literal,2,877,4,0,0.11716655026538358,104.99628687463188,0.19110035066157469,0.42807258361526707,0.0,0.0,0.48092316489636044,0.5268658436148084,0.5963187803239957,0.49929092815014037,0.5408632625274511,0.5621285794989686,0.604330727298664,0.4928480708829472,0.4513541872863459,0.5929289695129002
abrupt,omd_paper_v2_literal,2,878,4,0,0.11716655026538358,105.11345342489726,0.19136119777464328,0.4262909080862104,0.0,0.0,0.48073747508464415,0.5265358205422871,0.5951633513196546,0.49755041500452435,0.5387349085756843,0.5610800112125407,0.6041980555911431,0.49081566907354296,0.4534332010059499,0.5923416434440164
abrupt,omd_paper_v2_literal,2,879,6,1,0.43699100497186033,105.55044442986912,0.1916300547598343,0.4314119164679126,0.0,0.0,0.4805527641314945,0.526207504787472,0.5940129330216489,0.495819086265921,0.5366163114987792,0.5600363991999977,0.6040660642666724,0.48879422428526154,0.455502927297821,0.5917571348744395
abrupt,omd_paper_v2_literal,2,880,6,0,0.43699100497186033,105.98743543484098,0.1921575212517216,0.4235928656069698,0.0,0.0,0.48028929046896207,0.5264976853521137,0.5949838211708409,0.495461897568217,0.5367171124331437,0.5606231026774918,0.6053248733879322,0.4883095157968278,0.45529645359484183,0.5927878118416138
abrupt,omd_paper_v2_literal,2,881,4,0,0.11716655026538358,106.10460198510636,0.19135214561960295,0.4219735358959995,0.0,0.0,0.48069168259465045,0.526054502576388,0.5935007444867039,0.496007412508516,0.5365631639150217,0.5597269974563717,0.6034018118152465,0.48904979098168866,0.4556117948486623,0.5912133941086533
abrupt,omd_paper_v2_literal,2,882,6,0,0.43699100497186033,106.54159299007821,0.191629683275977,0.4141577783191336,0.0,0.0,0.480507900625032,0.525727970686072,0.5923552043921689,0.4942853331098969,0.534454553892016,0.5586884045187399,0.6032707132629067,0.4870393431203427,0.45767203182857796,0.5906317376107056
abrupt,omd_paper_v2_literal,2,883,1,1,0.08025279437223798,106.62184578445046,0.1908312120133935,0.4156378280311314,0.0,0.0,0.48090853150303103,0.525286722707667,0.5908758537683816,0.4948285578355391,0.5343013935636958,0.5577955611863672,0.6013528350576868,0.48777642325923654,0.45798603227275514,0.5890618466975923
abrupt,omd_paper_v2_literal,2,884,1,0,0.08025279437223798,106.7020985788227,0.19043612611295838,0.4140046698681718,0.0,0.0,0.4826996136457046,0.5272016389524121,0.5916780485007405,0.49391492702759054,0.5345892502747478,0.5594163661390525,0.601685965683693,0.4882630430342106,0.45784513324177273,0.5885098000682127
abrupt,omd_paper_v2_literal,2,885,1,1,0.08025279437223798,106.78235137319494,0.19087462518028897,0.41546627348593745,0.0,0.0,0.4807131902178257,0.5250777988172357,0.5907883215075825,0.4949282183182755,0.534269992946112,0.5576186896561225,0.6013164916920686,0.4877233444598123,0.4580014018588948,0.5891220500668752
abrupt,omd_paper_v2_literal,2,886,1,0,0.08025279437223798,106.86260416756718,0.19047984792719133,0.41385483021587544,0.0,0.0,0.4825002027301793,0.5269885038734998,0.5915887700968684,0.49401663296730147,0.5345572064277367,0.5592359957619686,0.6016488853384389,0.48820887009505676,0.45786081816763774,0.5885712664310204
abrupt,omd_paper_v2_literal,2,887,4,0,0.11716655026538358,106.97977071783257,0.19091763204404189,0.4123770690404822,0.0,0.0,0.4805199585561291,0.5248711163952791,0.5907017263054195,0.49502680585582565,0.5342389302454352,0.5574437086490515,0.6012805386454133,0.4876708375905924,0.45801660599349064,0.589181602421005
abrupt,omd_paper_v2_literal,2,888,6,1,0.43699100497186033,107.41676172280442,0.19120492070546088,0.41756352476210123,0.0,0.0,0.4803388190695236,0.5245481234342724,0.5895610654875023,0.49331363354291297,0.5321411363377554,0.5564114022163977,0.6011503849946102,0.4856723895780494,0.46006674957269295,0.5886019617875697
abrupt,omd_paper_v2_literal,2,889,6,0,0.43699100497186033,107.85375272777628,0.19173055233579758,0.4097397373905615,0.0,0.0,0.48007277162553325,0.5248380037168975,0.5905385125050716,0.49295552893872285,0.5322419809878737,0.5570001042719288,0.602417321850644,0.485185172088035,0.4598594688423326,0.589639754800014
abrupt,omd_paper_v2_literal,2,890,1,0,0.08025279437223798,107.93400552214852,0.1909376859756639,0.4083273672392781,0.0,0.0,0.48047418712497963,0.5244006272631309,0.5890634726488355,0.4934958382424306,0.5320898260162207,0.5561118122825112,0.6005052517503299,0.4859202941987195,0.46017221840106637,0.5880736339870012
abrupt,omd_paper_v2_literal,2,891,6,0,0.43699100497186033,108.37099652712038,0.19138184837750452,0.40055078187216675,0.0,0.0,0.4785068005181505,0.5222956277226432,0.588181138361811,0.4944997997250484,0.5317738063025725,0.5543287220393273,0.6001396555534186,0.4853858473847304,0.4603266184412255,0.5886811316418671
abrupt,omd_paper_v2_literal,2,892,4,0,0.11716655026538358,108.48816307738576,0.19059732247213151,0.39922164337534066,0.0,0.0,0.4789067160551275,0.5218607456405603,0.586710950986746,0.4950372548563391,0.5316224573820534,0.5534441689872206,0.5982333191495707,0.48611757617777274,0.46063785773503957,0.5871213357913868
abrupt,omd_paper_v2_literal,2,893,6,0,0.43699100497186033,108.92515408235762,0.19089626853421734,0.3914497386116833,0.0,0.0,0.478727063461786,0.5215401008335295,0.5855745674190883,0.49333438344047775,0.5295363753296175,0.5524169951001473,0.5981041321334889,0.4841318190904584,0.4626768909397428,0.5865446416622466
abrupt,omd_paper_v2_literal,2,894,1,1,0.08025279437223798,109.00540687672986,0.19011878155806688,0.3927106730850086,0.0,0.0,0.47912523043661703,0.5211071284040525,0.5841083230050956,0.4938695781729836,0.529385815178752,0.551535756820112,0.5962031408540815,0.48486036947700284,0.4629867760088375,0.5849894690657842
abrupt,omd_paper_v2_literal,2,895,1,1,0.08025279437223798,109.0856596711021,0.18970579042642624,0.3941105621564468,0.0,0.0,0.4809197528369899,0.5230271105008979,0.5849146207666789,0.4929538862237438,0.5296737606644115,0.5531634486103507,0.5965369102057659,0.48534766418374736,0.46284633295266453,0.5844332955187828
abrupt,omd_paper_v2_literal,2,896,1,1,0.08025279437223798,109.16591246547435,0.18930021220296486,0.39564559857637077,0.0,0.0,0.48270518660783135,0.5249361710985995,0.5857161645441018,0.49204312811210227,0.5299601498217563,0.5547813238480092,0.5968688096363067,0.4858323858872438,0.4627066452745167,0.5838798767725752
abrupt,omd_paper_v2_literal,2,897,1,1,0.08025279437223798,109.24616525984659,0.1889019871230396,0.3973119279738012,0.0,0.0,0.4844815462213072,0.526834337965806,0.5865129878496045,0.49113727470271773,0.5302449935891451,0.5563894284743708,0.5971988528141126,0.48631455153963016,0.4625677076293959,0.5833291966547233
abrupt,omd_paper_v2_literal,2,898,1,1,0.08025279437223798,109.32641805421883,0.18851105486823763,0.39910566219112903,0.0,0.0,0.48624884732578816,0.5287216401957877,0.5873051240767098,0.4902362968473709,0.5305283028534097,0.5579878090183518,0.5975270533346555,0.4867941780385501,0.46242951469878574,0.5827812390054772
abrupt,omd_paper_v2_literal,2,899,1,1,0.08025279437223798,109.40667084859108,0.18812735459914123,0.401022892094647,0.0,0.0,0.4880071067099882,0.5305981081606678,0.588092606495588,0.48934016539222536,0.530810088448907,0.5595765125661326,0.597853424719502,0.4872712822249261,0.4622920611910683,0.5822359876809655
abrupt,omd_paper_v2_literal,2,900,1,0,0.08025279437223798,109.48692364296332,0.18775082498759818,0.3988609054900529,0.0,0.0,0.48975634226771403,0.5324637734665275,0.5888754682486164,0.48844885118486037,0.531090361156619,0.5611555867315503,0.5981779804153992,0.48774588088081955,0.4621553418419204,0.5816934265562813
abrupt,omd_paper_v2_literal,2,901,1,1,0.08025279437223798,109.56717643733556,0.18817776164496955,0.4007564615306136,0.0,0.0,0.4877747475149097,0.5303501949663444,0.5879885721673273,0.489458578865258,0.5307728536473424,0.5593666461416494,0.5978103020711613,0.4872082350157922,0.4623102243476665,0.5823080502501804
abrupt,omd_paper_v2_literal,2,902,1,1,0.08025279437223798,109.6474292317078,0.187801342248264,0.402771447707927,0.0,0.0,0.489520244465071,0.5322120293625376,0.5887698369880866,0.4885691415296843,0.5310525358308192,0.5609425415772565,0.5981341823963824,0.4876818262776256,0.46217379357405175,0.5817666638446454
abrupt,omd_paper_v2_literal,2,903,1,1,0.08025279437223798,109.72768202608005,0.18743199994910037,0.40490198094161267,0.0,0.0,0.4912567847467647,0.5340631501811187,0.5895465356051723,0.4876844692022084,0.5313307228889526,0.5625089033022564,0.598456268778525,0.48815294052668307,0.46203808831245335,0.5812279386131897
abrupt,omd_paper_v2_literal,2,904,1,1,0.08025279437223798,109.80793482045229,0.18706967311831246,0.40714419014709086,0.0,0.0,0.4929843880529775,0.5359035909249265,0.5903187006335618,0.4868045329973462,0.531607425410731,0.5640657794270519,0.598776574410181,0.4886215942890205,0.46190310339445917,0.5806918586101067
abrupt,omd_paper_v2_literal,2,905,1,1,0.08025279437223798,109.88818761482453,0.18671429973203876,0.40949422625664195,0.0,0.0,0.4947030750729503,0.5377333861946023,0.5910863645503329,0.4859293040497041,0.5318826539300607,0.565613218504069,0.599095112407662,0.48908780402690294,0.4617688336796521,0.5801584079166291
abrupt,omd_paper_v2_literal,2,906,1,0,0.08025279437223798,109.96844040919677,0.18636581740158567,0.4067663383917342,0.0,0.0,0.4964128674597504,0.5395525716476354,0.5918495596909804,0.4850587535200866,0.5321564189250417,0.5671512695013731,0.5994118958102906,0.4895515861370091,0.46163527405592397,0.5796275706436004
abrupt,omd_paper_v2_literal,2,907,1,1,0.08025279437223798,110.04869320356902,0.1867725152178169,0.40909205525067516,0.0,0.0,0.49441983650412263,0.5374319159953326,0.5909598887956221,0.48607353050937424,0.531837299322589,0.5653582973912339,0.5990426250924846,0.48901097425084483,0.4617909601074282,0.5802463301790791
abrupt,omd_paper_v2_literal,2,908,1,1,0.08025279437223798,110.12894599794126,0.18642388241844848,0.411521826382983,0.0,0.0,0.4961262483661979,0.5392476941306201,0.5917216562338785,0.48520467754890484,0.532110529100062,0.5668935357589197,0.599358799261075,0.4894738411584717,0.4616576622451389,0.5797165676741796
abrupt,omd_paper_v2_literal,2,909,1,1,0.08025279437223798,110.2091987923135,0.18608204971700565,0.4140518985968656,0.0,0.0,0.4978238346665004,0.5410529529001085,0.5924790068843971,0.4843404526359237,0.5323823122800297,0.568419480104422,0.5996732395154986,0.48993430772181296,0.46152506623871986,0.5791893906457359
abrupt,omd_paper_v2_literal,2,910,1,1,0.08025279437223798,110.28945158668574,0.18574695466768693,0.41667856435381423,0.0,0.0,0.49951261854204027,0.5428477294739793,0.5932319725419791,0.4834808272389199,0.5326526591485189,0.5699361796685524,0.5999859586428523,0.49039239007478796,0.46139316707163935,0.5786647833999499
abrupt,omd_paper_v2_literal,2,911,1,1,0.08025279437223798,110.36970438105799,0.1854185345447085,0.41939816871403285,0.0,0.0,0.5011926239952683,0.5446320619572801,0.5939805848520349,0.48262577286829056,0.5329215799345662,0.5714436840329872,0.6002969693523782,0.49084810428185677,0.46126195975613543,0.5781427302792848
abrupt,omd_paper_v2_literal,2,912,1,1,0.08025279437223798,110.44995717543023,0.18509672636975213,0.42220711552911977,0.0,0.0,0.5028638758643674,0.54640598935272,0.594724875307567,0.4817752610816185,0.5331890848096497,0.5729420430968457,0.6006062842749326,0.4913014663365296,0.4611314393334591,0.5776232156647643
abrupt,omd_paper_v2_literal,2,913,1,1,0.08025279437223798,110.53020996980247,0.18478146693888298,0.42510187290229995,0.0,0.0,0.5045263997941273,0.5481695515242797,0.5954648752463024,0.48092926348876547,0.5334551838871547,0.5744313070539161,0.6009139159624963,0.4917524921599454,0.461001600874101,0.5771062239781884
abrupt,omd_paper_v2_literal,2,914,1,1,0.08025279437223798,110.61046276417471,0.18447269284893292,0.428078977942425,0.0,0.0,0.5061802222074014,0.5499227891616276,0.5962006158479715,0.48008775175678625,0.5337198872218749,0.5759115263705188,0.6012198768877253,0.4922011975995164,0.4608724394780021,0.5765917396842687
abrupt,omd_paper_v2_literal,2,915,1,0,0.08025279437223798,110.69071555854696,0.1841703405233471,0.42444783411046605,0.0,0.0,0.5078253702771426,0.551665743745337,0.596932128131728,0.47925069761466665,0.5339832048095452,0.5773827517639982,0.6015241794435388,0.49264759842763917,0.4607439502747487,0.576079747292683
abrupt,omd_paper_v2_literal,2,916,1,1,0.08025279437223798,110.7709683529192,0.18454112263585037,0.4273982279453377,0.0,0.0,0.5058114634633835,0.5495319582208333,0.5960365978181096,0.4802753823532701,0.5336608653342186,0.5755815841812625,0.6011516605844088,0.4921011441844588,0.4609012394206561,0.5767064737787384
abrupt,omd_paper_v2_literal,2,917,1,0,0.08025279437223798,110.85122114729144,0.18423820383406103,0.423805360186454,0.0,0.0,0.5074538319284397,0.5512722119155848,0.5967669557797436,0.4794397338338176,0.5339237369509571,0.5770505988187882,0.6014554604473519,0.4925467790528986,0.46077296873092255,0.5761953936003832
abrupt,omd_paper_v2_literal,2,918,1,0,0.08025279437223798,110.93147394166368,0.18460908486333477,0.42037562997755623,0.0,0.0,0.5054465001597463,0.5491450963011855,0.5958742495770544,0.48046108407656857,0.5336024509967091,0.5752549771461953,0.6010841436815905,0.4920021228792241,0.4609297427112949,0.5768200168932637
abrupt,omd_paper_v2_literal,2,919,1,1,0.08025279437223798,111.01172673603593,0.18498515638019034,0.4231904918923844,0.0,0.0,0.5034493157117496,0.5470271342347368,0.5949855035232767,0.48147734463448544,0.5332827894291986,0.573466615455025,0.600714620833777,0.4914602861594065,0.46108571823146866,0.5774411847982664
abrupt,omd_paper_v2_literal,2,920,1,1,0.08025279437223798,111.09197953040817,0.18467483341924135,0.4260885272730705,0.0,0.0,0.5050946211202618,0.5487720532903835,0.5957177042392382,0.480640130539031,0.5335461308738441,0.5749400219585062,0.6010190446988961,0.4919066536636678,0.46095722394556166,0.576929479990882
abrupt,omd_paper_v2_literal,2,921,1,0,0.08025279437223798,111.17223232478041,0.18437086392187352,0.4225702706922207,0.0,0.0,0.5067313822852891,0.550506837547986,0.5964457286353063,0.47980731636752705,0.5338081037231103,0.576404554934322,0.6013218304435464,0.4923507456282633,0.4608293935465595,0.5764202346458043
abrupt,omd_paper_v2_literal,2,922,1,1,0.08025279437223798,111.25248511915265,0.1847418721412943,0.4254421781247206,0.0,0.0,0.5047370357632844,0.5483929100671966,0.5955586025939471,0.48082208300862833,0.533488897375573,0.5746199015282355,0.6009528873235571,0.49180963825931084,0.46098515067429674,0.5770407088739752
abrupt,omd_paper_v2_literal,2,923,1,1,0.08025279437223798,111.3327379135249,0.18443738320888972,0.428394183871775,0.0,0.0,0.5063710099880276,0.5501249752347847,0.5962854679477715,0.47999067662477835,0.5337504239150942,0.5760822071059881,0.6012551694658175,0.49225296402264074,0.46085753891033066,0.5765323746942616
abrupt,omd_paper_v2_literal,2,924,1,1,0.08025279437223798,111.41299070789714,0.18413916363167657,0.43142302042309527,0.0,0.0,0.5079965091148768,0.55184699459069,0.5970082040853553,0.4791636238509625,0.5340105971662041,0.5775357278675843,0.6015558321313026,0.49269403906091563,0.4607305835919132,0.5760264743263409
abrupt,omd_paper_v2_literal,2,925,1,0,0.08025279437223798,111.49324350226938,0.18384715181976516,0.42769967888846244,0.0,0.0,0.5096135601736375,0.5535590090261412,0.5977268408045618,0.47834089744139835,0.5342694267236276,0.5789805130652717,0.601854887208955,0.49313287853264454,0.460604280044921,0.5755229928529035
abrupt,omd_paper_v2_literal,2,926,1,1,0.08025279437223798,111.57349629664162,0.18420806226143155,0.430702239972186,0.0,0.0,0.5076186855592429,0.5514468310270829,0.5968402459183463,0.4793558572120196,0.533950123122967,0.5771979846127212,0.6014859517490563,0.4925915128132795,0.4607600931290364,0.57614408204387
abrupt,omd_paper_v2_literal,2,927,1,0,0.08025279437223798,111.65374909101386,0.18391543585818784,0.4270171859458636,0.0,0.0,0.5092331098869268,0.5531563112185162,0.5975577943263319,0.47853446184953924,0.5342085297825461,0.5786406981373428,0.6017845310001109,0.4930296254079889,0.46063399686361695,0.5756414684062293
abrupt,omd_paper_v2_literal,2,928,1,0,0.08025279437223798,111.7340018853861,0.1842765113929788,0.42348964072495865,0.0,0.0,0.5072446955380941,0.5510506711355172,0.5966739733616444,0.47954614176340066,0.5338902630605388,0.5768636047981597,0.6014167779114663,0.49249002977376055,0.46078930285309766,0.57626048530891
abrupt,omd_paper_v2_literal,2,929,1,0,0.08025279437223798,111.81425467975835,0.18464275768950084,0.4201208547498439,0.0,0.0,0.5052661406958154,0.5489538951946933,0.5957940126913336,0.480552856013893,0.5335735835021045,0.5750935504405493,0.6010507768090427,0.4919531888346928,0.46094382854082133,0.5768761245511063
abrupt,omd_paper_v2_literal,2,930,1,1,0.08025279437223798,111.89450747413059,0.18501403935655675,0.42288782000929787,0.0,0.0,0.5032974547224442,0.5468660245799267,0.5949179022636889,0.4815546222615363,0.5332584828783955,0.5733305583446486,0.6006865195104828,0.4914190884732063,0.4610975781238022,0.5774884052346685
abrupt,omd_paper_v2_literal,2,931,1,1,0.08025279437223798,111.97476026850283,0.18470745756608023,0.42573598473165913,0.0,0.0,0.5049204531699618,0.5485873915989854,0.5956402133439198,0.48072875322476005,0.5335182543474631,0.5747841092005113,0.6009868219829866,0.4918594004354528,0.4609708261460239,0.576983657055794
abrupt,omd_paper_v2_literal,2,932,1,0,0.08025279437223798,112.05501306287508,0.18440705815282532,0.42228078151125115,0.0,0.0,0.5065351433055136,0.5502989027432937,0.5963584616331534,0.47990716406053985,0.5337766944414974,0.5762290292855009,0.6012855308423025,0.4922974988291124,0.46084472000227367,0.5764813012026054
abrupt,omd_paper_v2_literal,2,933,1,1,0.08025279437223798,112.13526585724732,0.18477341446483814,0.42510357018743145,0.0,0.0,0.5045692035584699,0.548214942102253,0.5954839222765274,0.48090748305008507,0.5334620348773481,0.5744696333579223,0.6009218354911409,0.4917641048818502,0.4609982579989614,0.5770929107811175
abrupt,omd_paper_v2_literal,2,934,1,0,0.08025279437223798,112.21551865161956,0.18447251624341346,0.4216843145565781,0.0,0.0,0.5061811755906007,0.5499237995393536,0.5962010398736223,0.4800872666624314,0.5337200398163021,0.5759123793180699,0.6012200532495983,0.49220145627921147,0.46087236501874357,0.5765914430391326
abrupt,omd_paper_v2_literal,2,935,1,1,0.08025279437223798,112.2957714459918,0.1848389206760633,0.424481914818311,0.0,0.0,0.5042214952075382,0.5478461991098511,0.595329189820412,0.48108441349254766,0.5334063820799447,0.5741582726479816,0.6008575015070488,0.4916697718826502,0.46102541317257667,0.5772010542135224
abrupt,omd_paper_v2_literal,2,936,1,1,0.08025279437223798,112.37602424036405,0.184537538223956,0.4273580090096872,0.0,0.0,0.5058307472503822,0.5495523975956297,0.5960451754010481,0.48026557038413004,0.5336639518092953,0.5755988396327381,0.6011552279401542,0.4921063762962241,0.4608997333689575,0.5767004741544628
abrupt,omd_paper_v2_literal,2,937,1,1,0.08025279437223798,112.45627703473629,0.1842422361937291,0.43030946830400835,0.0,0.0,0.5074317976859067,0.5512488715967491,0.5967571595890682,0.4794509447604237,0.5339202101956101,0.5770308983881303,0.6014513849605359,0.49254080000649086,0.4607746896708612,0.5762022517109217
abrupt,omd_paper_v2_literal,2,938,1,1,0.08025279437223798,112.53652982910853,0.18395295608613524,0.43333323151119135,0.0,0.0,0.5090246719864024,0.5529356597511823,0.5974651707577614,0.4786405107034123,0.5341751663770056,0.5784544956599932,0.6017459838933057,0.49297305744516334,0.4606502776263479,0.5757063726894047
abrupt,omd_paper_v2_literal,2,939,1,1,0.08025279437223798,112.61678262348077,0.1836696392865658,0.4364263076673905,0.0,0.0,0.5106093962511769,0.5546128013501097,0.5981692371333301,0.47783424235741484,0.5344288294382197,0.5798696783858482,0.6020390359918347,0.49340316297510867,0.4605264928102146,0.5752128229396082
abrupt,omd_paper_v2_literal,2,940,1,1,0.08025279437223798,112.69703541785302,0.18339222708619182,0.43958577814008376,0.0,0.0,0.512185997183643,0.5562803363096042,0.5988693867929702,0.47703211393279676,0.5346812084102828,0.5812764936776815,0.6023305524374829,0.4938311308893761,0.46040333082413004,0.5747215883560233
abrupt,omd_paper_v2_literal,2,941,1,1,0.08025279437223798,112.77728821222526,0.1831206607026452,0.44280879828155406,0.0,0.0,0.5137545020688832,0.5579383051429658,0.5995656476630615,0.4762340997095449,0.5349323122702135,0.5826749888052158,0.6026205443393579,0.49425697541027536,0.4602807872967578,0.5742326548794775
abrupt,omd_paper_v2_literal,2,942,1,1,0.08025279437223798,112.8575410065975,0.18285488130024036,0.4460925986641464,0.0,0.0,0.5153149387516829,0.5595867489336993,0.6002580475174611,0.47544017404070976,0.5351821499407399,0.5840652111796681,0.6029090227341016,0.49468071068850317,0.4601588578838684,0.5737460084986187
abrupt,omd_paper_v2_literal,2,943,1,0,0.08025279437223798,112.93779380096974,0.1825948300097348,0.4419263895429743,0.0,0.0,0.5168673356150302,0.5612257093091256,0.6009466139759,0.47465031135571795,0.5354307302900428,0.5854472083379835,0.6031959985857046,0.4951023508023174,0.46003753826844057,0.5732616352513376
abrupt,omd_paper_v2_literal,2,944,1,1,0.08025279437223798,113.01804659534199,0.1829265722155871,0.44518464123283,0.0,0.0,0.5148914827143644,0.5591395088834196,0.6000701777681363,0.47565562408590206,0.5351143486564682,0.5836880523192873,0.6028307401324612,0.49456571310413766,0.46019194763097604,0.5738780928029937
abrupt,omd_paper_v2_literal,2,945,1,0,0.08025279437223798,113.09829938971423,0.18266569870052363,0.4410583656132688,0.0,0.0,0.516441692303029,0.5607764300984052,0.6007578454427072,0.47486688292243784,0.5353625701487715,0.5850683911219021,0.6031173155300145,0.49498673440399127,0.4600708042004809,0.5733944666729679
abrupt,omd_paper_v2_literal,2,946,1,1,0.08025279437223798,113.17855218408647,0.18299787515151997,0.44429120031807295,0.0,0.0,0.5144721993205279,0.5586966035113008,0.599884139589377,0.475868949342583,0.535047217565898,0.5833145321074819,0.6027532276188079,0.4944518549686346,0.46022471001839516,0.5740088586216927
abrupt,omd_paper_v2_literal,2,947,1,1,0.08025279437223798,113.25880497845871,0.1827361967781539,0.447582916364412,0.0,0.0,0.5160202135718716,0.5603314733676353,0.6005709047819426,0.4750813328636149,0.535295079363195,0.5846932021331867,0.6030394014150631,0.49487225613380315,0.4601037431651141,0.5735259806772283
abrupt,omd_paper_v2_literal,2,948,1,1,0.08025279437223798,113.33905777283096,0.18248015590318337,0.45093089944921033,0.0,0.0,0.5175602910048751,0.561956984930998,0.6012538918778586,0.47429772239111617,0.5355417018899461,0.5860637604828364,0.603324094401331,0.4952905919057771,0.4599833773478414,0.5730453441456275
abrupt,omd_paper_v2_literal,2,949,1,1,0.08025279437223798,113.4193105672032,0.18222969462994568,0.45433261024719535,0.0,0.0,0.5190924602577458,0.5635731798617096,0.60193312781131,0.47351809289773006,0.5357870937874313,0.5874262540491259,0.6036073172538642,0.495706876022081,0.4598636083609053,0.5725669353715074
abrupt,omd_paper_v2_literal,2,950,1,0,0.08025279437223798,113.49956336157544,0.18198475507436593,0.44994593346003686,0.0,0.0,0.5206167504453387,0.5651801002912082,0.6026086393623576,0.47274241943817974,0.5360312636430835,0.588780729811856,0.6038890805775474,0.49612112214762744,0.45974443202543286,0.5720907407508035
abrupt,omd_paper_v2_literal,2,951,1,0,0.08025279437223798,113.57981615594768,0.18230238136139726,0.44569775582920385,0.0,0.0,0.5186451128289208,0.5631013996449181,0.6017348358697912,0.4737457263609894,0.5357154427669016,0.5870285524011286,0.6035246252309573,0.4955853231803753,0.4598985796321035,0.5727066416322324
abrupt,omd_paper_v2_literal,2,952,1,1,0.08025279437223798,113.66006895031992,0.18262555373230685,0.44899520358163425,0.0,0.0,0.516682564593395,0.56103068713421,0.6008646722479639,0.47474432504083364,0.5354011417780629,0.5852827741833717,0.6031618425145018,0.49505216105307154,0.46005197914008966,0.5733192993665577
abrupt,omd_paper_v2_literal,2,953,1,0,0.08025279437223798,113.74032174469217,0.1823733225290811,0.44478688308030656,0.0,0.0,0.5182106492540645,0.5626431278255555,0.6015422355735677,0.4739667997386383,0.5356458585080252,0.5866422214968952,0.6034443144106802,0.4954672794034001,0.4599325418520342,0.572842304238292
abrupt,omd_paper_v2_literal,2,954,1,0,0.08025279437223798,113.82057453906441,0.18269698991966837,0.44071829221761766,0.0,0.0,0.5162543781244554,0.5605786908014202,0.6006747673640755,0.47496218938244905,0.5353325755006655,0.5849016587097169,0.6030826889461953,0.4949358569676822,0.4600854431619513,0.5734529164866818
abrupt,omd_paper_v2_literal,2,955,1,0,0.08025279437223798,113.90082733343665,0.18302602507202914,0.4367908776411634,0.0,0.0,0.5143071796915687,0.5585222671320577,0.59981091412897,0.47595290847580213,0.5350207969714713,0.5831675024890619,0.6027227202247416,0.49440704489058274,0.4602376041432954,0.5740603202411332
abrupt,omd_paper_v2_literal,2,956,4,1,0.11716655026538358,114.01799388370203,0.1833603026848843,0.43812998672853803,0.0,0.0,0.5123690706318584,0.5564739035001739,0.5989506681528222,0.47693897142786934,0.5347105156950489,0.5814397800912262,0.6023644011521357,0.49388083082972783,0.4603890285001986,0.5746645323571828
abrupt,omd_paper_v2_literal,2,957,4,0,0.11716655026538358,114.13516043396741,0.183121147646902,0.4365984404841892,0.0,0.0,0.5125063257853989,0.5567299479587332,0.5999249055223792,0.4784348767566118,0.5365282901422253,0.5823055765065761,0.6024731068737601,0.49561252859906485,0.45860952884946654,0.5751787506211622
abrupt,omd_paper_v2_literal,2,958,6,1,0.43699100497186033,114.57215143893927,0.1833971827337467,0.44146652133924297,0.0,0.0,0.5123482612880139,0.5564350821139684,0.5988028960522129,0.4767122134671234,0.5344348421720861,0.5813084732130079,0.6023479194536956,0.49361830084692704,0.4606589068013873,0.5745865578677983
abrupt,omd_paper_v2_literal,2,959,6,0,0.43699100497186033,115.00914244391113,0.18395318818586184,0.4340887744571039,0.0,0.0,0.5120629725200694,0.5566977656180851,0.5997568230438092,0.4763677070843811,0.5345311746746261,0.5818659904836105,0.6036005716237293,0.49312823597217287,0.46045508548148323,0.5756330650436515
abrupt,omd_paper_v2_literal,2,960,1,1,0.08025279437223798,115.08939523828337,0.18311023490797143,0.4372034235153622,0.0,0.0,0.5124955598927217,0.5562994396729901,0.5983100659804427,0.47689009944386357,0.5343851022802802,0.5810205316599577,0.6017006172940603,0.49387133848627895,0.4607641500127479,0.5740459576135042
abrupt,omd_paper_v2_literal,2,961,1,1,0.08025279437223798,115.16964803265562,0.1828433299625684,0.44037925436491815,0.0,0.0,0.5140334445446706,0.5579247816201536,0.598992235679871,0.4761073403563822,0.5346306301008754,0.5823913668984327,0.6019844575731266,0.49428848178826107,0.4606447139608342,0.5735657050387404
abrupt,omd_paper_v2_literal,2,962,1,1,0.08025279437223798,115.24990082702786,0.1825819965984404,0.44361363378416896,0.0,0.0,0.5155635682386234,0.559540969174333,0.5996706992211761,0.4753285137573612,0.534874944304045,0.5837542565488567,0.6022668460506112,0.4947035993923674,0.4605258646511922,0.5730876559465738
abrupt,omd_paper_v2_literal,2,963,1,0,0.08025279437223798,115.3301536214001,0.18232617933634332,0.4395107308932547,0.0,0.0,0.5170859577834284,0.5611480415453504,0.6003454825774609,0.4745535955343341,0.5351180532220572,0.585109245324679,0.6025477930333268,0.4951167045549544,0.46040759804053744,0.5726117971446641
abrupt,omd_paper_v2_literal,2,964,1,0,0.08025279437223798,115.41040641577234,0.18265243226376887,0.4355471115188253,0.0,0.0,0.5151487205793296,0.5591028818895264,0.5994867793503551,0.47553967185508955,0.5348087029909132,0.5833848504194598,0.6021902864102852,0.4945910443245463,0.460558088819703,0.573217286943034
abrupt,omd_paper_v2_literal,2,965,4,0,0.11716655026538358,115.52757296603772,0.18298389974291612,0.4341730265181632,0.0,0.0,0.5132204419381208,0.5570656640145711,0.5986316404621201,0.47652114741904356,0.5345008289299212,0.5816668043022262,0.6018344081937437,0.4940679495071414,0.46070785568603223,0.5738196176330077
abrupt,omd_paper_v2_literal,2,966,6,1,0.43699100497186033,115.96456397100958,0.18326796893050215,0.43904338832876505,0.0,0.0,0.513064819922988,0.5567741795813944,0.5975150894465753,0.4748069087461964,0.5324171272679894,0.5806759609446585,0.6017103620342866,0.49208434825347325,0.46274801103485125,0.5732296359269067
abrupt,omd_paper_v2_literal,2,967,6,1,0.43699100497186033,116.40155497598144,0.18382299446259062,0.4439027855036876,0.0,0.0,0.5127781728426158,0.5570350767034842,0.5984688129545692,0.47446336803768513,0.5325130974924804,0.5812320292904143,0.6029627897026325,0.4915940424826278,0.4625443995736048,0.5742769236022742
abrupt,omd_paper_v2_literal,2,968,6,0,0.43699100497186033,116.8385459809533,0.18437603183157522,0.43651917913463983,0.0,0.0,0.5124927168525335,0.5572948508642765,0.5994178055313872,0.47412128885751287,0.5326086637494831,0.5817855658100917,0.604208637391411,0.4911058044099332,0.46234165251558523,0.5753191671789575
abrupt,omd_paper_v2_literal,2,969,6,0,0.43699100497186033,117.27553698592516,0.18353543029518327,0.42918840628137134,0.0,0.0,0.5129266664521124,0.5568999273934101,0.5979748456000493,0.47464133034613487,0.532463382082096,0.5809439933998488,0.6023141585836569,0.4918480349241175,0.46264987540440333,0.573734476964939
abrupt,omd_paper_v2_literal,2,970,1,1,0.08025279437223798,117.3557897802974,0.18269912576591843,0.43233308872436854,0.0,0.0,0.5133587818202372,0.5565065840858141,0.5965362319065661,0.47515925158099315,0.5323187025425905,0.5801054723360847,0.6004245510104553,0.49258719699296694,0.46295683761033424,0.5721549080094799
abrupt,omd_paper_v2_literal,2,971,1,1,0.08025279437223798,117.43604257466964,0.18243281066646308,0.4355380094195249,0.0,0.0,0.5148867329250081,0.5581208778508978,0.5972138591619774,0.4743819255006346,0.5325623552369584,0.581467522433181,0.600705642185437,0.49300174946947617,0.46283860431667545,0.5716761739403571
abrupt,omd_paper_v2_literal,2,972,1,1,0.08025279437223798,117.51629536904188,0.18217201004147496,0.43880054126948453,0.0,0.0,0.5164070061304041,0.5597261332424809,0.597887835603724,0.47360848819095885,0.5328048122078026,0.5828217425595086,0.6009853058435635,0.49341430331839753,0.46272094791922697,0.5711996257228062
abrupt,omd_paper_v2_literal,2,973,1,0,0.08025279437223798,117.59654816341413,0.1819166694268057,0.434658645169485,0.0,0.0,0.5179196279896572,0.5613223888136845,0.598558186604007,0.4728389158750226,0.5330460816077485,0.5841681763683734,0.6012635520506782,0.49382487152650173,0.4626038644683449,0.570725250326593
abrupt,omd_paper_v2_literal,2,974,1,0,0.08025279437223798,117.67680095778637,0.18224255114315835,0.4306548510623592,0.0,0.0,0.5159933951080187,0.5592894933828515,0.597704494841513,0.47381891465258896,0.5327388454103396,0.5824534056044909,0.6009092207384558,0.49330205367611485,0.46275295976910485,0.5713292993224763
abrupt,omd_paper_v2_literal,2,975,7,0,0.0,117.67680095778637,0.1825735966587879,0.4317911814844134,0.0,0.0,0.5140759885062092,0.5572644352919216,0.5968543356037371,0.47479438310318095,0.5324330676447713,0.580744930578075,0.6005564949214641,0.49278177410179513,0.462901341973212,0.5719302215436615
abrupt,omd_paper_v2_literal,2,976,6,0,0.43699100497186033,118.11379196275823,0.18321989551525075,0.424480302895109,0.0,0.0,0.5134347888601907,0.5568127580949648,0.5962995015459034,0.47326070627879707,0.5306145447154687,0.5799129406921189,0.6011359716748356,0.490664130445409,0.46459018944276315,0.5721450684795372
abrupt,omd_paper_v2_literal,2,977,1,0,0.08025279437223798,118.19404475713047,0.18238801491855186,0.4206240806935598,0.0,0.0,0.5138675068851827,0.5564227253673305,0.594863999577781,0.47377501690861573,0.5304696799879547,0.5790779564270784,0.5992508759971574,0.491400564711281,0.4648970747773777,0.5705681699155548
abrupt,omd_paper_v2_literal,2,978,7,1,0.0,118.19404475713047,0.18272759625796642,0.41945696307915903,0.0,0.0,0.5119619259005294,0.5544080657997441,0.5940177858005594,0.4747447387468755,0.5301663298042328,0.5773769916965422,0.5989000636648619,0.49088423949634974,0.46504395720491665,0.5711657857174642
abrupt,omd_paper_v2_literal,2,979,7,0,0.0,118.19404475713047,0.18205773065545539,0.4205828309143274,0.0,0.0,0.5126228553197097,0.5548741183956947,0.5945914639194524,0.47632757078132243,0.5320426065174908,0.5782365377007815,0.5983016480143997,0.4930685954312552,0.4633013473267973,0.5709446993558834
abrupt,omd_paper_v2_literal,2,980,6,1,0.43699100497186033,118.63103576210233,0.18270545656825804,0.42548094633426686,0.0,0.0,0.5119836734426761,0.5544234020690997,0.5940366658874887,0.4747968114972704,0.5302280796593408,0.5774052812193936,0.5988803784002641,0.4909561072814391,0.4649866054972624,0.5711585116628429
abrupt,omd_paper_v2_literal,2,981,6,0,0.43699100497186033,119.06802676707419,0.18325764266372002,0.4181637492262339,0.0,0.0,0.5116953114805091,0.5546836126108017,0.5949945694371441,0.47445507950537424,0.5303258091275702,0.5779627936693906,0.6001372016241857,0.49046656019966006,0.4647809379045573,0.5722093737891139
abrupt,omd_paper_v2_literal,2,982,7,1,0.0,119.06802676707419,0.18243249124723632,0.41702729641432695,0.0,0.0,0.5121262942967857,0.5542946909310926,0.5935626217967999,0.4749658408430827,0.5301797418193221,0.5771294626340578,0.5982582717023815,0.4911982436762566,0.46508833306823544,0.5706385175146265
abrupt,omd_paper_v2_literal,2,983,7,1,0.0,119.06802676707419,0.18176492958296112,0.4160755399396465,0.0,0.0,0.5127846361433133,0.5547594094966011,0.59413546503912,0.4765429145546203,0.5320496069066766,0.5779867177560669,0.5976628659368531,0.4933745849336925,0.46335153605909907,0.570419173285717
abrupt,omd_paper_v2_literal,2,984,7,1,0.0,119.06802676707419,0.18110734802058912,0.415306610203257,0.0,0.0,0.5134391842860206,0.5552213862353047,0.5947047916213323,0.4781114696628357,0.5339079298027722,0.5788386245399366,0.5970705657866776,0.4955387794918703,0.4616255124179607,0.5702010509602079
abrupt,omd_paper_v2_literal,2,985,7,0,0.0,119.06802676707419,0.18045969240679233,0.41606284830910917,0.0,0.0,0.5140899636079929,0.5556806405970495,0.5952706273971312,0.47967153085450653,0.5357547498845339,0.5796852204645068,0.5964813538590316,0.4976908298452238,0.4599102181558638,0.5699841423043281
abrupt,omd_paper_v2_literal,2,986,7,1,0.0,119.06802676707419,0.18109770308265769,0.41529851351071706,0.0,0.0,0.5134488306375917,0.5552281941087269,0.5947131804215725,0.47813459023698396,0.5339353107444325,0.5788511763940534,0.5970618343812222,0.495570676708982,0.4616000811619212,0.5701978360825956
abrupt,omd_paper_v2_literal,2,987,7,0,0.0,119.06802676707419,0.1804520077736741,0.4160503316669869,0.0,0.0,0.5140977227231744,0.555686115825447,0.5952773724695911,0.47969013429340496,0.5357767641532268,0.5796953118149182,0.5964743268599595,0.4977164899358559,0.45988977193483704,0.56998155588778
abrupt,omd_paper_v2_literal,2,988,4,1,0.11716655026538358,119.18519331733957,0.18108816339319825,0.41745726931204946,0.0,0.0,0.5134583730491539,0.5552349286134707,0.5947214787861514,0.4781574618013829,0.5339623964816247,0.5788635929137498,0.5970531969877285,0.4956022302997631,0.46157492409982154,0.570194655836369
abrupt,omd_paper_v2_literal,2,989,4,0,0.11716655026538358,119.30235986760495,0.18084934113778267,0.41585241044574944,0.0,0.0,0.5135856502005456,0.5554822224191255,0.5956888533846775,0.4796362274743907,0.5357569381302563,0.5797169175916965,0.5971665652128787,0.49730758837821043,0.45981675358080815,0.5707114593781797
abrupt,omd_paper_v2_literal,2,990,1,1,0.08025279437223798,119.38261266197719,0.1811241386188175,0.41900903931110994,0.0,0.0,0.5134395194434453,0.5551982948615694,0.59457811964228,0.4779384454155548,0.5336964966459836,0.5787371504487753,0.5970364029661975,0.49534962479160843,0.46183544278499106,0.5701180891240284
abrupt,omd_paper_v2_literal,2,991,1,0,0.08025279437223798,119.46286545634943,0.18085489096150068,0.4150745821731358,0.0,0.0,0.514959458398884,0.5568052331948279,0.5952515041723355,0.4771599558314039,0.533933803429689,0.5800918198259296,0.59731759437175,0.4957569334172915,0.461722708489609,0.5696404689405782
abrupt,omd_paper_v2_literal,2,992,7,1,0.0,119.46286545634943,0.1811921940229439,0.41427856202017643,0.0,0.0,0.5130590330818118,0.5547958901878189,0.5944095131956463,0.4781333211676919,0.5336370954865536,0.5783978852758443,0.5969660097241488,0.4952476748754309,0.46186366120878314,0.5702376188426511
abrupt,omd_paper_v2_literal,2,993,7,1,0.0,119.46286545634943,0.1805475691474801,0.41366119608357926,0.0,0.0,0.5137051625578802,0.5552511508032139,0.5949696026592043,0.47968211407942307,0.5354698038535423,0.5792372551937534,0.5963792468952729,0.49738402343156,0.46016164144505134,0.5700207814835768
abrupt,omd_paper_v2_literal,2,994,7,1,0.0,119.46286545634943,0.1799126591437309,0.4132202896508959,0.0,0.0,0.5143476052628806,0.5557037537893176,0.595526290597663,0.4812225659469863,0.5372912344807019,0.580071440728846,0.5957955173450796,0.49950842714399074,0.45847013439815937,0.5698051395013092
abrupt,omd_paper_v2_literal,2,995,7,1,0.0,119.46286545634943,0.17928740887414846,0.41295345508912024,0.0,0.0,0.5149863854307881,0.5561537179864798,0.5960796019937697,0.4827547025801249,0.5391014282189726,0.5809004782724094,0.5952148039755475,0.5016208929047261,0.45678909532474954,0.5695906848415805
abrupt,omd_paper_v2_literal,2,996,7,1,0.0,119.46286545634943,0.1786717619712831,0.41285812043594383,0.0,0.0,0.5156215272679717,0.5566010621752544,0.5966295617391735,0.48427855062363717,0.5409004271369201,0.5817244041480877,0.5946370896510181,0.5037214298943006,0.455118478577239,0.5693774094701396
abrupt,omd_paper_v2_literal,2,997,7,1,0.0,119.46286545634943,0.17806566087789347,0.41293153905062346,0.0,0.0,0.5162530549478875,0.5570458050734652,0.5971761946307483,0.4857941375261309,0.542688274471047,0.5825432546041703,0.5940623572034048,0.5058100495144442,0.45345823764511806,0.5691653053741076
abrupt,omd_paper_v2_literal,2,998,7,1,0.0,119.46286545634943,0.17746904688678777,0.4131708002059391,0.0,0.0,0.5168809926059548,0.5574879653333868,0.5977195253670711,0.4873014915094072,0.5444650145771753,0.5833570658061616,0.5934905894372543,0.5078867653217046,0.4518083251952846,0.5689543645632834
abrupt,omd_paper_v2_literal,2,999,7,1,0.0,119.46286545634943,0.1768818601803854,0.41357284049242515,0.0,0.0,0.5175053643346046,0.5579275615390371,0.5982595785450454,0.48880064153847624,0.5462306928829002,0.5841658738296263,0.5929217691346629,0.5099515929620457,0.45016869311142127,0.5687445790714036
abrupt,omd_paper_v2_literal,2,1000,7,1,0.0,119.46286545634943,0.17630403986998763,0.414134455898677,0.0,0.0,0.5181261941785034,0.5583646122035791,0.5987963786566728,0.4902916172921984,0.5479853558411055,0.5849697146533034,0.5923558790600506,0.5120045501064419,0.448539292532424,0.5685359409573537
