scenario,algorithm,seed,step,action,reward,instant_regret,cumulative_regret,prediction_rmse_pre,theta_norm,kkt_residual,rho,predicted_mean_0,predicted_mean_1,predicted_mean_2,predicted_mean_3,predicted_mean_4,predicted_mean_5,predicted_mean_6,predicted_mean_7,predicted_mean_8,predicted_mean_9
abrupt,omd_paper_v2_literal,1,1,3,1,0.2892221772768807,0.2892221772768807,0.15915118221057942,0.011834319526627219,0.0,0.0,0.5,0.5,0.5,0.5,0.5,0.5,0.5,0.5,0.5,0.5
abrupt,omd_paper_v2_literal,1,2,3,0,0.2892221772768807,0.5784443545537614,0.15941531852469917,4.659426890367219e-05,0.0,0.0,0.49870669692372877,0.4986330278131667,0.5004508997669824,0.5029585453527718,0.5022658116196271,0.49967469085252214,0.4995401169138963,0.5021044232182799,0.4976825665021179,0.5009657330856234
abrupt,omd_paper_v2_literal,1,3,5,1,0.3216524339139793,0.9000967884677407,0.1591501769825241,0.011838921986153996,0.0,0.0,0.5000050920245617,0.5000053820777952,0.49999822470986705,0.4999883514327762,0.4999910789498015,0.5000012808124707,0.5000018106594276,0.49999171438289414,0.5000091243009388,0.4999961976957835
abrupt,omd_paper_v2_literal,1,4,5,0,0.3216524339139793,1.22174922238172,0.15983571831696267,6.221845226434104e-05,0.0,0.0,0.5019408139389279,0.5026128752577865,0.5024381555047923,0.49966432881289863,0.5016334066254383,0.5029596780058535,0.5015307550483721,0.5013268280369024,0.49847413784871913,0.5005518989161748
abrupt,omd_paper_v2_literal,1,5,9,1,0.0,1.22174922238172,0.1591475119352155,0.01180411544478955,0.0,0.0,0.4999974610947604,0.49999510287468746,0.4999886060791187,0.49998962877627307,0.49998460463738337,0.4999896182532746,0.4999957833241172,0.49998645116251467,0.5000151754547391,0.4999940070415741
abrupt,omd_paper_v2_literal,1,6,9,0,0.0,1.22174922238172,0.1581938568351379,9.067762645964094e-05,0.0,0.0,0.49818662726983853,0.49929944760215805,0.5020822015743487,0.5009518001232331,0.5011838435705259,0.5005431329103172,0.5024893542600709,0.4997774835016685,0.49851004045395836,0.502950939402972
abrupt,omd_paper_v2_literal,1,7,7,0,0.4529323490953845,1.6746815714771044,0.1591512652387181,0.011851878547072196,0.0,0.0,0.5000045434792336,0.49999782365427947,0.4999804177693152,0.4999858656227836,0.4999799142845479,0.49998745340089684,0.49998603063672803,0.4999872684561289,0.5000210622064833,0.499982442047448
abrupt,omd_paper_v2_literal,1,8,8,0,0.15394454293798776,1.8286261144150922,0.15799967873363777,0.00699657929105504,0.0,0.0,0.4990665769914779,0.4992519935504027,0.4990238574186894,0.49788893211051694,0.49738256048537877,0.49865747074505157,0.5006763677230119,0.49703710522367955,0.5024448226046224,0.5001905792234995
abrupt,omd_paper_v2_literal,1,9,6,1,0.015941344123524215,1.8445674585386165,0.15845877149413096,0.018218151676128534,0.0,0.0,0.4989024347757927,0.49957371152902524,0.5010918454046167,0.5002038822001345,0.5003167442696547,0.5001906380322317,0.501541964997272,0.49946799841205874,0.4994890588233438,0.5016974654417621
abrupt,omd_paper_v2_literal,1,10,6,1,0.015941344123524215,1.8605088026621406,0.15767810102202423,0.029756224576478654,0.0,0.0,0.49835213650523663,0.5002776538183025,0.5035442082015834,0.49974432420774534,0.5009457936578962,0.5017067802640145,0.504478890496092,0.4987797373833825,0.4986320274331359,0.5041725230651678
abrupt,omd_paper_v2_literal,1,11,6,1,0.015941344123524215,1.8764501467856647,0.15691595753572413,0.04126961794324611,0.0,0.0,0.49780615659045097,0.5009760760229667,0.5059771759248199,0.49928836963791107,0.5015699082589483,0.5032110047864903,0.5073924851899733,0.49809687697886734,0.4977817232174304,0.5066279741278433
abrupt,omd_paper_v2_literal,1,12,6,1,0.015941344123524215,1.8923914909091888,0.15617220840088175,0.05271541093895994,0.0,0.0,0.4972644533313034,0.5016690303455337,0.5083908298155178,0.4988359834085435,0.5021891352529845,0.5047034035945861,0.5102827896205951,0.4974193659606683,0.49693808404742723,0.5090638992431761
abrupt,omd_paper_v2_literal,1,13,6,0,0.015941344123524215,1.908332835032713,0.1554467154553601,0.040745670152836214,0.0,0.0,0.4967269852095626,0.5023565688066286,0.5107852553226756,0.49838713060324114,0.502803521634052,0.5061840692655375,0.5131498521462972,0.4967471532758761,0.49610104794508514,0.5114803833620665
abrupt,omd_paper_v2_literal,1,14,6,1,0.015941344123524215,1.924274179156237,0.1562057421602606,0.05214933576229975,0.0,0.0,0.4972890750983998,0.5016375337926092,0.5082811302699276,0.49885654556596326,0.5021609898214264,0.504635571598323,0.5101514308194454,0.4974501605053036,0.49697642941644543,0.5089531882365387
abrupt,omd_paper_v2_literal,1,15,6,1,0.015941344123524215,1.940215523279761,0.15548228280403262,0.06347496979254269,0.0,0.0,0.4967535526668259,0.5023225832323038,0.5106669070289716,0.4984093178228996,0.502773152041021,0.506110880710985,0.5130081489518639,0.49678038121237494,0.49614242306100875,0.5113609456413613
abrupt,omd_paper_v2_literal,1,16,6,1,0.015941344123524215,1.9561568674032852,0.15477679901249145,0.07471853927744282,0.0,0.0,0.4962221926616491,0.5030023088265789,0.5130336928460046,0.4979655625911945,0.503380556339561,0.5075746379289596,0.5158418628368893,0.4961158100878804,0.495314908886754,0.5137495008302848
abrupt,omd_paper_v2_literal,1,17,6,0,0.015941344123524215,1.9720982115268093,0.15408914420432732,0.06269731004848847,0.0,0.0,0.49569495444461015,0.50367676157622,0.5153815796349859,0.49752524571730006,0.5039832487505878,0.5090269356453833,0.5186526343440173,0.49545639709136213,0.49449382601220243,0.5161189454603218
abrupt,omd_paper_v2_literal,1,18,9,1,0.0,1.9720982115268093,0.15482482891127214,0.07269010380275549,0.0,0.0,0.49625866739488167,0.50295564966459,0.5128712432647289,0.497996023894859,0.5033388616160407,0.5074741627728786,0.515647374177404,0.4961614288915843,0.495371712493215,0.5135855582570408
abrupt,omd_paper_v2_literal,1,19,9,1,0.0,1.9720982115268093,0.15396381564528852,0.08294189459593304,0.0,0.0,0.49451216537727427,0.502271206161316,0.5148614758004906,0.49893306580684493,0.5044894130874195,0.5079873566675993,0.5180180475188723,0.495966856513156,0.49392813621829185,0.5164114932228957
abrupt,omd_paper_v2_literal,1,20,9,1,0.0,1.9720982115268093,0.15312150634202154,0.09333668420916094,0.0,0.0,0.49277929441012397,0.5015920443301517,0.5168358601175485,0.4998628727076688,0.5056310249340303,0.508496567430112,0.5203695965945151,0.49577378920003456,0.492495817406217,0.5192145497851051
abrupt,omd_paper_v2_literal,1,21,9,0,0.0,1.9720982115268093,0.15229778223257792,0.08208147031105291,0.0,0.0,0.49105995680596637,0.5009181136326784,0.51879450088676,0.5007855109167276,0.506763775921728,0.5090018342973044,0.5227021215219825,0.49558221185480017,0.49107466475476885,0.5219947976268406
abrupt,omd_paper_v2_literal,1,22,6,1,0.015941344123524215,1.9880395556503334,0.15319094084999849,0.09296793135809966,0.0,0.0,0.4929230860109282,0.5016484030033762,0.5166720403024311,0.49978571506197417,0.5055362934203417,0.5084543126027812,0.5201744925321145,0.49578981032383473,0.4926146701610411,0.5189819892726336
abrupt,omd_paper_v2_literal,1,23,6,0,0.015941344123524215,2.0039808997738575,0.1525354222819538,0.08112823764670876,0.0,0.0,0.49241380951783476,0.5023186637034047,0.5189762285931929,0.4993450035816252,0.5061239033767228,0.5098847461746023,0.522932460203184,0.49514004673312373,0.49181338827945287,0.5213014865515401
abrupt,omd_paper_v2_literal,1,24,9,1,0.0,2.0039808997738575,0.15324905339918146,0.09145139225430281,0.0,0.0,0.4929677799175553,0.5015895818105266,0.5164697936101417,0.49982439113571525,0.5054847250724456,0.508328773374219,0.519932397092811,0.4958468331200878,0.492684991090507,0.5187783938449237
abrupt,omd_paper_v2_literal,1,25,9,1,0.0,2.0039808997738575,0.15242795497585696,0.10185251437362505,0.0,0.0,0.4912550931292023,0.5009154499611043,0.5184153545858047,0.5007457607623835,0.5066122725422755,0.5088279387376305,0.5222493545235557,0.4956579186609581,0.4912705667962075,0.5215432107004869
abrupt,omd_paper_v2_literal,1,26,9,1,0.0,2.0039808997738575,0.1516250891166874,0.11228589688468496,0.0,0.0,0.48955569909179075,0.5002464671596245,0.5203454940569144,0.5016600834320015,0.507731135780191,0.5093232716157268,0.5245476577697938,0.49547044928779294,0.4898670909379247,0.5242855924901415
abrupt,omd_paper_v2_literal,1,27,9,1,0.0,2.0039808997738575,0.1508403312591618,0.12272178043622341,0.0,0.0,0.48786950039575944,0.49958258405740363,0.5222603173043673,0.5025674239997043,0.5088413918543319,0.5098148097943206,0.5268274106225871,0.49528441051091465,0.48847447355367013,0.5270056186139306
abrupt,omd_paper_v2_literal,1,28,9,1,0.0,2.0039808997738575,0.15007355256899602,0.1331401537549339,0.0,0.0,0.4861963988624135,0.4989237515580112,0.5241599309515254,0.5034678470992471,0.5099431177027313,0.5103025908270757,0.5290887196999358,0.49509978794014475,0.487092624503107,0.5297033741001164
abrupt,omd_paper_v2_literal,1,29,9,0,0.0,2.0039808997738575,0.14932462007100894,0.12137292379506709,0.0,0.0,0.4845362956244932,0.49826992082944366,0.5260444428539341,0.5043614171219828,0.5110363901021807,0.5107866520279168,0.5313316942733064,0.49491656728721595,0.48572145351871515,0.5323789493292709
abrupt,omd_paper_v2_literal,1,30,9,1,0.0,2.0039808997738575,0.15017169918439216,0.13175241342134064,0.0,0.0,0.4864120180962217,0.4990086642809243,0.5239151394616031,0.5033517982218976,0.5098011282039269,0.5102397247999252,0.5287973384731789,0.49512358273821233,0.4872707119321667,0.5293557709852886
abrupt,omd_paper_v2_literal,1,31,9,0,0.0,2.0039808997738575,0.14942346441591123,0.12004557679678958,0.0,0.0,0.48475692405982973,0.4983568223526086,0.5257940105713388,0.5042426526079585,0.510891087161633,0.5107223157309384,0.5310336474518565,0.4949409193953878,0.4859036863797704,0.5320234377347096
abrupt,omd_paper_v2_literal,1,32,6,1,0.015941344123524215,2.0199222438973816,0.15026855338498035,0.13023377264486866,0.0,0.0,0.4866243698929086,0.4990922883678933,0.5236740518582038,0.5032375102263353,0.5096612920862954,0.5101778125527766,0.5285103602586492,0.4951470164322177,0.48744609974703856,0.5290134154929702
abrupt,omd_paper_v2_literal,1,33,6,1,0.015941344123524215,2.0358635880209057,0.14967196643445815,0.1404213599986427,0.0,0.0,0.48614738044958894,0.4997568350988633,0.5259028649595779,0.5027946283026821,0.5102223533038854,0.5115717267169299,0.5311768694017854,0.4945132999073203,0.4866796172857789,0.5312451730021157
abrupt,omd_paper_v2_literal,1,34,6,0,0.015941344123524215,2.05180493214443,0.14909192565865956,0.1288485396696435,0.0,0.0,0.48567400400579525,0.5004163837706743,0.5281138924145171,0.5023550735283296,0.5107791685959309,0.5129549775872202,0.5338215615416055,0.493884367808715,0.4859189624598841,0.5334589076847529
abrupt,omd_paper_v2_literal,1,35,2,0,0.16439841495458574,2.2162033470990155,0.14975208295066172,0.11968989196800459,0.0,0.0,0.4862120029192038,0.4996668002573018,0.5256009572898923,0.5028546315162198,0.5101463405622639,0.5113828851979945,0.530815703773493,0.49459915669252624,0.48678345898763364,0.5309428791467856
abrupt,omd_paper_v2_literal,1,36,9,1,0.0,2.2162033470990155,0.14956960326651433,0.12995720782144624,0.0,0.0,0.4858193590688491,0.49816721080420406,0.5226075565905948,0.5023941835043096,0.5081211650146874,0.5088778327662608,0.5283478141890569,0.4935794719389877,0.48889666882257315,0.5288666677641057
abrupt,omd_paper_v2_literal,1,37,9,1,0.0,2.2162033470990155,0.14881722604356995,0.14020134180606547,0.0,0.0,0.48417064129537873,0.4975122167140824,0.5244677363756044,0.5032842005131877,0.5092032614824156,0.5093496070222094,0.5305627876186774,0.4933991010818994,0.4875392453635234,0.5315144350525969
abrupt,omd_paper_v2_literal,1,38,9,0,0.0,2.2162033470990155,0.14808219016431237,0.12854719434401968,0.0,0.0,0.48253458847558334,0.4968621272330471,0.5263133400787111,0.5041675439557114,0.5102771838849758,0.5098178382356882,0.5327600140886333,0.49322008022092756,0.4861921504989003,0.534140656752068
abrupt,omd_paper_v2_literal,1,39,9,0,0.0,2.2162033470990155,0.14891959818007494,0.11705055263623104,0.0,0.0,0.4843964798960183,0.49760194402517716,0.5242129489605527,0.5031622780171353,0.5090550297511429,0.5092849795423825,0.5302594271820532,0.49342381001952945,0.48772518864722825,0.531151818422402
abrupt,omd_paper_v2_literal,1,40,5,0,0.3216524339139793,2.5378557810129947,0.14976568312659708,0.11427247956657206,0.0,0.0,0.48624492510770695,0.4983362581152344,0.522127362360481,0.5021644779896106,0.507841875999775,0.5087560708300706,0.5277759710513638,0.49362602378932613,0.4892470310953691,0.52818304062547
abrupt,omd_paper_v2_literal,1,41,9,1,0.0,2.5378557810129947,0.14894758461908594,0.12453808002518275,0.0,0.0,0.4842670224254328,0.49570233443674044,0.5197134615629143,0.5024973675943731,0.5062022793318042,0.5057894327335469,0.5262912928046557,0.4922688402857218,0.4907724542654438,0.5276789179957864
abrupt,omd_paper_v2_literal,1,42,9,1,0.0,2.5378557810129947,0.14818547983312283,0.13477522525482985,0.0,0.0,0.48262615035324574,0.4950498025178911,0.5215646671062826,0.5033830936253016,0.507278657430067,0.5062580506404675,0.5284959150730572,0.49208895380701795,0.4894219797130923,0.5303142119843456
abrupt,omd_paper_v2_literal,1,43,9,1,0.0,2.5378557810129947,0.1474405452565536,0.14497365218724992,0.0,0.0,0.4809978263586814,0.4944021300344421,0.5234015485071061,0.5042622252582168,0.5083469804897373,0.5067231798286982,0.5306830772339465,0.49191040438112,0.4880816803303623,0.5329282779255957
abrupt,omd_paper_v2_literal,1,44,9,1,0.0,2.5378557810129947,0.14671265697746128,0.15512609352593731,0.0,0.0,0.4793819554007202,0.49375927066946246,0.525224206253173,0.5051348228678241,0.5094073196823677,0.5071848542839755,0.5328528836482,0.49173317874912403,0.486751472233312,0.5355212063282869
abrupt,omd_paper_v2_literal,1,45,9,0,0.0,2.5378557810129947,0.14600168746863476,0.14338870465950548,0.0,0.0,0.4777784419723958,0.49312117837766045,0.527032741771137,0.5060009465696139,0.5104597459849052,0.5076431077643828,0.535005440774997,0.4915572637500567,0.4854312715013553,0.5380930920793213
abrupt,omd_paper_v2_literal,1,46,9,0,0.0,2.5378557810129947,0.14682486809869685,0.13177766658924045,0.0,0.0,0.4796327189762693,0.4938590442578109,0.524941363767177,0.5049993934083954,0.5092427552113346,0.5071132009555651,0.5325161985553358,0.49176068489061775,0.4869579151467988,0.5351188935750024
abrupt,omd_paper_v2_literal,1,47,4,1,0.33576579883000085,2.8736215798429954,0.14765716272524188,0.13479349025963208,0.0,0.0,0.4814739005244688,0.4945915046149806,0.5228645161777905,0.5040051737343961,0.5080346152381835,0.5065871793815779,0.5300436793257898,0.491962611192851,0.48847356077830617,0.5321641177456962
abrupt,omd_paper_v2_literal,1,48,4,1,0.33576579883000085,3.209387378672996,0.1484537477858382,0.13865866328315132,0.0,0.0,0.48164653560895954,0.49511488265058246,0.5247354645351617,0.5062035601324368,0.5108957409493878,0.5081673584456518,0.5306018796492163,0.49451281542349773,0.48564102468228615,0.5332680307194988
abrupt,omd_paper_v2_literal,1,49,4,1,0.33576579883000085,3.5451531775029967,0.14926337014828445,0.1432837884923991,0.0,0.0,0.481817839208298,0.49563422147502245,0.5265912499064421,0.5083846989806449,0.5137340228657153,0.5097351491878498,0.5311556850601759,0.4970435692618139,0.48283131716424277,0.5343630799529203
abrupt,omd_paper_v2_literal,1,50,4,1,0.33576579883000085,3.8809189763329974,0.1500852801494557,0.1485783922166725,0.0,0.0,0.48198782447691285,0.49614956004021876,0.5284319818158378,0.5105486830091789,0.5165495169115665,0.5112906465562743,0.5317051389551244,0.4995549343985217,0.4800443742698187,0.5354493475588621
abrupt,omd_paper_v2_literal,1,51,4,0,0.33576579883000085,4.2166847751629986,0.15091875073003086,0.14292792924379308,0.0,0.0,0.4821565044917498,0.496660937107313,0.5302577709703253,0.5126956076183925,0.5193422858547069,0.5128339460920593,0.5322502844929368,0.5020469773261613,0.47728012549517806,0.5365269154615783
abrupt,omd_paper_v2_literal,1,52,4,1,0.33576579883000085,4.552450573992999,0.15002580616402633,0.14815520911896798,0.0,0.0,0.4819756494380446,0.49611264952505335,0.5283001676929752,0.5103937035893773,0.5163478948386977,0.5111792436687909,0.5316657878137507,0.4993750599785692,0.4802439449965327,0.5353715565843803
abrupt,omd_paper_v2_literal,1,53,4,1,0.33576579883000085,4.888216372823,0.15085512537981705,0.15396649261333192,0.0,0.0,0.48214375207694093,0.4966222765522369,0.5301197683066192,0.512533314688954,0.5191311915160147,0.5127172802508813,0.5322090739601785,0.501858579951106,0.4774890572424217,0.5364454627164231
abrupt,omd_paper_v2_literal,1,54,4,0,0.33576579883000085,5.223982171653001,0.15169526648554443,0.147698536618493,0.0,0.0,0.48231057177345726,0.4971280089843906,0.5319246475958024,0.5146560918878018,0.5218920073569857,0.5142433041797412,0.5327481254048027,0.5043229965706408,0.47475661275039244,0.5375108133316664
abrupt,omd_paper_v2_literal,1,55,4,1,0.33576579883000085,5.559747970483001,0.15078595766646638,0.1534405208732994,0.0,0.0,0.4821298660485285,0.49658017927018944,0.5299694925055572,0.5123565915452633,0.5189013239465002,0.5125902416948765,0.5321641994716548,0.5016534341840393,0.477716571165688,0.5363567669275121
abrupt,omd_paper_v2_literal,1,56,4,0,0.33576579883000085,5.895513769313002,0.15162186143353895,0.14725313128368003,0.0,0.0,0.4822961287342521,0.4970842235345218,0.5317684174592762,0.5144723263119299,0.5216530324427113,0.514111194473556,0.5327014585200434,0.5041096393856558,0.4749931243810224,0.5374185910178719
abrupt,omd_paper_v2_literal,1,57,9,1,0.0,5.895513769313002,0.15071796956204273,0.157346384155936,0.0,0.0,0.48211619357761787,0.4965387293808052,0.5298215222408947,0.5121825829193967,0.5186749833162049,0.5124651550678407,0.5321200145261623,0.5014514424741578,0.47794059555881285,0.5362694327985703
abrupt,omd_paper_v2_literal,1,58,9,1,0.0,5.895513769313002,0.15004479083455896,0.1673836307723425,0.0,0.0,0.4805221491617129,0.49590143763490596,0.5316023144031341,0.5130267879161905,0.5196988712346171,0.5129089412354023,0.5342538373294398,0.5012589262583196,0.4766511909021474,0.538814819685876
abrupt,omd_paper_v2_literal,1,59,9,1,0.0,5.895513769313002,0.14938772572465056,0.1773622595556624,0.0,0.0,0.4789401338293064,0.49526881149449997,0.5333693105011698,0.5138647564476688,0.5207151208235223,0.5133494674909431,0.5363708435349988,0.5010678151046115,0.4753715070366239,0.5413396243851009
abrupt,omd_paper_v2_literal,1,60,9,1,0.0,5.895513769313002,0.14874663430351692,0.18728040453846867,0.0,0.0,0.4773700547861785,0.4946408064886376,0.5351226134726464,0.5146965466462873,0.5217238015636558,0.5137867657602838,0.5384711401026308,0.5008780951238516,0.47410146034963807,0.5438439484481545
abrupt,omd_paper_v2_literal,1,61,9,1,0.0,5.895513769313002,0.148121373771995,0.19713674672313414,0.0,0.0,0.4758118189436987,0.4940173784331894,0.5368623268387426,0.5155222163277322,0.522724982636667,0.5142208677334141,0.5405548356297989,0.5006897525354841,0.4728409673763174,0.5463278969729066
abrupt,omd_paper_v2_literal,1,62,9,0,0.0,5.895513769313002,0.1475117985798616,0.18523653756446815,0.0,0.0,0.474265332973324,0.4933984834380389,0.5385885546316322,0.5163418229788124,0.523718732906959,0.5146518048606386,0.5426220402321064,0.5005027736689662,0.4715899448309107,0.5487915784061131
abrupt,omd_paper_v2_literal,1,63,9,1,0.0,5.895513769313002,0.1482492501050503,0.19506643307784577,0.0,0.0,0.47613275404667155,0.4941457935643992,0.53650404462291,0.5153521478561268,0.5225187694044436,0.5141314511380309,0.540125739923933,0.5007285482290714,0.473100581756612,0.5458164262470147
abrupt,omd_paper_v2_literal,1,64,9,1,0.0,5.895513769313002,0.14763886356964326,0.20483427649382663,0.0,0.0,0.4745900125301047,0.4935284327443843,0.5382261696376399,0.5161697352763426,0.5235100880040935,0.5145613217060502,0.5421881034509523,0.5005420340998895,0.47185259607724533,0.5482744673360188
abrupt,omd_paper_v2_literal,1,65,9,1,0.0,5.895513769313002,0.14704392148074763,0.21453941456662778,0.0,0.0,0.4730588539914242,0.4929155346850854,0.5399349983718938,0.5169813527834852,0.5244940887369893,0.5149880771182863,0.5442341947449019,0.5003568621928334,0.47061394024729714,0.5507124900557717
abrupt,omd_paper_v2_literal,1,66,9,1,0.0,5.895513769313002,0.14646427546021465,0.22418144026481343,0.0,0.0,0.47153918591980665,0.49230705655585044,0.5416306343486523,0.5177870565696487,0.5254708390434603,0.5154117480177117,0.5462641250066896,0.5001730191979007,0.46938453236430666,0.5531306070063833
abrupt,omd_paper_v2_literal,1,67,9,1,0.0,5.895513769313002,0.14589977474948745,0.2337601371368612,0.0,0.0,0.4700309157061287,0.49170295583258544,0.5433131814097489,0.5185869024738321,0.5264404060069723,0.5158323648024343,0.5482780066252181,0.4999904919165232,0.46816429078038924,0.5555289335746493
abrupt,omd_paper_v2_literal,1,68,9,1,0.0,5.895513769313002,0.14535026632636291,0.2432754377271735,0.0,0.0,0.4685339506883071,0.49110319030307725,0.544982743655113,0.5193809459726634,0.5274028563398762,0.5162499576230057,0.5502759530753912,0.4998092672624909,0.4669531341276264,0.5579075877629176
abrupt,omd_paper_v2_literal,1,69,9,1,0.0,5.895513769313002,0.14481559502157873,0.25272739207865796,0.0,0.0,0.46704819819465165,0.4905077180718997,0.5466394253845656,0.520169242171751,0.5283582563700152,0.5166645563799931,0.5522580788199112,0.49962933226277106,0.4657509813421452,0.5602666900235619
abrupt,omd_paper_v2_literal,1,70,9,1,0.0,5.895513769313002,0.14429560363516267,0.2621161435842149,0.0,0.0,0.465573565585289,0.48991649756492095,0.5482833310420973,0.5209518457976365,0.5293066720281613,0.5170761907217981,0.5542244992147776,0.49945067405822774,0.464557751686932,0.56260636309897
abrupt,omd_paper_v2_literal,1,71,9,1,0.0,5.895513769313002,0.14379013305247515,0.2714419102656397,0.0,0.0,0.46410996029171436,0.48932948753342553,0.5499145651625567,0.5217288111903289,0.5302481688362501,0.5174848900427172,0.5561753304184023,0.4992732799042464,0.4633733647734202,0.5649267318669534
abrupt,omd_paper_v2_literal,1,72,9,0,0.0,5.895513769313002,0.1432990223598712,0.2593053401449656,0.0,0.0,0.46265728985452786,0.48874664705786774,0.5515332323206815,0.5225001922963952,0.5311828118963856,0.5178906834812322,0.5581106893042492,0.4990971371712657,0.4621977405818968,0.5672279231914764
abrupt,omd_paper_v2_literal,1,73,9,1,0.0,5.895513769313002,0.14394030210414197,0.2686122066739921,0.0,0.0,0.46454801461095896,0.4895052010599355,0.5494263797995125,0.521496243957936,0.5299663619177689,0.5173625517505848,0.5555915442575692,0.49932638134209006,0.46372785836001307,0.5642324423848811
abrupt,omd_paper_v2_literal,1,74,9,1,0.0,5.895513769313002,0.1434468796570385,0.27785678443641604,0.0,0.0,0.463097955679634,0.4889234742705568,0.5510422519759596,0.5222661709759019,0.5308992695017456,0.5177675706070966,0.5575236965319416,0.49915057781906774,0.46255437423587753,0.5665300570063612
abrupt,omd_paper_v2_literal,1,75,9,0,0.0,5.895513769313002,0.14296758879864052,0.2657475569964818,0.0,0.0,0.4616586793653664,0.48834585524056334,0.5526457310826548,0.5230305959067364,0.5318254234944226,0.5181697270622866,0.5594405827623348,0.4989760069387065,0.4613895269045461,0.5688087380553636
abrupt,omd_paper_v2_literal,1,76,9,1,0.0,5.895513769313002,0.14359759297722527,0.2749739657668395,0.0,0.0,0.46354416606554216,0.4891025056232512,0.5505450580802205,0.5220292263736831,0.5306121769728387,0.5176429229073417,0.5569292325649217,0.49920468376748395,0.4629154866473361,0.5658232341875618
abrupt,omd_paper_v2_literal,1,77,9,0,0.0,5.895513769313002,0.14311588788069407,0.2629232233844457,0.0,0.0,0.4621073878428476,0.4885259574225866,0.5521458715280394,0.5227922545445929,0.5315366657541775,0.5180443345103972,0.5588430722877775,0.4990304392735384,0.4617526894053164,0.568098538016395
abrupt,omd_paper_v2_literal,1,78,2,1,0.16439841495458574,6.059912184267588,0.14374719770253064,0.27026615105182095,0.0,0.0,0.4639841983026505,0.4892790379390627,0.550054713036914,0.521795583114976,0.5303290764189552,0.517520014877823,0.5563429158973762,0.499258033660544,0.4632715909888826,0.5651260262248627
abrupt,omd_paper_v2_literal,1,79,2,1,0.16439841495458574,6.224310599222173,0.14411961394793968,0.27771288050698684,0.0,0.0,0.4643736338844484,0.4905744973999604,0.5525002956444657,0.5221315925940998,0.531979884321177,0.5196197032297968,0.558343184575828,0.5001055523766431,0.4615579666662871,0.5667674050435801
abrupt,omd_paper_v2_literal,1,80,2,1,0.16439841495458574,6.388709014176759,0.1445059689775428,0.2852484524538698,0.0,0.0,0.464760297775767,0.4918607191141867,0.5549256930064529,0.5224651537317087,0.533618068780466,0.5217035307958328,0.5603271253132037,0.5009469450058248,0.45985762573510003,0.5683954727439223
abrupt,omd_paper_v2_literal,1,81,2,0,0.16439841495458574,6.5531074291313445,0.14490576248486772,0.27585089075092234,0.0,0.0,0.46514421693973534,0.49313777783630613,0.5573310257216263,0.5227962911192429,0.5352437302488052,0.5237715937033659,0.5622948631834255,0.5017822685350444,0.45817046274655615,0.5700103465493621
abrupt,omd_paper_v2_literal,1,82,9,1,0.0,6.5531074291313445,0.14440854848745802,0.2849187595282623,0.0,0.0,0.46466433330728774,0.49154149970391864,0.5543240082998461,0.5223823738926131,0.533211577811059,0.5211864435230261,0.5598349371358617,0.50073813229824,0.4602795230515464,0.5679915627004943
abrupt,omd_paper_v2_literal,1,83,9,1,0.0,6.5531074291313445,0.14394607080389943,0.2939295773148476,0.0,0.0,0.4632373766849193,0.4909636294066403,0.5558972999026409,0.5231373429313041,0.5341199164511647,0.5215744084314629,0.5617206309760896,0.500561383892324,0.4591355110648193,0.5702372994405209
abrupt,omd_paper_v2_literal,1,84,9,0,0.0,6.5531074291313445,0.14349708211754805,0.2819485412117736,0.0,0.0,0.46182087811012057,0.4903897769797559,0.5574586091981373,0.5238869893551655,0.5350217532112198,0.521959666148157,0.5635915290695865,0.5003858569519628,0.45799983205799216,0.5724646575649562
abrupt,omd_paper_v2_literal,1,85,2,1,0.16439841495458574,6.71750584408593,0.1440963830693685,0.28936070755569016,0.0,0.0,0.46370461451896955,0.4911528690951955,0.5553821966544589,0.5228901154360631,0.5338224762774422,0.5214473596485899,0.5611032932687934,0.5006192658778035,0.45951010786414603,0.5695021741073523
abrupt,omd_paper_v2_literal,1,86,2,0,0.16439841495458574,6.881904259040516,0.14449956339058653,0.28010068377597586,0.0,0.0,0.4640919579551625,0.4924261472810687,0.5577701346026738,0.5232168981154333,0.535437197273793,0.5235045687182351,0.5630542237531228,0.5014514081082473,0.457835144448253,0.5711002747739418
abrupt,omd_paper_v2_literal,1,87,9,0,0.0,6.881904259040516,0.14399718993702432,0.2682337799087084,0.0,0.0,0.4636069100800771,0.49083168914837005,0.5547794062470781,0.5228076780618265,0.5334150331041426,0.5209282899698154,0.5606108502135356,0.5004093487790973,0.4599327805241842,0.5690988067168354
abrupt,omd_paper_v2_literal,1,88,2,0,0.16439841495458574,7.046302673995101,0.14461471145754257,0.25926682468150386,0.0,0.0,0.46547851313126787,0.4915929514829726,0.5527237087987404,0.521819191489501,0.5322293499738715,0.5204261555040173,0.5581439304303651,0.5006435610104263,0.4614273348993995,0.5661581940384907
abrupt,omd_paper_v2_literal,1,89,3,0,0.2892221772768807,7.335524851271982,0.1441599611474962,0.2558622737790656,0.0,0.0,0.4649963426564031,0.49001495600815476,0.5497612679742134,0.5214154528374662,0.5302287701461349,0.517877053905949,0.5557241730123794,0.49961250464957657,0.4635028752813971,0.5641764349133922
abrupt,omd_paper_v2_literal,1,90,6,0,0.015941344123524215,7.351466195395506,0.14364345911435816,0.24567360040479183,0.0,0.0,0.46628590031717426,0.4914211325387993,0.5493842612813051,0.5184192978153241,0.5279704109748836,0.5182549200246788,0.5562672150107428,0.4974720538743431,0.465803429850658,0.5632862259717957
abrupt,omd_paper_v2_literal,1,91,3,0,0.2892221772768807,7.640688372672387,0.14416238674862125,0.24255598820222674,0.0,0.0,0.466752992433642,0.4906261426834042,0.5469439394314854,0.5190043230670597,0.5274154408434164,0.5166890774218067,0.5533307044181611,0.49822801803353217,0.46658052917868575,0.5608851834224002
abrupt,omd_paper_v2_literal,1,92,6,1,0.015941344123524215,7.656629716795911,0.14366931016318857,0.2509047038803789,0.0,0.0,0.4680348861754832,0.4920229403929655,0.5465681907679376,0.5160268489112787,0.5251702470121922,0.5170640301536499,0.5538698201062472,0.4961018389086183,0.468868223285989,0.559998537653233
abrupt,omd_paper_v2_literal,1,93,6,1,0.015941344123524215,7.672571060919435,0.14325121287261963,0.25927527889963736,0.0,0.0,0.4676604171964128,0.49265903764308644,0.5485224775854864,0.5155591924281029,0.5256154482877452,0.5183174813783262,0.5562203526104382,0.495497292978454,0.46824500595900026,0.5619221462502245
abrupt,omd_paper_v2_literal,1,94,6,0,0.015941344123524215,7.688512405042959,0.1428466108091748,0.24877079166828361,0.0,0.0,0.4672886078842009,0.49329070176325457,0.5504615925046066,0.5150947854945235,0.5260574900822812,0.5195619225666788,0.5585519292329558,0.4948969956695736,0.4676262530559167,0.563830437419251
abrupt,omd_paper_v2_literal,1,95,6,1,0.015941344123524215,7.7044537491664835,0.14335666536148206,0.25710356551023383,0.0,0.0,0.467755766972671,0.4924970621591302,0.548024985729379,0.5156782771399735,0.5255020879309305,0.5179983290442811,0.555622057348973,0.4956512308495403,0.46840369009242916,0.5614325008612905
abrupt,omd_paper_v2_literal,1,96,6,0,0.015941344123524215,7.720395093290008,0.14295021956376822,0.2466719778602996,0.0,0.0,0.4673847473282665,0.49312736314243266,0.5499603183506718,0.515214874942745,0.5259431902576499,0.5192401560749071,0.5579492704797439,0.49505221994654364,0.4677862414763802,0.5633371679701806
abrupt,omd_paper_v2_literal,1,97,5,1,0.3216524339139793,8.042047527203987,0.14346132101202336,0.2496513892857962,0.0,0.0,0.4678497867757093,0.4923373514272604,0.5475343511067365,0.5157956961919593,0.5253903089331254,0.5176836217003191,0.5550319638316341,0.4958030186239831,0.4685601632619553,0.5609495798933987
abrupt,omd_paper_v2_literal,1,98,5,0,0.3216524339139793,8.363699961117966,0.1443808391361476,0.24646157253877773,0.0,0.0,0.4697269334956364,0.4948111021130107,0.5497246686708847,0.5154501811977686,0.5268776644797857,0.5204350076409362,0.5563596502830486,0.49705786373686073,0.4671863597182051,0.5613547629865487
abrupt,omd_paper_v2_literal,1,99,3,0,0.2892221772768807,8.652922138394846,0.14339114915936102,0.24398309732066104,0.0,0.0,0.46770530690956613,0.4921469174609352,0.5473656464985472,0.5158222959189792,0.5252757820733005,0.5174717526748878,0.554929715696946,0.4957064131781939,0.4686659490432266,0.5609183824684377
abrupt,omd_paper_v2_literal,1,100,6,1,0.015941344123524215,8.66886348251837,0.1429195060612148,0.25243598907803266,0.0,0.0,0.4689770041950699,0.493530103665994,0.5469879671656027,0.5128686389269088,0.5230460069636585,0.5178397552965541,0.55545877553479,0.4935980381154943,0.47093840156831046,0.5600348376969605
abrupt,omd_paper_v2_literal,1,101,6,1,0.015941344123524215,8.684804826641894,0.14250786421930314,0.2608944045751413,0.0,0.0,0.46860342372295927,0.49415382503421695,0.5489144279014125,0.5124080082247661,0.5234840669139688,0.5190729248836913,0.5577765005392328,0.4929994250858239,0.47032416429932566,0.5619344868279372
abrupt,omd_paper_v2_literal,1,102,6,1,0.015941344123524215,8.700746170765418,0.14210941515205608,0.2693516292681309,0.0,0.0,0.4682324681759493,0.49477324004182605,0.5508260822778853,0.5119505503002364,0.5239190539624193,0.5202973147972174,0.5600756688348014,0.4924049822089776,0.46971427458654275,0.5638191701563792
abrupt,omd_paper_v2_literal,1,103,6,1,0.015941344123524215,8.716687514888942,0.1417239924085712,0.27780189107295933,0.0,0.0,0.46786411199001465,0.4953883885840191,0.5527230357520655,0.5114962352144051,0.524350997801973,0.521512998620862,0.5623563937119535,0.4918146702838025,0.4691086908697499,0.5656890010969006
abrupt,omd_paper_v2_literal,1,104,6,1,0.015941344123524215,8.732628859012467,0.14135142827262956,0.28624021807292077,0.0,0.0,0.46749832982036327,0.49599931027067495,0.5546053944681734,0.5110450332619975,0.5247799278779891,0.5227200497214517,0.5646187903947396,0.491228450403724,0.4685073719149483,0.5675440935506953
abrupt,omd_paper_v2_literal,1,105,6,1,0.015941344123524215,8.74857020313599,0.1409915538908228,0.29466232001820086,0.0,0.0,0.4671350965426155,0.4966060444221957,0.5564732651830934,0.5105969149736503,0.5252058733865569,0.5239185412276991,0.5668629759094758,0.49064628396028964,0.4679102768176357,0.5693845618344832
abrupt,omd_paper_v2_literal,1,106,6,1,0.015941344123524215,8.764511547259515,0.14064419939895645,0.30306448933559466,0.0,0.0,0.46677438725381293,0.497208630065685,0.5583267551947269,0.5101518511179607,0.525628863273036,0.5251085460100526,0.5690890689578815,0.490068132646398,0.4673173650057674,0.571210520612332
abrupt,omd_paper_v2_literal,1,107,6,0,0.015941344123524215,8.780452891383039,0.14030919404661396,0.2919517621603594,0.0,0.0,0.4664161772732663,0.49780710593145006,0.560165972273139,0.5097098127033178,0.5260489262307941,0.5262901366615715,0.5712971897945991,0.4894939584592248,0.46672859624240703,0.5730220848302816
abrupt,omd_paper_v2_literal,1,108,6,0,0.015941344123524215,8.796394235506563,0.14075471792593813,0.280981670363781,0.0,0.0,0.4668902894270672,0.49701500154413736,0.5577313518587897,0.5102948643215646,0.5254929488205787,0.5247261947653324,0.5683740631863475,0.49025390594625085,0.46750787410350797,0.5706239980766021
abrupt,omd_paper_v2_literal,1,109,6,1,0.015941344123524215,8.812335579630087,0.14121440799590268,0.28934787348558905,0.0,0.0,0.46736122713305006,0.4962283144708427,0.5553105869806719,0.5108758977267225,0.5249407008449308,0.5231724393472572,0.5654661511023278,0.49100871486090814,0.46828199389911374,0.568238981049069
abrupt,omd_paper_v2_literal,1,110,6,1,0.015941344123524215,8.828276923753611,0.14086202261828304,0.29769669798468623,0.0,0.0,0.46700179647620915,0.49682872208580403,0.5571583874525939,0.510432448571735,0.5253621887679194,0.5243583264157058,0.5676859228503071,0.49043263167475426,0.4676911623074538,0.5700595468666039
abrupt,omd_paper_v2_literal,1,111,6,1,0.015941344123524215,8.844218267877135,0.14052189843737845,0.3060247101829608,0.0,0.0,0.4666448411537116,0.49742506048868285,0.5589920723198184,0.5099919952909839,0.5257807779674961,0.5255358865322628,0.5698879299831517,0.48986048668166093,0.46710443360711457,0.5718658729286501
abrupt,omd_paper_v2_literal,1,112,6,1,0.015941344123524215,8.86015961200066,0.14019386842676887,0.31432893476495105,0.0,0.0,0.46629033714397,0.4980173673934922,0.5608117469730727,0.5095545096597007,0.5261964963729863,0.5267051904815394,0.5720722904553216,0.48929224288053597,0.4665217686262804,0.5736580715664688
abrupt,omd_paper_v2_literal,1,113,6,1,0.015941344123524215,8.876100956124183,0.13987776486261905,0.3226067917080129,0.0,0.0,0.46593826064160004,0.49860568022259194,0.5626175171740115,0.5091199636875144,0.526609371668224,0.5278663087557659,0.5742391235709955,0.4887278635684656,0.46594312852081027,0.5754362553025726
abrupt,omd_paper_v2_literal,1,114,6,0,0.015941344123524215,8.892042300247708,0.13957341943881763,0.311425967033533,0.0,0.0,0.4655885880578945,0.49919003610401036,0.5644094889950881,0.5086883296197586,0.5270194312907541,0.5290193115386065,0.5763885498759264,0.4881673123428874,0.46536847477613275,0.5772005367939357
abrupt,omd_paper_v2_literal,1,115,6,0,0.015941344123524215,8.907983644371232,0.139987030915097,0.3003750297838835,0.0,0.0,0.4660611858238978,0.4984002677545801,0.5619872107862807,0.5092716888758825,0.5264652185948874,0.5274609329427075,0.5734828840016927,0.48892491583280423,0.466145152860953,0.574815614210865
abrupt,omd_paper_v2_literal,1,116,5,0,0.3216524339139793,9.22963607828521,0.14041518698531863,0.29703251928694846,0.0,0.0,0.4665306677440335,0.4976158150564907,0.5595782827024268,0.5098511025857553,0.5259146660013848,0.5259124976651899,0.5705917150767571,0.48967747811143897,0.46691677368494017,0.5724432673210967
abrupt,omd_paper_v2_literal,1,117,9,1,0.0,9.22963607828521,0.1393405847618009,0.3055329541321955,0.0,0.0,0.4644873028077407,0.49493908741700293,0.5572411353898858,0.5102181872644203,0.5243054177403751,0.5229472420615955,0.5691986895499633,0.4883043431029371,0.468399298835258,0.5720372913054906
abrupt,omd_paper_v2_literal,1,118,9,1,0.0,9.22963607828521,0.13888257226452783,0.3139908749673142,0.0,0.0,0.4630934507024228,0.4943475086434711,0.558719612241239,0.5109708288887468,0.5251780664656619,0.5232835057733575,0.5709695093091295,0.4881414433347433,0.4672993719521306,0.5741786495622472
abrupt,omd_paper_v2_literal,1,119,9,1,0.0,9.22963607828521,0.13843726011145951,0.322405455629769,0.0,0.0,0.46170944257464336,0.49375988128390985,0.5601872227995081,0.5117184139856178,0.526044757288207,0.5236175114415209,0.5727267509346725,0.48797962982539744,0.4662070774157379,0.5763030105430308
abrupt,omd_paper_v2_literal,1,120,9,1,0.0,9.22963607828521,0.13800450766251615,0.3307760209837561,0.0,0.0,0.4603351989234022,0.49317616884354815,0.5616440573047999,0.5124609883047996,0.5269055438343136,0.5239492806675042,0.5744705212099235,0.4878188921527289,0.46512234898881977,0.5784104915916594
abrupt,omd_paper_v2_literal,1,121,9,0,0.0,9.22963607828521,0.13758417317740335,0.31927216629040817,0.0,0.0,0.45897064043761865,0.4925963351225388,0.5630902057654448,0.5131985972601814,0.5277604793585489,0.5242788348559617,0.5762009270100215,0.48765921999129913,0.4640451207925097,0.5805012110440241
abrupt,omd_paper_v2_literal,1,122,9,1,0.0,9.22963607828521,0.13816445254686313,0.32762639728506304,0.0,0.0,0.4608466165903061,0.4933934217666752,0.5611019531675994,0.5121846119035924,0.5265851815621481,0.523825800183415,0.5738217121663657,0.4878787176622675,0.4655260417926183,0.5776264264755614
abrupt,omd_paper_v2_literal,1,123,9,1,0.0,9.22963607828521,0.13774114629846584,0.33593660644794054,0.0,0.0,0.459483804316234,0.49281441874594334,0.5625464078314192,0.5129211758562346,0.5274389415853081,0.5241548860721653,0.5755503071559485,0.48771927526518555,0.4644502468465094,0.5797151886899197
abrupt,omd_paper_v2_literal,1,124,9,1,0.0,9.22963607828521,0.13733007262137525,0.34420232548418117,0.0,0.0,0.4581305524457955,0.49223924184340523,0.5639803156408721,0.5136528412296324,0.5282869291345661,0.5244817874012164,0.5772657084142265,0.4875608837014954,0.4633818528606874,0.5817873941705506
abrupt,omd_paper_v2_literal,1,125,9,1,0.0,9.22963607828521,0.13693108984704874,0.35242318678599244,0.0,0.0,0.45678678295057856,0.4916678557597704,0.5654037651218511,0.5143796523595361,0.5291291962334533,0.52480652500878,0.5789680216098099,0.487403532921733,0.462320795325685,0.5838431612653922
abrupt,omd_paper_v2_literal,1,126,9,0,0.0,9.22963607828521,0.13654405543569342,0.3408708686938174,0.0,0.0,0.45545241804703246,0.4911002254901787,0.5668168445055103,0.5151016532422719,0.5299657945265963,0.5251291195392359,0.580657352381262,0.48724721297150664,0.4612670101118441,0.585882609070672
abrupt,omd_paper_v2_literal,1,127,9,0,0.0,9.22963607828521,0.1370907113971622,0.32941234069445957,0.0,0.0,0.4573281209300328,0.4918980679886522,0.5648303774521759,0.5140868230871615,0.5287898616211079,0.5246756888533836,0.5782823731979863,0.48746693016392645,0.46274826104667066,0.5830152273515329
abrupt,omd_paper_v2_literal,1,128,6,0,0.015941344123524215,9.245577422408735,0.13765196135404614,0.31879513733284476,0.0,0.0,0.45919278161438914,0.49269074452118794,0.5628548108387386,0.513078500819171,0.5276212864935732,0.5242251770326445,0.5759193019699264,0.4876852182444808,0.46422049655548925,0.5801609870336359
abrupt,omd_paper_v2_literal,1,129,4,1,0.33576579883000085,9.581343221238736,0.13806750358388337,0.3220159032641348,0.0,0.0,0.4596366734446566,0.4918952000410558,0.5604724577181392,0.5136739428081282,0.5270884781617582,0.5226813192040843,0.573061518303111,0.4884377727585457,0.46497026319318796,0.5778334852966025
abrupt,omd_paper_v2_literal,1,130,4,0,0.33576579883000085,9.917109020068738,0.1390790565423197,0.3184359744481685,0.0,0.0,0.4598367892082198,0.4923865190330155,0.5621268934741187,0.5157146065862538,0.5297226508675038,0.5241231716153002,0.5734899405619065,0.49083203301289063,0.4623758449079187,0.5787583471815877
abrupt,omd_paper_v2_literal,1,131,6,1,0.015941344123524215,9.933050364192262,0.13794899825243798,0.3262899523793232,0.0,0.0,0.4596130488289258,0.4918371964109259,0.5602770471766189,0.5134329926036509,0.5267773878572068,0.5225110700844583,0.5730109319369965,0.4881551415864736,0.4652766856040918,0.5777242608316007
abrupt,omd_paper_v2_literal,1,132,6,0,0.015941344123524215,9.948991708315786,0.13763829082548368,0.315738334432708,0.0,0.0,0.45928437703755504,0.49242575741289946,0.5620399250539798,0.5129911182870027,0.5271703235689896,0.5236530683972728,0.5751264925189548,0.48759679795698835,0.46472311035997427,0.5794469596536901
abrupt,omd_paper_v2_literal,1,133,5,0,0.3216524339139793,10.270644142229765,0.1380582795356013,0.3132609601912019,0.0,0.0,0.4597263580568404,0.4916343104423237,0.5596689858202475,0.5135853124745144,0.5266419257552121,0.5221173406440057,0.5722810236885536,0.48834762298351897,0.46546753620002984,0.5771299643280393
abrupt,omd_paper_v2_literal,1,134,9,1,0.0,10.270644142229765,0.13700143641433402,0.32159374894721654,0.0,0.0,0.4577003953909988,0.48898369899464095,0.5573675520703022,0.5139546496301215,0.5250576491392155,0.5191850202520191,0.5709157526390685,0.48699013845084166,0.4669247125159206,0.5767436774702781
abrupt,omd_paper_v2_literal,1,135,9,1,0.0,10.270644142229765,0.1365714632100448,0.3298796148941228,0.0,0.0,0.45635013727002444,0.48840582857807685,0.5587939585733186,0.514684828585438,0.525900061773757,0.5195049121843176,0.5726247402078938,0.4868310410159052,0.46586240451980976,0.5788094544387703
abrupt,omd_paper_v2_literal,1,136,9,1,0.0,10.270644142229765,0.13615353816795345,0.33811841035885326,0.0,0.0,0.4550092766946577,0.4878317389669613,0.5602101480505527,0.5154102069368299,0.5267368615566279,0.5198227123253892,0.5743209224137662,0.4866729786948299,0.46480729694846357,0.5808590969678615
abrupt,omd_paper_v2_literal,1,137,9,1,0.0,10.270644142229765,0.13574752748003538,0.34631005378634255,0.0,0.0,0.45367773765514013,0.4872613956927988,0.5616162042525993,0.5161308275609825,0.5275680982521246,0.5201384403091274,0.576004399324377,0.4865159417291501,0.4637593280975424,0.5828927180385536
abrupt,omd_paper_v2_literal,1,138,9,0,0.0,10.270644142229765,0.1353532963987733,0.33484294658697195,0.0,0.0,0.4523554443796475,0.4866947645704772,0.5630122106780834,0.5168467330120975,0.5283938212712922,0.5204521155906451,0.5776752710141906,0.486359920451078,0.46271843661441636,0.5849104313734296
abrupt,omd_paper_v2_literal,1,139,9,1,0.0,10.270644142229765,0.13590780271958683,0.3430217060202073,0.0,0.0,0.45420691264176866,0.48748808890270867,0.5610574494844484,0.5158444068622193,0.5272377206275664,0.5200129482928215,0.5753354685488802,0.48657835965420276,0.4641758315377,0.5820847384146047
abrupt,omd_paper_v2_literal,1,140,9,0,0.0,10.270644142229765,0.13551041700192062,0.3316105626834572,0.0,0.0,0.4528860575548537,0.48692217387177783,0.5624520521720549,0.5165594176475284,0.528062441683435,0.5203262261944223,0.5770048899735257,0.4864225381519027,0.46313615240727746,0.5841009746732094
abrupt,omd_paper_v2_literal,1,141,4,1,0.33576579883000085,10.606409941059766,0.13606744629735126,0.33460410120796397,0.0,0.0,0.4547293852095439,0.4877118724348338,0.5605057270676576,0.5155616586307754,0.5269115674609931,0.5198890673233972,0.5746748678370086,0.486639975446261,0.4645870287726751,0.5812867150887113
abrupt,omd_paper_v2_literal,1,142,4,0,0.33576579883000085,10.942175739889768,0.13708951935438898,0.3312797232592289,0.0,0.0,0.45493364040003215,0.4882014712368914,0.5621442036550186,0.5175920434774468,0.5295311646620746,0.5213217776750356,0.5750902109909525,0.4890258340290241,0.462008542246879,0.5821945653830465
abrupt,omd_paper_v2_literal,1,143,9,1,0.0,10.942175739889768,0.13594850647626255,0.33944174359752405,0.0,0.0,0.4547054374736224,0.48765446895383024,0.5603135300852902,0.5153235629375051,0.5266043222401466,0.5197210614746969,0.5746261623193363,0.4863602735072411,0.46488948065214136,0.5811802342885083
abrupt,omd_paper_v2_literal,1,144,9,1,0.0,10.942175739889768,0.1355454732035001,0.34755745040685193,0.0,0.0,0.4533854861835303,0.4870885691351529,0.5617052805613941,0.5160355090766099,0.5274252448382097,0.5200323587478627,0.5762940834392436,0.4862018450319148,0.4638536776707377,0.5831945381768019
abrupt,omd_paper_v2_literal,1,145,9,1,0.0,10.942175739889768,0.13515400904567007,0.35562682217681824,0.0,0.0,0.45207462448926417,0.48652632090594483,0.5630871701356974,0.5167428380142427,0.5282407709592585,0.5203416499352845,0.5779496186078205,0.4860444324196039,0.4628248072132614,0.5851932141853047
abrupt,omd_paper_v2_literal,1,146,9,1,0.0,10.942175739889768,0.13477398213286465,0.36364988449753616,0.0,0.0,0.4507727787196632,0.48596769119242167,0.5644592798518575,0.5174455907726583,0.5290509482352496,0.5206489537205884,0.5795928654179797,0.4858880261706904,0.46180280999876083,0.5871763739631031
abrupt,omd_paper_v2_literal,1,147,9,1,0.0,10.942175739889768,0.1344052598305334,0.37162670378404117,0.0,0.0,0.4494798754718696,0.48541264719739935,0.5658216904652055,0.5181438080575901,0.5298558239491387,0.520954288615515,0.581223921388296,0.4857326168745811,0.46078762710369475,0.5891441297211458
abrupt,omd_paper_v2_literal,1,148,9,1,0.0,10.942175739889768,0.13404770880909575,0.3795573818924882,0.0,0.0,0.4481958416277682,0.48486115640103367,0.5671744824238166,0.5188375302562317,0.530655445031689,0.5212576729601417,0.5828428839279544,0.4855781952095229,0.4597791999691748,0.5910965941644695
abrupt,omd_paper_v2_literal,1,149,9,1,0.0,10.942175739889768,0.1337011951131183,0.3874420514850717,0.0,0.0,0.4469206043695883,0.48431318656139855,0.5685177358505443,0.5195267974354542,0.5314498580585866,0.5215591249231737,0.5844498503032494,0.4854247519423839,0.4587774704077234,0.593033880427006
abrupt,omd_paper_v2_literal,1,150,9,0,0.0,10.942175739889768,0.13336558422999945,0.37593454341594795,0.0,0.0,0.4456540911946963,0.4837687057149078,0.5698515305259846,0.5202116493402515,0.5322391092478448,0.5218586625023036,0.5860449176055901,0.485272277928403,0.4577823806095637,0.5949561020089044
abrupt,omd_paper_v2_literal,1,151,9,1,0.0,10.942175739889768,0.13385837584792962,0.3838097346433014,0.0,0.0,0.447502982061666,0.48456346662246985,0.567904330042218,0.5192119844226629,0.5310870302577626,0.5214214389836471,0.5837160906806869,0.4854948366578316,0.45923496851356527,0.5921493819965463
abrupt,omd_paper_v2_literal,1,152,9,1,0.0,10.942175739889768,0.13351909054931002,0.39163935484925333,0.0,0.0,0.44623738699288595,0.4840195002677028,0.5692372815470637,0.5198962015145822,0.5318755834490311,0.5217206911705177,0.585310418306889,0.48534251030822734,0.45824069841954423,0.5940710444458572
abrupt,omd_paper_v2_literal,1,153,9,0,0.0,10.942175739889768,0.13319055173880895,0.3801631855038025,0.0,0.0,0.4449804100075905,0.4834789789889866,0.5705608898533544,0.5205760585442386,0.5326590392258143,0.5220180533087236,0.586892990578704,0.48519114087418286,0.4572529860642363,0.5959778193676735
abrupt,omd_paper_v2_literal,1,154,9,1,0.0,10.942175739889768,0.13367509428632982,0.3879837115570878,0.0,0.0,0.44682324766881487,0.4842713416522469,0.5686202740229028,0.5195794312151597,0.5315105179617929,0.5215821450590808,0.584572495099713,0.48541303415659925,0.4587009855909905,0.5931817058225062
abrupt,omd_paper_v2_literal,1,155,9,0,0.0,10.942175739889768,0.13334285464411724,0.37656298562304047,0.0,0.0,0.4455671323413949,0.48373131198468683,0.5699430990280286,0.5202586824437377,0.5322933094130974,0.5218792342706515,0.5861544015685586,0.48526180606157215,0.4577140497719851,0.5950880147601824
abrupt,omd_paper_v2_literal,1,156,6,1,0.015941344123524215,10.958117084013292,0.13383097612593392,0.38375289807266033,0.0,0.0,0.4474019387507132,0.48452004659496734,0.5680107608335282,0.5192666003965957,0.5311499772731638,0.521445325460604,0.583843412587847,0.4854826780729176,0.45915559517800636,0.592302870888277
abrupt,omd_paper_v2_literal,1,157,6,1,0.015941344123524215,10.974058428136816,0.1335771721538374,0.39093806510083945,0.0,0.0,0.44711681425256894,0.48510406710408505,0.5696779499123612,0.5188182570916895,0.5315074591154382,0.5225441018991985,0.5858400583508515,0.48494224876374925,0.4586481148991688,0.5939066616649943
abrupt,omd_paper_v2_literal,1,158,6,1,0.015941344123524215,10.98999977226034,0.13333373046987373,0.39811593497197106,0.0,0.0,0.44683354304684586,0.4856844023693645,0.5713329403642533,0.5183727438087926,0.5318626285067439,0.5236356530622753,0.5878211774373128,0.48440530179726937,0.45814395685146125,0.5954982403314056
abrupt,omd_paper_v2_literal,1,159,6,1,0.015941344123524215,11.005941116383864,0.1331004981545363,0.4052841920003759,0.0,0.0,0.44655210761538766,0.48626108497879234,0.5729758264459861,0.5179300350249093,0.532215507067937,0.5247200384482006,0.589786882737618,0.4838718054368117,0.45764309009619214,0.5970777098075206
abrupt,omd_paper_v2_literal,1,160,6,0,0.015941344123524215,11.021882460507388,0.13287732228633442,0.394971403322396,0.0,0.0,0.4462724906076961,0.4868341472609049,0.5746067023763378,0.5174901054349333,0.5325661162186263,0.5257973172513866,0.5917372876175182,0.48334172821876364,0.45714548397479776,0.5986451727150637
abrupt,omd_paper_v2_literal,1,161,6,0,0.015941344123524215,11.037823804630913,0.13320146148527554,0.38479922576019276,0.0,0.0,0.4466752172107824,0.4860088108454326,0.5722573425554617,0.5181237012830803,0.5320611444482239,0.5242457026381677,0.5889273347819289,0.48410517872244163,0.4578621835528069,0.5963870172504592
abrupt,omd_paper_v2_literal,1,162,4,0,0.33576579883000085,11.373589603460914,0.13354109271036188,0.3818442936153959,0.0,0.0,0.4470754626589825,0.48518877689571027,0.5699196289101895,0.5187532268136911,0.5315593056302892,0.5227034506472427,0.5861294195417229,0.4848638677529958,0.45857451702153157,0.5941391102232899
abrupt,omd_paper_v2_literal,1,163,6,1,0.015941344123524215,11.389530947584438,0.1323340464792492,0.3890065241429439,0.0,0.0,0.44683337892558267,0.4846362820635822,0.568110627234219,0.5164869271066758,0.5286371814715924,0.5211054359393451,0.5856890844571873,0.4821914733850657,0.4614464603656771,0.5931554445736381
abrupt,omd_paper_v2_literal,1,164,6,0,0.015941344123524215,11.405472291707962,0.132085542396588,0.37887511193343126,0.0,0.0,0.4465522229279538,0.48521208894841905,0.5697542139666716,0.5160441242067016,0.5289892712095039,0.5221886864105536,0.5876553985231902,0.48165817569127545,0.4609462858410715,0.5947357460996668
abrupt,omd_paper_v2_literal,1,165,3,1,0.2892221772768807,11.694694468984842,0.13244001519184204,0.38060827003985154,0.0,0.0,0.4469503956617531,0.4843966645143722,0.567426183010611,0.5166711976704041,0.5284906463572413,0.520654568168099,0.5848699682652168,0.4824134241417724,0.4616546373958415,0.5924972110641324
abrupt,omd_paper_v2_literal,1,166,3,1,0.2892221772768807,11.983916646261722,0.1329704094207291,0.3826294668094299,0.0,0.0,0.44579221552493664,0.4831190790279641,0.5677556780829085,0.5193985093497727,0.5305428833523383,0.5203069699454548,0.5843697074441405,0.4843638453565997,0.45956789379956076,0.5932782842785524
abrupt,omd_paper_v2_literal,1,167,3,0,0.2892221772768807,12.273138823538602,0.1335123475182673,0.3804514836508765,0.0,0.0,0.4446433115168693,0.4818513024785698,0.568082640376276,0.5221042049460335,0.5325786935725123,0.5199619616953937,0.5838730300984433,0.48630009602286733,0.4574982160651374,0.5940530279063294
abrupt,omd_paper_v2_literal,1,168,9,0,0.0,12.273138823538602,0.13292541477719552,0.36919997394033166,0.0,0.0,0.44588912253254664,0.4832259933624929,0.5677281045646787,0.5191702996384736,0.5303711679672481,0.5203360615895793,0.5844115815163763,0.4842005933250794,0.4597424823884488,0.5932129334080177
abrupt,omd_paper_v2_literal,1,169,3,1,0.2892221772768807,12.562361000815482,0.1334264626977761,0.3711434136400394,0.0,0.0,0.44770924500196074,0.4840172865072445,0.5658287729790962,0.5181833572603176,0.5292441524202072,0.5199205334957578,0.5821370871947037,0.4844184321264048,0.4611645010048435,0.5904625658410341
abrupt,omd_paper_v2_literal,1,170,3,1,0.2892221772768807,12.851583178092362,0.13395559813458396,0.3733732546918948,0.0,0.0,0.4465615800048089,0.4827512475031608,0.5661548489417956,0.5208858501556078,0.5312776416555167,0.5195757433371088,0.5816392635431509,0.4863524271591432,0.45909688885949557,0.5912368272701708
abrupt,omd_paper_v2_literal,1,171,3,0,0.2892221772768807,13.140805355369242,0.13449587549953448,0.3709558161820382,0.0,0.0,0.44542304170699915,0.4814948744630308,0.5664784351298526,0.523566969420121,0.5332949307087359,0.519233507533102,0.5811449901142038,0.48827239523048216,0.45704609652980394,0.5920048639229116
abrupt,omd_paper_v2_literal,1,172,4,1,0.33576579883000085,13.476571154199243,0.13390730856447067,0.3738888127498091,0.0,0.0,0.44666493037035937,0.48286527447986194,0.5661254806758719,0.5206424765027,0.5310945209260158,0.5196068003566403,0.5816841107958637,0.486178208999815,0.4592830680589855,0.5911671057802157
abrupt,omd_paper_v2_literal,1,173,4,0,0.33576579883000085,13.812336953029245,0.1349672290181085,0.3705771310380897,0.0,0.0,0.4468886470115275,0.48336217091874073,0.5677155930886351,0.5226142379741039,0.5336485359294764,0.5210162868281202,0.5820747049362854,0.4885168608350309,0.4567739427137865,0.5920258965068623
abrupt,omd_paper_v2_literal,1,174,3,0,0.2892221772768807,14.101559130306125,0.1337640846124029,0.3685710519638718,0.0,0.0,0.4466345032192945,0.4827976917092673,0.5659090955744976,0.5203742363105938,0.5307470077041855,0.5194150644468561,0.5816309762100587,0.48586016175500113,0.4596245091498432,0.5910502542414651
abrupt,omd_paper_v2_literal,1,175,5,0,0.3216524339139793,14.423211564220104,0.13320266051756136,0.36697935199786924,0.0,0.0,0.4478678729956395,0.4841590026246101,0.5655637832699465,0.5174775717619583,0.5285706336392082,0.5197897667967211,0.582166858461,0.4837904242678326,0.461837778321712,0.5902212218958006
abrupt,omd_paper_v2_literal,1,176,9,1,0.0,14.423211564220104,0.1321277383722258,0.37474335763297567,0.0,0.0,0.4458563748911292,0.48153360206112816,0.5633147069684072,0.5178512628273767,0.5270157865422433,0.5168945676752025,0.5808489657929896,0.48244623800961034,0.463263166241108,0.5898703516007713
abrupt,omd_paper_v2_literal,1,177,9,1,0.0,14.423211564220104,0.13176867007037382,0.3824633595144191,0.0,0.0,0.44460234751133443,0.4809889034012945,0.5646249909175678,0.5185254104379937,0.5277872642978105,0.5171800991186889,0.5824210556636946,0.48228944623010683,0.46228776609490835,0.5917679236080543
abrupt,omd_paper_v2_literal,1,178,9,1,0.0,14.423211564220104,0.13142019036738845,0.39013950335052117,0.0,0.0,0.44335673343068877,0.4804476004267496,0.5659263204395084,0.519195343962092,0.5285538645538503,0.5174638628939283,0.5839818163622565,0.4821336224693165,0.4613186524099701,0.5936511155500465
abrupt,omd_paper_v2_literal,1,179,9,1,0.0,14.423211564220104,0.13108217691046264,0.39777195672525434,0.0,0.0,0.4421194646363281,0.4799096630364737,0.5672187682486909,0.5198611000376123,0.5293156294123612,0.5177458750301096,0.5855313372430766,0.4819787579045138,0.4603557724276095,0.5955200326007173
abrupt,omd_paper_v2_literal,1,180,9,1,0.0,14.423211564220104,0.1307545068103392,0.40536090631184946,0.0,0.0,0.44089047342564647,0.47937506138643016,0.568502406742311,0.5205227150112868,0.5300726006556107,0.518026151408203,0.5870697074711877,0.4818248437960272,0.45939907373033456,0.5973747801932209
abrupt,omd_paper_v2_literal,1,181,9,1,0.0,14.423211564220104,0.13043705669975209,0.41290655544046045,0.0,0.0,0.43966969241780673,0.4788437658896389,0.5697773079871413,0.5211802249376924,0.5308248197444001,0.5183047077613835,0.5885970159970635,0.48167187148694535,0.45844850424648614,0.5992154639696575
abrupt,omd_paper_v2_literal,1,182,9,1,0.0,14.423211564220104,0.13012970279147398,0.4204091219692188,0.0,0.0,0.43845705456462414,0.478315747216132,0.5710435437070759,0.5218336655784744,0.531572327816546,0.5185815596755001,0.5901133515325817,0.4815198324028003,0.4575040122545302,0.6010421897328038
abrupt,omd_paper_v2_literal,1,183,9,1,0.0,14.423211564220104,0.12983232093591862,0.4278688364161126,0.0,0.0,0.43725249316084397,0.47779097629279876,0.5723011852713549,0.5224830724017302,0.5323151656855686,0.5188567225895907,0.5916188025281091,0.4813687180512258,0.4565655463870138,0.6028550633997601
abrupt,omd_paper_v2_literal,1,184,9,1,0.0,14.423211564220104,0.12954478667824693,0.4352859403158,0.0,0.0,0.436055941853834,0.4772694243031232,0.5735503036834471,0.5231284805815499,0.5330533738395792,0.51913021179644,0.5931134571506703,0.4812185200215966,0.4556330556341968,0.6046541909574611
abrupt,omd_paper_v2_literal,1,185,9,1,0.0,14.423211564220104,0.12926697531492504,0.4426606847709907,0.0,0.0,0.43486733465271266,0.4767510626868211,0.5747909695705656,0.5237699249977043,0.5337869924403572,0.5194020424431777,0.5945974032631673,0.48106922998464496,0.454706489347373,0.606439678419998
abrupt,omd_paper_v2_literal,1,186,9,1,0.0,14.423211564220104,0.12899876194968424,0.449993329172618,0.0,0.0,0.433686605936931,0.47623586313937893,0.5760232531737957,0.5244074402354744,0.5345160613226104,0.519672229531914,0.596070728404615,0.4809208396920595,0.45378579724189133,0.6082116317877011
abrupt,omd_paper_v2_literal,1,187,9,0,0.0,14.423211564220104,0.12874002154883163,0.4385950620051463,0.0,0.0,0.4325136904643296,0.4757237976115015,0.5772472243388133,0.5250410605856182,0.5352406199934098,0.5199407879204135,0.597533519771359,0.48077334097606483,0.45287092939988965,0.6099701570079313
abrupt,omd_paper_v2_literal,1,188,9,1,0.0,14.423211564220104,0.12914563591036504,0.4459228948108164,0.0,0.0,0.43433739571968427,0.4765198630208447,0.5753440672083021,0.5240560168002333,0.5341141768635917,0.5195232890976818,0.5952587637364538,0.4810026400933116,0.45429329421622033,0.607235183987517
abrupt,omd_paper_v2_literal,1,189,9,1,0.0,14.423211564220104,0.12888267218605504,0.4532090651558896,0.0,0.0,0.4331646573521252,0.4760080276261125,0.5765679411280075,0.5246893617690116,0.5348384516712784,0.5197917185120631,0.5967217691723605,0.4808552138387136,0.45337871338884117,0.6089943883793052
abrupt,omd_paper_v2_literal,1,190,9,1,0.0,14.423211564220104,0.12862905405331532,0.4604538393501932,0.0,0.0,0.43199964403032576,0.4754992900774672,0.5777835966361573,0.5253188565622973,0.5355582679590192,0.5200585381451925,0.5981743594574488,0.48070866878946483,0.45246989054013265,0.6107403136657424
abrupt,omd_paper_v2_literal,1,191,9,0,0.0,14.423211564220104,0.1283846578043753,0.44907230864456693,0.0,0.0,0.4308422918092522,0.47499362300850345,0.5789911022024901,0.5259445346597451,0.5362736643151851,0.520323762480687,0.5996166202735437,0.4805629969850756,0.4515667768491267,0.6124730644446165
abrupt,omd_paper_v2_literal,1,192,9,0,0.0,14.423211564220104,0.12877208518322272,0.4377629689577021,0.0,0.0,0.4326609565066381,0.4757881055077485,0.5770935566658294,0.5249614881365625,0.5351496302540101,0.519907060109462,0.5973499014504795,0.48079186526204426,0.4529858109560737,0.6097494584437676
abrupt,omd_paper_v2_literal,1,193,9,1,0.0,14.423211564220104,0.12917599574861693,0.44504004776230993,0.0,0.0,0.4344706305991936,0.47657799540657386,0.57520501287681,0.5239840827558756,0.5340319116772182,0.5194928028004706,0.5950925023188609,0.48101938353180584,0.45439718296473086,0.6070352137662783
abrupt,omd_paper_v2_literal,1,194,9,1,0.0,14.423211564220104,0.12891393458656875,0.4522760625656744,0.0,0.0,0.4333058906471035,0.4760696826860034,0.5764205579059378,0.5246130707054141,0.5347512103958131,0.519759383049397,0.5965456203404698,0.4808729732101328,0.45348887085247025,0.6087826167224377
abrupt,omd_paper_v2_literal,1,195,9,0,0.0,14.423211564220104,0.1286610924343743,0.44100126268389395,0.0,0.0,0.4321487666038856,0.4755644242585603,0.5776280005790809,0.5252382626743417,0.5354661133749758,0.5200243761171247,0.5979884704292645,0.4807274317263028,0.4525862355160571,0.6105169288516087
abrupt,omd_paper_v2_literal,1,196,9,1,0.0,14.423211564220104,0.12905841609034807,0.44823271693173317,0.0,0.0,0.43395219213207054,0.47635177315550986,0.5757460843885868,0.5242640129883417,0.5343520413693349,0.5196114413250956,0.5957393959879344,0.4809542256278205,0.4539929157864813,0.6078132079650936
abrupt,omd_paper_v2_literal,1,197,9,1,0.0,14.423211564220104,0.12880142312930754,0.4554235295256187,0.0,0.0,0.43279521719214137,0.4758467304174328,0.5769534575097499,0.5248889473869612,0.5350666803673781,0.5198763130852846,0.5971824879720808,0.48080875237318016,0.4530905433688253,0.6095482265894302
abrupt,omd_paper_v2_literal,1,198,9,1,0.0,14.423211564220104,0.12855352679307155,0.462573959614979,0.0,0.0,0.43164577334375753,0.4753447072055669,0.5781528186972351,0.5255101287834464,0.5357769733156397,0.5201396158451234,0.5986154261248164,0.48066413799009605,0.45219378399808435,0.611270297815284
abrupt,omd_paper_v2_literal,1,199,9,1,0.0,14.423211564220104,0.1283146075260377,0.46968427150113295,0.0,0.0,0.43050379890821616,0.47484567714868464,0.5793442339965942,0.5261275894447891,0.5364829574079795,0.520401363559011,0.6000382931352037,0.48052037480927307,0.4513025906046466,0.6129795226854974
abrupt,omd_paper_v2_literal,1,200,9,0,0.0,14.423211564220104,0.12808454578262865,0.45840864544488674,0.0,0.0,0.4293692325812342,0.4743496141138488,0.5805277690600791,0.5267413613613923,0.5371846695293183,0.5206615700474315,0.6014511713259107,0.48037745523602626,0.4504169164697569,0.6146760020997316
abrupt,omd_paper_v2_literal,1,201,9,1,0.0,14.423211564220104,0.12845286359908284,0.4655154594187069,0.0,0.0,0.43116890629270016,0.47513635452537967,0.5786503498326893,0.5257679301675788,0.5360717415186934,0.5202488977005281,0.5992096812068634,0.48060411601434416,0.4518216703117479,0.6119842400305914
abrupt,omd_paper_v2_literal,1,202,9,0,0.0,14.423211564220104,0.12821852215334026,0.45429245271493063,0.0,0.0,0.4300343136366425,0.4746404384409483,0.5798340009806742,0.5263815306161224,0.5367732894555871,0.5205090182889772,0.6006230364815265,0.480461245322941,0.45093612920078757,0.6136817301387634
abrupt,omd_paper_v2_literal,1,203,6,1,0.015941344123524215,14.439152908343628,0.12859201307021736,0.4607036135713789,0.0,0.0,0.431826506925989,0.4754236610526002,0.5779642464716278,0.5254124359017756,0.5356652695233018,0.5200982048951112,0.5983901677078597,0.480686882412917,0.4523348039523895,0.6109996369616519
abrupt,omd_paper_v2_literal,1,204,6,1,0.015941344123524215,14.455094252467152,0.128410283222385,0.4671126379259573,0.0,0.0,0.43159434143974146,0.4759927946393237,0.5794985848724287,0.5249676259167596,0.5359812677905249,0.5211324745786813,0.6002185142070315,0.4801787399019721,0.4518831337744386,0.6124427938886661
abrupt,omd_paper_v2_literal,1,205,6,1,0.015941344123524215,14.471035596590676,0.1282374837659316,0.4735177439161456,0.0,0.0,0.4313636110082304,0.47655854512295037,0.5810221155193399,0.5245254690518731,0.5362953247278459,0.522160304465715,0.602033031238808,0.4796737137521402,0.45143427603486214,0.6138752628701827
abrupt,omd_paper_v2_literal,1,206,6,1,0.015941344123524215,14.4869769407142,0.12807347499398833,0.4799172808778023,0.0,0.0,0.431134302441188,0.47712094120306847,0.5825349228884369,0.524085942277627,0.5366074579587715,0.5231817459962897,0.6038338239588296,0.4791717763482522,0.45098820522465527,0.6152971365322574
abrupt,omd_paper_v2_literal,1,207,6,0,0.015941344123524215,14.502918284837724,0.12791811759166724,0.4701620070411216,0.0,0.0,0.4309064026776289,0.4776800113487901,0.5840370912393514,0.5236490227630646,0.5369176849388708,0.5241968503191099,0.6056209975685993,0.4786729003206845,0.450544896073782,0.6167085070152056
abrupt,omd_paper_v2_literal,1,208,6,1,0.015941344123524215,14.518859628961248,0.1281583292351877,0.47654036083235757,0.0,0.0,0.43125428555319717,0.47682665747631164,0.5817435311607949,0.5243159314313325,0.5364441363366064,0.522647295543048,0.6028918984539817,0.47943441228022393,0.4512216040995727,0.6145533783894249
abrupt,omd_paper_v2_literal,1,209,6,1,0.015941344123524215,14.534800973084772,0.12799904649579377,0.4829124566537407,0.0,0.0,0.4310265146447564,0.47738534382277326,0.5832455592711933,0.523879307737554,0.5367541819424507,0.523661859345952,0.604679408351181,0.4789358299649357,0.45077853444028454,0.6159648812540871
abrupt,omd_paper_v2_literal,1,210,6,1,0.015941344123524215,14.550742317208297,0.12784828442286225,0.4892768364651638,0.0,0.0,0.43080013578850673,0.4779407426980228,0.5847370683868677,0.5234452609168284,0.5370623438641564,0.5246701578277948,0.606453451643806,0.47844027308740267,0.4503381937542627,0.6173660035368066
abrupt,omd_paper_v2_literal,1,211,6,1,0.015941344123524215,14.56668366133182,0.1277059059644797,0.49563214965205776,0.0,0.0,0.43057513625834815,0.47849288191252076,0.5862181414588287,0.523013768685413,0.5373686391164529,0.5256722411234981,0.608214132333134,0.4779477149446038,0.4499005574039873,0.6187568356000177
abrupt,omd_paper_v2_literal,1,212,6,1,0.015941344123524215,14.582625005455345,0.12757177460470487,0.5019771453655286,0.0,0.0,0.4303515034538141,0.4790417890490288,0.5876888611747013,0.522584808954449,0.5376730845505124,0.5266681590680286,0.6099615543685176,0.47745812907408897,0.4494656009851016,0.6201374672931146
abrupt,omd_paper_v2_literal,1,213,6,0,0.015941344123524215,14.598566349578869,0.12744575442082487,0.4920529800011958,0.0,0.0,0.43012922489934347,0.4795874914625103,0.5891493099401011,0.5221583598295763,0.5379756968547609,0.5276579611917454,0.6116958216110162,0.47697148925332683,0.44903330032541494,0.6215079879399199
abrupt,omd_paper_v2_literal,1,214,6,1,0.015941344123524215,14.614507693702393,0.12764633319996435,0.4983798165118086,0.0,0.0,0.4304773229772003,0.47873294991495713,0.5868615777669929,0.5228261596453377,0.5375017971922685,0.5261078491771511,0.6089787426440176,0.4777335805741112,0.44971031200188194,0.6193609170902828
abrupt,omd_paper_v2_literal,1,215,6,1,0.015941344123524215,14.630449037825917,0.12751624111669277,0.5046959053046708,0.0,0.0,0.43025512821647743,0.479278379427288,0.5883222490800943,0.5223999203458574,0.5378042895081628,0.527097326967627,0.6107138129586781,0.47724713468377955,0.4492781619481957,0.6207319112180084
abrupt,omd_paper_v2_literal,1,216,6,0,0.015941344123524215,14.646390381949441,0.12739414047804573,0.49478562323353825,0.0,0.0,0.4300342721127355,0.47982064020544274,0.5897727626601438,0.5219761632638868,0.5381049697177852,0.5280807565088755,0.6124358728467192,0.476763601306217,0.44884863719683465,0.6220929092032
abrupt,omd_paper_v2_literal,1,217,9,1,0.0,14.646390381949441,0.12758918142215805,0.5015746376724186,0.0,0.0,0.43038123284746754,0.47896881123611096,0.5874934248490478,0.5226418392585875,0.5376326114402186,0.5265357680736302,0.6097294035948739,0.47752321495568856,0.4495234221507269,0.6199540296605689
abrupt,omd_paper_v2_literal,1,218,9,0,0.0,14.646390381949441,0.12739408998476548,0.4904883233989367,0.0,0.0,0.429277198913096,0.478475173476929,0.5886185953302758,0.5232484912308323,0.5383125440384681,0.5267733262843002,0.6110687543900442,0.47739171016042997,0.448666381681916,0.6215765907711822
abrupt,omd_paper_v2_literal,1,219,6,0,0.015941344123524215,14.662331726072965,0.12771631937635697,0.4807332140228079,0.0,0.0,0.43108068728774745,0.479281413483056,0.586780471434216,0.522257660875201,0.537201992455968,0.5263853354149732,0.6088804431643917,0.47760648793993044,0.4500662720222355,0.6189252021866924
abrupt,omd_paper_v2_literal,1,220,4,0,0.33576579883000085,14.998097524902967,0.12793206550354047,0.47823156787525906,0.0,0.0,0.43142120204680584,0.4784340155691932,0.5845170649427416,0.5229207248683322,0.5367354828523669,0.5248519248872732,0.6061899110319643,0.4783601976802891,0.4507332763123018,0.616801148511931
abrupt,omd_paper_v2_literal,1,221,6,0,0.015941344123524215,15.014038869026491,0.12660142626373252,0.4685855166316588,0.0,0.0,0.4311399106771115,0.47785935242329053,0.5827606585937745,0.5206882011010318,0.5338478998606746,0.5232591514456096,0.6057959643178541,0.4756951770991481,0.4535608860535171,0.6158916880191757
abrupt,omd_paper_v2_literal,1,222,4,1,0.33576579883000085,15.349804667856493,0.12684332642059748,0.47076070157439265,0.0,0.0,0.4314782898351734,0.47701787428751363,0.5805063457341056,0.5213477531878512,0.5333848367403515,0.5217353168904963,0.6031158321252007,0.4764444619188003,0.4542236029280395,0.613775494524015
abrupt,omd_paper_v2_literal,1,223,4,0,0.33576579883000085,15.685570466686494,0.12798869715673927,0.4682844963079923,0.0,0.0,0.4317225012098671,0.4775163275392219,0.5820325741067731,0.5232850800352,0.5358910463981156,0.5231176520855146,0.6034580012003885,0.4787575421889412,0.45176913817367237,0.6145659947968577
abrupt,omd_paper_v2_literal,1,224,9,1,0.0,15.685570466686494,0.12667650119750373,0.4751522622199111,0.0,0.0,0.43144253587227493,0.4769448959547729,0.5802827495299526,0.5210640398328337,0.5330177399175785,0.521532890733253,0.6030657241969035,0.4761058694966461,0.4545831685902885,0.613659701183789
abrupt,omd_paper_v2_literal,1,225,9,0,0.0,15.685570466686494,0.12644523045238112,0.46423124159782797,0.0,0.0,0.4303228991579576,0.47644269142121315,0.5814233605969323,0.5216772756270469,0.5337034637168254,0.5217695852319941,0.6044269577460799,0.4759703091508399,0.45371733682609217,0.615310389829314
abrupt,omd_paper_v2_literal,1,226,5,1,0.3216524339139793,16.007222900600475,0.126816391552669,0.4654859179512653,0.0,0.0,0.43210391254508634,0.47724142541206743,0.579608915519428,0.5207019482313809,0.5326128217215195,0.5213931389516929,0.6022612845395936,0.4761859075844827,0.4550944952341381,0.6126838843379488
abrupt,omd_paper_v2_literal,1,227,5,0,0.3216524339139793,16.328875334514453,0.1278866708156021,0.4641268007085421,0.0,0.0,0.43395256335369115,0.47964670819757793,0.5816183500666804,0.5203544380537878,0.5340216330512997,0.5240300195224983,0.6034122733114503,0.477422045403359,0.45380974089590126,0.6129615593753031
abrupt,omd_paper_v2_literal,1,228,3,0,0.2892221772768807,16.618097511791333,0.12671758797408766,0.4626771061151091,0.0,0.0,0.43193226192858813,0.47701801855323556,0.5794220973168575,0.5207342320630576,0.5324819117419308,0.5211481012352236,0.6021542962223277,0.4760710808748715,0.4552138837772008,0.612658083688702
abrupt,omd_paper_v2_literal,1,229,5,1,0.3216524339139793,16.939749945705312,0.1260999603655133,0.4639476077695895,0.0,0.0,0.4331321819982904,0.4783621313975569,0.579099969345773,0.5178667459842976,0.5303323351739018,0.5215247591907295,0.602699305319043,0.47401721187745544,0.45739509861937044,0.611874825286274
abrupt,omd_paper_v2_literal,1,230,5,0,0.3216524339139793,17.26140237961929,0.12716956880972488,0.4625705002927415,0.0,0.0,0.43497431615633714,0.48075810435449634,0.5811022488742068,0.5175210905413534,0.5317369116803127,0.5241511237570057,0.6038452159368839,0.47524842407524676,0.4561138570452948,0.6121517945790432
abrupt,omd_paper_v2_literal,1,231,6,1,0.015941344123524215,17.277343723742817,0.12600061985169042,0.46892532964674993,0.0,0.0,0.43296010233221655,0.4781382432891249,0.5789126941431745,0.5178990514633004,0.5302010329028413,0.5212792255261041,0.602592146113961,0.4739021537454582,0.45751487767989346,0.611848934925735
abrupt,omd_paper_v2_literal,1,232,6,0,0.015941344123524215,17.293285067866343,0.12583164399012306,0.45928715459124525,0.0,0.0,0.4327353814484972,0.4786834897664976,0.5803824330958435,0.5174662420922786,0.5304985715944186,0.5222689512829128,0.6043425139343618,0.4734080458919644,0.45708633986167835,0.6132333311318704
abrupt,omd_paper_v2_literal,1,233,6,1,0.015941344123524215,17.30922641198987,0.12609115092692103,0.4656226193252475,0.0,0.0,0.4330766295095216,0.4778555569691898,0.578150091436638,0.5181234497692423,0.5300467525660034,0.5207659929088219,0.6016835542672919,0.4741583656302109,0.4577370965382389,0.611130421660261
abrupt,omd_paper_v2_literal,1,234,6,1,0.015941344123524215,17.325167756113395,0.1259184413999757,0.4719498353454124,0.0,0.0,0.43285204097576335,0.47840042074969236,0.5796196000670789,0.5176909367115,0.5303441082288547,0.5217551603252754,0.603434147933118,0.4736645536289369,0.457308805721591,0.6125148540614742
abrupt,omd_paper_v2_literal,1,235,6,0,0.015941344123524215,17.34110910023692,0.12575408329697232,0.4623196889496214,0.0,0.0,0.43262879223380246,0.47894215142493274,0.5810791236991802,0.5172609248808517,0.5306397048606595,0.5227383781984197,0.605171889528767,0.47317367841124225,0.4568830802829098,0.6138893972200382
abrupt,omd_paper_v2_literal,1,236,5,0,0.3216524339139793,17.6627615341509,0.12600745743577746,0.46126993639093916,0.0,0.0,0.4329689934183165,0.4781166730420366,0.578854518657208,0.5179161739328403,0.5301892610876827,0.5212400660212884,0.6025228428675999,0.47392170294126346,0.45753183300133726,0.6117941274578237
abrupt,omd_paper_v2_literal,1,237,3,0,0.2892221772768807,17.95198371142778,0.12486128239354113,0.46004241787658845,0.0,0.0,0.4309706163533131,0.47552012787590053,0.5766855822544967,0.5182890812339236,0.5286656645106093,0.5183930454945568,0.6012867099679862,0.472583142191002,0.45892098485964167,0.6115006022985466
abrupt,omd_paper_v2_literal,1,238,9,1,0.0,17.95198371142778,0.12425975399992811,0.4668421933212081,0.0,0.0,0.43216114733823363,0.4768520069963096,0.5763601018416216,0.5154405310184809,0.5265264034765262,0.5187631252886729,0.6018237126692821,0.4705443383928707,0.4610926560594306,0.6107182558353719
abrupt,omd_paper_v2_literal,1,239,9,1,0.0,17.95198371142778,0.12400189516605208,0.47360864644436856,0.0,0.0,0.43103644518407447,0.4763433928840374,0.5774987270599335,0.5160576887172733,0.5272119059818382,0.5189935216727896,0.6031823611266521,0.47040847749050196,0.46022599923108765,0.6123726813253719
abrupt,omd_paper_v2_literal,1,240,9,1,0.0,17.95198371142778,0.12375264681795886,0.48034180860135933,0.0,0.0,0.4299188035707262,0.47583770155690175,0.5786301019909739,0.5166713103472987,0.527893433050944,0.5192226080958597,0.6045317557994135,0.47027338867546514,0.4593644782178197,0.6140151922681201
abrupt,omd_paper_v2_literal,1,241,9,1,0.0,17.95198371142778,0.12351190331564867,0.4870417281309612,0.0,0.0,0.4288081667480595,0.4753349084811566,0.5797542845978702,0.5172814249123826,0.5285710172362248,0.5194503958030117,0.6058719708355931,0.4701390652863527,0.4585080518853012,0.615645879381109
abrupt,omd_paper_v2_literal,1,242,9,1,0.0,17.95198371142778,0.1232795589108688,0.4937084687598114,0.0,0.0,0.42770447929424565,0.47483498933649637,0.5808713324936885,0.5178880611802811,0.5292446908307346,0.5196768959341785,0.6072030800186268,0.4700055007249188,0.4576566793919681,0.6172648332149068
abrupt,omd_paper_v2_literal,1,243,9,1,0.0,17.95198371142778,0.1230555077879904,0.5003421081585617,0.0,0.0,0.4266076861205215,0.47433792001535835,0.5819813029366642,0.518491247682919,0.529914485868224,0.5199021195246998,0.6085251567572396,0.46987268845569174,0.4568103201903596,0.6188721441290884
abrupt,omd_paper_v2_literal,1,244,9,1,0.0,17.95198371142778,0.12283964410443755,0.5069427366336461,0.0,0.0,0.4255177324756298,0.4738436766221721,0.5830842528257676,0.5190910127167114,0.5305804341232626,0.5201260775059374,0.6098382740758911,0.4697406220055777,0.4559689340282909,0.6204679022692141
abrupt,omd_paper_v2_literal,1,245,9,1,0.0,17.95198371142778,0.12263186203063237,0.5135104559403969,0.0,0.0,0.4244345639499493,0.47335223547255545,0.5841802386965915,0.5196873843429627,0.5312425671114576,0.5203487807059101,0.6111425046057667,0.4696092949634564,0.4551324809498647,0.6220521975448169
abrupt,omd_paper_v2_literal,1,246,9,0,0.0,17.95198371142778,0.12243205578941807,0.5026904233163801,0.0,0.0,0.4233581264793244,0.4728635730924624,0.5852693167175493,0.5202803903883383,0.5319009160897621,0.5205702398499391,0.6124379205762974,0.4694787009797688,0.4543009212963279,0.6236251196083739
abrupt,omd_paper_v2_literal,1,247,9,1,0.0,17.95198371142778,0.12276492001341761,0.5092552230266467,0.0,0.0,0.42513221735965795,0.4736687972902348,0.5834743410338158,0.519303230773185,0.5308160587140969,0.5202053247060024,0.6103025500386827,0.4696938903620423,0.4556712634566421,0.6210319511926709
abrupt,omd_paper_v2_literal,1,248,9,1,0.0,17.95198371142778,0.12256072078587119,0.5157873926574237,0.0,0.0,0.4240554009912519,0.4731801411619875,0.5845638652132932,0.5198962250945074,0.5314744252875132,0.5204267711709901,0.6115988813076652,0.4695633042178918,0.454839608252979,0.6226064163001117
abrupt,omd_paper_v2_literal,1,249,9,1,0.0,17.95198371142778,0.12236440205181665,0.5222870464595466,0.0,0.0,0.4229852475795891,0.4726942353034118,0.5856465516658643,0.5204858881469672,0.5321290464199815,0.5206469864128029,0.6128864877063662,0.4694334435603682,0.45401279685462165,0.6241696227435154
abrupt,omd_paper_v2_literal,1,250,9,1,0.0,17.95198371142778,0.12217585932523713,0.528754307621592,0.0,0.0,0.4219217041201966,0.4722110567773109,0.5867224554482521,0.521072247139644,0.5327799526809557,0.5208659809030617,0.6141654401232362,0.4693043021910822,0.4531907904355736,0.6257216588175435
abrupt,omd_paper_v2_literal,1,251,9,1,0.0,17.95198371142778,0.12199498826077135,0.5351893074212274,0.0,0.0,0.42086471795677965,0.4717305828516032,0.5877916312477045,0.5216553290517681,0.5334271743860595,0.5210837650137375,0.61543580903316,0.46917587397132704,0.45237355046405897,0.627262612518538
abrupt,omd_paper_v2_literal,1,252,9,1,0.0,17.95198371142778,0.12182168469045934,0.5415921844511562,0.0,0.0,0.41981423678407115,0.47125279099834105,0.5888541333792043,0.5222351606334057,0.5340707415976597,0.5213003490178283,0.616697664490737,0.4690481528216526,0.45156103870289854,0.628792571526892
abrupt,omd_paper_v2_literal,1,253,9,1,0.0,17.95198371142778,0.1216558446598356,0.5479630839123852,0.0,0.0,0.4187702086504319,0.4707776588926917,0.589910015782933,0.5228117684062009,0.5347106841255141,0.521515743090044,0.6179510761240038,0.46892113272143404,0.4507532172097581,0.6303116231902567
abrupt,omd_paper_v2_literal,1,254,9,1,0.0,17.95198371142778,0.12149736446334018,0.5543021569683287,0.0,0.0,0.41773258196021007,0.47030516441188197,0.5909593320219847,0.5233851786641764,0.5353470315274882,0.5217299573075036,0.6191961131285827,0.4687948077084359,0.4499500483372759,0.6318198545075607
abrupt,omd_paper_v2_literal,1,255,9,1,0.0,17.95198371142778,0.12134614067901954,0.5606095601539693,0.0,0.0,0.4167013054758699,0.4698352856341101,0.5920021352803178,0.5239554174745849,0.5359798131103367,0.5219430016504394,0.6204328442622421,0.46866917187837154,0.4491514947330742,0.6333173521138159
abrupt,omd_paper_v2_literal,1,256,9,1,0.0,17.95198371142778,0.1212020702024906,0.5668854548349034,0.0,0.0,0.4156763283198977,0.4693680008374239,0.5930384783609361,0.5245225106788127,0.5366090579305499,0.5221548860029095,0.6216613378398529,0.46854421938445806,0.4483575193396592,0.6348042022656821
abrupt,omd_paper_v2_literal,1,257,9,1,0.0,17.95198371142778,0.12106505028014364,0.573130006711646,0.0,0.0,0.41465759997649443,0.468903288498571,0.5940684136842902,0.5250864838933312,0.5372347947952587,0.5223656201535187,0.6228816617287264,0.46841994443696844,0.44756808539421444,0.636280490827769
abrupt,omd_paper_v2_literal,1,258,9,1,0.0,17.95198371142778,0.12093497854155945,0.5793433853650491,0.0,0.0,0.4136450702930621,0.4684411272918193,0.5950919932868896,0.5256473625106932,0.5378570522631962,0.5225752137961452,0.6240938833443201,0.4682963413027795,0.4467831564282929,0.6377463032596498
abrupt,omd_paper_v2_literal,1,259,9,1,0.0,17.95198371142778,0.12081175303112038,0.5855257638391095,0.0,0.0,0.41263868948149335,0.467981496087752,0.5961092688201195,0.5262051717005729,0.538475858645714,0.5227836765306739,0.6252980696462979,0.46817340430491666,0.4460026962674111,0.6392017246035625
abrupt,omd_paper_v2_literal,1,260,9,0,0.0,17.95198371142778,0.1206952722387943,0.5745641429461884,0.0,0.0,0.4116384081192712,0.4675243739520376,0.5971202915492516,0.526759936410846,0.5390912420078489,0.5229910178637346,0.6264942871349297,0.4680511278220982,0.44522666903055086,0.6406468394727775
abrupt,omd_paper_v2_literal,1,261,9,1,0.0,17.95198371142778,0.12090598780284192,0.5807474573373509,0.0,0.0,0.4134126865768145,0.46833501831437113,0.5953269005162253,0.5257761364706284,0.5379999118953755,0.5226233373623524,0.6243720022151544,0.4682679614009631,0.4466029666031485,0.6380825074466681
abrupt,omd_paper_v2_literal,1,262,9,1,0.0,17.95198371142778,0.12078476278685196,0.5869000398318442,0.0,0.0,0.41241142263986547,0.4678776609414311,0.5963389837851757,0.5263311862957718,0.5386156467514379,0.5228307725873137,0.6255699126078476,0.46814563017440747,0.445826406741736,0.6395301894298507
abrupt,omd_paper_v2_literal,1,263,9,1,0.0,17.95198371142778,0.12067020989366224,0.5930220652429187,0.0,0.0,0.41141620204025137,0.4674227894253022,0.5973448719065044,0.5268832197059115,0.5392279901451205,0.5230370968179124,0.6267599279345705,0.4680239533282227,0.44505423903643326,0.6409676600290511
abrupt,omd_paper_v2_literal,1,264,9,1,0.0,17.95198371142778,0.12056222931561279,0.5991137109980681,0.0,0.0,0.41042697634589725,0.46697038329770973,0.5983446151099638,0.5274322611059599,0.539836969534334,0.5232423193437196,0.6279421133995656,0.46790292537011374,0.44428642835757565,0.6423950023877618
abrupt,omd_paper_v2_literal,1,265,9,1,0.0,17.95198371142778,0.12046072174849626,0.6051751568270038,0.0,0.0,0.4094436974867141,0.4665204222798203,0.599338263243359,0.5279783346847953,0.5404426121368042,0.5234464493640588,0.6291165337476974,0.46778254086164794,0.44352293986324515,0.6438122992035792
abrupt,omd_paper_v2_literal,1,266,9,1,0.0,17.95198371142778,0.12036558841904832,0.611206584474438,0.0,0.0,0.4084663177551291,0.46607288628096677,0.6003258657721423,0.5285214644164365,0.5410449449312628,0.5236494959887446,0.6302832532619121,0.4676627944178007,0.44276373899851473,0.6452196327187428
abrupt,omd_paper_v2_literal,1,267,9,1,0.0,17.95198371142778,0.12027673111156525,0.6172081774355681,0.0,0.0,0.40749478980645826,0.46562775539735557,0.601307471779167,0.5290616740612494,0.541643994658678,0.5238514682388246,0.6314423357609805,0.46754368070649854,0.44200879149461764,0.6466170847112375
abrupt,omd_paper_v2_literal,1,268,9,1,0.0,17.95198371142778,0.12019405219363814,0.6231801207123553,0.0,0.0,0.4065290666591308,0.465185009910758,0.6022831299645962,0.5295989871671818,0.5422397878235239,0.5240523750473238,0.6325938445975113,0.46742519444816166,0.441258063368046,0.648004736486438
abrupt,omd_paper_v2_literal,1,269,9,1,0.0,17.95198371142778,0.12011745464099434,0.6291226005888644,0.0,0.0,0.40556910169477023,0.464744630287186,0.6032528886459559,0.5301334270710267,0.5428323506950828,0.5242522252599926,0.6337378426562263,0.46730733041524597,0.44051152091958196,0.6493826688692785
abrupt,omd_paper_v2_literal,1,270,9,1,0.0,17.95198371142778,0.12004684206143866,0.6350358044240988,0.0,0.0,0.404614848658138,0.464306597175554,0.6042167957583298,0.5306650168997106,0.5434217093087824,0.5244510276360539,0.6348743923524853,0.4671900834317837,0.4397691307332642,0.6507509621969285
abrupt,omd_paper_v2_literal,1,271,9,1,0.0,17.95198371142778,0.11998211871788923,0.6409199204609025,0.0,0.0,0.4036662616569465,0.4638708914063285,0.6051748988546881,0.5311937795716061,0.5440078894675624,0.5246487908489541,0.6360035556310519,0.46707344837292475,0.43903085967529404,0.6521096963119549
abrupt,omd_paper_v2_literal,1,272,9,1,0.0,17.95198371142778,0.11992318955050284,0.6467751376496342,0.0,0.0,0.40272329516154626,0.46343749399016543,0.6061272451063445,0.5317197377978666,0.5445909167432715,0.5248455234871138,0.6371253939650888,0.4669574201644769,0.4382966748928832,0.6534589505559573
abrupt,omd_paper_v2_literal,1,273,9,1,0.0,17.95198371142778,0.11986996019788823,0.6526016454854331,0.0,0.0,0.4017859040044932,0.4630063861165381,0.6070738813035358,0.5322429140837828,0.5451708164780908,0.5250412340546794,0.6382399683553759,0.46684199378244706,0.43756654381304694,0.6547988037636543
abrupt,omd_paper_v2_literal,1,274,9,0,0.0,17.95198371142778,0.1198223370174055,0.6415424092785804,0.0,0.0,0.40085404338000136,0.46257754915235477,0.6080148538561182,0.532763330730157,0.5457476137859826,0.5252359309722754,0.639347339329739,0.46672716425258237,0.43684043414134455,0.6561293342574094
abrupt,omd_paper_v2_literal,1,275,9,1,0.0,17.95198371142778,0.11991727437086307,0.6473728488418711,0.0,0.0,0.4026235930688314,0.46339165380270897,0.6062279342728649,0.5317753678921912,0.5446525804025775,0.5248663327926021,0.6372439714570244,0.4669451472768513,0.4382190308932536,0.6536015266594281
abrupt,omd_paper_v2_literal,1,276,9,1,0.0,17.95198371142778,0.11986482955937108,0.6531748115163142,0.0,0.0,0.40169026636706484,0.4629623867830636,0.6071704577170935,0.5322963098121208,0.5452299989747152,0.5250612094612389,0.6383536476443669,0.4668302126112724,0.4374920357555172,0.6549354224981789
abrupt,omd_paper_v2_literal,1,277,9,1,0.0,17.95198371142778,0.11981793980264117,0.6589484851123347,0.0,0.0,0.40076242459504735,0.4625353719260056,0.6081073642701501,0.5328145148397686,0.5458043406972988,0.5252550808580483,0.6394561800342089,0.4667158698630848,0.43676902889723646,0.6562600727869292
abrupt,omd_paper_v2_literal,1,278,9,1,0.0,17.95198371142778,0.11977651330358893,0.6646940576795374,0.0,0.0,0.39984002383793094,0.4621105909970996,0.6090386994129163,0.53333000480707,0.546375630158415,0.5254479552200038,0.6405516279663581,0.4666021141669428,0.4360499786846258,0.6575755544139736
abrupt,omd_paper_v2_literal,1,279,9,1,0.0,17.95198371142778,0.11974045901229873,0.6704117173819963,0.0,0.0,0.3989230205356978,0.46168802593383734,0.609964508253314,0.5338428013473973,0.5469438917243786,0.5256398407033467,0.641640050314126,0.4664889407055581,0.4353348537555647,0.6588819437528415
abrupt,omd_paper_v2_literal,1,280,9,1,0.0,17.95198371142778,0.11970968664318074,0.6761016523830764,0.0,0.0,0.3980113714823052,0.4612676588442582,0.6108848355273134,0.5343529258969599,0.5475091495412218,0.5258307453843223,0.6427215054843586,0.466376344709251,0.43462362301821955,0.6601793166581549
abrupt,omd_paper_v2_literal,1,281,9,0,0.0,17.95198371142778,0.11968410669124473,0.6650410555913989,0.0,0.0,0.39710503382473794,0.46084947200556553,0.6117997256000339,0.5348603996962172,0.5480714275361998,0.5260206772599152,0.64379605141764,0.46626432145550367,0.43391625564962727,0.6614677484618524
abrupt,omd_paper_v2_literal,1,282,9,1,0.0,17.95198371142778,0.1197384464121708,0.6707358296117323,0.0,0.0,0.3988676680756699,0.46166251025235283,0.6100203897879187,0.5338737653148732,0.5469782034354682,0.5256514278507672,0.6417057303050248,0.4664821066097018,0.43529167808661634,0.6589607557332131
abrupt,omd_paper_v2_literal,1,283,9,1,0.0,17.95198371142778,0.1197080945594965,0.6764030952573841,0.0,0.0,0.39795972046178674,0.46124383414152376,0.6109369759570775,0.5343818375419612,0.5475411846179644,0.5258415656087524,0.6427827588163862,0.4663699628867507,0.434583318592558,0.6602527798656013
abrupt,omd_paper_v2_literal,1,284,9,1,0.0,17.95198371142778,0.11968289155747318,0.6820430384871794,0.0,0.0,0.39705704242426937,0.4608273211091233,0.6118481677628846,0.5348872798800113,0.5481012094325977,0.5260307382284116,0.6438529326159118,0.46625838739156505,0.43387879206942853,0.6615359334796691
abrupt,omd_paper_v2_literal,1,285,9,0,0.0,17.95198371142778,0.11966274972643036,0.671013214724973,0.0,0.0,0.396159591953317,0.4604129538042208,0.6127540086920191,0.535390113130847,0.5486583013142252,0.5262189535359924,0.644916308514519,0.46614737550281116,0.4331780683155956,0.6628102905215719
abrupt,omd_paper_v2_literal,1,286,9,0,0.0,17.95198371142778,0.11970674496737183,0.6600432479419253,0.0,0.0,0.3979155182359235,0.4612234446001296,0.6109815968190574,0.5344065805527604,0.5475686005980488,0.5258508257652597,0.642835177001765,0.4663645011974904,0.4345488259037006,0.660315645101835
abrupt,omd_paper_v2_literal,1,287,6,1,0.015941344123524215,17.967925055551305,0.11976924615527232,0.6652371024010294,0.0,0.0,0.3996652279454944,0.46203006398675445,0.6092151796817985,0.5334277273183123,0.5464839258278728,0.5254845209517163,0.6407591466024982,0.4665805478894982,0.43591368590887625,0.657824681270211
abrupt,omd_paper_v2_literal,1,288,6,1,0.015941344123524215,17.98386639967483,0.11975810086203563,0.6704226602514112,0.0,0.0,0.39951894454025544,0.46253992325839843,0.6104496919835796,0.5330121279652461,0.5467169607719846,0.526359624929947,0.6422064666436366,0.4661439723613758,0.43557357359221044,0.658927994304401
abrupt,omd_paper_v2_literal,1,289,6,1,0.015941344123524215,17.999807743798357,0.1197524959350486,0.675599399659981,0.0,0.0,0.3993734624451955,0.4630471293243452,0.6116761892115536,0.5325987092132494,0.5469487272137663,0.5272298810273556,0.6436434670919973,0.465709786679641,0.43523534313292483,0.6600236925545097
abrupt,omd_paper_v2_literal,1,290,6,1,0.015941344123524215,18.015749087921883,0.1197523261045875,0.6807668275665899,0.0,0.0,0.39922877477313085,0.46355170300595777,0.6128947359219296,0.5321874535228248,0.5471792359357728,0.5280953262366551,0.6450702334981908,0.46527797089274864,0.43489897846497466,0.661111844286593
abrupt,omd_paper_v2_literal,1,291,6,1,0.015941344123524215,18.03169043204541,0.11975748718952965,0.6859244782846073,0.0,0.0,0.39908487470671344,0.46405366494775807,0.61410539625087,0.5317783435120559,0.5474084976133823,0.5289559972839569,0.6464868509250558,0.4648485052384944,0.4345644636815907,0.6621925171715548
abrupt,omd_paper_v2_literal,1,292,6,1,0.015941344123524215,18.047631776168934,0.11976787611556708,0.6910719121711293,0.0,0.0,0.3989417554977942,0.46455303561822103,0.6153082339107908,0.5313713619556516,0.5476365228157201,0.5298119306283418,0.6478934039386832,0.4644213701426343,0.4342317830339355,0.6632657782861965
abrupt,omd_paper_v2_literal,1,293,6,1,0.015941344123524215,18.06357312029246,0.11978339093205118,0.6962087143633707,0.0,0.0,0.3987994104667861,0.46504983531059924,0.6165033121869736,0.530966491783971,0.5478633220065852,0.5306631624615431,0.6492899766000082,0.4639965462174876,0.4339009209297551,0.6643316941144692
abrupt,omd_paper_v2_literal,1,294,6,1,0.015941344123524215,18.079514464415986,0.11980393082749441,0.7013344935779435,0.0,0.0,0.3986578330020268,0.46554408414377846,0.617690693934479,0.5305637160820315,0.5480889055453787,0.5315097287077384,0.6506766524569506,0.463574014260529,0.4335718619320263,0.6653903305489209
abrupt,omd_paper_v2_literal,1,295,6,0,0.015941344123524215,18.095455808539512,0.1198293961437552,0.6917919152397811,0.0,0.0,0.398517016559143,0.4660358020631604,0.6188704415753471,0.5301630180885003,0.5483132836880327,0.5323516650234434,0.6520535145370852,0.46315375525296787,0.4332445907576009,0.6664417528923279
abrupt,omd_paper_v2_literal,1,296,6,1,0.015941344123524215,18.111397152663038,0.11978596703471986,0.6969079062879723,0.0,0.0,0.3987795380034161,0.46511920266341183,0.6166700541887704,0.5309099616636884,0.5478949855094974,0.5307819950404835,0.6494847596055133,0.46393723760675215,0.43385473154843257,0.6644803815400979
abrupt,omd_paper_v2_literal,1,297,6,1,0.015941344123524215,18.127338496786564,0.11980711353852247,0.7020129058485596,0.0,0.0,0.3986385980709194,0.46561124335281023,0.6178519163638742,0.5305089875557863,0.5481195542303087,0.5316247384238791,0.6508648652166246,0.4635166085432988,0.4335271569479739,0.6655340401866909
abrupt,omd_paper_v2_literal,1,298,6,1,0.015941344123524215,18.14327984091009,0.11983313509796417,0.7071065521222912,0.0,0.0,0.3984984125692847,0.4661007748054143,0.6190262101339651,0.5301100733093328,0.5483429279799659,0.5324628914237615,0.6522352418923677,0.46309823281384843,0.4332013546989126,0.6665805476705385
abrupt,omd_paper_v2_literal,1,299,6,1,0.015941344123524215,18.159221185033616,0.11986393448378059,0.7121885042071348,0.0,0.0,0.39835897510237617,0.46658781654905407,0.6201929967311133,0.5297132025224155,0.5485651167842365,0.5332964889958489,0.6535959711357633,0.46268209181765174,0.4328773098607701,0.6676199679014038
abrupt,omd_paper_v2_literal,1,300,6,1,0.015941344123524215,18.17516252915714,0.11989941562840736,0.7172584410938008,0.0,0.0,0.39822027933900667,0.46707238794261097,0.6213523369558669,0.529318358942308,0.5487861305689212,0.5341255658322984,0.6549471339235208,0.4622681671319286,0.43255500764178595,0.6686523642120901
abrupt,omd_paper_v2_literal,1,301,6,1,0.015941344123524215,18.191103873280667,0.11993948363603987,0.7223160607109074,0.0,0.0,0.39808231901231533,0.4675545081769599,0.622504291175327,0.5289255264644384,0.5490059791607665,0.5349501563618912,0.6562888107003513,0.46185644051044616,0.4322344333975825,0.6696777993605535
abrupt,omd_paper_v2_literal,1,302,6,1,0.015941344123524215,18.207045217404193,0.11998404479152687,0.7273610790172699,0.0,0.0,0.3979450879191482,0.4680341962759347,0.6236489193214613,0.5285346891313447,0.5492246722883772,0.5357702947503049,0.6576210813737229,0.4614468938820882,0.4319155726298282,0.6706963355321595
abrupt,omd_paper_v2_literal,1,303,6,1,0.015941344123524215,18.22298656152772,0.12003300656812856,0.7323932291389164,0.0,0.0,0.3978085799194392,0.4685114710973121,0.6247862808896486,0.5281458311316221,0.5494422195831283,0.536586014900464,0.6589440253090436,0.4610395093494198,0.4315984109849025,0.6717080343420785
abrupt,omd_paper_v2_literal,1,304,6,1,0.015941344123524215,18.238927905651245,0.12008627763417147,0.7374122605485521,0.0,0.0,0.39767278893559427,0.46898635133381616,0.625916434937446,0.5277589367988583,0.549658630580075,0.5373973504529694,0.6602577213252544,0.46063426918724554,0.43128293425256004,0.672712956837812
abrupt,omd_paper_v2_literal,1,305,6,1,0.015941344123524215,18.25486924977477,0.12014376785863251,0.7424179382853067,0.0,0.0,0.39753770895187673,0.4694588555141388,0.6270394400835676,0.5273739906105617,0.5498739147188606,0.5382043347866009,0.6615622476908184,0.4602311558411646,0.43096912836459866,0.673711163501841
abrupt,omd_paper_v2_literal,1,306,6,1,0.015941344123524215,18.270810593898297,0.12020538831568521,0.7474100422127085,0.0,0.0,0.3974033340137951,0.4699290020039774,0.6281553545070684,0.5269909771870813,0.5500880813446237,0.5390070010188899,0.6628576821200894,0.4598301519261217,0.43065697939352726,0.6747027142543923
abrupt,omd_paper_v2_literal,1,307,6,1,0.015941344123524215,18.286751938021823,0.12027105128824093,0.7523883663129322,0.0,0.0,0.39726965822749355,0.47039680900708813,0.6292642359467228,0.5266098812905189,0.5503011397089017,0.5398053820067604,0.664144101770047,0.4594312402249554,0.4303464735512376,0.6756876684563142
abrupt,omd_paper_v2_literal,1,308,6,1,0.015941344123524215,18.30269328214535,0.12034067027051933,0.7573527180154679,0.0,0.0,0.39713667575914485,0.4708622945663525,0.630366141700592,0.5262306878236361,0.5505130989705321,0.5405995103472334,0.6654215832373821,0.4590344036869449,0.43003759718767887,0.6766660849120555
abrupt,omd_paper_v2_literal,1,309,6,1,0.015941344123524215,18.318634626268874,0.12041415996968072,0.7623029175584549,0.0,0.0,0.3970043808343463,0.47132547656485735,0.6314611286257708,0.525853381828755,0.5507239681965517,0.5413894183781923,0.6666902025559212,0.45863962542635545,0.42973033678953526,0.6776380218727425
abrupt,omd_paper_v2_literal,1,310,6,1,0.015941344123524215,18.3345759703924,0.12049143630655493,0.76723879738101,0.0,0.0,0.39687276773751823,0.47178637272698765,0.6325492531383062,0.5254779484866541,0.5509337563630904,0.5421751381792075,0.6679500351943743,0.4582468887209831,0.42942467897890857,0.6786035370393467
abrupt,omd_paper_v2_literal,1,311,6,1,0.015941344123524215,18.350517314515926,0.12057241641549969,0.7721602015449728,0.0,0.0,0.3967418308113062,0.4722450006195293,0.6336305712132828,0.5251043731154607,0.5511424723562639,0.5429567015724155,0.6692011560543953,0.45785617701069997,0.4291206105120043,0.6795626875659405
abrupt,omd_paper_v2_literal,1,312,6,1,0.015941344123524215,18.366458658639452,0.1206570186434226,0.7770669851845678,0.0,0.0,0.3966115644559855,0.47270137765278286,0.6347051383850634,0.524732641169539,0.5513501249730617,0.5437341401234519,0.6704436394689394,0.45746747389600034,0.42881811827782285,0.6805155300630304
abrupt,omd_paper_v2_literal,1,313,6,0,0.015941344123524215,18.382400002762978,0.12074516254799982,0.7670891897198527,0.0,0.0,0.39648196312887013,0.4731555210816863,0.6357730097476836,0.5243627382383755,0.55155672292223,0.5445074851424339,0.6716775592009094,0.45708076313654816,0.4285171892968562,0.681462120600968
abrupt,omd_paper_v2_literal,1,314,6,0,0.015941344123524215,18.398341346886504,0.12056990469452608,0.7572029508638105,0.0,0.0,0.39674579527445386,0.4722311129901062,0.6335978493363384,0.5251156851358553,0.5511361528433447,0.5429330394543307,0.6691633079704401,0.45786800673448713,0.4291298167121774,0.6795336673572804
abrupt,omd_paper_v2_literal,1,315,6,1,0.015941344123524215,18.41428269101003,0.12041188394873487,0.7621163142204763,0.0,0.0,0.3970083674614799,0.4713115173611195,0.6314281497634123,0.5258647527765301,0.5507176136960347,0.5413656166861118,0.6666520065242203,0.45865152172940626,0.4297395956157889,0.6776087539145063
abrupt,omd_paper_v2_literal,1,316,6,1,0.015941344123524215,18.430224035133556,0.12048845146023665,0.7670155788104854,0.0,0.0,0.3968777236129952,0.47176901591380704,0.6325083020844227,0.5254920866800801,0.5509258567116719,0.542145554156116,0.6679026371465834,0.45826167704449133,0.4294361881414718,0.6785672062823154
abrupt,omd_paper_v2_literal,1,317,6,1,0.015941344123524215,18.44616537925708,0.12056867016928942,0.7719005917371179,0.0,0.0,0.3967477459918439,0.47222427960370794,0.633581748098247,0.5251212512012364,0.5511330433236298,0.5429213964480301,0.6691446840330966,0.4578738275625036,0.42913434663707317,0.6795193874661345
abrupt,omd_paper_v2_literal,1,318,6,1,0.015941344123524215,18.462106723380607,0.1206524602060424,0.7767712108695081,0.0,0.0,0.3966184291216061,0.4726773254568601,0.634648542111208,0.5247522321151836,0.5513391821351342,0.5436931744297256,0.6703782198721238,0.4574879572453721,0.428834058280379,0.6804653528283477
abrupt,omd_paper_v2_literal,1,319,6,1,0.015941344123524215,18.478048067504133,0.12073974287542467,0.7816273043370325,0.0,0.0,0.3964897675812261,0.4731281703485197,0.6357087380024015,0.5243850153282504,0.5515442816637602,0.5444609187211265,0.6716033167990155,0.45710405020951517,0.4285353103768055,0.6814051572071305
abrupt,omd_paper_v2_literal,1,320,6,1,0.015941344123524215,18.49398941162766,0.12083044065472424,0.7864687500477986,0.0,0.0,0.3963617560044465,0.4735768310042499,0.6367623892242072,0.5240195868768354,0.5517483503422783,0.545224659695198,0.6728200463950579,0.4567220907244439,0.4282380903581478,0.6823388549197966
abrupt,omd_paper_v2_literal,1,321,6,1,0.015941344123524215,18.509930755751185,0.12092447719046072,0.7912954352300209,0.0,0.0,0.3962343890792442,0.47402332400101693,0.6378095488029331,0.5236559329263293,0.5519513965194982,0.545984427478981,0.6740284796866721,0.45634206321136833,0.42794238578133675,0.6832664997662091
abrupt,omd_paper_v2_literal,1,322,6,0,0.015941344123524215,18.52587209987471,0.12102177729458331,0.78131939201173,0.0,0.0,0.39610766154727184,0.4744676657682924,0.6388502693395842,0.5232940397700381,0.5521534284611074,0.5467402519546662,0.6752286871448583,0.45596395224180525,0.4276481843271994,0.6841881450322495
abrupt,omd_paper_v2_literal,1,323,6,1,0.015941344123524215,18.541813443998237,0.1208245815637457,0.7861435737591144,0.0,0.0,0.39636986511254024,0.47354840709320833,0.6366956792681792,0.5240427375240969,0.5517354231146592,0.5451762830041339,0.672743035323361,0.4567462863398658,0.42825691770242763,0.6822797485945917
abrupt,omd_paper_v2_literal,1,324,6,1,0.015941344123524215,18.557754788121763,0.12091804904016688,0.7909531130542339,0.0,0.0,0.3962429357281104,0.47399336031874334,0.637739318885447,0.5236803370899404,0.5519377714373587,0.5459334491398198,0.6739474586648115,0.45636756376441323,0.42796222773382003,0.6832042946921879
abrupt,omd_paper_v2_literal,1,325,6,1,0.015941344123524215,18.57369613224529,0.12101476054622884,0.7957479065843301,0.0,0.0,0.3961166412840333,0.4744361773794144,0.638776564326691,0.5233196851365567,0.5521391125927642,0.5466866995971899,0.6751437132724999,0.45599074436330717,0.42766903041699234,0.6841228827323178
abrupt,omd_paper_v2_literal,1,326,6,1,0.015941344123524215,18.589637476368814,0.12111464280822716,0.800527859405335,0.0,0.0,0.39599097662999216,0.4748768743852069,0.6398074672108398,0.5229607682281331,0.5523394546778638,0.5474360636980966,0.6763318683135676,0.4556158130186419,0.42737731368422105,0.6850355649317823
abrupt,omd_paper_v2_literal,1,327,6,1,0.015941344123524215,18.60557882049234,0.12121762369145588,0.8052928845512826,0.0,0.0,0.3958659366674895,0.4753154673029291,0.6408320787396762,0.5226035730528078,0.5525388057093484,0.5481815705253544,0.6775119924076227,0.45524275475793596,0.42708706558748916,0.6859423930078298
abrupt,omd_paper_v2_literal,1,328,6,1,0.015941344123524215,18.621520164615866,0.12132363219470797,0.8100429026620102,0.0,0.0,0.3957415163493078,0.4757519719573096,0.6418504496989252,0.5222480864216122,0.5527371736244202,0.5489232489239,0.6786841536268324,0.45487155475277774,0.4267982742972892,0.6868434181817046
abrupt,omd_paper_v2_literal,1,329,6,1,0.015941344123524215,18.637461508739392,0.1214325984442315,0.8147778416282379,0.0,0.0,0.3956177106789758,0.47618640403209733,0.642862630459443,0.5218942952674135,0.5529345662815981,0.5496611275019858,0.6798484194962163,0.4545021983174755,0.4265109281014333,0.6877386911822371
abrupt,omd_paper_v2_literal,1,330,6,0,0.015941344123524215,18.653402852862918,0.12154445368716826,0.8047273362373066,0.0,0.0,0.39549451471023683,0.47661877907116545,0.6438686709785056,0.521542186643858,0.5531309914615172,0.5503952346324038,0.6810048569941298,0.4541346709077126,0.4262250154038699,0.6886282622494726
abrupt,omd_paper_v2_literal,1,331,6,0,0.015941344123524215,18.669344196986444,0.12131087664381772,0.7947609245447947,0.0,0.0,0.3957562716678108,0.47570020134895447,0.6417297394175266,0.522290247675128,0.5527136484263155,0.5488352985086965,0.6785452546901518,0.454915575785796,0.4268325218150697,0.6867366317485178
abrupt,omd_paper_v2_literal,1,332,9,1,0.0,18.669344196986444,0.12109380150545304,0.7996738065222525,0.0,0.0,0.396016824480666,0.474786220658789,0.6395955174669792,0.5230345986792768,0.5522982460911614,0.5472819384297198,0.6760876522401035,0.45569293156265855,0.4274373151231386,0.6848479443767769
abrupt,omd_paper_v2_literal,1,333,9,1,0.0,18.669344196986444,0.12114039387305303,0.8045664569907127,0.0,0.0,0.3951903790189193,0.47438089953564005,0.6403658464930545,0.523518295537015,0.5528054359750069,0.5474224258565624,0.67697754644527,0.4556068099800468,0.4268023690872322,0.6859474979426117
abrupt,omd_paper_v2_literal,1,334,9,1,0.0,18.669344196986444,0.12119039659642379,0.8094389692075084,0.0,0.0,0.3943683617607095,0.4739774921749928,0.6411318843891245,0.5239997047718584,0.5533101639522294,0.5475622540745272,0.6778620414765192,0.45552109054272233,0.4261706079790342,0.6870398820573309
abrupt,omd_paper_v2_literal,1,335,9,1,0.0,18.669344196986444,0.12124374537399334,0.8142914376023416,0.0,0.0,0.3935507392697102,0.4735759842197657,0.641893665282624,0.5244788433061481,0.5538124485603745,0.5477014281616159,0.6787411821164896,0.45543577015674663,0.4255420078585998,0.6881251563503039
abrupt,omd_paper_v2_literal,1,336,9,1,0.0,18.669344196986444,0.12130037672271185,0.8191239576768112,0.0,0.0,0.3927374783866031,0.47317636144434144,0.6426512229917754,0.5249557279119557,0.5543123081692782,0.5478399531466687,0.6796150127383599,0.4553508457581448,0.4249165449959653,0.6892033799564878
abrupt,omd_paper_v2_literal,1,337,9,1,0.0,18.669344196986444,0.12136022797748464,0.8239366259094391,0.0,0.0,0.39192854622750806,0.47277860975338293,0.6434045910279507,0.52543037521233,0.5548097609825071,0.5479778340098687,0.6804835773087394,0.4552663143125973,0.4242941958695418,0.6902746115180239
abrupt,omd_paper_v2_literal,1,338,9,0,0.0,18.669344196986444,0.1214232372901881,0.813209606374732,0.0,0.0,0.39112391018238624,0.47238271518065283,0.644153802598045,0.5259028016825456,0.5553048250387947,0.5481150756832432,0.6813469193905849,0.4551821728151344,0.42367493716450494,0.6913389091859413
abrupt,omd_paper_v2_literal,1,339,9,1,0.0,18.669344196986444,0.12128744941516001,0.8180287303387426,0.0,0.0,0.3929187043961489,0.47326543514084435,0.6424824235598946,0.5248494333635592,0.5542008980169132,0.5478090763127581,0.6794203430761875,0.45536977533874534,0.42505594107784056,0.6889632191842007
abrupt,omd_paper_v2_literal,1,340,9,0,0.0,18.669344196986444,0.12134636258238855,0.807352870444081,0.0,0.0,0.3921117941452163,0.4728687351685813,0.6432339438253712,0.5253228266456093,0.554697050398279,0.5479465915816719,0.6802868746178228,0.4552854684643891,0.42443519592110196,0.6900320544923985
abrupt,omd_paper_v2_literal,1,341,6,1,0.015941344123524215,18.68528554110997,0.12122047225106683,0.8120146630427031,0.0,0.0,0.3939006698073106,0.473747855336025,0.6415676538330587,0.5242737418399538,0.5535974467779013,0.5476418522123744,0.6783649991625558,0.4554722933081606,0.425811066124104,0.687660830062027
abrupt,omd_paper_v2_literal,1,342,6,1,0.015941344123524215,18.701226885233496,0.1213270541121972,0.8166623641503151,0.0,0.0,0.39378447403642675,0.4741838703866264,0.6425698841254515,0.5239173601919356,0.5537897528957514,0.5483761153628118,0.679518003717381,0.4551049847323919,0.42553031765346333,0.6885422330915005
abrupt,omd_paper_v2_literal,1,343,6,1,0.015941344123524215,18.71716822935702,0.12143648320372347,0.821295895266615,0.0,0.0,0.3936688440041696,0.4746178463989174,0.6435661010080146,0.5235626529403579,0.5539811264625586,0.5491066698204992,0.6806633408519478,0.4547394753128851,0.4252509549544323,0.6894180810212026
abrupt,omd_paper_v2_literal,1,344,6,1,0.015941344123524215,18.733109573480547,0.12154869385367432,0.8259151846224472,0.0,0.0,0.3935537752178179,0.47504979843369877,0.6445563524475822,0.5232096074889664,0.5541715748246345,0.5498335428861381,0.6818010748800819,0.45437575104181493,0.42497296704432314,0.6902884218621316
abrupt,omd_paper_v2_literal,1,345,6,1,0.015941344123524215,18.749050917604073,0.12166362144740737,0.8305201668758747,0.0,0.0,0.39343926322924394,0.47547974141938704,0.6455406860184596,0.5228582113562741,0.5543611052563201,0.5505567616382273,0.682931269594905,0.4540137980445939,0.42469634304815435,0.6911533031645571
abrupt,omd_paper_v2_literal,1,346,6,0,0.015941344123524215,18.7649922617276,0.12178120242028714,0.8206061956666798,0.0,0.0,0.3933253036344488,0.47590769015305295,0.6465191489038651,0.5225084521745674,0.5545497249607169,0.5512763529342599,0.6840539882697391,0.4536536025786161,0.42442107219756403,0.6920127720215745
abrupt,omd_paper_v2_literal,1,347,6,1,0.015941344123524215,18.780933605851125,0.12153179565125241,0.8252104426297633,0.0,0.0,0.3935708901394562,0.4749855462407917,0.6444091376183294,0.5232621219825492,0.5541432479818356,0.5497254390442085,0.6816319818385915,0.45442984938442205,0.42501431278243745,0.6901590499492252
abrupt,omd_paper_v2_literal,1,348,6,1,0.015941344123524215,18.79687494997465,0.12164589124002055,0.8298004982082822,0.0,0.0,0.393456720810722,0.4754141905484803,0.64539069526307,0.5229117861900562,0.5543322107315909,0.5504465144486255,0.682759100631331,0.45406897776188115,0.4247385137131253,0.6910215308921949
abrupt,omd_paper_v2_literal,1,349,6,1,0.015941344123524215,18.812816294098177,0.12176263006785078,0.8343763029364051,0.0,0.0,0.3933431004389715,0.4758408531768039,0.6463664186881837,0.5225630770617038,0.5545202684289234,0.5511639852744443,0.6838787893412362,0.4537098526955098,0.4244640593676674,0.6918786324711688
abrupt,omd_paper_v2_literal,1,350,6,0,0.015941344123524215,18.828757638221703,0.12188195014877837,0.8244818733917335,0.0,0.0,0.3932300247056957,0.4762655486493537,0.6473363542266187,0.5222159824616031,0.5547074281378693,0.5518778778968025,0.6849911101045189,0.4533524607048327,0.4241909391857024,0.6927304008762948
abrupt,omd_paper_v2_literal,1,351,9,1,0.0,18.828757638221703,0.1216276356830872,0.8292014012436706,0.0,0.0,0.3934747735069382,0.47534640706737413,0.6452355638369242,0.5229671859135439,0.5543023313035128,0.5503325056175448,0.6825810127678035,0.45412603879286584,0.4247821224026123,0.6908852360870997
abrupt,omd_paper_v2_literal,1,352,9,1,0.0,18.828757638221703,0.12168915385735185,0.8339021405654844,0.0,0.0,0.39267527344457026,0.47494904138918465,0.6459694154243092,0.5234398998510539,0.5547925957877039,0.550462276875689,0.683425668726968,0.4540457077691646,0.42416917150370476,0.6919337649120925
abrupt,omd_paper_v2_literal,1,353,9,1,0.0,18.828757638221703,0.12175368000469743,0.8385841756173231,0.0,0.0,0.3918799503118848,0.47455349941793656,0.6466992750050249,0.5239104400454779,0.5552805431835451,0.5505914560171893,0.6842653152962963,0.4539657414311776,0.42355921676057945,0.6929756018926381
abrupt,omd_paper_v2_literal,1,354,9,0,0.0,18.828757638221703,0.12182115650814143,0.8280159637768686,0.0,0.0,0.39108877317083385,0.47415976778678076,0.647425173834236,0.5243788222127342,0.5557661905796981,0.5507200475038765,0.685099993459769,0.4538861370353615,0.422952236089705,0.6940108020454814
abrupt,omd_paper_v2_literal,1,355,6,1,0.015941344123524215,18.84469898234523,0.1216733933602448,0.8325618741360844,0.0,0.0,0.3928759953307338,0.47504882754830374,0.6457851901869609,0.5233211926862252,0.5546694872857648,0.5504296884960105,0.6832136665205647,0.4540658808073901,0.4243230779684815,0.6916706368926897
abrupt,omd_paper_v2_literal,1,356,6,1,0.015941344123524215,18.860640326468754,0.12179042172669755,0.8370938705457434,0.0,0.0,0.39276592458638954,0.47547481344657794,0.6467529309460458,0.5229724953032769,0.5548547926654559,0.5511431523123747,0.6843238924059906,0.4537088208519908,0.4240522935900729,0.6925186851357416
abrupt,omd_paper_v2_literal,1,357,6,1,0.015941344123524215,18.87658167059228,0.12190997928728665,0.8416118983195441,0.0,0.0,0.39265637756127086,0.4758988498033868,0.6477149690250537,0.5226254005225146,0.5550392194246353,0.5518530826346414,0.6854268601206939,0.45335347198791587,0.42378281627430237,0.6933614922983354
abrupt,omd_paper_v2_literal,1,358,6,1,0.015941344123524215,18.892523014715806,0.12203200651103624,0.8461159082042695,0.0,0.0,0.3925473501715714,0.4763209507811942,0.6486713494298019,0.5222798964935845,0.5552227743631818,0.5525595051188013,0.6865226300244159,0.45299982111914616,0.423514635842048,0.6941991030786105
abrupt,omd_paper_v2_literal,1,359,6,1,0.015941344123524215,18.908464358839332,0.12215644485212879,0.8506058561380914,0.0,0.0,0.3924388383735355,0.476741130418925,0.6496221167946534,0.5219359714731038,0.5554054642150937,0.5532624452120565,0.6876112619803558,0.45264785527302065,0.423247742212951,0.695031561746146
abrupt,omd_paper_v2_literal,1,360,6,0,0.015941344123524215,18.924405702962858,0.12228323674151201,0.840727545352339,0.0,0.0,0.3923308381630401,0.47715940263295725,0.6505673153841748,0.521593613823721,0.5555872956491615,0.553961928154039,0.6886928153565965,0.45229756159906126,0.4229821254044131,0.6958589121454363
abrupt,omd_paper_v2_literal,1,361,9,1,0.0,18.924405702962858,0.12200789947985667,0.8453451629388415,0.0,0.0,0.3925686769209143,0.4762383780477161,0.6484843589108786,0.5223474845824712,0.5551868691127894,0.5524213335959948,0.6863084421745935,0.4530689974579533,0.4235670929068011,0.6940353530409163
abrupt,omd_paper_v2_literal,1,362,9,1,0.0,18.924405702962858,0.12207608553150191,0.8499447732849766,0.0,0.0,0.39178206360551965,0.47584452930465654,0.6491994576888356,0.5228151634060685,0.5556688199796792,0.5525453874462519,0.6871297312903406,0.4529917289884165,0.4229649578075928,0.6950583103380182
abrupt,omd_paper_v2_literal,1,363,9,1,0.0,18.924405702962858,0.12214708592720319,0.854526454655669,0.0,0.0,0.39099950513096665,0.4754524612998455,0.6499107124836706,0.5232807233804817,0.5561485242619487,0.552668883304691,0.6879462045150231,0.45291480627408953,0.4223657268258096,0.6960748103340471
abrupt,omd_paper_v2_literal,1,364,9,1,0.0,18.924405702962858,0.12222084637278405,0.8590902862558867,0.0,0.0,0.39022097177757964,0.4750621611417326,0.6506181531597082,0.5237441796381396,0.5566259983504718,0.5527918253290183,0.6887579009882824,0.4528382267435314,0.4217693787748378,0.6970849057969403
abrupt,omd_paper_v2_literal,1,365,9,0,0.0,18.924405702962858,0.12229731331088356,0.848587741679962,0.0,0.0,0.38944643406962065,0.47467361605406055,0.6513218093107712,0.5242055471800141,0.5571012584902689,0.5529142176375418,0.6895648594893097,0.45276198784965144,0.4211758926516147,0.6980886490476945
abrupt,omd_paper_v2_literal,1,366,6,1,0.015941344123524215,18.940347047086384,0.12212582000541691,0.8530306399404963,0.0,0.0,0.3912302826351203,0.4755681086415588,0.649700978864089,0.5231433987517875,0.5560070340824039,0.5526324557237461,0.6877054859428932,0.45293749635862934,0.42254246162240905,0.6957751662151185
abrupt,omd_paper_v2_literal,1,367,6,1,0.015941344123524215,18.95628839120991,0.12225182143764791,0.8574599078775111,0.0,0.0,0.3911261991454465,0.4759869663397102,0.6506404349886094,0.5227999093807345,0.556186187537508,0.5533297587858595,0.6887803944762495,0.45258841848362935,0.42228034616983057,0.6965946756948629
abrupt,omd_paper_v2_literal,1,368,6,1,0.015941344123524215,18.972229735333435,0.12238009315277379,0.861875505621398,0.0,0.0,0.3910226018308058,0.4764039406872099,0.6515744313626474,0.5224579705707667,0.5563645065862937,0.5540236623110532,0.6898483663836559,0.4522409844765722,0.4220194737572198,0.6974091957303271
abrupt,omd_paper_v2_literal,1,369,6,1,0.015941344123524215,18.98817107945696,0.12251058049293806,0.8662773978700654,0.0,0.0,0.39091948695311424,0.47681904518582374,0.6525030107615947,0.5221175710119366,0.5565419975997339,0.5547141907229527,0.6909094590350299,0.4518951819205305,0.4217598348315885,0.6982187684872907
abrupt,omd_paper_v2_literal,1,370,6,0,0.015941344123524215,19.004112423580487,0.12264322972786038,0.8564427697058113,0.0,0.0,0.390816850810639,0.47723229322020216,0.6534262156045832,0.5217786994956902,0.5567186668875445,0.5554013682462582,0.6919637293211419,0.4515509985147619,0.4215014199319765,0.6990234357264213
abrupt,omd_paper_v2_literal,1,371,9,1,0.0,19.004112423580487,0.1223504036874062,0.8609656286603543,0.0,0.0,0.39104637737291126,0.47630823881799816,0.6513601744005133,0.5225364501286314,0.5563235822241831,0.5538644244312737,0.6896034366620813,0.45232071925047407,0.42207934221560395,0.6972223663468405
abrupt,omd_paper_v2_literal,1,372,9,1,0.0,19.004112423580487,0.12242555273460588,0.8654711342946613,0.0,0.0,0.3902737460113923,0.4759188356991396,0.6520572668726362,0.5229981697181485,0.5567968841554304,0.5539834548295712,0.6904024764900673,0.45224619010847233,0.4214884295261191,0.698219705186462
abrupt,omd_paper_v2_literal,1,373,9,0,0.0,19.004112423580487,0.12250332620487543,0.8550471642975588,0.0,0.0,0.38950504529015,0.47553116724674466,0.6527506596034551,0.5234578279374451,0.5572680106124147,0.5541019577260825,0.691196888136811,0.45217198953069554,0.4209003283251205,0.6992108200069369
abrupt,omd_paper_v2_literal,1,374,6,1,0.015941344123524215,19.020053767704013,0.12232780958832233,0.8594423452807878,0.0,0.0,0.39128498292405606,0.47642844517295496,0.6511448656132902,0.5223939192313412,0.5561774632258968,0.5538276810141418,0.6893565610213093,0.45234372525382155,0.4222617896271229,0.6969141325496583
abrupt,omd_paper_v2_literal,1,375,6,1,0.015941344123524215,19.03599511182754,0.12245663895038818,0.863824022305349,0.0,0.0,0.39118409321710107,0.47684383381114104,0.6520704275810303,0.5220529044671189,0.5563533832578229,0.5545166929467681,0.6904145174664325,0.4519987380020212,0.42200416018083736,0.6977203195917874
abrupt,omd_paper_v2_literal,1,376,6,1,0.015941344123524215,19.051936455951065,0.12258762985086195,0.8681921623384199,0.0,0.0,0.39108366961209284,0.47725737324091927,0.6529906590678551,0.5217134135203346,0.5565284926266585,0.5552023767365761,0.6914657061418796,0.45165535878431456,0.4217477395246846,0.6985216474245313
abrupt,omd_paper_v2_literal,1,377,6,0,0.015941344123524215,19.06787780007459,0.12272072997378572,0.8584074661730117,0.0,0.0,0.39098370855850373,0.4776690766061294,0.6539056015573042,0.5213754353732888,0.556702797466531,0.5558847561151513,0.6925101826822465,0.4513135755600489,0.42149251845196845,0.6993181567898252
abrupt,omd_paper_v2_literal,1,378,9,1,0.0,19.06787780007459,0.12242607279514484,0.862892311580456,0.0,0.0,0.3912078342466648,0.4767460795936396,0.6518527227429194,0.5221331556136616,0.5563119861534291,0.5543545699940775,0.6901657327298291,0.452079917974914,0.4220647830059571,0.6975307130207531
abrupt,omd_paper_v2_literal,1,379,9,1,0.0,19.06787780007459,0.12250094492090613,0.8673601365361733,0.0,0.0,0.3904387415409008,0.47635689875329523,0.6525432253169344,0.5225940912191397,0.5567826640582887,0.5544707197013482,0.6909569612292358,0.4520068893973835,0.42147728395308914,0.698520470151774
abrupt,omd_paper_v2_literal,1,380,9,1,0.0,19.06787780007459,0.12257840141969706,0.8718110125720299,0.0,0.0,0.38967353596486803,0.4759694398366034,0.6532300865877783,0.5230529829781001,0.5572511926891793,0.5545863581084386,0.6917436361200021,0.4519341806344825,0.42089256199054703,0.6995040891691108
abrupt,omd_paper_v2_literal,1,381,9,1,0.0,19.06787780007459,0.12265839230150183,0.8762450120809717,0.0,0.0,0.3889121895040717,0.4755836906140785,0.6539133344388958,0.5235098452124818,0.5577175874561277,0.5547014889568849,0.692525793915281,0.4518617893507543,0.42031059719631764,0.7004816196148517
abrupt,omd_paper_v2_literal,1,382,9,1,0.0,19.06787780007459,0.122740868264221,0.8806622082515481,0.0,0.0,0.38815467437164125,0.4751996389639718,0.6545929965027562,0.5239646921216123,0.5581818636336932,0.5548161159532532,0.6933034707932475,0.45178971323254763,0.41973136981913767,0.7014531106111956
abrupt,omd_paper_v2_literal,1,383,9,0,0.0,19.06787780007459,0.12282578068999746,0.8702842651758457,0.0,0.0,0.38740096300687277,0.47481727287129866,0.6552691001629826,0.5244175377832413,0.5586440363621664,0.5549302427694978,0.6940767025998581,0.4517179499877931,0.4191548602771101,0.7024186108626971
abrupt,omd_paper_v2_literal,1,384,6,0,0.015941344123524215,19.083819144198117,0.12263063676695903,0.8606209696200879,0.0,0.0,0.3891732406586367,0.47571598421968714,0.6536790785677565,0.5233531637656322,0.5575576437566369,0.554662004248945,0.6922576687657964,0.45188661649453354,0.42051016343784353,0.700146570078665
abrupt,omd_paper_v2_literal,1,385,9,1,0.0,19.083819144198117,0.1223401426642772,0.8650754810731555,0.0,0.0,0.38938765947931087,0.474790138732305,0.651636717469754,0.5241148882758343,0.5571730798230394,0.553134623526374,0.689924921822632,0.45265113706521887,0.4210743355905973,0.6983761673894585
abrupt,omd_paper_v2_literal,1,386,9,1,0.0,19.083819144198117,0.1224178929530961,0.8695130768072468,0.0,0.0,0.3886270358647478,0.47440435182386176,0.6523202652350609,0.5245716829384063,0.5576390769723798,0.5532491822543602,0.690708294681328,0.45257905712350643,0.4204928511858854,0.6993545551880842
abrupt,omd_paper_v2_literal,1,387,9,1,0.0,19.083819144198117,0.12249815327946338,0.8739338311682682,0.0,0.0,0.3878702315800793,0.4740202593039332,0.6530002416473396,0.5250264664402116,0.558102963311603,0.5533632412327066,0.6914872015285719,0.4525072900636971,0.4199140940606252,0.7003269227272712
abrupt,omd_paper_v2_literal,1,388,9,1,0.0,19.083819144198117,0.12258087501274648,0.8783378191972622,0.0,0.0,0.38711721924970893,0.4736378492202049,0.6536766738275043,0.5254792527827769,0.5585647538649737,0.5534768040885873,0.6922616778704639,0.452435833619256,0.4193380447860586,0.701293318279556
abrupt,omd_paper_v2_literal,1,389,9,1,0.0,19.083819144198117,0.12266601019361868,0.8827251165724276,0.0,0.0,0.38636797171989756,0.47325710972508894,0.6543495886540646,0.5259300558483446,0.5590244635254579,0.5535898744155195,0.6930317588897204,0.4523646855446608,0.41876468409907397,0.7022537897098032
abrupt,omd_paper_v2_literal,1,390,9,0,0.0,19.083819144198117,0.1227535115302982,0.872377744208638,0.0,0.0,0.3856224620573264,0.4728780290747791,0.655019012765175,0.526378889400878,0.55948210705588,0.5537024557737065,0.6937974794483281,0.45229384361518765,0.41819399290086373,0.7032083844774203
abrupt,omd_paper_v2_literal,1,391,9,0,0.0,19.083819144198117,0.12255144358208091,0.8620867855004265,0.0,0.0,0.387382171978308,0.4737724305582834,0.653438681948637,0.5253199045636096,0.5584022434875036,0.5534368375801574,0.6919892329526044,0.4524609816716545,0.4195407537337271,0.7009534104824942
abrupt,omd_paper_v2_literal,1,392,2,1,0.16439841495458574,19.248217559152703,0.12236541485376655,0.8656604461730755,0.0,0.0,0.3891372626105671,0.47466316479863535,0.6518617565078814,0.5242652335026277,0.5573264604417248,0.5531723278376635,0.6901828669222438,0.4526274138204088,0.4208829325822109,0.6986983750875903
abrupt,omd_paper_v2_literal,1,393,2,1,0.16439841495458574,19.41261597410729,0.12313821967191327,0.8692445038278114,0.0,0.0,0.38956712779508157,0.4756188794143115,0.6532365629975557,0.5244801472240005,0.5584128437377583,0.5545691882301402,0.6911448011775115,0.45331099840009076,0.4197979020007263,0.6994238601719206
abrupt,omd_paper_v2_literal,1,394,2,1,0.16439841495458574,19.577014389061876,0.12390923983497394,0.8728383032088981,0.0,0.0,0.38999490653978763,0.4765697537736982,0.6546016193903748,0.5246939236582108,0.5594929690912699,0.5559578604020159,0.692100044025324,0.453991168915773,0.4187193364600545,0.700144547144409
abrupt,omd_paper_v2_literal,1,395,2,1,0.16439841495458574,19.741412804016463,0.12467840556692722,0.8764412090369328,0.0,0.0,0.3904206145229737,0.47751582038911106,0.6559570083239986,0.5249065723360297,0.5605668831951497,0.5573383983024757,0.6930486582589096,0.45466795026403195,0.4176471857888127,0.7008604812846871
abrupt,omd_paper_v2_literal,1,396,2,1,0.16439841495458574,19.90581121897105,0.12544565076761272,0.8800526054906115,0.0,0.0,0.3908442672933937,0.47845711160246046,0.6573028118818616,0.5251181026930739,0.5616346324468097,0.5587108557502499,0.6939907060399144,0.4553413671580539,0.416581400163158,0.7015717073825787
abrupt,omd_paper_v2_literal,1,397,2,1,0.16439841495458574,20.070209633925636,0.12621091285535702,0.8836718956970504,0.0,0.0,0.3912658802708653,0.4793936595831795,0.658639111588037,0.5253285240706801,0.5626962629462045,0.5600752864241223,0.6949262489027301,0.4560114441277987,0.4155219301080938,0.7022782697428221
abrupt,omd_paper_v2_literal,1,398,2,1,0.16439841495458574,20.234608048880222,0.12697413261624604,0.8872985012309347,0.0,0.0,0.39168546874688803,0.48032549632628346,0.659965988402539,0.5255378457167763,0.5637518204940323,0.5614317438538365,0.6958553477589021,0.4566782055202178,0.4144687264986,0.7029802121897959
abrupt,omd_paper_v2_literal,1,399,2,1,0.16439841495458574,20.39900646383481,0.1277352540597787,0.8909318616227243,0.0,0.0,0.3921030478852815,0.4812526536505585,0.661283522717044,0.5257460767867546,0.5648013505901104,0.5627802814113875,0.6967780629016133,0.4573416754995256,0.41342174056059167,0.7036775780722387
abrupt,omd_paper_v2_literal,1,400,2,1,0.16439841495458574,20.563404878789395,0.12849422428064078,0.894571433876107,0.0,0.0,0.39251863272284154,0.4821751631968737,0.6625917943510157,0.5259532263443403,0.5658448984319184,0.5641209523026842,0.6976944540102354,0.45800187804752135,0.41238092387171393,0.704370410267969
abrupt,omd_paper_v2_literal,1,401,2,0,0.16439841495458574,20.727803293743982,0.1292509933263497,0.8874427772538653,0.0,0.0,0.3929322381700141,0.4830930564266123,0.6638908825482175,0.5261593033624613,0.5668825089133027,0.5654538095595774,0.6986045801549445,0.45865883696395937,0.4113462283619805,0.7050587511885943
abrupt,omd_paper_v2_literal,1,402,2,0,0.16439841495458574,20.89220170869857,0.12776545933364059,0.8804469458179439,0.0,0.0,0.3921196025012949,0.4812894055865672,0.6613356938059499,0.5257543301450721,0.5648429383470553,0.5628337136857281,0.6968146034735502,0.4573679762342286,0.41338025780128895,0.7037051996511422
abrupt,omd_paper_v2_literal,1,403,6,0,0.015941344123524215,20.908143052822094,0.12629424848303977,0.870846385645386,0.0,0.0,0.3913117379167969,0.479495512331931,0.6587842747235098,0.5253514055751338,0.5628116743717548,0.5602236056298889,0.6950278867291473,0.45608432056868126,0.41540676605767823,0.7023550459867898
abrupt,omd_paper_v2_literal,1,404,2,0,0.16439841495458574,21.07254146777668,0.12600477056943926,0.8640412277173082,0.0,0.0,0.3915258911631804,0.4785811948209031,0.6567883153316899,0.5261258155309513,0.5624561473923723,0.5587265797197289,0.6927308233301408,0.4568657112600086,0.41593995659402555,0.7006154643746753
abrupt,omd_paper_v2_literal,1,405,9,1,0.0,21.07254146777668,0.12456263840072992,0.8684201449537803,0.0,0.0,0.390724879246686,0.47680355813664926,0.6542432986861324,0.5257255525444305,0.5604393535440797,0.5561339692753184,0.6909474344534511,0.4555921033387324,0.41795300544992153,0.6992698641311046
abrupt,omd_paper_v2_literal,1,406,9,1,0.0,21.07254146777668,0.12463633876969755,0.8727827324740453,0.0,0.0,0.38996803247375106,0.4764140191425313,0.6549061919196386,0.5261760997233029,0.5608913957702463,0.5562360127895052,0.691713096354627,0.45551577344855143,0.417387196629446,0.7002302986441443
abrupt,omd_paper_v2_literal,1,407,9,1,0.0,21.07254146777668,0.12471241718730709,0.8771290602239703,0.0,0.0,0.38921492612451913,0.4760261630061389,0.6555656718867668,0.5266246911075846,0.5613414178277994,0.5563376182170794,0.692474460604253,0.4554397698032017,0.4168240068138448,0.7011849088390072
abrupt,omd_paper_v2_literal,1,408,9,0,0.0,21.07254146777668,0.12479082861947485,0.8669306079174514,0.0,0.0,0.3884655338637083,0.4756399780621674,0.656221764215609,0.5270713401281804,0.5617894339316858,0.5564387886919178,0.6932315609142724,0.45536409007420947,0.41626341754805013,0.7021337408026311
abrupt,omd_paper_v2_literal,1,409,9,0,0.0,21.07254146777668,0.12461096853882013,0.8567878012171863,0.0,0.0,0.39022537844724675,0.4765464990035452,0.6546808079260943,0.5260228723962788,0.560737666527505,0.5562013081008702,0.6914528110651165,0.45554173317549995,0.41757960510776176,0.6999038496396894
abrupt,omd_paper_v2_literal,1,410,2,1,0.16439841495458574,21.236939882731267,0.12444647243527501,0.8603519053850448,0.0,0.0,0.3919805951689585,0.4774493246298847,0.6531431586647155,0.5249786281587849,0.5596898223185686,0.5559648102813436,0.6896759528559131,0.45571863328388185,0.4188913721656479,0.6976739811539049
abrupt,omd_paper_v2_literal,1,411,2,1,0.16439841495458574,21.401338297685854,0.12520304818230868,0.8639252574475585,0.0,0.0,0.39240645094235993,0.4783884559997865,0.6544859844882573,0.5251880043126886,0.5607523957296818,0.5573323061541732,0.6906163958162863,0.4563906202989673,0.4178308480317699,0.6983824755330856
abrupt,omd_paper_v2_literal,1,412,2,1,0.16439841495458574,21.56573671264044,0.12595785040591914,0.867507246816053,0.0,0.0,0.39283027730018716,0.479322905253558,0.6558194585037568,0.5253962940120974,0.5618089476640281,0.5586919016143171,0.6915504350238956,0.45705930613660395,0.41677653589874,0.6990863863169907
abrupt,omd_paper_v2_literal,1,413,2,1,0.16439841495458574,21.730135127595027,0.12671081628929826,0.8710972815302978,0.0,0.0,0.3932520892278155,0.4802527034121298,0.6571436587728018,0.5256035061978761,0.5628595224501503,0.5600436482211163,0.6924781294029034,0.4577247145103138,0.4157283882448356,0.6997857558959087
abrupt,omd_paper_v2_literal,1,414,2,1,0.16439841495458574,21.894533542549613,0.12746188627793328,0.8746947877712038,0.0,0.0,0.39367190158856574,0.4811778813336594,0.6584586628347673,0.5258096497230286,0.5639041641359632,0.5613875974003733,0.693399537294828,0.45838686896038117,0.41468635787645336,0.7004806262098308
abrupt,omd_paper_v2_literal,1,415,2,0,0.16439841495458574,22.0589319575042,0.12821100394331314,0.8677772187781285,0.0,0.0,0.39408972912427437,0.4820984697117248,0.6597645477024547,0.5260147333534972,0.564942916487116,0.5627238004359509,0.6943147164625169,0.45904579285406055,0.41365039792913083,0.701171038752738
abrupt,omd_paper_v2_literal,1,416,2,0,0.16439841495458574,22.223330372458786,0.12676742080627504,0.8609910275256535,0.0,0.0,0.39328376058058817,0.4803225078532113,0.6572429665895126,0.5256190610150117,0.5629383652178034,0.5601450865595076,0.6925477077034378,0.45777467204114786,0.41564973567601765,0.6998382192738324
abrupt,omd_paper_v2_literal,1,417,9,0,0.0,22.223330372458786,0.1253383224881976,0.8509359862235388,0.0,0.0,0.392482482827578,0.47855610586669384,0.6547254188002437,0.5252253767271307,0.5609420052832,0.5575763114324955,0.6907840979845503,0.4565105857897764,0.4176416255897624,0.6985088415123416
abrupt,omd_paper_v2_literal,1,418,6,0,0.015941344123524215,22.239271716582312,0.12519194936577066,0.8415406982769462,0.0,0.0,0.3942402754158674,0.4794660941171928,0.6532062943563169,0.5241862928169646,0.5599083246294382,0.5573546543752719,0.6890201886754528,0.45669387490946645,0.4189386000798076,0.6962872073185414
abrupt,omd_paper_v2_literal,1,419,9,0,0.0,22.239271716582312,0.12494821838718903,0.8315543850902688,0.0,0.0,0.39445064464064006,0.478570401306738,0.6512425620930196,0.5249616615800717,0.5595769753185289,0.5558920277193166,0.6867440517210911,0.45747709261956715,0.4194453583882494,0.6945666193060643
abrupt,omd_paper_v2_literal,1,420,2,0,0.16439841495458574,22.4036701315369,0.12482597245204613,0.8249755271431481,0.0,0.0,0.39619948097977037,0.47947504121256024,0.6497282620657315,0.5239288450736574,0.5585498460638442,0.5556729399685371,0.6849815165093406,0.4576585416972322,0.42073472413940793,0.6923452782217517
abrupt,omd_paper_v2_literal,1,421,9,1,0.0,22.4036701315369,0.12344830534869441,0.8294146827764575,0.0,0.0,0.3954039508789468,0.47773098098037037,0.6472211934453792,0.5235406976715633,0.5565763018721417,0.5531331962894264,0.6832213514405463,0.4564096956625758,0.42270581909442656,0.6910188640864912
abrupt,omd_paper_v2_literal,1,422,9,1,0.0,22.4036701315369,0.12349682564294588,0.8338374737842089,0.0,0.0,0.39462675199350006,0.4773284831585317,0.6478958151688764,0.5239995769144885,0.5570325272820221,0.5532297811107735,0.6840069807742376,0.4563286644003025,0.4221326842313941,0.6920089776031157
abrupt,omd_paper_v2_literal,1,423,9,0,0.0,22.4036701315369,0.12354804118934958,0.823900101157844,0.0,0.0,0.3938533941759797,0.47692772980379095,0.6485669762185039,0.5244564604191221,0.5574867129382978,0.5533259503509476,0.6847882194140158,0.45624798074347395,0.42156220003396166,0.6929931199040869
abrupt,omd_paper_v2_literal,1,424,2,1,0.16439841495458574,22.568068546491485,0.12343698761141086,0.8274471593056563,0.0,0.0,0.3955923826893597,0.4778285296132779,0.647057612181849,0.5234294835142916,0.5564657224796555,0.5531097886149485,0.6830307986504817,0.45642933371750627,0.4228447481728774,0.6907786479928231
abrupt,omd_paper_v2_literal,1,425,2,1,0.16439841495458574,22.73246696144607,0.12418276109504794,0.8310053326556124,0.0,0.0,0.39602578035332797,0.478775591136762,0.6484174618611989,0.5236389977158312,0.5575356118402985,0.5544877711428853,0.6839848449688878,0.4571069735058533,0.4217763356139262,0.6914966404530873
abrupt,omd_paper_v2_literal,1,426,2,1,0.16439841495458574,22.896865376400658,0.12492716534120366,0.8345739502829082,0.0,0.0,0.3964571199448919,0.4797179525475338,0.6497679603427137,0.5238474303756487,0.5585994908745618,0.5558578639402985,0.6849324688302553,0.45778129948589974,0.4207141223849382,0.6922100376030775
abrupt,omd_paper_v2_literal,1,427,2,1,0.16439841495458574,23.061263791355245,0.12567012615602935,0.8381523615681872,0.0,0.0,0.3968864164605122,0.4806556444112107,0.6511091835898608,0.5240547902901453,0.5596574029013172,0.5572201170543771,0.6858737281775248,0.45845233510409056,0.41965806205560746,0.6929188812238752
abrupt,omd_paper_v2_literal,1,428,2,0,0.16439841495458574,23.22566220630983,0.12641157292643432,0.831491614364507,0.0,0.0,0.39731368477848306,0.48158869714566777,0.6524412071042791,0.524261086171235,0.5607093909844384,0.5585745804375062,0.6868086804032837,0.4591201036428156,0.41860810849590485,0.6936232126660401
abrupt,omd_paper_v2_literal,1,429,4,1,0.33576579883000085,23.56142800513983,0.1250286174093334,0.8329392980735337,0.0,0.0,0.39651581078773024,0.4798461603900197,0.6499514940647405,0.5238757844041828,0.5587441770346274,0.5560441828654854,0.68506126264471,0.45787304515109795,0.4205696779781047,0.6923070155882144
abrupt,omd_paper_v2_literal,1,430,4,1,0.33576579883000085,23.89719380396983,0.12632733865767984,0.8344762213983341,0.0,0.0,0.3967791924179271,0.48029785390444557,0.6511743948748067,0.5256652997413569,0.5610033274529055,0.5572563880170736,0.6852379331137043,0.4600259837507782,0.4183861569262781,0.6928621182022449
abrupt,omd_paper_v2_literal,1,431,4,0,0.33576579883000085,24.23295960279983,0.12761989666491175,0.832525384456152,0.0,0.0,0.3970408401072804,0.4807465040427951,0.6523870027315636,0.527441979346812,0.5632445972780026,0.5584596654633565,0.6854133477092751,0.4621657423420585,0.4162206626527843,0.6934128892403879
abrupt,omd_paper_v2_literal,1,432,9,1,0.0,24.23295960279983,0.12596478961008845,0.8369111855385668,0.0,0.0,0.3967057177350756,0.4801718535531192,0.6508334736567646,0.5251661899470874,0.5603734016774152,0.5569183189207767,0.6851886573799706,0.45942528146017386,0.41899491877048944,0.6927073318683628
abrupt,omd_paper_v2_literal,1,433,9,0,0.0,24.23295960279983,0.1260143164308592,0.827024719844381,0.0,0.0,0.3959327131471053,0.4797692275455079,0.6514936346110983,0.5256184943687634,0.560819233518108,0.5570083604094467,0.6859617440066863,0.4593405519184603,0.41843365627138146,0.6936831259131284
abrupt,omd_paper_v2_literal,1,434,5,0,0.3216524339139793,24.55461203671381,0.12590657111715708,0.8254112529789616,0.0,0.0,0.39767659164911395,0.48067719766951195,0.6500041327022311,0.524598475965417,0.5598137315229308,0.5568053088560805,0.6842169567002319,0.4595316228987025,0.4196996166712261,0.6914802378028095
abrupt,omd_paper_v2_literal,1,435,9,1,0.0,24.55461203671381,0.12442211430149222,0.8298158447414856,0.0,0.0,0.3955887177498413,0.47798214425767965,0.6480199048530166,0.5249918763749688,0.5582938004901876,0.5539395642739757,0.6831964809041657,0.4581142738036868,0.4210552358362198,0.6913397412448666
abrupt,omd_paper_v2_literal,1,436,9,1,0.0,24.55461203671381,0.1244683333611039,0.8342042908477553,0.0,0.0,0.39481456236161877,0.47757858814733084,0.6486839416361937,0.5254452667574114,0.5587410326251627,0.5540297797132024,0.6839739451844636,0.4580293079098164,0.4204919817221696,0.6923202073376493
abrupt,omd_paper_v2_literal,1,437,9,0,0.0,24.55461203671381,0.12451717745544237,0.824329633691036,0.0,0.0,0.3940442012649348,0.47717676589335795,0.6493446020455271,0.5258967001643378,0.5591862807978303,0.5541196105114962,0.6847471041003624,0.4579447033696471,0.41993131264856964,0.6932948097536504
abrupt,omd_paper_v2_literal,1,438,4,0,0.33576579883000085,24.89037783554381,0.12441119598901962,0.8226723695377672,0.0,0.0,0.3957789718948219,0.4780812835893073,0.6478566942695411,0.5248804931719675,0.5581839219161245,0.5539174020044799,0.6830053373178592,0.45813514633375413,0.42119363260524917,0.6910986220027521
abrupt,omd_paper_v2_literal,1,439,6,1,0.015941344123524215,24.906319179667335,0.12278111926226719,0.8269351251671024,0.0,0.0,0.3954467808330317,0.47751396959437215,0.6463149333601639,0.5226291937975877,0.555339553698153,0.552392373908012,0.6827860072818954,0.4554285266829471,0.4239438500555363,0.690401522558526
abrupt,omd_paper_v2_literal,1,440,6,1,0.015941344123524215,24.92226052379086,0.12287648374800758,0.8311859632429905,0.0,0.0,0.39535275176578066,0.47792277295007557,0.6472110689004862,0.5222672737305425,0.555481699269305,0.5530567266751998,0.6838296569309555,0.45506425123940936,0.4237214431710357,0.6911879079820864
abrupt,omd_paper_v2_literal,1,441,6,1,0.015941344123524215,24.938201867914387,0.12297413175195022,0.8354248284352909,0.0,0.0,0.395259141781885,0.4783298171021452,0.6481022561540025,0.5219069138988048,0.5556232139085927,0.5537179846081361,0.6848669036448031,0.4547016173341873,0.42350004005307706,0.691969753818708
abrupt,omd_paper_v2_literal,1,442,6,1,0.015941344123524215,24.954143212037913,0.12307401499570146,0.839651669955785,0.0,0.0,0.3951659478183624,0.4787351140379164,0.6489885318630028,0.521548103550961,0.5557641021994565,0.5543761688708649,0.6858977973542777,0.4543406132178431,0.4232796333626816,0.6927470963455932
abrupt,omd_paper_v2_literal,1,443,6,0,0.015941344123524215,24.97008455616144,0.12317608592425233,0.8304260945367739,0.0,0.0,0.39507316684037097,0.4791386756469066,0.6498699324826808,0.5211908320253337,0.5559043686836093,0.5550313004648342,0.686922387606109,0.4539812272438761,0.4230602158278589,0.6935199715132329
abrupt,omd_paper_v2_literal,1,444,6,1,0.015941344123524215,24.986025900284965,0.12295649067620908,0.8346524524359864,0.0,0.0,0.3952758639425762,0.4782570995801597,0.6479431276568579,0.5219712911727727,0.5555979340374139,0.5535998696985284,0.6846817420496055,0.45476639565685784,0.4235395898141545,0.6918301634878142
abrupt,omd_paper_v2_literal,1,445,6,1,0.015941344123524215,25.00196724440849,0.12305562935413732,0.8388668785555404,0.0,0.0,0.39518291775778375,0.47866130786196925,0.6488272184234015,0.5216134441424141,0.5557384472813678,0.5542563284545167,0.68571020900573,0.4544063480616635,0.42331976687978723,0.6926056245237224
abrupt,omd_paper_v2_literal,1,446,6,0,0.015941344123524215,25.017908588532016,0.12315694916408192,0.8296763949326809,0.0,0.0,0.39509038225411874,0.47906379065451976,0.6497064611876178,0.5212571272319709,0.5558783421931668,0.5549097518314803,0.6867324070929721,0.4540479095360337,0.423100927582208,0.6933766425660574
abrupt,omd_paper_v2_literal,1,447,9,1,0.0,25.017908588532016,0.12293916477080863,0.8340181008346627,0.0,0.0,0.39529236712300325,0.47818533625775567,0.6477860530585227,0.5220348237721908,0.5555729852925352,0.5534832972920444,0.6844989503182978,0.45483032626405484,0.4235786220550421,0.6916923687407104
abrupt,omd_paper_v2_literal,1,448,9,1,0.0,25.017908588532016,0.12298302042150432,0.8383442752777569,0.0,0.0,0.3945222451565345,0.4777807052046847,0.648441266690273,0.5224882594259982,0.5560171861020344,0.5535684517665664,0.685264600050227,0.4547474490103134,0.42301904461881473,0.69266277629536
abrupt,omd_paper_v2_literal,1,449,9,1,0.0,25.017908588532016,0.12302949900428369,0.8426549713699378,0.0,0.0,0.39375586698072096,0.4773777968771117,0.6490931825462404,0.5229397602095388,0.5564594385578806,0.5536532466680687,0.6860260453576523,0.45466492116489404,0.4224620057361488,0.6936274309648752
abrupt,omd_paper_v2_literal,1,450,9,0,0.0,25.017908588532016,0.12307855560939446,0.8328958797917182,0.0,0.0,0.39299320703928686,0.4769765996392735,0.6497418247192086,0.5233893390678688,0.556899756039891,0.5537376845125049,0.6867833182894102,0.4545827402857625,0.4219074879833032,0.6945863767383946
abrupt,omd_paper_v2_literal,1,451,5,0,0.3216524339139793,25.339561022445995,0.12297141637732333,0.8315469596335787,0.0,0.0,0.3947212066799872,0.477885265411964,0.6482720027062641,0.5223710880966819,0.5559024062301954,0.5535464468221925,0.6850668404681106,0.4547688655462609,0.4231636292981506,0.6924121706490268
abrupt,omd_paper_v2_literal,1,452,9,1,0.0,25.339561022445995,0.12149863864481088,0.8358749125553119,0.0,0.0,0.3926531692211986,0.47521542816199736,0.6463079716647233,0.5227611293933602,0.5543954543829142,0.5507054003522238,0.6840653235209141,0.45336385646644184,0.42450704565979264,0.6922812089104851
abrupt,omd_paper_v2_literal,1,453,9,1,0.0,25.339561022445995,0.12154441685350471,0.840187320076845,0.0,0.0,0.3918894125461761,0.4748133411195682,0.6469603532889495,0.52321177379705,0.5548371148420117,0.5507899916703201,0.6848268425180386,0.4532814550466064,0.4239506101234366,0.693244700156565
abrupt,omd_paper_v2_literal,1,454,9,0,0.0,25.339561022445995,0.12159280825524753,0.8304417385536319,0.0,0.0,0.391129361792321,0.4744129608495283,0.6476094745359279,0.5236605041315076,0.5552768501363663,0.5508742278244932,0.685584204800973,0.45319939929645964,0.4233966831876299,0.6942025056620873
abrupt,omd_paper_v2_literal,1,455,9,1,0.0,25.339561022445995,0.12148739787428478,0.8347589968796854,0.0,0.0,0.3928483640625402,0.47531815110024983,0.6461412257520294,0.522646001120617,0.5542826133290475,0.5506837900556514,0.6838706260040549,0.4533849072677684,0.4246492242735451,0.6920348045571647
abrupt,omd_paper_v2_literal,1,456,9,1,0.0,25.339561022445995,0.12153234561279752,0.8390608007165538,0.0,0.0,0.39208624610738496,0.4749169895021118,0.6467922322114098,0.5230956086007463,0.5547232702316099,0.5507681856881319,0.6846306301098503,0.45330269654483424,0.4240940317480772,0.6929964887194395
abrupt,omd_paper_v2_literal,1,457,9,0,0.0,25.339561022445995,0.12157990042193617,0.829350512885335,0.0,0.0,0.391327815500565,0.47451752608714115,0.647439994262739,0.523543311680459,0.5551620116114011,0.5508522279231408,0.68538649751507,0.4532208297719914,0.4235413352558403,0.6939525144678592
abrupt,omd_paper_v2_literal,1,458,4,0,0.33576579883000085,25.675326821275995,0.12147647937444588,0.828000616114881,0.0,0.0,0.39304114949212954,0.4754195904330665,0.6459765319040625,0.5225323114037508,0.5541711790749827,0.5506624500405024,0.683678301977974,0.45340569476601783,0.4247896356514597,0.6917913767226994
abrupt,omd_paper_v2_literal,1,459,6,1,0.015941344123524215,25.69126816539952,0.11986244264822844,0.8321751701778692,0.0,0.0,0.39270875720878506,0.47485778996408035,0.644453061589495,0.5203023752252929,0.5513519587126176,0.5491533373309464,0.6834696254668134,0.45072775353082045,0.4275157431314717,0.6911100297135083
abrupt,omd_paper_v2_literal,1,460,6,1,0.015941344123524215,25.707209509523047,0.11995667682470604,0.8363384104404264,0.0,0.0,0.39262150918538213,0.4752642400516447,0.6453352761032076,0.5199404137658556,0.5514882833235116,0.5498094482184424,0.6844940553712888,0.4503679576387688,0.42730067732029503,0.6918787795917739
abrupt,omd_paper_v2_literal,1,461,6,1,0.015941344123524215,25.723150853646573,0.12005318437908438,0.8404902809182395,0.0,0.0,0.39253464349202494,0.4756689733227724,0.6462127125730492,0.5195799894049842,0.5516240135002782,0.5504625630843313,0.6855122976845309,0.45000976189382746,0.4270865644631476,0.6926431652203422
abrupt,omd_paper_v2_literal,1,462,6,1,0.015941344123524215,25.7390921977701,0.1201519180429572,0.8446307299307889,0.0,0.0,0.39244815737853816,0.4760720012595918,0.6470854058119425,0.5192210917152924,0.5517591534900959,0.5511127020105901,0.6865243999651616,0.44965315499389025,0.42687339770973076,0.6934032209600292
abrupt,omd_paper_v2_literal,1,463,6,1,0.015941344123524215,25.755033541893624,0.12025283123918173,0.8487597099282501,0.0,0.0,0.39236204811963754,0.4764733352523335,0.6479533903660184,0.5188637103550918,0.5518937075020812,0.5517598849282205,0.6875304094100491,0.4492981257346936,0.4266611702712792,0.6941589808659221
abrupt,omd_paper_v2_literal,1,464,6,1,0.015941344123524215,25.77097488601715,0.12035587807730815,0.8528771773252919,0.0,0.0,0.39227631301469,0.4768729865999998,0.6488167005157645,0.5185078350677227,0.5520276797076478,0.5524041316180638,0.6885303728552713,0.4489446630089685,0.42644987541998003,0.6949104786897179
abrupt,omd_paper_v2_literal,1,465,6,1,0.015941344123524215,25.786916230140676,0.12046101334881239,0.8569830923414795,0.0,0.0,0.3921909493874758,0.477270966511032,0.6496753702772072,0.5181534556808871,0.5521610742408641,0.5530454617116264,0.6895243367771519,0.44859275580559715,0.42623950648839587,0.6956577478820662
abrupt,omd_paper_v2_literal,1,466,6,0,0.015941344123524215,25.802857574264202,0.12056819252214292,0.8478689908660759,0.0,0.0,0.3921059545859519,0.47766728610397946,0.6505294334031249,0.517800562105982,0.5522938951988088,0.5536838946919151,0.6905123472933656,0.4482423932087723,0.42603005686889256,0.6964008215949171
abrupt,omd_paper_v2_literal,1,467,6,1,0.015941344123524215,25.818798918387728,0.12033344578915141,0.8519748981853561,0.0,0.0,0.3922947967806606,0.47678681999887185,0.6486306545432508,0.5185845627109649,0.5519987961898686,0.5522652480430192,0.6883149308020815,0.4490208645604852,0.42649542792516054,0.6947485447671864
abrupt,omd_paper_v2_literal,1,468,6,1,0.015941344123524215,25.834740262511254,0.12043777281290483,0.8560693402012345,0.0,0.0,0.39220964431035094,0.4771838024525071,0.649487395716911,0.5182310698779099,0.552131860148019,0.5529050190406923,0.6893067978857759,0.44866982260595245,0.4262855771038669,0.6954941765293683
abrupt,omd_paper_v2_literal,1,469,6,1,0.015941344123524215,25.85068160663478,0.12054413944643085,0.8601522803679856,0.0,0.0,0.39212485872756125,0.47757913348991365,0.6503395543245598,0.5178790549204695,0.5522643535508946,0.5535419084399906,0.6902927421287745,0.4483203170999948,0.42607664076312135,0.6962356342131439
abrupt,omd_paper_v2_literal,1,470,6,1,0.015941344123524215,25.866622950758305,0.12065250213120501,0.8642236856285291,0.0,0.0,0.39204043742579303,0.4779728240473288,0.6511871635724019,0.5175285079170682,0.5523962804254849,0.5541759354111832,0.6912728089023715,0.4479723373111136,0.4258686124084404,0.6969729504034373
abrupt,omd_paper_v2_literal,1,471,6,1,0.015941344123524215,25.88256429488183,0.1207628179673751,0.8682835262741764,0.0,0.0,0.3919563778219867,0.47836488497348995,0.6520302564091702,0.5171794190275251,0.5525276447629065,0.5548071189795433,0.6922470432261801,0.4476258726003636,0.42566148560333644,0.697706157394652
abrupt,omd_paper_v2_literal,1,472,6,1,0.015941344123524215,25.898505639005357,0.12087504470843864,0.8723317758098856,0.0,0.0,0.3918726773562944,0.4787553270302912,0.6528688655273972,0.5168317784924032,0.5526584505187464,0.5554354780261933,0.6932154897693927,0.4472809124205384,0.42545525396876743,0.698435287192984
abrupt,omd_paper_v2_literal,1,473,6,1,0.015941344123524215,25.914446983128883,0.12098914075577605,0.8763684108247988,0.0,0.0,0.3917893334918547,0.47914416089343914,0.6537030233647119,0.5164855766323616,0.5527887016133999,0.5560610312889572,0.6941781928520977,0.44693744631536086,0.42524991118258826,0.6991603715187359
abrupt,omd_paper_v2_literal,1,474,6,1,0.015941344123524215,25.93038832725241,0.1211050651530493,0.8803934108678401,0.0,0.0,0.39170634371456875,0.47953139715310755,0.6545327621051614,0.5161408038475083,0.5529184019324082,0.5566837973632202,0.695135196446651,0.4465954639186767,0.42504545097900803,0.6998814418086298
abrupt,omd_paper_v2_literal,1,475,6,1,0.015941344123524215,25.946329671375935,0.12122277758047445,0.8844067583281683,0.0,0.0,0.39162370553287906,0.47991704631459114,0.655358113680554,0.515797450616756,0.5530475553267917,0.5573037947027939,0.6960865441790988,0.44625495495365425,0.4248418671480498,0.7005985292181188
abrupt,omd_paper_v2_literal,1,476,6,1,0.015941344123524215,25.96227101549946,0.12134223834897753,0.8884084383202838,0.0,0.0,0.391541416477549,0.4803011187989586,0.6561791097718246,0.5154555074971798,0.5531761656133817,0.557921041620789,0.6970322793306503,0.4459159092319874,0.4246391535350164,0.7013116646236977
abrupt,omd_paper_v2_literal,1,477,6,1,0.015941344123524215,25.978212359622987,0.1214634083942422,0.8923984385735966,0.0,0.0,0.39145947410144505,0.4806836249437038,0.6569957818104197,0.515114965123378,0.5533042365751488,0.5585355562904919,0.6979724448391963,0.4455783166531039,0.42443730403995883,0.7020208786252086
abrupt,omd_paper_v2_literal,1,478,6,0,0.015941344123524215,25.994153703746512,0.12158624927065743,0.8831821566418538,0.0,0.0,0.3913778759793205,0.48106457500339583,0.6578081609797013,0.5147758142068339,0.5534317719615293,0.5591473567462466,0.6989070833008735,0.4452421672033789,0.4242363126171495,0.7027262015481449
abrupt,omd_paper_v2_literal,1,479,6,0,0.015941344123524215,26.01009504787004,0.12130556709840778,0.8740300845403075,0.0,0.0,0.3915665139977872,0.4801839741484597,0.6559288044679087,0.5155598017453341,0.5531369402113614,0.5577328000984855,0.6967440063250516,0.446019312905959,0.42470097853206423,0.7010942615870899
abrupt,omd_paper_v2_literal,1,480,6,1,0.015941344123524215,26.026036391993564,0.12103765183852652,0.878034448991911,0.0,0.0,0.3917544038336278,0.4793071386008386,0.6540523596827115,0.5163404698993688,0.5528432910073879,0.5563231638451628,0.6945811831954674,0.4467935059741632,0.425163854462021,0.6994639772466024
abrupt,omd_paper_v2_literal,1,481,6,1,0.015941344123524215,26.04197773611709,0.12115353314027637,0.8820273286047225,0.0,0.0,0.3916721244051365,0.4796910826015282,0.6548746343680174,0.5159986310610354,0.5529718822275805,0.5569405454292409,0.695529330340307,0.44645446094942465,0.42496114854384626,0.7001784900941446
abrupt,omd_paper_v2_literal,1,482,6,1,0.015941344123524215,26.057919080240616,0.12127116196321612,0.8860087072343356,0.0,0.0,0.3915901907973544,0.4800734652738031,0.655692594302077,0.5156581886773254,0.5530999354963314,0.557555203289283,0.6964719159773183,0.44611686522110083,0.4247593046040558,0.7008890866716041
abrupt,omd_paper_v2_literal,1,483,6,1,0.015941344123524215,26.073860424364142,0.12139049967428572,0.8899785713440626,0.0,0.0,0.39150860059997167,0.4804542967939809,0.6565062704236372,0.5153191335278199,0.55322745453951,0.5581671553111531,0.6974089823727865,0.4457807088426157,0.42455831663469,0.7015957971185383
abrupt,omd_paper_v2_literal,1,484,6,1,0.015941344123524215,26.089801768487668,0.12151150824597914,0.8939369098998974,0.0,0.0,0.39142735142410046,0.48083358725731123,0.6573156934292248,0.5149814564672834,0.5533544430501658,0.5587764192450034,0.6983405714595324,0.44544598195245383,0.42435817868085474,0.7022986513062108
abrupt,omd_paper_v2_literal,1,485,6,0,0.015941344123524215,26.105743112611194,0.121634150250458,0.8847777392743509,0.0,0.0,0.3913464409020671,0.48121134667860327,0.6581208937745107,0.5146451484250492,0.5534809046888425,0.5593830127061278,0.6992667248384413,0.44511267477340116,0.42415888484021397,0.7029976788398162
abrupt,omd_paper_v2_literal,1,486,9,0,0.0,26.105743112611194,0.12135338552181572,0.8753331232840529,0.0,0.0,0.3915338154177707,0.4803365982996062,0.6562549015086007,0.5154239201019304,0.5531880455036393,0.557978050202018,0.697119556705936,0.4458845927500606,0.4246204293417235,0.7013774905891297
abrupt,omd_paper_v2_literal,1,487,5,0,0.3216524339139793,26.427395546525172,0.1212269050817729,0.8740026295092139,0.0,0.0,0.39326026909971334,0.48126790176047574,0.654836341791076,0.5143860913928877,0.5521948222921336,0.5578187285408795,0.6954778429261281,0.44605540054970033,0.42586996719323306,0.6992613547323336
abrupt,omd_paper_v2_literal,1,488,9,1,0.0,26.427395546525172,0.11971030422714675,0.8780582356249775,0.0,0.0,0.3911796432567993,0.4785916636617328,0.6529035761645167,0.5147714775994416,0.5506831009949562,0.5549853314698334,0.6945172863130754,0.44463940061192386,0.42721479195272133,0.6991536405922207
abrupt,omd_paper_v2_literal,1,489,9,1,0.0,26.427395546525172,0.11976325832249453,0.8821004955955446,0.0,0.0,0.39044084081487274,0.47819264838391645,0.6535132915569013,0.5152161975063533,0.5511089545979021,0.555053574435272,0.6952225801519102,0.4445661959133446,0.42667886995263826,0.7000616308016449
abrupt,omd_paper_v2_literal,1,490,9,1,0.0,26.427395546525172,0.11981855139573594,0.8861294438359011,0.0,0.0,0.38970550314595065,0.47779526244105525,0.6541200588869464,0.5156591083254563,0.5515330243262384,0.5551215414048327,0.6959241329591088,0.4444932874552025,0.4261452702621662,0.7009644173812764
abrupt,omd_paper_v2_literal,1,491,9,1,0.0,26.427395546525172,0.11987614371151147,0.8901451159116341,0.0,0.0,0.38897360731007397,0.47739949523249403,0.6547238990618728,0.5161002216539601,0.5519553219646598,0.5551892342422463,0.6966219726134907,0.4444206732365255,0.42561397754772246,0.7018620392367607
abrupt,omd_paper_v2_literal,1,492,9,1,0.0,26.427395546525172,0.11993599600789372,0.8941475484800393,0.0,0.0,0.38824513053633986,0.4770053362425568,0.6553248328127098,0.5165395489986563,0.552375859202104,0.5552566547951219,0.6973161267534088,0.44434835127365385,0.4250849765970429,0.7027545349666562
abrupt,omd_paper_v2_literal,1,493,9,1,0.0,26.427395546525172,0.11999806949486859,0.8981367792336805,0.0,0.0,0.38752005022197566,0.4766127750398615,0.6559228806957365,0.5169771017766001,0.5527946476325379,0.5553238048951006,0.6980066227786805,0.4442763196000742,0.4245582523182702,0.7036419428640149
abrupt,omd_paper_v2_literal,1,494,9,1,0.0,26.427395546525172,0.12006232585267226,0.9021128468462971,0.0,0.0,0.38679834393140355,0.47622180127663755,0.6565180630939167,0.5174128913157908,0.5532116987557404,0.5553906863580073,0.6986934878525156,0.44420457626625703,0.4240337897390426,0.7045243009179916
abrupt,omd_paper_v2_literal,1,495,9,1,0.0,26.427395546525172,0.12012872722998938,0.9060757909209575,0.0,0.0,0.3860799893952971,0.4758324046880461,0.6571104002183311,0.5178469288558514,0.5536270239780817,0.5554573009840023,0.6993767489034396,0.4441331193394939,0.4235115740055856,0.7054016468154789
abrupt,omd_paper_v2_literal,1,496,9,1,0.0,26.427395546525172,0.12019723624201695,0.9100256519403607,0.0,0.0,0.3853649645096284,0.4754445750915041,0.6576999121096022,0.5182792255487039,0.5540406346132991,0.5555236505577301,0.7000564326272128,0.44406194690373724,0.4229915903818047,0.7062740179427669
abrupt,omd_paper_v2_literal,1,497,9,0,0.0,26.427395546525172,0.12026781596839974,0.9005299738835212,0.0,0.0,0.3846532473347085,0.47505830238601054,0.6582866186393143,0.5187097924592454,0.554452541883268,0.5555897368484688,0.7007325654887447,0.4439910570594408,0.4224738242483817,0.7071414513872264
abrupt,omd_paper_v2_literal,1,498,9,1,0.0,26.427395546525172,0.12010201185506471,0.9044848732610953,0.0,0.0,0.38636585069898743,0.47598738939951296,0.6568746958115419,0.5176741757829584,0.5534617245553212,0.5554307871708504,0.6991049021607001,0.4441615604543218,0.4237194066812005,0.7050526260664739
abrupt,omd_paper_v2_literal,1,499,9,0,0.0,26.427395546525172,0.12016945525792609,0.895032808413587,0.0,0.0,0.3856518954764921,0.47560023509713023,0.6574633575185584,0.5181057174611159,0.5538746322727529,0.5554970200033352,0.6997837328320476,0.44409051317699805,0.4232002762785348,0.7059240547967413
abrupt,omd_paper_v2_literal,1,500,6,0,0.015941344123524215,26.4433368906487,0.12001212351464315,0.8860874509925469,0.0,0.0,0.3873598101438922,0.4765259880066655,0.6560550358298084,0.5170738363397207,0.5528872270079018,0.5553386507628333,0.6981591630873138,0.44426039451410076,0.4244418225189964,0.7038379317666409
abrupt,omd_paper_v2_literal,1,501,9,1,0.45293234909538455,26.896269239744083,0.25004422779907753,0.8900736138851018,0.0,0.0,0.38753080687880426,0.47564728645642873,0.6542041779062808,0.5178602492826245,0.5526061132982925,0.5539386793779811,0.6960301047197441,0.4450295289779143,0.4248888079034071,0.702245453852689
abrupt,omd_paper_v2_literal,1,502,9,0,0.45293234909538455,27.349201588839467,0.25047292439698465,0.8806739999066023,0.0,0.0,0.3868107419484,0.47525695899969994,0.6547988426028577,0.5182952816453519,0.5530221849831026,0.5540049929957565,0.6967172896665669,0.4449581731236969,0.42436554296115925,0.7031277399710912
abrupt,omd_paper_v2_literal,1,503,5,0,0.13127991518140525,27.480481504020872,0.24946145876496933,0.8796010933681793,0.0,0.0,0.38851024780025856,0.4761778351164986,0.6533951852201596,0.517268945711059,0.5520405047889161,0.5538485482727995,0.6950947350451657,0.445126513632707,0.4256002563992989,0.7010439054948234
abrupt,omd_paper_v2_literal,1,504,9,0,0.45293234909538455,27.933413853116257,0.24981966377776055,0.8702328528861679,0.0,0.0,0.38645569576779737,0.47352735130615403,0.6514775531016419,0.5176511619042996,0.5505428200856886,0.5510359402132664,0.6941440898179724,0.44372309048942943,0.4269319469120424,0.7009396975285331
abrupt,omd_paper_v2_literal,1,505,9,0,0.45293234909538455,28.38634620221164,0.248813642567166,0.8609165322349979,0.0,0.0,0.388147834351474,0.47444437189995115,0.650073589617015,0.5166289165523048,0.5495643107903967,0.5508802072881074,0.6925206446283887,0.4438907780552983,0.4281633631213802,0.6988557104933832
abrupt,omd_paper_v2_literal,1,506,5,1,0.13127991518140525,28.517626117393046,0.24781131608498355,0.8618091061948696,0.0,0.0,0.3898359338821754,0.4753579196953197,0.648672615261677,0.5156105951721907,0.5485893087345852,0.5507250833200197,0.6908988995241753,0.44405781194841987,0.4293907709407437,0.696771814413066
abrupt,omd_paper_v2_literal,1,507,5,1,0.13127991518140525,28.648906032574452,0.24751759723766176,0.8627942938363702,0.0,0.0,0.39150482649050994,0.4775050466793605,0.650231590463307,0.515300908143439,0.5498031028156325,0.5530033072634583,0.6916732786998504,0.4451944350736001,0.42831080236125385,0.6968567027563444
abrupt,omd_paper_v2_literal,1,508,5,1,0.13127991518140525,28.780185947755857,0.2472325234541057,0.8638698322723121,0.0,0.0,0.3931649790014204,0.4796385165083327,0.6517768798189709,0.5149932980627946,0.5510081242888765,0.5552639654695815,0.692441369782007,0.44632396046793366,0.4272387928747667,0.6969410053058458
abrupt,omd_paper_v2_literal,1,509,5,1,0.13127991518140525,28.911465862937263,0.24695596798807884,0.8650334790533708,0.0,0.0,0.3948164123062318,0.48175837202199,0.6533086203968935,0.5146877457519511,0.5522044482456298,0.5575071563887037,0.6932032405979452,0.4474464375143644,0.4261746699125602,0.6970247277100807
abrupt,omd_paper_v2_literal,1,510,5,1,0.13127991518140525,29.042745778118668,0.24668780465755355,0.8662830136700386,0.0,0.0,0.3964591485565022,0.4838646582290596,0.6548269484980388,0.5143842321809399,0.5533921494919191,0.5597329804148249,0.6939589582884317,0.44856191565101866,0.425118361325462,0.6971078755681408
abrupt,omd_paper_v2_literal,1,511,5,0,0.13127991518140525,29.174025693300074,0.24642790789668162,0.864707098762414,0.0,0.0,0.39809321111446083,0.485957422213566,0.656331999624873,0.5140827384693881,0.5545713025300678,0.5619415397663692,0.694708589307845,0.44967044435136666,0.42406979539597917,0.6971904544295434
abrupt,omd_paper_v2_literal,1,512,5,1,0.13127991518140525,29.30530560848148,0.24676020754801878,0.8659285759632828,0.0,0.0,0.3960114205924479,0.4832908287013877,0.6544136548370328,0.5144669128167826,0.5530686697876884,0.5591268818874328,0.6937531977431803,0.4482579985271247,0.4254060410794444,0.6970852266915031
abrupt,omd_paper_v2_literal,1,513,5,0,0.13127991518140525,29.436585523662885,0.2464990467776093,0.8643919618018703,0.0,0.0,0.3976416449492145,0.48537933650610077,0.6559166081132856,0.5141660137875298,0.5542456745536577,0.5613317645635183,0.6945016398267013,0.44936421195160986,0.4243593473830332,0.6971676469496076
abrupt,omd_paper_v2_literal,1,514,5,1,0.13127991518140525,29.56786543884429,0.246832119632136,0.8655857855661419,0.0,0.0,0.3955698362021832,0.4827246973915011,0.654005645888728,0.5145484896946585,0.5527494613469287,0.5585286961012982,0.6935501063892262,0.447958173611073,0.4256899326225352,0.6970628790184389
abrupt,omd_paper_v2_literal,1,515,5,1,0.13127991518140525,29.699145354025696,0.24656972847973577,0.8668632237684206,0.0,0.0,0.39719622135879995,0.4848089341198763,0.6555064761712468,0.5142481870476581,0.5539243072425846,0.5607298717954464,0.6942973501780938,0.44906206698674994,0.4246451210527625,0.6971451401382017
abrupt,omd_paper_v2_literal,1,516,5,1,0.13127991518140525,29.8304252692071,0.24631542369829257,0.8682221393835163,0.0,0.0,0.3988140743838076,0.4868798741126448,0.6569942895969848,0.513949865466532,0.5550907668158412,0.5629140891308767,0.6950386283665567,0.4501591376988735,0.42360790367985013,0.6972268432896462
abrupt,omd_paper_v2_literal,1,517,5,0,0.13127991518140525,29.961705184388506,0.24606908350844764,0.8664849657107374,0.0,0.0,0.40042341974099976,0.4889375661693562,0.6584692174343856,0.5136535067100463,0.5562489124299095,0.5650814504025837,0.6957740049412303,0.4512494341226224,0.4225782110330873,0.6973079938268635
abrupt,omd_paper_v2_literal,1,518,5,0,0.13127991518140525,30.092985099569912,0.24638821384023377,0.8649072812619765,0.0,0.0,0.39834662425659684,0.486281755730374,0.6565649374414328,0.5140360191055159,0.5547539654610798,0.562283553336297,0.6948246574456735,0.4498422632122877,0.42390737409084117,0.697203249429671
abrupt,omd_paper_v2_literal,1,519,6,0,0.43699100497186033,30.529976104541774,0.24671555816407198,0.8559513525246348,0.0,0.0,0.39628714998388637,0.4836442378921296,0.6546682247824772,0.5144159909583216,0.5532679021549517,0.5595001912234571,0.6938799321862329,0.44844517266092837,0.42522885679092526,0.6970991759597834
abrupt,omd_paper_v2_literal,1,520,4,1,0.11716655026538358,30.64714265480716,0.24589018035399668,0.8569426871554349,0.0,0.0,0.39647689991795987,0.48279846083692235,0.652853336218713,0.5151957658343714,0.5530089669795726,0.558145528579129,0.6917652626431294,0.4492258141174435,0.4256538706694089,0.6955052463288253
abrupt,omd_paper_v2_literal,1,521,4,0,0.11716655026538358,30.764309205072543,0.24570524384618064,0.8557278540038987,0.0,0.0,0.39673108344933805,0.4832250437440792,0.6540361709275053,0.5169943364805253,0.5552569569426039,0.5593221918931977,0.6919087032616317,0.45136819873115136,0.4234813420755107,0.6960356851264539
abrupt,omd_paper_v2_literal,1,522,4,1,0.11716655026538358,30.881475755337927,0.24593577580916223,0.8566935444402051,0.0,0.0,0.3964158689260926,0.4826960254701025,0.6525690098962836,0.514763798991182,0.5524688110957834,0.5578628683958972,0.6917308114827595,0.44871162192515035,0.42617600997043376,0.6953777899674718
abrupt,omd_paper_v2_literal,1,523,4,1,0.11716655026538358,30.998642305603312,0.24574931882900594,0.857749014274271,0.0,0.0,0.3966694953914363,0.48312169006328504,0.6537497708957289,0.5165586220345952,0.5547125236681157,0.559037173573275,0.6918739542352245,0.45084897870380175,0.42400742857169044,0.6959072195537253
abrupt,omd_paper_v2_literal,1,524,4,1,0.11716655026538358,31.115808855868696,0.24557195771187887,0.8588920574586822,0.0,0.0,0.39692148570406743,0.48354454061561597,0.6549207866748696,0.518341054624962,0.5569390698206328,0.5602029950752997,0.6920161060191713,0.45297388119541493,0.4218562003821122,0.69643260566953
abrupt,omd_paper_v2_literal,1,525,4,0,0.11716655026538358,31.23297540613408,0.24540353740861928,0.8574673301693693,0.0,0.0,0.39717185441913655,0.48396460251490786,0.656082156840065,0.520111171989754,0.5591485467002886,0.5613604065740644,0.6921572764451458,0.4550863512431873,0.41972220977405816,0.6969539905945351
abrupt,omd_paper_v2_literal,1,526,5,0,0.13127991518140525,31.364255321315486,0.24561700165907843,0.8560085195216295,0.0,0.0,0.396856417189531,0.4834353593748102,0.6546186126185677,0.517880877842642,0.5563643965285745,0.5599020459387448,0.6919794062677724,0.4524250693466695,0.4224113616520788,0.6962970013217543
abrupt,omd_paper_v2_literal,1,527,9,0,0.45293234909538455,31.81718767041087,0.24594803506338994,0.8467685497648247,0.0,0.0,0.39481323180650985,0.48081748500045124,0.6527366158589212,0.5182698936817987,0.554902996829962,0.5571401838426938,0.691037274204066,0.45104846507441676,0.4237093991340461,0.6961975709174585
abrupt,omd_paper_v2_literal,1,528,4,0,0.11716655026538358,31.934354220676255,0.24493839998620368,0.845606407326629,0.0,0.0,0.39650693723280706,0.48173351204753717,0.6513562414417889,0.5172633305997558,0.5539466039319314,0.5569958950490429,0.6894225230901061,0.4512255895135908,0.4249162891271361,0.6941170750454072
abrupt,omd_paper_v2_literal,1,529,6,0,0.43699100497186033,32.37134522564811,0.2451731397708326,0.8367805002529921,0.0,0.0,0.3961963673317033,0.4812122014092876,0.6499015354780026,0.5150565675025423,0.5511881253069474,0.5555529592485395,0.6892470634561104,0.44859852530471034,0.42758311516917774,0.69346461964634
abrupt,omd_paper_v2_literal,1,530,4,0,0.11716655026538358,32.488511775913494,0.24435728492568495,0.8357593997051521,0.0,0.0,0.39638532766230333,0.48037520816116425,0.6480933212251514,0.5158331174973346,0.550935858924336,0.5542101937611194,0.6871334794967227,0.44937701379013045,0.42800058767062865,0.6918747903115835
abrupt,omd_paper_v2_literal,1,531,6,0,0.43699100497186033,32.92550278088535,0.24460432163740553,0.8269824568900802,0.0,0.0,0.3960769760381562,0.4798577727916503,0.6466429088748835,0.5136415498078521,0.5481935630947272,0.5527758307487103,0.6869587426671011,0.4467704871083958,0.4306532813423886,0.6912244625610997
abrupt,omd_paper_v2_literal,1,532,5,1,0.13127991518140525,33.056782696066755,0.24379469236460746,0.8279607467552285,0.0,0.0,0.3962651415584912,0.479024680523353,0.6448351955732224,0.5144151841757328,0.5479425120636185,0.5514375208465062,0.6848459898039452,0.4475453900692172,0.4310692684896933,0.6896352708681742
abrupt,omd_paper_v2_literal,1,533,5,1,0.13127991518140525,33.18806261124816,0.24350875670128277,0.8290292703993984,0.0,0.0,0.3979008524534393,0.48111653868918947,0.6463530797338374,0.5141013038540784,0.5491107467490284,0.5536494236433307,0.6856060088175483,0.4486416742081536,0.4300305403047114,0.6897135651075363
abrupt,omd_paper_v2_literal,1,534,5,1,0.13127991518140525,33.31934252642956,0.24323115637109294,0.8301858249572174,0.0,0.0,0.39952809662359284,0.4831953329949828,0.6478580930138146,0.5137894711426578,0.550270783582248,0.5558447181417732,0.686360059437367,0.4497312626342604,0.4289992343415803,0.6897913350839416
abrupt,omd_paper_v2_literal,1,535,5,0,0.13127991518140525,33.45062244161096,0.24296177217074583,0.8287502192671674,0.0,0.0,0.401146895449957,0.48526110514048393,0.6493503597212913,0.5134796676481641,0.5514226909745199,0.5580234955648176,0.6871082038990839,0.45081420135778594,0.4279752847868368,0.6898685857070103
abrupt,omd_paper_v2_literal,1,536,5,0,0.13127991518140525,33.58190235679236,0.2433006863741225,0.8274716810714288,0.0,0.0,0.39911674153716525,0.48267004119967116,0.6474781078154873,0.5138682606989533,0.5499777365065979,0.5552902511864342,0.6861696315972031,0.4494559181867262,0.4292597491799448,0.6897716865148512
abrupt,omd_paper_v2_literal,1,537,9,0,0.45293234909538455,34.03483470588775,0.24364731763122754,0.8183750320897318,0.0,0.0,0.3971032665517142,0.48009681189842646,0.6456135800539347,0.514254300710998,0.5485413780840938,0.5525715302810591,0.6852356748264856,0.44810724673422964,0.43053677375756894,0.6896754033124451
abrupt,omd_paper_v2_literal,1,538,4,1,0.11716655026538358,34.15200125615313,0.24265354209884518,0.8192127584717399,0.0,0.0,0.398783588362826,0.48100620289254414,0.6442401034067511,0.5132588384991293,0.5475965773181628,0.5524333375904221,0.6836253661487224,0.4482846746192551,0.43173170562758434,0.6875954858378195
abrupt,omd_paper_v2_literal,1,539,4,1,0.11716655026538358,34.26916780641851,0.24244787228635076,0.8201454971007963,0.0,0.0,0.3990302749413951,0.48142154127250647,0.6454259123533437,0.5150567635632355,0.5498401167933644,0.5535997146158176,0.6837655596836624,0.4504179609237075,0.4295602515120446,0.6881311243893156
abrupt,omd_paper_v2_literal,1,540,4,0,0.11716655026538358,34.38633435668389,0.24225151221043706,0.8190172346011659,0.0,0.0,0.3992753850697468,0.48183416541071483,0.6466021326722957,0.5168424434146096,0.5520668523033392,0.5547578139707497,0.6839047954014204,0.4525389823779457,0.4274058014243525,0.6886627321568449
abrupt,omd_paper_v2_literal,1,541,5,0,0.13127991518140525,34.51761427186529,0.2424930184672065,0.8178230510294578,0.0,0.0,0.39897528721387415,0.48132896541380366,0.6451617648182498,0.5146560611578925,0.5493402327709823,0.5533397947285691,0.6837343152289423,0.4499423179422259,0.43004400921514585,0.688011780893817
abrupt,omd_paper_v2_literal,1,542,9,1,0.45293234909538455,34.970546620960675,0.24284436604868684,0.8219505462257674,0.0,0.0,0.396973082102171,0.47877074468022146,0.6433051632967803,0.5150458059928815,0.5479180205637844,0.5506364712084545,0.6828017991425878,0.4486070252350553,0.43130812772156873,0.68791748243689
abrupt,omd_paper_v2_literal,1,543,9,0,0.45293234909538455,35.42347897005606,0.2432944451560928,0.8128532799427357,0.0,0.0,0.39621406876526377,0.47835930378315034,0.6439258774002196,0.5154940422474744,0.5483429360749599,0.5506977871458503,0.6835311354075468,0.44852474602556913,0.43077008570301395,0.6888576079138513
abrupt,omd_paper_v2_literal,1,544,4,1,0.11716655026538358,35.54064552032144,0.24230195168986374,0.8136893085628089,0.0,0.0,0.39788842179933437,0.47926660692641093,0.6425565061109887,0.5145056080885295,0.5474058656170111,0.5505625778344834,0.6819216877440105,0.44870618296802045,0.4319567331034389,0.6867824862823078
abrupt,omd_paper_v2_literal,1,545,4,1,0.11716655026538358,35.65781207058682,0.24209553897790506,0.8146200481235463,0.0,0.0,0.3981332696621792,0.47967863152479256,0.643737456902845,0.5162949259877684,0.549637977940181,0.5517226430701275,0.6820601617642406,0.4508293667082229,0.4297962899427627,0.6873153272053207
abrupt,omd_paper_v2_literal,1,546,4,1,0.11716655026538358,35.7749786208522,0.24189837004352385,0.8156432467433329,0.0,0.0,0.398376561812221,0.4800879806305015,0.6449089322683728,0.5180720925044275,0.5518534710600733,0.5528745412672393,0.682197695525839,0.45294039707936734,0.42765266365636323,0.68784418310348
abrupt,omd_paper_v2_literal,1,547,4,1,0.11716655026538358,35.89214517111758,0.2417102949451901,0.8167566683074199,0.0,0.0,0.3986183117595817,0.4804946777467002,0.6460710251660182,0.519837178084116,0.5540524316498993,0.5540183405817815,0.6823342978984787,0.4550392921649446,0.4255257498766098,0.6883690944439487
abrupt,omd_paper_v2_literal,1,548,4,0,0.11716655026538358,36.009311721382964,0.24153116441479675,0.8153848766102973,0.0,0.0,0.39885853292275497,0.4808987462153931,0.647223827892703,0.5215902539645798,0.556234948259906,0.5551541089158334,0.6824699776762718,0.45712607235120645,0.4234154428402016,0.6888901013069322
abrupt,omd_paper_v2_literal,1,549,4,1,0.11716655026538358,36.126478271648345,0.24175540837624593,0.8164723032248181,0.0,0.0,0.3985593964140375,0.4803955694425495,0.6457879991345665,0.519407097518548,0.553516769966593,0.5537396663225266,0.6823010128696746,0.45452767323095034,0.426043795605651,0.6882412260499507
abrupt,omd_paper_v2_literal,1,550,4,1,0.11716655026538358,36.243644821913726,0.24157475419047145,0.8176476352385282,0.0,0.0,0.3987991116096481,0.48079880077677367,0.6469388502602293,0.5211566925401359,0.555695318947059,0.5548732388929523,0.6824364212567229,0.45660978106864575,0.4239371534474637,0.688761278904221
abrupt,omd_paper_v2_literal,1,551,4,1,0.11716655026538358,36.36081137217911,0.2414028682352444,0.8189086924599422,0.0,0.0,0.3990373191514969,0.48119943999499837,0.6480805475817364,0.5228944193054829,0.557857611404613,0.5559988896969208,0.6825709203077002,0.4586798792239665,0.4218469168446177,0.6892774854874822
abrupt,omd_paper_v2_literal,1,552,4,1,0.11716655026538358,36.47797792244449,0.24123960420634472,0.8202533148038199,0.0,0.0,0.3992740321498191,0.48159750989991285,0.6492131812140183,0.5246203495119532,0.5600037379171471,0.5571166854167542,0.682704518589106,0.4607379916502636,0.4197729790087005,0.6897898847715308
abrupt,omd_paper_v2_literal,1,553,4,0,0.11716655026538358,36.59514447270987,0.24108481664484943,0.8185542440015441,0.0,0.0,0.3995092636215771,0.481993033130182,0.6503368405913317,0.5263345554906208,0.5621337906305597,0.5582266924438393,0.6828372245924347,0.46278414435031673,0.41771523203578564,0.690298515347352
abrupt,omd_paper_v2_literal,1,554,4,1,0.11716655026538358,36.71231102297525,0.2412835544087692,0.8198711460386956,0.0,0.0,0.3992092253496478,0.4814885326685721,0.648903279936571,0.524147918736158,0.5594164377355121,0.5568107367183861,0.6826679479600404,0.46017443047181383,0.4203404580634116,0.689649657503569
abrupt,omd_paper_v2_literal,1,555,4,1,0.11716655026538358,36.82947757324063,0.2411270165734455,0.8212694660545722,0.0,0.0,0.3994439998150167,0.4818833027074849,0.6500252757392923,0.5258590519162878,0.5615430862800379,0.5579188062683678,0.6828004115724591,0.46221636125964427,0.4182858191764453,0.6901574544574726
abrupt,omd_paper_v2_literal,1,556,4,1,0.11716655026538358,36.94664412350601,0.2409787894054039,0.8227471052291953,0.0,0.0,0.39967731287867087,0.4822755608517726,0.6511384267070376,0.5275585989654068,0.5636538457418835,0.5590191915823833,0.6829319954831852,0.4642464397981246,0.4162471745592254,0.690661537736714
abrupt,omd_paper_v2_literal,1,557,4,1,0.11716655026538358,37.06381067377139,0.2408387306160895,0.8243019882907743,0.0,0.0,0.3999091772539709,0.48266532920900174,0.6522428201146439,0.5292466323842684,0.5657488097022823,0.560111957797849,0.6830627079626861,0.4662646951151914,0.41422441579657776,0.6911619448623015
abrupt,omd_paper_v2_literal,1,558,4,1,0.11716655026538358,37.18097722403677,0.24070669890293417,0.8259320647107345,0.0,0.0,0.4001396055600827,0.48305262972112784,0.6533385425441388,0.5309232251680384,0.5678280730365185,0.5611971697313107,0.6831925572072961,0.46827115805743735,0.4122174336036098,0.6916587129817788
abrupt,omd_paper_v2_literal,1,559,4,1,0.11716655026538358,37.298143774302154,0.24058255399988646,0.8276353098066447,0.0,0.0,0.40036861032127996,0.4834374841632833,0.6544256798779876,0.5325884507616105,0.5698917318272821,0.5622748918671575,0.6833215513392022,0.4702658612195879,0.41022611790442326,0.6921518788701664
abrupt,omd_paper_v2_literal,1,560,4,1,0.11716655026538358,37.415310324567535,0.24046615672506244,0.8294097257543823,0.0,0.0,0.40059620396631707,0.4838199141426894,0.6555043172930101,0.534242383016472,0.5719398832808286,0.5633451883469692,0.683449698406467,0.47224883887563057,0.4082503579080221,0.6926414789310463
abrupt,omd_paper_v2_literal,1,561,4,1,0.11716655026538358,37.532476874832916,0.24035736902558688,0.8312533425111929,0.0,0.0,0.4008223988278703,0.48419994109769005,0.656574539254947,0.5358850961490783,0.5739726256458919,0.564408122959479,0.6835770063830829,0.4742201269115808,0.40629004218147785,0.693127549197783
abrupt,omd_paper_v2_literal,1,562,4,1,0.11716655026538358,37.6496434250983,0.24025605401969324,0.8331642186515811,0.0,0.0,0.4010472071420445,0.48457758629690106,0.657636429513645,0.5375166647007089,0.5759900581352958,0.5654637591311269,0.68370348316906,0.47617976275987545,0.40434505872041615,0.693610125334873
abrupt,omd_paper_v2_literal,1,563,4,1,0.11716655026538358,37.76680997536368,0.24016207603615383,0.8351404421182218,0.0,0.0,0.401270641047943,0.48495287083847133,0.6586900710988346,0.5391371634987622,0.5779922808502058,0.5665121599171874,0.6838291365905423,0.47812778533537614,0.40241529501688955,0.6940892426394174
abrupt,omd_paper_v2_literal,1,564,4,0,0.11716655026538358,37.88397652562906,0.24007530065111124,0.8324483486769744,0.0,0.0,0.40149271258729824,0.4853258156494505,0.6597355463164772,0.5407466676194584,0.5799793947069689,0.5675533879934476,0.6839539743999541,0.48006423497296724,0.40050063812469916,0.6945649360427097
abrupt,omd_paper_v2_literal,1,565,4,1,0.11716655026538358,38.00114307589444,0.24019605599036892,0.8343931906523923,0.0,0.0,0.40118799867880267,0.4848140689231081,0.6583005610855502,0.538537912566358,0.5772520488729013,0.5661244751554173,0.6837826664893654,0.47740722367675775,0.40312867416898585,0.6939120887458291
abrupt,omd_paper_v2_literal,1,566,4,0,0.11716655026538358,38.11830962615982,0.24010694655250459,0.8317519475766303,0.0,0.0,0.4014097478632868,0.4851864915082619,0.6593451660531273,0.54014549756722,0.5792373618358908,0.5671644823488785,0.6839073414355358,0.479340755962222,0.4012155506494325,0.6943872781987813
abrupt,omd_paper_v2_literal,1,567,4,1,0.11716655026538358,38.2354761764252,0.24023050679448354,0.8336657443773128,0.0,0.0,0.401106396304559,0.4846770067698719,0.6579157171280987,0.5379460534834487,0.5765207421991946,0.5657415638380838,0.6837367744785502,0.4766957739548797,0.4038335258963837,0.693737096138355
abrupt,omd_paper_v2_literal,1,568,4,0,0.11716655026538358,38.35264272669058,0.2401391014885525,0.8310745135387684,0.0,0.0,0.40132782028806996,0.48504890202028245,0.6589594275489237,0.5395516879415018,0.578504204043371,0.5667803312182192,0.6838612846863078,0.47862635790720115,0.4019219865235778,0.6942117726334102
abrupt,omd_paper_v2_literal,1,569,4,1,0.11716655026538358,38.469809276955964,0.2402654015618796,0.8329576004820467,0.0,0.0,0.4010258180833773,0.4845416580446913,0.6575354737212997,0.5373614785380496,0.5757982364411366,0.5653633559917439,0.6836914518985855,0.4759932991812567,0.4045299675590827,0.693564233421296
abrupt,omd_paper_v2_literal,1,570,4,1,0.11716655026538358,38.586975827221345,0.2401717381178297,0.8349047929425126,0.0,0.0,0.4012469141187303,0.4849130210229398,0.6585782659336638,0.5389651320109007,0.5777797983684773,0.5664008651967897,0.6838157955518476,0.47792090498671613,0.4026200617227979,0.6940383882027115
abrupt,omd_paper_v2_literal,1,571,4,1,0.11716655026538358,38.704142377486725,0.24008513255858877,0.8369142674468749,0.0,0.0,0.4014666765405123,0.48528209362577623,0.6596130630924317,0.5405580251095209,0.5797465736359348,0.5674313531462931,0.6839393407510717,0.47983718844669543,0.40072494177718543,0.6945091908671269
abrupt,omd_paper_v2_literal,1,572,4,1,0.11716655026538358,38.821308927752106,0.24000545597566922,0.8389842297506582,0.0,0.0,0.4016851169109124,0.48564889594526306,0.6606399441752059,0.5421402306280029,0.5816986604871492,0.5684548801244973,0.6840620949307861,0.4817421897410714,0.398844498161403,0.6949766748853191
abrupt,omd_paper_v2_literal,1,573,4,0,0.11716655026538358,38.93847547801749,0.23993258071343548,0.8361204109317184,0.0,0.0,0.40190224669848,0.48601344790895235,0.66165898746219,0.5437118215348393,0.583636157820269,0.5694715060391018,0.6841840654553477,0.4836359502996521,0.3969786210066153,0.6954408733813433
abrupt,omd_paper_v2_literal,1,574,4,1,0.11716655026538358,39.05564202828287,0.24003582608828528,0.8381592403586329,0.0,0.0,0.40159977115418305,0.4855055903746144,0.6602389376012594,0.5415221880095185,0.5809363128517583,0.5680550738449152,0.6840141399201976,0.48099787043455405,0.39957880516702626,0.6947940842468532
abrupt,omd_paper_v2_literal,1,575,4,1,0.11716655026538358,39.17280857854825,0.23996057022555634,0.8402570485704628,0.0,0.0,0.40181661119677414,0.4858696753565882,0.6612572791055845,0.5430921250747948,0.5828723593120021,0.5690706420463878,0.6841359661655668,0.4828890363479076,0.39771412470087897,0.6952578517861441
abrupt,omd_paper_v2_literal,1,576,4,0,0.11716655026538358,39.28997512881363,0.2398919895075271,0.8373404232215874,0.0,0.0,0.4020321571575251,0.4862315384556265,0.6622678872534424,0.5446515696521335,0.5847939834664796,0.570079395838632,0.6842570189201511,0.48476906983314794,0.39586383722924323,0.6957183777436948
abrupt,omd_paper_v2_literal,1,577,4,1,0.11716655026538358,39.40714167907901,0.23998972270819882,0.8394072118153237,0.0,0.0,0.4017304433144986,0.48572500120373596,0.6608528103580779,0.542468397647793,0.5821033568075826,0.5686671662506303,0.6840875604740712,0.48213750339866374,0.39845471948231004,0.6950736171096864
abrupt,omd_paper_v2_literal,1,578,4,1,0.11716655026538358,39.52430822934439,0.23991874974322772,0.8415315163132315,0.0,0.0,0.40194570961869236,0.48608641439530864,0.6618627682553405,0.5440262702870594,0.5840236377111993,0.5696749125882348,0.6842084746805848,0.4840150426560523,0.3966055254289136,0.6955337345134723
abrupt,omd_paper_v2_literal,1,579,4,1,0.11716655026538358,39.64147477960977,0.2398543289295251,0.8437116462173755,0.0,0.0,0.4021596980123993,0.4864456336054052,0.6628650950467501,0.5455737705416661,0.5859296608988974,0.5706759294801622,0.6843286253500476,0.4858815566322474,0.39477055383044307,0.6959906533360496
abrupt,omd_paper_v2_literal,1,580,4,0,0.11716655026538358,39.758641329875154,0.2397963381962527,0.8406416339867583,0.0,0.0,0.40237241951086666,0.48680267797010507,0.6638598657911269,0.5471109700481154,0.5878215242957371,0.5716702746898331,0.6844480195352997,0.48773708834874996,0.3929496967514458,0.6964444052363553
abrupt,omd_paper_v2_literal,1,581,4,1,0.11716655026538358,39.875807880140535,0.2398803187703353,0.8427907225525674,0.0,0.0,0.4020709042652287,0.48629658271253734,0.6624493813023646,0.544931778514057,0.5851391123569816,0.5702606518344764,0.6842787747754338,0.4851070417994804,0.39553157339674866,0.695801112988068
abrupt,omd_paper_v2_literal,1,582,4,1,0.11716655026538358,39.992974430405916,0.23981988145467462,0.8449942654774247,0.0,0.0,0.402283368602222,0.4866532155026176,0.6634436252877636,0.5464675971903804,0.5870298917847677,0.5712541060615438,0.6843980434099608,0.4869603081146086,0.39371155900825283,0.6962545085929308
abrupt,omd_paper_v2_literal,1,583,4,1,0.11716655026538358,40.1101409806713,0.2397657572097442,0.8472506373095335,0.0,0.0,0.4024945816564006,0.48700770037773067,0.6644304116786337,0.547993232102705,0.588906672076771,0.5722409707287618,0.6845165651509794,0.4888026981083131,0.3919054931894256,0.6967047786335868
abrupt,omd_paper_v2_literal,1,584,4,1,0.11716655026538358,40.22730753093668,0.2397178273408815,0.849558242224839,0.0,0.0,0.402704554179181,0.48736005601291954,0.665409813643217,0.549508754204991,0.5907695507583326,0.5732213023622301,0.6846343468686341,0.49063425594422627,0.39011326900194276,0.6971519539051351
abrupt,omd_paper_v2_literal,1,585,4,1,0.11716655026538358,40.34447408120206,0.23967597446212244,0.8519155142023079,0.0,0.0,0.4029132968319015,0.48771030092505774,0.6663819036769922,0.551014234484003,0.5926186257151527,0.5741951571021014,0.6847513953670787,0.492455026744418,0.38833477944602013,0.6975960648798114
abrupt,omd_paper_v2_literal,1,586,4,0,0.11716655026538358,40.46164063146744,0.2396400825136505,0.8485019549744863,0.0,0.0,0.40312082018583717,0.48805845347289295,0.6673467536025937,0.5525097439344796,0.594453995143718,0.5751625906983432,0.6848677173847658,0.49426505654380337,0.38656991750339936,0.6980371417090238
abrupt,omd_paper_v2_literal,1,587,4,1,0.11716655026538358,40.57880718173282,0.23969427285088324,0.850828117336475,0.0,0.0,0.40281846392065807,0.48755118858157503,0.665940472960479,0.5503304323304697,0.5917789414656284,0.5737528208840805,0.6846982249568159,0.4916278511191019,0.38914235416963705,0.6973943578881172
abrupt,omd_paper_v2_literal,1,588,4,1,0.11716655026538358,40.6959737319982,0.23965581420440601,0.8532027520126255,0.0,0.0,0.4030257756287906,0.48789900728778207,0.6669050512523736,0.5518249561104347,0.5936137684186948,0.5747196025058938,0.6848144478303956,0.4934360888937327,0.38737781120851467,0.6978351854063508
abrupt,omd_paper_v2_literal,1,589,4,1,0.11716655026538358,40.81314028226358,0.23962321079683901,0.8556243558364582,0.0,0.0,0.40323188265551907,0.4882447588294482,0.6678624810421513,0.5533096205949919,0.5954350436016439,0.57568004004014,0.6849299531640777,0.49523368982365107,0.38562673805408837,0.6982730171812417
abrupt,omd_paper_v2_literal,1,590,4,0,0.11716655026538358,40.93030683252896,0.23959634989634795,0.8520759907511594,0.0,0.0,0.4034367953185932,0.48858846112245913,0.668812832337051,0.5547844959628062,0.5972428645102937,0.5766341880208882,0.6850447475226126,0.49702070074094845,0.38388902891849014,0.6987078825474918
abrupt,omd_paper_v2_literal,1,591,4,1,0.11716655026538358,41.047473382794344,0.2396378770416209,0.8544666865467161,0.0,0.0,0.4031347504840765,0.4880818220378761,0.6674114646134439,0.5526100894550683,0.5945770920480119,0.575227504720978,0.6848755241379301,0.49438655242211255,0.3864515652991398,0.6980667338967489
abrupt,omd_paper_v2_literal,1,592,4,0,0.11716655026538358,41.164639933059725,0.23960841803727834,0.8509761197750201,0.0,0.0,0.40333947095864897,0.4884252235782908,0.6683616484864573,0.5540841450129173,0.5963845936763456,0.57618110075186,0.6849902305044381,0.4961719747836383,0.38471396082361137,0.6985013942996852
abrupt,omd_paper_v2_literal,1,593,5,1,0.13127991518140525,41.29591984824113,0.2396535913134532,0.8526986275469336,0.0,0.0,0.40303877960225387,0.4879208232529237,0.6669655041964048,0.5519186633786674,0.5937287643163274,0.5747802211496484,0.6848217366859428,0.4935495097682534,0.3872672350332124,0.6978628224547557
abrupt,omd_paper_v2_literal,1,594,5,1,0.13127991518140525,41.42719976342253,0.2394740178545909,0.8544872193715523,0.0,0.0,0.4045737755480731,0.48987114806035564,0.6683034500501006,0.5515585091348053,0.594712842298349,0.576787693096807,0.6855298726820249,0.4945072168934172,0.38640441340214476,0.697914883753972
abrupt,omd_paper_v2_literal,1,595,5,1,0.13127991518140525,41.55847967860393,0.239301085110058,0.8563400760043489,0.0,0.0,0.4061009863163867,0.4918095343620968,0.6696303090985785,0.5512005623599546,0.5956899889186186,0.5787800538715941,0.6862327090403273,0.495458951484893,0.3855477146237787,0.697966613172259
abrupt,omd_paper_v2_literal,1,596,5,1,0.13127991518140525,41.68975959378533,0.2391346889581077,0.8582554058296759,0.0,0.0,0.4076204377551411,0.49373603011325434,0.6709461926278235,0.5508448038492509,0.596660267409222,0.5807574041080621,0.6869303000468411,0.49640476065835226,0.3846970808619263,0.6980180137766078
abrupt,omd_paper_v2_literal,1,597,5,0,0.13127991518140525,41.821039508966734,0.238974726110919,0.8556171835790671,0.0,0.0,0.40913215644401796,0.4956506845049248,0.6722512110517516,0.5504912145498494,0.5976237405291205,0.5827198451520406,0.6876226994277177,0.49734469130895864,0.3838524547719222,0.6980690886057596
abrupt,omd_paper_v2_literal,1,598,5,0,0.13127991518140525,41.952319424148136,0.23919816671704522,0.8531365783890491,0.0,0.0,0.40703469294390465,0.49299361299350436,0.670439421505797,0.5509819046788345,0.5962864512310408,0.5799957184113208,0.6866615772109708,0.4960402814168951,0.3850247968470719,0.6979982066926492
abrupt,omd_paper_v2_literal,1,599,4,1,0.11716655026538358,42.06948597441352,0.23943046892841832,0.8555185796987004,0.0,0.0,0.4049536553986436,0.490353495496179,0.6686338941455691,0.5514694379121418,0.5949560788277917,0.5772837345572714,0.6857048554067976,0.49474405563952784,0.3861911552023464,0.6979277572548594
abrupt,omd_paper_v2_literal,1,600,4,0,0.11716655026538358,42.1866525246789,0.2394034622177137,0.8520351635780062,0.0,0.0,0.4051510589607722,0.49068697540311973,0.6695727151043782,0.5529400815631994,0.5967516658914079,0.578223508602942,0.6858158153801095,0.49651831652390394,0.3844645490922051,0.698360612391331
abrupt,omd_paper_v2_literal,1,601,5,1,0.13127991518140525,42.3179324398603,0.2394450830158697,0.85381081185983,0.0,0.0,0.4048606617030047,0.49019638335570526,0.6681911138350136,0.5507762479648614,0.5941092247942175,0.5768407768011199,0.6856525705779428,0.4939081768402791,0.38700562122289445,0.6977237006500977
abrupt,omd_paper_v2_literal,1,602,5,1,0.13127991518140525,42.4492123550417,0.23927335934463898,0.8556496683182361,0.0,0.0,0.40637583312505554,0.49211897693366247,0.6695062339830349,0.5504186615797191,0.5950762498860962,0.5788158501764581,0.6863495365730843,0.49484953850963054,0.3861579540327809,0.6977743480526872
abrupt,omd_paper_v2_literal,1,603,5,1,0.13127991518140525,42.580492270223104,0.2391080630756667,0.8575499847485137,0.0,0.0,0.4078833677619782,0.4940298684772501,0.6708105715015962,0.550063243026051,0.5960365423335144,0.5807761691401526,0.6870413444851036,0.4957850935446432,0.385316231329658,0.6978246763316583
abrupt,omd_paper_v2_literal,1,604,5,1,0.13127991518140525,42.711772185404506,0.2389490935519337,0.8595100401991543,0.0,0.0,0.40938329157323766,0.4959291060642327,0.6721042339182581,0.5497099735901332,0.5969901630948284,0.5827218324822038,0.6877280467058318,0.49671488749605863,0.38448039742096224,0.6978746884106063
abrupt,omd_paper_v2_literal,1,605,5,1,0.13127991518140525,42.84305210058591,0.2387963509433751,0.8615281414255178,0.0,0.0,0.410875631195793,0.4978167389106242,0.673387327909183,0.5493588347067536,0.597937172669013,0.5846529396155844,0.688409695087794,0.4976389656951226,0.3836503970885867,0.6979243871862392
abrupt,omd_paper_v2_literal,1,606,5,1,0.13127991518140525,42.97433201576731,0.2386497362678397,0.8636026232815733,0.0,0.0,0.4123604139146966,0.4996928173160787,0.6746599592904606,0.5490098079596598,0.5988776310919548,0.5865695905147544,0.6890863409464938,0.4985573732469608,0.3828261755901035,0.6979737755284388
abrupt,omd_paper_v2_literal,1,607,5,1,0.13127991518140525,43.10561193094871,0.2385091514106603,0.8657318490520457,0.0,0.0,0.4138376676344632,0.5015573926107806,0.6759222330102905,0.5486628750819225,0.5998115979331213,0.588471885656369,0.6897580350628619,0.49947015502432146,0.38200767865970786,0.6980228562803316
abrupt,omd_paper_v2_literal,1,608,5,0,0.13127991518140525,43.23689184613011,0.23837449914287437,0.8627027872493697,0.0,0.0,0.4153074208511979,0.5034105171038114,0.6771742531419837,0.5483180179562199,0.6007391322925952,0.5903599259621325,0.6904248276858607,0.5003773556616722,0.38119485250889523,0.6980716322583672
abrupt,omd_paper_v2_literal,1,609,5,1,0.13127991518140525,43.368171761311515,0.23856893797695713,0.8648007151654847,0.0,0.0,0.41320265533281514,0.500756130386823,0.6753801079290604,0.5488119684685068,0.5994103325364303,0.587654732217085,0.6894694855658666,0.4990779042481188,0.3823593298426217,0.6980017653485291
abrupt,omd_paper_v2_literal,1,610,5,0,0.13127991518140525,43.49945167649292,0.23843224283329614,0.8618263032153662,0.0,0.0,0.4146701711832965,0.5026072907226661,0.6766318769102065,0.5484675016389785,0.6003371817901068,0.5895418804203193,0.6901359041633667,0.49998413043631185,0.3815470897509995,0.6980504909099798
abrupt,omd_paper_v2_literal,1,611,5,0,0.13127991518140525,43.63073159167432,0.23862892320247006,0.8590063223522851,0.0,0.0,0.41257567074462015,0.4999646362730602,0.6748441323912804,0.5489592349560084,0.5990138299068192,0.5868470699341833,0.6891843103734567,0.49869043835014526,0.38270681339667695,0.6979809308145621
abrupt,omd_paper_v2_literal,1,612,4,1,0.11716655026538358,43.7478981419397,0.2388345858966588,0.8614248211552703,0.0,0.0,0.4104970691751819,0.49733809259244693,0.673062224324761,0.5494478760308504,0.5976971126855298,0.5841635212598962,0.6882369297464458,0.4974046496986947,0.38386079248597904,0.6979117857371627
abrupt,omd_paper_v2_literal,1,613,4,0,0.11716655026538358,43.86506469220508,0.2388184380123406,0.8578472536413988,0.0,0.0,0.41068134048205995,0.49765321983660377,0.6739752711772371,0.5509083598924704,0.5994637895184188,0.5850743779654362,0.6883408338373498,0.4991544125958571,0.38216144507089267,0.6983400703249482
abrupt,omd_paper_v2_literal,1,614,5,0,0.13127991518140525,43.99634460738648,0.23884438530659036,0.8552054903594345,0.0,0.0,0.41040716977574326,0.4971843384148076,0.6726162591917296,0.5487349747881535,0.5968342021148042,0.5837188925288652,0.6881862266295155,0.4965509366615287,0.3846909610045769,0.6977026946449485
abrupt,omd_paper_v2_literal,1,615,9,0,0.45293234909538455,44.44927695648187,0.23906071743980273,0.8460525922301515,0.0,0.0,0.40834650779089937,0.4945766347086197,0.6708423574656485,0.5492234822724602,0.5955280479674505,0.5810499583602086,0.6872439188630046,0.49527782220026567,0.38583555731511665,0.6976349180172315
abrupt,omd_paper_v2_literal,1,616,4,1,0.11716655026538358,44.56644350674725,0.23798286053437312,0.8484191242574693,0.0,0.0,0.41006764067275175,0.49551268381645336,0.6695479066414801,0.5482912728555167,0.5946802146433621,0.5809564587254742,0.6856313466087451,0.49553684043093416,0.3869245845016193,0.695586066440287
abrupt,omd_paper_v2_literal,1,617,4,1,0.11716655026538358,44.68361005701263,0.23795751416122762,0.8508303589538515,0.0,0.0,0.41025196442028666,0.49582805232260935,0.6704689341571373,0.5497591416806612,0.5964583834037924,0.5818720409526829,0.6857353664144222,0.4972938774955449,0.3852132337677328,0.6960177077706369
abrupt,omd_paper_v2_literal,1,618,4,1,0.11716655026538358,44.80077660727801,0.23793764082620572,0.8532849066590434,0.0,0.0,0.4104352378636914,0.4961415843481247,0.67138329292189,0.5512175892057779,0.5982236703765462,0.5827817230242667,0.6858387609126975,0.4990407308350193,0.3835146761053781,0.6964464890899759
abrupt,omd_paper_v2_literal,1,619,4,0,0.11716655026538358,44.91794315754339,0.23792313565424245,0.8496457085013123,0.0,0.0,0.4106174698734525,0.4964532955937795,0.6722910472013423,0.5526666805243021,0.5999761677281762,0.5836855553437789,0.6859415356969725,0.5007774461770529,0.3818288121392306,0.6968724377892201
abrupt,omd_paper_v2_literal,1,620,4,0,0.11716655026538358,45.03510970780877,0.23794668220733434,0.8461541992950066,0.0,0.0,0.4103457432814368,0.4959884878908026,0.670936978003485,0.5505055452900947,0.5973620050341178,0.5823375999741124,0.6857882762181432,0.49818774583509734,0.3843437207078779,0.6962371600178514
abrupt,omd_paper_v2_literal,1,621,5,1,0.13127991518140525,45.166389622990174,0.2379816472816981,0.848057111448224,0.0,0.0,0.4100756501622298,0.4955263884685322,0.6695879581168418,0.5483550785468886,0.5947575391559744,0.5809962581099276,0.6856358673042079,0.4956131926499892,0.38685015726120997,0.6956048311055001
abrupt,omd_paper_v2_literal,1,622,5,1,0.13127991518140525,45.297669538171576,0.2378255008539168,0.8500180325210135,0.0,0.0,0.41155349012704306,0.49739424093612183,0.6708587661617831,0.547999190930983,0.5956875652651613,0.582906198854992,0.686312851654776,0.4965189381545913,0.3860354542558997,0.6956518894947817
abrupt,omd_paper_v2_literal,1,623,5,1,0.13127991518140525,45.42894945335298,0.2376753965153025,0.8520353312960763,0.0,0.0,0.4130239544069651,0.49925084321113516,0.6721193992366877,0.5476454119514457,0.5966112732918849,0.5848021001413667,0.686984947195693,0.4974192159493992,0.38522632174917637,0.6956986585746247
abrupt,omd_paper_v2_literal,1,624,5,0,0.13127991518140525,45.56022936853438,0.23753123986117872,0.8492088134053293,0.0,0.0,0.4144870694050365,0.5010962436214073,0.673369957179476,0.5472937237133343,0.5975287195426258,0.5866840568032655,0.6876522026289646,0.4983140685097671,0.38442270846236964,0.695745140946511
abrupt,omd_paper_v2_literal,1,625,5,1,0.13127991518140525,45.69150928371578,0.23773608757730083,0.8511958775627613,0.0,0.0,0.412423202521997,0.49849256956010546,0.6716048335906384,0.5477899071986762,0.5962340974240937,0.5840280814215123,0.6867105465185765,0.4970515246852811,0.3855567089849283,0.695679557767738
abrupt,omd_paper_v2_literal,1,626,5,0,0.13127991518140525,45.82278919889718,0.2375900317223631,0.8484206557273649,0.0,0.0,0.4138839965271977,0.5003358319609758,0.6728549518255492,0.5474386454835338,0.597150760571089,0.5859088844754682,0.6873773485634167,0.49794533551977443,0.384753767792859,0.6957259879869581
abrupt,omd_paper_v2_literal,1,627,9,0,0.45293234909538455,46.27572154799257,0.2377968800854058,0.8393647707123739,0.0,0.0,0.4118299456385967,0.49774343977398416,0.671096063431841,0.5479326533921238,0.5958613547374443,0.5832629822871354,0.6864393239221848,0.4966882671689632,0.385883218708011,0.695660686460037
abrupt,omd_paper_v2_literal,1,628,5,0,0.13127991518140525,46.40700146317397,0.23672136995886878,0.8366964897919819,0.0,0.0,0.41355018040480407,0.49867788383164713,0.66981078820398,0.5470084615856089,0.59502352597182,0.583173953430504,0.6848313250254897,0.4969527682256368,0.3869618698677509,0.6936137116556528
abrupt,omd_paper_v2_literal,1,629,9,0,0.45293234909538455,46.859933812269354,0.23693716678140778,0.827648287388119,0.0,0.0,0.41150923812850176,0.49610152787299017,0.6680545727084155,0.547499529734532,0.5937399478652866,0.5805394702884554,0.6838950459205339,0.49570348383337015,0.38808668870081997,0.6935486253801624
abrupt,omd_paper_v2_literal,1,630,4,1,0.11716655026538358,46.977100362534735,0.2358652085261611,0.8300029947335751,0.0,0.0,0.41322224990303563,0.49703230899820416,0.666768607378893,0.5465788823551763,0.5929041712248722,0.5804507715218739,0.6822865974612319,0.49596697597404577,0.38916318457412474,0.6915020365505444
abrupt,omd_paper_v2_literal,1,631,4,1,0.11716655026538358,47.094266912800116,0.23583565282624025,0.8324032369648148,0.0,0.0,0.41339970943878834,0.49733774487336224,0.6676838928149335,0.5480448941058144,0.5946746339210847,0.581354339549765,0.6823868018470142,0.49771449287868047,0.38745770723094236,0.6919345541732803
abrupt,omd_paper_v2_literal,1,632,4,1,0.11716655026538358,47.2114334630655,0.23581160281370178,0.8348476050019012,0.0,0.0,0.4135761649655651,0.49764141627802466,0.6685926313191647,0.5495016013833545,0.5964324198401877,0.5822521411820929,0.6824864099662656,0.49945195872924447,0.3857648234058372,0.6923642366897261
abrupt,omd_paper_v2_literal,1,633,4,1,0.11716655026538358,47.32860001333088,0.2357929547606885,0.8373347174570148,0.0,0.0,0.4137516248840216,0.4979433381505508,0.6694948850802084,0.5509490671116235,0.5981776178491693,0.5831442251374808,0.6825854270869501,0.5011794179035478,0.38408443725723124,0.6927911108989738
abrupt,omd_paper_v2_literal,1,634,4,1,0.11716655026538358,47.44576656359626,0.23577960614181187,0.8398632206202503,0.0,0.0,0.41392609752346227,0.49824352530086014,0.6703907157109523,0.5523873542046248,0.5999103169621853,0.5840306397752733,0.6826838584274447,0.5028969154438305,0.38241645302121813,0.6932152033261567
abrupt,omd_paper_v2_literal,1,635,4,0,0.11716655026538358,47.56293311386164,0.2357714556441982,0.8360872919248632,0.0,0.0,0.41409959114199596,0.49854199241073516,0.6712801842496899,0.5538165255477201,0.6016306063049867,0.5849114330937024,0.6827817091567923,0.504604497022532,0.38076077504211675,0.6936365402242993
abrupt,omd_paper_v2_literal,1,636,4,1,0.11716655026538358,47.68009966412702,0.2357856169337445,0.8385862291452945,0.0,0.0,0.41383908149650617,0.49809381522712837,0.6699440995621824,0.5516701569910423,0.5990464914914726,0.5835886329602146,0.6826347706055352,0.5020403678447193,0.383247969717405,0.693003739940793
abrupt,omd_paper_v2_literal,1,637,4,1,0.11716655026538358,47.7972662143924,0.23577491208131895,0.8411256031661103,0.0,0.0,0.41401244131505993,0.498392069975487,0.6708335504764993,0.5530987516424889,0.6007668027625596,0.5844690713881314,0.6827325600129003,0.5037467767829263,0.38159209076840983,0.6934249398862846
abrupt,omd_paper_v2_literal,1,638,4,1,0.11716655026538358,47.91443276465778,0.23576931862101344,0.843704115610336,0.0,0.0,0.41418483316362614,0.4986886241831306,0.6717167147120067,0.5545183267588054,0.6024748370359818,0.5853439522537968,0.6828297754943654,0.5054433634414114,0.37994838290119126,0.6938434168662649
abrupt,omd_paper_v2_literal,1,639,4,0,0.11716655026538358,48.03159931492316,0.23576873813443067,0.8398117104858068,0.0,0.0,0.4143562651068856,0.49898349218569577,0.6725936518058855,0.5559289444763473,0.6041706825853067,0.5862133225043114,0.6829264220911221,0.5071301738745735,0.37831675169823914,0.6942591964535743
abrupt,omd_paper_v2_literal,1,640,3,1,0.16371017181850367,48.195309486741664,0.23577156957418344,0.8415003049914737,0.0,0.0,0.4140960939324514,0.49853597639083785,0.6712622679024534,0.5537877273660239,0.6015959561611915,0.5848936848487375,0.6827797370023251,0.5045700793295573,0.38079412025413467,0.6936280507991864
abrupt,omd_paper_v2_literal,1,641,3,0,0.16371017181850367,48.359019658560165,0.2358731294998695,0.8394134920170991,0.0,0.0,0.41313992095484126,0.497422592981752,0.6714006513458668,0.5559727820572665,0.6031263675015685,0.5845147524587543,0.6823377014881516,0.5061139772970754,0.37925924370237424,0.6941288792308409
abrupt,omd_paper_v2_literal,1,642,5,1,0.13127991518140525,48.49029957374157,0.23574768971608734,0.8414392148174936,0.0,0.0,0.4143294596117814,0.4988075990493853,0.6712285034878014,0.5532543445056509,0.6012222956312541,0.584986113643591,0.6828875256135922,0.5041934169937285,0.38116893042355504,0.6935057996870733
abrupt,omd_paper_v2_literal,1,643,5,1,0.13127991518140525,48.62157948892297,0.23560809705228775,0.8435189908219867,0.0,0.0,0.4157805595224694,0.5006355621652149,0.6724642174201464,0.5528966057442166,0.6021168450937883,0.586846084115455,0.683553122329254,0.5050690921781628,0.3803865684053141,0.6935491040717929
abrupt,omd_paper_v2_literal,1,644,5,0,0.13127991518140525,48.75285940410437,0.23547425282671886,0.8405797580802672,0.0,0.0,0.4172244597122307,0.5024526141436435,0.6736902012976415,0.552540944764287,0.6030053876020478,0.5886925165964764,0.6842140078704244,0.5059395176549941,0.37960948438166525,0.6935921469839438
abrupt,omd_paper_v2_literal,1,645,5,1,0.13127991518140525,48.88413931928577,0.23566615619617257,0.8426294519904325,0.0,0.0,0.41517056203915437,0.49986736832665823,0.6719452043513926,0.5530469505068729,0.6017409975227369,0.586064738720015,0.6832734997521303,0.5047010971889379,0.3807152770274149,0.6935309060193363
abrupt,omd_paper_v2_literal,1,646,5,0,0.13127991518140525,49.015419234467174,0.23553038433038823,0.8397421222795636,0.0,0.0,0.4166122829670347,0.5016824557487146,0.6731708526933324,0.552691699439472,0.6026288584906211,0.5879102017868743,0.6839339800642579,0.5055705890124882,0.3799387789082146,0.6935739035145624
abrupt,omd_paper_v2_literal,1,647,4,0,0.11716655026538358,49.132585784732555,0.2357243857229192,0.8360246550551842,0.0,0.0,0.4145680672832437,0.499108302095924,0.6714319446242512,0.5531954994759745,0.6013694975907025,0.5852922508507264,0.682997069261722,0.5043374693894708,0.3810401876491054,0.6935129235878146
abrupt,omd_paper_v2_literal,1,648,9,0,0.45293234909538455,49.58551813382794,0.23573893294582304,0.8270625650894274,0.0,0.0,0.4143139990185259,0.49866954355108206,0.6701131721878235,0.5510698004095838,0.598813864452928,0.5839883185514115,0.6828533784789472,0.5018021130187752,0.3835003288546235,0.6928865668978177
abrupt,omd_paper_v2_literal,1,649,5,1,0.13127991518140525,49.71679804900934,0.23466111095909206,0.8290853176306953,0.0,0.0,0.41602759992967725,0.49959991186197655,0.668841053441132,0.5501658945747678,0.597998480696297,0.583906756759657,0.6812455845906411,0.5020803977852898,0.38455512233311123,0.690845398456178
abrupt,omd_paper_v2_literal,1,650,5,0,0.13127991518140525,49.84807796419074,0.2345185023554052,0.8262611828115982,0.0,0.0,0.41747329815075473,0.5014188482935548,0.6700746655487754,0.5498083507857002,0.598889821724713,0.585758508699711,0.6819096964284684,0.5029506452932845,0.3837751534818133,0.6908883467157595
abrupt,omd_paper_v2_literal,1,651,3,1,0.16371017181850367,50.011788136009244,0.23472037626888617,0.8278432458160694,0.0,0.0,0.41544151640831145,0.498862002393976,0.6683399357261125,0.5503109288992333,0.5976366945512369,0.5831548553706166,0.68097595610875,0.5017273501446284,0.3848717112071467,0.6908279741803535
abrupt,omd_paper_v2_literal,1,652,3,0,0.16371017181850367,50.175498307827745,0.2348115336694734,0.825915533383316,0.0,0.0,0.41448340266506384,0.4977473288191848,0.6684807646004703,0.5525063137138069,0.5991786172822493,0.5827765805143676,0.6805314878089256,0.5032781057410595,0.38332432863447674,0.6913326681679128
abrupt,omd_paper_v2_literal,1,653,9,1,0.45293234909538455,50.62843065692313,0.2347005518722884,0.829913147637429,0.0,0.0,0.41565876296835574,0.4991146461890593,0.668308012538734,0.5498130671721292,0.5972869465666822,0.5832405781361348,0.6810766495719142,0.5013758642253147,0.38522275214865226,0.6907135214513224
abrupt,omd_paper_v2_literal,1,654,9,0,0.45293234909538455,51.08136300601851,0.23518100322158814,0.820986942993759,0.0,0.0,0.4148950479684986,0.4987003281647886,0.6688759003613536,0.5502149517519116,0.5976498535710778,0.5832770844470412,0.6817945794792069,0.5012507887242993,0.3847529187497005,0.691624578028355
abrupt,omd_paper_v2_literal,1,655,5,1,0.13127991518140525,51.212642921199915,0.23410734365258565,0.8230040308553883,0.0,0.0,0.4166017554834929,0.4996259216346295,0.6676065560983473,0.54931704680699,0.596838967750007,0.5831955276154802,0.68018952902576,0.5015302087813454,0.3858028276547116,0.6895872201953349
abrupt,omd_paper_v2_literal,1,656,5,1,0.13127991518140525,51.34392283638132,0.23396285805527434,0.8250759207407037,0.0,0.0,0.4180457651762951,0.5014420205706587,0.6688409604261117,0.5489609580778513,0.5977308136887616,0.5850456658066064,0.6808536725383002,0.5024002051317219,0.3850221149468028,0.6896303937066084
abrupt,omd_paper_v2_literal,1,657,5,0,0.13127991518140525,51.47520275156272,0.2338241455867338,0.8221692153198203,0.0,0.0,0.4194826444958522,0.5032473611826295,0.6700657796836966,0.548606921683045,0.5986167545406739,0.5868825084374071,0.6815131685685194,0.5032650513676615,0.3842465971662778,0.689673309084822
abrupt,omd_paper_v2_literal,1,658,5,0,0.13127991518140525,51.60648266674412,0.2340214714756638,0.8194115261325198,0.0,0.0,0.4174538062671961,0.5006977444222254,0.6683353535762103,0.5491068973014142,0.5973653930725585,0.5842877246047362,0.6805815802387851,0.5020436625967513,0.38534199717395856,0.6896127006339138
abrupt,omd_paper_v2_literal,1,659,3,1,0.16371017181850367,51.77019283856262,0.2342273272475263,0.8209777111410131,0.0,0.0,0.41543969534086195,0.49816312335774876,0.666610609862048,0.5496038269210639,0.5961201514185249,0.5817035988101581,0.6796540530066111,0.500829450633216,0.38643209167374404,0.6895524430643316
abrupt,omd_paper_v2_literal,1,660,3,1,0.16371017181850367,51.93390301038112,0.2343150780183758,0.8226258815929369,0.0,0.0,0.4144857559001594,0.49705297064156867,0.6667524415179413,0.5517953065351106,0.597662066272576,0.5813277815249196,0.6792093757766153,0.5023788136741358,0.38488452794221,0.6900564961211131
abrupt,omd_paper_v2_literal,1,661,3,1,0.16371017181850367,52.09761318219962,0.23440820709301988,0.8243538024422579,0.0,0.0,0.41353862499931926,0.4959500315790884,0.6668933253453191,0.5539706127999525,0.5991920918101201,0.5809543030267366,0.6787672541307154,0.5039181040694909,0.3833492829703149,0.690556840183539
abrupt,omd_paper_v2_literal,1,662,3,1,0.16371017181850367,52.261323354018124,0.23450658399624771,0.8261592668152428,0.0,0.0,0.4125982412777953,0.4948542515336139,0.6670332701707647,0.5561298313208298,0.6007103276940295,0.5805831436179838,0.6783276689356053,0.5054473841093934,0.3818262488859168,0.6910535125026568
abrupt,omd_paper_v2_literal,1,663,3,0,0.16371017181850367,52.425033525836625,0.23461008021383628,0.823906267332729,0.0,0.0,0.411664543768175,0.49376557597523524,0.667172284746145,0.5582730494004758,0.6022168733899076,0.5802142837244266,0.6778906011270658,0.5069667164778172,0.3803153181363108,0.6915465499733078
abrupt,omd_paper_v2_literal,1,664,3,1,0.16371017181850367,52.588743697655126,0.23448103720125849,0.8256855694891727,0.0,0.0,0.41283711278538887,0.4951326618446328,0.6669977159348864,0.5555814170493446,0.600324758140711,0.5806774560467612,0.678439388228179,0.5050588348585165,0.3822130009725837,0.6909273603208185
abrupt,omd_paper_v2_literal,1,665,3,1,0.16371017181850367,52.75245386947363,0.23458286155952549,0.8275402471487094,0.0,0.0,0.41190510095147126,0.4940461269336924,0.6671364628962404,0.5577209375415358,0.6018288143069809,0.5803093490355347,0.6780032651245511,0.5065751894174642,0.38070447084112874,0.6914195338654435
abrupt,omd_paper_v2_literal,1,666,3,0,0.16371017181850367,52.91616404129213,0.2346896747744519,0.8252106959748837,0.0,0.0,0.410979682257443,0.49296660496949096,0.6672742927426123,0.5598446388182219,0.6033213380663632,0.5799435105488892,0.6775696271805378,0.5080817147542478,0.37920787739324463,0.691908125831819
abrupt,omd_paper_v2_literal,1,667,3,0,0.16371017181850367,53.07987421311063,0.23455562042663716,0.8230330806518857,0.0,0.0,0.41214933241449736,0.49433091666016576,0.6671000983376427,0.5571603455820192,0.6014347665115131,0.5804058432680296,0.6781176086260485,0.5061777439858758,0.3810996546298111,0.6912905708277944
abrupt,omd_paper_v2_literal,1,668,9,0,0.45293234909538455,53.53280656220601,0.23443132607377215,0.8140920737969296,0.0,0.0,0.41331249222623384,0.49568659433004314,0.6669269717625828,0.554489893402071,0.5995572615735263,0.5808650820192324,0.6786616036195285,0.5042857616178926,0.3829829244267819,0.6906762839689159
abrupt,omd_paper_v2_literal,1,669,9,0,0.45293234909538455,53.9857389113014,0.23335424140778593,0.8052016511790481,0.0,0.0,0.41500804497198746,0.4966038861394705,0.6656580485480438,0.5536085163121239,0.5987588501961749,0.5807818500686229,0.6770495796232563,0.504573861430072,0.3840192414808042,0.688643280702579
abrupt,omd_paper_v2_literal,1,670,3,0,0.16371017181850367,54.1494490831199,0.23228019055331026,0.8032228056895137,0.0,0.0,0.41669893237226985,0.4975175928606641,0.6643917287456084,0.5527302706093421,0.5979630577261654,0.5806989409095847,0.6754397013816753,0.5048608250903647,0.3850525305685794,0.6866110176307374
abrupt,omd_paper_v2_literal,1,671,5,1,0.13127991518140525,54.2807289983013,0.23217237319943965,0.805228771759351,0.0,0.0,0.41785365999296,0.4988599071225109,0.6642203143326461,0.5500807467547641,0.5960986369893605,0.5811537585945585,0.6759818042174025,0.5029866376304881,0.38692444855348423,0.6859987724767261
abrupt,omd_paper_v2_literal,1,672,5,1,0.13127991518140525,54.4120089134827,0.2320235201673606,0.8072909398541129,0.0,0.0,0.4192950104811123,0.5006713197662348,0.6654600472111547,0.5497307822186657,0.5969940766953047,0.5830036200422771,0.6766486234846539,0.503859757373904,0.38613971205232017,0.6860434028194076
abrupt,omd_paper_v2_literal,1,673,5,0,0.13127991518140525,54.5432888286641,0.23188051711048746,0.8044219348443447,0.0,0.0,0.4207292613297968,0.5024720753266358,0.6666902379444142,0.5493828244841135,0.5978836165109062,0.584840302814251,0.6773108151426781,0.5047277253440376,0.38536017082376045,0.6860877676060242
abrupt,omd_paper_v2_literal,1,674,5,1,0.13127991518140525,54.674568743845505,0.23208217863245748,0.80645459848221,0.0,0.0,0.4187210312596814,0.4999501818575326,0.6649667724686289,0.5498701117196164,0.5966376723251835,0.5822674527759604,0.676383243404884,0.5035121641830069,0.3864520510905672,0.6860256355474541
abrupt,omd_paper_v2_literal,1,675,5,1,0.13127991518140525,54.80584865902691,0.23193735498314294,0.8085421130644971,0.0,0.0,0.42015306039820366,0.5017488422930155,0.666196427603446,0.549522580700566,0.5975264273724781,0.5841029154620829,0.6770449441581381,0.5043791261798372,0.38567318782226634,0.6860699497691185
abrupt,omd_paper_v2_literal,1,676,5,0,0.13127991518140525,54.93712857420831,0.23179828710897735,0.8056244526316974,0.0,0.0,0.421578055190231,0.5035369474260174,0.6674166610310153,0.5491770325810383,0.5984093543735824,0.5859253433114922,0.6777020761514971,0.5052409959657516,0.3848994557395961,0.6861140016761801
abrupt,omd_paper_v2_literal,1,677,5,1,0.13127991518140525,55.06840848938971,0.23199532555245786,0.8076825844861594,0.0,0.0,0.4195737840744695,0.5010214663200275,0.6656994256882293,0.549663128184241,0.597167091370161,0.5833609316925182,0.676777437375785,0.5040285293753736,0.3859880901011048,0.6860520294936457
abrupt,omd_paper_v2_literal,1,678,5,0,0.13127991518140525,55.19968840457111,0.23185442339139836,0.8048148290557112,0.0,0.0,0.42099662045114433,0.502807562306572,0.6669191805448033,0.5493179923089753,0.5980492726697529,0.5851822302065447,0.6774341073436292,0.504889430523276,0.38521500198913805,0.6860960326832707
abrupt,omd_paper_v2_literal,1,679,9,1,0.45293234909538455,55.6526207536665,0.23205341627056528,0.8088405269521021,0.0,0.0,0.4190014742081041,0.5003025602653106,0.6652078523131959,0.5498020304538773,0.5968118392286265,0.5826272210146237,0.6765129334435798,0.5036820132492184,0.3862994174366369,0.686034317450334
abrupt,omd_paper_v2_literal,1,680,9,0,0.45293234909538455,56.10555310276188,0.232541505520369,0.8000454103839456,0.0,0.0,0.4182298206522166,0.49988627748263587,0.6657838760661452,0.5502020102796368,0.5971740319559343,0.5826646033184824,0.6772453982396395,0.5035506440041104,0.38582873466795303,0.6869616045510776
abrupt,omd_paper_v2_literal,1,681,4,1,0.11716655026538358,56.22271965302726,0.23147430168669852,0.8025389842846005,0.0,0.0,0.4199170724701775,0.5007962190524347,0.6645241216262135,0.5493276209336945,0.5963821870766063,0.582582889041296,0.6756431988651274,0.5038378001025685,0.3868578638875113,0.6849327429850846
abrupt,omd_paper_v2_literal,1,682,4,1,0.11716655026538358,56.33988620329264,0.23145635202784282,0.805073216122509,0.0,0.0,0.4200883879580533,0.5010879016018885,0.6654002391790491,0.5507283635533113,0.5980700654387958,0.5834444764691235,0.6757374875593842,0.505509622988519,0.38523126819649633,0.6853488920977452
abrupt,omd_paper_v2_literal,1,683,4,1,0.11716655026538358,56.457052753558024,0.23144347794097933,0.8076468076303168,0.0,0.0,0.42025876977877236,0.5013779612378669,0.6662703547520815,0.5521205186558257,0.5997462547446842,0.5843007670231994,0.6758312377315118,0.507172025999598,0.38361625769357904,0.6857624318076111
abrupt,omd_paper_v2_literal,1,684,4,1,0.11716655026538358,56.574219303823405,0.23143558543682738,0.8102584871914543,0.0,0.0,0.420428225495312,0.5016664112609014,0.6671345231864471,0.5535041430610652,0.6014108355402049,0.585151804092385,0.6759244539692361,0.5088250519957056,0.38201274633096227,0.6861733858083974
abrupt,omd_paper_v2_literal,1,685,4,0,0.11716655026538358,56.691385854088786,0.23143258161000016,0.8063325612407186,0.0,0.0,0.4205967626076271,0.5019532648593511,0.667992798830901,0.5548792935508344,0.6030638884417251,0.585997630748248,0.6760171408183016,0.5104687443441941,0.38042064817061116,0.6865817775599797
abrupt,omd_paper_v2_literal,1,686,4,1,0.11716655026538358,56.80855240435417,0.23143898432387053,0.808915959544795,0.0,0.0,0.42034212404386595,0.5015198522192909,0.6666955860833141,0.5528012366901911,0.6005653655958995,0.5847194620698004,0.6758770932820034,0.5079851844457747,0.3828271589990676,0.6859646197804705
abrupt,omd_paper_v2_literal,1,687,4,1,0.11716655026538358,56.92571895461955,0.2314335153330387,0.8115365756804249,0.0,0.0,0.42051054283691647,0.5018065211423848,0.6675538752079168,0.5541759202175162,0.602218538103273,0.5855649996344421,0.6759697273226439,0.5096279171754333,0.3812347887575241,0.6863728952778099
abrupt,omd_paper_v2_literal,1,688,4,0,0.11716655026538358,57.04288550488493,0.23143285654852253,0.8075837655066028,0.0,0.0,0.4206780529971833,0.5020916110439376,0.6684063385003005,0.5555422159981227,0.6038603016167385,0.5864053836168914,0.6760618378274558,0.5112614020737074,0.3796537110979851,0.6867786375496528
abrupt,omd_paper_v2_literal,1,689,5,1,0.13127991518140525,57.17416542006633,0.23143571899790355,0.8096715967308339,0.0,0.0,0.4204241155615072,0.501659415661267,0.6671135782738519,0.5534705965342285,0.6013704929806925,0.5851311703705978,0.6759221934147008,0.5087849642470971,0.3820516051298426,0.6861634226291036
abrupt,omd_paper_v2_literal,1,690,5,0,0.13127991518140525,57.30544533524773,0.23130218982660758,0.8067410003580575,0.0,0.0,0.42183667965306737,0.5034311317171917,0.6683170309536721,0.553120409941391,0.6022336744372638,0.5869323294161025,0.6765744797023335,0.5096299449431844,0.38129631036293454,0.6862046377918092
abrupt,omd_paper_v2_literal,1,691,3,1,0.16371017181850367,57.46915550706623,0.23149222391857044,0.808440998659586,0.0,0.0,0.4198415192914402,0.5009282019790571,0.6666162680967284,0.5536151054218647,0.6010140681453358,0.5843871533109292,0.675652790989052,0.5084362201874426,0.3823634867777445,0.6861464120011741
abrupt,omd_paper_v2_literal,1,692,3,0,0.16371017181850367,57.632865678884734,0.2315887451916685,0.8063412236017773,0.0,0.0,0.4189124035542833,0.49984863818718356,0.6667483727710612,0.555733336548122,0.6024972063054884,0.584018066025583,0.6752157123246353,0.5099332480991989,0.38087472431416897,0.6866350836706777
abrupt,omd_paper_v2_literal,1,693,9,0,0.45293234909538455,58.08579802798012,0.23146962791299752,0.7976172221272732,0.0,0.0,0.42006738496855456,0.5011905402289292,0.6665841620745742,0.55310006793365,0.6006533772741242,0.584476829011384,0.6757589569998999,0.5080724113583707,0.38272559810769835,0.686027600014156
abrupt,omd_paper_v2_literal,1,694,5,0,0.13127991518140525,58.21707794316152,0.23039883159815436,0.7947761641585832,0.0,0.0,0.4217525722778321,0.5020986705449596,0.6653337025632277,0.5522386975440724,0.5998763638778832,0.5843995994673948,0.6741567020784367,0.5083695027457655,0.3837388137387978,0.6840030337226943
abrupt,omd_paper_v2_literal,1,695,3,0,0.16371017181850367,58.38078811498002,0.23059738524421267,0.7928049990967007,0.0,0.0,0.41976964219757334,0.4996108878176584,0.6636351337508013,0.5527291946478377,0.5986603186410764,0.5818649106659517,0.6732371534030476,0.507181445036866,0.38480347790517966,0.6839446211499624
abrupt,omd_paper_v2_literal,1,696,9,0,0.45293234909538455,58.833720464075405,0.23049062619914448,0.7841131583070823,0.0,0.0,0.420916190477826,0.5009425064749222,0.6634712410363833,0.5501113330271553,0.5968234355339856,0.5823205041307459,0.67377853945299,0.5053328904281102,0.38664851724546534,0.6833391730119558
abrupt,omd_paper_v2_literal,1,697,5,1,0.13127991518140525,58.96500037925681,0.2294271792611981,0.7861921261553849,0.0,0.0,0.422593505546622,0.5018455966898486,0.6622213598261845,0.5492544726178176,0.5960488205999401,0.5822434154368408,0.6721789104579645,0.5056295787411396,0.38765959059716043,0.6813156506996201
abrupt,omd_paper_v2_literal,1,698,5,0,0.13127991518140525,59.09628029443821,0.22928459702557888,0.7833083223804492,0.0,0.0,0.4240110345323403,0.5036210915002184,0.6634367722533959,0.548904399102622,0.5969191903890511,0.5840525867268032,0.672836375392837,0.5064781054610643,0.38689704469048647,0.6813576192752192
abrupt,omd_paper_v2_literal,1,699,5,1,0.13127991518140525,59.22756020961961,0.22948500391882873,0.7853582743628718,0.0,0.0,0.4220324262833412,0.501142374296158,0.6617393863638551,0.5493931101726732,0.5957039322158694,0.5815262551665074,0.671918326155654,0.5052934998316565,0.3879617589402297,0.6812990277044435
abrupt,omd_paper_v2_literal,1,700,5,0,0.13127991518140525,59.35884012480101,0.22934064910412108,0.7825231550144417,0.0,0.0,0.42344779502250834,0.5029158158748026,0.6629542288152224,0.5490434654599937,0.5965735240416604,0.583334193533594,0.6725752900957125,0.5061410473522828,0.387199886478681,0.6813409483495156
abrupt,omd_paper_v2_literal,1,701,3,0,0.16371017181850367,59.522550296619514,0.22954291676526675,0.7806986732199803,0.0,0.0,0.4214780054330752,0.5004472448941492,0.6612626325563558,0.5495301438107977,0.5953629222082217,0.5808170139814599,0.6716606382878979,0.5049612860908048,0.3882605325910066,0.6812825956657067
abrupt,omd_paper_v2_literal,1,702,9,0,0.45293234909538455,59.9754826457149,0.2294488442793636,0.7720609338818806,0.0,0.0,0.4226148327851967,0.5017662310909609,0.6610979984952958,0.5469289682088441,0.5935337319645804,0.5812669846303946,0.6721988958812462,0.5031248600741403,0.3900988025589768,0.6806794454615355
abrupt,omd_paper_v2_literal,1,703,5,0,0.13127991518140525,60.1067625608963,0.22839272389316972,0.7692818514624941,0.0,0.0,0.42428549928466397,0.5026646444602042,0.6598503430364056,0.5460765096142631,0.5927620721015457,0.5811904276254015,0.6706030383912993,0.5034212821705395,0.39110704007225633,0.6786571978695426
abrupt,omd_paper_v2_literal,1,704,9,0,0.45293234909538455,60.559694909991684,0.22860329804288865,0.7606492120490798,0.0,0.0,0.4223250257599693,0.5002090515476478,0.6581598871454878,0.546560511293539,0.5915535565955757,0.5786826863421795,0.669690482619053,0.5022468962619255,0.3921666084763369,0.678598764846751
abrupt,omd_paper_v2_literal,1,705,3,1,0.16371017181850367,60.723405081810185,0.2275508893685298,0.7621429811923234,0.0,0.0,0.42398869743746576,0.5011039458744292,0.6569121877275081,0.5457113716340461,0.5907839170956836,0.5786064206051182,0.668094987261958,0.5025421738782806,0.39317260065590426,0.6765778455246022
abrupt,omd_paper_v2_literal,1,706,3,0,0.16371017181850367,60.887115253628686,0.22762276591100822,0.7603562265239251,0.0,0.0,0.42305074947125565,0.5000162461247132,0.6570486309657267,0.5478589936551795,0.592296957331124,0.5782348865501172,0.66764735044405,0.5040583495421704,0.39165109574236395,0.6770780930424016
abrupt,omd_paper_v2_literal,1,707,5,0,0.13127991518140525,61.01839516881009,0.2275369601752871,0.7576696413058981,0.0,0.0,0.4241801806103612,0.5013259217863911,0.6568843393188272,0.5452728750112327,0.5904749247476915,0.5786822320461597,0.66818630333063,0.502232747356712,0.3934833640362992,0.6764757057387198
abrupt,omd_paper_v2_literal,1,708,3,1,0.16371017181850367,61.18210534062859,0.22775603409518602,0.7591733015875818,0.0,0.0,0.42223172366116174,0.4988851803815089,0.6551965627808448,0.5457527403950747,0.589270243323167,0.5761851525626769,0.6672760103389944,0.5010640124827073,0.39454013596715287,0.6764171066166951
abrupt,omd_paper_v2_literal,1,709,3,1,0.16371017181850367,61.34581551244709,0.227826732791081,0.7607624404994128,0.0,0.0,0.4212982641914107,0.49780152999505317,0.6553332502133754,0.547893287019081,0.5907803679057326,0.5758147872309769,0.6668294643239729,0.5025755834071295,0.39302146109943364,0.6769158797852978
abrupt,omd_paper_v2_literal,1,710,3,0,0.16371017181850367,61.50952568426559,0.2279028944682442,0.7588444751767568,0.0,0.0,0.4203712133031843,0.4967246932214026,0.6554690553298931,0.5500186614386358,0.5922793312492755,0.5754466592655714,0.6663854207506106,0.5040776320347363,0.3915143527829827,0.6774111278628777
abrupt,omd_paper_v2_literal,1,711,9,1,0.45293234909538455,61.962458033360974,0.22781115014450043,0.7629740166986576,0.0,0.0,0.4214973471927197,0.4980326980005873,0.655304093563134,0.5474368014660789,0.5904583636754536,0.5758938024643441,0.6669247487838575,0.5022531310065849,0.39334525952524185,0.6768095128664926
abrupt,omd_paper_v2_literal,1,712,9,0,0.45293234909538455,62.41539038245636,0.22831234662641112,0.7543265883193584,0.0,0.0,0.42070817468837063,0.4976084817490826,0.6558990901721621,0.5478374202439035,0.5908224310605186,0.5759306476814233,0.6676863342015251,0.5021103777905671,0.3928687056093695,0.6777707649464243
abrupt,omd_paper_v2_literal,1,713,3,1,0.16371017181850367,62.57910055427486,0.22726207295508918,0.7558816006530615,0.0,0.0,0.4223619977379435,0.49849724304779186,0.6546519783455644,0.546998029777575,0.590059574642678,0.5758534538102926,0.6660897668507367,0.5024094537770907,0.39386734711978244,0.675755169159281
abrupt,omd_paper_v2_literal,1,714,3,0,0.16371017181850367,62.74281072609336,0.22733510780147592,0.7540116557242019,0.0,0.0,0.42143618514919917,0.49742206519657806,0.6547871452083744,0.5491212936309336,0.5915572554555554,0.5754857208218936,0.6656449633224737,0.5039099256427084,0.3923613137584897,0.6762497904137368
abrupt,omd_paper_v2_literal,1,715,5,1,0.13127991518140525,62.87409064127476,0.22724746379259214,0.7559697191047081,0.0,0.0,0.42255676352498256,0.4987233524129635,0.6546235499039413,0.5465512922444498,0.5897444023779151,0.5759307764816488,0.6661832703811768,0.5020939017977377,0.39418432009537174,0.6756511015091584
abrupt,omd_paper_v2_literal,1,716,5,0,0.13127991518140525,63.005370556456164,0.2270859543223133,0.7533233315652215,0.0,0.0,0.42398149757141906,0.5005080395274617,0.6558600819863393,0.5462029690514706,0.5906276402399953,0.5777582456770604,0.6668499641291779,0.5029510761075559,0.39340925762783513,0.6756945898488532
abrupt,omd_paper_v2_literal,1,717,9,0,0.45293234909538455,63.45830290555155,0.22730691784835244,0.7447211013658828,0.0,0.0,0.422043506175777,0.49808003441402965,0.6541773045897963,0.5466768406478342,0.5894258806184679,0.5752715190397862,0.6659427850870616,0.5017849141252284,0.39446383656218176,0.6756354245864004
abrupt,omd_paper_v2_literal,1,718,3,0,0.16371017181850367,63.62201307737005,0.22626083555668317,0.7430133523750007,0.0,0.0,0.4236909002485873,0.498964006925903,0.6529327628245402,0.5458431416213351,0.5886673577306919,0.5751943835429874,0.6643482330345656,0.5020847037670179,0.39545778742780785,0.6736219250956419
abrupt,omd_paper_v2_literal,1,719,5,1,0.13127991518140525,63.75329299255145,0.22618568940574632,0.7450056757829182,0.0,0.0,0.42480314835450106,0.5002540207958283,0.6527694938483996,0.543289853570314,0.5868639225191801,0.575634922340187,0.6648835262383451,0.5002816043454003,0.3972722566679943,0.6730258166012973
abrupt,omd_paper_v2_literal,1,720,5,1,0.13127991518140525,63.88457290773285,0.22602262451118948,0.7470574284036144,0.0,0.0,0.42622656641754186,0.5020345706226521,0.6540064754769745,0.5429424036261524,0.5877474746708619,0.577458671292234,0.6655499154475966,0.5011373293030492,0.39649641693597837,0.6730694755253211
abrupt,omd_paper_v2_literal,1,721,5,1,0.13127991518140525,64.01585282291425,0.22586551411011555,0.7491669199809128,0.0,0.0,0.42764306091636056,0.5038048913371278,0.6552343247611664,0.5425968983579748,0.5886254160153473,0.5792699041153873,0.6662118411804273,0.5019881561414968,0.39572552800237404,0.6731128819122935
abrupt,omd_paper_v2_literal,1,722,5,0,0.13127991518140525,64.14713273809566,0.22571427202191238,0.7462757087249229,0.0,0.0,0.42905265657136904,0.5055650242005653,0.6564531227377344,0.5422533223295337,0.5894977928153672,0.5810686970837602,0.6668693442508469,0.5028341206479339,0.3949595477372917,0.6731560378818008
abrupt,omd_paper_v2_literal,1,723,5,0,0.13127991518140525,64.27841265327707,0.2259241525570025,0.7435319334955224,0.0,0.0,0.42710893421230384,0.5031375296660568,0.6547716958361385,0.5427271507842754,0.5882945181103818,0.5785873585245337,0.6659623870294418,0.5016674149397063,0.3960160748917029,0.6730965190437479
abrupt,omd_paper_v2_literal,1,724,9,0,0.45293234909538455,64.73134500237246,0.22614218351975793,0.7350186044605338,0.0,0.0,0.42517850784040445,0.500723709631168,0.653095995004855,0.5431982047772904,0.5870970468906619,0.576116206243453,0.6650593751869094,0.500507334053655,0.39706754969986263,0.6730373335603906
abrupt,omd_paper_v2_literal,1,725,5,1,0.13127991518140525,64.86262491755387,0.2251032277323316,0.7370483180921288,0.0,0.0,0.42682095863414454,0.5016032795532531,0.651856135505448,0.5423687060972877,0.5863421095758904,0.5760398096506874,0.6634704140077168,0.5008068493214943,0.39805775931426907,0.6710256924895056
abrupt,omd_paper_v2_literal,1,726,5,0,0.13127991518140525,64.99390483273528,0.2249424035071123,0.7343032724983474,0.0,0.0,0.42823466351932415,0.5033694820478034,0.6530846543538269,0.5420239259477132,0.5872188642388326,0.5778484254788618,0.6641327870671461,0.5016556894490815,0.39728766503281177,0.6710690920156912
abrupt,omd_paper_v2_literal,1,727,3,1,0.16371017181850367,65.15761500455379,0.2251625264818501,0.7357102273537223,0.0,0.0,0.4263108323684169,0.50096557939688,0.6514120805708907,0.5424931791356323,0.5860254221749169,0.5753863048056257,0.6632311058806701,0.5005003739024986,0.39833592637228926,0.671010022358476
abrupt,omd_paper_v2_literal,1,728,3,1,0.16371017181850367,65.3213251763723,0.22522174605288536,0.7372061408028808,0.0,0.0,0.4253823990529362,0.49988982397886955,0.6515511517236463,0.5446297752728734,0.5875373011842263,0.5750212430089477,0.6627830325577051,0.502011105970706,0.39681457583288465,0.6715100804048884
abrupt,omd_paper_v2_literal,1,729,3,1,0.16371017181850367,65.4850353481908,0.22528658415494252,0.7387886877096729,0.0,0.0,0.4244602552069867,0.4988207532647588,0.651689333245229,0.5467514703526544,0.589038152680694,0.5746583682718106,0.6623374532093191,0.5035124154754463,0.3953046518814563,0.6720066466336276
abrupt,omd_paper_v2_literal,1,730,3,0,0.16371017181850367,65.64874552000931,0.22535691669517185,0.736887333465326,0.0,0.0,0.4235443479749489,0.4977583198586253,0.6518266329688959,0.5488583328466223,0.5905280613185697,0.5742976631049996,0.661894350049095,0.5050043564063886,0.3938060631083881,0.6724997539097012
abrupt,omd_paper_v2_literal,1,731,3,1,0.16371017181850367,65.81245569182782,0.2252726217475341,0.7384465258272775,0.0,0.0,0.4246518146598618,0.49904288358752863,0.6516606240690457,0.5463107629667721,0.5887264420039064,0.5747337728063476,0.6624300591827555,0.5032004785823537,0.3956182197093384,0.6719035020167581
abrupt,omd_paper_v2_literal,1,732,3,1,0.16371017181850367,65.97616586364633,0.22534157392870932,0.7400899539445487,0.0,0.0,0.42373774073803616,0.4979827005930652,0.6517976378631224,0.5484135144005484,0.590213535435094,0.5743738493342373,0.6619879555335298,0.5046892704003431,0.39412239429537704,0.6723956431094281
abrupt,omd_paper_v2_literal,1,733,3,1,0.16371017181850367,66.13987603546484,0.22541588696769324,0.7418153548305657,0.0,0.0,0.42282981964186794,0.4969290724919481,0.6519337819737089,0.5505015893588655,0.5916898270198974,0.574016066987806,0.6615482972701465,0.5061688002035045,0.3926377551382424,0.6728843744121041
abrupt,omd_paper_v2_literal,1,734,3,0,0.16371017181850367,66.30358620728335,0.22549544086452328,0.739710330980247,0.0,0.0,0.4219279995591659,0.4958819524660773,0.6520690640475271,0.5525750585214081,0.5931554004764279,0.5736604086310748,0.6611110668862564,0.5076391221406471,0.3911642119847446,0.6733697279563684
abrupt,omd_paper_v2_literal,1,735,3,1,0.16371017181850367,66.46729637910185,0.22539858601044743,0.7414113730195424,0.0,0.0,0.423034995518511,0.49716722645381045,0.6519030109150432,0.5500297659149685,0.5913562782494399,0.5740969448366972,0.6616476995209404,0.505834384352784,0.3929731619185845,0.6727739371781699
abrupt,omd_paper_v2_literal,1,736,3,0,0.16371017181850367,66.63100655092036,0.2254766856809081,0.7393400365784258,0.0,0.0,0.42213487975220937,0.4961222152062758,0.6520380252382416,0.5520994522271928,0.5928192647266539,0.5737420225192846,0.6612114153726448,0.5073017620407816,0.3915021476346561,0.6732583945506216
abrupt,omd_paper_v2_literal,1,737,9,0,0.45293234909538455,67.08393890001575,0.2253817860685606,0.7308027553973874,0.0,0.0,0.42323767879322743,0.4974024581825687,0.6518726163467586,0.5495636460410743,0.5910267414096942,0.5741768259655581,0.6617458675388385,0.5055040685488283,0.3933045504890365,0.6726648368376018
abrupt,omd_paper_v2_literal,1,738,3,1,0.16371017181850367,67.24764907183426,0.22433599592291628,0.7324685653045866,0.0,0.0,0.4248702776902005,0.4982744607569553,0.6506336234334045,0.5487500437312002,0.5902842263349535,0.5740984983800809,0.660149092978961,0.5058121812759451,0.39428085783301564,0.6706581306323653
abrupt,omd_paper_v2_literal,1,739,3,1,0.16371017181850367,67.41135924365277,0.22441025320075209,0.7342155216133999,0.0,0.0,0.42396972217113577,0.49722986803040875,0.6507685368142352,0.5508201496162027,0.5917478944897818,0.573743636958904,0.6597115821067976,0.507279306512248,0.3928086810541341,0.6711435957434442
abrupt,omd_paper_v2_literal,1,740,3,1,0.16371017181850367,67.57506941547128,0.22448968976812492,0.736041403229376,0.0,0.0,0.4230751626993705,0.49619167428148614,0.650902602908748,0.5528758791386769,0.5932010195231079,0.5733908659529136,0.6592764712748809,0.5087373538768815,0.39134741647535637,0.6716257362291692
abrupt,omd_paper_v2_literal,1,741,3,0,0.16371017181850367,67.73877958728978,0.22457418940065715,0.7337919774890103,0.0,0.0,0.4221865490926678,0.495159833895152,0.6510358291170151,0.5549173030844609,0.5946436831336982,0.5730401687135234,0.6588437433322794,0.510186376979858,0.3898969761812073,0.6721045830685073
abrupt,omd_paper_v2_literal,1,742,3,0,0.16371017181850367,67.90248975910829,0.2244702962613006,0.7316923125149909,0.0,0.0,0.4232877940385034,0.49643849674391016,0.6508707315620189,0.5523873013593888,0.5928556934362733,0.5734747421848455,0.6593799409501986,0.5083907233253407,0.39169464904607343,0.6715111425948086
abrupt,omd_paper_v2_literal,1,743,9,1,0.45293234909538455,68.35542210820368,0.22437545491127378,0.7358635629737154,0.0,0.0,0.42438310411798646,0.4977094372023365,0.65070660119387,0.5498699799422266,0.5910761260569809,0.5739065629850206,0.6599124768455753,0.5066057646163951,0.39348431604854256,0.6709207644292339
abrupt,omd_paper_v2_literal,1,744,9,0,0.45293234909538455,68.80835445729907,0.22488717093195812,0.7273593853340498,0.0,0.0,0.42358655828593905,0.4972847956604524,0.6513121307939514,0.5502644379824838,0.5914367096558388,0.5739453676685762,0.6606942254865019,0.5064530423904805,0.3930095521324205,0.6719011717041902
abrupt,omd_paper_v2_literal,1,745,5,0,0.13127991518140525,68.93963437248048,0.2238431789653335,0.7248211844134238,0.0,0.0,0.42521172633518917,0.4981509601429554,0.6500764880570377,0.5494597771870208,0.5907011066893556,0.57386621499612,0.6590987321411249,0.5067645556684258,0.3939781634779065,0.6698998092251331
abrupt,omd_paper_v2_literal,1,746,3,1,0.16371017181850367,69.10334454429899,0.22407239606866572,0.7265427346537733,0.0,0.0,0.4233118334672108,0.49577234920352786,0.6484106040558754,0.5499133126116883,0.589513144933425,0.571420445052203,0.6582004343657846,0.5056114609823202,0.39502219598863714,0.6698388123417965
abrupt,omd_paper_v2_literal,1,747,3,0,0.16371017181850367,69.2670547161175,0.2241474685335765,0.7244472349258306,0.0,0.0,0.4224224355901577,0.494739317373498,0.6485442906068932,0.5519609991828618,0.5909627152539418,0.5710690860364959,0.6577655831894627,0.5070641168751622,0.3935642200611568,0.6703190221433476
abrupt,omd_paper_v2_literal,1,748,9,0,0.45293234909538455,69.71998706521289,0.22405631039301815,0.7159538580882795,0.0,0.0,0.42351156497019815,0.4960042621531882,0.6483805892572785,0.5494533877254171,0.5891875128516644,0.5714993125574609,0.6582980185896428,0.5052853370488899,0.3953497581839854,0.6697309602032583
abrupt,omd_paper_v2_literal,1,749,3,1,0.16371017181850367,69.8836972370314,0.2230171020995353,0.7176412360956353,0.0,0.0,0.42512881020165927,0.49686561933583684,0.6471456723143756,0.5486542853812877,0.5884555747010333,0.5714200751243392,0.6567034144368542,0.5055973295076832,0.39631448103605005,0.6677319873340887
abrupt,omd_paper_v2_literal,1,750,3,1,0.16371017181850367,70.0474074088499,0.2230883890030974,0.7194094716614731,0.0,0.0,0.4242390028045597,0.49583300151528664,0.6472792495328044,0.550702342483995,0.5899057621091026,0.5710687803167058,0.6562673728646985,0.5070497169406273,0.39485542601008045,0.6682131487284744
abrupt,omd_paper_v2_literal,1,751,3,1,0.16371017181850367,70.21111758066841,0.2231648059277238,0.7212563464392501,0.0,0.0,0.4233550533971142,0.4948066525728623,0.6474119975687177,0.5527363339892875,0.5913456477737473,0.5707195352143013,0.6558337023716603,0.5084932187973145,0.3934070331351969,0.6686910575801516
abrupt,omd_paper_v2_literal,1,752,3,0,0.16371017181850367,70.37482775248692,0.22324623954614578,0.7189821581281569,0.0,0.0,0.4224769135062049,0.4937865281775354,0.6475439235781777,0.5547563282853037,0.5927753101988957,0.5703723236469904,0.6554023861606568,0.5099278868769026,0.3919692179668728,0.6691657437924341
abrupt,omd_paper_v2_literal,1,753,3,1,0.16371017181850367,70.53853792430543,0.22314619173584574,0.7208042587866705,0.0,0.0,0.42356453978848335,0.49504993372045947,0.6473805331569107,0.5522543555549331,0.5910044793588545,0.5708023263242319,0.6559365227328615,0.5081510643899674,0.3937501904229486,0.6685778059194794
abrupt,omd_paper_v2_literal,1,754,3,0,0.16371017181850367,70.70224809612394,0.22322616493816594,0.7185649604575114,0.0,0.0,0.4226879773005097,0.4940317657241282,0.647512210096052,0.5542708762240385,0.5924317561275613,0.5704558010203045,0.6555060996981027,0.5095830010207085,0.39231470438550375,0.669051658736653
abrupt,omd_paper_v2_literal,1,755,5,0,0.13127991518140525,70.83352801130535,0.22312810642752673,0.7161692885273988,0.0,0.0,0.4237715356126188,0.49529029347908865,0.6473494456210245,0.5517780729721332,0.5906673249262803,0.5708841185809704,0.656038093079798,0.5078130144075568,0.39408932671043967,0.6684658961199237
abrupt,omd_paper_v2_literal,1,756,3,0,0.16371017181850367,70.99723818312386,0.2233657054836448,0.7140359745580411,0.0,0.0,0.42188820526822224,0.4929303638373625,0.6456884083568556,0.5522227879579046,0.5894833789300663,0.5684512553782217,0.6551431261326416,0.5066637576058751,0.3951303836537365,0.6684039575463295
abrupt,omd_paper_v2_literal,1,757,9,0,0.45293234909538455,71.45017053221925,0.22327620491967612,0.705548962944912,0.0,0.0,0.42296512110853624,0.4941817038307318,0.6455256942559052,0.5497409046223471,0.5877239553800045,0.5688772274531865,0.6556724001025808,0.5049023744734082,0.39690044217505865,0.6678206472672998
abrupt,omd_paper_v2_literal,1,758,5,1,0.13127991518140525,71.58145044740066,0.22224047236182717,0.7074079228419438,0.0,0.0,0.4245720422503406,0.49503558130923947,0.6442916541061608,0.548953318653081,0.5870000491256812,0.5687968542521067,0.6540764063485242,0.5052191581093046,0.397856716528526,0.6658255875774252
abrupt,omd_paper_v2_literal,1,759,5,0,0.13127991518140525,71.71273036258206,0.22206007348349366,0.7049676324150378,0.0,0.0,0.42599453129048265,0.4968154526038103,0.6455470508333513,0.5486179395908314,0.5878951029134103,0.5706317044001977,0.6547523795255228,0.5060864208275576,0.3970692121927239,0.6658725589012098
abrupt,omd_paper_v2_literal,1,760,9,0,0.45293234909538455,72.16566271167746,0.22229957358205674,0.6965189121903151,0.0,0.0,0.42411500428076127,0.4944634124899162,0.6438876460251398,0.5490611269490828,0.5867121845740624,0.5682065823304903,0.6538589619403707,0.504940343395302,0.39810999616606596,0.665810486528257
abrupt,omd_paper_v2_literal,1,761,3,0,0.16371017181850367,72.32937288349596,0.22126740905213954,0.6945603490776379,0.0,0.0,0.4257167920565666,0.4953140944820679,0.6426561814655936,0.5482764487863754,0.5859907716229469,0.5681267291656928,0.6522655309603965,0.5052559629761559,0.3990633163634958,0.6638174780601209
abrupt,omd_paper_v2_literal,1,762,5,1,0.13127991518140525,72.46065279867737,0.2211930101009401,0.6964553166833671,0.0,0.0,0.4267850727498098,0.4965530900520954,0.6424941526698511,0.5458128429407124,0.5842420175112646,0.5685479452262582,0.6527927792061717,0.5035089445622832,0.40082392444971215,0.6632363740988988
abrupt,omd_paper_v2_literal,1,763,5,0,0.13127991518140525,72.59193271385878,0.22101098331482183,0.6939700371615013,0.0,0.0,0.428206066173172,0.49832878786595763,0.6437495557628475,0.5454783041581326,0.5851371435813872,0.5703788325206015,0.6534682610714512,0.5043746736480281,0.400035890479643,0.663283490693227
abrupt,omd_paper_v2_literal,1,764,5,1,0.13127991518140525,72.72321262904019,0.22125238902558828,0.6958374740846919,0.0,0.0,0.426330413414101,0.49598463862232867,0.6420918363891325,0.5459199326621423,0.5839553362079878,0.5679614107357503,0.652576401839005,0.5032317874251487,0.4010763123920964,0.663221289619123
abrupt,omd_paper_v2_literal,1,765,5,1,0.13127991518140525,72.8544925442216,0.22106895301644983,0.6977705569544289,0.0,0.0,0.427748937376656,0.4977577080165368,0.6433460265025764,0.5455858979598163,0.5848493276657588,0.5697902177375717,0.6532510901018919,0.5040962535537622,0.40028926984283447,0.6632683381201938
abrupt,omd_paper_v2_literal,1,766,5,1,0.13127991518140525,72.98577245940301,0.22089172615099656,0.6997674650551262,0.0,0.0,0.4291606525669226,0.49952084931567553,0.6445912085556927,0.5452537035045091,0.5857377315574678,0.5716068404617847,0.6539213690208261,0.5049558276260319,0.39950716900719874,0.6633151184837859
abrupt,omd_paper_v2_literal,1,767,5,0,0.13127991518140525,73.11705237458442,0.2207206231942216,0.6971150284194264,0.0,0.0,0.43056558179159815,0.5012740986892362,0.6458274586151551,0.5449233350864325,0.586620592446034,0.5734113472254777,0.6545872774418154,0.5058105443051084,0.3987299691551835,0.6633616329016931
abrupt,omd_paper_v2_literal,1,768,5,1,0.13127991518140525,73.24833228976583,0.22095047849673755,0.699084148987096,0.0,0.0,0.4286879431274337,0.4989306239658568,0.6441745934889035,0.5453649120393409,0.5854403949612237,0.5709989277505344,0.6536970571191822,0.5046680831937425,0.3997689249886307,0.6632994588400944
abrupt,omd_paper_v2_literal,1,769,5,1,0.13127991518140525,73.37961220494724,0.22077788905148962,0.7011154938878112,0.0,0.0,0.4300905416118361,0.5006814420613588,0.6454097810210492,0.5450350152990504,0.5863222174028833,0.5728015786508126,0.6543622453997618,0.5055216245172337,0.3989926322883938,0.6633459097988523
abrupt,omd_paper_v2_literal,1,770,5,1,0.13127991518140525,73.51089212012864,0.22061132766242872,0.7032073010295166,0.0,0.0,0.43148641381079034,0.5024224572275909,0.6466361447924611,0.544706923356739,0.5871985622650534,0.5745922381361022,0.6550231171433708,0.5063703629488963,0.3982211818774954,0.6633920979837573
abrupt,omd_paper_v2_literal,1,771,5,1,0.13127991518140525,73.64217203531005,0.22045071069692032,0.7053578339515324,0.0,0.0,0.4328755830991195,0.5041537066608859,0.6478537594344617,0.5443806222998753,0.5880694732281547,0.5763709748216684,0.6556797102819076,0.5072143325810546,0.3974545338924477,0.6634380255367011
abrupt,omd_paper_v2_literal,1,772,5,1,0.13127991518140525,73.77345195049146,0.22029595501048546,0.7075653825787297,0.0,0.0,0.43425807330112454,0.5058752283401797,0.6490626991521827,0.5440560983113826,0.5889349937007233,0.5781378578501649,0.656332062427243,0.5080535673614363,0.39669264875254107,0.6634836945825228
abrupt,omd_paper_v2_literal,1,773,5,0,0.13127991518140525,73.90473186567287,0.22014697796647179,0.7045526192206709,0.0,0.0,0.43563390867161733,0.5075870609927393,0.6502630377160955,0.5437333376700504,0.5897951668164223,0.579892956852609,0.656980210871484,0.5088881010889718,0.39593548716133625,0.6635291072290213
abrupt,omd_paper_v2_literal,1,774,5,1,0.13127991518140525,74.03601178085428,0.22035273524510496,0.706731911800919,0.0,0.0,0.4337455478191868,0.5052371790931567,0.6486148408613492,0.5441763839824509,0.5886142618219528,0.5774832125940743,0.6560903438242289,0.507742519143343,0.39697497497774653,0.6634667682026876
abrupt,omd_paper_v2_literal,1,775,5,1,0.13127991518140525,74.16729169603569,0.22020210986803906,0.7089667967328955,0.0,0.0,0.4351193286409519,0.506946978171225,0.6498144198446961,0.5438540310992941,0.5894735883234752,0.5792369108448648,0.6567379186166229,0.5085760514353923,0.39621855260489,0.6635121265402147
abrupt,omd_paper_v2_literal,1,776,5,1,0.13127991518140525,74.2985716112171,0.22005717410439302,0.7112556245590006,0.0,0.0,0.4364865136053046,0.5086471762668701,0.6510054997651716,0.5435334215082731,0.5903276292401143,0.5809789459403573,0.6573813403198517,0.5094049344654258,0.3954667984930584,0.6635572314629978
abrupt,omd_paper_v2_literal,1,777,5,1,0.13127991518140525,74.42985152639851,0.2199178469857314,0.7135967734272486,0.0,0.0,0.43784712738186343,0.5103378128595608,0.6521881529523766,0.5432145417780012,0.5911764268336386,0.5827093875327645,0.6580206453460038,0.5102292014524032,0.39471967419205756,0.6636020850307491
abrupt,omd_paper_v2_literal,1,778,5,0,0.13127991518140525,74.56113144157992,0.2197840480913721,0.7103404043226208,0.0,0.0,0.43920119501819194,0.5120189280825602,0.6533624512874221,0.542897378572542,0.5920200230878111,0.5844283056608413,0.6586558697928028,0.5110488854585218,0.39397714153534463,0.6636466892864206
abrupt,omd_paper_v2_literal,1,779,5,0,0.13127991518140525,74.69241135676133,0.21997250596784906,0.7072279317271468,0.0,0.0,0.4373076282059563,0.5096676223900377,0.6517195389966576,0.5433409590579875,0.5908400039665365,0.5820236322737593,0.6577672750945964,0.5099024448938478,0.39501579695268524,0.6635843041488325
abrupt,omd_paper_v2_literal,1,780,5,0,0.13127991518140525,74.82369127194274,0.22016914086584374,0.704258842993631,0.0,0.0,0.4354262605025443,0.5073287924687394,0.6500820537712297,0.543782037706857,0.5896654201303799,0.5796282781920271,0.6568824565446545,0.5087621908580037,0.3960496947954246,0.6635222556254887
abrupt,omd_paper_v2_literal,1,781,9,1,0.45293234909538455,75.27662362103813,0.2203737923367682,0.7084270589922974,0.0,0.0,0.4335570590748137,0.5050024784443645,0.648450037449322,0.5442206278539032,0.58849626675321,0.5772423431516476,0.6560014111399192,0.5076281034926551,0.39707884145327965,0.6634605419980764
abrupt,omd_paper_v2_literal,1,782,9,0,0.45293234909538455,75.72955597013352,0.22089489724778016,0.7002102389867626,0.0,0.0,0.4327438054110838,0.504572196341661,0.6490667639372176,0.5446170800021781,0.5888589945405497,0.577281496498696,0.6568020814477865,0.5074678291626703,0.3965990598691185,0.6644680048379831
abrupt,omd_paper_v2_literal,1,783,5,1,0.13127991518140525,75.86083588531493,0.21986686703830519,0.7023782147437211,0.0,0.0,0.43434825534188043,0.5054209014657374,0.6478498230018342,0.5438350420919753,0.5881434379324385,0.5772042673400342,0.6552219439976653,0.5077839616149823,0.3975455975111765,0.6624794019579526
abrupt,omd_paper_v2_literal,1,784,5,1,0.13127991518140525,75.99211580049634,0.21971668004387615,0.7046011243580184,0.0,0.0,0.43571028252829347,0.507115468007393,0.6490398396232925,0.5435154917518309,0.5889953610423704,0.578942633828454,0.6558644423224945,0.5086100687310876,0.3967955965763382,0.6625243303943724
abrupt,omd_paper_v2_literal,1,785,5,1,0.13127991518140525,76.12339571567774,0.21957210328066243,0.7068773472661632,0.0,0.0,0.4370658232831703,0.5088006043473888,0.6502215125683815,0.543197653605863,0.5898420957893311,0.580669553656689,0.6565028616546188,0.5094316109737896,0.39605017843849377,0.6625690101922479
abrupt,omd_paper_v2_literal,1,786,5,1,0.13127991518140525,76.25467563085915,0.21943305776633154,0.7092052898000636,0.0,0.0,0.43841490167542807,0.5104763488717904,0.651394912032536,0.5428815145902537,0.5906836832210448,0.5823850943765029,0.6571372373770555,0.5102486206345168,0.3953093057476283,0.662613443352493
abrupt,omd_paper_v2_literal,1,787,5,0,0.13127991518140525,76.38595554604056,0.2192994650425266,0.7059714398626038,0.0,0.0,0.4397575421388173,0.5121427405986598,0.6525601077836103,0.5425670617329914,0.5915201641189343,0.584089323917229,0.6577676045711868,0.5110611298543893,0.39457294142566746,0.6626576318599215
abrupt,omd_paper_v2_literal,1,788,5,0,0.13127991518140525,76.51723546122197,0.21948735711390727,0.7028793454950011,0.0,0.0,0.4378824722051216,0.5098151593573098,0.6509321301994234,0.5430062609140194,0.5903516726821663,0.5817084117451381,0.6568869921929519,0.5099262511277871,0.39560158219520714,0.6625959112519594
abrupt,omd_paper_v2_literal,1,789,4,1,0.11716655026538358,76.63440201148735,0.21968328630709538,0.7054234436496915,0.0,0.0,0.43601935227222427,0.5074998069304728,0.6493095012663618,0.5434430065972856,0.5891885195554624,0.5793366582221535,0.6560100941075185,0.5087974393281868,0.39662554927733057,0.6625345206193336
abrupt,omd_paper_v2_literal,1,790,4,1,0.11716655026538358,76.75156856175273,0.2196448142737996,0.7080098853152967,0.0,0.0,0.43618902577713525,0.507780863594698,0.650162829321823,0.5447856706552647,0.5908120161786004,0.5801628335293469,0.6560983453997029,0.5103989531994508,0.3950564149661639,0.662941865428152
abrupt,omd_paper_v2_literal,1,791,4,0,0.11716655026538358,76.86873511201811,0.21961145068375676,0.7042879895813728,0.0,0.0,0.4363578221715141,0.5080604379303149,0.6510107188080969,0.5461206309907287,0.5924250163184712,0.5809842203319738,0.6561861220852835,0.5119918365845411,0.39349767158536925,0.6633468289730767
abrupt,omd_paper_v2_literal,1,792,5,1,0.13127991518140525,77.00001502719952,0.21966126864794858,0.7065135975741127,0.0,0.0,0.43611376174537114,0.5076561957058957,0.6497844363075524,0.5441901834708207,0.5900921228533219,0.5797964215715056,0.6560592010467322,0.5096885930518225,0.39575217213416986,0.6627612090484953
abrupt,omd_paper_v2_literal,1,793,5,0,0.13127991518140525,77.13129494238093,0.21952066616275773,0.7034549311132523,0.0,0.0,0.43745731808645866,0.5093258898075772,0.6509528448689696,0.543872473884774,0.5909274236623105,0.5815055267351126,0.6566916613543925,0.5104995804653714,0.3950171731926378,0.6628046498337431
abrupt,omd_paper_v2_literal,1,794,9,0,0.45293234909538455,77.58422729147632,0.21971621479958223,0.6953313547460694,0.0,0.0,0.4356007696653582,0.5070183255451811,0.6493376285860021,0.5443115390352635,0.5897729004689578,0.5791430357417408,0.6558174549735292,0.5093787822140954,0.3960330662594576,0.6627446139455632
abrupt,omd_paper_v2_literal,1,795,4,1,0.11716655026538358,77.7013938417417,0.21868964711071873,0.6978969043044647,0.0,0.0,0.43720281464628435,0.5078651738584294,0.6481275454087048,0.5435344006769194,0.5890636163702688,0.579068438496189,0.6542413272176406,0.5096969045859019,0.39697266067578685,0.6607589189753851
abrupt,omd_paper_v2_literal,1,796,4,1,0.11716655026538358,77.81856039200709,0.21865100574178245,0.7005046289228916,0.0,0.0,0.4373705474436686,0.5081431954424707,0.6489773177563165,0.5448724075825808,0.5906801401074359,0.5798895111416769,0.6543283195768378,0.5112914989358526,0.3954098964852087,0.6611653653615333
abrupt,omd_paper_v2_literal,1,797,4,0,0.11716655026538358,77.93572694227247,0.2186174575773787,0.69675395515326,0.0,0.0,0.43753741676203745,0.5084197572365198,0.6498217075050507,0.5462027706852407,0.5922862627336375,0.5807058489447838,0.6544148464894519,0.5128775213946971,0.39385742699493426,0.6615694492623656
abrupt,omd_paper_v2_literal,1,798,5,0,0.13127991518140525,78.06700685745388,0.21866750719056335,0.6937726822589915,0.0,0.0,0.4372962753073768,0.5080200909395799,0.6486011633789094,0.5442800305684883,0.5899645995184656,0.5795260028325325,0.654289801523433,0.5105854552883954,0.39610161094039736,0.6609854243363297
abrupt,omd_paper_v2_literal,1,799,9,0,0.45293234909538455,78.51993920654927,0.21886921730472442,0.6856610365912696,0.0,0.0,0.43544912294043825,0.5057240693112633,0.6469910936769169,0.5447207070297838,0.5888192878192421,0.5771740181234734,0.6534171705450398,0.5094744408565381,0.3971092262513822,0.660926712465125
abrupt,omd_paper_v2_literal,1,800,3,1,0.16371017181850367,78.68364937836778,0.21784509748010222,0.687190444588974,0.0,0.0,0.4370454043683727,0.5065683788306885,0.6457834134961891,0.5439488728553332,0.5881149944146681,0.5771011180310079,0.6518420032259655,0.5097941549144414,0.3980434357001302,0.6589439936493583
abrupt,omd_paper_v2_literal,1,801,3,0,0.16371017181850367,78.84735955018628,0.21790248324149564,0.6853733101744963,0.0,0.0,0.43616374214772446,0.5055511724081312,0.6459193251959218,0.5459839873923902,0.589557939381309,0.5767604245590351,0.6514063231501526,0.5112399671044217,0.3965906394494603,0.6594251901566388
abrupt,omd_paper_v2_literal,1,802,5,0,0.13127991518140525,78.97863946536769,0.2178345518357397,0.6824752846932344,0.0,0.0,0.4372177502953916,0.506767160805634,0.6457568501344803,0.5435509859604837,0.5878328283384204,0.5771676896645035,0.651927116583828,0.5095115864610681,0.39832755992510843,0.658849917278578
abrupt,omd_paper_v2_literal,1,803,3,0,0.16371017181850367,79.1423496371862,0.21804442735472088,0.6807632395923388,0.0,0.0,0.4353812004598825,0.5044840726482439,0.6441496167967087,0.5439881037516945,0.5866910489809593,0.574825192714418,0.6510567778167067,0.5084055683243035,0.39933252373525235,0.6587910956357219
abrupt,omd_paper_v2_literal,1,804,9,0,0.45293234909538455,79.59528198628159,0.21798469400877166,0.672684820062967,0.0,0.0,0.4364289360773747,0.505693336376082,0.643987235779056,0.5415660025790862,0.5849709879066389,0.5752303035572653,0.6515749340457911,0.5066854574565651,0.4010647577809537,0.658218252022193
abrupt,omd_paper_v2_literal,1,805,5,0,0.13127991518140525,79.726561901463,0.2169690630886197,0.669836958211473,0.0,0.0,0.438016458859078,0.5065317211557382,0.6427814439572137,0.5408006872864155,0.5842708493359814,0.5751572125399229,0.6500032492051048,0.507006080520909,0.40199478251689325,0.656238923185845
abrupt,omd_paper_v2_literal,1,806,3,0,0.16371017181850367,79.89027207328151,0.21718696639581095,0.6682526179955329,0.0,0.0,0.4361882673839443,0.5042599483466985,0.6411760134749288,0.5412354749077877,0.5831312972984415,0.5728232812046768,0.6491350967540477,0.5059047708108768,0.4029983617873574,0.656180077254593
abrupt,omd_paper_v2_literal,1,807,9,1,0.45293234909538455,80.3432044223769,0.21713855410723157,0.6724890879395737,0.0,0.0,0.4372286975062325,0.5054605409808913,0.6410140714532379,0.5388273302935316,0.5814182088496213,0.5732257058571003,0.6496514281239569,0.5041953415510873,0.4047243798101072,0.6556094634093708
abrupt,omd_paper_v2_literal,1,808,9,0,0.45293234909538455,80.79613677147229,0.21766767290840938,0.6644242475238622,0.0,0.0,0.43639931099617807,0.5050225578059424,0.6416458534447043,0.5392270426780272,0.5817844688512666,0.5732640023417234,0.6504738251521756,0.5040272889878784,0.40423755987245996,0.6566454750179489
abrupt,omd_paper_v2_literal,1,809,5,1,0.13127991518140525,80.9274166866537,0.21665969681797304,0.66656936372917,0.0,0.0,0.43797941920118,0.5058568157248381,0.640442020727686,0.5384656322569049,0.5810867437999551,0.5731910548984509,0.6489065657722939,0.5043473926880125,0.4051650102868405,0.6546708155802922
abrupt,omd_paper_v2_literal,1,810,5,1,0.13127991518140525,81.05869660183511,0.21649737064862123,0.6687722935133816,0.0,0.0,0.4393351590110501,0.5075400448102063,0.6416331104039146,0.5381435921975829,0.581932796871535,0.5749205039863086,0.6495500402145871,0.5051639540525645,0.4044196197789391,0.6547145413392853
abrupt,omd_paper_v2_literal,1,811,5,0,0.13127991518140525,81.18997651701652,0.216340747629943,0.6658045192549508,0.0,0.0,0.44068448936762905,0.5092140309422686,0.6428160484492251,0.5378232565220408,0.5827738113213584,0.5766388133796811,0.6501895067948513,0.5059760864113183,0.4036786844429945,0.6547580287980715
abrupt,omd_paper_v2_literal,1,812,5,1,0.13127991518140525,81.32125643219793,0.21655408608315865,0.667980198565452,0.0,0.0,0.43885673231880307,0.5069461977300155,0.641213077432644,0.5382572156748839,0.5816343533571037,0.5743105394212205,0.6493230762109005,0.504875863737891,0.4046825528813538,0.6546991146340826
abrupt,omd_paper_v2_literal,1,813,5,1,0.13127991518140525,81.45253634737934,0.21639595040279244,0.6702122331454936,0.0,0.0,0.44020404861379936,0.508618141373265,0.6423951407603659,0.5379372943050015,0.5824744790525626,0.5760273339508649,0.6499619290524511,0.5056869841496742,0.4039423949683444,0.6547425482805428
abrupt,omd_paper_v2_literal,1,814,5,1,0.13127991518140525,81.58381626256075,0.21624343225944923,0.6724989527781051,0.0,0.0,0.4415450108585831,0.5102809236550182,0.6435691463912482,0.5376190583628515,0.5833096227637277,0.5777330993102842,0.6505968210996836,0.5064937230993845,0.40320664145565455,0.6547857463375654
abrupt,omd_paper_v2_literal,1,815,5,0,0.13127991518140525,81.71509617774215,0.21609645532739438,0.6693821560495351,0.0,0.0,0.4428796423101633,0.5119345808302374,0.6447351595926297,0.5373024952702578,0.5841398226194509,0.5794278977972888,0.6512277857315066,0.5072961106920296,0.4024752575855838,0.6548287106553231
abrupt,omd_paper_v2_literal,1,816,5,0,0.13127991518140525,81.84637609292356,0.21629906242449867,0.6664062645794085,0.0,0.0,0.4410509329970472,0.5096684199534159,0.6431368713162741,0.5377362922593588,0.5830020316534443,0.577104950615551,0.6503630044256162,0.5061965439661285,0.40347762453267355,0.654769833530033
abrupt,omd_paper_v2_literal,1,817,9,0,0.45293234909538455,82.29930844201895,0.21650936022174566,0.6584299485576852,0.0,0.0,0.43923358349420205,0.5074139776732655,0.6415439589979905,0.5381677138606294,0.5818694447718771,0.574791032523829,0.6495018632749026,0.5051027951243892,0.40447543373582423,0.6547112664036674
abrupt,omd_paper_v2_literal,1,818,5,1,0.13127991518140525,82.43058835720036,0.21550442494862315,0.6606460926936457,0.0,0.0,0.4408102802890124,0.5082455895607932,0.6403452756145044,0.537408921132932,0.5811748991189563,0.5747192186315688,0.6479391047700874,0.5054219878816205,0.40539905434915546,0.6527392234404342
abrupt,omd_paper_v2_literal,1,819,5,1,0.13127991518140525,82.56186827238177,0.21534839473712222,0.6629177920281535,0.0,0.0,0.4421486213099251,0.5099046638259932,0.641519560790865,0.5370913398421961,0.5820088657334711,0.5764225042883423,0.6485742039407238,0.5062269138006448,0.4046641399195766,0.6527823974218723
abrupt,omd_paper_v2_literal,1,820,5,0,0.13127991518140525,82.69314818756318,0.21519792894523562,0.6598379832032083,0.0,0.0,0.4434806655853221,0.5115546820230352,0.6426859081062501,0.5367754207998195,0.5828379239888564,0.5781149149921747,0.6492053980180227,0.5070275189796296,0.40393356499265504,0.6528253388753128
abrupt,omd_paper_v2_literal,1,821,5,1,0.13127991518140525,82.82442810274459,0.21540418659317737,0.6620826105344911,0.0,0.0,0.4416652539979161,0.5093056023090882,0.6410957262098532,0.5372060206017034,0.5817077777047702,0.575807662229178,0.6483449328026154,0.5059362619263865,0.4049294653217411,0.6527668077677519
abrupt,omd_paper_v2_literal,1,822,5,1,0.13127991518140525,82.955708017926,0.21525218777787902,0.6643813904556134,0.0,0.0,0.44299538529094845,0.5109537049779543,0.6422612714295717,0.5368904949045731,0.5825360009328414,0.5774986798134245,0.6489755515471167,0.5067359096927381,0.4041996212174937,0.6528096981245681
abrupt,omd_paper_v2_literal,1,823,5,0,0.13127991518140525,83.08698793310741,0.2151056708455201,0.6612509077373757,0.0,0.0,0.44431927401781124,0.5125928311274389,0.6434189689306298,0.5365766132214327,0.5833593702015323,0.5791789293367526,0.6496023103635686,0.5075312825120776,0.4034740678748736,0.6528523585606013
abrupt,omd_paper_v2_literal,1,824,9,1,0.45293234909538455,83.5399202822028,0.21530743457255322,0.6654476076654875,0.0,0.0,0.4425070401227066,0.5103487643333359,0.6418336311500943,0.53700631786261,0.5822320401821037,0.5768781694919122,0.648744131611042,0.5064423880536181,0.40446747488069895,0.6527939547180333
abrupt,omd_paper_v2_literal,1,825,9,1,0.45293234909538455,83.99285263129819,0.21584017808429484,0.6696337535022896,0.0,0.0,0.44167066888560685,0.5099079683773109,0.6424675223329824,0.5374084400431351,0.5825996285888605,0.5769158618727864,0.649571468418837,0.506273150690185,0.40397856412380423,0.6538392816092983
abrupt,omd_paper_v2_literal,1,826,9,0,0.45293234909538455,84.44578498039358,0.21637065752649648,0.6617273836360846,0.0,0.0,0.44083797634284466,0.5094689226125587,0.6430983795569029,0.5378089032491502,0.5829656534855763,0.5769534023954529,0.6503945983589267,0.50610458973926,0.40349180101831883,0.6548789472692939
abrupt,omd_paper_v2_literal,1,827,5,0,0.13127991518140525,84.57706489557499,0.21536796716848597,0.6587402642612811,0.0,0.0,0.4424120015931328,0.5102986853097125,0.6419056739745597,0.5370520063027124,0.5822738073373199,0.5768824518532472,0.6488381723265223,0.506423160689296,0.4044119190611644,0.6529127910960626
abrupt,omd_paper_v2_literal,1,828,3,0,0.16371017181850367,84.7407750673935,0.21557738751575614,0.6573617007550022,0.0,0.0,0.4406108112913443,0.5080659913765493,0.6403258840211471,0.5374794450617122,0.5811516795208116,0.57459056001667,0.6479838206286838,0.5053399354377,0.4054007240599569,0.6528548756625056
abrupt,omd_paper_v2_literal,1,829,9,0,0.45293234909538455,85.19370741648889,0.21554416673027413,0.6494857501697715,0.0,0.0,0.4416357903609205,0.5092470756691433,0.640161740249605,0.5350916004638739,0.579448073652427,0.5749813635538502,0.6484963297937374,0.503640546817852,0.40711728637905203,0.6522897094099002
abrupt,omd_paper_v2_literal,1,830,5,1,0.13127991518140525,85.3249873316703,0.21454948006288577,0.6517386260745405,0.0,0.0,0.443202184673372,0.5100722741902635,0.6389708149332888,0.5343389674282571,0.5787588952191053,0.5749105891110219,0.6469435831001668,0.5039584098550531,0.40803459087253235,0.6503267479186667
abrupt,omd_paper_v2_literal,1,831,5,1,0.13127991518140525,85.45626724685171,0.2143943546552222,0.6540461756013685,0.0,0.0,0.44452895607249976,0.511714864483897,0.6401355968446075,0.5340245899011806,0.5795863690323405,0.5765970858868231,0.6475731015272818,0.5047559393455813,0.40730505381428783,0.6503695800136843
abrupt,omd_paper_v2_literal,1,832,5,0,0.13127991518140525,85.58754716203312,0.21424472629620456,0.6509151632045856,0.0,0.0,0.4458495098540526,0.5133485341876066,0.6412925956944487,0.5337118448607299,0.5804090318898422,0.5782729124869368,0.6481987892835454,0.5055492354254049,0.40657977255652034,0.6504121836313274
abrupt,omd_paper_v2_literal,1,833,5,1,0.13127991518140525,85.71882707721453,0.2144499752201664,0.6531958593736671,0.0,0.0,0.44404849211058156,0.5111201746728277,0.6397140650123075,0.5341384167402801,0.579286824793441,0.5759866758557778,0.6473452367771371,0.5044671879511043,0.407569143393623,0.6503540724813988
abrupt,omd_paper_v2_literal,1,834,5,1,0.13127991518140525,85.85010699239594,0.21429882596225075,0.6555298432908373,0.0,0.0,0.4453671836846786,0.512751985953888,0.6408702754784893,0.533826055403232,0.5801086654542913,0.577661145090926,0.647970361022752,0.5052595445594129,0.406844581930299,0.6503966260262549
abrupt,omd_paper_v2_literal,1,835,5,0,0.13127991518140525,85.98138690757735,0.21415309299129845,0.6523489423754227,0.0,0.0,0.44667971087072983,0.5143749545860167,0.6420187902889899,0.5335153088042381,0.5809257478799706,0.5793250480738956,0.6485916984501817,0.5060477121499909,0.4061242289999945,0.6504389536305651
abrupt,omd_paper_v2_literal,1,836,5,1,0.13127991518140525,86.11266682275875,0.2143539030915566,0.6546561926262882,0.0,0.0,0.4448818529434705,0.5121515564583086,0.6404450129720057,0.5339409984198064,0.57980630331385,0.5770451943586032,0.6477403922339015,0.5049679831530375,0.40711115259907843,0.6503809678335587
abrupt,omd_paper_v2_literal,1,837,5,1,0.13127991518140525,86.24394673794016,0.21420663347017893,0.6570153842532578,0.0,0.0,0.4461925685954137,0.5137727345248462,0.6415927870882983,0.5336306241612032,0.5806225952596437,0.5787078126588551,0.6483611902369613,0.5057552410494291,0.40639149167791855,0.650423246916953
abrupt,omd_paper_v2_literal,1,838,5,0,0.13127991518140525,86.37522665312157,0.21406470097452454,0.6537861220472477,0.0,0.0,0.4474971725321863,0.5153851470858598,0.6427329514589695,0.5333218471959792,0.5814341807950237,0.5803599672950384,0.6489782444820575,0.5065383536081335,0.40567599284295913,0.6504653025519338
abrupt,omd_paper_v2_literal,1,839,4,1,0.11716655026538358,86.49239320338695,0.21426114654856124,0.6561666452802554,0.0,0.0,0.44570251570919517,0.5131667469915613,0.6411639216865668,0.533746649572134,0.5803175050072449,0.5780865088359443,0.6481291856026409,0.5054609558840113,0.4066604643928896,0.6504074426657778
abrupt,omd_paper_v2_literal,1,840,4,0,0.11716655026538358,86.60955975365233,0.214195896451267,0.6528865195307936,0.0,0.0,0.4458578571980797,0.5134271646784406,0.6420126633795313,0.5351060020088609,0.5819491087351595,0.5788942451171201,0.6482065414052751,0.5070630092023077,0.4050797502676406,0.6508199473480685
abrupt,omd_paper_v2_literal,1,841,6,0,0.43699100497186033,87.04655075862419,0.21428762200800336,0.6453147535702578,0.0,0.0,0.4456427348080341,0.5130665224033881,0.6408370443691066,0.5332233632484052,0.5796891062411347,0.577775537039077,0.6480994128742701,0.5048443682681879,0.4072693253085841,0.6502486287179681
abrupt,omd_paper_v2_literal,1,842,3,1,0.16371017181850367,87.2102609304427,0.2134519878676115,0.6464682497439715,0.0,0.0,0.44596773669907896,0.5124890818634458,0.6393091605122554,0.5338964131008443,0.5795616923983558,0.5767610148503421,0.6461273981274794,0.5056532735217402,0.4075560348386116,0.6487113863644792
abrupt,omd_paper_v2_literal,1,843,3,0,0.16371017181850367,87.37397110226121,0.21347670154126558,0.6451527880697391,0.0,0.0,0.4450814817311192,0.5114702452548558,0.639452252550726,0.5359606309190736,0.5810348649785113,0.5764252890569405,0.6456836376565583,0.5071227118585868,0.4060711389476732,0.6492021183471774
abrupt,omd_paper_v2_literal,1,844,5,0,0.13127991518140525,87.50525101744262,0.21344884211177162,0.6420920976353707,0.0,0.0,0.4460990939644691,0.5126400474789738,0.6392879546029286,0.5335904306669943,0.5793432720217785,0.576810757675002,0.646193134488202,0.5054355188564619,0.4077762155313831,0.648638641464581
abrupt,omd_paper_v2_literal,1,845,3,1,0.16371017181850367,87.66896118926113,0.21365745019660698,0.6432595412165847,0.0,0.0,0.44431950399594883,0.5104388094933161,0.6377261059806475,0.5340129022829109,0.5782354046801303,0.5745511557720673,0.6453486120803884,0.5043676425135369,0.40875294545032104,0.6485821745473587
abrupt,omd_paper_v2_literal,1,846,3,0,0.16371017181850367,87.83267136107963,0.21368141282421438,0.6419274670098233,0.0,0.0,0.44343707503587276,0.509423470734771,0.6378693160749223,0.5360703821584731,0.5797053640436587,0.5742164836655863,0.6449059944737026,0.5058326833430888,0.4072712395802021,0.6490714338020003
abrupt,omd_paper_v2_literal,1,847,9,0,0.45293234909538455,88.28560371017502,0.21365440145529027,0.6341552040922069,0.0,0.0,0.44445076038968206,0.5105897936448335,0.6377048070789267,0.533706833307776,0.5780166874980017,0.5746009191255019,0.6454144126395192,0.5041497688748166,0.40897343270333425,0.6485093899758446
abrupt,omd_paper_v2_literal,1,848,3,0,0.16371017181850367,88.44931388199353,0.21266641381008491,0.6329948097661764,0.0,0.0,0.4460072312022966,0.5114087508933213,0.6365215923270608,0.532964214258656,0.5773370471950665,0.5745325009707649,0.643867201609014,0.5044701298280707,0.4098802516886386,0.6465528433639823
abrupt,omd_paper_v2_literal,1,849,5,1,0.13127991518140525,88.58059379717494,0.2126507194996716,0.6353066565466993,0.0,0.0,0.4470142574842538,0.5125661717225045,0.6363583573311364,0.5306160836045655,0.5756582967619327,0.574914092982591,0.644373039646604,0.5027992580305237,0.41157313049123995,0.6459936244727453
abrupt,omd_paper_v2_literal,1,850,5,0,0.13127991518140525,88.71187371235635,0.21249622114844355,0.6321910396667056,0.0,0.0,0.44832486762509954,0.5141853152741729,0.6375100972197151,0.5303062372566373,0.5764760589191935,0.5765768574347109,0.6449951321568597,0.5035862372147094,0.410851707707994,0.6460356085371449
abrupt,omd_paper_v2_literal,1,851,6,0,0.43699100497186033,89.14886471732821,0.21270662310187055,0.6246374568362775,0.0,0.0,0.4465496681748705,0.5119919301431424,0.6359495537592914,0.5307259548540108,0.5753682043057721,0.5743240383851027,0.6441523175155998,0.502520177986722,0.41182905104530343,0.6459787356524405
abrupt,omd_paper_v2_literal,1,852,3,0,0.16371017181850367,89.31257488914672,0.2118786590732212,0.6235456353146731,0.0,0.0,0.4468764801539242,0.5114241591974048,0.6344270096789324,0.5313895828385684,0.5752403070619639,0.5733193851739861,0.6421882702069808,0.5033215082959471,0.4121158143361594,0.6444444612703356
abrupt,omd_paper_v2_literal,1,853,5,0,0.13127991518140525,89.44385480432813,0.21186929230635282,0.6205489295555473,0.0,0.0,0.4478787344805166,0.5125753508615202,0.6342630099080012,0.5290512709765696,0.5735662884371847,0.5736983153422024,0.6426920448041304,0.5016577122619215,0.41380446176766206,0.6438857949879594
abrupt,omd_paper_v2_literal,1,854,9,0,0.45293234909538455,89.89678715342352,0.21209038059059873,0.612841757430304,0.0,0.0,0.4461151594039857,0.5103959754228922,0.6327070309106616,0.5294675701860939,0.5724630705876183,0.5714563146063845,0.6418531100091118,0.5005975427060381,0.4147780361799058,0.6438296488851626
abrupt,omd_paper_v2_literal,1,855,5,0,0.13127991518140525,90.02806706860493,0.21111610996700242,0.609932245556108,0.0,0.0,0.4476589564571128,0.5112078494729622,0.6315282840569488,0.5287318713834784,0.5717885145435544,0.5713890485836536,0.6403130261253854,0.5009163196906968,0.41567926182978493,0.6418794128314377
abrupt,omd_paper_v2_literal,1,856,3,1,0.16371017181850367,90.19177724042343,0.211345097425973,0.6109351066109729,0.0,0.0,0.44590489339070283,0.5090398049068873,0.6299758144463063,0.5291460052831991,0.5706900446198069,0.5691559930560437,0.639476168251936,0.4998617838017624,0.4166488908996292,0.6418234829336543
abrupt,omd_paper_v2_literal,1,857,3,1,0.16371017181850367,90.35548741224194,0.21135052565830237,0.6120429128708414,0.0,0.0,0.4450199395046549,0.5080220228405384,0.6301219355765705,0.5312145682804712,0.572174068156826,0.5688207006762567,0.6390286278009968,0.5013344099172297,0.4151515572850737,0.6423185927983595
abrupt,omd_paper_v2_literal,1,858,3,1,0.16371017181850367,90.51919758406045,0.21136204873986414,0.6132531804087333,0.0,0.0,0.4441405049774996,0.5070101253030138,0.6302671787812026,0.5332699747932625,0.573648129225033,0.5684873060330244,0.6385834644402572,0.5027984034248367,0.41366452941436704,0.6428105071452183
abrupt,omd_paper_v2_literal,1,859,3,1,0.16371017181850367,90.68290775587896,0.2113795519165882,0.6145634243208112,0.0,0.0,0.4432665485613196,0.5060040750417818,0.6304115511439554,0.5353122695714227,0.5751122934526073,0.5681557951494048,0.6381406624862683,0.5042538072960552,0.41218773682783255,0.6432992530649866
abrupt,omd_paper_v2_literal,1,860,3,1,0.16371017181850367,90.84661792769747,0.21140292145432737,0.6159711623671928,0.0,0.0,0.4423980291512272,0.5050038347759425,0.6305550597032323,0.5373414990412161,0.5765666266555807,0.56782615411134,0.637700206287839,0.5057006649682403,0.4107211089220239,0.6437848574611512
abrupt,omd_paper_v2_literal,1,861,3,0,0.16371017181850367,91.01032809951597,0.21143204466891893,0.6143424167432237,0.0,0.0,0.4415349057925747,0.5040093672076007,0.6306977114516452,0.539357711236642,0.5780111948103375,0.5674983690693549,0.6372620802290928,0.5071390203171072,0.40926457497777924,0.6442673470484488
abrupt,omd_paper_v2_literal,1,862,3,0,0.16371017181850367,91.17403827133448,0.21139870316011947,0.6128640454304372,0.0,0.0,0.4425396941769828,0.5051670153875378,0.6305316495115264,0.5370105362843499,0.5763294588083131,0.5678799353540462,0.6377720774480672,0.5054646326992135,0.41096026478808895,0.6437056568548648
abrupt,omd_paper_v2_literal,1,863,3,0,0.16371017181850367,91.33774844315299,0.21137344561428173,0.6115345519398795,0.0,0.0,0.4435391236378954,0.5063178970676292,0.630366519694859,0.5346753420797522,0.5746557180745381,0.5682592096318935,0.6382788105513839,0.5037998309494532,0.4126482232170873,0.6431468309131108
abrupt,omd_paper_v2_literal,1,864,9,1,0.45293234909538455,91.79068079224838,0.21135614816519646,0.6158497990908939,0.0,0.0,0.4445332166596525,0.5074620453388136,0.6302023162217367,0.5323521676431526,0.5729899750794659,0.5686362074407937,0.6387823034217823,0.5021445897992196,0.41432844178610195,0.6425908558062703
abrupt,omd_paper_v2_literal,1,865,9,0,0.45293234909538455,92.24361314134377,0.2118983434459856,0.6080909166749736,0.0,0.0,0.44368011204661384,0.5070139735536257,0.6308568165113214,0.5327550884691373,0.5733604102156213,0.5686742893669562,0.6396393408468726,0.5019644128379394,0.4138324999432742,0.6436708907349621
abrupt,omd_paper_v2_literal,1,866,3,1,0.16371017181850367,92.40732331316228,0.21092282019691175,0.6092334623756684,0.0,0.0,0.4452151952491057,0.5078201052679684,0.6296789396375648,0.5320301503478714,0.5726938896126054,0.5686057743706416,0.6380967813210087,0.5022885745805796,0.4147248897311085,0.6417267222401803
abrupt,omd_paper_v2_literal,1,867,3,1,0.16371017181850367,92.57103348498079,0.21093588584276304,0.6104760605749193,0.0,0.0,0.4443468677287721,0.5068205816293574,0.6298219400934348,0.5340604315687254,0.5741497196664902,0.568276252698511,0.6376556183783022,0.5037353729538985,0.4132563491313537,0.6422121901344763
abrupt,omd_paper_v2_literal,1,868,3,0,0.16371017181850367,92.7347436567993,0.21095479083344543,0.6090575483144017,0.0,0.0,0.44348389039752983,0.5058267747540137,0.6299640923515178,0.5360778728693456,0.5755958711263217,0.5679485736211796,0.6372167725018177,0.5051737561505603,0.4117978153039107,0.6426945661045409
abrupt,omd_paper_v2_literal,1,869,9,0,0.45293234909538455,93.18767600589469,0.21093357550582476,0.6013335148453761,0.0,0.0,0.44447537324137953,0.5069685312641437,0.6298007750997425,0.5337599859265857,0.5739343131823832,0.5683250311657395,0.6377209324242253,0.5035212262628215,0.41347362078979844,0.642140351233393
abrupt,omd_paper_v2_literal,1,870,3,0,0.16371017181850367,93.3513861777132,0.20995902530141872,0.6000865486510518,0.0,0.0,0.4460044585746441,0.5077703926690585,0.6286257299382989,0.533040827899208,0.5732725255080113,0.5682562264392972,0.6361793912677701,0.5038465106463265,0.4143604945800822,0.6401998558980231
abrupt,omd_paper_v2_literal,1,871,5,1,0.13127991518140525,93.4826660928946,0.20994884087286184,0.602297381552769,0.0,0.0,0.4469895622590248,0.5089036829500487,0.6284636692756392,0.5307377320229623,0.5716206508796334,0.5686299671381182,0.6366810305472577,0.5022055564391473,0.41602717072339795,0.6396484474268711
abrupt,omd_paper_v2_literal,1,872,5,1,0.13127991518140525,93.61394600807601,0.20977434065197273,0.6045681743921095,0.0,0.0,0.4483103414226881,0.5105357575643231,0.629636700638951,0.5304309712753748,0.5724523048130636,0.5703134994648438,0.6373129104484768,0.5030044892597625,0.4152925068841722,0.6396918955255337
abrupt,omd_paper_v2_literal,1,873,5,1,0.13127991518140525,93.74522592325742,0.2096055274622142,0.606897110278774,0.0,0.0,0.4496249862304957,0.5121591347005234,0.630802124930013,0.5301257805951493,0.5732792342044467,0.5719866776846847,0.6379410389178009,0.5037992583286015,0.41456203129520647,0.6397351157454392
abrupt,omd_paper_v2_literal,1,874,5,0,0.13127991518140525,93.87650583843883,0.2094423289870355,0.6037955093477962,0.0,0.0,0.45093351869702636,0.5137738470086607,0.6319599995386859,0.5298221486945903,0.5741014731414824,0.5736495555643518,0.6385654459194647,0.5045898908026987,0.4138357127369696,0.6397781098019852
abrupt,omd_paper_v2_literal,1,875,5,1,0.13127991518140525,94.00778575362024,0.20966184721646958,0.6060979525392605,0.0,0.0,0.44918216107763637,0.5116124412386467,0.6304098033196825,0.530228565136469,0.5730007867141299,0.5714233671530757,0.637729550526468,0.5035315982154709,0.41480799883187325,0.6397205603073608
abrupt,omd_paper_v2_literal,1,876,5,0,0.13127991518140525,94.13906566880165,0.20949725397075228,0.6030387271978876,0.0,0.0,0.45048879457247093,0.5132251887747854,0.631566716747297,0.5299253270976703,0.5738221172122621,0.5730846846415634,0.638353321111563,0.5043212315882241,0.4140824782118175,0.6397635004187362
abrupt,omd_paper_v2_literal,1,877,5,0,0.13127991518140525,94.27034558398306,0.20971811806728355,0.6001193033410173,0.0,0.0,0.4487439917095169,0.5110713703675108,0.6300213665477277,0.5303302848993653,0.5727251713533773,0.5708656960087418,0.6375201952993487,0.5032667023128448,0.4150514661695601,0.6397061550433869
abrupt,omd_paper_v2_literal,1,878,9,1,0.45293234909538455,94.72327793307845,0.20994617741493135,0.604434187887533,0.0,0.0,0.4470094461551046,0.508928261587894,0.628481345034626,0.530733112735034,0.5716331776325296,0.5686553310412925,0.6366905494290737,0.5022175875307243,0.4160161047655018,0.6396491017216016
abrupt,omd_paper_v2_literal,1,879,9,0,0.45293234909538455,95.17621028217384,0.21049094443159194,0.5967745554074586,0.0,0.0,0.4461517102520519,0.5084787233082554,0.6291400856714032,0.5311360114962164,0.5720039795201738,0.5686936395161638,0.6375545590218519,0.5020346449600049,0.4155188506680149,0.6407380978258506
abrupt,omd_paper_v2_literal,1,880,3,0,0.16371017181850367,95.33992045399235,0.209523238608542,0.5956854706070256,0.0,0.0,0.4476755362345309,0.5092772344612587,0.6279696259392421,0.5304203091961596,0.5713452634949103,0.5686255910753439,0.6360191976422507,0.5023596079746248,0.41640224796499165,0.6388027063905131
abrupt,omd_paper_v2_literal,1,881,5,0,0.13127991518140525,95.47120036917376,0.2095229689658338,0.5928450349170811,0.0,0.0,0.44865157448724496,0.5103994947918178,0.627806804173532,0.5281313867893911,0.5697007476900287,0.5689935618977124,0.6365173635343457,0.5007272477821972,0.41806163450392236,0.638254895498326
abrupt,omd_paper_v2_literal,1,882,9,0,0.45293234909538455,95.92413271826915,0.20975834699120294,0.5852158945894967,0.0,0.0,0.44692517490396233,0.5082663042608162,0.62627012042892,0.5285320460274734,0.568611468800018,0.5667910848788901,0.6356907480738238,0.49968246308429254,0.41902420737643187,0.6381979796889967
abrupt,omd_paper_v2_literal,1,883,5,1,0.13127991518140525,96.05541263345056,0.20879903810826625,0.5874051351139019,0.0,0.0,0.44844154630272054,0.5090604348839516,0.6251019815780652,0.5278204788513529,0.5679555432582546,0.5667232264518528,0.6341594946023724,0.5000065900209391,0.4199045103054557,0.636266593018583
abrupt,omd_paper_v2_literal,1,884,5,1,0.13127991518140525,96.18669254863197,0.208618683312162,0.5896555555297299,0.0,0.0,0.44975521452498674,0.5106826647290245,0.626272300461463,0.5275157184263619,0.5687842834909117,0.5683985024820488,0.6347892932641558,0.5008011492815104,0.41917201481941646,0.636309932970705
abrupt,omd_paper_v2_literal,1,885,5,0,0.13127991518140525,96.31797246381338,0.20844401970339138,0.5867021515490279,0.0,0.0,0.4510628202032363,0.5122963256734591,0.6274351339388338,0.5272125055198303,0.5696083781179031,0.5700636084645438,0.6354153945290786,0.5015916168471161,0.41844364106120224,0.6363530477606664
abrupt,omd_paper_v2_literal,1,886,6,0,0.43699100497186033,96.75496346878523,0.20867542229864877,0.5792966136241053,0.0,0.0,0.44933807753917776,0.5101676659208778,0.6259009098378866,0.5276124752524418,0.5685212185760821,0.5678668075961656,0.6345893961751208,0.5005488948007379,0.41940452725880456,0.6362961737485383
abrupt,omd_paper_v2_literal,1,887,3,0,0.16371017181850367,96.91867364060374,0.20786691655209538,0.5782952794950664,0.0,0.0,0.4496702716418483,0.5096269146948691,0.6244027691782866,0.5282538237778057,0.5683972172813326,0.5668934932376403,0.6326518814287962,0.5013342079081959,0.4196856476458644,0.6347763427233596
abrupt,omd_paper_v2_literal,1,888,5,1,0.13127991518140525,97.04995355578515,0.20787610886381774,0.5805408427638363,0.0,0.0,0.45063989319324693,0.5107407576250997,0.6242388437538022,0.5259771290897916,0.5667582792318738,0.5672576627500855,0.6331484606000113,0.4997100562077801,0.42134014120243507,0.6342290658230568
abrupt,omd_paper_v2_literal,1,889,5,1,0.13127991518140525,97.18123347096656,0.20769715113596518,0.5828469130190245,0.0,0.0,0.45194797268286974,0.5123541293065837,0.6254038368328587,0.5256744445455475,0.5675836326148417,0.5689235561452634,0.6337750599762444,0.500501154059477,0.4206104533460565,0.6342718904637773
abrupt,omd_paper_v2_literal,1,890,5,0,0.13127991518140525,97.31251338614797,0.20752385721468455,0.5798136956454982,0.0,0.0,0.4532500112006891,0.5139589817606581,0.6265614226447287,0.5253732916633084,0.5684043863305459,0.5705793702546053,0.6343980010470416,0.5012881973300476,0.4198848471187826,0.6343144936448559
abrupt,omd_paper_v2_literal,1,891,5,0,0.13127991518140525,97.44379330132938,0.20775394733713792,0.5769210051560288,0.0,0.0,0.45152894867467236,0.5118374260711147,0.6250308710027275,0.5257713902208462,0.5673193295718714,0.5683901727793389,0.6335744222745402,0.5002477818325948,0.4208441197040503,0.634258174846498
abrupt,omd_paper_v2_literal,1,892,3,1,0.16371017181850367,97.60750347314789,0.20799106627152486,0.5778288635935862,0.0,0.0,0.4498178386507206,0.5097262980963939,0.6235056632705285,0.5261674201123177,0.5662391813394204,0.5662095173831272,0.6327542805924833,0.499212685614933,0.4217990793874228,0.6342021404589402
abrupt,omd_paper_v2_literal,1,893,3,1,0.16371017181850367,97.7712136449664,0.20798240439132512,0.5788454599288657,0.0,0.0,0.4489509401142316,0.5087301835581913,0.6236537746849803,0.5282062999462485,0.5677084771002923,0.565884824841764,0.6323099412930877,0.5006682184483047,0.4203159079966961,0.6346924057676203
abrupt,omd_paper_v2_literal,1,894,3,1,0.16371017181850367,97.9349238167849,0.2079798720421453,0.5799682910469062,0.0,0.0,0.44808931352823594,0.5077397048563729,0.6238010149772973,0.5302325710496264,0.5691681784521662,0.5655619356860194,0.6318679237447864,0.5021154045050956,0.418842655570664,0.6351795866987913
abrupt,omd_paper_v2_literal,1,895,3,0,0.16371017181850367,98.09863398860341,0.20798335914079938,0.5787062263425048,0.0,0.0,0.44723292077381205,0.5067548273527606,0.6239473909872938,0.5322462727057155,0.5706183456103056,0.5652408369522383,0.6314282129765144,0.5035542835291996,0.4173792575649116,0.635663708575758
abrupt,omd_paper_v2_literal,1,896,3,0,0.16371017181850367,98.26234416042192,0.20797985879072764,0.5775932457465414,0.0,0.0,0.44820185436484267,0.5078690994638445,0.6237817815688075,0.5299679246713972,0.5689775583323498,0.5656041194131463,0.6319256792193556,0.5019263531324086,0.4190350320377453,0.6351159596110963
abrupt,omd_paper_v2_literal,1,897,9,1,0.45293234909538455,98.71527650951731,0.2079839784478299,0.581948036027651,0.0,0.0,0.44916565298724853,0.5089769402973557,0.6236170877959722,0.5277013290489251,0.5673446241852922,0.5659652605072262,0.6324200306436129,0.5003076649424603,0.42068317506303476,0.6345709869190087
abrupt,omd_paper_v2_literal,1,898,9,1,0.45293234909538455,99.1682088586127,0.20853258884262837,0.5862927211434849,0.0,0.0,0.4482992561607408,0.5085238133202536,0.6242853245409046,0.5281052440546714,0.5677172316663108,0.5660038530037339,0.6332977530392858,0.50011996415486,0.4201821329485856,0.6356769581276152
abrupt,omd_paper_v2_literal,1,899,9,0,0.45293234909538455,99.62114120770809,0.20907898140755496,0.5787113444617443,0.0,0.0,0.4474366598984897,0.5080724970435823,0.6249504004366323,0.5285074960287938,0.5680882626155572,0.5660422893029148,0.6341710629111331,0.49993301915505195,0.4196832718448882,0.636777053204391
abrupt,omd_paper_v2_literal,1,900,9,0,0.45293234909538455,100.07407355680348,0.20812492644105307,0.5711833559840339,0.0,0.0,0.44894303085910914,0.508860525445687,0.6237888144975996,0.5278051053474979,0.5674403608407379,0.5659751756695947,0.6326456169097487,0.5002594413399266,0.4205544329556176,0.6348552663107451
abrupt,omd_paper_v2_literal,1,901,5,1,0.13127991518140525,100.20535347198489,0.207174705239257,0.5733955437500187,0.0,0.0,0.45044426598005566,0.5096453360378772,0.6226304906177724,0.5271054343435724,0.5667948393411503,0.5659083299541895,0.6311236702835967,0.5005845485295136,0.4214225773073791,0.6329369393183377
abrupt,omd_paper_v2_literal,1,902,5,1,0.13127991518140525,100.3366333871663,0.20699236633250934,0.5756692488867454,0.0,0.0,0.4517488392989047,0.5112546452353822,0.6237951779670784,0.5268055237596967,0.5676200177829799,0.5675717671906805,0.6317498485093164,0.5013756274709461,0.4206928226006011,0.6329800869135516
abrupt,omd_paper_v2_literal,1,903,5,1,0.13127991518140525,100.46791330234771,0.20681570333405383,0.578002593637733,0.0,0.0,0.4530474193029319,0.5128555174711569,0.6249525083570837,0.5265071231589015,0.5684406166418955,0.5692252123794437,0.6323723935826826,0.5021626660393219,0.41996713254005813,0.6330230123932937
abrupt,omd_paper_v2_literal,1,904,5,1,0.13127991518140525,100.59919321752912,0.2066446466549367,0.5803937292471982,0.0,0.0,0.454340027180773,0.5144479834848238,0.6261025352734596,0.52621022190639,0.5692566679341844,0.5708687151425945,0.6329913337205108,0.5029456898465687,0.41924547773576026,0.6330657173915986
abrupt,omd_paper_v2_literal,1,905,5,1,0.13127991518140525,100.73047313271053,0.20647912696389292,0.582840836989521,0.0,0.0,0.45562668442661636,0.5160320745642261,0.6272453119934264,0.5259148094330451,0.570068203520933,0.5725023255400431,0.633606696939777,0.5037247244194994,0.4185278289654609,0.6331082035310589
abrupt,omd_paper_v2_literal,1,906,5,0,0.13127991518140525,100.86175304789194,0.2063190752047495,0.5795740330232398,0.0,0.0,0.45690741282741104,0.5176078225227391,0.6283808915786043,0.5256208752357254,0.5708752551054224,0.5741260940434365,0.6342185110572542,0.5044997951967719,0.41781415717623904,0.6331504724228212
abrupt,omd_paper_v2_literal,1,907,5,0,0.13127991518140525,100.99303296307335,0.20653480999074342,0.5764455125215363,0.0,0.0,0.45518970540811393,0.5154941974126623,0.6268574165944192,0.5260151250402687,0.5697926714184897,0.5719477739448244,0.6333977860790898,0.5034601885676135,0.4187714833019287,0.6330937766944188
abrupt,omd_paper_v2_literal,1,908,5,1,0.13127991518140525,101.12431287825476,0.20675769365001756,0.578784391382821,0.0,0.0,0.4534817439562452,0.5133907130688043,0.6253391450093434,0.5264073484659693,0.5687149009056613,0.5697777007189695,0.6325804436850343,0.5024258107603508,0.4197245745483913,0.6330373640880369
abrupt,omd_paper_v2_literal,1,909,5,0,0.13127991518140525,101.25559279343616,0.20658948478915098,0.5756969161460229,0.0,0.0,0.45476475205970923,0.5149710067357708,0.6264799806990518,0.5261126931392092,0.5695246387532409,0.5714082261629637,0.6331945446904693,0.5032028908214756,0.4190085071896589,0.6330797444707188
abrupt,omd_paper_v2_literal,1,910,6,1,0.43699100497186033,101.69258379840802,0.2068136162811679,0.5799747301643212,0.0,0.0,0.4530629754802883,0.5128746885689505,0.6249663603477561,0.5265035492891901,0.5684504421661878,0.5692450053678296,0.632379846740601,0.5021720918433862,0.41995844350103095,0.6330235264717243
abrupt,omd_paper_v2_literal,1,911,6,1,0.43699100497186033,102.12957480337988,0.20728364413856123,0.5842444128908914,0.0,0.0,0.4528646276468187,0.5131784841451977,0.6258247595729506,0.5261358146654461,0.5685187094227266,0.5697977334081022,0.6334950162476596,0.5017160913869203,0.41979907076827033,0.6339021717924569
abrupt,omd_paper_v2_literal,1,912,6,0,0.43699100497186033,102.56656580835174,0.20775196333958315,0.5768646062886715,0.0,0.0,0.45266709523434495,0.5134810439056797,0.6266789079058275,0.5257695360588754,0.5685866985606004,0.5703480577301193,0.6346042652810475,0.5012619285389236,0.41964035789810505,0.634776386241608
abrupt,omd_paper_v2_literal,1,913,3,1,0.16371017181850367,102.73027598017025,0.20694199926652218,0.5777782744778923,0.0,0.0,0.453008789294944,0.5129576804623843,0.6252009363027414,0.5264030943046425,0.5684690916880493,0.5693960169216663,0.632684630193713,0.5020475218692139,0.41991490436564144,0.633263643058649
abrupt,omd_paper_v2_literal,1,914,3,0,0.16371017181850367,102.89398615198876,0.20693441981798552,0.5767674867427246,0.0,0.0,0.4521515731705284,0.5119741346686092,0.6253500654148624,0.5284245476743749,0.5699266522568105,0.5690786167524295,0.6322447968002521,0.503493469324024,0.4184439154697818,0.6337498924236781
abrupt,omd_paper_v2_literal,1,915,6,0,0.43699100497186033,103.33097715696061,0.20694325082549375,0.5694372639152561,0.0,0.0,0.45310668905522716,0.5130699812122668,0.62518390635932,0.5261722166597254,0.5683025829719038,0.5694322559000913,0.6327348389000033,0.501882412530801,0.42008296151026325,0.633208102986701
abrupt,omd_paper_v2_literal,1,916,3,1,0.16371017181850367,103.49468732877912,0.20613695582359803,0.5703922380374769,0.0,0.0,0.45344785020855893,0.5125495412075542,0.6237092995994671,0.5268014164271256,0.5681841259359307,0.5684837738365381,0.6308191088310425,0.5026636036261747,0.4203578102132902,0.6316982016827766
abrupt,omd_paper_v2_literal,1,917,3,0,0.16371017181850367,103.65839750059763,0.20612997271314334,0.5693338940788617,0.0,0.0,0.45259356238665915,0.5115696919982756,0.6238584581542186,0.5288151181315757,0.5696365918185717,0.5681675984404017,0.6303804117497341,0.5041040336824634,0.4188917321389292,0.6321838811964704
abrupt,omd_paper_v2_literal,1,918,5,0,0.13127991518140525,103.78967741577904,0.2061381571402627,0.5663984344196777,0.0,0.0,0.45354692501935906,0.512663151264407,0.6236920027453925,0.5265678646135933,0.5680156322235977,0.5685204316188687,0.6308699629682023,0.5024965785675678,0.4205278973761043,0.6316418685324477
abrupt,omd_paper_v2_literal,1,919,3,0,0.16371017181850367,103.95338758759755,0.20637318034413404,0.5654508472238378,0.0,0.0,0.45185701254780997,0.5105815352541249,0.6221858498755851,0.526952937487057,0.5669459323484252,0.566369349500901,0.6300620370867921,0.5014693605749696,0.42147391212549723,0.6315879654173858
abrupt,omd_paper_v2_literal,1,920,6,0,0.43699100497186033,104.3903785925694,0.2063886272330175,0.5581205406085772,0.0,0.0,0.45280505552639044,0.5116692708041047,0.622019613901,0.5247159571953834,0.5653303618443455,0.5667203448694594,0.6305491808294256,0.4998695558585984,0.42310492647515324,0.6310482522954923
abrupt,omd_paper_v2_literal,1,921,3,0,0.16371017181850367,104.55408876438791,0.20558862285707727,0.5572557303854103,0.0,0.0,0.45314672395851646,0.5111535382483214,0.6205473672984875,0.5253396550994945,0.5652109118794031,0.5657763028770961,0.6286383587527451,0.5006459382569477,0.42338049761959207,0.6295408125319434
abrupt,omd_paper_v2_literal,1,922,5,0,0.13127991518140525,104.68536867956932,0.20561008323579436,0.5544018090016307,0.0,0.0,0.4540910770030799,0.5122362207382649,0.6203812156819705,0.523112119168437,0.5636010542849978,0.5661255976668123,0.6291236004477215,0.499053484463416,0.42500623493396694,0.6290018932026793
abrupt,omd_paper_v2_literal,1,923,9,0,0.45293234909538455,105.13830102866471,0.2058551880315649,0.5470223990796106,0.0,0.0,0.4524103751492668,0.5101666621918948,0.6188787327791316,0.523493998905432,0.5625339756237533,0.5639840979991932,0.6283195880383295,0.4980307719925778,0.4259504021973938,0.6289485075769988
abrupt,omd_paper_v2_literal,1,924,5,0,0.13127991518140525,105.26958094384612,0.20492262167339959,0.5442546996808156,0.0,0.0,0.45389500617261935,0.5109433768720633,0.6177335429064715,0.5228041797804034,0.5618986573591741,0.5639216315783142,0.6268127742140123,0.49835407670998955,0.4268066836255777,0.6270447980221123
abrupt,omd_paper_v2_literal,1,925,3,1,0.16371017181850367,105.43329111566463,0.2051752702906825,0.5450721207106495,0.0,0.0,0.452223043466214,0.5088842358678494,0.6162348637725953,0.5231841331318169,0.5608361820215398,0.5617887288710048,0.6260109279173363,0.4973366349442041,0.42774697938111894,0.6269916273196839
abrupt,omd_paper_v2_literal,1,926,3,0,0.16371017181850367,105.59700128748314,0.2051528882913859,0.5441796048235586,0.0,0.0,0.4513687372754796,0.5079036607613472,0.6163863496530901,0.5252027541988545,0.5622976352061015,0.561472220564713,0.6255695542509733,0.4987804023681322,0.4262708322357592,0.6274806950842652
abrupt,omd_paper_v2_literal,1,927,3,1,0.16371017181850367,105.76071145930165,0.2051778433119999,0.5449829824547477,0.0,0.0,0.45230842909144253,0.5089822202438578,0.6162197246813865,0.5229823713793954,0.5606900818554398,0.5618203545087391,0.6260550224908484,0.4971923625786299,0.42789456064114767,0.6269427409106407
abrupt,omd_paper_v2_literal,1,928,3,0,0.16371017181850367,105.92442163112015,0.20515489736893266,0.5441065383844057,0.0,0.0,0.4514561383364524,0.5080039978812484,0.6163708503836233,0.5249962419843913,0.5621481459077121,0.5615046085628469,0.6256147260022782,0.49863267216138957,0.4264218143919376,0.6274306647563006
abrupt,omd_paper_v2_literal,1,929,9,1,0.45293234909538455,106.37735398021555,0.20518044733197208,0.5485054398895262,0.0,0.0,0.45239285173256405,0.5090790957008163,0.6162047565976073,0.5227828842551687,0.5605456237962883,0.5618516219546296,0.6260986162796002,0.4970497224480134,0.42804048531585165,0.626894404874973
abrupt,omd_paper_v2_literal,1,930,9,0,0.45293234909538455,106.83028632931094,0.20573228126439913,0.5411133114854064,0.0,0.0,0.4515143723806883,0.5086198123265059,0.6168844026053558,0.5231894007312792,0.5609207126994881,0.561888994564933,0.6269930605269621,0.49685646019095786,0.42753431610750675,0.6280226861366276
abrupt,omd_paper_v2_literal,1,931,5,0,0.13127991518140525,106.96156624449235,0.20480438828811143,0.5384584576078042,0.0,0.0,0.452991743274419,0.5093921082001541,0.615741288385321,0.5225058085863585,0.5602899450269176,0.5618261505224265,0.6254885196514378,0.4971814394385321,0.4283855476396804,0.6261246398914065
abrupt,omd_paper_v2_literal,1,932,3,0,0.16371017181850367,107.12527641631085,0.20506405065422798,0.5377106098454721,0.0,0.0,0.4513294873263102,0.5073439697845157,0.6142470562257848,0.5228818002471931,0.5592304110445236,0.5597019659804647,0.624690079920792,0.49616754261053536,0.42932354510187465,0.6260712721080506
abrupt,omd_paper_v2_literal,1,933,6,0,0.43699100497186033,107.56226742128271,0.20509832020768035,0.5303790990585516,0.0,0.0,0.45225989118785337,0.5084124212461286,0.6140818644950163,0.5206800681745528,0.5576344655311734,0.5600470026667015,0.6251725121307703,0.4945928948315945,0.43093586196798567,0.6255382060887273
abrupt,omd_paper_v2_literal,1,934,3,0,0.16371017181850367,107.72597759310122,0.20431527243082812,0.5297173419582668,0.0,0.0,0.4525996849683963,0.507905588646528,0.6126169722255298,0.521294063715457,0.5575151979274422,0.5591132921131171,0.6232749367228275,0.4953589809304917,0.4312102961468371,0.6240395164986263
abrupt,omd_paper_v2_literal,1,935,6,0,0.43699100497186033,108.16296859807308,0.20435541601529456,0.5223745250093197,0.0,0.0,0.4535265011669561,0.5089691324055963,0.6124518798154479,0.5191016703942266,0.5559250292560437,0.5594566564322224,0.6237554621173553,0.49379156435286614,0.4328172338161458,0.6235072800210473
abrupt,omd_paper_v2_literal,1,936,5,1,0.13127991518140525,108.29424851325449,0.2035747833652902,0.524480639224602,0.0,0.0,0.45386570671500853,0.5084643988980531,0.6109894710917819,0.5197129475853393,0.5558054349851559,0.5585258799113434,0.6218614811980469,0.49455449554137604,0.4330916841883682,0.6220100951606051
abrupt,omd_paper_v2_literal,1,937,5,1,0.13127991518140525,108.4255284284359,0.20336452295444057,0.5266564026667703,0.0,0.0,0.455171267017686,0.5100709165437857,0.6121650445432635,0.5194189576612992,0.5566388544159538,0.5601933080594841,0.6224885592409544,0.4953512537982619,0.43235351876856526,0.6220513521439989
abrupt,omd_paper_v2_literal,1,938,5,1,0.13127991518140525,108.5568083436173,0.20316016357463512,0.5288997045367566,0.0,0.0,0.45647087737130404,0.5116691533150031,0.6133334149587866,0.5191264320098568,0.5574677687179252,0.5618510084069287,0.6231120789599759,0.4961440309176587,0.43161936142324303,0.6220924000121859
abrupt,omd_paper_v2_literal,1,939,5,1,0.13127991518140525,108.68808825879871,0.2029616377804698,0.5312084619763052,0.0,0.0,0.45776455784054243,0.513259137192949,0.6144946317923929,0.5188353605480032,0.5582922078980096,0.5634990250427149,0.6237320670374353,0.496932850999381,0.43088918443610325,0.6221332402620049
abrupt,omd_paper_v2_literal,1,940,5,0,0.13127991518140525,108.81936817398012,0.2027688782612791,0.5282374901593516,0.0,0.0,0.4590523288096742,0.5148408967346984,0.6156487443609147,0.51854573325141,0.5591122018436835,0.5651374025662097,0.6243485499820034,0.49771773808353653,0.43016296022762934,0.6221738743804582
abrupt,omd_paper_v2_literal,1,941,5,1,0.13127991518140525,108.95064808916153,0.20301903554903417,0.5305206790466671,0.0,0.0,0.4573872362328319,0.5127954937420829,0.614156132693659,0.5189202438873423,0.558051818632621,0.5630185750000938,0.62355130840386,0.4967028142120522,0.4311020871311043,0.6221213306423612
abrupt,omd_paper_v2_literal,1,942,5,1,0.13127991518140525,109.08192800434294,0.20282514789624945,0.5328675062010659,0.0,0.0,0.4586730414427123,0.5143751210827154,0.6153090096273265,0.5186310255692506,0.5588707588786501,0.5646550704230268,0.6241670465055811,0.4974865989434735,0.43037679159331677,0.6221619084035092
abrupt,omd_paper_v2_literal,1,943,5,1,0.13127991518140525,109.21320791952435,0.2026369463986873,0.5352759577288851,0.0,0.0,0.4599529854692908,0.5159465915387896,0.6164548574672164,0.5183432361540399,0.5596853002260699,0.5662820134928315,0.6247793180266601,0.49826649001595225,0.42965540694635085,0.6222022822502858
abrupt,omd_paper_v2_literal,1,944,5,1,0.13127991518140525,109.34448783470576,0.2024543645943025,0.5377440516408357,0.0,0.0,0.4612270890328787,0.5175099343442232,0.6175937248572138,0.5180568658033027,0.5604954720972161,0.5678994492291424,0.625388148953426,0.49904251115495557,0.4289379060828864,0.622242453640278
abrupt,omd_paper_v2_literal,1,945,5,1,0.13127991518140525,109.47576774988717,0.20227733620433838,0.5402698391224522,0.0,0.0,0.46249537313647215,0.5190651792436943,0.618725660284933,0.5177719047375333,0.5613013037884365,0.5695074230881308,0.6259935650987865,0.49981468601832296,0.42822426203596187,0.622282424021303
abrupt,omd_paper_v2_literal,1,946,5,1,0.13127991518140525,109.60704766506858,0.20210579515077312,0.5428514056469683,0.0,0.0,0.4637578590539825,0.5206123564719275,0.619850712074671,0.5174883432364076,0.5621028244674232,0.5711059809385894,0.626595592101718,0.5005830381933101,0.4275144479806804,0.6223221948313977
abrupt,omd_paper_v2_literal,1,947,5,1,0.13127991518140525,109.73832758024999,0.20193967557321363,0.5454868719373227,0.0,0.0,0.4650145683187315,0.5221514967334437,0.6209689283806535,0.5172061716390375,0.5629000631706689,0.5726951690386302,0.6271942554268244,0.5013475911937465,0.4268084372358182,0.6223617674988104
abrupt,omd_paper_v2_literal,1,948,5,1,0.13127991518140525,109.8696074954314,0.20177891184524135,0.5481743947843225,0.0,0.0,0.4662655227122103,0.5236826311827669,0.6220803571805678,0.5169253803442012,0.5636930488010458,0.5742750340129875,0.6277895803639638,0.5021083684573036,0.4261062032653371,0.6224011434419964
abrupt,omd_paper_v2_literal,1,949,5,1,0.13127991518140525,110.0008874106128,0.20162343859021453,0.5509121677282354,0.0,0.0,0.4675107442530962,0.5252057914050823,0.6231850462693722,0.5166459598105502,0.5644818101255032,0.5758456228309157,0.6283815920279404,0.5028653933428718,0.42540771967980473,0.622440324069615
abrupt,omd_paper_v2_literal,1,950,5,0,0.13127991518140525,110.13216732579421,0.2014731906965324,0.5472051771912844,0.0,0.0,0.46875025518652536,0.5267210093973405,0.6242830432533778,0.5163679005567917,0.5652663757728817,0.5774069827846716,0.6289703153582598,0.5036186891280431,0.4247129602377245,0.6224793107805314
abrupt,omd_paper_v2_literal,1,951,5,1,0.13127991518140525,110.26344724097562,0.2016785639978272,0.5499171988774582,0.0,0.0,0.46706505056067854,0.5246607272961036,0.6227898408049676,0.5167459614921832,0.564199561396509,0.5752837066070644,0.6281697639798811,0.5025944666612272,0.425657662564358,0.6224263020862139
abrupt,omd_paper_v2_literal,1,952,5,1,0.13127991518140525,110.39472715615703,0.20152688330216112,0.5526780525032167,0.0,0.0,0.4683030205604209,0.5261744060454645,0.6238870557786556,0.5164682196381382,0.564983358552229,0.5768438537271705,0.6287579604865635,0.5033469176405275,0.42496358061587663,0.6224652453816426
abrupt,omd_paper_v2_literal,1,953,5,1,0.13127991518140525,110.52600707133844,0.2013803565647753,0.5554860080204503,0.0,0.0,0.4695353271940241,0.5276802089891618,0.6249776474529071,0.5161918252076133,0.5657630023852847,0.5783948555092503,0.6293429034090909,0.5040956758085133,0.4242731847022535,0.6225039967642341
abrupt,omd_paper_v2_literal,1,954,5,1,0.13127991518140525,110.65728698651985,0.20123891969919294,0.558339372890549,0.0,0.0,0.47076199285927184,0.5291781684761468,0.6260616627037101,0.5159167688992125,0.5665385210481094,0.5799367593158251,0.6299246171861642,0.5048407641041686,0.4235864490519113,0.6225425576048527
abrupt,omd_paper_v2_literal,1,955,5,1,0.13127991518140525,110.78856690170126,0.2011025089181848,0.5612364923289984,0.0,0.0,0.4719830401510312,0.5306683172152313,0.627139148206389,0.5156430414712765,0.5673099425514496,0.5814696127753389,0.6305031260828516,0.5055822053800393,0.4229033480425601,0.6225809292646961
abrupt,omd_paper_v2_literal,1,956,5,1,0.13127991518140525,110.91984681688267,0.20097106074693327,0.5641757494497767,0.0,0.0,0.4731984918515624,0.5321506882580104,0.6282101504306805,0.5153706337419866,0.5680772947625973,0.5829934637629658,0.6310784541905547,0.506320022400108,0.42222385620220704,0.622619113095304
abrupt,omd_paper_v2_literal,1,957,5,0,0.13127991518140525,111.05112673206408,0.20084451203569556,0.5600764660149711,0.0,0.0,0.4744083709210624,0.5336253149821968,0.6292747156360429,0.5150995365894485,0.5688406054037224,0.5845083603819473,0.6316506254270282,0.507054237837762,0.42154794821009006,0.6226571104385705
abrupt,omd_paper_v2_literal,1,958,5,0,0.13127991518140525,111.18240664724549,0.2010228694836114,0.5561067247952913,0.0,0.0,0.4727146424846635,0.5315606970438145,0.6277839882267294,0.5154790667306806,0.5677718891771176,0.58238708315294,0.630849489406488,0.5060263374841052,0.42249429278256334,0.622603914205383
abrupt,omd_paper_v2_literal,1,959,5,1,0.13127991518140525,111.3136865624269,0.2012086348491128,0.5589531090936669,0.0,0.0,0.47102973349996663,0.529504996730628,0.6262980578192634,0.5158567425388149,0.5667077179956332,0.5802730401716327,0.6300515135433555,0.5050033607187505,0.42343662302728413,0.6225509724657226
abrupt,omd_paper_v2_literal,1,960,5,1,0.13127991518140525,111.4449664776083,0.20107408460608667,0.5618423991552552,0.0,0.0,0.47224250999412415,0.5309848476927422,0.6273679108361333,0.5155848835771777,0.5674737984189464,0.5817950844304242,0.6306259890313022,0.5057397304319105,0.4227582529006938,0.6225890815868392
abrupt,omd_paper_v2_literal,1,961,5,0,0.13127991518140525,111.57624639278971,0.20094442636528065,0.5578327054787363,0.0,0.0,0.4734497602919037,0.5324570177192026,0.6284313651568577,0.5153143271582887,0.568235862362429,0.5833082402242156,0.6311973254902652,0.5064725224972056,0.4220834449460269,0.6226270053297563
abrupt,omd_paper_v2_literal,1,962,5,1,0.13127991518140525,111.70752630797112,0.20112621459872906,0.5606970261943595,0.0,0.0,0.47176800827379795,0.5304059644655642,0.6269495112392324,0.5156912412330319,0.5671741309716196,0.5811998146984128,0.6304012869449809,0.505451650971534,0.4230236100343355,0.6225741727329411
abrupt,omd_paper_v2_literal,1,963,5,0,0.13127991518140525,111.83880622315253,0.2009950196860835,0.5567317436222183,0.0,0.0,0.47297393951315253,0.5318768947404002,0.62801240075935,0.5154209557748168,0.5679355677972605,0.5827120842360477,0.6309722029752255,0.5061837289007689,0.42234935529709566,0.6226120595864848
abrupt,omd_paper_v2_literal,1,964,5,0,0.13127991518140525,111.97008613833394,0.20117848728294077,0.552894950463813,0.0,0.0,0.47129812392973425,0.5298325723647341,0.6265349513692448,0.5157965737899761,0.566877299392617,0.5806100413555609,0.6301786919101932,0.5051663407226659,0.42328645687489636,0.6225594071489822
abrupt,omd_paper_v2_literal,1,965,5,0,0.13127991518140525,112.10136605351535,0.20136916551521392,0.5491872526324031,0.0,0.0,0.4696310108802357,0.5277970886322612,0.6250622607390538,0.5161703673972885,0.5658235150993896,0.5785152005331912,0.6293882985777246,0.5041538036020571,0.4242195993581746,0.6225070050939402
abrupt,omd_paper_v2_literal,1,966,6,0,0.43699100497186033,112.53835705848721,0.20156692950148133,0.5418563272366709,0.0,0.0,0.46797259017144727,0.5257704787419787,0.6235943529550952,0.5165423448682654,0.5647742090190189,0.5764276275140222,0.6286010188364682,0.5031461035604252,0.4251487895874869,0.6224548522820236
abrupt,omd_paper_v2_literal,1,967,5,0,0.13127991518140525,112.66963697366862,0.20074877197762436,0.538281293710934,0.0,0.0,0.4683423432126121,0.5252961201038756,0.6221619109732136,0.5171520113257936,0.5646712186902986,0.5755328848860949,0.6267167395494582,0.5039304964104112,0.42540891591800684,0.6209466904490888
abrupt,omd_paper_v2_literal,1,968,6,0,0.43699100497186033,113.10662797864047,0.20095671368141405,0.5310095153181822,0.0,0.0,0.4666948520797409,0.5232815621175803,0.6206995042439533,0.5175213211509038,0.5636279949692521,0.5734551095669431,0.6259329659486885,0.5029288694230917,0.4263327608075716,0.620895414399458
abrupt,omd_paper_v2_literal,1,969,4,1,0.11716655026538358,113.22379452890586,0.20014642657684079,0.5332068511768838,0.0,0.0,0.4670633946807787,0.5228105068241358,0.6192710750153212,0.5181275150294785,0.5635260238724132,0.5725645254412733,0.6240535789137918,0.5037096693010908,0.42659122956226836,0.6193927915786969
abrupt,omd_paper_v2_literal,1,970,4,0,0.11716655026538358,113.34096107917124,0.20002323112426024,0.530379550122302,0.0,0.0,0.4672104858607711,0.5230549083398882,0.6201172588416692,0.5194786566370991,0.5651476757876644,0.5733507337443883,0.6241212853909784,0.5052894442613891,0.4250142103896393,0.6198095851501977
abrupt,omd_paper_v2_literal,1,971,5,1,0.13127991518140525,113.47224099435265,0.20018356987219751,0.5330139342535725,0.0,0.0,0.4670202677669939,0.5227388447877066,0.6190228312826775,0.5177313012229784,0.5630502867531697,0.5723339348518679,0.6240337260576357,0.5032464545493002,0.4270539054881214,0.6192705518573034
abrupt,omd_paper_v2_literal,1,972,5,0,0.13127991518140525,113.60352090953405,0.20002517244327322,0.5294977329309694,0.0,0.0,0.4682429824472292,0.524233807577737,0.6201088299505236,0.5174558046259822,0.5638228820941839,0.5738761080234884,0.6246160091122405,0.5039882122478787,0.4263698457202831,0.6193077097674914
abrupt,omd_paper_v2_literal,1,973,6,1,0.43699100497186033,114.04051191450591,0.20023846279840363,0.533866128208192,0.0,0.0,0.4666043003435324,0.5222300547947406,0.6186530228338885,0.5178250428743161,0.5627873233116603,0.5718088524265875,0.6238355088847309,0.5029940508818557,0.42728673644988735,0.6192579076987659
abrupt,omd_paper_v2_literal,1,974,6,1,0.43699100497186033,114.47750291947777,0.20072436052317863,0.5382258311505183,0.0,0.0,0.46638203070758705,0.5225116223846266,0.6195103974572437,0.5174612014781576,0.562847769921754,0.5723424597577176,0.624964041811698,0.5025245155064528,0.42713221110317506,0.6201603545281882
abrupt,omd_paper_v2_literal,1,975,6,1,0.43699100497186033,114.91449392444963,0.2012085061402472,0.5425766359498796,0.0,0.0,0.466160661632533,0.5227920517439116,0.620363609177891,0.5170987941216216,0.5629079733752669,0.572873769691618,0.6260867213736067,0.5020568500765752,0.4269783167527239,0.6210583736850815
abrupt,omd_paper_v2_literal,1,976,6,0,0.43699100497186033,115.35148492942149,0.20169090049634514,0.5352905793498587,0.0,0.0,0.46594018756288313,0.5230713498130979,0.6212126833823587,0.5167378124272063,0.5629679351837473,0.5734027962221347,0.6272035811112012,0.5015910438758829,0.4268250494462589,0.6219519919223068
abrupt,omd_paper_v2_literal,1,977,6,1,0.43699100497186033,115.78847593439335,0.20088263135687723,0.5396358088994039,0.0,0.0,0.46630965281786074,0.522603310092623,0.6197894358103899,0.5173427147070038,0.562867453592931,0.5725161895063686,0.6253312494921957,0.5023716131424216,0.4270818939240758,0.620454051987719
abrupt,omd_paper_v2_literal,1,978,6,0,0.43699100497186033,116.2254669393652,0.20136491966690992,0.5323825356927784,0.0,0.0,0.4660891641027342,0.5228826250368072,0.620639030859282,0.5169817356934208,0.5629274181949063,0.5730453425306825,0.6264490483178001,0.501905797217969,0.42692861317429326,0.6213482495786751
abrupt,omd_paper_v2_literal,1,979,4,1,0.11716655026538358,116.34263348963059,0.20055942945595043,0.5345260650705795,0.0,0.0,0.46645746559545914,0.5224160623904004,0.6192194952260814,0.517584688175815,0.5628272550776073,0.5721613768771664,0.6245811790861207,0.5026838722663172,0.42718465406807293,0.6198541647122716
abrupt,omd_paper_v2_literal,1,980,4,0,0.11716655026538358,116.45980003989597,0.20043419441356755,0.5317759829148553,0.0,0.0,0.46660298460650806,0.5226583351327412,0.6200633505559,0.5189352254081159,0.5644471124780027,0.5729450072322144,0.6246476753452866,0.5042615762985317,0.4256093391504763,0.62027003413757
abrupt,omd_paper_v2_literal,1,981,5,0,0.13127991518140525,116.59107995507738,0.20059669077878256,0.5284234275665216,0.0,0.0,0.4664153327115819,0.5223459121439362,0.6189750284373853,0.5171936013141984,0.5623579855537766,0.5719344147436853,0.6245619247110386,0.5022270484197573,0.42764105213415976,0.6197337199272064
abrupt,omd_paper_v2_literal,1,982,3,1,0.16371017181850367,116.75479012689588,0.20081832904385472,0.5289560830405079,0.0,0.0,0.46478426754161123,0.5203521998342697,0.6175290942917665,0.5175617920510678,0.5613292004431794,0.5698777110528018,0.6237897021849457,0.5012379534744255,0.4285513150506306,0.61968853250301
abrupt,omd_paper_v2_literal,1,983,3,1,0.16371017181850367,116.91850029871439,0.20078018210064222,0.5296081802073037,0.0,0.0,0.46393325477844827,0.5193829382510247,0.6176892084254209,0.5195788538784955,0.5627944220295354,0.5695733522868386,0.6233541492248885,0.5026841532604437,0.4270705933103016,0.6201839787510226
abrupt,omd_paper_v2_literal,1,984,3,1,0.16371017181850367,117.0822104705329,0.20074846794908943,0.5303772574035968,0.0,0.0,0.46308718650128217,0.5184189262967678,0.6178484061213201,0.5215840573174263,0.5642504032578964,0.5692706352560284,0.6229208225266154,0.5041222598492816,0.4255994073331244,0.6206764193668037
abrupt,omd_paper_v2_literal,1,985,3,0,0.16371017181850367,117.24592064235141,0.20072308042307183,0.5295428434413489,0.0,0.0,0.4622460295188857,0.5174601341779033,0.6180066942630692,0.5235774308220115,0.565697197533048,0.5689695487034202,0.6224897083201021,0.5055523090231688,0.42413770021022434,0.6211658776880504
abrupt,omd_paper_v2_literal,1,986,3,1,0.16371017181850367,117.40963081416992,0.20075113726142452,0.5302988211297714,0.0,0.0,0.4631653255884806,0.5185079740580558,0.6178337027308807,0.5213988729128137,0.5641159661688744,0.5692985981835248,0.6229608554201034,0.503989430228884,0.4257352400650394,0.6206309450109616
abrupt,omd_paper_v2_literal,1,987,3,1,0.16371017181850367,117.57334098598842,0.20072523473141696,0.5311688577309198,0.0,0.0,0.4623261541771196,0.5175514803281249,0.6179916158294285,0.5233875610337744,0.5655594147483397,0.5689982342814268,0.6225307873027656,0.5054160771949243,0.4242768947551807,0.6211192594582631
abrupt,omd_paper_v2_literal,1,988,3,0,0.16371017181850367,117.73705115780693,0.20070552713742232,0.5302176791589754,0.0,0.0,0.46149183575810615,0.5166001492807739,0.6181486308111184,0.5253645148778192,0.5669937779824022,0.568699481305825,0.6221029064682823,0.5068347461072911,0.42282792186369866,0.6216046297953164
abrupt,omd_paper_v2_literal,1,989,3,1,0.16371017181850367,117.90076132962544,0.2007275553053952,0.5310737126744342,0.0,0.0,0.4624102392346836,0.5176473378861779,0.6179757922487941,0.5231883040573129,0.5654148143439858,0.5690283364823235,0.6225738937710861,0.5052731143970882,0.4244229786872239,0.6210703357957487
abrupt,omd_paper_v2_literal,1,990,3,0,0.16371017181850367,118.06447150144395,0.2007072802148309,0.5301386143773676,0.0,0.0,0.461577852230162,0.5166982464708652,0.618132442175752,0.525160707359125,0.5668459326285674,0.5687302879669552,0.6221470339627939,0.5066884722076161,0.4229772641612735,0.6215545946234661
abrupt,omd_paper_v2_literal,1,991,4,1,0.11716655026538358,118.18163805170933,0.20072991043487645,0.5324092078535667,0.0,0.0,0.462493394681489,0.5177421320067688,0.6179601437569668,0.5229912477101897,0.565271805250879,0.5690581046308304,0.6226165206870543,0.5051317348660641,0.42456745690740183,0.6210219518152101
abrupt,omd_paper_v2_literal,1,992,4,0,0.11716655026538358,118.29880460197471,0.2006132489809469,0.5294662495928121,0.0,0.0,0.46264386678194236,0.5179897439976009,0.6187963299154958,0.5243132833722123,0.5668640899776426,0.5698384363550425,0.6226858687616378,0.5066842710601803,0.4230198593716821,0.621429892987395
abrupt,omd_paper_v2_literal,1,993,9,0,0.45293234909538455,118.7517369510701,0.200766207775986,0.5225244146105152,0.0,0.0,0.4624478984828606,0.5176672610103967,0.6177071721845065,0.522591445703841,0.5647900867250687,0.5688220916659621,0.6225955512468668,0.5046622809283521,0.4250356895185879,0.6208985708230468
abrupt,omd_paper_v2_literal,1,994,3,0,0.16371017181850367,118.91544712288861,0.19984825879272317,0.521794555412828,0.0,0.0,0.46390768458315373,0.5184312314542783,0.6165954112134002,0.5219250645475653,0.5641824472188615,0.5687705297313176,0.621116476114726,0.5049901311808777,0.42585999839830985,0.6190254756038559
abrupt,omd_paper_v2_literal,1,995,5,1,0.13127991518140525,119.04672703807002,0.19988227045289886,0.5243067689698108,0.0,0.0,0.4648169099928094,0.5194673796322874,0.6164264746016461,0.5197740399803213,0.5626219747772786,0.5690977597521527,0.6215835164804757,0.5034486328335945,0.4274370527572642,0.6184969923057986
abrupt,omd_paper_v2_literal,1,996,5,1,0.13127991518140525,119.17800695325143,0.1997132644468309,0.526872269392901,0.0,0.0,0.4660424759775428,0.5209658297751311,0.6175152271009116,0.5194993015315844,0.5633965517750884,0.5706448598663201,0.6221650856670661,0.5041937985458309,0.4267515348512648,0.6185314559504698
abrupt,omd_paper_v2_literal,1,997,5,1,0.13127991518140525,119.30928686843284,0.19954941534819803,0.5294892663490197,0.0,0.0,0.46726259364579587,0.5224567462376937,0.6185976079539852,0.5192258640105407,0.5641671211047816,0.5721831991655392,0.622743527441399,0.5049353855370242,0.4260695714743683,0.6185657537510671
abrupt,omd_paper_v2_literal,1,998,5,1,0.13127991518140525,119.44056678361424,0.19939066314806764,0.5321560040477002,0.0,0.0,0.4684772829775787,0.523940157195963,0.6196736601410047,0.5189537187441223,0.5649337089596173,0.5737128196143028,0.6233188644162606,0.5056734152493731,0.42539113863514144,0.618599886853503
abrupt,omd_paper_v2_literal,1,999,5,0,0.13127991518140525,119.57184669879565,0.19923694804170666,0.528576252125887,0.0,0.0,0.46968656416175253,0.5254160912065189,0.6207434264888708,0.5186828571112215,0.5656963414135097,0.575233763483639,0.6238911190550146,0.5064079090543414,0.4247162124702382,0.6186338563960776
abrupt,omd_paper_v2_literal,1,1000,5,1,0.13127991518140525,119.70312661397706,0.1994451278316475,0.5312184770812649,0.0,0.0,0.46805677305916943,0.5234267182815621,0.6193013151907167,0.5190479236002254,0.5646683881347289,0.573183496778279,0.6231197497375134,0.5054179475669904,0.4256259477268593,0.6185880717510193
