scenario,algorithm,seed,step,action,reward,instant_regret,cumulative_regret,prediction_rmse_pre,theta_norm,kkt_residual,rho,predicted_mean_0,predicted_mean_1,predicted_mean_2,predicted_mean_3,predicted_mean_4,predicted_mean_5,predicted_mean_6,predicted_mean_7,predicted_mean_8,predicted_mean_9
drift,omd_paper_v2_literal,2,1,3,1,0.2892221772768807,0.2892221772768807,0.15915118221057942,0.011834319526627219,0.0,0.0,0.5,0.5,0.5,0.5,0.5,0.5,0.5,0.5,0.5,0.5
drift,omd_paper_v2_literal,2,2,3,0,0.28870891531396814,0.5779310925908488,0.15913344206786112,4.659426890367219e-05,0.0,0.0,0.49870669692372877,0.4986330278131667,0.5004508997669824,0.5029585453527718,0.5022658116196271,0.49967469085252214,0.4995401169138963,0.5021044232182799,0.4976825665021179,0.5009657330856234
drift,omd_paper_v2_literal,2,3,5,0,0.3205023371284646,0.8984334297193135,0.15858629677449435,0.011828776203912253,0.0,0.0,0.5000050920245617,0.5000053820777952,0.49999822470986705,0.4999883514327762,0.4999910789498015,0.5000012808124707,0.5000018106594276,0.49999171438289414,0.5000091243009388,0.4999961976957835
drift,omd_paper_v2_literal,2,4,8,0,0.1532061818332221,1.0516396115525355,0.15763774506000738,0.011556966442412261,0.0,0.0,0.49806936004044156,0.4973978752464276,0.4975582814992837,0.5003123757224903,0.49834874305264776,0.4970428683731157,0.49847285840348565,0.49865659400693574,0.5015441184452588,0.4994404936377845
drift,omd_paper_v2_literal,2,5,9,1,0.0,1.0516396115525355,0.15781637369723453,0.019032896756197553,0.0,0.0,0.497905377808518,0.497721490902596,0.49963079450866943,0.5026281450539264,0.5012859630872902,0.4985795510851705,0.49934236486419303,0.5010888671307382,0.4985851372867498,0.5009508537328975
drift,omd_paper_v2_literal,2,6,9,0,0.0,1.0516396115525355,0.15658723770138225,0.011527350066706143,0.0,0.0,0.49609894371185076,0.49702782348431357,0.5017192182475172,0.5035859995792642,0.5024805569335077,0.49913155822432664,0.5018308759342891,0.5008783543564015,0.4970853029917852,0.5039007824871082
drift,omd_paper_v2_literal,2,7,3,0,0.2861373490045779,1.3377769605571133,0.15725827059920705,0.004973732948067044,0.0,0.0,0.49791935366769097,0.49772685753961066,0.4996146372500392,0.5026207344709599,0.5012767209658896,0.4985752804607574,0.49932311231783083,0.5010904957739717,0.49859674097834367,0.5009280309101882
drift,omd_paper_v2_literal,2,8,6,0,0.015807693036631654,1.353584653593745,0.15671285780492683,0.013549919205054035,0.0,0.0,0.49921132290698983,0.49909463459455616,0.49916852541820494,0.49966322143672376,0.4990136816611934,0.498903458455898,0.49978782030794944,0.49898652766848894,0.5009110185222937,0.49996706777888966
drift,omd_paper_v2_literal,2,9,8,0,0.15196897669031717,1.5055536302840622,0.15723534106504522,0.012468778097468202,0.0,0.0,0.49976195238409826,0.4983869348529472,0.4967074438358384,0.5001243952384489,0.49838179673637206,0.49738100075931185,0.4968412672880189,0.4996759839793767,0.5017714796847812,0.497484391939604
drift,omd_paper_v2_literal,2,10,7,1,0.44591008480212874,1.9514637150861909,0.1574083324076848,0.022124390501410258,0.0,0.0,0.49960416532240237,0.4987131661901642,0.4987705048068648,0.5024304885209097,0.5013083643608249,0.4989139026366161,0.49770343857214977,0.5021021978111528,0.49882401179338814,0.49898360483470455
drift,omd_paper_v2_literal,2,11,7,1,0.445126410033,2.396590125119191,0.15828393261470153,0.03304599499709141,0.0,0.0,0.5005419998879296,0.4994593800662242,0.4997191143548223,0.5045065747639038,0.503884041158672,0.5002371971541447,0.4970165678962249,0.5050300993126556,0.4964213235652819,0.49877180196191323
drift,omd_paper_v2_literal,2,12,7,0,0.44434205282333944,2.84093217794253,0.15916034025602344,0.021869115994735285,0.0,0.0,0.5014724923475607,0.5001997573677653,0.5006603032529527,0.5065662626893316,0.5064393604713437,0.5015501339403209,0.4963350829578779,0.5079347502071464,0.4940375989075384,0.49856165683650416
drift,omd_paper_v2_literal,2,13,7,0,0.44355701378295864,3.2844891917254886,0.1576881430561031,0.012217350427387794,0.0,0.0,0.5005194904186584,0.49944146973161524,0.4996963461999494,0.5044567470004555,0.5038222227792601,0.5002054359932979,0.4970330537387469,0.5049598283627008,0.49647899032582377,0.4987768855552762
drift,omd_paper_v2_literal,2,14,0,0,0.4417615447165789,3.7262507364420676,0.15623555660294536,0.018117006388852677,0.0,0.0,0.49957391339891105,0.4986890954837622,0.4987399054121648,0.5023635179736712,0.5012252783014713,0.4988712169900834,0.49772559526780946,0.5020077483739774,0.49890151733256943,0.49899043701271534
drift,omd_paper_v2_literal,2,15,3,0,0.28200469576981585,4.008255432211883,0.15478558028523184,0.011044896918534861,0.0,0.0,0.4966306412838069,0.49601550953018325,0.49840446754725337,0.5036502303036107,0.5010803036904986,0.49694232966202384,0.49827307961853023,0.501074138950611,0.49873869166032037,0.5007893043744948
drift,omd_paper_v2_literal,2,16,9,1,0.0,4.008255432211883,0.15424064605434698,0.015617664263158231,0.0,0.0,0.49792537102223894,0.49738555253478073,0.4979657594463686,0.5007088789512695,0.49883564594592894,0.4972781815470454,0.4987348739911501,0.49898950240199796,0.5010353364445029,0.4998301423338443
drift,omd_paper_v2_literal,2,17,9,0,0.0,4.008255432211883,0.15299939276845065,0.01104729915468582,0.0,0.0,0.4961287520431563,0.49669693397823,0.5000449225541224,0.5016595176632328,0.5000230699788453,0.497828696818038,0.5012130080603663,0.49877820262472117,0.4995441058888501,0.5027660599083867
drift,omd_paper_v2_literal,2,18,1,0,0.3613207242706047,4.369576156482488,0.15367412403441671,0.02244412520627777,0.0,0.0,0.4979311704985316,0.49738777536638523,0.49795904812366765,0.5007058103417893,0.498831813035499,0.49727640453094135,0.4987268747770754,0.4989901844640169,0.5010401500203553,0.49982066530047503
drift,omd_paper_v2_literal,2,19,9,1,0.0,4.369576156482488,0.15255842923520022,0.026206082439346967,0.0,0.0,0.495277361482122,0.4944622250737433,0.49653242592471014,0.5020552956452204,0.49830278080362583,0.4946947579693489,0.4980199465537476,0.49825055613653735,0.5013618259901745,0.5005027840601051
drift,omd_paper_v2_literal,2,20,9,1,0.0,4.369576156482488,0.1513185529471138,0.03373534926366706,0.0,0.0,0.4934915363453466,0.493778631600941,0.49860131733862034,0.5030003152039634,0.4994842259695405,0.495243537599934,0.5004854232053358,0.4980407056082829,0.4998782583968874,0.5034229869358374
drift,omd_paper_v2_literal,2,21,9,1,0.0,4.369576156482488,0.15009786289525695,0.04302824826440046,0.0,0.0,0.4917197681659603,0.4931003791709864,0.5006541611987967,0.5039379617530882,0.5006564857330619,0.4957880592949995,0.5029316964996368,0.49783248830773996,0.4984062343647342,0.506320241623186
drift,omd_paper_v2_literal,2,22,9,0,0.0,4.369576156482488,0.14889634438249444,0.03348262784464466,0.0,0.0,0.4899619603740391,0.4924274173786946,0.5026910463959258,0.5048683016197691,0.5018196376780327,0.4963283635308117,0.505358839983243,0.49762588822368775,0.49694566548123287,0.5091945847716424
drift,omd_paper_v2_literal,2,23,9,1,0.0,4.369576156482488,0.14955332827059412,0.04270320199773249,0.0,0.0,0.4917715042642489,0.49312018501876875,0.5005942144274751,0.5039105811413624,0.5006222536709386,0.4957721581303938,0.5028602623223363,0.4978385686185728,0.49844921985686935,0.5062356416252506
drift,omd_paper_v2_literal,2,24,9,1,0.0,4.369576156482488,0.14835438554564323,0.052727098139058806,0.0,0.0,0.4900201859668903,0.4924497095566734,0.5026235733775637,0.504837483586634,0.5017811072288285,0.496310465210879,0.5052784415836166,0.49763273206747566,0.4969940477442746,0.5090993776607987
drift,omd_paper_v2_literal,2,25,9,1,0.0,4.369576156482488,0.14717449340742772,0.06312612984959531,0.0,0.0,0.48828262452571747,0.49178443496647284,0.5046371865745658,0.5057572003105938,0.5029309990755945,0.4968446266543809,0.507677716055289,0.4974284847420952,0.49555015540990266,0.5119404246620772
drift,omd_paper_v2_literal,2,26,9,1,0.0,4.369576156482488,0.14601363180544177,0.0737023998549031,0.0,0.0,0.4865587222138417,0.4911243118046358,0.5066351462495995,0.5066697966354118,0.5040720060358493,0.497374682129975,0.5100581666460201,0.49722581098757507,0.4941174544789137,0.5147588334448879
drift,omd_paper_v2_literal,2,27,9,0,0.0,4.369576156482488,0.14487177718404262,0.06245083680217513,0.0,0.0,0.4848483802849589,0.490469290837112,0.5086175466549789,0.5075753377307947,0.505204204953093,0.4979006711221301,0.5124198781258783,0.4970246952396174,0.492695856162784,0.5175546617541918
drift,omd_paper_v2_literal,2,28,9,1,0.0,4.369576156482488,0.14549569070417862,0.07297729212731754,0.0,0.0,0.48666913722589805,0.49116659493671655,0.5065071730819245,0.5066113417580197,0.50399892024578,0.49734072936039264,0.5099056999620772,0.4972387931810932,0.49420922315760746,0.5145783271542027
drift,omd_paper_v2_literal,2,29,9,1,0.0,4.369576156482488,0.144355684073242,0.08358506774872132,0.0,0.0,0.4849646842452872,0.49051383565663964,0.5084827379791012,0.507513756354121,0.5051272093724269,0.4978649001726711,0.512259282243047,0.4970383724333299,0.4927925309257659,0.5173645594744624
drift,omd_paper_v2_literal,2,30,9,1,0.0,4.369576156482488,0.14323456180091523,0.0942175059190595,0.0,0.0,0.48327359223378985,0.489866092884886,0.5104429555438613,0.5084092316339984,0.506246831172022,0.498385073004837,0.5145943553286153,0.49683948305983855,0.4913867710615471,0.5201284492967883
drift,omd_paper_v2_literal,2,31,9,1,0.0,4.369576156482488,0.14213229565464627,0.10484141552057182,0.0,0.0,0.48159576192653925,0.4892233184100092,0.5123879224028949,0.5092978316363019,0.5073578615090552,0.49890128649190685,0.5169110097895703,0.49664210986288304,0.4899918552078732,0.5228700660393859
drift,omd_paper_v2_literal,2,32,9,0,0.0,4.369576156482488,0.14104885407906553,0.09316417374013183,0.0,0.0,0.47993109331151046,0.48858546426601973,0.5143177368067524,0.5101796201820054,0.5084603761624672,0.49941357905803846,0.5192093394334587,0.49644623774313107,0.4886076947688271,0.5255894850728295
drift,omd_paper_v2_literal,2,33,9,0,0.0,4.369576156482488,0.14163716078144586,0.08166446960894394,0.0,0.0,0.48176138564177035,0.48928677391256487,0.5121959238696676,0.5092101083077549,0.5072481795742181,0.49885032388131506,0.5166823318766387,0.4966615952231199,0.4901295598369695,0.5225994621810748
drift,omd_paper_v2_literal,2,34,6,1,0.015283796843624575,4.384859953326112,0.1422334215536694,0.08966725259510408,0.0,0.0,0.48357829834563987,0.4899828131074148,0.5100897480457148,0.5082478716016914,0.5060450806186405,0.49829133803106934,0.5141736213240536,0.4968753226764289,0.49164007832738665,0.5196304848726384
drift,omd_paper_v2_literal,2,35,6,1,0.015262784686932762,4.400122738013045,0.1412506206360206,0.09822093079476694,0.0,0.0,0.48309339450794364,0.4906878142554357,0.512421560871912,0.5077787864413629,0.5066300590131765,0.49975486703642774,0.516961872024595,0.49621647182162465,0.49084183809790594,0.5219562818640477
drift,omd_paper_v2_literal,2,36,6,1,0.015241708843165669,4.415364446856211,0.14028622279659345,0.10716797313984866,0.0,0.0,0.4826122245412542,0.4913874691134984,0.5147350354378667,0.5073132693581425,0.5072105529634184,0.5012072257315494,0.5197277902545486,0.49556266449360964,0.4900497388483589,0.5242633801563706
drift,omd_paper_v2_literal,2,37,6,1,0.015220569336128031,4.430585016192339,0.13934016689883186,0.11639452760423455,0.0,0.0,0.48213475177797127,0.49208182768560843,0.5170302631749198,0.5068512858299996,0.5077866057626989,0.5026485009507201,0.5224714444535735,0.4949138525647221,0.4892637228265652,0.5265518809343488
drift,omd_paper_v2_literal,2,38,6,0,0.015199366190145724,4.4457843823824845,0.13841238757454996,0.10628336515112638,0.0,0.0,0.48166093976753727,0.4927709397633925,0.5193073386422691,0.506392801526694,0.5083582604739845,0.5040787799003937,0.5251929090446804,0.4942699881420959,0.4884837325217445,0.5288218883432655
drift,omd_paper_v2_literal,2,39,6,1,0.015178099430065983,4.46096248181255,0.13882635841462748,0.11544964099918223,0.0,0.0,0.48218106064261324,0.4920144801819413,0.5168076780053295,0.5068960943270645,0.5077307350461416,0.5025087126194423,0.5222053930197514,0.49497678038489995,0.4893399565806599,0.5263299656051771
drift,omd_paper_v2_literal,2,40,6,1,0.015156769081258403,4.476119250893809,0.13789921590973273,0.12481853418336318,0.0,0.0,0.4817087759678304,0.49270136335822007,0.5190774721257365,0.5064390921726204,0.5083005452240899,0.5039343766802095,0.524918205865927,0.49433499407175385,0.4885624805317287,0.5285927531455689
drift,omd_paper_v2_literal,2,41,6,1,0.015135375169615162,4.491254626063424,0.13699020412298435,0.1343285955105095,0.0,0.0,0.48124009062748174,0.4933830859615312,0.5213293451317121,0.5059855309781301,0.5088660304777992,0.5053492099321515,0.5276090767427672,0.4936980734314296,0.4877909312265536,0.5308372895895743
drift,omd_paper_v2_literal,2,42,6,0,0.01511391772155235,4.506368543784976,0.13609925204895715,0.12368646124143175,0.0,0.0,0.48077496903248257,0.49405969675473566,0.5235633958423719,0.5055353772022769,0.5094272328982763,0.5067532990865733,0.5302780896418314,0.4930659716144595,0.48702525233643135,0.5330636829140762
drift,omd_paper_v2_literal,2,43,9,1,0.0,4.506368543784976,0.13648570031696075,0.13412429066933956,0.0,0.0,0.4812961098697063,0.4933015997622876,0.521060227341825,0.5060397447173436,0.5087984403920377,0.505180101981937,0.5272875239764099,0.49377420216688117,0.48788314988705955,0.5305690687607554
drift,omd_paper_v2_literal,2,44,9,1,0.0,4.506368543784976,0.13546310926317878,0.14449914698540625,0.0,0.0,0.47967417839511944,0.4926676933764769,0.5229140475545273,0.5069090691148226,0.5098689724730272,0.5056611846833196,0.5294936514707783,0.49359162370922205,0.48654014823256525,0.5331932462585758
drift,omd_paper_v2_literal,2,45,9,1,0.0,4.506368543784976,0.13445900720324658,0.15480858279931303,0.0,0.0,0.47806472995416116,0.49203852357421546,0.5247534601374422,0.5077718885373458,0.5109314553630421,0.5061386800329459,0.531682237026363,0.4934104044647808,0.48520732429848434,0.5357960975759802
drift,omd_paper_v2_literal,2,46,9,0,0.0,4.506368543784976,0.13347335446312963,0.14287487950746683,0.0,0.0,0.47646766740794566,0.49141404465021327,0.5265785677295757,0.5086282634922323,0.5119859612031987,0.5066126231885731,0.5338533874233082,0.4932305308606796,0.48388459262678457,0.5383777193877294
drift,omd_paper_v2_literal,2,47,6,1,0.015005678396236233,4.521374222181213,0.13399147332113379,0.15212426136463778,0.0,0.0,0.4783165436744937,0.49213697305567766,0.5244656759844719,0.5076368793925754,0.5107652066709172,0.5060639633366796,0.5313398502900544,0.4934387611371224,0.48541586822873556,0.5353889342111532
drift,omd_paper_v2_literal,2,48,6,1,0.014983840313794294,4.536358062495007,0.13313028794520348,0.16146061110479545,0.0,0.0,0.4778671354998743,0.4928096486708472,0.5266609710546748,0.507186562447498,0.5113131507002341,0.5074487354089362,0.5339617853187392,0.4928151298089354,0.48466762669178864,0.5375704572707278
drift,omd_paper_v2_literal,2,49,6,1,0.01496193889455999,4.551320001389567,0.1322869328190645,0.1708559982587086,0.0,0.0,0.4774211068160729,0.49347734463255294,0.5288389121809035,0.5067395847944719,0.511856990577204,0.5088230903794316,0.536562356569197,0.49219616104957,0.48392502080570166,0.5397343261734714
drift,omd_paper_v2_literal,2,50,6,1,0.01493997416916093,4.566259975558728,0.13146132780362363,0.18028851027976414,0.0,0.0,0.4769784240032729,0.4941401082067218,0.5309996043257051,0.5062959137950847,0.5123967665128719,0.5101871135528316,0.5391416624346752,0.49158180971042575,0.48318799646605265,0.5418806556093038
drift,omd_paper_v2_literal,2,51,6,0,0.01491794616875508,4.581177921727483,0.13065338895345244,0.1692321125342811,0.0,0.0,0.4765390536871996,0.4947979863851873,0.5331431544743375,0.505855517035373,0.5129325184448863,0.5115408902952205,0.5416998054726879,0.49097203093121955,0.4824564998889624,0.5440095620891566
drift,omd_paper_v2_literal,2,52,9,1,0.0,4.581177921727483,0.1309737793324366,0.17921138995851602,0.0,0.0,0.4770545487733729,0.49402613247772964,0.5306281146572152,0.5063722117828553,0.51230394428994,0.5099525553030503,0.538698249408231,0.49168745678928116,0.483314736029254,0.5415116638020201
drift,omd_paper_v2_literal,2,53,9,1,0.0,4.581177921727483,0.13003272798201612,0.1891359863437839,0.0,0.0,0.4754865925643763,0.4934064367975648,0.5324051928296296,0.5072184314292314,0.5133373880699514,0.5104083729717179,0.5408107170985832,0.4915151778143777,0.48201903224384396,0.5440311012839231
drift,omd_paper_v2_literal,2,54,9,0,0.0,4.581177921727483,0.12910990673063202,0.177263904518879,0.0,0.0,0.47393057256525567,0.4927912898090654,0.5341684716715777,0.5080584261136712,0.5143631668167069,0.510860842465912,0.5429062976450235,0.4913441598256756,0.4807330363797315,0.546529900573317
drift,omd_paper_v2_literal,2,55,6,0,0.01482920205876992,4.5960071237862525,0.1295794370434708,0.166493420285285,0.0,0.0,0.47579230416320084,0.49352727477719016,0.5320587289769646,0.507053423259633,0.5131358771199068,0.5103194907050199,0.5403989025091994,0.4915487717386093,0.4822716736506575,0.5435399883805228
drift,omd_paper_v2_literal,2,56,9,0,0.0,4.5960071237862525,0.12989961967644803,0.15475204299808484,0.0,0.0,0.47629704924264554,0.49275536939179954,0.5295632679236779,0.5075724905197837,0.5125155732756901,0.5087401781007882,0.5374202494874151,0.4922602699269915,0.4831192386335367,0.5410659091112983
drift,omd_paper_v2_literal,2,57,2,1,0.1489963938622223,4.745003517648475,0.13038991373233377,0.1622474847384778,0.0,0.0,0.478136862122541,0.4934838508433977,0.5274798933812417,0.5065785255449441,0.5113034943262686,0.5082075562723829,0.5349427809006955,0.49246138561004255,0.48463891267028814,0.5381096012861807
drift,omd_paper_v2_literal,2,58,2,0,0.14871212510526344,4.8937156427537385,0.13033014903291076,0.15387868372201233,0.0,0.0,0.47851749777109187,0.49484036711503954,0.5301281575829292,0.5069716402931631,0.5130962358266856,0.5104451165784042,0.5371147242792003,0.49337460803785055,0.4827723119838888,0.53992028441387
drift,omd_paper_v2_literal,2,59,2,1,0.14842753915500306,5.042143181908742,0.12978156081259862,0.16130741520971023,0.0,0.0,0.4780912526057805,0.49332130681915143,0.5271624476366091,0.506531418419365,0.5110886513801637,0.5079394076973524,0.5346824283979928,0.4923519582814268,0.48486261545832327,0.5378925604073505
drift,omd_paper_v2_literal,2,60,2,1,0.14814263638836578,5.190285818297108,0.12971877895952638,0.16901601653173345,0.0,0.0,0.4784707228796127,0.494673670229275,0.5298028201007988,0.5069233337442631,0.5128759561281144,0.5101701798603483,0.53684790421135,0.49326238628997315,0.4830016600709035,0.5396978385780526
drift,omd_paper_v2_literal,2,61,2,1,0.14785741718412926,5.338143235481237,0.1296773010209395,0.17695447497259736,0.0,0.0,0.47884739912459573,0.49601606577456386,0.5324219324252202,0.5073123296149487,0.5146496598180358,0.5123839821914072,0.5389959221097342,0.49416609609077905,0.4811549933615885,0.5414886783370289
drift,omd_paper_v2_literal,2,62,2,0,0.14757188192292603,5.485715117404163,0.12965663646327386,0.16791002582080666,0.0,0.0,0.4792213083627728,0.49734857235623237,0.5350198743352048,0.507698434659551,0.5164098573843848,0.5145809023148759,0.5411265943272326,0.49506314801699364,0.4793225174902007,0.5432651905366491
drift,omd_paper_v2_literal,2,63,9,1,0.0,5.485715117404163,0.12905877453449163,0.17775911006112285,0.0,0.0,0.4787942586632188,0.49582668556055287,0.5320525502588997,0.5072574531749803,0.5143994587539469,0.5120717010257573,0.5386929798150244,0.4940386042413652,0.4814154788663267,0.5412361023537844
drift,omd_paper_v2_literal,2,64,9,0,0.0,5.485715117404163,0.12813232188934395,0.16610925961973508,0.0,0.0,0.47723404625511495,0.4951999900749529,0.5337943243877792,0.5080957718769332,0.5154117055743774,0.5125057622769745,0.5407714769273674,0.49386159687020065,0.4801436722996445,0.5437224358191313
drift,omd_paper_v2_literal,2,65,2,1,0.14671338363165287,5.6324285010358155,0.1285937472317706,0.17397382763361782,0.0,0.0,0.4790799156629292,0.49594140943680576,0.5317336165486077,0.5071039866335617,0.5142141445841392,0.5119922401129775,0.5383123438357438,0.4940710072390238,0.48164832137393343,0.5407807299137463
drift,omd_paper_v2_literal,2,66,2,1,0.14642658798599162,5.778855089021807,0.12856947501155438,0.18203284175240744,0.0,0.0,0.47945703835711695,0.49727257869357805,0.5343217903774385,0.5074870776684716,0.515967925010151,0.5141832652777919,0.5404333994673707,0.4949665249586193,0.4798230450380537,0.5425473163388065
drift,omd_paper_v2_literal,2,67,2,1,0.14613947821434103,5.924994567236148,0.12856557936485796,0.19024975357218227,0.0,0.0,0.4798314117647331,0.4985940000519937,0.5368891110460504,0.5078673436881523,0.5177084236057684,0.5163576441570938,0.542537414486626,0.49585549117211075,0.47801171980538454,0.5442998580847085
drift,omd_paper_v2_literal,2,68,2,0,0.1458520547084604,6.070846621944608,0.12858157024434713,0.18071575733547862,0.0,0.0,0.48020306244806443,0.49990575143199145,0.5394356740711543,0.5082448123686285,0.5194357350529447,0.5185154669990581,0.5446245020768483,0.49673796488625,0.47621424789579053,0.5460384648559902
drift,omd_paper_v2_literal,2,69,2,0,0.14556431786196422,6.216410939806573,0.12793557701318836,0.17154684981179982,0.0,0.0,0.47977095239776785,0.498380600982913,0.536474641434432,0.5078059348686316,0.5174273772573547,0.5160065419675435,0.5421977363648276,0.49571192947772635,0.4783041940835895,0.5440169120133572
drift,omd_paper_v2_literal,2,70,9,1,0.0,6.216410939806573,0.12731886349808813,0.18126622666501163,0.0,0.0,0.479342031522923,0.4968666309520101,0.5335327108494433,0.5073702541888125,0.5154331457860875,0.5135151615790573,0.5397867308748223,0.4946934313199682,0.4803796119406155,0.5420087035257848
drift,omd_paper_v2_literal,2,71,9,1,0.0,6.216410939806573,0.12640387023903776,0.19093688506872522,0.0,0.0,0.47778755209733265,0.4962350356515993,0.5352487651745438,0.5082018116094463,0.5164291826216794,0.5139334289353316,0.5418405694898085,0.4945118512851234,0.4791258950911056,0.5444704872439039
drift,omd_paper_v2_literal,2,72,9,1,0.0,6.216410939806573,0.12550675668819106,0.200556103382436,0.0,0.0,0.4762446106986087,0.4956079673461448,0.5369517267274904,0.5090273795545168,0.5174179699428981,0.514348686900596,0.5438783201760721,0.49433157075150613,0.47788140077568475,0.5469125244699627
drift,omd_paper_v2_literal,2,73,9,1,0.0,6.216410939806573,0.12462748457783103,0.2101218169004189,0.0,0.0,0.47471311811176314,0.4949853833875673,0.5386416947290653,0.5098470129157466,0.5183995727971845,0.5147609646882485,0.5459000906745785,0.4941525769857278,0.47664605064368476,0.5493349196244071
drift,omd_paper_v2_literal,2,74,9,0,0.0,6.216410939806573,0.1237660126605722,0.1984334002525466,0.0,0.0,0.4731929849327949,0.4943672414130161,0.5403187687874177,0.5106607662775616,0.5193740559324891,0.5151702912870115,0.5479059899531675,0.4939748573574655,0.4754197665171947,0.551737780059888
drift,omd_paper_v2_literal,2,75,9,1,0.0,6.216410939806573,0.12417312216163975,0.2079733902667426,0.0,0.0,0.47505081947838046,0.4951226810373537,0.5382690797440782,0.5096662629367209,0.5181831111060213,0.5146700464578544,0.5454543557867974,0.49419205049123094,0.47691845933009874,0.5488009038454043
drift,omd_paper_v2_literal,2,76,9,1,0.0,6.216410939806573,0.12331072263790696,0.2174590599939512,0.0,0.0,0.47353417102261147,0.4945059959553589,0.5399423896176816,0.5104781056594268,0.5191553236756811,0.5150784104080421,0.54745585349585,0.49401475042444953,0.4756950085062953,0.5511986097394157
drift,omd_paper_v2_literal,2,77,9,1,0.0,6.216410939806573,0.1224660335465161,0.2268891756480236,0.0,0.0,0.47202872363959836,0.49389368548834817,0.5416029839458805,0.5112841564601592,0.5201205221876999,0.5154838685535558,0.549441689584415,0.4938387048168643,0.4744804922874284,0.5535770192566513
drift,omd_paper_v2_literal,2,78,9,0,0.0,6.216410939806573,0.12163901047135656,0.21516795104484154,0.0,0.0,0.47053438876178433,0.49328570828731555,0.5432509616943393,0.5120844687161199,0.5210787700648347,0.5158864491407058,0.5514119736415148,0.4936639013701081,0.47327483378466156,0.5559362432097606
drift,omd_paper_v2_literal,2,79,6,0,0.014275615776265793,6.230686555582839,0.1220162057334368,0.2046001169544817,0.0,0.0,0.472392119467947,0.4940415063519335,0.541202170590841,0.5110895668932907,0.5198875198406667,0.5153859857018581,0.5489624157467381,0.4938812051717099,0.4747736706764126,0.5530030498797994
drift,omd_paper_v2_literal,2,80,4,1,0.2871569230826824,6.5178434786655215,0.12225537407904537,0.20863989755671258,0.0,0.0,0.47287784244267467,0.49327139251172625,0.5387656155564519,0.5116411773502375,0.519314880436013,0.5138372753599539,0.5460362090557975,0.4946166518130526,0.4755693483798683,0.5505902257270151
drift,omd_paper_v2_literal,2,81,4,0,0.28652711475486403,6.804370593420385,0.12290246878446982,0.20428396182897723,0.0,0.0,0.4730604509913998,0.49377520745480413,0.5405272669184569,0.513752009574469,0.5220517806998848,0.5153426834815854,0.5465330228672376,0.4970774664772593,0.4728654015071206,0.5516082170220729
drift,omd_paper_v2_literal,2,82,4,1,0.28589695651758046,7.090267549937966,0.12159299155791417,0.20826727659905148,0.0,0.0,0.4728625029896334,0.49322907083069906,0.5386175857156171,0.5114638398080465,0.5190849157742569,0.5137108037863238,0.5459944706988483,0.49440994464175,0.47579655720539826,0.5505046913351904
drift,omd_paper_v2_literal,2,83,4,0,0.2852664488819817,7.3755339988199475,0.12223632856123019,0.20397621946804997,0.0,0.0,0.4730445073766126,0.49373121947574067,0.5403734990177388,0.513567733874895,0.5218128756828789,0.5152112588549415,0.5464896503450021,0.4968626084243439,0.47310141865994465,0.5515193545619279
drift,omd_paper_v2_literal,2,84,6,1,0.014155760233018233,7.389689759052966,0.12093113030349342,0.21269913999448545,0.0,0.0,0.47284739748101845,0.49318739456101707,0.5384718063622944,0.5112892034696583,0.518858449686558,0.5135862589219661,0.545953368132169,0.4942063911867348,0.4760203113669557,0.5504204582440994
drift,omd_paper_v2_literal,2,85,6,0,0.014131603237890311,7.403821362290857,0.12019830751044311,0.20219442272097837,0.0,0.0,0.4724461309824848,0.49382255782012835,0.5404815164105365,0.5108310029595244,0.5193276912168636,0.514863004677727,0.548368990696724,0.49359597549091005,0.4753668498285785,0.5524115390036506
drift,omd_paper_v2_literal,2,86,3,0,0.2443761344882262,7.6481974967790824,0.12043744533015253,0.20008972358629193,0.0,0.0,0.47292990465645696,0.4930568038252483,0.538058440662378,0.5113834099300955,0.5187619666494993,0.5133237297756712,0.5454564295202643,0.4943318985331054,0.4761546772480577,0.5500108775960969
drift,omd_paper_v2_literal,2,87,6,1,0.014083103758035231,7.662280600537118,0.11969967965485018,0.20896376008929915,0.0,0.0,0.4742020644606878,0.4944303362923183,0.5376651778923404,0.5084429495788875,0.5165344546225866,0.5136808163680581,0.5459663903619711,0.4922365503749989,0.47842739089187575,0.5491103238210052
drift,omd_paper_v2_literal,2,88,6,0,0.014058761374988515,7.676339361912106,0.11896436195355406,0.1982745385297663,0.0,0.0,0.47380173144854243,0.495062863085255,0.5396683553807308,0.5079871600921706,0.5170028461527414,0.5149528932446585,0.5483732463717793,0.4916290033787601,0.47777528785489687,0.5510956489520523
drift,omd_paper_v2_literal,2,89,5,0,0.2696882396483933,7.946027601560499,0.11920449434217302,0.19583422952063653,0.0,0.0,0.4742844001150835,0.4943002544953914,0.5372530562719356,0.5085366844346567,0.5164381227167237,0.5134191815768065,0.5454711319115703,0.49236149993262474,0.47856151002508207,0.5487018305793928
drift,omd_paper_v2_literal,2,90,3,1,0.24220695699832717,8.188234558558825,0.11796743340718543,0.19800031437946747,0.0,0.0,0.4722932457852544,0.4916745285322693,0.5349074715775584,0.5088937147665594,0.5148440497729421,0.5104897478424639,0.5440486605706927,0.49102130002409544,0.4800363561106986,0.548259349296825
drift,omd_paper_v2_literal,2,91,3,0,0.24166386884799107,8.429898427406817,0.11810124699285551,0.19576065986671704,0.0,0.0,0.4710745261936036,0.49035924031158845,0.53528668734103,0.5117116827302522,0.5169803340086612,0.5101489391420561,0.5435615696307681,0.49302942717127,0.47785650573329563,0.5491243635294109
drift,omd_paper_v2_literal,2,92,9,1,0.0,8.429898427406817,0.11736105910448534,0.2051989412271879,0.0,0.0,0.47234196450179927,0.4917271026152898,0.5348923136270475,0.5087810687271452,0.5147586515153885,0.5105033696351082,0.544068127664128,0.4909410415418413,0.480123500249118,0.5482247689127079
drift,omd_paper_v2_literal,2,93,9,1,0.0,8.429898427406817,0.11648779515185,0.21458209101761166,0.0,0.0,0.4708387985015753,0.49110957013076484,0.5365371513336421,0.5095814787265291,0.5157110900772941,0.510896045363612,0.5460406998009696,0.4907590143006666,0.47892231609934327,0.5505905529626277
drift,omd_paper_v2_literal,2,94,9,0,0.0,8.429898427406817,0.11563245531857319,0.2030588138608584,0.0,0.0,0.46934662415156286,0.4904963651670427,0.5381697476012994,0.5103762658341755,0.5166567826659711,0.5112859730773336,0.5479981051910735,0.49057825717540754,0.47772973845585526,0.5529375986321629
drift,omd_paper_v2_literal,2,95,9,1,0.0,8.429898427406817,0.11602790344664549,0.21241825553332158,0.0,0.0,0.4711794375786374,0.49124952821847734,0.5361644261385949,0.5094000742870476,0.5154952347818018,0.5108070486945315,0.5455937513971753,0.4908002695774204,0.4791945371308785,0.5500545574306758
drift,omd_paper_v2_literal,2,96,9,0,0.0,8.429898427406817,0.11517151903135642,0.2009489764665518,0.0,0.0,0.4696905475470808,0.49063771664822464,0.5377934783007061,0.5101930586835369,0.5164387951180934,0.5111960894501477,0.547547020104245,0.49061992448455205,0.4780046254317571,0.5523967708659048
drift,omd_paper_v2_literal,2,97,5,1,0.26483129734394384,8.694729724750761,0.11556582107879304,0.20322341958749382,0.0,0.0,0.47151537004207983,0.4913875430456894,0.5357968400848452,0.5092211878903163,0.5152823729581771,0.5107192878908975,0.5451529410127478,0.4908409517683572,0.4794629879730717,0.5495258952948185
drift,omd_paper_v2_literal,2,98,5,0,0.26422268979708785,8.958952414547849,0.1161775148136734,0.20085567101952703,0.0,0.0,0.4734107305479311,0.4938853677498783,0.5380249907956086,0.508881660643331,0.5167980528704783,0.5135048875820731,0.5465021578206293,0.49211690811837683,0.47806112821264735,0.5499433030516038
drift,omd_paper_v2_literal,2,99,3,0,0.23730780632829462,9.196260220876143,0.11493198292539555,0.19927520928908693,0.0,0.0,0.4714253154661474,0.4912688468416424,0.5356909137848236,0.5092373232787084,0.5152103349922775,0.5105868878914649,0.5450888045472324,0.49078031641540193,0.4795296177892888,0.5495060567855301
drift,omd_paper_v2_literal,2,100,6,1,0.01376185601906843,9.21002207689521,0.11420350487356588,0.20802741835550634,0.0,0.0,0.4726784771200454,0.4926243590661816,0.5353035618208497,0.5063286984870621,0.5130055273239555,0.5109388660157205,0.5455975002947615,0.48870510802441774,0.4817787005462369,0.5486202149001457
drift,omd_paper_v2_literal,2,101,6,1,0.013736715851437653,9.223758792746649,0.11345918141650807,0.2167914063377253,0.0,0.0,0.472284239061597,0.4932519324934468,0.5372854144826211,0.5058717440832122,0.5134639823611342,0.5121975025672941,0.5479799697942974,0.4880992334138171,0.48113834557145857,0.5505831342295776
drift,omd_paper_v2_literal,2,102,6,1,0.013711514712000827,9.23747030745865,0.11273221554824985,0.2255578763685046,0.0,0.0,0.471892784274345,0.4938751508263299,0.5392522824510717,0.5054179663667171,0.5139192181212933,0.513447209492702,0.5503436522683297,0.48749761823560955,0.48050251717250797,0.5525308083996733
drift,omd_paper_v2_literal,2,103,6,0,0.013686252660118359,9.251156560118769,0.11202255156629466,0.21480985438651165,0.0,0.0,0.47150408601843935,0.49449405389647516,0.5412042633278974,0.5049673355625681,0.5143712651426148,0.5146880591431154,0.5526886496266009,0.4869002227648097,0.47987117305960747,0.5544633439418641
drift,omd_paper_v2_literal,2,104,6,1,0.013660929755701878,9.26481748987447,0.11223655042934887,0.2235425663032983,0.0,0.0,0.4719810274163339,0.49373465620691837,0.5388089934394433,0.5055202628510683,0.5138165957436305,0.5131655006176339,0.5498109989207373,0.4876332379976758,0.4806458473239349,0.5520918803112949
drift,omd_paper_v2_literal,2,105,6,1,0.013635546059215464,9.278453035933687,0.11152550138257951,0.23227169813213908,0.0,0.0,0.4715932098018974,0.4943521405546246,0.5407567921295281,0.5050706639856307,0.5142676147775058,0.5144035531600519,0.5521511551441955,0.4870371997029357,0.48001593191144626,0.5540203652686905
drift,omd_paper_v2_literal,2,106,6,0,0.013610101631675309,9.292063137565362,0.11083167232771753,0.22149091175060392,0.0,0.0,0.47120810713779243,0.4949653732325754,0.5426898940143849,0.5046241651208718,0.5147154928813089,0.5156328720538272,0.5544728501295376,0.4864453183545072,0.47939043403179454,0.5559339105217056
drift,omd_paper_v2_literal,2,107,5,0,0.2587304638476561,9.550793601413018,0.11102993984971359,0.21928461518266018,0.0,0.0,0.4716840805189085,0.4942074494462185,0.5403004916468022,0.5051760151626525,0.5141619336452113,0.5141134668589661,0.5516030108865112,0.48717686069304167,0.480163528637483,0.5535686245928143
drift,omd_paper_v2_literal,2,108,9,1,0.0,9.550793601413018,0.10975331510096645,0.22831168528790458,0.0,0.0,0.46969827781118983,0.49159751043286803,0.5379837922842434,0.5055275451407862,0.5125775988057593,0.5112067830180831,0.5502106600649793,0.48583693558318125,0.48162742711987855,0.5531462181449754
drift,omd_paper_v2_literal,2,109,9,0,0.0,9.550793601413018,0.10891238540888833,0.2171134732203664,0.0,0.0,0.4682282301295578,0.49098454076605175,0.5395738420352202,0.5063158466825658,0.5135049724878373,0.5115774532436373,0.5521162166859586,0.48566241768304985,0.48045780326910176,0.5554413288129124
drift,omd_paper_v2_literal,2,110,9,1,0.0,9.550793601413018,0.10929253430389045,0.22611550341516293,0.0,0.0,0.4700524737781974,0.49174517112825356,0.5376006521106852,0.5053376487441475,0.51235419271371,0.5111174912646802,0.5497514124634794,0.48587897531554264,0.48190920569360124,0.552593011723554
drift,omd_paper_v2_literal,2,111,9,1,0.0,9.550793601413018,0.10845033384403661,0.23507715825062958,0.0,0.0,0.4685855018334673,0.49113353161417844,0.5391874247672579,0.506124238593524,0.5132795659913727,0.5114873563528225,0.5516531755753806,0.48570483706877077,0.4807420821098184,0.5548836747413488
drift,omd_paper_v2_literal,2,112,9,1,0.0,9.550793601413018,0.10762619131695748,0.24399632245010053,0.0,0.0,0.46712905561456775,0.4905260829907298,0.5407626075053557,0.5069054425933583,0.5141985483641444,0.5118546905995381,0.5535404957464585,0.48553188795565067,0.4795831133766871,0.5571564351201452
drift,omd_paper_v2_literal,2,113,9,1,0.0,9.550793601413018,0.10682010738895353,0.25287128723138225,0.0,0.0,0.46568305341237043,0.4899227868268884,0.542326288471665,0.5076813085975806,0.5151111955427831,0.5122195178553098,0.5554134740774985,0.4853601166525665,0.4784322318732584,0.5594113965624582
drift,omd_paper_v2_literal,2,114,9,1,0.0,9.550793601413018,0.10603207948462665,0.2617006758893114,0.0,0.0,0.46424741351062815,0.4893236049649078,0.5438785559404642,0.5084518841708362,0.5160175629466601,0.5125818617790311,0.5572722123380636,0.48518951193098836,0.4772893701927236,0.561648664702888
drift,omd_paper_v2_literal,2,115,9,0,0.0,9.550793601413018,0.10526210165706144,0.25036469646387627,0.0,0.0,0.4628220542191996,0.48872849952410186,0.5454194982723837,0.5092172165816444,0.5169177056938088,0.5129417458365912,0.5591168128964655,0.4850200626579653,0.47615446116042903,0.563868346985023
drift,omd_paper_v2_literal,2,116,6,1,0.013352330967199899,9.564145932380217,0.10557894586245077,0.2586212047833802,0.0,0.0,0.4646525795453458,0.4894927275440409,0.543440496536427,0.5082343847248728,0.5157617412820632,0.5124795875797311,0.5567477233483756,0.48523766662545964,0.47761193179344086,0.5610174212023946
drift,omd_paper_v2_literal,2,117,6,1,0.013326222683296862,9.577472155063514,0.10491996432120562,0.2668816173416731,0.0,0.0,0.46428820186812414,0.4901022028170139,0.5453260037279941,0.5077855251561529,0.5161918559386826,0.5136860091691035,0.5590108293263926,0.4846548491859567,0.4770093904190228,0.5628728623038851
drift,omd_paper_v2_literal,2,118,6,1,0.013300054443683207,9.590772209507197,0.10427830116278172,0.2751399267276134,0.0,0.0,0.46392633595246524,0.49070756904635504,0.5471974232384836,0.507339700798144,0.5166190264889682,0.5148840816758848,0.5612561451487881,0.48407603022932694,0.47641100636528827,0.564713965675367
drift,omd_paper_v2_literal,2,119,6,1,0.013273826316571036,9.604046035823767,0.10365389687334695,0.28339093783901986,0.0,0.0,0.463566957742831,0.4913088634662892,0.549054852137869,0.5068968834541384,0.5170432807305841,0.5160738730409035,0.5634837786551635,0.48350117260237463,0.475816740851739,0.5665408385138676
drift,omd_paper_v2_literal,2,120,6,1,0.013247538370727119,9.617293574194495,0.1030466874824763,0.291630150037872,0.0,0.0,0.4632100433884814,0.491906123050031,0.5508983881487004,0.5064570451469524,0.5174646462347205,0.5172554510203993,0.5656938394107638,0.48293023943393126,0.4752265553941266,0.56835358843406
drift,omd_paper_v2_literal,2,121,6,1,0.01322119067547256,9.630514764869968,0.102456604520123,0.29985365824008064,0.0,0.0,0.46285556924443283,0.492499384506083,0.552728129579296,0.5060201581208276,0.517883150344586,0.5184288831668832,0.5678864385893837,0.4823631941377604,0.47464041180744515,0.5701523234050758
drift,omd_paper_v2_literal,2,122,6,1,0.013194783300683244,9.643709548170651,0.10188357497882226,0.3080580696652597,0.0,0.0,0.46250351187227023,0.493088684274829,0.5545441752594293,0.5055861948431378,0.5182988201740814,0.5195942368109219,0.5700616888602102,0.4818000004151904,0.4740582722086406,0.5719371516898436
drift,omd_paper_v2_literal,2,123,6,1,0.013168316316789719,9.656877864487441,0.10132752128162816,0.31624043356093073,0.0,0.0,0.462153848040817,0.4936740585254089,0.5563466244784544,0.50515512800591,0.5187116826066487,0.5207515790438232,0.5722197042785261,0.48124062225748565,0.4734800990190464,0.5737081817868884
drift,omd_paper_v2_literal,2,124,6,0,0.013141789794777314,9.67001965428222,0.10078836125626309,0.3052798760867929,0.0,0.0,0.46180655472667137,0.4942555431528676,0.5581355769258053,0.5047269305271649,0.5191217642942861,0.5219009767011891,0.5743606001801933,0.4806850239479667,0.472905854966557,0.5754655223745218
drift,omd_paper_v2_literal,2,125,6,1,0.013115203806186249,9.683134858088406,0.10083389634952375,0.3134380991465499,0.0,0.0,0.46227208451437624,0.49347610919179385,0.555737280553812,0.5053008963629461,0.5185720738833844,0.5203602421207139,0.571490263465641,0.4814297736655849,0.47367560337506165,0.5731095080279037
drift,omd_paper_v2_literal,2,126,6,0,0.01308855842311174,9.696223416511518,0.10029209848056012,0.3025424434650767,0.0,0.0,0.46192534427701254,0.4940566411153644,0.557523822673411,0.504873398785026,0.5189814963314856,0.521507844007411,0.5736286037422857,0.4808750642854332,0.4731022705055817,0.574864626101961
drift,omd_paper_v2_literal,2,127,9,1,0.0,9.696223416511518,0.10033904326003129,0.3108548916870238,0.0,0.0,0.4623887521984284,0.49328079526502644,0.5551358786172805,0.5054447246196903,0.5184343195906802,0.5199740868223904,0.5707702220747969,0.4816164139310415,0.47386851476722086,0.5725185886428984
drift,omd_paper_v2_literal,2,128,9,1,0.0,9.696223416511518,0.09966553612993848,0.31913114906733253,0.0,0.0,0.46100935163085155,0.49269330650271953,0.5565995601202242,0.5061953031159211,0.5193027122914524,0.5203060118640348,0.5725177910144278,0.48146026646085327,0.47277488624890884,0.5746363734628641
drift,omd_paper_v2_literal,2,129,9,1,0.0,9.696223416511518,0.09901006992266474,0.32736998173015175,0.0,0.0,0.4596396284980221,0.49210970766078765,0.558052627712906,0.5069409097099352,0.5201652692116103,0.5206357326785183,0.5742520582182247,0.48130515116090944,0.4716887203611123,0.5767374995484001
drift,omd_paper_v2_literal,2,130,9,0,0.0,9.696223416511518,0.09837261760046018,0.3161256900918275,0.0,0.0,0.45827950495510184,0.4915299631026851,0.5594951682771343,0.5076815887011075,0.5210220419683382,0.5209632701331524,0.5759731280459665,0.4811510582044818,0.470609953598639,0.5788220812179417
drift,omd_paper_v2_literal,2,131,6,1,0.012954443152658701,9.709177859664177,0.098561218315136,0.3241251044318142,0.0,0.0,0.4601366246975343,0.4923214903207369,0.5575254304039092,0.5066703362503894,0.5198522653029017,0.5205160807289889,0.5736229102710048,0.48136144130219205,0.47208285401326483,0.5759753281835995
drift,omd_paper_v2_literal,2,132,6,1,0.012927442947756829,9.722105302611933,0.09804358209127999,0.3321034639163706,0.0,0.0,0.4598004350847121,0.49290037664605035,0.5592878575314041,0.5062423299670679,0.5202535313812,0.5216523917224491,0.5757314701802912,0.48081215793054616,0.4715203651855545,0.5777014698807648
drift,omd_paper_v2_literal,2,133,6,0,0.012900383868576393,9.735005686480509,0.09754278092608369,0.3212628214486254,0.0,0.0,0.459466492305167,0.4934754753602563,0.5610372176137995,0.5058171289762359,0.5206521330641749,0.5227810091006442,0.5778234392392881,0.48026653228830857,0.4709616465977507,0.5794143842010131
drift,omd_paper_v2_literal,2,134,9,1,0.0,9.735005686480509,0.09754471212376592,0.32941669666732426,0.0,0.0,0.4599205645127333,0.4926935158004957,0.5586582430249419,0.5063952743271879,0.5201101463921854,0.5212463687649073,0.5749783121354078,0.4810084329672856,0.47172135607205334,0.5770848679896124
drift,omd_paper_v2_literal,2,135,9,1,0.0,9.735005686480509,0.09691705780497731,0.337533891726884,0.0,0.0,0.4585672055148562,0.49211378623967367,0.5600874172416819,0.5071346779458986,0.520961824855396,0.5215679735317915,0.5766831450753406,0.4808571812990119,0.4706492346757617,0.5791535778256931
drift,omd_paper_v2_literal,2,136,9,0,0.0,9.735005686480509,0.09630742995526759,0.3263460130006817,0.0,0.0,0.45722325371635536,0.4915378482044545,0.5615063103923991,0.50786924162701,0.5218078434130352,0.5218874688961936,0.5783750837158042,0.4807069168370828,0.46958435439914065,0.5812060841929667
drift,omd_paper_v2_literal,2,137,6,0,0.012791560348091813,9.7477972468286,0.09646520521069782,0.31567813217979745,0.0,0.0,0.4590764662948579,0.492331962813654,0.5595496686445899,0.5068564097411673,0.5206413129907536,0.5214469409049319,0.5760417497672236,0.48091410386936817,0.4710526921720226,0.5783753489337681
drift,omd_paper_v2_literal,2,138,9,1,0.0,9.7477972468286,0.0964724263129254,0.3238393646590348,0.0,0.0,0.4595209293115278,0.4915505624264083,0.5571880460416927,0.5074358516533303,0.5201065425364714,0.5199209396131356,0.5732162584894811,0.4816517559916903,0.4718029670867816,0.5760666171894693
drift,omd_paper_v2_literal,2,139,9,1,0.0,9.7477972468286,0.09584350817188324,0.33196254891078397,0.0,0.0,0.458171522717695,0.49097153233694923,0.5586123605327572,0.5081739609950534,0.5209555935802229,0.52024031321787,0.5749159358806427,0.481501592040791,0.470734209686686,0.5781292858806165
drift,omd_paper_v2_literal,2,140,9,1,0.0,9.7477972468286,0.09523267925669694,0.3400468523604171,0.0,0.0,0.4568314535377466,0.49039627229795657,0.5600265058860933,0.5089072598184223,0.5217990317783077,0.5205576042369531,0.5766028650180769,0.48135240289245323,0.469672632330457,0.5801759143048731
drift,omd_paper_v2_literal,2,141,9,1,0.0,9.7477972468286,0.09463991263899993,0.3480915771201252,0.0,0.0,0.4555006469570406,0.4898247481648541,0.5614305650228385,0.5096357905383825,0.5226369063000618,0.520872832143248,0.5782771459456711,0.48120417938322474,0.4686181743793992,0.5822066138094879
drift,omd_paper_v2_literal,2,142,9,1,0.0,9.7477972468286,0.09406517621901747,0.3560961426081373,0.0,0.0,0.4541790283805739,0.4892569260698605,0.5628246206224754,0.5103595952618264,0.5234692659778174,0.5211860162334355,0.5799388786949005,0.48105691243446597,0.46757077552132337,0.5842214964971699
drift,omd_paper_v2_literal,2,143,9,0,0.0,9.7477972468286,0.0935084325751147,0.34483141892994795,0.0,0.0,0.45286652345214434,0.4886927724232408,0.5642087551008397,0.511078715784582,0.5242961593024839,0.5214971756280462,0.58158816324554,0.48091059305225087,0.4665303757797585,0.5862206751499824
drift,omd_paper_v2_literal,2,144,9,0,0.0,9.7477972468286,0.09360793728306342,0.3336618217116393,0.0,0.0,0.4547143072635284,0.48948693376425917,0.5622600408198367,0.5100664045944611,0.5231321127164883,0.5210591549508802,0.5792659671964612,0.48111656630674093,0.46799501746982836,0.583405651585423
drift,omd_paper_v2_literal,2,145,5,0,0.2352559595119022,9.983053206340502,0.09372793117118444,0.3316095134703748,0.0,0.0,0.4565514952624774,0.4902760623931102,0.5603218999837578,0.5090604937818031,0.5219752709509341,0.5206239069934128,0.5769551613579402,0.4813212270019963,0.46945082704775226,0.5806032560692047
drift,omd_paper_v2_literal,2,146,9,1,0.0,9.983053206340502,0.09225059053518854,0.3396516190491623,0.0,0.0,0.454538264499145,0.48764404698373537,0.5580375214518087,0.5094139570976752,0.5203880786510462,0.5177090563754533,0.5756124664273421,0.4799578489082703,0.4709107291441966,0.5802251472389893
drift,omd_paper_v2_literal,2,147,9,1,0.0,9.983053206340502,0.0916598433402954,0.3476535717939503,0.0,0.0,0.453218930055348,0.4870767646424187,0.5594310930883554,0.5101366288255058,0.521219048590612,0.5180212820714954,0.5772739570290699,0.47981058408663296,0.46986479206300796,0.5822392637658907
drift,omd_paper_v2_literal,2,148,9,0,0.0,9.983053206340502,0.09108739272460722,0.33648361489135475,0.0,0.0,0.45190866320335,0.4865131343989404,0.5608148471034091,0.5108546481223794,0.5220446008573328,0.5183315019038097,0.5789231179936489,0.47966426225479364,0.46882578990241053,0.5842378175781459
drift,omd_paper_v2_literal,2,149,9,1,0.0,9.983053206340502,0.09120016589436274,0.34447092413880703,0.0,0.0,0.45373834656835815,0.48730013073734296,0.5588824784825028,0.5098520784536543,0.5208918641784401,0.5178983434577228,0.5766199440619039,0.4798685698588306,0.4702766034389622,0.5814465197272533
drift,omd_paper_v2_literal,2,150,9,0,0.0,9.983053206340502,0.09062470309300032,0.33335765590224237,0.0,0.0,0.4524295120371706,0.4867372149309858,0.5602648148985246,0.5105691877343776,0.5217163971596634,0.5182081683372153,0.5782676636978773,0.4797224355500235,0.4692388379725484,0.5834435730050194
drift,omd_paper_v2_literal,2,151,4,1,0.24160206931327377,10.224655275653776,0.09073907531799641,0.33553879970016454,0.0,0.0,0.4542512569301813,0.48752066145419687,0.5583406990524834,0.5095711402003039,0.5205688227042823,0.5177769660227274,0.5759739841095737,0.47992581880793916,0.47068321787044826,0.5806634434495285
drift,omd_paper_v2_literal,2,152,4,0,0.24094879613714582,10.46560407179092,0.09161098915434282,0.33317879613034057,0.0,0.0,0.45446454275163634,0.4880224548864413,0.5600057832930263,0.5116331498790769,0.5232332872852117,0.5192353739443573,0.5763924319706271,0.48234988171951915,0.468060332379988,0.5815810545671087
drift,omd_paper_v2_literal,2,153,6,0,0.012346960608380253,10.4779510323993,0.09005827565368246,0.32297366995946697,0.0,0.0,0.45423220109696694,0.4874758284531102,0.5581918627720377,0.5093868869921642,0.5203306990728271,0.5176466451684996,0.5759365913431843,0.4797092780770592,0.4709176482575438,0.5805814295304838
drift,omd_paper_v2_literal,2,154,4,0,0.23964132368749202,10.717592356086792,0.09004699746552318,0.3210139807914519,0.0,0.0,0.4546484702890563,0.4866866745246327,0.5558667585202424,0.5099821132494196,0.5198184342980944,0.5161331585955663,0.5731538107344832,0.48044535912884784,0.47164045012482725,0.5783250655766891
drift,omd_paper_v2_literal,2,155,5,1,0.22900443305712492,10.946596789143916,0.08853645727362303,0.32254101462390455,0.0,0.0,0.4544179467238451,0.48614490205410904,0.5540651808484602,0.5077541969100774,0.5169386799512912,0.5145574552429412,0.572701621702608,0.47782743771963676,0.47447601150896074,0.577332290127183
drift,omd_paper_v2_literal,2,156,5,0,0.2283776375931666,11.174974426737082,0.08933119983269606,0.3209290772469299,0.0,0.0,0.4562930032124096,0.48859280773458547,0.5561864718556133,0.5074182701015093,0.5184069412538691,0.5172655088780636,0.5739479014672018,0.47908915071312697,0.4731262463527312,0.5776775800216758
drift,omd_paper_v2_literal,2,157,9,1,0.0,11.174974426737082,0.08788341292004077,0.3289182911066217,0.0,0.0,0.4542987752498816,0.48598928738408415,0.5539302434060862,0.5077755546364753,0.5168453189052412,0.5143852487553005,0.5726223528377247,0.477747228403474,0.47456184132803797,0.5773103343107405
drift,omd_paper_v2_literal,2,158,9,1,0.0,11.174974426737082,0.08727045007682935,0.33686976992950735,0.0,0.0,0.4529801664563264,0.4854200278070162,0.5553189643092495,0.508494707475519,0.517670142020422,0.5146921497162784,0.5742812252752801,0.4775961531896839,0.4735219541474133,0.5793222883870183
drift,omd_paper_v2_literal,2,159,9,1,0.0,11.174974426737082,0.08667639413947924,0.34478286012041864,0.0,0.0,0.45167055683768415,0.4848544087310175,0.5566980402359795,0.5092092737392243,0.5184896491930054,0.5149970972236965,0.5759279435391789,0.47744603824158915,0.47248887622041913,0.581318901574249
drift,omd_paper_v2_literal,2,160,9,1,0.0,11.174974426737082,0.08610125006265242,0.3526570175378788,0.0,0.0,0.4503698748414673,0.4842923977089774,0.5580675477624965,0.5099192931013798,0.5193038859334871,0.5153001091440652,0.5775626010386748,0.4772968747058119,0.4714625513632873,0.5833002790659263
drift,omd_paper_v2_literal,2,161,9,1,0.0,11.174974426737082,0.08554501638122686,0.3604917937261975,0.0,0.0,0.44907804914607885,0.48373396255538753,0.5594275632505437,0.5106248049504465,0.5201128974462406,0.5156012031852969,0.5791852911636678,0.47714865380974164,0.470442923689383,0.585266526712483
drift,omd_paper_v2_literal,2,162,9,0,0.0,11.174974426737082,0.08500768494652869,0.34941876598296173,0.0,0.0,0.4477950086775213,0.4831790713473331,0.5607781628278942,0.5113258483869874,0.5209167286256586,0.5159003968967539,0.5807961072499341,0.47700136686142164,0.4694299376172979,0.587217750953931
drift,omd_paper_v2_literal,2,163,9,1,0.0,11.174974426737082,0.08507850895819369,0.35724018042860434,0.0,0.0,0.44960902374566003,0.48396352487421196,0.5588685811338775,0.5103347809854882,0.5197803333579015,0.5154774277678053,0.5785184243335368,0.47720958546531556,0.4708620531466798,0.5844585467821757
drift,omd_paper_v2_literal,2,164,9,1,0.0,11.174974426737082,0.08453801837968512,0.36502229005964226,0.0,0.0,0.44832722511484113,0.48340927618453033,0.560217942608188,0.5110350091207739,0.5205832530813194,0.5157762706524304,0.5801280288921137,0.47706247186523,0.4698501688500163,0.5864085680516136
drift,omd_paper_v2_literal,2,165,9,1,0.0,11.174974426737082,0.08401646191657161,0.3727647779481184,0.0,0.0,0.44705410427518044,0.4828585262880323,0.5615580033061178,0.5117308251267683,0.5213810574797932,0.5160732376612429,0.5817259031649556,0.4769162801569426,0.46884484391435677,0.5883437413334662
drift,omd_paper_v2_literal,2,166,9,1,0.0,11.174974426737082,0.08351382200658612,0.38046739449906963,0.0,0.0,0.44578959137542623,0.4823112440352042,0.5628888380915329,0.5124222672068934,0.52217379044807,0.5163683458973851,0.5833121392812695,0.47677100187265603,0.4678460238794584,0.5902641726567084
drift,omd_paper_v2_literal,2,167,9,1,0.0,11.174974426737082,0.0830300736149249,0.3881299494701973,0.0,0.0,0.44453361684700743,0.48176739853697015,0.564210521552474,0.5131093732755513,0.5229614955671387,0.5166616123082742,0.5848868292352479,0.4766266286235816,0.4668536546041292,0.5921699684708822
drift,omd_paper_v2_literal,2,168,9,0,0.0,11.174974426737082,0.08256518400725261,0.3769879771474946,0.0,0.0,0.4432861114176775,0.48122695916512637,0.5655231279851628,0.5137921809564021,0.5237442161014652,0.5169530536858817,0.5864500648569746,0.4764831520997225,0.4658676822725564,0.5940612355883799
drift,omd_paper_v2_literal,2,169,6,1,0.011887733321718552,11.1868621600588,0.08255617356336656,0.38411537684978037,0.0,0.0,0.44510071856869693,0.48201298973301954,0.5636137712225856,0.5127990874092675,0.5226057878671521,0.5165291768489394,0.5841759239529394,0.4766918259965116,0.46730176897511494,0.5913096652636659
drift,omd_paper_v2_literal,2,170,6,1,0.01185855437318839,11.198720714431989,0.08216172337419865,0.3912360535579789,0.0,0.0,0.4448187575900948,0.48258634427109476,0.565259372146227,0.5123592244664967,0.522959584190266,0.5176111536686596,0.5861413128676831,0.4761612873220238,0.4667996107261495,0.5928909773350842
drift,omd_paper_v2_literal,2,171,6,1,0.011829319847926345,11.210550034279915,0.08178525675611009,0.39834769039583023,0.0,0.0,0.4445386037928032,0.4831561409738976,0.5668932078110798,0.5119221068904551,0.5233111342499834,0.5186861672348299,0.588091636590711,0.4756341361198912,0.46630067493238203,0.5944604474376279
drift,omd_paper_v2_literal,2,172,6,0,0.011800029843458737,11.222350064123374,0.08142667404805894,0.38818746410468064,0.0,0.0,0.4442602403262375,0.483722410796264,0.5685153664974639,0.51148771017332,0.5236604586618195,0.5197542735711685,0.5900270032648697,0.4751103417610928,0.4658049321829752,0.5960181736287001
drift,omd_paper_v2_literal,2,173,9,1,0.0,11.222350064123374,0.08126767304244507,0.39573842888848976,0.0,0.0,0.44465836486226473,0.4829125481999319,0.566194921099165,0.5121089763394047,0.5231608498762029,0.5182266209633892,0.5872582105402157,0.4758594859774916,0.4665139611249279,0.5937897352694926
drift,omd_paper_v2_literal,2,174,9,1,0.0,11.222350064123374,0.0808284922683178,0.4032509992072542,0.0,0.0,0.4434209393618883,0.48237296818292114,0.5674887823408795,0.5127892452379964,0.5239362938197586,0.5185105860539277,0.5887981224656365,0.4757196691805555,0.4655374878997748,0.5956575497130356
drift,omd_paper_v2_literal,2,175,9,0,0.0,11.222350064123374,0.08040824446476479,0.39216894730252105,0.0,0.0,0.4421917742823737,0.4818367277008929,0.56877382183764,0.5134653082666689,0.5247068826324275,0.5187928032310811,0.59032689839337,0.47558071094731896,0.4645672461327489,0.5975112032841251
drift,omd_paper_v2_literal,2,176,6,0,0.011682317003224418,11.234032381126598,0.08034814252583655,0.38218234468425927,0.0,0.0,0.44400564222788935,0.482627960850236,0.5668774358402738,0.5124677657440736,0.5235698443789164,0.5183763897375037,0.5880705971644046,0.47578574410389285,0.465998922569767,0.5947751894127568
drift,omd_paper_v2_literal,2,177,3,0,0.19382771977937874,11.427860100905976,0.0801974566538914,0.38113699563092296,0.0,0.0,0.4443950329009898,0.48181921804492717,0.5645733040582074,0.513089659396416,0.5230768886935913,0.5168574142426686,0.5853198007459677,0.4765305772669769,0.46669921061329783,0.5925656516156903
drift,omd_paper_v2_literal,2,178,6,1,0.01162313028377826,11.439483231189755,0.0792476651982128,0.3882299583582025,0.0,0.0,0.44560897550751993,0.4831582692450524,0.5642142934457416,0.510200674883109,0.5208922694040271,0.5172115267555917,0.5858455173403703,0.47445938643079544,0.46892056974862756,0.591739074456461
drift,omd_paper_v2_literal,2,179,6,1,0.011593454701566697,11.451076685891321,0.07887880844741262,0.3953129650959879,0.0,0.0,0.4453346706881418,0.48372665609287474,0.565835168731138,0.5097640984909758,0.5212396572835174,0.5182794855229179,0.5877794507954657,0.4739364463993331,0.46842722439496104,0.5932943479236743
drift,omd_paper_v2_literal,2,180,6,0,0.011563724440042722,11.462640410331364,0.07852823445411398,0.38520633588547876,0.0,0.0,0.44506210200615315,0.48429155556748715,0.5674445863040228,0.5093302180268571,0.5215848678959762,0.5193406479645278,0.5896986956392029,0.47341680991705687,0.4679370033415909,0.5948381139695509
drift,omd_paper_v2_literal,2,181,6,1,0.011533939601647392,11.474174349933012,0.0783562253584209,0.3922671673436904,0.0,0.0,0.445451431717798,0.483484701987969,0.5651453703956465,0.5099499406214274,0.5210917849496947,0.5178249005158442,0.5869565484986786,0.47415904271240633,0.46863722238555683,0.5926325313862313
drift,omd_paper_v2_literal,2,182,6,1,0.011504100289364882,11.485678450222377,0.07800267098827743,0.3993169587337685,0.0,0.0,0.44517915090073634,0.4840489579813135,0.5667536042152886,0.5095165470676921,0.5214366218409568,0.5188849591366883,0.5888748187560496,0.47363995760006655,0.4681475182123284,0.5941753810533902
drift,omd_paper_v2_literal,2,183,6,0,0.01147420660672338,11.4971526568291,0.07766739115284327,0.38921210674720047,0.0,0.0,0.44490858408721107,0.4846097698520033,0.568350514783655,0.5090858156533273,0.5217793090383089,0.5199383032328347,0.5907785703982197,0.4731241344134408,0.4676608988660794,0.5957068633468104
drift,omd_paper_v2_literal,2,184,9,1,0.0,11.4971526568291,0.07747746903415516,0.3966259697909109,0.0,0.0,0.4452967970358879,0.48380514281999065,0.5660588709089144,0.5097038144306426,0.5212876233191547,0.5184269373636285,0.5880462787551158,0.4738642428187782,0.4683591076363775,0.5935089553926822
drift,omd_paper_v2_literal,2,185,9,1,0.0,11.4971526568291,0.07705285297874397,0.40400460215043305,0.0,0.0,0.44406667640200204,0.4832632787267214,0.5673337612598226,0.510384088227665,0.5220563895261077,0.5187007712036718,0.5895630093947921,0.4737286036483217,0.46739114263406734,0.5953562766289198
drift,omd_paper_v2_literal,2,186,9,1,0.0,11.4971526568291,0.07664777258306157,0.4113477254100663,0.0,0.0,0.44284466800013383,0.48272472791063664,0.5686000649474104,0.5110602132805836,0.5228204068481207,0.5189729392372293,0.5910688894136363,0.4735937879365914,0.46642926985253347,0.5971897620818268
drift,omd_paper_v2_literal,2,187,9,1,0.0,11.4971526568291,0.07626218117759749,0.4186551133055537,0.0,0.0,0.44163070698521845,0.4821894614510751,0.5698578514212987,0.5117322248050465,0.5235797154122863,0.5192434563902224,0.5925640055766563,0.47345978826075263,0.4654734393121674,0.5990095135671268
drift,omd_paper_v2_literal,2,188,9,1,0.0,11.4971526568291,0.07589602184029123,0.425926586261862,0.0,0.0,0.4404247288176738,0.48165745067294596,0.5711071898035454,0.5124001577442543,0.5243343550468259,0.5195123374503703,0.5940484443847752,0.4733265972680403,0.4645236013487624,0.6008156330580798
drift,omd_paper_v2_literal,2,189,9,1,0.0,11.4971526568291,0.07554922721807285,0.4331620065547238,0.0,0.0,0.43922666927344334,0.4811286671466773,0.5723481488776025,0.5130640467680139,0.5250843652795004,0.5197795970676701,0.5955222920541768,0.4731942076754664,0.4635797066177975,0.6026082226416908
drift,omd_paper_v2_literal,2,190,9,1,0.0,11.4971526568291,0.07522171938211285,0.44036127401577047,0.0,0.0,0.4380364644534853,0.4806030826880616,0.573580797077883,0.5137239262719472,0.5258297853362162,0.5200452497549155,0.5969856344966457,0.47306261226950985,0.4626417060984046,0.6043873844766556
drift,omd_paper_v2_literal,2,191,9,0,0.0,11.4971526568291,0.07491340971849161,0.4293497085417795,0.0,0.0,0.4368540507927275,0.4800806693580029,0.5748052024799157,0.5143798303768498,0.5265706541398177,0.5203093098882521,0.5984385573008658,0.4729318039057897,0.46170955109703415,0.6061532207529969
drift,omd_paper_v2_literal,2,192,9,1,0.0,11.4971526568291,0.0747230868327055,0.4365409692574497,0.0,0.0,0.4386633412285158,0.480879939791575,0.5729315873222766,0.513376327042536,0.525437134188789,0.5199053131631796,0.5962150022959793,0.4731319323800501,0.46313578455365717,0.6034505157849254
drift,omd_paper_v2_literal,2,193,9,1,0.0,11.4971526568291,0.07441136109220907,0.44369631368007545,0.0,0.0,0.4374812746984783,0.48035782281632716,0.5741557252542444,0.5140318559981505,0.5261776113114068,0.520169218020746,0.5976679438241633,0.47300120192301875,0.46220405948024396,0.6052167240892914
drift,omd_paper_v2_literal,2,194,9,1,0.0,11.4971526568291,0.07411885559682141,0.45081569052443565,0.0,0.0,0.43630691137652516,0.4798388402471835,0.5753717138199093,0.5146834551809505,0.5269135893548715,0.5204315489225483,0.599110583648231,0.4728712492990796,0.461278113496941,0.6069697544266703
drift,omd_paper_v2_literal,2,195,9,0,0.0,11.4971526568291,0.07384546436877165,0.43980826365552383,0.0,0.0,0.4351401889114533,0.47932296481397846,0.5765796197926097,0.5153311579287163,0.5276451063631438,0.5206923198859995,0.6005430058946268,0.4727420675438268,0.4603578989382586,0.6087097078150334
drift,omd_paper_v2_literal,2,196,6,1,0.011080689121077514,11.508233345950178,0.07361392816759266,0.44647522125029065,0.0,0.0,0.4369448135396757,0.48012077973323214,0.574711222588217,0.5143294705195616,0.5265137729072231,0.5202890352415028,0.598327060008171,0.4729418474931259,0.4617811143535699,0.6060177340337846
drift,omd_paper_v2_literal,2,197,6,0,0.011050045427034694,11.519283391377213,0.07339549489078828,0.4365400968190233,0.0,0.0,0.4366999260837092,0.4806745482424179,0.576241319384507,0.5139003064873318,0.5268362027221567,0.5213109157240661,0.6001461971746477,0.47244141714400395,0.46132185984232044,0.6074684903110501
drift,omd_paper_v2_literal,2,198,9,1,0.0,11.519283391377213,0.07307900286629991,0.4436543792021622,0.0,0.0,0.43706527914902404,0.4798484119955702,0.5739580769462708,0.514540558397958,0.5263551692103189,0.519786333677281,0.5974312717690148,0.4731880173060256,0.4620070345886548,0.6053034533630961
drift,omd_paper_v2_literal,2,199,9,1,0.0,11.519283391377213,0.07280140128478321,0.45073295036517735,0.0,0.0,0.43589718105159697,0.4793305515067075,0.5751649368460662,0.5151901287088122,0.5270869458083062,0.5200450285409424,0.598863177631491,0.4730598547876312,0.4610865231388624,0.6070447852985122
drift,omd_paper_v2_literal,2,200,9,1,0.0,11.519283391377213,0.07254308818620546,0.45777579904855265,0.0,0.0,0.4347366395897776,0.4788157727490993,0.5763638299287467,0.5158358378563677,0.5278143145591787,0.5203021952781648,0.6002850133267151,0.4729324475739869,0.46017167426987593,0.6087732095628451
drift,omd_paper_v2_literal,2,201,9,1,0.0,11.519283391377213,0.07230394109561354,0.46478293819122385,0.0,0.0,0.43358359380667794,0.47830404908171226,0.5775548212191616,0.5164777184026653,0.5285373125229793,0.5205578474035136,0.601696860866686,0.4728057889501728,0.45926244150449924,0.6104888252061816
drift,omd_paper_v2_literal,2,202,9,0,0.0,11.519283391377213,0.07208382593351667,0.4537881766711653,0.0,0.0,0.4324379830931047,0.477795354098445,0.5787379753691991,0.5171158026437795,0.5292559764656907,0.5208119983034117,0.6030988018980136,0.47267987226597563,0.45835877869031527,0.6121917311852297
drift,omd_paper_v2_literal,2,203,4,0,0.20723697955556242,11.726520370932775,0.07178876713857837,0.45193647585447444,0.0,0.0,0.4342362433149654,0.4785937293415288,0.5768807131649188,0.5161143576022588,0.5281280392758779,0.5204131245411203,0.6008978228346529,0.4728774897245018,0.4597771235054292,0.6095179514437866
drift,omd_paper_v2_literal,2,204,6,1,0.010834068815148479,11.737354439747923,0.06995205122730375,0.45847300914711075,0.0,0.0,0.43397459073259814,0.47803719755991336,0.5751187355408085,0.513874936016107,0.5252393750894819,0.5188333561376101,0.6004971531045182,0.4702264038228723,0.4626108633432673,0.6085905160659942
drift,omd_paper_v2_literal,2,205,6,0,0.010803006270857285,11.74815744601878,0.06976808349299246,0.4486446457011949,0.0,0.0,0.4337391258979167,0.4785891595204066,0.5766280180662108,0.513444969363767,0.5255541927416729,0.5198450449879395,0.6022891105825734,0.4697307149495713,0.46216146446056894,0.6100151226938253
drift,omd_paper_v2_literal,2,206,9,1,0.0,11.74815744601878,0.06941350944542773,0.45563182100412475,0.0,0.0,0.4340935960550391,0.47775827962361617,0.5743554730237013,0.5140922152219649,0.5250802719037275,0.518322032074961,0.5995905458818943,0.4704769264372189,0.46283799370387674,0.6078698739609507
drift,omd_paper_v2_literal,2,207,9,1,0.0,11.74815744601878,0.06917649744529857,0.4625846122067816,0.0,0.0,0.43294375391934303,0.4772461496269588,0.5755411405025521,0.5147329003980957,0.525800144878325,0.5185741322398194,0.6009959085594594,0.47035055399533765,0.46193222622805336,0.6095796046022216
drift,omd_paper_v2_literal,2,208,9,1,0.0,11.74815744601878,0.06895929272047834,0.46950300081625707,0.0,0.0,0.4318012931107974,0.47673703594888905,0.5767190732657729,0.5153698234264759,0.526515738341447,0.5188247615659651,0.602391476907036,0.4702249179227568,0.4610319586758568,0.6112767594352171
drift,omd_paper_v2_literal,2,209,9,0,0.0,11.74815744601878,0.06876175235179616,0.45861192369697784,0.0,0.0,0.4306661541991667,0.4762309126952211,0.5778893340508697,0.5160030157642647,0.5272270879472456,0.5190739329475644,0.6037773305693112,0.47010001172519245,0.4601371462949539,0.6129614352038713
drift,omd_paper_v2_literal,2,210,6,1,0.010646918279706985,11.758804364298488,0.06843974349401619,0.46504959217713593,0.0,0.0,0.4324538646012702,0.4770278741224027,0.5760462553795226,0.5150059710684096,0.5261069506828249,0.5186815843960322,0.6015944256487641,0.4702966902359578,0.4615462284649389,0.6103075444241037
drift,omd_paper_v2_literal,2,211,6,1,0.010615546449825208,11.769419910748313,0.06828322122742682,0.4714780959352961,0.0,0.0,0.43222545310784205,0.47757905037318893,0.5775403853720209,0.5145754340022929,0.5264164617326981,0.5196863203560235,0.6033677846974183,0.46980442499270103,0.4611038845085763,0.6117135997136116
drift,omd_paper_v2_literal,2,212,6,1,0.010584123485950725,11.780004034234263,0.06814523227924517,0.4778961089751001,0.0,0.0,0.4319984219650788,0.4781270187583525,0.5790242677583771,0.514147423512853,0.5267241209034186,0.5206849522712822,0.6051279601810557,0.4693151313130045,0.46066421915184735,0.6131094928994613
drift,omd_paper_v2_literal,2,213,6,1,0.01055264950766066,11.790556683741924,0.06802556632684731,0.4843024072567937,0.0,0.0,0.4317727587184407,0.47867180607444487,0.580497980910799,0.5137219179044864,0.5270299446362866,0.5216775280114531,0.6068750520019732,0.46882878314330545,0.46022720867326716,0.6144953103404677
drift,omd_paper_v2_literal,2,214,6,0,0.010521124635057388,11.80107780837698,0.06792400204185613,0.4744099825037839,0.0,0.0,0.4315484510342437,0.4792134389024183,0.5819616029945269,0.5132988956701923,0.5273339492184169,0.5226640951727838,0.608609160040039,0.4683453546634584,0.45979282956944495,0.6158711379393417
drift,omd_paper_v2_literal,2,215,9,1,0.0,11.80107780837698,0.0674761478971435,0.48120301320989795,0.0,0.0,0.4318952136141329,0.4783761654433606,0.5796984322322992,0.5139528252603157,0.5268639888498224,0.5211389176585906,0.6059273114995948,0.46909269752367666,0.46046434920860246,0.6137435115143824
drift,omd_paper_v2_literal,2,216,9,1,0.0,11.80107780837698,0.06732297882387842,0.4879633212368874,0.0,0.0,0.43077173558882886,0.47787138906531984,0.5808472116083927,0.5145827719329412,0.5275669884218849,0.5213799719954975,0.607286112884142,0.46897178355106545,0.4595804357198768,0.6154008084853675
drift,omd_paper_v2_literal,2,217,9,0,0.0,11.80107780837698,0.06718924539400041,0.4771354095119612,0.0,0.0,0.4296553728665601,0.4773695371110874,0.5819885691978096,0.5152090789886493,0.5282658691935638,0.5216196413077401,0.6086355177113588,0.4688515629736973,0.4587018167785129,0.6170459998389872
drift,omd_paper_v2_literal,2,218,6,1,0.01039451862189067,11.81147232699887,0.06679419142453144,0.48348772140499874,0.0,0.0,0.43144425536934083,0.4781735835875677,0.5801595640008242,0.514205640443408,0.527146129085683,0.5212356586004612,0.6064728227927104,0.46904417197849485,0.4601095874941737,0.6144089357974848
drift,omd_paper_v2_literal,2,219,6,1,0.01036274109757751,11.821835068096448,0.06670463400664743,0.4898281740194708,0.0,0.0,0.4312244077106802,0.47871593391167744,0.5816166532684229,0.5137812067658653,0.5274470495024159,0.5222195690340988,0.6081994400617876,0.4685620666787764,0.4596791919810568,0.6157763803286034
drift,omd_paper_v2_literal,2,220,6,1,0.010330913410547593,11.832165981506995,0.06663313488675203,0.49615570097978917,0.0,0.0,0.4310058694238428,0.4792551701183583,0.5830638321077996,0.5133592293656578,0.5277461946984194,0.5231975688425929,0.6099133055359616,0.4680828319612271,0.4592513668373572,0.6171340361142899
drift,omd_paper_v2_literal,2,221,6,1,0.010299035684556257,11.84246501719155,0.06657944324485937,0.5024693175088876,0.0,0.0,0.43078862878918817,0.47979131805663555,0.584501176871917,0.5129396873029108,0.5280435803182508,0.5241697043184006,0.6116145171705585,0.4676064428302481,0.4588260894554108,0.6184819866296859
drift,omd_paper_v2_literal,2,222,6,1,0.010267108043878426,11.852732125235429,0.06654329823454767,0.5087681145544878,0.0,0.0,0.43057267420141204,0.4803244033645175,0.5859287636639573,0.5125225598215681,0.5283392218586562,0.5251360214761384,0.613303172807929,0.4671328745164208,0.4584033374373786,0.6198203148701134
drift,omd_paper_v2_literal,2,223,6,1,0.010235130613306609,11.862967255848735,0.06652442956803474,0.5150512533702216,0.0,0.0,0.4303579941688496,0.4808544514690773,0.587346668321591,0.512107826348864,0.5286331346693317,0.5260965660487958,0.614979370147182,0.4666621024756937,0.4579830885943183,0.621149103340787
drift,omd_paper_v2_literal,2,224,6,0,0.01020310351815057,11.873170359366886,0.06652255813018629,0.505012479553082,0.0,0.0,0.4301445773127607,0.4813814875866148,0.588754966401997,0.511695466494743,0.5289253339537114,0.527051383484215,0.6166432067152156,0.46619410238850983,0.4575653209452088,0.6224684340471806
drift,omd_paper_v2_literal,2,225,6,1,0.010171026884236434,11.883341386251123,0.06595880465908553,0.511281538467481,0.0,0.0,0.4304859060698672,0.480538622099102,0.5865019962539766,0.5123549433742974,0.5284580119034412,0.5255242575315684,0.6139809497209693,0.4669426004084429,0.45823348269669023,0.6203575748989927
drift,omd_paper_v2_literal,2,226,6,1,0.010138900837905473,11.893480287089028,0.06595515966772489,0.5175347416375639,0.0,0.0,0.4302725361206241,0.48106547866573557,0.587910742519889,0.5119427139458792,0.5287501375015098,0.526478910906333,0.6156459175622943,0.46647470194919544,0.457815801765907,0.6216775972307912
drift,omd_paper_v2_literal,2,227,6,1,0.010106725506014103,11.903587012595043,0.06596841399817223,0.5237713486771304,0.0,0.0,0.43006041543134804,0.4815893556842018,0.5893099838476695,0.5115328323712568,0.5290405683610987,0.5274278978647805,0.6172986555854267,0.4660095451563644,0.4574005748364659,0.622988264825592
drift,omd_paper_v2_literal,2,228,6,0,0.010074501015931991,11.913661513610975,0.06599827169931376,0.5137086929335108,0.0,0.0,0.42984953290540023,0.482110277797932,0.5906997945385609,0.5111252787398525,0.5293293193148405,0.5283712629471147,0.6189392599431999,0.465547106291068,0.4569877804588139,0.6242896580664378
drift,omd_paper_v2_literal,2,229,6,1,0.010042227495541955,11.923703741106518,0.06539809787052354,0.5199322458726281,0.0,0.0,0.43019011995458767,0.4812690104604508,0.5884545458163921,0.5117834686517144,0.5288629780095321,0.5268476343823152,0.6162883587993738,0.4662939722828698,0.4576544708239444,0.622187030092871
drift,omd_paper_v2_literal,2,230,6,1,0.010009905073238512,11.933713646179756,0.06542643461074625,0.5261390595785228,0.0,0.0,0.42997926885824583,0.48178979188074944,0.5898449264725646,0.5113760153098069,0.5291516765195433,0.5277909102687437,0.6179302474701072,0.46583160056216244,0.4572417324956262,0.6234892271858451
drift,omd_paper_v2_literal,2,231,6,1,0.009977533877927769,11.943691180057684,0.06547126390531413,0.5323284802385865,0.0,0.0,0.42976964249561284,0.4823076497594788,0.5912259750269249,0.5109708650174567,0.5294387132613058,0.5287286230837275,0.61956012951016,0.4653719175197991,0.4568314004652278,0.6247822495606862
drift,omd_paper_v2_literal,2,232,6,1,0.009945114039025538,11.95363629409671,0.0655322741281125,0.5384999058174582,0.0,0.0,0.4295612300433347,0.4828226081823241,0.5925977645263109,0.5105679983299514,0.5297241027079146,0.5296608164758522,0.6211780996745463,0.4649148999806909,0.45642345379883387,0.6260661760009405
drift,omd_paper_v2_literal,2,233,6,0,0.009912645686457444,11.963548939783166,0.0656091474346124,0.5283771927016588,0.0,0.0,0.4293540207848938,0.483334691031666,0.5939603676966924,0.5101673959773536,0.5300078591936356,0.5305875338062576,0.6227842524558463,0.4644605249839558,0.45601787176036473,0.6273410847752326
drift,omd_paper_v2_literal,2,234,9,0,0.0,11.963548939783166,0.06495435601258605,0.5177468109406972,0.0,0.0,0.4296942084278333,0.4824940255414988,0.5917226351500036,0.5108250561863931,0.5295420071400909,0.5290660374226417,0.6201460339214283,0.46520650137668795,0.45668374469240774,0.6252471476888551
drift,omd_paper_v2_literal,2,235,5,1,0.17797891239376623,12.141527852176932,0.06441668009567765,0.5192774132249565,0.0,0.0,0.43149816488875864,0.48332400860743474,0.5899263023312264,0.5097969218900928,0.5284179036851442,0.5287064217368067,0.6180307972960208,0.46538731524980226,0.45809495421401153,0.6226399207257243
drift,omd_paper_v2_literal,2,236,5,0,0.17733053952211464,12.318858391699047,0.06560412023485415,0.5175694497789768,0.0,0.0,0.4333130449485272,0.4856771132551309,0.5918698940276452,0.5094783818122245,0.5298145877035447,0.5312806567451275,0.6191181365187488,0.4666207471221118,0.4568222391091666,0.6228948101179309
drift,omd_paper_v2_literal,2,237,6,1,0.009782289755803975,12.328640681454852,0.06383060400901626,0.5237660681311667,0.0,0.0,0.4312710023487475,0.483029361585532,0.5896826924012846,0.5098368145020695,0.5282429546457296,0.5283839205007542,0.617894538043394,0.46523287281808234,0.45825438477462727,0.6226079942294745
drift,omd_paper_v2_literal,2,238,6,1,0.009749580801545976,12.338390262256398,0.06389709801571977,0.5299446167334841,0.0,0.0,0.43106123253571,0.4835419017685761,0.5910524533123918,0.5094335711003305,0.5285258416398726,0.5293126616490896,0.6195125609219644,0.464774310053752,0.4578488384724704,0.6238929170093109
drift,omd_paper_v2_literal,2,239,6,0,0.009716824123817025,12.348107086380216,0.06397988469370611,0.5198812399138495,0.0,0.0,0.43085266826269747,0.4840515906665239,0.5924131022374886,0.5090325858023016,0.5288071178022447,0.5302359727428527,0.6211188462680065,0.46431838805983777,0.45744563079087247,0.6251688792388035
drift,omd_paper_v2_literal,2,240,9,0,0.0,12.348107086380216,0.06332111074152103,0.5093622510089993,0.0,0.0,0.4311926715688581,0.48322073958596734,0.590194324039876,0.5096862451879318,0.528348586568844,0.5287307350828421,0.6184990146303658,0.46506163890868923,0.45810294758977754,0.623087986118132
drift,omd_paper_v2_literal,2,241,5,1,0.1740850797699372,12.522192166150154,0.06278386458316905,0.5108822522956488,0.0,0.0,0.4329891710793457,0.48405080312416915,0.5884131852993185,0.5086606115318815,0.5272318821156433,0.5283792492147572,0.6164000164741815,0.4652396721150798,0.45950512450222547,0.6204947328820858
drift,omd_paper_v2_literal,2,242,5,0,0.17343527409038872,12.695627440240543,0.06397482232853745,0.5091884110929827,0.0,0.0,0.43480103703284617,0.48639587452178606,0.5903491472567288,0.5083439837843003,0.5286238986622767,0.5309434635575185,0.6174810600468382,0.4664707621558137,0.45823687445567485,0.6207454392375948
drift,omd_paper_v2_literal,2,243,4,1,0.180293772330213,12.875921212570756,0.062201355795904474,0.5106031579791447,0.0,0.0,0.4327650716451023,0.4837606413663501,0.58817341344194,0.5086997945350686,0.5270595866760348,0.5280618143035071,0.6162661543257919,0.4650873507583408,0.45966211045535643,0.6204637028630119
drift,omd_paper_v2_literal,2,244,4,0,0.17961500059052032,13.055536213161275,0.06351449064896925,0.5090352909076317,0.0,0.0,0.4330004309434935,0.48424840346437764,0.5897088731794666,0.5107030720873632,0.5296285565828024,0.5294524017546567,0.6165935334771373,0.46745351372967486,0.4571452048166277,0.6212616220598258
drift,omd_paper_v2_literal,2,245,5,0,0.17148444342000702,13.227020656581283,0.06161616041613828,0.5076280816669945,0.0,0.0,0.43273733811954845,0.48370316387950774,0.5879923560415709,0.5084637020002372,0.5267567536747104,0.5278979137489483,0.6162275679299091,0.46480861564107817,0.4599588490767725,0.6203696304013444
drift,omd_paper_v2_literal,2,246,9,0,0.0,13.227020656581283,0.05986722081557742,0.49718438993254876,0.0,0.0,0.4307194931631903,0.4810897572892521,0.5858326855593982,0.5088212225073351,0.5252092330233777,0.5250390647198936,0.6150210472781107,0.4634414456978199,0.461368615742567,0.6200916590409864
drift,omd_paper_v2_literal,2,247,9,0,0.0,13.227020656581283,0.05933609928067287,0.4868222366924071,0.0,0.0,0.4325060862853177,0.48191692492325255,0.5840608834857295,0.5078047889164913,0.5241037749886726,0.5246935581544908,0.6129292770414096,0.46362290405052475,0.46275866335558974,0.617508033586551
drift,omd_paper_v2_literal,2,248,5,1,0.16953150853056792,13.396552165111851,0.0588319447208319,0.4881078456330174,0.0,0.0,0.43428448821380145,0.4827395916330585,0.582296775839332,0.5067939429087702,0.5230042292392608,0.5243499492342438,0.6108449983347394,0.46380336300964686,0.46414155634819065,0.6149321698303577
drift,omd_paper_v2_literal,2,249,5,0,0.16888006625056778,13.565432231362418,0.06001346980741797,0.4866989010646781,0.0,0.0,0.4361032318104587,0.48509079337246813,0.5842436689003443,0.5064720750946294,0.5243964024140241,0.5269215509217141,0.6119339839803168,0.4650331471804316,0.4628728887704346,0.6151827681544293
drift,omd_paper_v2_literal,2,250,4,0,0.17553731085108087,13.740969542213499,0.05826204539310238,0.48568560499575025,0.0,0.0,0.43409216166376957,0.48249086952267023,0.5820906368055843,0.5068279972733221,0.5228569113783547,0.5240777872440034,0.6107297150847588,0.46367327322543295,0.4642758130566672,0.6149056521218345
drift,omd_paper_v2_literal,2,251,6,1,0.009320070641506306,13.750289612855005,0.0564049589314331,0.4919363881321223,0.0,0.0,0.4338369133056332,0.48196050028998666,0.5803980627522819,0.5046206480516832,0.5200286774774553,0.5225528604143059,0.6103725646221443,0.46107350545550574,0.4670490751798519,0.6140243487794358
drift,omd_paper_v2_literal,2,252,6,0,0.00928670588550895,13.759576318740514,0.056455059217170304,0.4821401256741833,0.0,0.0,0.433621250515978,0.48247452756935966,0.5817868922002418,0.5042087858057924,0.5203078712037367,0.5234869456421896,0.6120192486214268,0.4606033631370615,0.46664486711363157,0.6153335571312131
drift,omd_paper_v2_literal,2,253,5,1,0.16627199801497783,13.925848316755491,0.055838877998654154,0.4832351047921321,0.0,0.0,0.4339595466461217,0.4816682501577314,0.5796078283953372,0.5048548230945843,0.519869927127052,0.5220216848149716,0.609435162102834,0.4613408512474027,0.4672789202737939,0.6132792178912871
drift,omd_paper_v2_literal,2,254,5,0,0.16561941009466752,14.091467726850158,0.057027819470871724,0.48204699887593705,0.0,0.0,0.4357805001249751,0.4840207153768333,0.5815566575776288,0.5045313113682469,0.5212616254053685,0.5245946738007403,0.6105235852279144,0.4625698832097738,0.4660107276613912,0.6135273028451188
drift,omd_paper_v2_literal,2,255,9,1,0.0,14.091467726850158,0.05528418161594907,0.48847884882645615,0.0,0.0,0.4337856185050644,0.48144347613151595,0.5794214562389328,0.5048857395008969,0.5197369120627204,0.5217757320486321,0.6093310889807028,0.46122342234507857,0.4674001383484014,0.6132555064061741
drift,omd_paper_v2_literal,2,256,9,0,0.0,14.091467726850158,0.05526863983251768,0.47827222986346857,0.0,0.0,0.432672749054489,0.4809262615974026,0.5805221285273,0.5055181540541002,0.5204223109592687,0.5219864424233522,0.6106324738213703,0.46110981986566263,0.46653727560795744,0.6148664352644918
drift,omd_paper_v2_literal,2,257,4,0,0.17076921593994993,14.262236942790109,0.054757647113216394,0.47758320411496197,0.0,0.0,0.43443991908023166,0.48174744073479525,0.578774266519297,0.5045140877249811,0.5193340961375309,0.5216519024976597,0.608565590283548,0.4612901837889682,0.46790729906075207,0.6123076689354708
drift,omd_paper_v2_literal,2,258,6,1,0.00908556027694174,14.27132250306705,0.052922556683543516,0.48382076152416365,0.0,0.0,0.43418883332034086,0.4812261464550468,0.5770991129259927,0.5023253830391574,0.5165325517583582,0.5201456425575862,0.608216046649566,0.45871661378970735,0.47065530519960225,0.611435464382105
drift,omd_paper_v2_literal,2,259,6,1,0.009051877818432308,14.280374380885483,0.05298008844066665,0.49004257908358384,0.0,0.0,0.43397264310631356,0.48173951455648634,0.5784893527673183,0.5019109781400146,0.5168087700373337,0.521078539669309,0.6098660511963204,0.45824375000399387,0.4702537426361347,0.6127473340842823
drift,omd_paper_v2_literal,2,260,6,1,0.009018150543186665,14.28939253142867,0.0530584329108511,0.49624791892779835,0.0,0.0,0.4337576884931688,0.4822500459743906,0.5798705744159509,0.5014988913483432,0.5170834312798582,0.522006066706589,0.6115043261859944,0.45777360888044255,0.469854467048239,0.6140502374711335
drift,omd_paper_v2_literal,2,261,6,1,0.008984378594984799,14.298376910023654,0.05315715993910463,0.5024361023781868,0.0,0.0,0.43354395884873154,0.48275776345627197,0.5812428443426043,0.5010891035331279,0.5173565486428089,0.5229282642040549,0.6131309589171546,0.4573061674770624,0.4694574591820242,0.6153442476034707
drift,omd_paper_v2_literal,2,262,6,1,0.008950562118085759,14.30732747214174,0.0532758243355954,0.5086065056682638,0.0,0.0,0.4333314436408803,0.4832626895681508,0.5826062288077907,0.5006815957274569,0.5176281351634917,0.523845172457076,0.6147460365670184,0.4568414030543027,0.46906269995506034,0.6166294371424591
drift,omd_paper_v2_literal,2,263,6,0,0.008916701257226545,14.316244173398966,0.053413967624746005,0.49875622098914446,0.0,0.0,0.4331201324369478,0.4837648466947284,0.5839607938493343,0.5002763491279876,0.5178982037602426,0.5247568315189118,0.6163496461674105,0.4563792930742692,0.4686701704556439,0.6179058783412562
drift,omd_paper_v2_literal,2,264,6,1,0.008882796157620443,14.325126969556585,0.05270233111170263,0.5049150423033043,0.0,0.0,0.433457744997311,0.48296259230358557,0.581796078433808,0.5009237902617729,0.5174667242077101,0.5233002447334523,0.6137864485795954,0.45711761780316706,0.4692973128385877,0.6158658047779861
drift,omd_paper_v2_literal,2,265,6,0,0.008848846964956358,14.33397581652154,0.052840721599293754,0.49512300069189574,0.0,0.0,0.433246480261427,0.48346458446712703,0.5831510006408063,0.5005186610575612,0.5177367210565993,0.5242117364681431,0.6153910907254506,0.4566555966587793,0.4689048736564116,0.6171428415532736
drift,omd_paper_v2_literal,2,266,5,1,0.15777089347083728,14.491746709992379,0.052131478506359644,0.4961755752743466,0.0,0.0,0.43358265697282,0.48266582855297857,0.5809944604236587,0.5011633037991363,0.517307096138098,0.5227612936196792,0.612836610971085,0.4573908013850619,0.46952934241124245,0.6151100619960914
drift,omd_paper_v2_literal,2,267,5,1,0.15711541946152435,14.648862129453903,0.0533726629567386,0.4974284380405648,0.0,0.0,0.4353957836770422,0.48500261719702265,0.5829195058440637,0.5008422134265649,0.5186874414916601,0.5253125773302593,0.6139031939054153,0.45861320873127465,0.4682726258631289,0.6153454519532916
drift,omd_paper_v2_literal,2,268,5,0,0.1564597290498117,14.805321858503715,0.05461503983493307,0.4960503585004436,0.0,0.0,0.4371977263543364,0.48732343537358663,0.5848283625268637,0.5005234060177858,0.5200576874798296,0.5278444094370903,0.6149611105286866,0.459827415193414,0.4670252453439896,0.6155791143597813
drift,omd_paper_v2_literal,2,269,5,1,0.15580382304364038,14.961125681547356,0.05284063728385967,0.4972765734129161,0.0,0.0,0.43519764913251885,0.4847473337993924,0.5827093531182671,0.5008772864726472,0.5185366785492118,0.5250339600523748,0.6137867430075917,0.4584796595049508,0.468409878919566,0.6153197427087094
drift,omd_paper_v2_literal,2,270,5,0,0.15514770225239521,15.11627338379975,0.05408202844621252,0.4959293799200971,0.0,0.0,0.43699407314039995,0.48706121844033506,0.5846128413935259,0.5005594223835313,0.5199029026599438,0.5275584523923197,0.6148416497063603,0.45969021958208345,0.46716614416783186,0.6155527196989746
drift,omd_paper_v2_literal,2,271,9,0,0.0,15.11627338379975,0.05231575233801464,0.4859665307292471,0.0,0.0,0.435002357288881,0.4844956947256428,0.5825021646265445,0.5009118598916459,0.518388059934487,0.5247592964463071,0.6136719382199041,0.45834801853731705,0.46854518147265306,0.615294399064226
drift,omd_paper_v2_literal,2,272,5,0,0.15383481955941292,15.270108203359163,0.05174394387239284,0.4848660705799725,0.0,0.0,0.43676973654899093,0.4853268413047246,0.5807803634347383,0.49990376738143016,0.5173075709178047,0.524442012596014,0.6116366164174888,0.45852468969902493,0.46990609264888344,0.6127574828021065
drift,omd_paper_v2_literal,2,273,9,1,0.0,15.270108203359163,0.04998998011204466,0.4911376218585493,0.0,0.0,0.43479326614846486,0.4827813994525953,0.5786807223527917,0.5002536445237615,0.5158039353817004,0.5216626564737405,0.6104726223301926,0.4571932707953004,0.4712752932911877,0.6125008069421541
drift,omd_paper_v2_literal,2,274,9,0,0.0,15.270108203359163,0.05005217164630445,0.4812182324602328,0.0,0.0,0.43368246574268837,0.4822585250363936,0.5797650382885718,0.5008876844429136,0.5164834279491842,0.5218619495250492,0.6117543617021163,0.45708204076308284,0.47041924788789563,0.6140973716753921
drift,omd_paper_v2_literal,2,275,3,1,0.1369195714689284,15.40702777482809,0.04947360773214065,0.4809539112093229,0.0,0.0,0.4354407309575025,0.4830860481340446,0.5780486396401453,0.4998842467950111,0.515408029945918,0.5215465434094476,0.6097251641401787,0.45725807635682914,0.47177411108549877,0.6115695166126539
drift,omd_paper_v2_literal,2,276,3,1,0.1363277562596958,15.543355531087787,0.05002586914652661,0.4809449805176105,0.0,0.0,0.4342912148824902,0.4818093379603042,0.5783919834445004,0.5026584497433101,0.5175109323036541,0.5212139128477044,0.6092267047002782,0.4592444604278611,0.46963744698721216,0.6123435499826819
drift,omd_paper_v2_literal,2,277,3,0,0.13573574118960896,15.679091272277397,0.05061348616531292,0.4809558783725923,0.0,0.0,0.433150883459525,0.48054228768255075,0.5787327176361076,0.5054120111827504,0.5195976973181071,0.5208837192664506,0.6087316994717217,0.4612174621396154,0.4675176563989624,0.6131113087785555
drift,omd_paper_v2_literal,2,278,4,1,0.15639794695499132,15.835489219232388,0.04964497079801015,0.48162491151774267,0.0,0.0,0.43430759032287036,0.48182752919556365,0.5783870913956738,0.5026189186522513,0.5174809705458718,0.5212186528992546,0.6092338092514382,0.4592161456038169,0.4696678863930018,0.612332524134269
drift,omd_paper_v2_literal,2,279,4,0,0.15571118333312578,15.991200402565514,0.0509942298210917,0.4809142101381217,0.0,0.0,0.4345373938427445,0.4823026370234286,0.5799216585583089,0.5046390651570806,0.5200604491522398,0.5225995065750041,0.6095472466942973,0.4615894609937195,0.4671383596299928,0.6131301252890372
drift,omd_paper_v2_literal,2,280,9,1,0.0,15.991200402565514,0.04916454547610664,0.4872166760270993,0.0,0.0,0.43429015205035215,0.481791475347796,0.5782705733104085,0.5024656086227918,0.5172851782394005,0.5211138486023874,0.6092100192973575,0.4590361126027238,0.46985991344269207,0.6122719708034429
drift,omd_paper_v2_literal,2,281,9,1,0.0,15.991200402565514,0.04926502759085996,0.4934959817041155,0.0,0.0,0.4331832747258779,0.4812709692122324,0.5793509808225585,0.5030928708753757,0.5179580052481702,0.5213118626860765,0.6104908450739038,0.45892032233893076,0.4690110622271191,0.6138637345858672
drift,omd_paper_v2_literal,2,282,9,1,0.0,15.991200402565514,0.049389853466187336,0.49975181109511135,0.0,0.0,0.4320831009105003,0.48075334489249927,0.5804247368831963,0.5037166991789762,0.5186270946398778,0.5215087891460478,0.6117631684204131,0.45880516858713133,0.46816702279666156,0.6154443981635026
drift,omd_paper_v2_literal,2,283,9,1,0.0,15.991200402565514,0.04953846655380888,0.5059838819000851,0.0,0.0,0.43098957985087144,0.4802385791585547,0.5814918933607566,0.5043371202912772,0.5192924756927769,0.5217046370353924,0.6130270568100014,0.4586906460217151,0.4673277583998104,0.6170140438335325
drift,omd_paper_v2_literal,2,284,9,0,0.0,15.991200402565514,0.04971028813316769,0.49593683103307407,0.0,0.0,0.4299026610725255,0.4797266489729339,0.5825525018068395,0.5049541607676401,0.5199541774642765,0.521899415324543,0.6142825773524028,0.45857674936630594,0.466493232529646,0.6185727537276363
drift,omd_paper_v2_literal,2,285,9,1,0.0,15.991200402565514,0.04901624054796478,0.5021613442122194,0.0,0.0,0.4316561421297031,0.4805523901229322,0.5808414143937117,0.503958895336769,0.5188868483994881,0.5215852433611156,0.6122567343065762,0.45876046172847423,0.46783937624005717,0.6160574310669877
drift,omd_paper_v2_literal,2,286,9,0,0.0,15.991200402565514,0.049188931734096795,0.49216698337847054,0.0,0.0,0.43056905350152325,0.48004054700119875,0.5819022526913439,0.5045758083817342,0.5195484463539642,0.5217799828504732,0.6135129021849426,0.4586465874837081,0.4670049213445936,0.6176172784821718
drift,omd_paper_v2_literal,2,287,3,1,0.1298047705829341,16.121005173148447,0.048496676870802474,0.49220045968613774,0.0,0.0,0.4323157341908313,0.4808628199700108,0.580197698652592,0.5035847592576809,0.5184855865059712,0.5214671393969804,0.6114941960813426,0.45882952344860756,0.4683455236464117,0.6151102868782019
drift,omd_paper_v2_literal,2,288,3,0,0.12921060887399094,16.250215782022437,0.04912570009320143,0.49216861062980904,0.0,0.0,0.4311872773710081,0.4796039406453013,0.5805268507274075,0.5063143928230475,0.5205500742490127,0.5211339152992135,0.6109962456159466,0.460785085555876,0.46624923588042094,0.6158622891929104
drift,omd_paper_v2_literal,2,289,5,0,0.14264168494583085,16.392857466968266,0.04816250941145929,0.4913921150440941,0.0,0.0,0.4323361386328942,0.4808855777073749,0.5801917482551827,0.5035354160522663,0.5184482628855762,0.5214731625677786,0.6115031948766825,0.4587941862673133,0.46838342656903986,0.6150966886406801
drift,omd_paper_v2_literal,2,290,9,0,0.0,16.392857466968266,0.046480024297865845,0.48147505306581423,0.0,0.0,0.4303786546824186,0.4783620754361778,0.5781117638405996,0.5038848650790321,0.5169602153499622,0.5187166220015217,0.610351410511539,0.45747488633771677,0.46973756554244367,0.6148463375786752
drift,omd_paper_v2_literal,2,291,3,1,0.12742698452733042,16.520284451495595,0.045790788006179174,0.48145375000604923,0.0,0.0,0.4321138354430425,0.47917815567980576,0.5764138485271196,0.5029031346249427,0.5159062129302645,0.5184055622068783,0.6083381426445509,0.457659535621885,0.47106818782592086,0.6123483364672598
drift,omd_paper_v2_literal,2,292,3,1,0.1268320659998921,16.647116517495487,0.0464265590224282,0.4816766605072202,0.0,0.0,0.4309892085566737,0.47792337207557845,0.5767427993227021,0.5056261278049491,0.5179666493682055,0.5180733987829419,0.6078393035013518,0.45961023829669123,0.46897550735331617,0.6130996507941053
drift,omd_paper_v2_literal,2,293,3,1,0.1262369602671941,16.77335347776268,0.04709634280725574,0.4821381352113614,0.0,0.0,0.4298734835848526,0.4766780110886578,0.5770692848484275,0.5083289411716659,0.5200114616271133,0.5177436409676369,0.6073438780038938,0.4615479457499668,0.46689916061935,0.61384495616482
drift,omd_paper_v2_literal,2,294,3,1,0.12564166813162825,16.898995145894308,0.047797671017225,0.482832291073048,0.0,0.0,0.42876658000433193,0.47544199721576574,0.5773933285205297,0.5110116096256915,0.5220407344782536,0.5174162669522376,0.6068518382212493,0.46347270585582284,0.46483905332188485,0.6145843118360834
drift,omd_paper_v2_literal,2,295,3,0,0.12504619039690035,17.02404133629121,0.048528169385034105,0.4821103950180249,0.0,0.0,0.4276684174988886,0.4742152548432524,0.5777149536210567,0.51367417384165,0.5240545547172721,0.5170912550274878,0.6063631562674185,0.4653845686624407,0.4627950891530455,0.6153177767123132
drift,omd_paper_v2_literal,2,296,3,0,0.12445052786802602,17.148491864159233,0.04744915032711918,0.481649536606278,0.0,0.0,0.4288199488345183,0.4755016024128991,0.5773777016746072,0.5108822399461266,0.5219428803963762,0.517432056289752,0.6068755739008704,0.46337985073510096,0.46493838371975754,0.614548665397175
drift,omd_paper_v2_literal,2,297,3,0,0.12385468135132571,17.27234654551056,0.04641116212699773,0.4814448631211289,0.0,0.0,0.4299639110862932,0.4767789642005528,0.5770428185701074,0.5081098351371482,0.5198457089879145,0.5177703756195293,0.6073840513065606,0.4613908081615185,0.46706745213335266,0.6137845527075726
drift,omd_paper_v2_literal,2,298,9,0,0.0,17.27234654551056,0.045415811457367256,0.47152431489921953,0.0,0.0,0.43110034985127094,0.47804739911257454,0.5767102845583989,0.5053569638532638,0.5177629950075725,0.5181062348668769,0.6078886253205202,0.4594173492646411,0.46918232781778674,0.6130254049870902
drift,omd_paper_v2_literal,2,299,5,0,0.13603045682471032,17.408377002335268,0.044700195840760404,0.4710251090939624,0.0,0.0,0.43282361388447144,0.478854201274661,0.5750197083370343,0.5043919148653123,0.5167230353414373,0.5177949764574794,0.6058772843030137,0.459610207051952,0.47049750314329913,0.6105373087555216
drift,omd_paper_v2_literal,2,300,3,1,0.12206604595693904,17.530443048292206,0.043051539213418574,0.4711751623975486,0.0,0.0,0.43088416879678426,0.4763555814512757,0.5729512691857372,0.504734147124499,0.5152447014901249,0.5150618542659243,0.6047311533551653,0.4582989612472315,0.47184342199158225,0.6102875475636068
drift,omd_paper_v2_literal,2,301,3,0,0.12146947157805926,17.651912519870265,0.04373359980953229,0.4710245356428864,0.0,0.0,0.4297796841276169,0.47512268019584464,0.5732753146714686,0.5074122229193716,0.5172717259643336,0.5147353962113991,0.6042382724082285,0.46021871120295255,0.4697846121158502,0.6110271361121522
drift,omd_paper_v2_literal,2,302,9,1,0.0,17.651912519870265,0.04272932363235256,0.47732129380557387,0.0,0.0,0.4309092292510261,0.4763835500891786,0.5729439183083085,0.5046733980351404,0.5151987175101037,0.5150692589909477,0.6047423306448827,0.4582554307268519,0.471890132249831,0.6102707659736253
drift,omd_paper_v2_literal,2,303,9,1,0.0,17.651912519870265,0.04296225035522158,0.48359396817844774,0.0,0.0,0.42981680636333225,0.47587224238133075,0.5740182675449087,0.5052839184754796,0.5158572538822306,0.515266864818593,0.6060212616406373,0.45813128939457254,0.4710567030524707,0.6118508405012597
drift,omd_paper_v2_literal,2,304,9,1,0.0,17.651912519870265,0.04322135868034109,0.48984230353930813,0.0,0.0,0.4287309508068309,0.4753637415450185,0.5750861317718384,0.5058911316791653,0.5165121851508804,0.5154634005232289,0.6072918580579502,0.4580078225241799,0.4702279273052049,0.6134200668994926
drift,omd_paper_v2_literal,2,305,9,1,0.0,17.651912519870265,0.04350577079784933,0.49606607486382615,0.0,0.0,0.42765161327865187,0.47485802519063364,0.576147560246396,0.5064950631335559,0.5171635391053487,0.5156588748638854,0.6085541842363765,0.45788502455489194,0.4694037700575237,0.6149785237441449
drift,omd_paper_v2_literal,2,306,9,0,0.0,17.651912519870265,0.04381459314459593,0.48611760042115026,0.0,0.0,0.42657874474473756,0.474355071111839,0.577202601943649,0.5070957381356038,0.5178113433301694,0.5158532965214744,0.6098083041977277,0.45776288997631254,0.468584196585322,0.6165262894807713
drift,omd_paper_v2_literal,2,307,9,1,0.0,17.651912519870265,0.0429971490874808,0.4923343787081474,0.0,0.0,0.42829474518685107,0.47515939271769003,0.575515102662044,0.5061351618967153,0.5167753818897947,0.5155423855927642,0.6078020945762439,0.4579582034489715,0.46989489374233423,0.6140500677662465
drift,omd_paper_v2_literal,2,308,9,1,0.0,17.651912519870265,0.04330917582215549,0.498526682086942,0.0,0.0,0.4272217600285291,0.47465654506189103,0.5765702740244134,0.5067356845936634,0.5174230443459621,0.5157367570966752,0.6090567342442776,0.45783609913061024,0.4690754442714286,0.6155988108995821
drift,omd_paper_v2_literal,2,309,9,1,0.0,17.651912519870265,0.043644979251862226,0.504694325798201,0.0,0.0,0.4261551795189954,0.47415643172111094,0.5776191223567019,0.5073329834575925,0.518067192634037,0.5159300866574933,0.6103032500502735,0.45771465141924517,0.46826053300060844,0.6171369683241312
drift,omd_paper_v2_literal,2,310,9,1,0.0,17.651912519870265,0.04400362882645994,0.5108371496210781,0.0,0.0,0.42509495551310267,0.4736590309728156,0.5786616957278569,0.5079270832587488,0.5187078537679686,0.5161223827584329,0.6115417048980345,0.4575938549310344,0.4674501258825343,0.6186646174573567
drift,omd_paper_v2_literal,2,311,9,0,0.0,17.651912519870265,0.04438419379031929,0.5008639547090362,0.0,0.0,0.42404104014018956,0.4731643212739838,0.579698041920153,0.5085180085796068,0.5193450545594857,0.5163136538066948,0.6127721613610403,0.45747370433111395,0.4666441890961509,0.6201818355440699
drift,omd_paper_v2_literal,2,312,9,1,0.0,17.651912519870265,0.04349962823242102,0.5070008442705861,0.0,0.0,0.42575315518029544,0.47396785492490806,0.5780144566017168,0.5075582164854866,0.5183100822098888,0.5160029890191484,0.6107729318361524,0.45766885540747554,0.46795327781235235,0.6177163929811368
drift,omd_paper_v2_literal,2,313,9,0,0.0,17.651912519870265,0.0438840188054168,0.4970772044289231,0.0,0.0,0.42469899312240106,0.4734731971586571,0.5790510600122873,0.5081490550953007,0.5189472126109328,0.516194230417784,0.6120040686667805,0.4575487222079877,0.4671473718750504,0.6192348031325564
drift,omd_paper_v2_literal,2,314,3,1,0.11369792797459954,17.765610447844864,0.04299983495130377,0.4973594789853799,0.0,0.0,0.426404649667906,0.4742734308857561,0.5773738019060024,0.5071932445051714,0.5179164965363302,0.5158848567591848,0.6100117505143237,0.45774306420974326,0.46845117016174287,0.616777318341256
drift,omd_paper_v2_literal,2,315,3,1,0.11309890901534542,17.87870935686021,0.043760018683915096,0.4978634869763227,0.0,0.0,0.4253205146880646,0.47305533985409104,0.5776862839812401,0.5098435841592183,0.5199206102191561,0.5155597546154281,0.6095159642259417,0.45964700322760466,0.46641778850943433,0.6174944293924792
drift,omd_paper_v2_literal,2,316,3,0,0.11249972162959082,17.9912090784898,0.04454937216817778,0.49734254708743647,0.0,0.0,0.42424484864535034,0.47184628363130904,0.5779964681861053,0.5124744089636366,0.5219097470385177,0.5152369661239441,0.6090235022764289,0.4615384823310004,0.4644000624262816,0.6182059024689865
drift,omd_paper_v2_literal,2,317,3,1,0.1119003666486919,18.10310944513849,0.043527085972442335,0.4978348150987017,0.0,0.0,0.4253675016715518,0.47310814266018536,0.5776727378610373,0.5097286912251661,0.5198337363172154,0.5155738494311961,0.609537463339499,0.45956443465270275,0.46650592148326187,0.6174633502046722
drift,omd_paper_v2_literal,2,318,3,1,0.11130084490520276,18.21441029004369,0.044316451203682765,0.49854206232765325,0.0,0.0,0.4242953875006631,0.47190310034526534,0.5779818913261131,0.5123507781111075,0.5218162753771375,0.5152521370309946,0.6090466523012951,0.46144956014961935,0.46449486723582295,0.6181724755272174
drift,omd_paper_v2_literal,2,319,3,1,0.1107011572328695,18.325111447276562,0.04513236927980653,0.49945876131103983,0.0,0.0,0.4232316077977722,0.4707069579650392,0.5782887841433688,0.5149535320060287,0.5237840254106546,0.514932701703096,0.6085591158959627,0.46332236103810537,0.46249926683861864,0.6188760563142228
drift,omd_paper_v2_literal,2,320,3,0,0.1101013044666252,18.435212751743187,0.04597245232247536,0.49848978654993426,0.0,0.0,0.4221760868320286,0.46951964340614744,0.5785934375731775,0.5175369990537202,0.5257370702119163,0.5146155229528718,0.6080748275684054,0.4651828855772024,0.46051902719615334,0.6195741469062976
drift,omd_paper_v2_literal,2,321,3,0,0.10950128744258425,18.54471403918577,0.04489563703582458,0.49776760868066006,0.0,0.0,0.4233003419984436,0.4707842585826799,0.5782689504706051,0.514785330412612,0.5236568648775585,0.5149533482365386,0.6085906335473977,0.4632012838666077,0.4626282134734049,0.6188305966052912
drift,omd_paper_v2_literal,2,322,9,0,0.0,18.54471403918577,0.04386055957924082,0.4877778777883652,0.0,0.0,0.4244174252262586,0.472040293071404,0.5779466934566588,0.5120522526569996,0.5215905722688087,0.5152887686114376,0.6091025483645405,0.46123485863223435,0.464723793645084,0.6180917581683556
drift,omd_paper_v2_literal,2,323,5,1,0.1200876880537598,18.66480172723953,0.042937367094212454,0.48816133622479835,0.0,0.0,0.4261118504351988,0.47283152744741597,0.5762751670990381,0.5111132876057908,0.5205737818108548,0.5149786785962264,0.6071086856186256,0.46143855174209863,0.4660122375682748,0.6156429391480333
drift,omd_paper_v2_literal,2,324,5,0,0.11942120898944336,18.784222936228975,0.04415041759429684,0.48776039388898684,0.0,0.0,0.4279207467892667,0.47516493452655933,0.5782033313518063,0.5107975549907354,0.521957659352214,0.5175331678787731,0.6081738319258271,0.46267027443062203,0.4647533235782612,0.6158728294893493
drift,omd_paper_v2_literal,2,325,3,1,0.10709959353179427,18.89132252976077,0.04267898119035747,0.48838005670333795,0.0,0.0,0.42599404358754683,0.47267951341651165,0.5761494389182699,0.511133861696603,0.5204835916441916,0.5148121892799612,0.6070392409448311,0.4613583039548694,0.46609428862426483,0.6156279567828254
drift,omd_paper_v2_literal,2,326,3,1,0.10649876780146278,18.997821297562233,0.043489547046805695,0.4892124781349578,0.0,0.0,0.42493546602709525,0.4714899685933881,0.5764554883496689,0.5137245130716026,0.5224430003034862,0.5144952036740397,0.6065527678343999,0.4632230775202029,0.4641068652117345,0.6163292520630218
drift,omd_paper_v2_literal,2,327,3,1,0.10589778285453094,19.103719080416763,0.044325373033244575,0.49025203390250255,0.0,0.0,0.42388503395076754,0.47030913233256233,0.5767593215824653,0.5162961668263855,0.5243879087678928,0.5141804418143916,0.6060695159930448,0.46507571976175904,0.46213458373620986,0.6170251235722861
drift,omd_paper_v2_literal,2,328,3,1,0.10529663953523294,19.209015719951996,0.04518409826620523,0.4914929680085409,0.0,0.0,0.4228426738692297,0.4691369343529238,0.5770609593109048,0.5188488704730475,0.5263183993681088,0.5138678837992454,0.6055894593805924,0.46691627910925143,0.46017735299284296,0.6177156240088951
drift,omd_paper_v2_literal,2,329,3,0,0.10469533868894004,19.313711058640937,0.04606351648813102,0.49015979701665247,0.0,0.0,0.4218083125629449,0.46797330438613005,0.5773604221011144,0.521382676085344,0.5282345559544165,0.5135575098298425,0.6051125720194109,0.46874480570848287,0.4582350802949859,0.6184008057288707
drift,omd_paper_v2_literal,2,330,3,1,0.10409388116215701,19.417804939803094,0.044954819465130594,0.4913797198725299,0.0,0.0,0.42292723097572865,0.46923204014688075,0.5770364849766472,0.5186417655482197,0.5261617777509111,0.5138932468094088,0.6056284213114934,0.4667668921789304,0.4603361280383326,0.6176596108451394
drift,omd_paper_v2_literal,2,331,3,0,0.10349226780251525,19.52129720760561,0.045833270649044855,0.49007022116892024,0.0,0.0,0.4218959883770742,0.46807195388364664,0.5773350332017948,0.5211678785001349,0.5280721187435193,0.5135838264872845,0.6051530145228476,0.4685897337983969,0.4583997149406887,0.6183427281992336
drift,omd_paper_v2_literal,2,332,4,1,0.11902910476519962,19.64032631237081,0.04473616373189431,0.4912905529247233,0.0,0.0,0.4230106000541766,0.46932580691901754,0.5770123554164304,0.5184375750062998,0.5260073598174783,0.5139182520729418,0.6056668324754685,0.4666196177804362,0.46049267187268966,0.6176043845346851
drift,omd_paper_v2_literal,2,333,4,0,0.11833207882196145,19.75865839119277,0.046196140444805696,0.4899445679845064,0.0,0.0,0.42327980756720845,0.4698297904410875,0.5784828106675814,0.5203149911851236,0.5284462058825161,0.5152702173199005,0.6059691344114991,0.4688804590266616,0.4581083059907256,0.6183334397040201
drift,omd_paper_v2_literal,2,334,9,1,0.0,19.75865839119277,0.04443056959622465,0.4962023729351985,0.0,0.0,0.42298018855657904,0.4692688720777983,0.57684614085428,0.518225435657556,0.5257317450864404,0.5137654973602575,0.6056326740951153,0.4663642782208142,0.46076216713646273,0.6175219844072956
drift,omd_paper_v2_literal,2,335,9,0,0.0,19.75865839119277,0.044947189198385945,0.4860894702985739,0.0,0.0,0.4219370722869874,0.46878249889063783,0.577876327046917,0.5187965463888812,0.5263516408566314,0.513956170740636,0.6068677111232501,0.4662307796256685,0.4599749849977028,0.61903058981209
drift,omd_paper_v2_literal,2,336,3,0,0.10048189325671986,19.85914028444949,0.043951606458414595,0.4850780880401272,0.0,0.0,0.4236234663288389,0.46956868208406227,0.5762108419080756,0.5178734021626333,0.5253496266391947,0.5136479719604747,0.6048707732328846,0.46644656378482463,0.46124745229998554,0.6165910092000172
drift,omd_paper_v2_literal,2,337,9,0,0.0,19.85914028444949,0.04291268907906025,0.4750941043026586,0.0,0.0,0.4247297550221662,0.4708137379212431,0.5758960969325705,0.5151699180725748,0.5233081663405903,0.513983849443738,0.6053830336052302,0.4644997664626327,0.4633175367587611,0.6158613702912444
drift,omd_paper_v2_literal,2,338,5,0,0.11007324598962975,19.96921353043912,0.04193417372221908,0.47501580384419123,0.0,0.0,0.42640753904979106,0.4715945008386721,0.5742394832697542,0.5142538799119597,0.5223132227739498,0.5136774367727274,0.6033960632708568,0.4647152119423813,0.46458186592543993,0.6134303765211219
drift,omd_paper_v2_literal,2,339,3,0,0.0986738530257647,20.067887383464885,0.040593476078994585,0.47427867825852327,0.0,0.0,0.4245020608424867,0.46913673421343605,0.5722026299981247,0.5145865439258713,0.5208546725337494,0.5109837405516605,0.6022694434138535,0.4634157008113574,0.46590861397382555,0.6131883803545781
drift,omd_paper_v2_literal,2,340,5,1,0.1087352739200671,20.176622657384954,0.039579717771599465,0.47437831558289967,0.0,0.0,0.4255989345745992,0.47037076564440755,0.5718898788761229,0.5119042750194388,0.5188281620987031,0.5113165305794729,0.6027792558438385,0.4614859469687444,0.4679644944104327,0.6124631558426941
drift,omd_paper_v2_literal,2,341,5,0,0.10806605654661183,20.284688713931565,0.04075658266552873,0.47427954607992423,0.0,0.0,0.4274094573304865,0.47270524688296495,0.5738247259897357,0.5115888126397657,0.5202142077592832,0.5138745494601942,0.6038486383222103,0.4627197464234105,0.4667033703464349,0.6126932842486953
drift,omd_paper_v2_literal,2,342,9,1,0.0,20.284688713931565,0.03941600244608824,0.4805133270748428,0.0,0.0,0.42550896892664747,0.47025473067973034,0.5717936224200874,0.5119199592297646,0.5187592416357207,0.5111893320105534,0.602726061558144,0.46142461594990375,0.46802720698043954,0.6124517127911792
drift,omd_paper_v2_literal,2,343,9,1,0.0,20.284688713931565,0.03997890864435318,0.4867203901199246,0.0,0.0,0.4244546509720713,0.46976374414608374,0.572835557609209,0.5124949129657951,0.5193835934712321,0.5113810582876815,0.6039756556586234,0.46128814244482336,0.4672331111956596,0.6139811948901247
drift,omd_paper_v2_literal,2,344,9,0,0.0,20.284688713931565,0.04056074114425274,0.47683904101499996,0.0,0.0,0.4234065482211403,0.4692753926049087,0.5738713834164564,0.5130668162662296,0.5200046083518335,0.5115717749703645,0.6052173458829179,0.46115239097575006,0.46644334787628017,0.6155004205042017
drift,omd_paper_v2_literal,2,345,9,1,0.0,20.284688713931565,0.03953574561330724,0.4830407668801675,0.0,0.0,0.4250758732402753,0.4700530732788105,0.5722216274879738,0.512156099221224,0.5190156729461471,0.5112680752573402,0.6032394386345301,0.46136856496605577,0.46770104843673027,0.6130801481371937
drift,omd_paper_v2_literal,2,346,9,0,0.0,20.284688713931565,0.04012443770426676,0.47320532586513264,0.0,0.0,0.424027674086326,0.469564830559018,0.5732575291392804,0.5127278543406425,0.5196365413942144,0.5114587379714283,0.6044815613296117,0.46123284990978597,0.46691141899292105,0.6146002483189432
drift,omd_paper_v2_literal,2,347,5,0,0.10404757036010409,20.38873628429167,0.03909885214607091,0.47335783986760077,0.0,0.0,0.42569082665508795,0.4703393940311038,0.5716139039063184,0.5118208205936876,0.518651582872031,0.5111562736038426,0.6025104664700447,0.46144814774346676,0.4681641440598896,0.6121877693562071
drift,omd_paper_v2_literal,2,348,3,0,0.09324182496304217,20.48197810925471,0.037844195031690495,0.472858362637501,0.0,0.0,0.4238045623678731,0.4679069444162811,0.5695955258700726,0.5121502259576423,0.5172071359147589,0.5084894586322902,0.6013957810952256,0.4601624751528007,0.4694783609307872,0.611949352888661
drift,omd_paper_v2_literal,2,349,9,1,0.0,20.48197810925471,0.03688848422033469,0.47902574321357927,0.0,0.0,0.4248894007451539,0.46912953550666575,0.5692862373294156,0.5094866467739247,0.5151936452328639,0.5088190246264626,0.6019058177206436,0.45824589073751204,0.4715211932990823,0.6112325453471539
drift,omd_paper_v2_literal,2,350,9,0,0.0,20.48197810925471,0.03752011858821581,0.4693209601457615,0.0,0.0,0.42383924715099247,0.4686405111815844,0.5703257647831574,0.510058807267637,0.5158152415740198,0.5090099237604117,0.6031520840076344,0.4581091445832574,0.4707300533120157,0.6127582827439428
drift,omd_paper_v2_literal,2,351,5,1,0.10136561550736756,20.58334372476208,0.03647441046830539,0.4691952272606283,0.0,0.0,0.42549260889971596,0.46941031488121215,0.5686891601671441,0.5091581538278731,0.514836760758524,0.5087094268400516,0.6011897283967825,0.45832440057116103,0.47197545759222553,0.6103556202211059
drift,omd_paper_v2_literal,2,352,5,0,0.10069476461038351,20.684038489372465,0.03763743347060441,0.4693303971709827,0.0,0.0,0.4273044254762653,0.4717449304306564,0.5706264309582226,0.508842346240701,0.5162232759737841,0.5112679697247947,0.602258843858006,0.45955766682483346,0.47071363549065914,0.6105842628617106
drift,omd_paper_v2_literal,2,353,3,1,0.09021907767219306,20.774257567044657,0.03639540181025325,0.46977544925069115,0.0,0.0,0.4254222399389723,0.4693196157330999,0.5686138330351714,0.5091704262816173,0.5147828746377022,0.5086099892191063,0.601148161944367,0.4582764848142914,0.4720245005989173,0.6103467339585941
drift,omd_paper_v2_literal,2,354,3,0,0.08961411661139074,20.863871683656047,0.03726210357856319,0.469316955882611,0.0,0.0,0.42438601860007585,0.4681514607965515,0.5689094527621693,0.5117179767059344,0.5167091799736447,0.5082955577381015,0.600658884893627,0.46011078779091297,0.47007023771811723,0.6110313902044572
drift,omd_paper_v2_literal,2,355,9,0,0.0,20.863871683656047,0.036339138235414806,0.4596853755476367,0.0,0.0,0.42546448829544475,0.46936723470409314,0.5686017831042338,0.5090665820171684,0.5147043524256307,0.5086228046997284,0.6011680996614107,0.45820174578744893,0.47210417119904435,0.6103188194363441
drift,omd_paper_v2_literal,2,356,5,1,0.09800993964388738,20.961881623299934,0.03528894800311695,0.45954286607966977,0.0,0.0,0.42711020212876977,0.47013262638763503,0.5669734168213482,0.508173606222228,0.5137338324970381,0.5083245457335743,0.5992126976031117,0.45841860614353486,0.4733404719276498,0.6079243891226563
drift,omd_paper_v2_literal,2,357,5,1,0.09733838262957328,21.059220005929507,0.036449972310428805,0.45962797353975654,0.0,0.0,0.42891866465109135,0.4724609734543497,0.5689072829642869,0.5078596034479788,0.515117520388052,0.5108761400523156,0.6002802668350637,0.45964941944818716,0.4720809614110731,0.6081529223953935
drift,omd_paper_v2_literal,2,358,5,1,0.09666668713841992,21.155886693067927,0.03762435258886183,0.4599358891968904,0.0,0.0,0.43071651796678206,0.47477442665773145,0.5708257157832941,0.5075477631400288,0.5164914228054865,0.5134095517738718,0.6013395211610072,0.46087221972526965,0.4708305010961476,0.6083798304374317
drift,omd_paper_v2_literal,2,359,5,1,0.09599485408825681,21.251881547156184,0.038809690166527015,0.46046157644318286,0.0,0.0,0.4325037891181227,0.4770730065374561,0.5727288219953109,0.5072380664094677,0.5178556088201612,0.5159248202745078,0.6023905365085964,0.46208705801112326,0.46958902191970225,0.6086051281436488
drift,omd_paper_v2_literal,2,360,5,1,0.0953228843978825,21.34720443155407,0.040003877327985105,0.4611997942673725,0.0,0.0,0.43428050693895137,0.47935673715556326,0.5746167093659766,0.5069304944596748,0.5192101478116522,0.5184219892906345,0.6034333884890168,0.46329398569007385,0.4683564547214984,0.608828830318419
drift,omd_paper_v2_literal,2,361,5,1,0.09465077898705737,21.441855210541124,0.04120506068086073,0.4621451214794536,0.0,0.0,0.43604670198290846,0.4816256459655778,0.5764894866194931,0.5066250285898551,0.5205551094288637,0.5209011067429432,0.6044681523779097,0.46449305446232797,0.46713273027566743,0.6090509516734507
drift,omd_paper_v2_literal,2,362,5,1,0.09397853877649776,21.53583374931762,0.04241160892385525,0.46329198136948174,0.0,0.0,0.43780240645331486,0.4838797636842545,0.5783472633516433,0.5063216501983889,0.5218905635520293,0.5233622245643442,0.6054949030972866,0.46568431631294294,0.46591777932091416,0.6092715068257567
drift,omd_paper_v2_literal,2,363,5,1,0.09330616468787062,21.629139914005492,0.04362208465831058,0.4646346664946042,0.0,0.0,0.43954765413468194,0.48611912416597197,0.5801901499459035,0.5060203407859986,0.5232165802561123,0.5258053985317394,0.6065137151984009,0.4668678234818529,0.4647115325895142,0.6094905102957526
drift,omd_paper_v2_literal,2,364,5,0,0.09263365764378656,21.72177357164928,0.04483521983803648,0.4631541342314004,0.0,0.0,0.4412824803258501,0.4883437642797965,0.5820182574925843,0.5057210819587392,0.5245332297755749,0.5282306881016495,0.6075246628455516,0.46804362843493,0.463513920835135,0.6097079765054811
drift,omd_paper_v2_literal,2,365,5,1,0.0919610185677941,21.813734590217074,0.043433851996425174,0.4644701430988337,0.0,0.0,0.4393533389786152,0.4858698614096612,0.5799851522282712,0.5060538757645456,0.5230690147477787,0.5255335401541854,0.6064003703554142,0.4667360842911406,0.4648457637767599,0.6094661381017951
drift,omd_paper_v2_literal,2,366,5,0,0.0912882483843736,21.905022838601447,0.044638708293612085,0.4630206687172358,0.0,0.0,0.4410830956833939,0.48808815441630465,0.5818083431955335,0.5057554634548986,0.5243819793817506,0.5279521167197715,0.6074085636483516,0.46790852412137174,0.463651491062315,0.6096829944369386
drift,omd_paper_v2_literal,2,367,5,1,0.09061534801893079,21.99563818662038,0.04325991948866211,0.46431043277509043,0.0,0.0,0.439161695811739,0.48562400973950626,0.5797829271428738,0.506086952699879,0.5229234606078587,0.5252653797387807,0.6062885622501603,0.46660614881707996,0.4649781667469478,0.6094420982255714
drift,omd_paper_v2_literal,2,368,5,0,0.08994231839779115,22.08558050501817,0.044456216177723856,0.4628914535134823,0.0,0.0,0.4408864051264731,0.48783598058885547,0.5816012166165141,0.5057893835454526,0.524232754176131,0.5276772663211193,0.6072940104418473,0.4677752373323971,0.4637872207087861,0.6096583470295043
drift,omd_paper_v2_literal,2,369,5,0,0.08926916044819277,22.174849665466365,0.043100369434768325,0.46172726427142247,0.0,0.0,0.4389726791626648,0.4853815115427929,0.5795834286054633,0.5061195793228885,0.5227798840106594,0.5250008553826486,0.6061782652262128,0.4664779865292551,0.46510877221610586,0.6094183850717526
drift,omd_paper_v2_literal,2,370,5,1,0.08859587509828143,22.263445540564646,0.0417895008108898,0.46277447468326594,0.0,0.0,0.4370736746259957,0.4829443191125646,0.5775766337516959,0.5064475394619258,0.5213364457292684,0.522341099784176,0.6050689591758447,0.46518994675423847,0.4664218822686345,0.609179991555483
drift,omd_paper_v2_literal,2,371,5,0,0.08792246327710329,22.35136800384175,0.04296365618946705,0.46163669920635597,0.0,0.0,0.43879844315967603,0.4851579620943397,0.5793994907843757,0.5061496572836035,0.5226475195086606,0.5247569818119023,0.6060765744240939,0.4663598395086741,0.46522917972836886,0.6093965238038463
drift,omd_paper_v2_literal,2,372,5,0,0.08724892591459937,22.43861692975635,0.04167674704456408,0.46074860358825587,0.0,0.0,0.4369068732342802,0.4827301703669749,0.5774001487022629,0.5064763610603468,0.5212095758081124,0.522107291826645,0.6049714189857452,0.46507677291897936,0.46653730378463043,0.6091590385143427
drift,omd_paper_v2_literal,2,373,6,1,0.004956910139021997,22.44357383989537,0.040438605763877616,0.466661487095692,0.0,0.0,0.4350298372384151,0.48031950986832694,0.5754117365958505,0.5068008625816759,0.5197809528788581,0.5194741860389753,0.6038726314763522,0.46380279110883055,0.46783708763423576,0.6089230988860073
drift,omd_paper_v2_literal,2,374,6,0,0.004919125034898886,22.44849296493027,0.041119648816648764,0.4576439949221743,0.0,0.0,0.43480923901032364,0.48079379791941607,0.5767245213108562,0.5063927736551057,0.5200206144142747,0.5203439322693166,0.6054525794362876,0.4633256368177795,0.467476229139689,0.6101778282331113
drift,omd_paper_v2_literal,2,375,4,0,0.08891925106654791,22.53741221599682,0.04011668353436833,0.4570447475525622,0.0,0.0,0.4351459725911374,0.4800698543137868,0.5747202453022556,0.507015680875776,0.5196547890978314,0.5190162955742538,0.603040057740706,0.4640539963613971,0.4680270605272566,0.6082620171685084
drift,omd_paper_v2_literal,2,376,6,0,0.0048434785395830016,22.542255694536404,0.03871995820160324,0.4481267813842999,0.0,0.0,0.434875245633479,0.4795588162554827,0.5731635661020789,0.5049763011945161,0.5170349084318027,0.5175967381695878,0.6027396163006283,0.46162623562505184,0.47059184478778693,0.6074798105078221
drift,omd_paper_v2_literal,2,377,3,0,0.07566448536747516,22.61792017990388,0.03771580566883778,0.44820286234538725,0.0,0.0,0.4352100970353316,0.4788393433673002,0.5711670125260043,0.5055961077946864,0.5166716633927764,0.5162766189973793,0.6003355957248857,0.46235056211027,0.4711392943435336,0.6055706663143162
drift,omd_paper_v2_literal,2,378,6,0,0.004767731590077928,22.62268791149396,0.03702263075489243,0.4393074066683588,0.0,0.0,0.4362737922943721,0.48003247349595457,0.5708578934781774,0.5029845930408114,0.5146926140785263,0.5165907224550318,0.6008332672846811,0.46046538597233994,0.47314719792390014,0.6048638576028299
drift,omd_paper_v2_literal,2,379,5,1,0.08253072751996032,22.705218639013918,0.03600840970227849,0.4398112140864649,0.0,0.0,0.4366078170452052,0.4793166647179872,0.5688675303175322,0.5036005904569677,0.514330086983228,0.5152764902934184,0.5984364311206701,0.46118542763987425,0.4736933186254415,0.6029586230422884
drift,omd_paper_v2_literal,2,380,5,1,0.08185621941000865,22.787074858423928,0.03715939196795844,0.44052742359400354,0.0,0.0,0.4383492022093784,0.48154829757668116,0.5707119896149716,0.5032999720932327,0.5156525709526046,0.5177142759673878,0.5994537768390844,0.46236521930970625,0.47248994293547664,0.6031736085908467
drift,omd_paper_v2_literal,2,381,5,0,0.08118159416742204,22.86825645259135,0.03831937749929717,0.4397651611543506,0.0,0.0,0.4400804379822235,0.48376572436084075,0.5725421628562463,0.5030013632662541,0.5169659872018013,0.5201349124255985,0.6004634658618135,0.46353753259879643,0.4712949372331669,0.6033871159024046
drift,omd_paper_v2_literal,2,382,5,0,0.08050685273074232,22.948763305322093,0.03712501071229247,0.4392548574273826,0.0,0.0,0.43821651284230567,0.4813782946908769,0.5705715718455208,0.5033228692544446,0.5155518493415459,0.5175286263514783,0.5993763191271757,0.4622753436074049,0.4725815888852786,0.6031572352761609
drift,omd_paper_v2_literal,2,383,3,1,0.07201502276290667,23.020778328085,0.03598781280917368,0.4392503929389428,0.0,0.0,0.4363667488323929,0.47900763566087246,0.5686119117401807,0.5036422273760165,0.5141469002176524,0.5149387850516998,0.59829545665222,0.4610220546768204,0.4738600164832578,0.6029288433515395
drift,omd_paper_v2_literal,2,384,3,1,0.07140639069318144,23.09218471877818,0.03674050453390365,0.43948249870620065,0.0,0.0,0.4353256053735481,0.4778405970071372,0.5689173489590756,0.5062011380374102,0.5160877995746397,0.5146333031514028,0.5978082071251867,0.46287071149327746,0.47189070671575023,0.6036234176939045
drift,omd_paper_v2_literal,2,385,3,0,0.07079765007682359,23.162982368855005,0.03752684621208071,0.43924723202122506,0.0,0.0,0.43429216985410185,0.4766818052692949,0.5692206385570701,0.5087421696922889,0.5180149014798198,0.5143299064723029,0.5973241095758425,0.4647076948173746,0.4699357745987452,0.6043128129263826
drift,omd_paper_v2_literal,2,386,3,0,0.07018880181447545,23.23317117066948,0.03680506525729208,0.43926037774285254,0.0,0.0,0.43535506522365286,0.4778736246200025,0.5689087048411205,0.5061287166208935,0.5160328723909942,0.5146419494052271,0.5978220004867364,0.46281837438664336,0.4719464326624864,0.6036037647775936
drift,omd_paper_v2_literal,2,387,6,0,0.00442566801214761,23.237596838681625,0.03614196866442936,0.4304744430355344,0.0,0.0,0.43641128027623377,0.4790575429567897,0.5685988502041023,0.5035328041932613,0.5140638982232195,0.5149518470857913,0.5983162869216176,0.46094303039858436,0.4739442419360751,0.6028991343643654
drift,omd_paper_v2_literal,2,388,3,1,0.06897078595833428,23.30656762463996,0.03512969873008228,0.4305280880115034,0.0,0.0,0.4367514409274639,0.47835571500113316,0.5666230869838373,0.5041401210195294,0.5137049074679991,0.5136538539615165,0.5959322170140345,0.46166041106407096,0.4744863530398929,0.6010008386259175
drift,omd_paper_v2_literal,2,389,3,1,0.06836162016976338,23.374929244809724,0.03589358778295432,0.43081887964550014,0.0,0.0,0.43571814075345655,0.4771981266217392,0.5669270028825873,0.5066787997442251,0.5156308248887723,0.5133510687237227,0.5954485044479877,0.4634947646004502,0.4725320347542042,0.60169163065387
drift,omd_paper_v2_literal,2,390,3,1,0.0677523503456342,23.44268159515536,0.03669075722452641,0.4313415119070346,0.0,0.0,0.434692433825429,0.4760486684729875,0.5672287980509083,0.509199839234035,0.5175431597223507,0.5130503369784419,0.5949679043203756,0.46531759727468186,0.4705918660265221,0.6023773149995464
drift,omd_paper_v2_literal,2,391,3,1,0.06714297739048813,23.50982457254585,0.03751801642283955,0.43209041398424997,0.0,0.0,0.4336742561783695,0.4749072791558097,0.567528491264604,0.5117032697232827,0.519441979908849,0.5127516412307654,0.5944903926052324,0.46712894993572,0.46866577195806014,0.6030579382438596
drift,omd_paper_v2_literal,2,392,3,1,0.0665335022096274,23.576358074755476,0.03837238888676876,0.4330597800256373,0.0,0.0,0.4326635440005663,0.47377389720702656,0.5678261011997324,0.5141891258058904,0.5213273549492181,0.5124549640630399,0.5940159453181777,0.468928865095832,0.46675367609743124,0.6037335467182168
drift,omd_paper_v2_literal,2,393,3,0,0.06592392570910843,23.642282000464583,0.039251111538708326,0.432037953359647,0.0,0.0,0.43166023365286454,0.4726484611254257,0.5681216464294693,0.5166574462678264,0.5231993558197252,0.5121602881383102,0.5935445385233911,0.47071738685677694,0.46485550053002217,0.6044041864961498
drift,omd_paper_v2_literal,2,394,3,1,0.06531424879573544,23.70759624926032,0.038426747246793826,0.43299022247016494,0.0,0.0,0.4327254652704914,0.4738433441602862,0.5678078648165505,0.5140368093753349,0.5212118344947698,0.5124731449458931,0.5940450249084481,0.46881854103347853,0.46687082343936565,0.6036921562128245
drift,omd_paper_v2_literal,2,395,3,0,0.06470447237705396,23.772300721637375,0.039300272226693835,0.43198704737202487,0.0,0.0,0.43172519340748194,0.47272133861360377,0.5681025077193552,0.51649761557595,0.5230781399852888,0.5121793722748705,0.5935750731216228,0.47060153487657835,0.4649784004370066,0.6043607662128879
drift,omd_paper_v2_literal,2,396,3,0,0.06409459736134432,23.83639531899872,0.03849422516380801,0.4312397619124123,0.0,0.0,0.4327865434419969,0.47391184423032445,0.5677898771599178,0.5138865693423227,0.5210978885450609,0.5124910776473436,0.5940737069481783,0.4687097257591201,0.4669863754277565,0.6036513291875474
drift,omd_paper_v2_literal,2,397,4,1,0.07341962415725506,23.909814943155972,0.037741658315748626,0.4320575261645285,0.0,0.0,0.43384136065255113,0.4750946303939312,0.5674792974220723,0.5112923469364968,0.5191303092553071,0.5128006753456261,0.5945687925634859,0.46683154002772764,0.4689818944133535,0.6029462353505567
drift,omd_paper_v2_literal,2,398,4,0,0.07271381825685613,23.982528761412826,0.03903905433881079,0.4311815939651215,0.0,0.0,0.43410336066622923,0.47557834925127385,0.5689093952052694,0.5131324587743681,0.521511323360416,0.5141089215983027,0.5948519518335169,0.4690415172522194,0.46665206868524817,0.6036580652233481
drift,omd_paper_v2_literal,2,399,9,0,0.0,23.982528761412826,0.03778282856036281,0.42163263158839726,0.0,0.0,0.43381968643588614,0.4750546132880706,0.5673609313843904,0.5111400958108987,0.5189332820099707,0.512692432987953,0.5945453633176047,0.46664876056021837,0.4691747082940606,0.6028873244415834
drift,omd_paper_v2_literal,2,400,3,1,0.06165412951918603,24.044182890932014,0.036669268221820234,0.4222631477016076,0.0,0.0,0.4354484947568808,0.4758152822361865,0.56577719485433,0.5102792540704287,0.5180044145424096,0.5124156800272093,0.5926197575062988,0.46688384015157636,0.47036487272645017,0.6005278419199485
drift,omd_paper_v2_literal,2,401,3,1,0.06104377516780446,24.105226666099817,0.037497103419102173,0.42311643726006326,0.0,0.0,0.43444400642603337,0.4746888568595977,0.5660686389775228,0.5127425031756758,0.5198701421896043,0.5121176193881561,0.5921465814931547,0.46866505631822497,0.4684721889010723,0.60119731741951
drift,omd_paper_v2_literal,2,402,3,0,0.060433327684144056,24.16565999378396,0.03835067471513096,0.4222223629123991,0.0,0.0,0.43344677485238664,0.4735702266817883,0.5663580869500268,0.5151886510072443,0.5217228322992329,0.5118215454316765,0.591676403710746,0.4704351399750055,0.46659307217175144,0.6018619371158278
drift,omd_paper_v2_literal,2,403,3,0,0.059822787981446524,24.225482781765407,0.037602808420940964,0.42158386865067987,0.0,0.0,0.4344994267611042,0.4747510138322983,0.5660525563577464,0.5126065798793804,0.5197671930007559,0.5121340685667856,0.5921726989298594,0.4685667358223489,0.46857661653537946,0.601160381182914
drift,omd_paper_v2_literal,2,404,5,0,0.06563505372409578,24.291117835489505,0.03691024248805475,0.4215225682408259,0.0,0.0,0.43554563950633846,0.4759242011688355,0.5657490148721386,0.5100410724342386,0.5178240037441961,0.5124444968316529,0.5926654962889338,0.46671167161052124,0.47054790833368704,0.6004630953447767
drift,omd_paper_v2_literal,2,405,9,1,0.0,24.291117835489505,0.03608319720565594,0.42783820210731993,0.0,0.0,0.43372338382481324,0.4735883974241879,0.5638097937839711,0.5103509459859046,0.5164336763101635,0.509887352126944,0.5915952792516962,0.4654684506413757,0.4718130501768359,0.6002371653531511
drift,omd_paper_v2_literal,2,406,9,0,0.0,24.291117835489505,0.03699729453200722,0.4183455582029684,0.0,0.0,0.43264694423972794,0.4730863547802545,0.5648591279501841,0.5109172300930674,0.5170458753076556,0.5100708188466999,0.5928723684915779,0.46530992989074393,0.4710276872359492,0.6017994912149361
drift,omd_paper_v2_literal,2,407,3,0,0.05737972526887697,24.348497560758382,0.035867981287177796,0.41795548026995344,0.0,0.0,0.4342655458931472,0.4738411669384721,0.5632812982018246,0.5100658447665972,0.5161254509785512,0.5097949863054411,0.5909518697325127,0.4655482592507239,0.4722084877425003,0.5994498506553264
drift,omd_paper_v2_literal,2,408,9,1,0.0,24.348497560758382,0.03524865645918968,0.4242326054539009,0.0,0.0,0.43530309492811775,0.4750053294173688,0.5629801495438586,0.5075175027758073,0.5141945872189496,0.5101031231702451,0.5914431256927991,0.4637065403375058,0.47416771995691176,0.5987579551906054
drift,omd_paper_v2_literal,2,409,9,0,0.0,24.348497560758382,0.036181129542393366,0.4148561489052456,0.0,0.0,0.43422495603067374,0.47450302566534885,0.5640309651041582,0.5080835733819169,0.5148069053720723,0.5102869006707739,0.5927219332260365,0.4635472425223733,0.4733818247678127,0.6003236548500701
drift,omd_paper_v2_literal,2,410,5,0,0.061570753052631155,24.410068313811013,0.03506132728378598,0.41502204316270325,0.0,0.0,0.4358361687381469,0.47525360106656644,0.5624605969584892,0.5072377272523679,0.5138919461912592,0.5100122940514554,0.590810643889144,0.46378527261983876,0.4745561793858566,0.5979833945818231
drift,omd_paper_v2_literal,2,411,9,1,0.0,24.410068313811013,0.034344619697168635,0.4212895576865721,0.0,0.0,0.4340246944164453,0.47293292141439086,0.5605312618148015,0.5075455869330052,0.5125099253692315,0.5074712235573207,0.589746845374189,0.46255054345338137,0.4758141162739165,0.5977594828542138
drift,omd_paper_v2_literal,2,412,9,0,0.0,24.410068313811013,0.035312343148843454,0.4119662762728627,0.0,0.0,0.43294720175083873,0.4724306160305301,0.5615830250468811,0.5081116276407152,0.513122118350591,0.5076547077168936,0.5910270135897779,0.46239117015260667,0.47502820070900503,0.5993262619078914
drift,omd_paper_v2_literal,2,413,3,0,0.05371252030024931,24.46378083411126,0.034186807905059055,0.4118535257301948,0.0,0.0,0.4345507881817154,0.47317808978346687,0.560017754324128,0.507269325606445,0.5122111329569564,0.5073816740132523,0.5891216207922487,0.46262832782313346,0.4761977233948341,0.5969940941597507
drift,omd_paper_v2_literal,2,414,5,0,0.058859433625026436,24.52264026773629,0.0336668061677501,0.412242490341355,0.0,0.0,0.43557826428572416,0.4743321743071192,0.5597202796452243,0.5047401004857551,0.5102943722235616,0.5076875727249559,0.5896127474551468,0.4608007149576842,0.47814297920422216,0.5963092963944101
drift,omd_paper_v2_literal,2,415,9,0,0.0,24.52264026773629,0.03305664400159554,0.4030838675524794,0.0,0.0,0.43377808826414926,0.4720263977620322,0.5578006913803862,0.5050457845254873,0.5089203213138168,0.5051620549848914,0.5885551899237763,0.45957435237868505,0.4793940347387132,0.5960869156975792
drift,omd_paper_v2_literal,2,416,3,0,0.05187779665265435,24.574518064388943,0.03194081129699171,0.4032651368187773,0.0,0.0,0.4353713843953502,0.47276856963795766,0.556243612111702,0.5042103438631169,0.5080164252615869,0.5048911005919646,0.5866590589762708,0.45981093930318845,0.4805553217086357,0.5937647823279706
drift,omd_paper_v2_literal,2,417,5,0,0.05682505031211499,24.631343114701057,0.03150727637407535,0.403885727221939,0.0,0.0,0.4363904378910957,0.47391294598795897,0.5559481082448927,0.5017006478433631,0.5061138708237161,0.5051942865653489,0.5871478011855545,0.45799865370983495,0.4824868361745057,0.5930843547182865
drift,omd_paper_v2_literal,2,418,9,0,0.0,24.631343114701057,0.030989488894427132,0.3949075952377349,0.0,0.0,0.43460130395686813,0.4716226356528885,0.5540379293391285,0.5020039497706713,0.5047482179060487,0.5026851696154263,0.5860956363328766,0.4567810712878146,0.4837307553543633,0.5928630243056836
drift,omd_paper_v2_literal,2,419,5,0,0.05546838362725409,24.68681149832831,0.029890276538920377,0.39579594481202696,0.0,0.0,0.4361843547633803,0.47235954032635524,0.552489201215159,0.5011753784365948,0.503851485383034,0.5024162931934353,0.5842088477409169,0.4570170645893232,0.4848836815134571,0.5905511337653889
drift,omd_paper_v2_literal,2,420,3,1,0.049430391659335104,24.736241889987646,0.029465005474464987,0.3955996300531017,0.0,0.0,0.43440799055916185,0.470086287546923,0.5505900338803787,0.5014766187240289,0.5024955932245064,0.4999249911153965,0.5831622787219781,0.45580856028104955,0.48611894373060915,0.5903312485837376
drift,omd_paper_v2_literal,2,421,3,0,0.048818348924524135,24.78506023891217,0.030214705503651407,0.3957989113888314,0.0,0.0,0.43340445879134254,0.46895886570361084,0.5508825663887034,0.5039534783123036,0.5043740605091995,0.49962658159324247,0.582678203467555,0.45759667047196195,0.4842113951171805,0.5910035103544958
drift,omd_paper_v2_literal,2,422,3,0,0.04820623144442859,24.833266470356598,0.029838794277445176,0.396247272353834,0.0,0.0,0.4344172469231959,0.47009668525903275,0.550587336192756,0.501453778381608,0.5024782709404186,0.49992774283404223,0.5831667417714859,0.4557920768425561,0.4861365357398581,0.5903250478936652
drift,omd_paper_v2_literal,2,423,6,1,0.0030401952517169484,24.836306665608316,0.029538467528957654,0.40197969220212854,0.0,0.0,0.435423890142722,0.47122729969785954,0.5502940200987649,0.4989705116410842,0.5005949285196073,0.500226915571623,0.5836518926331481,0.45400054736028966,0.4880493722409309,0.5896507246712344
drift,omd_paper_v2_literal,2,424,6,1,0.003001372352102405,24.839308037960418,0.03054138695821831,0.40771562572618547,0.0,0.0,0.4351874645842929,0.47170622033127163,0.5516630602875752,0.498556451648729,0.5008437756271171,0.5011183439829353,0.5853059913714621,0.4535100897548197,0.48767386351060416,0.590969418977194
drift,omd_paper_v2_literal,2,425,6,1,0.0029625337274956642,24.842270571687912,0.03154630956687219,0.41345338164014356,0.0,0.0,0.4349523177425248,0.4721826616151043,0.5530240889630146,0.4981445818684504,0.5010913071981892,0.5020050542771983,0.586949442738674,0.4530223136614293,0.48730035309274894,0.5922798469859558
drift,omd_paper_v2_literal,2,426,6,0,0.002923679578838212,24.84519425126675,0.032552551005553515,0.4052975467402797,0.0,0.0,0.4347184395653753,0.4726566415094586,0.5543771547224304,0.4977348858505846,0.5013375333197596,0.5028870775737537,0.5885823105502175,0.4525371984743304,0.4869288257898124,0.5935820660443283
drift,omd_paper_v2_literal,2,427,5,1,0.05003859513730424,24.895232846404056,0.031623448949798655,0.40456408112342007,0.0,0.0,0.43505127958377526,0.4719821372670724,0.5524513733846939,0.49831792374058625,0.500987129538152,0.5016318689335556,0.5862580031426162,0.4532275912848467,0.4874575493688272,0.5917284906680504
drift,omd_paper_v2_literal,2,428,5,1,0.049359536346027466,24.944592382750084,0.03235931257285456,0.4040747866017275,0.0,0.0,0.4368112003451555,0.47423205491144876,0.5543263185522335,0.49802245511361154,0.5023302262814806,0.50409584161381,0.5872864392346285,0.45442595845796174,0.4862341722550923,0.5919420632496469
drift,omd_paper_v2_literal,2,429,5,1,0.048680406290227185,24.99327278904031,0.033135748731041935,0.4038257749085474,0.0,0.0,0.4385611161730899,0.4764682026765104,0.5561873953433922,0.49772893231299936,0.503664450940358,0.506543402344656,0.5883073535520305,0.45561696228819404,0.4850190093719815,0.5921541959478026
drift,omd_paper_v2_literal,2,430,5,0,0.04800120594065199,25.041273994980962,0.03394876211907369,0.40408581998437143,0.0,0.0,0.4403010508042691,0.4786905951990726,0.5580346862500807,0.4974373393087935,0.5049898590100554,0.5089745739871155,0.5893208091758919,0.45680064493350936,0.4838120046203834,0.5923649010781824
drift,omd_paper_v2_literal,2,431,5,0,0.047321936268557074,25.088595931249518,0.0335101992870194,0.40459224638949304,0.0,0.0,0.4385093634127724,0.4764020842078693,0.5561324009634334,0.4977376093457055,0.5036250095499887,0.5064710520329904,0.5882771843687783,0.4555817467533741,0.4850549292705309,0.5921479254214688
drift,omd_paper_v2_literal,2,432,9,0,0.0,25.088595931249518,0.033159710897373525,0.3957955267165559,0.0,0.0,0.4367309950189656,0.47412954006114233,0.5542409416083959,0.4980359146865665,0.502269044238563,0.5039836026915132,0.5872396069555922,0.45437135716907345,0.4862898977712518,0.5919323350459703
drift,omd_paper_v2_literal,2,433,5,1,0.04596319284431527,25.134559124093833,0.03211570385384668,0.39528290467540234,0.0,0.0,0.4383100344178888,0.4748681248923324,0.55270746176945,0.49721102183962745,0.5013808449183773,0.5037229699211677,0.5853699543767761,0.45460775152803296,0.48743316061936615,0.5896347008775532
drift,omd_paper_v2_literal,2,434,5,1,0.045283721037146285,25.17984284513098,0.032856594411617646,0.3950131388460337,0.0,0.0,0.44005130712072615,0.47709168612373565,0.5545589042239301,0.49691910500885583,0.5027072635842396,0.5061563654737516,0.5863861302823399,0.45579196379063536,0.4862250100619325,0.5898456973273474
drift,omd_paper_v2_literal,2,435,5,1,0.044604183797399,25.22444702892838,0.033635696012917965,0.39498201487950685,0.0,0.0,0.4417826776380385,0.4793016349545539,0.5563967651550388,0.49662909545688094,0.5040249876671961,0.5085735908883233,0.5873949462459964,0.45696894250136744,0.48502490386533126,0.5900552839673225
drift,omd_paper_v2_literal,2,436,5,0,0.04392458209875483,25.268371611027135,0.03444925769775549,0.39501899394488166,0.0,0.0,0.44350417128121794,0.4814979889812561,0.558221125559188,0.49634097751839695,0.505334071650928,0.5109746717865443,0.588396463665231,0.4581387293518703,0.4838327871371971,0.5902634727989746
drift,omd_paper_v2_literal,2,437,5,1,0.04324491691535981,25.311616527942494,0.03401184638582385,0.3949786353912368,0.0,0.0,0.44171713495954695,0.47921799318579883,0.55632724659489,0.49664006964191815,0.5039751246925345,0.508482127466488,0.5873567850346045,0.45692439572565957,0.48507031391839905,0.5900473536132117
drift,omd_paper_v2_literal,2,438,5,1,0.042565189221817956,25.354181717164312,0.03480656504479163,0.3951709909974777,0.0,0.0,0.44343330426083816,0.4814075936932829,0.558146083255318,0.496352833607501,0.5052802037897823,0.5108758758505033,0.5883552653180782,0.45809058309237943,0.4838818395453946,0.5902549064065785
drift,omd_paper_v2_literal,2,439,5,0,0.04188539999318347,25.396067117157497,0.03563257256943146,0.394975252756692,0.0,0.0,0.4451396876443386,0.48358370898337655,0.5599515869862552,0.4960674617950361,0.5065767522655507,0.5132536145588649,0.5893465537296106,0.45924966628592856,0.4827012492529642,0.5904610820265205
drift,omd_paper_v2_literal,2,440,5,0,0.041205550204954755,25.43727266736245,0.0351708250311521,0.3950326191711465,0.0,0.0,0.44335205226710833,0.4813039496107526,0.5580600378571764,0.4963664275870413,0.5052184397365833,0.5107625971956262,0.5883080265242241,0.45803538043679437,0.4839380825198603,0.5902450842706426
drift,omd_paper_v2_literal,2,441,6,1,0.0023391416361457917,25.439611808998595,0.03479205610205146,0.40095949963286115,0.0,0.0,0.4415774202733538,0.47903969264014457,0.5561790421299282,0.4966634640160225,0.5038688283776834,0.5082871472260936,0.5872754308664534,0.45682943485119376,0.485167118218295,0.5900304478202196
drift,omd_paper_v2_literal,2,442,6,1,0.002300066571081061,25.441911875569676,0.035817421907451984,0.4068794549498055,0.0,0.0,0.44133145537178975,0.4794963026642966,0.5575104256047412,0.4962567873810303,0.5041034587029088,0.5091472253094541,0.5888932889854868,0.4563364506127535,0.48480697147147045,0.5913271789157432
drift,omd_paper_v2_literal,2,443,6,1,0.002260979423728604,25.444172854993404,0.03684152833085772,0.41279132817154457,0.0,0.0,0.44108680159917996,0.47995056572195827,0.5588340472024796,0.4958522362447129,0.5043368637724998,0.5100027648634923,0.5905008060736441,0.45584612186612783,0.48444871833842945,0.5926158885457339
drift,omd_paper_v2_literal,2,444,6,0,0.0022218803979282553,25.446394735391333,0.03786407411049084,0.40426156007457675,0.0,0.0,0.440843448758077,0.48040249885747177,0.5601499549542632,0.49544979474217604,0.5045690529256797,0.5108537962584669,0.5920980449112526,0.45535842844113916,0.4840923444925394,0.59389663200794
drift,omd_paper_v2_literal,2,445,6,1,0.002182769697657738,25.44857750508899,0.0369146016520826,0.41015836895487706,0.0,0.0,0.441194868633032,0.4797499006320578,0.5582494677211363,0.49603093738953424,0.50423376231876,0.5096248555525184,0.589790956215297,0.4560627035714147,0.4846069670232205,0.5920467847068555
drift,omd_paper_v2_literal,2,446,6,0,0.002143647527031667,25.450721152616023,0.03793824641632272,0.4016753024066004,0.0,0.0,0.4409517142781988,0.48020142730555515,0.5595646035975168,0.4956288424919576,0.5044657509266438,0.5104751751667719,0.5913876626329877,0.45557539542248354,0.4842508952083277,0.5933269787635225
drift,omd_paper_v2_literal,2,447,6,1,0.0021045140902989923,25.45282566670632,0.037000301642087174,0.40755689469286566,0.0,0.0,0.44130182015897035,0.4795513234985674,0.5576707931730601,0.49620778584337677,0.5041317299948671,0.5092508555104833,0.589088101297048,0.4562770550075592,0.48476357721357355,0.5914833411086687
drift,omd_paper_v2_literal,2,448,6,1,0.002065369591839894,25.45489103629816,0.038024794420176956,0.41343038161642215,0.0,0.0,0.4410588678311012,0.4800024374905166,0.5589851310084937,0.49580604324867483,0.5043635148159127,0.5101004502955446,0.5906842367680096,0.4557901395163031,0.4844078125152161,0.5927629581056254
drift,omd_paper_v2_literal,2,449,6,0,0.0020262142361642255,25.456917250534325,0.039047363935860814,0.40494959267623004,0.0,0.0,0.44081719887116944,0.48045125287997176,0.5602918577661233,0.4954063818810179,0.5045941001148544,0.510945597232828,0.5922702307972371,0.4553058238217334,0.48405390177730734,0.5940347157015927
drift,omd_paper_v2_literal,2,450,5,1,0.03440393645793438,25.49132118699226,0.03811855726294814,0.4049608117399648,0.0,0.0,0.4411664479559762,0.47980267214749966,0.5584032197613186,0.4959839413574668,0.5042608766117677,0.5097242415633823,0.5899776732985464,0.4560057439617538,0.48456534950523605,0.5921964751453509
drift,omd_paper_v2_literal,2,451,5,1,0.033723485016991794,25.52504467200925,0.03881728227857898,0.40519369585827797,0.0,0.0,0.442868568145605,0.48196961832544327,0.5601945516472194,0.49570217815647816,0.5055525917047866,0.5120902033374297,0.5909538138751559,0.45716463776453553,0.4833901498012826,0.5923926127392425
drift,omd_paper_v2_literal,2,452,5,0,0.033042984754509064,25.55808765676376,0.0395469069332865,0.40495466929915813,0.0,0.0,0.44456108575158976,0.4841233185351232,0.5619728265793202,0.4954222273890676,0.5068359368976918,0.5144404326427765,0.5919229752003661,0.4583165475256622,0.48222268015918823,0.5925874614130613
drift,omd_paper_v2_literal,2,453,5,1,0.03236243665111754,25.590450093414876,0.03923481281468284,0.40517493784468595,0.0,0.0,0.44277943030460964,0.48185616344419735,0.5601008157779501,0.4957169280966123,0.5054849734710853,0.5119663602482399,0.5909027316564255,0.45710395928429715,0.4834516658223294,0.5923823458727653
drift,omd_paper_v2_literal,2,454,5,0,0.03168184168779531,25.622131935102672,0.03994771921777775,0.4049492082639306,0.0,0.0,0.4444668876652696,0.48400348030080426,0.5618739329026996,0.49543780249168096,0.5067645396687671,0.5143096924797372,0.5918690742119714,0.45825244872899046,0.4822876278338515,0.5925766216910798
drift,omd_paper_v2_literal,2,455,9,1,0.0,25.622131935102672,0.0396611679479911,0.41094588753793043,0.0,0.0,0.44269145160136647,0.4817441811512865,0.5600082908345595,0.4957314868356216,0.5054182315985153,0.5118441211379605,0.5908523097091238,0.457044068647805,0.4835123848823333,0.5923722120200364
drift,omd_paper_v2_literal,2,456,9,1,0.0,25.622131935102672,0.040724634598928805,0.41692721713075925,0.0,0.0,0.4416026117455607,0.4812279921110898,0.5610444760427078,0.4963029976101819,0.506024863393621,0.5120116643868408,0.592116885447216,0.4568841001809537,0.48273158826625767,0.5939373361057223
drift,omd_paper_v2_literal,2,457,9,0,0.0,25.622131935102672,0.04178675083326536,0.4081718535527886,0.0,0.0,0.4405198901083138,0.48071447928203115,0.5620748409881244,0.49687159896536126,0.5066283791974011,0.5121783492251755,0.5933737929721978,0.45672495758221787,0.4819548632538404,0.595492574985923
drift,omd_paper_v2_literal,2,458,6,0,0.00167336126540496,25.623805296368076,0.040798516270531826,0.39970555406044384,0.0,0.0,0.44210587960242637,0.48146660542952513,0.5605655452521814,0.49603880455996935,0.5057444383694363,0.5119342146567687,0.5915324617140838,0.4569580475534476,0.4830925161497276,0.5932140627366019
drift,omd_paper_v2_literal,2,459,5,1,0.028278198329757143,25.652083494697834,0.039892630187127326,0.39981570486320556,0.0,0.0,0.44245659540816323,0.4808261814297602,0.5586939713904826,0.49661632505965897,0.5054201260805165,0.5107265585210123,0.5892541401732991,0.4576606747330493,0.48359425376486453,0.5913871508898177
drift,omd_paper_v2_literal,2,460,5,1,0.027597342825857074,25.67968083752369,0.04055155687779209,0.4001451062999129,0.0,0.0,0.44414340327360685,0.48297167043157163,0.5604656283790594,0.49633741857577773,0.5066983893011626,0.5130679018461998,0.5902191939327175,0.45880908536071685,0.4824316038205154,0.5915797025755744
drift,omd_paper_v2_literal,2,461,5,0,0.026916447337959726,25.70659728486165,0.0412406319508673,0.39980357806667643,0.0,0.0,0.44582074404405847,0.48510411684238824,0.5622244768490199,0.49606029072156277,0.507968424486643,0.5153937653490118,0.591177413527927,0.4599506152759363,0.4812765472140476,0.5917710000537583
drift,omd_paper_v2_literal,2,462,5,0,0.026235512849555442,25.732832797711207,0.040986640834424,0.39970675790749854,0.0,0.0,0.4440482184672465,0.4828506293428656,0.560365732575519,0.4963531511897242,0.5066262866715374,0.5129358446751144,0.590164775191743,0.4587442935739236,0.4824971821183989,0.5915688417873485
drift,omd_paper_v2_literal,2,463,3,1,0.023056543536368934,25.755889341247578,0.040804811664503275,0.3990359913605466,0.0,0.0,0.4422883580611367,0.48061214226460797,0.558517112867542,0.49664415443575866,0.5052925769564681,0.51049291202835,0.5891578093880386,0.45754611092899666,0.48371027279906564,0.5913679365643979
drift,omd_paper_v2_literal,2,464,3,0,0.02244212853700228,25.77833146978458,0.041318861259865614,0.3996988085678591,0.0,0.0,0.44128467454107406,0.47949017904164676,0.5588228062236885,0.49912799196100666,0.5071853116725302,0.5102079561962121,0.5886837785932085,0.45934651424921696,0.4817889313638476,0.5920472430583931
drift,omd_paper_v2_literal,2,465,9,0,0.0,25.77833146978458,0.04129206363852725,0.3910405578669849,0.0,0.0,0.4422782908451801,0.4806008903134268,0.5585201785577542,0.49666906155161145,0.5053115579994428,0.5104900545465526,0.5891530566634222,0.4575641598126527,0.48369100324799796,0.5913747503350861
drift,omd_paper_v2_literal,2,466,3,1,0.021213195886652658,25.79954466567123,0.04033005052800556,0.39028162448288806,0.0,0.0,0.44385222696670323,0.4813476818324568,0.5570241078524124,0.4958450354694732,0.5044380537722537,0.5102503535823705,0.5873235158790119,0.45779740784205175,0.4848162113024353,0.589110547802039
drift,omd_paper_v2_literal,2,467,3,1,0.020598680122012714,25.820143345793245,0.0408235090448733,0.3897766862565168,0.0,0.0,0.4428501196935962,0.4802277785125474,0.5573289223563777,0.4983243045788121,0.5063273186608785,0.5099657832893052,0.5868489546906454,0.4595949975595342,0.48289827593908313,0.5897889805879779
drift,omd_paper_v2_literal,2,468,3,0,0.019984132655703812,25.84012747844895,0.041355193588924956,0.3902794854327825,0.0,0.0,0.4418550331209197,0.47911540331571273,0.5576316986453014,0.500787425041634,0.5082040366996544,0.5096830695363692,0.5863773403958152,0.4613818611442686,0.480993394983913,0.5904626339089823
drift,omd_paper_v2_literal,2,469,3,1,0.01936955443150573,25.859497032880455,0.041313974829254356,0.3897766396385344,0.0,0.0,0.4428467339467948,0.48022399423129686,0.5573299523762887,0.49833268325238655,0.5063337029843349,0.5099648215987432,0.5868473506800328,0.45960107416057855,0.48289179527267595,0.5897912727125079
drift,omd_paper_v2_literal,2,470,3,1,0.018754946393428618,25.878251979273884,0.04184001598822592,0.3895222006423377,0.0,0.0,0.4418549112195282,0.479115267026751,0.5576317357424295,0.5007877268525156,0.508204266644358,0.5096830348945383,0.5863772825983018,0.4613820801537891,0.4809931616079863,0.5904627164322445
drift,omd_paper_v2_literal,2,471,3,0,0.018140309485706108,25.89639228875959,0.04240144620281897,0.3897790567411791,0.0,0.0,0.44087000876522914,0.47801396623568443,0.5579315110252119,0.5032267398609191,0.510062417293467,0.5094030777791652,0.5859101208403655,0.46315246075887956,0.47910743977333115,0.5911294522208667
drift,omd_paper_v2_literal,2,472,3,0,0.017525644652788497,25.913917933412378,0.04232826256683049,0.39027930720647647,0.0,0.0,0.4418612188668101,0.4791223191361012,0.5576298161961588,0.5007721100176387,0.5081923684329698,0.5096848273934983,0.5863802732566658,0.461370747794175,0.4810052373701421,0.5904584463605056
drift,omd_paper_v2_literal,2,473,9,1,0.0,25.913917933412378,0.04230882088103964,0.39633711408124533,0.0,0.0,0.4428464516402119,0.48022367869439114,0.5573300382603167,0.4983333818742852,0.5063342353152681,0.5099647414120565,0.5868472169360028,0.4596015808339571,0.4828912549087416,0.5897914638318783
drift,omd_paper_v2_literal,2,474,9,0,0.0,25.913917933412378,0.04340111910508369,0.3876197781854404,0.0,0.0,0.44175909490425613,0.4797093467022174,0.5583656310899096,0.49889775982722,0.5069343627034664,0.5101315497903962,0.5881166048787656,0.45943517526632266,0.48211696235120616,0.5913578625040755
drift,omd_paper_v2_literal,2,475,5,1,0.01738026342479443,25.931298196837172,0.042444741266912896,0.38767724351399363,0.0,0.0,0.44332482123519834,0.4804498838881402,0.5568744490013267,0.4980851821674143,0.506070306655139,0.5098913820644393,0.5862886014094885,0.4596747651838002,0.48323179791608056,0.5891020172543562
drift,omd_paper_v2_literal,2,476,5,0,0.016698886340877905,25.947997083178052,0.04300575987402779,0.3876224279702788,0.0,0.0,0.4450033263486053,0.4825836969267031,0.5586394250107144,0.4978113651369781,0.5073454119600771,0.5122214906958973,0.5872498783091501,0.460821630214552,0.48207181963996026,0.5892943789626965
drift,omd_paper_v2_literal,2,477,9,0,0.0,25.947997083178052,0.04294290782711363,0.3789801110158432,0.0,0.0,0.4432518926027584,0.480357151454739,0.5567976998782033,0.49809708389020546,0.5060148811823572,0.5097900913842334,0.5862468037027133,0.45962492529228005,0.48328222157023926,0.589093655467017
drift,omd_paper_v2_literal,2,478,5,0,0.015336060505402205,25.963333143683453,0.04200304081996891,0.37917529287647544,0.0,0.0,0.4448112449694578,0.481094680222216,0.555313630149618,0.4972885721314851,0.5051556098678416,0.5095519009656211,0.5844260226847763,0.4598636809134172,0.48439116532372367,0.5868456428545649
drift,omd_paper_v2_literal,2,479,3,1,0.013222288292899342,25.97655543197635,0.042017217897091785,0.3785847588235444,0.0,0.0,0.4430716640008335,0.4788836628774141,0.553481807410701,0.49757244127112743,0.5038340743250904,0.5071365267165052,0.5834279814209227,0.45867543537416827,0.4855935900242298,0.5866461813023087
drift,omd_paper_v2_literal,2,480,3,0,0.012607434082265612,25.989162866058617,0.04250616441598371,0.3791707052461515,0.0,0.0,0.4420874032368119,0.47778275890834604,0.5537819313641658,0.5000141823800677,0.5056953085945196,0.5068571512516786,0.5829576083957465,0.46044797870271886,0.48370431560864174,0.5873133746725556
drift,omd_paper_v2_literal,2,481,3,1,0.011992560455061085,26.001155426513677,0.04255360829098969,0.3785832949977599,0.0,0.0,0.44306535037465133,0.478876601970906,0.5534837322694213,0.49758810023263483,0.5038460110582355,0.5071347350590268,0.5834249653399555,0.4586867996441117,0.48558147249001204,0.5866504611173415
drift,omd_paper_v2_literal,2,482,3,1,0.011377668357511639,26.012533094871188,0.043037360337993553,0.37824755849607583,0.0,0.0,0.4420843009570164,0.47777928851802326,0.553782877477455,0.5000218803089524,0.5057011761264207,0.5068562704816355,0.5829561252516011,0.4604535684548621,0.48369836016256224,0.5873154775704454
drift,omd_paper_v2_literal,2,483,3,0,0.01076275873598137,26.02329585360717,0.04355618025301671,0.3785848154933243,0.0,0.0,0.441110025380221,0.4766892635758813,0.5540800550346197,0.502439965044206,0.5075442225576332,0.5065795974073155,0.5824901599339765,0.46220992883483697,0.4818278495963962,0.5879758901694396
drift,omd_paper_v2_literal,2,484,3,0,0.010147832536965495,26.033443686144135,0.04357114160929362,0.3791662334106076,0.0,0.0,0.44208752323030914,0.47778289313998135,0.5537818947693425,0.5000138846310667,0.5056950816436047,0.506857185319075,0.5829576657624047,0.46044776249630776,0.4837045459600599,0.5873132933342831
drift,omd_paper_v2_literal,2,485,9,1,0.0,26.033443686144135,0.04363690037033969,0.38521863719707383,0.0,0.0,0.44305918241712805,0.4788697039626734,0.553485612721462,0.49760339795753133,0.5038576724151456,0.5071329847336439,0.5834220188318149,0.4586979017898772,0.4855696345151176,0.5866546421874239
drift,omd_paper_v2_literal,2,486,9,1,0.0,26.033443686144135,0.04474124674812808,0.391255301505963,0.0,0.0,0.44196921696929936,0.4783552736069246,0.554525679420549,0.49816453029189406,0.5044555340679109,0.5073002913136133,0.5847000480651328,0.45852654394463915,0.4847967638732284,0.588229064328729
drift,omd_paper_v2_literal,2,487,9,1,0.0,26.033443686144135,0.04584227323070765,0.3972755556022646,0.0,0.0,0.440885329089912,0.47784349551567384,0.5555600022365902,0.4987228238615516,0.5050503536094131,0.5074667484992852,0.5859704715186275,0.4583560641344196,0.4840278816550448,0.5897937185534492
drift,omd_paper_v2_literal,2,488,9,1,0.0,26.033443686144135,0.046939880834271655,0.4032787889291513,0.0,0.0,0.43980747909506684,0.4773343505920247,0.5565886190310043,0.4992782984519896,0.5056421521870289,0.507632362610506,0.5872333389097043,0.45818645576563477,0.48326296112311146,0.5913486622060106
drift,omd_paper_v2_literal,2,489,9,0,0.0,26.033443686144135,0.04803398346822561,0.39458417728710404,0.0,0.0,0.4387356274201025,0.47682781986563455,0.5576115675351672,0.49983097372924756,0.506230950823081,0.5077971399195137,0.5884886998641942,0.458017712295239,0.48250197566947733,0.5928939527963412
drift,omd_paper_v2_literal,2,490,9,1,0.0,26.033443686144135,0.047119012643510504,0.400576575993308,0.0,0.0,0.44028896275610346,0.47756181652646407,0.5561291212793753,0.499030127660497,0.5053777550123066,0.5075583710688809,0.5866692659369614,0.4582622308393042,0.4836046967146962,0.5906541808469881
drift,omd_paper_v2_literal,2,491,9,0,0.0,26.033443686144135,0.0482122405971119,0.3919225628281567,0.0,0.0,0.43921773879398,0.4770556811395786,0.5571514454918511,0.49958234797327555,0.5059660768431354,0.5077230136679818,0.5879241066449152,0.45809362177588114,0.4828443015474374,0.5921990162986107
drift,omd_paper_v2_literal,2,492,5,0,0.005794230934632938,26.03923791707877,0.047306971245673395,0.3923572710641084,0.0,0.0,0.44076571464989606,0.47778700392356144,0.5556741502609691,0.4987844532798731,0.5051160140094573,0.5074851233599602,0.5861106419243912,0.45833724571821627,0.48394301045695104,0.5899663277016327
drift,omd_paper_v2_literal,2,493,9,1,0.0,26.03923791707877,0.04747158132873975,0.3983353368245504,0.0,0.0,0.43903909540360303,0.4755903448411369,0.5538537537899855,0.499064626449738,0.503800498356825,0.5050835498626969,0.5851213348258417,0.4571541162761806,0.48513985426345096,0.5897694472903403
drift,omd_paper_v2_literal,2,494,9,0,0.0,26.03923791707877,0.04856693478213634,0.3897335847058532,0.0,0.0,0.4379687276476093,0.47508434117121445,0.554876561580531,0.49961668022557215,0.5043885038419406,0.5052478941002932,0.5863770064373831,0.4569855028415021,0.4843797105938165,0.5913147388347928
drift,omd_paper_v2_literal,2,495,3,1,0.0033828210418127558,26.042620738120583,0.04768264774567607,0.3892471126273638,0.0,0.0,0.43950983085670464,0.47581281020890814,0.553403961940725,0.49882193308855216,0.5035419958322371,0.5050113004628174,0.5845689650729149,0.457228245260697,0.48547405075773,0.5890895428044453
drift,omd_paper_v2_literal,2,496,3,0,0.0027677697778030197,26.045388507898387,0.04814658840767856,0.38973268035682584,0.0,0.0,0.4385445888438198,0.4747286637306474,0.5536958760398717,0.5012314743945094,0.5053781688405308,0.5047349188495162,0.5840987713981884,0.45897955024999254,0.48361107169551243,0.5897400974722542
drift,omd_paper_v2_literal,2,497,9,1,0.0,26.045388507898387,0.04825369405526141,0.39570004224222294,0.0,0.0,0.43950838881039206,0.4758111907352716,0.5534043979764942,0.4988255320107231,0.5035447384575159,0.5050108876564093,0.5845682628975962,0.4572308602646983,0.48547126786407085,0.5890905147177805
drift,omd_paper_v2_literal,2,498,9,0,0.0,26.045388507898387,0.04934702880498433,0.38713773303339527,0.0,0.0,0.4384393959204751,0.4753063946577834,0.5544263177820784,0.4993753419612763,0.5041308963033722,0.5051752949016706,0.5858236946154625,0.45706110004207906,0.48471311316527793,0.590634789079387
drift,omd_paper_v2_literal,2,499,5,0,0.0010225286522648203,26.04641103655065,0.048476720358804064,0.38781733350152436,0.0,0.0,0.4399742107497425,0.47603109188097265,0.5529591152067981,0.4985860394632996,0.5032894090706911,0.5049392726728583,0.5840210612260882,0.4573048097349153,0.4858015358453584,0.5884172884752982
drift,omd_paper_v2_literal,2,500,3,0,0.00030753155471341387,26.046718568105366,0.04873692781458101,0.3885378770117169,0.0,0.0,0.43825929931566193,0.4738497162381596,0.5511491267508387,0.4988638235365113,0.5019821788458498,0.5025534749462943,0.5830378119214876,0.45612912954387924,0.48699096520517593,0.5882222228603221
drift,omd_paper_v2_literal,2,501,9,1,0.0004888723050252008,26.04720744041039,0.048911103009357755,0.3944397352846557,0.0,0.0,0.43921544576881033,0.4749242927405726,0.5508599203639082,0.4964737470987943,0.5001605619991056,0.5028274586621596,0.5835058209449853,0.454392811234845,0.48883952806150976,0.5875776097953879
drift,omd_paper_v2_literal,2,502,9,1,0.001466615980363406,26.04867405639075,0.0499975760252297,0.40032775240930357,0.0,0.0,0.43814552477822394,0.47441915460486545,0.5518838398902521,0.4970233268469335,0.5007466246802881,0.5029919106672603,0.58476371655502,0.45422225613221384,0.488081027963626,0.5891251520822949
drift,omd_paper_v2_literal,2,503,9,0,0.00244435685157246,26.051118413242325,0.05108097138216215,0.3918786285815803,0.0,0.0,0.4370815153975452,0.4739165900427684,0.5529022116659261,0.497570170270339,0.5013297597414672,0.5031555410962999,0.5860142373552975,0.45405256309151987,0.48732636871765284,0.5906632207705246
drift,omd_paper_v2_literal,2,504,6,1,0.0032840694683042293,26.05440248271063,0.05024821311749363,0.39748511827240784,0.0,0.0,0.438609388207661,0.4746381835562099,0.551439906832609,0.49678502003003444,0.5004924994460597,0.5029206019383764,0.5842184091646402,0.4542962100144614,0.4884099182184066,0.5884543296425885
drift,omd_paper_v2_literal,2,505,6,1,0.004222365061773592,26.058624847772403,0.051241857693154556,0.40309050321795376,0.0,0.0,0.43837029117628845,0.4750804441834176,0.5527314209159393,0.49638240184768356,0.5007115490221203,0.5037523330340966,0.5857933439033033,0.4538092642469187,0.4880686408852151,0.5897132127418678
drift,omd_paper_v2_literal,2,506,6,0,0.0051606531786635434,26.063785500951067,0.0522342499521166,0.3951597600888734,0.0,0.0,0.43813242742877234,0.4755205149240674,0.5540157208865043,0.49598181723648244,0.5009294944695828,0.5045798521805237,0.5873586032176601,0.45332486003815037,0.4877290943913433,0.5909645866811054
drift,omd_paper_v2_literal,2,507,9,0,0.006355254907828289,26.070140755858894,0.05154832999046477,0.38680131021335207,0.0,0.0,0.4384693116857877,0.47489727357500244,0.5521966151847298,0.4965491488945521,0.5006208278916414,0.503407867110127,0.5851412827375586,0.4540109261195974,0.4882099823298826,0.5891919776577438
drift,omd_paper_v2_literal,2,508,5,1,0.0022203772279072442,26.0723611330868,0.050735758980715064,0.3861791278373249,0.0,0.0,0.439991511907011,0.4756182210647368,0.5507448902218902,0.49576521622478276,0.49978762876149113,0.5031773819944632,0.5833578445563097,0.4542515667194268,0.48928811304462655,0.5869943720342565
drift,omd_paper_v2_literal,2,509,5,1,0.0025164075746335612,26.074877540661433,0.05102290880432054,0.38578806153700385,0.0,0.0,0.4416786610988999,0.4777609824277605,0.5525197337102539,0.49549337635524554,0.5010713273976924,0.50551902286594,0.5843190522218716,0.45540730798084333,0.4881202904183165,0.5871824138784052
drift,omd_paper_v2_literal,2,510,5,0,0.00281243044033197,26.077689971101766,0.05134325359924781,0.3861920246159081,0.0,0.0,0.4433565600098658,0.47989111137486484,0.5542821171913495,0.4952232446489563,0.5023469581489727,0.5078457326581824,0.5852735942544256,0.45655627416394073,0.48695992314283293,0.5873692507545215
drift,omd_paper_v2_literal,2,511,5,1,0.003108444945084554,26.08079841604685,0.051616530954057396,0.3857960436699356,0.0,0.0,0.4416360257093525,0.4777068442741175,0.5524749161243141,0.4955002431999877,0.5010389003200355,0.5054598738280645,0.5842947792660194,0.45537810713119914,0.48814978894176875,0.5871776641147377
drift,omd_paper_v2_literal,2,512,5,1,0.003404450209040899,26.08420286625589,0.051928310292812294,0.3856262340580153,0.0,0.0,0.44330884251915925,0.47983054542210796,0.5542320346338224,0.4952309239383013,0.5023106947528452,0.5077795929705032,0.5852464672556942,0.45652360481167636,0.48699290828063835,0.5873639396872011
drift,omd_paper_v2_literal,2,513,5,0,0.003700445352425419,26.087903311608315,0.05227157180448135,0.38580593606555447,0.0,0.0,0.4449724893216712,0.4819417091665174,0.5559768404182583,0.4949632889870806,0.5035745188000085,0.5100844967079431,0.5861915833387881,0.4576624060335219,0.4858433889394703,0.5875490274190156
drift,omd_paper_v2_literal,2,514,5,0,0.003996429495544462,26.09189974110386,0.05251591929716597,0.3862210101067787,0.0,0.0,0.4432511718548584,0.47975734531288544,0.5541715026490556,0.4952402052432707,0.5022668662469044,0.5076996552086608,0.5852136804764806,0.45648412065162886,0.4870327747541626,0.5873575206260389
drift,omd_paper_v2_literal,2,515,3,1,0.00525841399534388,26.0971581550992,0.052811188803219694,0.3853900271820475,0.0,0.0,0.4415419185412538,0.4775873455619183,0.5523759860730242,0.4955154005726896,0.500967323149565,0.5053293120650881,0.5842411994858199,0.4553136524154757,0.48821490209898494,0.5871671797792432
drift,omd_paper_v2_literal,2,516,3,1,0.005620991811187026,26.10277914691039,0.05318973324710615,0.38480272896338913,0.0,0.0,0.4405795928224801,0.47650615429821425,0.5526694079710905,0.49792654731172076,0.5028071891225921,0.505056322855248,0.5837693005960501,0.457068616261701,0.4863483017125593,0.5878166373132577
drift,omd_paper_v2_literal,2,517,3,0,0.005983555343946234,26.108762702254335,0.05359828974825597,0.3853864489462807,0.0,0.0,0.4396238322198786,0.4754320604447013,0.5529609265616506,0.5003224482226807,0.5046352732501421,0.504785067627942,0.5833002521584119,0.4588134699004212,0.48449395507768406,0.588461659797154
drift,omd_paper_v2_literal,2,518,3,1,0.006346103672763781,26.1151088059271,0.05378711113819378,0.3848018517915183,0.0,0.0,0.44057474577039674,0.47650070782893017,0.552670886131564,0.4979386949550835,0.5028164581768849,0.5050549475337526,0.5837669227901254,0.4570774604671374,0.48633889874048464,0.5878199084943094
drift,omd_paper_v2_literal,2,519,3,1,0.006708635876900848,26.121817441804,0.05419200462055036,0.38445591384021327,0.0,0.0,0.4396220407028126,0.4754300468593015,0.5529614730895263,0.5003269402668603,0.5046387005851042,0.5047845590545847,0.5832993726075382,0.4588167422517656,0.48449047878757406,0.5884628688514126
drift,omd_paper_v2_literal,2,520,3,1,0.007071151035744072,26.128888592839747,0.05462517688140193,0.3843447852683856,0.0,0.0,0.4386758091539358,0.4743663895607081,0.5532501840558279,0.5027000473450248,0.5064492815927184,0.5045158800517185,0.5828346347465043,0.46054600457171796,0.4826541841577212,0.5891014586199369
drift,omd_paper_v2_literal,2,521,3,1,0.0074336482288128725,26.13632224106856,0.05508537028587508,0.3844642524334988,0.0,0.0,0.4377360014416476,0.47330968732071466,0.5535370341466772,0.505058030770672,0.5082482481996139,0.5042488971217269,0.5823726892558367,0.46226527543535995,0.48082996287411245,0.5897357138310633
drift,omd_paper_v2_literal,2,522,3,0,0.0077961265357664455,26.144118367604325,0.05557133508415069,0.3843447337823089,0.0,0.0,0.4368025679604459,0.4722598914533299,0.5538220384137865,0.5074009086422985,0.5100356487806016,0.5039835969105438,0.5819135162056119,0.46397458425644894,0.4790177615791923,0.5903656703660018
drift,omd_paper_v2_literal,2,523,3,1,0.008158585036411203,26.152276952640737,0.05566924468367714,0.3844581103279658,0.0,0.0,0.43775799674020854,0.47333442143999443,0.5535303195514004,0.5050028338454362,0.508206137645983,0.504255147072775,0.5823835048000935,0.46222501783378594,0.48087266123401773,0.5897208696689756
drift,omd_paper_v2_literal,2,524,3,1,0.008521022810707546,26.160797975451445,0.056149929761104486,0.3847962129939574,0.0,0.0,0.43682738481116645,0.47228780533546,0.5538144598082743,0.507338608701391,0.5099881199056595,0.503990652016763,0.5819257287460146,0.4639291178049498,0.4790659461582516,0.5903489218835232
drift,omd_paper_v2_literal,2,525,3,1,0.008883438938777966,26.169681414390222,0.056654843413707516,0.385354229717684,0.0,0.0,0.4359030585870009,0.4712480044352126,0.554096780502128,0.5096593950520883,0.5117586579132966,0.5037278160860408,0.5814706882077958,0.4656233489808283,0.47727112158129625,0.5909727373797209
drift,omd_paper_v2_literal,2,526,3,0,0.00924583250091271,26.178927246891135,0.057182800430693924,0.3847774089927962,0.0,0.0,0.4349849691260083,0.4702149704285072,0.5543772964076992,0.5119652173476417,0.513517802085703,0.5034666261576041,0.5810183635028806,0.4673077430819847,0.47548813214784574,0.5915923513842898
drift,omd_paper_v2_literal,2,527,3,1,0.009608202577577996,26.188535449468713,0.0572275583764286,0.38532411541596817,0.0,0.0,0.43594205804946073,0.4712918811357939,0.5540848667078152,0.5095614609344733,0.5116839433160656,0.5037389083310768,0.5814898946372397,0.46555183272444134,0.4773468552360174,0.5909464170210829
drift,omd_paper_v2_literal,2,528,3,0,0.009970548249422895,26.198505997718136,0.057749467367984614,0.3847592354777996,0.0,0.0,0.435026635650933,0.47026185894434214,0.554364563300639,0.5118605561780957,0.513437953686596,0.5034784827644074,0.5810388994765352,0.4672312645511714,0.4755690567216157,0.591564230657353
drift,omd_paper_v2_literal,2,529,3,0,0.01033286859728677,26.208838866315425,0.057802888818124655,0.3844346474081599,0.0,0.0,0.4359805631116221,0.4713352011673578,0.5540731041224609,0.5094647695702295,0.5116101768608698,0.5037498597338247,0.5815088569595249,0.4654812259021395,0.47742162831935026,0.5909204303416835
drift,omd_paper_v2_literal,2,530,9,0,0.028835472187911715,26.237674338503336,0.0578939436835839,0.3757230986839116,0.0,0.0,0.43692901523866584,0.4724021168791014,0.5537834245087372,0.5070834827512329,0.5097934832178709,0.504019543264307,0.5819757390967643,0.4637429350561184,0.4792632701899056,0.5902803332272465
drift,omd_paper_v2_literal,2,531,3,0,0.011057429645420225,26.248731768148755,0.05704986952282609,0.3757019236587117,0.0,0.0,0.43844545763865495,0.4731171928319692,0.5523359310333245,0.5063172661183667,0.5089754811533573,0.5037893577344561,0.580184785017526,0.46399917067198015,0.48032536257419733,0.5880882858855693
drift,omd_paper_v2_literal,2,532,9,1,0.03078922293988784,26.279520991088642,0.05719270252024471,0.38173610390305934,0.0,0.0,0.43938721063290437,0.47417602098677525,0.5520487963896857,0.5039542517545649,0.5071727593971269,0.5040570406783718,0.5806491153395275,0.4622749540206412,0.4821532534075602,0.5874525977059365
drift,omd_paper_v2_literal,2,533,9,1,0.03176601102846577,26.31128700211711,0.05827946434409484,0.38775033830813455,0.0,0.0,0.438328397438043,0.4736771251988836,0.5530593090288648,0.5044883179711029,0.5077431875935464,0.5042178106818194,0.5818992599137769,0.4620955743410778,0.48141229862154666,0.588983575384521
drift,omd_paper_v2_literal,2,534,9,1,0.0327427384424685,26.344029740559577,0.05936264840159809,0.39374425187767426,0.0,0.0,0.43727536893865676,0.47318074468904986,0.5540643976936488,0.5050197372675369,0.5083107795013833,0.5043777860767585,0.5831421888328959,0.4619170900232241,0.48067508316105473,0.5905052860125886
drift,omd_paper_v2_literal,2,535,9,0,0.033719403320245256,26.37774914387982,0.0604422119956026,0.3850922475564439,0.0,0.0,0.4362280879504744,0.47268686171159585,0.5550640971818928,0.5055485278115444,0.5088755544814335,0.5045369726260427,0.5843779476651307,0.46173949451627666,0.47994158235513684,0.592017782880688
drift,omd_paper_v2_literal,2,536,9,0,0.034696003800622766,26.412445147680444,0.05961641979676568,0.3765024257556772,0.0,0.0,0.4377404963794203,0.4734000243064225,0.5536204335289978,0.5047849734084601,0.5080600368897704,0.5043071138298809,0.5825932292403312,0.461995937867505,0.4810007527662852,0.5898332515518755
drift,omd_paper_v2_literal,2,537,5,1,0.010799007216329759,26.423244154896775,0.058802286437534115,0.37597665890925713,0.0,0.0,0.43924661194786657,0.4741097852215065,0.5521829757059852,0.5040251542576604,0.5072484898322365,0.5040783843502263,0.5808151429340411,0.46225113923741706,0.4820548805956612,0.5876559464621411
drift,omd_paper_v2_literal,2,538,5,0,0.011094463782542974,26.43433861867932,0.05902607342204162,0.37651497187303073,0.0,0.0,0.44091006402128646,0.47622222681226406,0.5539341781005088,0.5037629723622659,0.5085202084966216,0.5063893778589291,0.5817633724544621,0.46340032027567984,0.4808983328504857,0.5878419365647489
drift,omd_paper_v2_literal,2,539,3,0,0.013954477191692072,26.448293095871012,0.05940898157209926,0.37673863274585384,0.0,0.0,0.439214147207844,0.4740685496696179,0.55214877119081,0.5040302732265376,0.5072236590768653,0.5040332611252186,0.5807966231880838,0.46222870591594406,0.48207746365466864,0.5876523148348922
drift,omd_paper_v2_literal,2,540,5,1,0.011685277204219968,26.45997837307523,0.059605887660817584,0.37623553241612073,0.0,0.0,0.4401472553560941,0.4751191410646905,0.5518652958155684,0.5016828614166993,0.5054326771149308,0.5042988992470945,0.581260790886987,0.4605149898468938,0.48389326141366934,0.5870241103144541
drift,omd_paper_v2_literal,2,541,5,0,0.01198063230980817,26.471959005385038,0.05982009334757544,0.37675126980702334,0.0,0.0,0.44180537517837637,0.47722433518891505,0.553610587229823,0.5014220012365855,0.5067003326648741,0.5066016440969029,0.5822053022256641,0.4616597903715003,0.4827401942717809,0.5872096354174988
drift,omd_paper_v2_literal,2,542,9,0,0.04055415017553199,26.51251315556057,0.06021907727646196,0.3683042489861194,0.0,0.0,0.4401134258570669,0.4750761816735236,0.5518296598565376,0.5016881857288867,0.5054068026806587,0.504251896536906,0.5812415065839028,0.4604916280402076,0.4839167980710825,0.587020323372239
drift,omd_paper_v2_literal,2,543,5,1,0.012571234937886033,26.525084390498456,0.059439120623524785,0.3677861654406725,0.0,0.0,0.44161279106440426,0.4757826879365445,0.5504009646463632,0.5009338884073473,0.5046016906627154,0.5040258167280117,0.5794728494240782,0.4607467393596892,0.4849634006864383,0.5848521256668335
drift,omd_paper_v2_literal,2,544,5,0,0.012866480712201978,26.537950871210658,0.05963936014687062,0.3683165193089385,0.0,0.0,0.4432680057784008,0.4778828748157785,0.5521427492667604,0.5006736089147117,0.5058660913310298,0.5063227199174356,0.5804158964808239,0.46188874324205875,0.4838132112684062,0.5850372362672228
drift,omd_paper_v2_literal,2,545,3,1,0.016125800913353028,26.554076672124012,0.060056905673980907,0.368021934586417,0.0,0.0,0.441580871093276,0.4757421790577195,0.5503673496325862,0.5009389097463175,0.504577297061181,0.5039815026110501,0.5794546503181015,0.4607247116946645,0.48498559188540286,0.5848485542550439
drift,omd_paper_v2_literal,2,546,3,0,0.016487550340561707,26.570564222464572,0.06044721805432373,0.368319346051373,0.0,0.0,0.44065945223862085,0.4747051603408052,0.5506484955036792,0.5032591611116185,0.5063485555477018,0.5037204325300692,0.5789952663836356,0.46241990663775867,0.48318977796779555,0.5854699273105776
drift,omd_paper_v2_literal,2,547,5,1,0.013751985393542054,26.584316207858116,0.060673099277945806,0.36779803798505395,0.0,0.0,0.44158718586007323,0.47574928522749044,0.5503654231679918,0.5009230116099734,0.5045651603170572,0.5039832914019536,0.5794577974481776,0.46071309965729507,0.48499789782169606,0.5848442958019537
drift,omd_paper_v2_literal,2,548,5,1,0.014047073163409474,26.598363281021527,0.06086247274208654,0.36750839882429603,0.0,0.0,0.44323710593918075,0.4778428134396436,0.5521021209616074,0.5006643164822667,0.505826394571373,0.5062732354562114,0.5803978734787458,0.4618522624585195,0.4838505213906326,0.5850290693051722
drift,omd_paper_v2_literal,2,549,5,1,0.014342119250441598,26.61270540027197,0.061079795301139224,0.36744674082374423,0.0,0.0,0.44487812809501154,0.4799242473827014,0.5538268874482996,0.5004072108362148,0.5070798043604716,0.5085488458898335,0.5813315944316751,0.4629848192798009,0.4827103649098788,0.585212683573652
drift,omd_paper_v2_literal,2,550,5,1,0.014637122782610756,26.62734252305458,0.06132422527020218,0.367609014744085,0.0,0.0,0.4465102742166808,0.48199360212269265,0.5555397889964131,0.5001516823827022,0.5083254360298445,0.5108101441360119,0.5822590098227944,0.4641108061544174,0.48157738188471755,0.5853951478735583
drift,omd_paper_v2_literal,2,551,5,0,0.014932082888233,26.642274605942813,0.06159490400103682,0.3674445892508778,0.0,0.0,0.4481335673825884,0.48405089503111903,0.5572408928122574,0.49989771888293505,0.5095633362085695,0.5130571545352195,0.5831801690366583,0.46523025939590434,0.4804515256802449,0.5855764714260762
drift,omd_paper_v2_literal,2,552,5,0,0.015226998695974436,26.65750160463879,0.061928411434585,0.3675233313348144,0.0,0.0,0.4464337033083594,0.48189653857842746,0.5554594860233225,0.500163666231134,0.5082670202333617,0.5107041022969582,0.5822155285791427,0.46405799103480955,0.48163051270015755,0.5853865911344289
drift,omd_paper_v2_literal,2,553,5,1,0.015521869334857996,26.673023473973647,0.06230278909184114,0.36744314183950644,0.0,0.0,0.4447454604280833,0.47975600524102285,0.5536875445250394,0.5004279893574667,0.5069785106146093,0.5083649497373828,0.5812561554335749,0.4628932750704014,0.482802502428854,0.5851978452945825
drift,omd_paper_v2_literal,2,554,5,1,0.01581669393427132,26.68884016790792,0.06253427025257455,0.36758446151961055,0.0,0.0,0.44636816408812025,0.4818134576537021,0.5553907480044168,0.5001739238639484,0.5082170187707629,0.5106133345069118,0.5821783095833389,0.4640127843183521,0.48167599060833033,0.5853792669113099
drift,omd_paper_v2_literal,2,555,5,1,0.01611147162397275,26.70495163953189,0.06279136442110465,0.36794301378801747,0.0,0.0,0.4479821228870284,0.483858996695903,0.5570822946905838,0.4999214049089808,0.5094478875861561,0.5128476069581883,0.5830942811317922,0.46512583807075486,0.48055652097554397,0.5855595611785875
drift,omd_paper_v2_literal,2,556,5,1,0.016406201534098885,26.72135784106599,0.0630732504128239,0.3685142156028761,0.0,0.0,0.4495873604977909,0.48589264140787236,0.558762251242181,0.4996704205281396,0.5106711630544155,0.5150677934875675,0.5840041184173644,0.4662324721982114,0.47944404765508136,0.5857387371047654
drift,omd_paper_v2_literal,2,557,5,0,0.016700882795171013,26.738058723861162,0.063379097895994,0.3679132540218071,0.0,0.0,0.4511839016735048,0.4879144129374342,0.5604306850390094,0.49942095880958676,0.5118868914015544,0.5172739231418635,0.5849078696295295,0.4673327228080437,0.4783385246703047,0.5859168036520886
drift,omd_paper_v2_literal,2,558,5,0,0.016995514538102996,26.755054238399264,0.0636680063247257,0.3675567326063838,0.0,0.0,0.4494834936167871,0.48576108030230997,0.5586536235639878,0.499686655441919,0.5105920392246166,0.5149241978328827,0.5839452828626895,0.466160879429199,0.47951600191193594,0.5857271478008849
drift,omd_paper_v2_literal,2,559,4,0,0.015565587887904297,26.77061982628717,0.06399729620460694,0.36785171989763515,0.0,0.0,0.44779454050492556,0.48362129697629064,0.5568858215270025,0.4999507450192523,0.509304878863813,0.5125880320917977,0.5829878839601954,0.46499649460379516,0.4806865820446411,0.5855386140117191
drift,omd_paper_v2_literal,2,560,6,0,0.05577112519212224,26.826390951479294,0.06428929841808358,0.35979576927077866,0.0,0.0,0.4475196768645182,0.483145735309547,0.5555033516665312,0.4981457308843449,0.5069755424525966,0.5113171201498913,0.5827434148063235,0.4628222307794129,0.4829652605345528,0.5848654724794318
drift,omd_paper_v2_literal,2,561,4,1,0.016095712095560488,26.842486663574853,0.06365182242698927,0.3594944295289452,0.0,0.0,0.4478813474452463,0.4825694482884063,0.5537449012632699,0.49869276564074605,0.5066881694078768,0.510204099069789,0.5805747073539809,0.46351237823456465,0.483423528939852,0.583117840605941
drift,omd_paper_v2_literal,2,562,4,0,0.01636069791625261,26.858847361491105,0.06395331434473572,0.3598083933565775,0.0,0.0,0.4481472636053855,0.4830292603364385,0.5550827479564567,0.5004385159397509,0.508940932566154,0.5114332033164306,0.5808111900234172,0.46561564891697105,0.48121967141261196,0.5837694092773242
drift,omd_paper_v2_literal,2,563,5,1,0.018467900090942457,26.877315261582048,0.06426581175408828,0.3599246290711893,0.0,0.0,0.44787333991419126,0.4825556016280014,0.5537046001972526,0.49864019312787355,0.5066203233885418,0.5101670829425662,0.5805675851682782,0.46344905856497415,0.483489907941268,0.5830982142773752
drift,omd_paper_v2_literal,2,564,5,0,0.018762216497039907,26.89607747807909,0.06449078792174548,0.35980836467161825,0.0,0.0,0.4494771286280128,0.4845863223276106,0.5553819571752977,0.49838530471028764,0.5078374062859148,0.5123829868635117,0.5814767452281955,0.4645496843394274,0.48238328752919074,0.5832750647119072
drift,omd_paper_v2_literal,2,565,9,0,0.06298105941170384,26.959058537490794,0.0648847833372751,0.35149833411374043,0.0,0.0,0.44780205657584254,0.48246532383784907,0.5536299922253368,0.49865152609037944,0.5065662070602177,0.5100685486626098,0.5805271489990939,0.4634001303138517,0.483539114756566,0.5830903505896724
drift,omd_paper_v2_literal,2,566,5,1,0.019350681672968384,26.978409219163762,0.06413684851172745,0.35160812461039376,0.0,0.0,0.4492977336804452,0.4831723456045673,0.5522220102919385,0.4979071804121553,0.5057761935490722,0.5098525939739343,0.5787760185080066,0.4636605387346751,0.48456884878173423,0.5809373574307191
drift,omd_paper_v2_literal,2,567,5,1,0.01964482871185025,26.998054047875613,0.06434891672623622,0.35194052356609207,0.0,0.0,0.45089880989352654,0.485198492414748,0.5538963365943721,0.4976528226447338,0.5069903718183707,0.5120632938960572,0.5796839195122455,0.46475865259645166,0.4834647939241699,0.5811138287115115
drift,omd_paper_v2_literal,2,568,5,0,0.0199389175648087,27.01799296544042,0.06458530476191444,0.3515968470487888,0.0,0.0,0.4524912821137385,0.48721295735171166,0.5555593998270056,0.49739999315751254,0.5081971788948502,0.5142602541290741,0.5805858358145349,0.4658505124808124,0.48236752735610894,0.5812892199538352
drift,omd_paper_v2_literal,2,569,5,1,0.020232947367525234,27.038225912807945,0.06496697443902939,0.35191641040976007,0.0,0.0,0.45081543870503465,0.4850930065042364,0.5538092075059382,0.49766606349263043,0.5069271683274745,0.5119482243447324,0.5796366709591136,0.4647014805331623,0.48352226283969524,0.5811046428141962
drift,omd_paper_v2_literal,2,570,5,1,0.02052691725615674,27.0587528300641,0.06519713479192375,0.352452879118324,0.0,0.0,0.45240346637956175,0.4871018921481076,0.555467750240085,0.4974139311533029,0.5081306521774136,0.5141391532849028,0.580536128773167,0.46579031161383205,0.48242801333248814,0.5812795514887479
drift,omd_paper_v2_literal,2,571,5,1,0.02082082636734095,27.079573656431442,0.06545060423168146,0.3532013750052222,0.0,0.0,0.4539829660030301,0.4890991871307695,0.5571151587629246,0.49716330670179354,0.5093268514062654,0.5163164523717235,0.5814296819760976,0.46687295970959247,0.48134046935085745,0.5814533947714009
drift,omd_paper_v2_literal,2,572,5,1,0.021114673838204645,27.100688330269648,0.06572665604840906,0.35415673766888933,0.0,0.0,0.4555539628324308,0.49108491377068675,0.5587514965992837,0.49691417858801407,0.5105158097307333,0.5184801507071385,0.5823173761060705,0.4679494593492293,0.48025958752926656,0.581626181066332
drift,omd_paper_v2_literal,2,573,5,1,0.02140845880636999,27.122096789076018,0.06602455744236363,0.3553135569993504,0.0,0.0,0.45711648307501973,0.4930590962567906,0.5603768278954078,0.49666653531481947,0.5116975710560496,0.5206302797434919,0.5831992565530015,0.4690198452543924,0.47918532442898304,0.5817979187337466
drift,omd_paper_v2_literal,2,574,5,1,0.02170218040996108,27.143798969485978,0.06634357213911508,0.356666206630241,0.0,0.0,0.45867055385194805,0.495021760583846,0.5619912173766483,0.49642036543950113,0.5128721794567013,0.5227668731993593,0.5840753685496235,0.470084152323547,0.47811763655346384,0.5819686160889627
drift,omd_paper_v2_literal,2,575,5,0,0.021995837787610828,27.16579480727359,0.06668296286835403,0.35519154666517305,0.0,0.0,0.46021620316267575,0.4969729344890461,0.5635947303063927,0.49617565757520826,0.5140396791577536,0.5248899669770106,0.5849457571629403,0.47114241561639797,0.47705648036322484,0.5821382814015428
drift,omd_paper_v2_literal,2,576,5,0,0.022289430078468286,27.188084237352058,0.06692964641082887,0.35396742907410406,0.0,0.0,0.4585187602661783,0.4948300953285401,0.5618336267438784,0.49644440427328873,0.5127574829965851,0.522558266642376,0.5839898380279039,0.46998020877745855,0.4782218894453418,0.5819519480653311
drift,omd_paper_v2_literal,2,577,5,1,0.02258295642220509,27.210667193774263,0.06721488327532785,0.35508038993189067,0.0,0.0,0.45683231400195995,0.4927001224383818,0.5600813971305266,0.49671156295773095,0.511482706532727,0.5202393868381757,0.5830389479794753,0.46882520074339884,0.47938063839023276,0.5817666939902731
drift,omd_paper_v2_literal,2,578,5,0,0.022876415959022123,27.233543609733285,0.0675187522019582,0.3538800587339847,0.0,0.0,0.45837831303164417,0.49465274946823223,0.5616877975501305,0.49646664733953916,0.5126513535529503,0.5223652366893506,0.5839106924195889,0.46988403248511795,0.4783183559837469,0.5819365250327103
drift,omd_paper_v2_literal,2,579,4,1,0.02085682454688087,27.254400434280168,0.06781391894889639,0.3540604429615308,0.0,0.0,0.45669754163373344,0.49252986276960936,0.5599412586024093,0.49673291971235034,0.5113807942049016,0.5200539765550153,0.5829629070375256,0.46873288362470716,0.47947327855136457,0.5817518837787043
drift,omd_paper_v2_literal,2,580,4,1,0.021120747360869885,27.27552118164104,0.06813384260540956,0.3544614647289516,0.0,0.0,0.45694201916728894,0.4929599240416805,0.5612377485713275,0.4984596577233597,0.5135895014341917,0.5212392419946843,0.5831843809678217,0.47079943745419284,0.477312109425788,0.5823929729121877
drift,omd_paper_v2_literal,2,581,4,0,0.021384603228212895,27.296905784869253,0.06847767671650937,0.35404373928681016,0.0,0.0,0.457185046275064,0.49338740802869363,0.5625256098509249,0.5001760427155161,0.5157843935444737,0.5224171389698442,0.5834044890604714,0.47285454981259245,0.4751647850617313,0.5830299288780687
drift,omd_paper_v2_literal,2,582,4,1,0.02164839132178986,27.318554176191043,0.06872673380868652,0.35443041819794807,0.0,0.0,0.45692773030440686,0.492934789166876,0.5611619990883931,0.498358738511135,0.5134604290968393,0.5211699765674318,0.5831714380264678,0.47067863115293707,0.4774383946191185,0.5823555126167846
drift,omd_paper_v2_literal,2,583,4,0,0.021912110815038077,27.34046628700608,0.06906355137891634,0.35402798865785645,0.0,0.0,0.4571700915611327,0.4933611034812892,0.562446388362453,0.500070428547298,0.5156493525289961,0.5223446668031938,0.5833909461650942,0.4727280658341308,0.47529689011889553,0.5829907432087755
drift,omd_paper_v2_literal,2,584,5,1,0.024635722154277007,27.365102009160356,0.06932171250542989,0.3552172085319542,0.0,0.0,0.4569136146813355,0.49290995894281964,0.5610871648331879,0.49825904249473796,0.5133329192557734,0.5211015497855122,0.5831586518312175,0.4705592923055524,0.4775631521636508,0.5823185053787009
drift,omd_paper_v2_literal,2,585,5,1,0.02492869001417597,27.39003069917453,0.06961908568805766,0.3565970698585465,0.0,0.0,0.45845137958311094,0.4948516753501326,0.5626800523485826,0.4980084481537891,0.5144870864708562,0.5232123504316619,0.5840253303367664,0.4716053798831513,0.4765147735541267,0.5824849362754185
drift,omd_paper_v2_literal,2,586,5,0,0.025221584208634185,27.415252283383165,0.06993563432436971,0.3550898245394483,0.0,0.0,0.4599809085034452,0.49678215516362284,0.5642623153748993,0.49775932486147634,0.5156343299006495,0.5253099471111582,0.5848864099567154,0.47264557808420904,0.4754727501106638,0.5826503722191826
drift,omd_paper_v2_literal,2,587,5,0,0.02551440388292181,27.440766687266088,0.07021146976556733,0.35382802996839313,0.0,0.0,0.4582982274443005,0.4946583295685744,0.5625215049684196,0.49803339993849155,0.5143721720790444,0.5230022126790884,0.5839390578380674,0.4715012089892122,0.4766191521108628,0.5824683654937193
drift,omd_paper_v2_literal,2,588,6,0,0.08191702596693984,27.52268371323303,0.07052293634010166,0.3454758589571216,0.0,0.0,0.4566263342987127,0.49254712173729975,0.5607893525690109,0.49830587253044273,0.5131172175765503,0.5207070070763282,0.5829966337002068,0.47036383259992565,0.4777590906109952,0.5822874014462569
drift,omd_paper_v2_literal,2,589,4,1,0.023492940952059338,27.54617665418509,0.06985776838657404,0.3458303500332088,0.0,0.0,0.45701036754732804,0.4919990924503203,0.5590631512464758,0.49885190824000386,0.5128509393545196,0.5196289458026251,0.5808447781972101,0.47107272257309135,0.4781972750156476,0.5805435465162506
drift,omd_paper_v2_literal,2,590,4,0,0.02375615714749013,27.569932811332578,0.07016774186080997,0.34546269919039146,0.0,0.0,0.45724735189239146,0.4924182480796222,0.560341232085915,0.5005615185798581,0.5150324254887436,0.5207948882018268,0.5810611532546016,0.4731154618249662,0.4760626512620239,0.5811776890123015
drift,omd_paper_v2_literal,2,591,4,1,0.024019298150962598,27.59395210948354,0.07046217467839891,0.3458035073331758,0.0,0.0,0.45699717675871504,0.491975761139208,0.5589919857304562,0.4987567458993969,0.5127294952188354,0.5195640390603482,0.5808327331069572,0.4709590445443084,0.4783161195988442,0.5805082401381753
drift,omd_paper_v2_literal,2,592,4,1,0.02428236314123089,27.61823447262477,0.07076576161388402,0.34636230910324795,0.0,0.0,0.4572335135060996,0.49239377268698126,0.5602666249510367,0.500461691971578,0.514905060346533,0.5207268132692819,0.5810485196632691,0.47299615795752215,0.4761872717008425,0.581140667880669
drift,omd_paper_v2_literal,2,593,4,1,0.024545351297673546,27.642779823922446,0.07109186986901611,0.3471341622001823,0.0,0.0,0.45746846479228953,0.49280931054622734,0.5615329017510234,0.5021564950364457,0.5170671366101137,0.5218824546366088,0.5812629930807247,0.4750220565062227,0.4740719326007767,0.5817690729617087
drift,omd_paper_v2_literal,2,594,4,0,0.024808261800298936,27.667588085722745,0.07143974038071678,0.346314047386819,0.0,0.0,0.45770204099729755,0.49322239310026716,0.5627908726302792,0.5038411947469618,0.5192157535090143,0.5230310081403474,0.5814761637094258,0.477036751873127,0.47197006446107087,0.5823934871205548
drift,omd_paper_v2_literal,2,595,4,1,0.025071093829753255,27.692659179552496,0.07168490961930632,0.3470678093208097,0.0,0.0,0.45745128834727095,0.4927789328575888,0.5614403592045448,0.5020325999090227,0.516909101551566,0.5217979807895403,0.5812473153250306,0.474873927203702,0.4742265410632879,0.5817231432053762
drift,omd_paper_v2_literal,2,596,4,1,0.02533384656732529,27.71799302611982,0.07202581408573148,0.34802852053430006,0.0,0.0,0.4576842485879902,0.49319092781985296,0.562695079820936,0.5037128719225183,0.5190521150204418,0.5229435299855355,0.5814599273401103,0.4768832632090468,0.4721301320296134,0.5823459340814694
drift,omd_paper_v2_literal,2,597,4,1,0.025596519194954537,27.743589545314777,0.07238753744229838,0.34919076064290444,0.0,0.0,0.45791585167973536,0.4936004993645124,0.5639415974561697,0.505383139883861,0.5211817808533864,0.5240820762272238,0.5816712540180234,0.4788814773272533,0.4700470746984386,0.5829647875442162
drift,omd_paper_v2_literal,2,598,4,0,0.025859110895236737,27.769448656210013,0.07276934035994047,0.3479326817126215,0.0,0.0,0.4581461078216815,0.49400766556804393,0.5651799682394554,0.5070434449171829,0.5232981325421762,0.5252136642852783,0.5818813055085146,0.4808685849255,0.46797732773702055,0.5835797347562595
drift,omd_paper_v2_literal,2,599,4,0,0.026121620851430993,27.795570277061444,0.07296805119985919,0.34692603642387626,0.0,0.0,0.4578948326028749,0.49356332977524775,0.5638285072154905,0.5052315649809883,0.5209885411106524,0.5239787616117002,0.581652077043382,0.4787001075777122,0.4702360732972965,0.5829086364245005
drift,omd_paper_v2_literal,2,600,5,1,0.02931389052651545,27.82488416758796,0.07320403611793633,0.3482967503212743,0.0,0.0,0.45764505564691,0.49312161593234444,0.5624840498433071,0.5034301992414209,0.518691635924531,0.52275082715178,0.5814241610583112,0.47654517207367675,0.47248275086196073,0.5822411783048215
drift,omd_paper_v2_literal,2,601,5,1,0.029605577518172277,27.854489745106132,0.07348686782366175,0.34985389294166513,0.0,0.0,0.4591671550561355,0.4950415717450625,0.5640494121636217,0.5031676672399366,0.5198156649620339,0.5248310549094801,0.5822809472236086,0.47756584996768836,0.47146347722096066,0.5823998360745936
drift,omd_paper_v2_literal,2,602,5,0,0.02989717724406815,27.8843869223502,0.07378741792593511,0.34814119438269275,0.0,0.0,0.4606811800484117,0.496950534448472,0.5656044290589879,0.5029066565276546,0.5209329743921316,0.5268983609181553,0.5831322708848509,0.4785807923985873,0.47045035248345446,0.582557556519849
drift,omd_paper_v2_literal,2,603,4,1,0.027170826924084568,27.911557749274284,0.07407874632010347,0.3491485045339813,0.0,0.0,0.4590048020408688,0.4948368202866094,0.5638825426330861,0.5031956636575498,0.5196958082057864,0.5246092598311447,0.5821896033688045,0.477456996116076,0.4715721610648415,0.5823829176706851
drift,omd_paper_v2_literal,2,604,4,1,0.0274329159323905,27.938990665206674,0.07443059717000726,0.35035267523654634,0.0,0.0,0.4592312360801157,0.4952389308065224,0.5651156309706717,0.5048545685621917,0.5218072749561793,0.5257343266627963,0.5823972792235398,0.47943861616401545,0.46950676574120037,0.5829969296937877
drift,omd_paper_v2_literal,2,605,4,0,0.027694918310452676,27.966685583517126,0.07480172791523125,0.34904568045201695,0.0,0.0,0.4594563619190462,0.4956386946430757,0.5663407062547965,0.5065036611716184,0.5239056152872738,0.5268525517011774,0.5826037109823371,0.48140928323348925,0.46745448997139555,0.5836070940163179
drift,omd_paper_v2_literal,2,606,5,0,0.0310626866129885,27.997748270130113,0.07501259766396343,0.34747514080898984,0.0,0.0,0.45921007575820666,0.4952013544701992,0.5650004363041387,0.5046995526506627,0.5216099963187948,0.525629203304202,0.5823778737509503,0.47925341111550507,0.46969972783490527,0.5829395629138593
drift,omd_paper_v2_literal,2,607,9,0,0.10375507244615323,28.101503342576265,0.07532826604435647,0.3390714605047769,0.0,0.0,0.4575415346731294,0.49309695011977,0.563287798868892,0.5049916864374691,0.5203831446604107,0.5233512146187165,0.5814388875460791,0.4781388899010354,0.47081172414358907,0.5827672160053337
drift,omd_paper_v2_literal,2,608,3,0,0.038798267426773725,28.14030161000304,0.0745472966362485,0.33923900160431963,0.0,0.0,0.4590467902787999,0.4938141868517135,0.5619081150884947,0.5042645551673717,0.5196213815826252,0.5231553168714084,0.5796989183288589,0.4784227935705637,0.47181221915388954,0.580626194184607
drift,omd_paper_v2_literal,2,609,5,1,0.031935861045342406,28.172237471048383,0.07480790939026691,0.3407189282083977,0.0,0.0,0.4599774145384687,0.4948591167410745,0.5616499558230218,0.5019748551950002,0.5178900021328757,0.523434599805626,0.5801617316583436,0.47675592200298966,0.4735675581748583,0.580014483401293
drift,omd_paper_v2_literal,2,610,5,1,0.03222673230726547,28.20446420335565,0.07507624635127882,0.34238462935818387,0.0,0.0,0.4614891559255128,0.4967643421755152,0.5632017808017155,0.5017106879247893,0.5190014123000912,0.5254969146805594,0.5810123535067934,0.4777650129642814,0.472559953793686,0.5801707211837654
drift,omd_paper_v2_literal,2,611,5,0,0.03251750872984038,28.236981712085488,0.07536181179684778,0.34054718405014217,0.0,0.0,0.4629928928592456,0.4986586875461622,0.5647434422280633,0.5014480412041132,0.5201062348272384,0.5275464896547325,0.5818575989700386,0.4787684719405382,0.4715583743589168,0.5803260431710392
drift,omd_paper_v2_literal,2,612,6,0,0.1042392818992211,28.34122099398471,0.07567535682178146,0.3322043816966291,0.0,0.0,0.46132349962093216,0.49655560657593595,0.5630318279130351,0.5017396292415864,0.5188796589553771,0.5252710156242555,0.5809191856609409,0.4776544513889625,0.47267033274801057,0.5801536050869474
drift,omd_paper_v2_literal,2,613,5,0,0.033098773706416895,28.374319767691127,0.0750146351319305,0.33067562371001435,0.0,0.0,0.46171363275338595,0.49602078100398234,0.5613283866365055,0.5022858241576892,0.5186262333161256,0.5242129883005717,0.5787815661598736,0.47837050723514946,0.47309503138776793,0.5784199627229356
drift,omd_paper_v2_literal,2,614,3,1,0.04094084932179953,28.415260617012926,0.0753751017875357,0.33058577237853265,0.0,0.0,0.4600576168545645,0.49393444379284124,0.5596280197966835,0.5025748561084558,0.5174090267800955,0.5219542213573848,0.5778496939333181,0.4772648103527262,0.474198514698195,0.5782495791370161
drift,omd_paper_v2_literal,2,615,3,0,0.04129759130986088,28.456558208322786,0.07571002866662116,0.33067849337075095,0.0,0.0,0.45914203401280446,0.4929068931436006,0.5598841871319337,0.5048297064170897,0.5191153878286915,0.5216809312067321,0.5773943825302857,0.4789073221403203,0.4724684733890594,0.5788533513602363
drift,omd_paper_v2_literal,2,616,3,0,0.04165422953255804,28.498212437855344,0.07598049919571621,0.331021592115448,0.0,0.0,0.46006984625715874,0.4939481670478016,0.5596245984791994,0.5025447417795227,0.5173862355750379,0.5219578710454728,0.5778557737014757,0.47724287793528686,0.47422162360072984,0.578241514201014
drift,omd_paper_v2_literal,2,617,6,1,0.10887725058578707,28.607089688441132,0.07627528605611669,0.3370734490021724,0.0,0.0,0.46099234166711145,0.4949832180738358,0.559366541843131,0.5002734412707495,0.5156670907383677,0.5222331286130443,0.5783142498161038,0.4755889646349674,0.4759648390919143,0.5776331259696449
drift,omd_paper_v2_literal,2,618,6,0,0.10980427924077718,28.71689396768191,0.07726456315509474,0.32876492880887515,0.0,0.0,0.4607080144385843,0.4953691135555811,0.5606022563882038,0.4998793789243794,0.5158516630580071,0.5229991862249913,0.5798639791693126,0.47507084932457644,0.47565590947909736,0.5788912487260321
drift,omd_paper_v2_literal,2,619,5,1,0.03484020551667333,28.75173417319858,0.07662950316020328,0.3301543026814723,0.0,0.0,0.4610985252686067,0.49483911359381183,0.5589048960897314,0.5004205969722811,0.5155981643016015,0.5219470306413646,0.5777351326973379,0.4757824593662195,0.4760802082382747,0.5771630424360541
drift,omd_paper_v2_literal,2,620,5,1,0.035130090775790324,28.786864263974373,0.07686010792141958,0.3317356860956384,0.0,0.0,0.46260690459467935,0.49673800406746826,0.5604523928497837,0.5001591099482778,0.5167075354002776,0.5240028153412681,0.5785814928052347,0.47679062830473296,0.4750744397109433,0.5773169380066585
drift,omd_paper_v2_literal,2,621,5,1,0.03541987285235504,28.822284136826728,0.07710793622123618,0.3335029063582429,0.0,0.0,0.4641073293891419,0.4986261193141475,0.5619898679284366,0.4998991195040978,0.5178103935967341,0.5260460274108604,0.5794225511151407,0.4777932143716965,0.47407462830014047,0.5774699378511866
drift,omd_paper_v2_literal,2,622,5,1,0.035709550916444344,28.85799368774317,0.0773724923065922,0.33544965963288076,0.0,0.0,0.46559982666626826,0.5005034865263422,0.5635173798457948,0.4996406144642838,0.5189067790672764,0.5280767021253506,0.5802583474917581,0.4787902500112315,0.4730807349562575,0.5776220488566672
drift,omd_paper_v2_literal,2,623,5,1,0.035999124138959115,28.893992811882132,0.07765328016927361,0.33756954773801856,0.0,0.0,0.46708442413938733,0.5023701343009345,0.565034987507096,0.49938358370881225,0.519996732057697,0.530094876483853,0.5810889216482705,0.47978176775239295,0.47209272063925867,0.5777732778716312
drift,omd_paper_v2_literal,2,624,5,1,0.036288591691632455,28.930281403573765,0.07794980461067368,0.3398561133084654,0.0,0.0,0.4685611501927125,0.5042260925888775,0.5665427501720539,0.49912801617422076,0.5210802928699382,0.5321005891448842,0.5819143131400804,0.4807678001979095,0.4711105463291506,0.5779236317055506
drift,omd_paper_v2_literal,2,625,5,0,0.03657795274703379,28.9668593563208,0.07826157224741033,0.33726388278673497,0.0,0.0,0.4700300338538029,0.5060713926458913,0.5680407274251211,0.49887390085467725,0.5221575018491882,0.5340938803631978,0.5827345613588272,0.48174838001327247,0.47013417303608407,0.5780731171283114
drift,omd_paper_v2_literal,2,626,5,0,0.036867206478577,29.003726562799375,0.0785392536969031,0.33491652260641985,0.0,0.0,0.4683557608902641,0.5039680060499554,0.5663331515101705,0.49916355575532223,0.5209296229162906,0.5318217323354336,0.5817995603068048,0.48063067190114733,0.4712471157482494,0.577902724139421
drift,omd_paper_v2_literal,2,627,5,1,0.037156352060525255,29.0408829148599,0.07884786291727848,0.3369780824614731,0.0,0.0,0.46669168245868103,0.5018764003771778,0.5646336895909229,0.49945156967802873,0.5197084518110718,0.529561151684702,0.5808692748865022,0.4795194902470468,0.4723540347104597,0.5777332784138883
drift,omd_paper_v2_literal,2,628,5,1,0.03744538866799818,29.078328303527897,0.07913136737492174,0.3392060425690266,0.0,0.0,0.46816156914896057,0.5037239757203801,0.5661349480052789,0.4991971594780471,0.520787156558932,0.5315580467678095,0.5816910499969113,0.48050101576350995,0.4713762500939465,0.5778829551664173
drift,omd_paper_v2_literal,2,629,5,0,0.03773431547697792,29.116062619004875,0.0794299134701346,0.33668582187585544,0.0,0.0,0.46962370020569705,0.5055610128962266,0.5676265230523259,0.4989441869183851,0.5218595752809629,0.5335426593025093,0.5825077333393056,0.4814771456652356,0.47040420696120283,0.5780317721733657
drift,omd_paper_v2_literal,2,630,5,0,0.0380231316643147,29.15408575066919,0.07972606122643996,0.33440810735923493,0.0,0.0,0.46796075899395545,0.5034716137738953,0.5659299567530396,0.4992319102407485,0.5206398236867014,0.5312853419982123,0.5815788274709075,0.48036693669463937,0.47150979635189144,0.5778625111351132
drift,omd_paper_v2_literal,2,631,6,0,0.12183760089319207,29.27592335156238,0.08005207575009546,0.32598816829508975,0.0,0.0,0.46630789548802437,0.5013938701578329,0.5642414188771966,0.4995180124559766,0.5194267025446341,0.5290394765481816,0.5806545829054276,0.47926317707531346,0.4726094318624445,0.5776941859171085
drift,omd_paper_v2_literal,2,632,4,1,0.03473328727827352,29.310656638840655,0.07939523071643556,0.32704632696519853,0.0,0.0,0.46671221445898836,0.5008802222104483,0.5625602983927311,0.5000570439612986,0.5191829160226143,0.5280062824553767,0.5785338481728157,0.47998418942681365,0.47302480531594004,0.5759657370651357
drift,omd_paper_v2_literal,2,633,4,0,0.03499253713465733,29.34564917597531,0.07967814478920789,0.3259103432780421,0.0,0.0,0.46692339280543527,0.5012607001476136,0.5637675256854343,0.5017040706618442,0.5212651768849409,0.5291005629664609,0.5787306438803344,0.4819400634049967,0.4709868608220274,0.5765740385360598
drift,omd_paper_v2_literal,2,634,4,0,0.03525167712864774,29.38090085310396,0.08000030853390373,0.32502973874154895,0.0,0.0,0.4666947795220053,0.500848808846844,0.5624605930397683,0.4999210603325129,0.5190109680246078,0.5279159234530375,0.5785175990584333,0.4798227336493087,0.4731931047684247,0.5759155036962623
drift,omd_paper_v2_literal,2,635,6,0,0.125533096641391,29.50643394974535,0.08035345099120575,0.3166446462209439,0.0,0.0,0.46646749680512095,0.5004392886955269,0.56116032753129,0.4981483211754659,0.5167689745951687,0.5267377950960977,0.5783057522875802,0.4777183168699414,0.47538768032916867,0.575260494314363
drift,omd_paper_v2_literal,2,636,1,0,0.025101616499478285,29.531535566244827,0.0797190877053748,0.31718223679068236,0.0,0.0,0.46686981172012243,0.4999285331023438,0.5594860748221917,0.4986853415099578,0.5165274289818277,0.5257100711907352,0.5761930930131733,0.47843633302287164,0.47580007671698715,0.5735388596114085
drift,omd_paper_v2_literal,2,637,3,1,0.04911811987004144,29.580653686114868,0.08039145626148386,0.31679267726396787,0.0,0.0,0.4647995877843783,0.49768352177491176,0.5584801528475879,0.4997101354550654,0.5161340828712713,0.5237643827975819,0.5757626448886407,0.4778320946720001,0.4760239022510311,0.5741440038615667
drift,omd_paper_v2_literal,2,638,3,1,0.04947225532245747,29.630125941437324,0.08068052451538503,0.3166593338059668,0.0,0.0,0.463885193817748,0.4966595639547765,0.5587384185875122,0.5019601720605391,0.5178384747269231,0.5234940018293759,0.5753099044078812,0.4794717763609126,0.4742954689615438,0.5747496556478437
drift,omd_paper_v2_literal,2,639,3,0,0.049826267095402166,29.679952208532725,0.08098777615267215,0.3167955130818156,0.0,0.0,0.4629765154249817,0.49564176489668454,0.5589951064524626,0.5041966579373598,0.519532250242931,0.5232252261354664,0.5748597494756299,0.48110207885430273,0.47257799491506314,0.575351458785238
drift,omd_paper_v2_literal,2,640,3,0,0.050180154333757554,29.730132362866485,0.08129281348808128,0.31718720646267784,0.0,0.0,0.46389505368822037,0.49667060655138,0.5587356335258388,0.501935907113551,0.5178200960926034,0.5234969177890451,0.5753147876000911,0.47945409101885256,0.47431410579945504,0.5747431252736599
drift,omd_paper_v2_literal,2,641,6,0,0.13106974733102855,29.861202110197514,0.08161970030731996,0.30892911012022745,0.0,0.0,0.4648083512782006,0.4976933341364844,0.5584776778179479,0.49968857399930233,0.5161177483607186,0.5237669737030975,0.5757669827392734,0.4778163843911722,0.4760404681086057,0.5741381990187064
drift,omd_paper_v2_literal,2,642,3,1,0.05088755179095683,29.91208966198847,0.08101268706337854,0.3086047268636099,0.0,0.0,0.46521023030813996,0.49718767183493434,0.556810650452935,0.500219045634504,0.5158752492753348,0.5227454545171272,0.5736636417518342,0.4785282639865378,0.47645298330667607,0.5724239929300691
drift,omd_paper_v2_literal,2,643,3,0,0.05124106030431075,29.96333072229278,0.08130020491109968,0.30893085992291297,0.0,0.0,0.46430199911248143,0.49617099707487405,0.5570677519745382,0.5024532475480885,0.5175678825549702,0.5224771747536453,0.5732140324220276,0.4801565176695183,0.47473634484628585,0.5730264936071215
drift,omd_paper_v2_literal,2,644,3,1,0.051594440872108405,30.01492516316489,0.08162964172760867,0.3086060584000845,0.0,0.0,0.465213728537384,0.49719158730242696,0.5568096602448063,0.5002104412034453,0.515868729878109,0.5227464876907006,0.5736653730521121,0.4785219941166415,0.47645959552525363,0.5724216721633555
drift,omd_paper_v2_literal,2,645,3,1,0.05194769264401411,30.066872855808903,0.0819156316715658,0.30853873846363167,0.0,0.0,0.46430817920521955,0.4961779158663384,0.5570660023963512,0.5024380431171489,0.5175563648091513,0.5224790005515292,0.5732170926078404,0.48014543527094933,0.47474802530393445,0.573022394072908
drift,omd_paper_v2_literal,2,646,3,1,0.05230081477066739,30.11917367057957,0.0822192196819083,0.308724518389011,0.0,0.0,0.4634082364294704,0.49517029050835526,0.557320793335939,0.5046523310695336,0.5192335888145344,0.5222130878563251,0.5727713529325417,0.4817596589353439,0.47304719901023823,0.5736193379886745
drift,omd_paper_v2_literal,2,647,3,1,0.05265380640368833,30.17182747698326,0.08253988617576756,0.30915847016922327,0.0,0.0,0.4625138616129098,0.4941686737782478,0.5575740448508187,0.5068533195901634,0.5209004465092817,0.5219487381035911,0.5723281369237117,0.4833646965150246,0.4713570691232423,0.574212532722716
drift,omd_paper_v2_literal,2,648,3,1,0.0530066666956841,30.224834143678944,0.08287711243511642,0.3098351600755857,0.0,0.0,0.461625016175716,0.4931730281266417,0.5578257686788104,0.5090410258579235,0.5225569834557913,0.5216859398305452,0.5718874275013791,0.48496058039084594,0.46967758715972907,0.5748020069808069
drift,omd_paper_v2_literal,2,649,3,0,0.0533593948002542,30.278193538479197,0.08323038167115851,0.3091366307808708,0.0,0.0,0.4607416615661744,0.49218331591900694,0.5580759765066472,0.5112154696155004,0.5242032461194661,0.5214246816150147,0.5714492076120028,0.4865473438798857,0.4680087037203912,0.5753877893576439
drift,omd_paper_v2_literal,2,650,3,1,0.05371198987199688,30.331905528351193,0.08348640699493182,0.30980144882287847,0.0,0.0,0.4616601124690745,0.49321234561987654,0.5578158285608484,0.5089546384273754,0.5224915752799342,0.5216963180742357,0.5719048334711427,0.48489755222953035,0.4697438978420962,0.5747787324147459
drift,omd_paper_v2_literal,2,651,3,1,0.05406445106651536,30.38596997941771,0.08383696801932426,0.3107019454146404,0.0,0.0,0.460779193475503,0.4922253711267215,0.5580653448831212,0.511123077802219,0.5241333009969653,0.5214357836472342,0.5714678314219024,0.4864799109002502,0.4680796062329197,0.5753629016720406
drift,omd_paper_v2_literal,2,652,3,0,0.05441677754042318,30.440386756958134,0.08420289077202933,0.3097639311208666,0.0,0.0,0.45990369564168926,0.4912442585185474,0.55831336539344,0.5132783555120138,0.5257648592295843,0.5211767691871189,0.5710332877353785,0.48805323656700655,0.46642580159724917,0.575943428351481
drift,omd_paper_v2_literal,2,653,3,0,0.0547689684513506,30.495155725409486,0.08444404797096611,0.30909174427341174,0.0,0.0,0.4608215507725418,0.49227283280540507,0.5580533464645946,0.5110188077971404,0.5240543630559711,0.5214483128577185,0.571488849142247,0.48640380977485653,0.46815962505075115,0.5753348141315248
drift,omd_paper_v2_literal,2,654,4,1,0.040410198142957654,30.535565923552443,0.08470700944477082,0.31059535084578904,0.0,0.0,0.4617342887834491,0.4932954423514181,0.5577948202386619,0.5087720591819892,0.5223533343385793,0.5217182521492458,0.5719416199307435,0.4847643455025314,0.46988404718315163,0.5747295411599391
drift,omd_paper_v2_literal,2,655,4,0,0.0406668502791393,30.57623277383158,0.08497060327364649,0.30895804556934375,0.0,0.0,0.46195802398814784,0.49368850345306653,0.5589867688042502,0.5103627432070565,0.5243827824168841,0.5228059678037458,0.5721442141289693,0.4866723442504591,0.467899188620481,0.5753211700151698
drift,omd_paper_v2_literal,2,656,9,0,0.150878515023518,30.7271112888551,0.08532493729198438,0.3006459262559281,0.0,0.0,0.46171274478231294,0.4932575925552377,0.5576800049413644,0.5086188727275203,0.5221578665027602,0.5216134984070271,0.5719221096381264,0.4845806353420363,0.4700752324944854,0.5746725583187502
drift,omd_paper_v2_literal,2,657,7,1,0.0,30.7271112888551,0.08460071188934463,0.29849406373114656,0.0,0.0,0.463189081569434,0.4939614102435264,0.5563357353424778,0.5079248369374582,0.5214326748248563,0.5214303225055343,0.5702087121635684,0.48487846092149733,0.47103462453305817,0.5725710464188445
drift,omd_paper_v2_literal,2,658,7,1,0.0,30.7271112888551,0.0843717041874728,0.29664418836336676,0.0,0.0,0.4640132140735495,0.49460115049984266,0.5570369868033724,0.5095710652769726,0.5234814091678556,0.5224954529256408,0.5695901003274659,0.48725973458274296,0.4691392300426722,0.5723100165932813
drift,omd_paper_v2_literal,2,659,7,0,0.0,30.7271112888551,0.08416172274083217,0.2984015263238671,0.0,0.0,0.46483246835646813,0.49523697029936875,0.557733696479187,0.5112069545427247,0.525516749856166,0.5235538242022747,0.5689750810785673,0.489626923456121,0.46725638442641154,0.5720505536665933
drift,omd_paper_v2_literal,2,660,7,0,0.0,30.7271112888551,0.0849588484195831,0.3004076221385469,0.0,0.0,0.4640513431952355,0.49463074529701245,0.557069421182937,0.5096472149716892,0.5235761649311867,0.5225447209314434,0.5695614781002554,0.4873699070164043,0.46905157030428685,0.5722979403907598
drift,omd_paper_v2_literal,2,661,3,0,0.05758151472724826,30.784692803582345,0.08577370293998975,0.3000488679132259,0.0,0.0,0.4632751854850172,0.4940282555344586,0.5564090193539137,0.5080968592737172,0.5216467811094146,0.5215416268025275,0.5701440839058333,0.4851272489108907,0.470836535558777,0.572543773414263
drift,omd_paper_v2_literal,2,662,9,0,0.15660630086112848,30.941299104443473,0.08607142938914888,0.2918666984726612,0.0,0.0,0.46418553671760143,0.49504700755691133,0.5561583762366789,0.5058766488755836,0.5199708507606917,0.5218167322501848,0.5705924495756026,0.4835141481068163,0.47253672997264257,0.5719428574739196
drift,omd_paper_v2_literal,2,663,5,1,0.047486673424510184,30.988785777867985,0.08536981725088615,0.2934742213733037,0.0,0.0,0.4656530765623958,0.49574572715083004,0.5548207807625729,0.5051864001172288,0.5192489190003692,0.5216337155587929,0.5688882491134317,0.483809068057274,0.4734916060526969,0.5698509965107064
drift,omd_paper_v2_literal,2,664,5,0,0.04777124530691945,31.036557023174904,0.08552676265408947,0.2917280395102307,0.0,0.0,0.46713162811451614,0.4976044118464297,0.5563365703243537,0.5049272063545641,0.5203305963954151,0.5236446940122185,0.5697209624143607,0.4847937541999859,0.472511253230882,0.570001092823265
drift,omd_paper_v2_literal,2,665,7,1,0.0,31.036557023174904,0.08600412782740702,0.2893812331089707,0.0,0.0,0.46551542065740814,0.4955726472331622,0.5546795744863979,0.5052105367132721,0.5191481813037342,0.5214464117904491,0.5688106849774295,0.48371737803707027,0.4735829093452659,0.5698370185333488
drift,omd_paper_v2_literal,2,666,7,0,0.0,31.036557023174904,0.08574347052176082,0.29157922958106164,0.0,0.0,0.4663354662755739,0.496208186084903,0.555376317771999,0.5068487351038568,0.5211864652931685,0.5225047537433309,0.5681934975497721,0.4860858473422482,0.4716969011945264,0.5695760360419341
drift,omd_paper_v2_literal,2,667,5,1,0.048624124779052535,31.085181147953957,0.08658898982469197,0.29317372141932857,0.0,0.0,0.46556455899929045,0.49561073330972166,0.5547213348764515,0.5053087138763765,0.5192703498560834,0.5215098414369408,0.5687737042794228,0.48385929570147984,0.4734698632090855,0.5698213795127718
drift,omd_paper_v2_literal,2,668,5,0,0.04890813658881288,31.13408928454277,0.08674015215863284,0.29144253351956934,0.0,0.0,0.46703828606400694,0.4974638941402093,0.5562324679944638,0.5050480970250243,0.5203466938217736,0.5235144262544432,0.5696051453931544,0.48483848414686054,0.47249439454629566,0.5699714295357506
drift,omd_paper_v2_literal,2,669,9,1,0.16327540257723955,31.29736468712001,0.08722448071164211,0.2975933725796033,0.0,0.0,0.465428162054748,0.4954391864638975,0.5545813935328742,0.505332839747241,0.5191707005525268,0.5213242355087191,0.5686967158184828,0.48376865570154437,0.47356017536804457,0.5698074883227259
drift,omd_paper_v2_literal,2,670,9,0,0.16422692939214578,31.461591616512155,0.0882895036136335,0.28943659656745196,0.0,0.0,0.46432536898858073,0.4949137549159218,0.5555860513878711,0.5058519506604542,0.5197132299356562,0.5214612662919033,0.5699767776801341,0.4835474026711882,0.47284263891818146,0.571379123033068
drift,omd_paper_v2_literal,2,671,7,0,0.0,31.461591616512155,0.0875988481904113,0.2918901784811326,0.0,0.0,0.4657883900094312,0.49561078606309744,0.5542531916338648,0.5051633040576549,0.5189935094625782,0.5212794827971823,0.5682784687597108,0.4838409147096955,0.47379453485493295,0.5692939115952886
drift,omd_paper_v2_literal,2,672,9,1,0.1661290647635283,31.627720681275683,0.08846847933535858,0.298009240392774,0.0,0.0,0.4650247744024325,0.4950197641789262,0.5536036084931428,0.5036320615727913,0.5170897839247052,0.5202931780105122,0.5688557536922523,0.4816300893625047,0.4755563315797718,0.5695374016685848
drift,omd_paper_v2_literal,2,673,9,0,0.1670796699808531,31.794800351256537,0.0895256009923571,0.2899037177766333,0.0,0.0,0.463924213182742,0.49449537961121703,0.5546069867076405,0.5041505030058161,0.5176317911578249,0.5204301356639817,0.5701333039404854,0.4814096386114405,0.4748395248370882,0.5711064086530041
drift,omd_paper_v2_literal,2,674,5,0,0.050609198434910185,31.845409549691446,0.08885050358443762,0.2885620424782551,0.0,0.0,0.46538266520563826,0.4951902556676109,0.5532772934347218,0.5034635030089255,0.5169135566078965,0.5202486493767038,0.5684401953778431,0.4817017643438915,0.47578940321729685,0.5690269800799008
drift,omd_paper_v2_literal,2,675,3,1,0.06248117934639441,31.90789072903784,0.08938022838039818,0.28867939374166607,0.0,0.0,0.4637855524480831,0.49318132201773507,0.5516376779427679,0.503747475530845,0.515747619858419,0.5180747675372096,0.5675383271244856,0.48064206080253574,0.4768461122058608,0.5688648155964915
drift,omd_paper_v2_literal,2,676,3,1,0.06283002224021028,31.97072075127805,0.0896674711466971,0.2890527218820749,0.0,0.0,0.4628992009603844,0.4921888497587751,0.5518796204193394,0.5059066045018359,0.517376724721795,0.517804652621294,0.567100048475807,0.48220886992068873,0.47519290454706775,0.5694492827719105
drift,omd_paper_v2_literal,2,677,3,0,0.06317870967428063,32.033899460952334,0.08996979057258679,0.2886729146738425,0.0,0.0,0.4620182158760756,0.4912021872417636,0.5521201371416355,0.5080530088546636,0.5189960272368668,0.5175360919841508,0.5666642043623015,0.4837669505098843,0.47354981159230947,0.5700301727391094
drift,omd_paper_v2_literal,2,678,3,0,0.06352724083353034,32.097426701785864,0.09029384254027602,0.2885627754280599,0.0,0.0,0.46292278533047704,0.4922152604391051,0.5518731822194657,0.5058491487556466,0.5173333759886746,0.5178118409926619,0.5671117132094472,0.4821671696891335,0.47523689244793516,0.5694337315648773
drift,omd_paper_v2_literal,2,679,9,1,0.17277672190208582,32.27020342368795,0.09063634647435136,0.29470337438562555,0.0,0.0,0.4638223719460427,0.49322254545784266,0.551627628359722,0.5036577927721345,0.5156799476917018,0.5180859865024408,0.5675565286973228,0.48057699158339356,0.4769147892264793,0.5688405356565857
drift,omd_paper_v2_literal,2,680,9,0,0.17372511851568012,32.443928542203636,0.09168726852950579,0.2865920882081533,0.0,0.0,0.46272417611352995,0.4926998339734136,0.5526305663412694,0.5041728386287059,0.5162192516146683,0.5182230641184025,0.5688345062016772,0.48035448416451376,0.4762007646823137,0.5704080716225893
drift,omd_paper_v2_literal,2,681,9,1,0.17467319299573314,32.61860173519937,0.09102754667058739,0.2927209364797286,0.0,0.0,0.4641753706393625,0.49339053076693534,0.5513052278261298,0.5034922724413828,0.5155066255102444,0.5180419337309841,0.5671456373588927,0.48064849971692336,0.4771442731736073,0.568336487085284
drift,omd_paper_v2_literal,2,682,9,0,0.17562094369457176,32.794222678893945,0.09207617478751332,0.28464180269733264,0.0,0.0,0.46307843684344496,0.49286846936260414,0.5523070450754038,0.5040066755490532,0.5160452655546192,0.5181788404631631,0.5684223046588499,0.4804262686177026,0.47643111265351445,0.5699025061722934
drift,omd_paper_v2_literal,2,683,5,0,0.0531508391479647,32.84737351804191,0.09142192410958878,0.28354985309547287,0.0,0.0,0.4645249900650138,0.49355689258058744,0.5509859034591427,0.5033283524780914,0.5153349762436483,0.5179983068172282,0.5667386296386353,0.4807193169147085,0.47737154677227495,0.5678371747748024
drift,omd_paper_v2_literal,2,684,3,0,0.06561510052104635,32.912988618562956,0.09198674886222814,0.28371583631792335,0.0,0.0,0.46293751256934473,0.4915600961191979,0.5493544227066756,0.503609325844521,0.5141745064738242,0.5158364131154418,0.5658420497102725,0.47966452805843235,0.47842342101766283,0.5676761701073002
drift,omd_paper_v2_literal,2,685,9,1,0.1784622366625771,33.09145085522553,0.09235784338743498,0.2898165450090042,0.0,0.0,0.46382954893165895,0.49256013276671,0.5491115989418077,0.5014316613390968,0.5125309287116634,0.5161088938410611,0.5662867355129465,0.47808370928382604,0.4800913166416724,0.5670887057884029
drift,omd_paper_v2_literal,2,686,9,0,0.1794086758072455,33.27085953103278,0.0933973472979379,0.28181545486952225,0.0,0.0,0.46273237713892307,0.4920380171467211,0.5501145597852669,0.5019456093827693,0.5130693404477893,0.5162458030175124,0.5675646754089537,0.4778608356096439,0.47937811839485284,0.5686563352265499
drift,omd_paper_v2_literal,2,687,1,1,0.0341918582174624,33.30505138925024,0.09276481734021347,0.28063851232593684,0.0,0.0,0.4641719215555908,0.4927230280508317,0.5487986087598846,0.5012713169158315,0.5123629466589014,0.5160661798229738,0.5658878569397752,0.4781532441751947,0.48031384008679123,0.5665993533764646
drift,omd_paper_v2_literal,2,688,1,0,0.034367066819492864,33.33941845606973,0.09259517198159356,0.2817816828723475,0.0,0.0,0.46623503689347795,0.49496198394451474,0.5498161038414068,0.5002657681196817,0.5127739922157692,0.5180165561820192,0.5663212448431292,0.478772782524351,0.48007197380176886,0.5660000922847351
drift,omd_paper_v2_literal,2,689,1,1,0.034542147839971116,33.3739606039097,0.09338447947358648,0.2806151016658791,0.0,0.0,0.4642249504431692,0.4927805896849807,0.5488247743201767,0.5012454637443107,0.5123735150996748,0.5161163315599662,0.5658990008688667,0.4781691720458961,0.4803076214427966,0.5665839484443609
drift,omd_paper_v2_literal,2,690,1,1,0.03471710067125422,33.40867770458095,0.09321506379618526,0.2797338356756729,0.0,0.0,0.46628180824591126,0.49501272950738867,0.549839159183948,0.5002429786718755,0.5127833078046495,0.5180607526659023,0.5663310658160884,0.4787868242801322,0.4800664923400743,0.5659865086058925
drift,omd_paper_v2_literal,2,691,1,0,0.03489192470681324,33.443569629287765,0.09306140268867749,0.28059799672631247,0.0,0.0,0.4683277507981525,0.4972319871240328,0.5508471895860909,0.49924636581591,0.5131906822531468,0.5199932383102986,0.5667604991055019,0.47940092161490566,0.47982678536381895,0.5653923793852098
drift,omd_paper_v2_literal,2,692,1,1,0.03506661934123789,33.478636248629,0.0938377868234442,0.2797236274843222,0.0,0.0,0.4663161668432938,0.495050007246218,0.549856095494396,0.5002262375505848,0.5127901510274291,0.5180932192079901,0.5663382802663064,0.47879713937053286,0.4800624656632269,0.5659765299768542
drift,omd_paper_v2_literal,2,693,1,1,0.035241183970241785,33.513877432599244,0.09368408902589524,0.2791305738469545,0.0,0.0,0.4683559989262501,0.49726262090391754,0.5508611007102192,0.4992326094114936,0.5131963051952151,0.5200199087081026,0.5667664259510728,0.47940939855171844,0.4798234767096603,0.5653841771930138
drift,omd_paper_v2_literal,2,694,1,1,0.03541561799066628,33.54929305058991,0.09354578497482491,0.278815723861234,0.0,0.0,0.4703849790701541,0.49946243199830104,0.5518598309855183,0.49824478437242736,0.5136000724717869,0.5219347673644873,0.5671919749194991,0.4800181469633814,0.4795858912380854,0.5647950952018364
drift,omd_paper_v2_literal,2,695,1,1,0.03558992080048606,33.58488297139039,0.09342268990380823,0.27877518804729856,0.0,0.0,0.4724031094844231,0.5016494480813133,0.5528523283032062,0.49726272783738007,0.5140014698601627,0.5238378315926018,0.5676149464516033,0.48062340771286766,0.479349699060469,0.5642092637070187
drift,omd_paper_v2_literal,2,696,1,0,0.0357640917988129,33.6206470631892,0.09331461262898187,0.2788174151704623,0.0,0.0,0.47441039452622613,0.5038236793351721,0.5538386346689551,0.4962864050946766,0.514400514316005,0.5257291393661365,0.568035359757871,0.4812252038937333,0.47911489002338953,0.5636266623975967
drift,omd_paper_v2_literal,2,697,1,1,0.03593813038590088,33.656585193575104,0.09405233541662915,0.2787740282629891,0.0,0.0,0.47238401512685196,0.5016287606842645,0.5528429419701041,0.4972720172816518,0.5139976730204039,0.523819833162307,0.5676109459133167,0.48061768212285527,0.479351933221367,0.5642148060838446
drift,omd_paper_v2_literal,2,698,1,1,0.0361120359631506,33.692697229538254,0.09394344874946832,0.2789988096618984,0.0,0.0,0.47438555250136544,0.503796777529106,0.5538264333303811,0.4962984853181191,0.5143955769111852,0.5257057419544189,0.5680301584352428,0.4812177573236643,0.4791177953411663,0.5636338722029488
drift,omd_paper_v2_literal,2,699,1,0,0.036285807933113534,33.728983037471366,0.09384921650233113,0.2787724139798547,0.0,0.0,0.4763763141114214,0.5059520966441603,0.5548038111223225,0.4953306195025785,0.5147911582000034,0.5275800016499252,0.5684468464522765,0.48181441083062554,0.4788850225956323,0.5630561297048806
drift,omd_paper_v2_literal,2,700,1,0,0.03645944569949755,33.765442483170865,0.09457475329862562,0.2788218701504274,0.0,0.0,0.4743493813513612,0.5037576069565238,0.5538086673834519,0.4963160748064024,0.514388387768766,0.5256716738133467,0.5680225849919432,0.4812069147163359,0.47912202564876855,0.5636443700344396
drift,omd_paper_v2_literal,2,701,7,1,0.0,33.765442483170865,0.09531417546394572,0.2759834728819281,0.0,0.0,0.4723349920562756,0.501575647199644,0.5528188430374212,0.49729586729510405,0.5139879248898696,0.5237736231557457,0.5676006747679364,0.4806029820903319,0.47935766927853185,0.5642290356790349
drift,omd_paper_v2_literal,2,702,7,0,0.0,33.765442483170865,0.0949667797234133,0.27860908128876477,0.0,0.0,0.47314402554547047,0.502198199983984,0.5535075819611391,0.498932422806651,0.5160172916324679,0.5248177090141023,0.5669822239318044,0.4829584309790044,0.47747865474824647,0.5639698488028667
drift,omd_paper_v2_literal,2,703,1,0,0.03697954783168167,33.80242203100255,0.09589205338786375,0.27892133497897253,0.0,0.0,0.4723928822999758,0.5016201977109552,0.5528681364578348,0.4974129788787715,0.5141331639551779,0.5238483457047796,0.5675564249552167,0.48077151231619053,0.47922318560689786,0.564210489243448
drift,omd_paper_v2_literal,2,704,6,1,0.18864615009743646,33.99106818109998,0.0966456048883877,0.2850920390279842,0.0,0.0,0.47039142058176237,0.49945104805804824,0.5518840694168942,0.49838849437925664,0.513736530422087,0.5219612228495188,0.5671363252963548,0.4801728670545338,0.4794560442711105,0.5647914638833
drift,omd_paper_v2_literal,2,705,6,1,0.1895507241718698,34.18061890527186,0.09759771571674232,0.2912428956510729,0.0,0.0,0.47008831041321947,0.4998199938784445,0.5531212299571256,0.4980035352620143,0.5139208882646685,0.5227149524669255,0.5686984671097673,0.4796497465071288,0.47914538421382746,0.5660692303592936
drift,omd_paper_v2_literal,2,706,6,0,0.19045497484170948,34.37107388011356,0.09854825784775045,0.28312220582695385,0.0,0.0,0.4697866778054923,0.5001871680675437,0.5543517963859426,0.49762042722280475,0.5141043569859177,0.5234649596844971,0.5702517509965435,0.4791291824944397,0.4788362320835831,0.5673399891286864
drift,omd_paper_v2_literal,2,707,6,0,0.19135890068171985,34.562432780795284,0.09802028068609768,0.27505772302910436,0.0,0.0,0.47018501378235394,0.4997022835534787,0.5527265908994816,0.4981263542719636,0.513862070243251,0.5224744899449363,0.5682002206556694,0.47981664066030466,0.4792444969819372,0.5656616600345732
drift,omd_paper_v2_literal,2,708,7,1,0.0,34.562432780795284,0.0975018968695359,0.2721860721623733,0.0,0.0,0.4705814771058773,0.4992197250354943,0.5511080602843962,0.4986298587731812,0.51362093900703,0.5214885948498237,0.5661562033772484,0.4805008777655055,0.4796508314238314,0.5639898837903433
drift,omd_paper_v2_literal,2,709,7,1,0.0,34.562432780795284,0.09714629563422421,0.269627067234927,0.0,0.0,0.47138650975195895,0.4998403355084811,0.5517972974637085,0.5002615007275157,0.5156448658407942,0.5225308315231212,0.565541803911856,0.482848417546964,0.47777651979449093,0.5637340608803023
drift,omd_paper_v2_literal,2,710,7,1,0.0,34.562432780795284,0.09680720965905554,0.2673836488450762,0.0,0.0,0.4721868453467561,0.50045721171834,0.5524821897714183,0.5018833182190339,0.5176561046369755,0.5235666017787695,0.564930902179338,0.48518258082374544,0.4759141073965142,0.5634797438607513
drift,omd_paper_v2_literal,2,711,7,0,0.0,34.562432780795284,0.09648450989855442,0.26949706959324626,0.0,0.0,0.47298251222504323,0.5010703788090765,0.5531627682383611,0.5034953485480874,0.5196546882140746,0.5245959456908743,0.5643234768046713,0.4875033555490044,0.47406355259220695,0.5632269223295354
drift,omd_paper_v2_literal,2,712,7,0,0.0,34.562432780795284,0.09739575035396485,0.2718634237775115,0.0,0.0,0.472230187984575,0.5004906158100513,0.552519271327969,0.5019711395162152,0.5177649983523279,0.5236226834829668,0.5648978159395104,0.4853089961479649,0.4758132756061514,0.5634659715296454
drift,omd_paper_v2_literal,2,713,7,1,0.0,34.562432780795284,0.09831827296928852,0.2693557996547964,0.0,0.0,0.4714824961779263,0.4999143250835649,0.551879455459148,0.500456026242813,0.5158861265228617,0.5226550746138562,0.5654685414103866,0.4831283450172744,0.4775531040921054,0.5637035592734061
drift,omd_paper_v2_literal,2,714,7,1,0.0,34.562432780795284,0.09798076718233337,0.2671603734205659,0.0,0.0,0.4722776294940592,0.5005271785197973,0.5525598585715435,0.502067264877274,0.5178841869016494,0.5236840674763008,0.5648616004693777,0.48544736720278286,0.4757029116271156,0.5634508968026807
drift,omd_paper_v2_literal,2,715,7,0,0.0,34.562432780795284,0.09765927370050052,0.26923077709990373,0.0,0.0,0.4730681514895688,0.5011363687270611,0.5532360014137306,0.5036688342358653,0.519869742801908,0.5247067131204873,0.5642580931189674,0.4877531551348018,0.4738644343141572,0.563199711288826
drift,omd_paper_v2_literal,2,716,7,0,0.0,34.562432780795284,0.09856972964627722,0.27155234907220094,0.0,0.0,0.47231991742585133,0.5005597690873208,0.5525960358657926,0.5021529471433277,0.5179904252070363,0.523738782168778,0.5648293188294368,0.48557070764105703,0.4756045394842563,0.5634374596806687
drift,omd_paper_v2_literal,2,717,1,1,0.039390182463646006,34.60182296325893,0.0994911126449672,0.271316467588768,0.0,0.0,0.47157626298309924,0.49998660213410046,0.5519597091296805,0.5006460492284075,0.5161217959489569,0.5227764393252684,0.5653969718468098,0.48340180364230956,0.47733486813645504,0.5636737631771161
drift,omd_paper_v2_literal,2,718,1,0,0.039561303943838944,34.641384267202774,0.0993556958940467,0.27155340132363526,0.0,0.0,0.47356661940423445,0.5021431006822088,0.5529352431815289,0.4996699570801623,0.5165093284563782,0.5246500074525482,0.5658156074555957,0.4839906023072617,0.47710997430827995,0.5630943735937906
drift,omd_paper_v2_literal,2,719,1,0,0.03973228011639274,34.681116547319164,0.10011736465784608,0.27206212894437937,0.0,0.0,0.4715706559812912,0.49998052570814777,0.55195695978829,0.50064879957021,0.5161207039668598,0.5227711592218417,0.56539579212069,0.4834001446423655,0.4773355018352219,0.5636753954845483
drift,omd_paper_v2_literal,2,720,7,1,0.0,34.681116547319164,0.10089068862208961,0.2695225890917419,0.0,0.0,0.4695870383071112,0.4978303517454301,0.5509838871128867,0.5016220243537993,0.515734288560535,0.5209024453186134,0.5649782910262833,0.48281311867202514,0.4775597453249836,0.5642529124850875
drift,omd_paper_v2_literal,2,721,7,1,0.0,34.681116547319164,0.10054901809248896,0.26729099529260913,0.0,0.0,0.47037515048150447,0.4984372953833416,0.5516597216948809,0.5032258220140853,0.5177212496897711,0.5219239799317602,0.564373924367125,0.4851189459199661,0.4757197023370747,0.5640023770374144
drift,omd_paper_v2_literal,2,722,7,0,0.0,34.681116547319164,0.1002228530046778,0.2693927707916899,0.0,0.0,0.47115872989136864,0.4990406400200104,0.5523313546372898,0.504820031820709,0.519695858603063,0.5229392677495563,0.5637729563379034,0.48741171117768267,0.47389123714519293,0.5637532966906611
drift,omd_paper_v2_literal,2,723,7,0,0.0,34.681116547319164,0.10113794488003242,0.27174109610327407,0.0,0.0,0.47041805174112683,0.49847033150373116,0.5516965019527013,0.5033131151932214,0.5178293845710891,0.5219795769265587,0.5643410231537958,0.4852444712819074,0.4756195671675096,0.5639887394418212
drift,omd_paper_v2_literal,2,724,9,0,0.21511264174490768,34.89622918906407,0.10206322797215496,0.2639626489135483,0.0,0.0,0.46968188644727094,0.4979034023388853,0.5510652396446992,0.5018150576407369,0.5159734640325243,0.5210254052348109,0.5649055604774941,0.48309060805343146,0.4773382470616349,0.564222760119165
drift,omd_paper_v2_literal,2,725,1,0,0.040755053732664415,34.93698424279674,0.10145542031361313,0.2646491738457125,0.0,0.0,0.47109119230398416,0.49856503910448635,0.5497581046607238,0.5011483739204945,0.5152659308147653,0.5208332672921158,0.5632477064512551,0.4833667774076237,0.4782705814341376,0.5621913960781805
drift,omd_paper_v2_literal,2,726,3,0,0.08005728547736324,35.017041528274106,0.10224339953429412,0.2649515066938493,0.0,0.0,0.469117906484368,0.49642519893122766,0.5487888791148137,0.5021196379523146,0.5148838694911265,0.5189733774999641,0.5628300409081185,0.4827858164615699,0.47849145472378274,0.5627658247164284
drift,omd_paper_v2_literal,2,727,1,1,0.04109479001438765,35.0581363182885,0.1026428577685644,0.26438626389695674,0.0,0.0,0.4699934490507419,0.4974020059249546,0.5485447087686908,0.49998925752254697,0.5132733707536729,0.5192356624538956,0.5632586134047626,0.4812391425430601,0.4801264322540319,0.562183236435673
drift,omd_paper_v2_literal,2,728,1,1,0.041264432817308405,35.099400751105804,0.10248317120539013,0.2641022751626024,0.0,0.0,0.471979702087308,0.4995554750032054,0.5495206321957361,0.49901291148984506,0.5136590919756924,0.5211076697502226,0.563678684747103,0.48182484575037055,0.4799029651707651,0.5616051961981026
drift,omd_paper_v2_literal,2,729,1,1,0.041433924646662734,35.140834675752465,0.10233707059692317,0.2640956630590339,0.0,0.0,0.47395550387809693,0.5016966753044773,0.5504906104586059,0.4980421428414037,0.5140425965758444,0.5229684100050767,0.5640962690589014,0.48240725711859456,0.4796807809125842,0.5610302877751132
drift,omd_paper_v2_literal,2,730,1,1,0.041603264942849605,35.182437940695316,0.10220439847451797,0.2643617409435885,0.0,0.0,0.47592085937502787,0.5038256164642565,0.5514546826178512,0.49707691890768707,0.5144239001054265,0.524817918548912,0.564511384441196,0.48298639811278665,0.4794598703211321,0.5604584919169187
drift,omd_paper_v2_literal,2,731,1,1,0.041772453147555066,35.224210393842874,0.10208499292351819,0.2648950605979776,0.0,0.0,0.47787577544054904,0.5059423104614748,0.552412887746697,0.49611720691815453,0.5148030180698121,0.5266562320864684,0.5649240489292208,0.48356229017700747,0.47924022427018836,0.5598897893673634
drift,omd_paper_v2_literal,2,732,1,0,0.041941488703756136,35.26615188254663,0.10197868781240348,0.26435110734798406,0.0,0.0,0.4798202607923321,0.5080467715474796,0.5533652649198493,0.4951629740130538,0.5151799659259043,0.5284833886441175,0.5653342804897621,0.48413495472949136,0.47902183366699563,0.5593241608689308
drift,omd_paper_v2_literal,2,733,1,1,0.04211037105572479,35.30826225360236,0.10271920565938596,0.26487545539692353,0.0,0.0,0.47782356080085997,0.5058857870881129,0.5523873041349926,0.49614283545564924,0.5147928940352031,0.5266071495337938,0.5649130299897759,0.4835469105437081,0.4792460897612267,0.5599049784823015
drift,omd_paper_v2_literal,2,734,1,1,0.04227909964903209,35.35054135325139,0.10261209447199718,0.2656595842780554,0.0,0.0,0.4797627438117349,0.5079845360945703,0.5533371040670574,0.4951911948623248,0.515168817985188,0.5284293614220409,0.5653221492230818,0.4841180176405173,0.47902829242754913,0.5593408914797926
drift,omd_paper_v2_literal,2,735,1,1,0.04244767393055149,35.39298902718194,0.1025177799736107,0.2666967830566691,0.0,0.0,0.4816915661767469,0.5100711383356403,0.5542811472264297,0.49424497008867585,0.5155425991626379,0.5302405183441915,0.5657288667775063,0.48468593640904994,0.4788117345870511,0.5587798422858384
drift,omd_paper_v2_literal,2,736,1,1,0.04261609334846317,35.435605120530404,0.10243609112615866,0.2679797822441865,0.0,0.0,0.48361004000229324,0.5121456121735424,0.5552194723231297,0.493304128416719,0.5159142527897043,0.5320406604302972,0.5661332003242399,0.4852506880192566,0.4785964072942495,0.5582218118200698
drift,omd_paper_v2_literal,2,737,1,1,0.04278435735225805,35.478389477882665,0.10236685348071248,0.26950083092704874,0.0,0.0,0.48551817907120154,0.514207978014777,0.5561521180379396,0.4923686370728771,0.5162837940337176,0.5338298289687589,0.5665351674596845,0.4858122936023192,0.4783823016403221,0.5576667810145616
drift,omd_paper_v2_literal,2,738,1,1,0.042952465392740447,35.5213419432754,0.10230988941208463,0.2712517763925328,0.0,0.0,0.4874159987914101,0.5162582582443704,0.5570791230127764,0.4914384632382834,0.5166512380050471,0.5356080663586537,0.5669347857032607,0.4863707742465052,0.47816940875421304,0.557114730818174
drift,omd_paper_v2_literal,2,739,1,1,0.0431204169220335,35.56446236019744,0.10226501835467666,0.27322414425539276,0.0,0.0,0.48930351614547807,0.5182964771612272,0.5580005258413995,0.4905135740587673,0.5170165997550497,0.5373754160631158,0.567332072495313,0.48692615099316866,0.47795771980368956,0.556565642200752
drift,omd_paper_v2_literal,2,740,1,1,0.04328821139358163,35.60775057159102,0.102232057038874,0.27540921726525536,0.0,0.0,0.49118074964093744,0.5203226609146013,0.5589163650604484,0.48959393665452755,0.5173798942741042,0.5391319225637653,0.5677270451951095,0.4874784448328968,0.4777472259963519,0.5560194961571828
drift,omd_paper_v2_literal,2,741,1,1,0.04345584826215465,35.651206419853175,0.10221081972730446,0.27779811120933173,0.0,0.0,0.4930477192614903,0.5223368374416961,0.5598266791408025,0.48867951812949906,0.5177411364897309,0.5408776313161798,0.568119721078936,0.4880276767017986,0.4775379185805971,0.5554762737113166
drift,omd_paper_v2_literal,2,742,1,0,0.043623326983852184,35.69482974683703,0.1022011184502941,0.2751907073774336,0.0,0.0,0.49490444641906034,0.5243390364063992,0.5607315064792574,0.487770285580417,0.5181003412647921,0.5426125887064014,0.5685101173382819,0.48857386747793163,0.4773297888465384,0.5549359559197521
drift,omd_paper_v2_literal,2,743,1,1,0.04379064701610602,35.73862039385314,0.10285008312274078,0.2775532147950423,0.0,0.0,0.4928691345582183,0.5221442119948002,0.5597396249736726,0.4887669790077515,0.5177065844969635,0.54071069711583,0.5680821653570083,0.4879751414464545,0.47755793847805406,0.5555282386507955
drift,omd_paper_v2_literal,2,744,1,0,0.0439578078176851,35.78257820167082,0.10283807713481767,0.2749766096696959,0.0,0.0,0.4947214176223904,0.5241417089143982,0.5606423334732659,0.4878599071542512,0.518064934477579,0.5424416153251025,0.568471638885877,0.4885200270068672,0.47735030430801617,0.5549892220359282
drift,omd_paper_v2_literal,2,745,1,1,0.04412480884869818,35.82670301051952,0.10348948764327211,0.27731302826018095,0.0,0.0,0.49269255201308426,0.5219537377142903,0.5596535423076587,0.48885346089251025,0.5176724193626607,0.5405456238003667,0.5680450295358789,0.48792319491200287,0.47757773419885174,0.5555796203246438
drift,omd_paper_v2_literal,2,746,1,1,0.04429164957059828,35.87099466009012,0.10347523441038703,0.27984376771055136,0.0,0.0,0.4945404068831914,0.5239465482216474,0.5605541391511415,0.48794854201842547,0.5180299176345359,0.5422725159464605,0.5684335835876603,0.48846678002822874,0.4773705937991505,0.5550419000074647
drift,omd_paper_v2_literal,2,747,1,0,0.044458329446185774,35.915452989536305,0.10347212599368524,0.2770634396009404,0.0,0.0,0.4963781565424688,0.5259275453800448,0.5614493435721649,0.4870487226080729,0.5183854139446741,0.5439888193888776,0.5688198981485627,0.48900737599701866,0.4771646104823101,0.5545070355063935
drift,omd_paper_v2_literal,2,748,1,0,0.04462484793961208,35.960077837475914,0.10411439127000247,0.27454865100486786,0.0,0.0,0.4943506896273201,0.5237419909013377,0.560461697877333,0.488041441736603,0.5179932160132613,0.5420952710913869,0.5683936966602335,0.48841097172812037,0.47739185945604506,0.5550971108800733
drift,omd_paper_v2_literal,2,749,1,1,0.04479120451638341,36.0048690419923,0.10477051206311834,0.2768326118599276,0.0,0.0,0.4923346293752933,0.5215676317183855,0.5594790439569723,0.48902875949022845,0.5176031670075817,0.5402109971768472,0.5679697538354619,0.4878179014241655,0.4776178598317819,0.5556837660086978
drift,omd_paper_v2_literal,2,750,1,1,0.04495739864336423,36.04982644063566,0.10475186385586435,0.2793103794161766,0.0,0.0,0.49417372067266324,0.5235511703174139,0.5603754638210708,0.48812810039816934,0.517958980147302,0.5419299254621585,0.5683564888796717,0.48835891336966714,0.4774116963772319,0.5551486109857128
drift,omd_paper_v2_literal,2,751,1,0,0.04512342978878048,36.09494987042444,0.10474416427621111,0.27659257734499537,0.0,0.0,0.49600281936487833,0.5255230263012992,0.5612665463342879,0.4872324880499833,0.5183128116617313,0.5436383785426825,0.5687410070760752,0.4888969667772169,0.4772066782736989,0.5546162823461728
drift,omd_paper_v2_literal,2,752,1,1,0.04528929742222387,36.140239167846666,0.1053912964087439,0.27904373197411614,0.0,0.0,0.49398810715704977,0.5233510194702226,0.5602850127314455,0.4882189936881883,0.5179230714465631,0.5417564916572357,0.5683174624184074,0.48830431187964707,0.47743250254274894,0.5552026259470689
drift,omd_paper_v2_literal,2,753,1,0,0.045455001014654606,36.18569416886132,0.1053813518892867,0.27635728687736916,0.0,0.0,0.49581292525912424,0.5253183535975561,0.5611740566802357,0.4873254625314468,0.5182760794120804,0.5434610621632996,0.5687010920802055,0.4888411074240044,0.4772279619179463,0.5546715520141644
drift,omd_paper_v2_literal,2,754,1,0,0.0456205400384051,36.231314708899724,0.10603082745333067,0.27393296609168283,0.0,0.0,0.4938045472785355,0.5231530739680424,0.5601955576650222,0.48830888289461344,0.5178875595441236,0.5415849652576082,0.5682788665709355,0.4882503142983015,0.47745307876751897,0.5552560424756735
drift,omd_paper_v2_literal,2,755,1,1,0.04578591396718357,36.27710062286691,0.10669344299934447,0.27613988072430756,0.0,0.0,0.4918073939742133,0.5209988186561741,0.5592219666096235,0.4892869938099238,0.517501151296762,0.5397179983623495,0.5678588607495303,0.4876627973296501,0.4776769687529993,0.5558371723509317
drift,omd_paper_v2_literal,2,756,1,0,0.04595112227607756,36.32305174514299,0.1066685729991243,0.27374404049849466,0.0,0.0,0.49363347754564424,0.5229685892970032,0.5601121852249871,0.4883926570979125,0.5178544635596551,0.5414250999192629,0.5682428958763034,0.4881999907323851,0.4774722551412918,0.555305823618589
drift,omd_paper_v2_literal,2,757,1,1,0.04611616444155686,36.36916790958455,0.10733315737707198,0.2759266157119692,0.0,0.0,0.4916425140192372,0.5208209210833629,0.5591415636446153,0.4893677532522305,0.517469247369503,0.5395638056147639,0.5678241794818707,0.48761429172603793,0.477695454161599,0.5558851453149164
drift,omd_paper_v2_literal,2,758,1,0,0.04628103994147725,36.415448949526024,0.10730635864516758,0.2735588940001085,0.0,0.0,0.4934642632101874,0.5227860977724889,0.5600297129786722,0.48847552405803457,0.5178217260915916,0.5412669586961479,0.5682073142980836,0.4881502127724724,0.4774912237606238,0.5553550641771822
drift,omd_paper_v2_literal,2,759,1,1,0.04644574825508396,36.461894697781105,0.10797284046997895,0.2757174062952564,0.0,0.0,0.49147944847473546,0.5206449740490977,0.5590620415455211,0.4894476254043689,0.5174376940408056,0.539411300550162,0.567789878831846,0.4875663196025053,0.47771373640931514,0.5559325898590896
drift,omd_paper_v2_literal,2,760,1,1,0.04661028886301488,36.50850498664412,0.1079441609917893,0.27806824126877067,0.0,0.0,0.49329687915858383,0.5226055725685802,0.559948128803456,0.4885574960435508,0.517789342288387,0.5411105184302849,0.5681721165808481,0.4881009730269945,0.4775099874374634,0.5554037714911542
drift,omd_paper_v2_literal,2,761,1,1,0.04677466124730356,36.555279647891425,0.10792595765114085,0.2806030885809667,0.0,0.0,0.495104590847721,0.5245548062647414,0.5608290131006789,0.48767228485974223,0.5181390585483857,0.5427995374283856,0.5685521927639512,0.4886327425947269,0.4773073551785546,0.5548777077214712
drift,omd_paper_v2_literal,2,762,1,1,0.046938864891383325,36.602218512782805,0.10791806676177243,0.28331361811970535,0.0,0.0,0.49690260476900383,0.5264927042902426,0.5617047298569721,0.48679196142974634,0.5184868564955013,0.5444784013547787,0.5689301231882707,0.4891616475475334,0.4771058316228044,0.554354381071237
drift,omd_paper_v2_literal,2,763,1,0,0.047102899280089705,36.649321412062896,0.10792032332244683,0.2803047923178306,0.0,0.0,0.49869094334756897,0.5284192972404745,0.5625753144105222,0.485916495340177,0.5188327497430231,0.5461471547785685,0.5693059235813638,0.4896877070685904,0.47690540879961635,0.5538337740979217
drift,omd_paper_v2_literal,2,764,1,0,0.047266763899664,36.69658817596256,0.10855718557189413,0.2775457064436112,0.0,0.0,0.49669791679245956,0.5262721361965547,0.5616050589269878,0.4868921720277996,0.5184472646238183,0.5442873323948039,0.568887104226691,0.4891014365969151,0.47712877237134504,0.5544139618517149
drift,omd_paper_v2_literal,2,765,5,0,0.07566764531355985,36.77225582127612,0.1092068066364972,0.2730779286369886,0.0,0.0,0.4947157818733565,0.5241356327418139,0.5606395876209755,0.4878626667689656,0.5180638442388634,0.5424363506019594,0.5684704540550722,0.48851836917044417,0.4773509360155497,0.5549908621711537
drift,omd_paper_v2_literal,2,766,6,1,0.24406555512676908,37.016321376402885,0.10966684673070866,0.27932344481548843,0.0,0.0,0.4932035135826296,0.5222196973671954,0.5590241436485687,0.48809862489253014,0.5169005597600748,0.5403405779826935,0.567563617204698,0.48748025012071766,0.47841434141201894,0.5547792844277649
drift,omd_paper_v2_literal,2,767,6,0,0.2449474702163119,37.261268846619195,0.11062788209534391,0.27111454197904933,0.0,0.0,0.49288523389906885,0.5225667742616484,0.560241988057082,0.487732767676146,0.517088009700779,0.5410715344702627,0.569107927117454,0.4869640711992497,0.4781004665901049,0.5560590554640515
drift,omd_paper_v2_literal,2,768,7,1,0.0,37.261268846619195,0.11006931031094863,0.2692830923793817,0.0,0.0,0.4933036105147978,0.5221105406999189,0.5586409961858118,0.4882136859868929,0.5168416076405087,0.540110663439022,0.5670776741653718,0.48764258880718897,0.4785130554431585,0.5543766581935613
drift,omd_paper_v2_literal,2,769,7,0,0.0,37.261268846619195,0.10970353298694259,0.2710254411272493,0.0,0.0,0.49405262131660455,0.5226755385698886,0.5592900931568324,0.4898044524258104,0.5187903345521457,0.5410841955179418,0.5664785514235774,0.4899032188588603,0.47670582930560884,0.5541380361722796
drift,omd_paper_v2_literal,2,770,7,1,0.0,37.261268846619195,0.11064734406791964,0.26921239698907196,0.0,0.0,0.49333748799455585,0.5221360970463435,0.558670359485689,0.4882856321734592,0.5169297609644564,0.5401547034098376,0.5670505797890936,0.4877448279271614,0.47843130126930883,0.5543658657500222
drift,omd_paper_v2_literal,2,771,7,1,0.0,37.261268846619195,0.11028250234501008,0.26769959419442135,0.0,0.0,0.49408415423332736,0.5226993229276388,0.5593174148020985,0.4898714262243263,0.5188723611084762,0.5411251730314447,0.5664533249177636,0.48999839793083233,0.47662976065744117,0.5541279899706218
drift,omd_paper_v2_literal,2,772,7,1,0.0,37.261268846619195,0.10993143959636215,0.26648675982726994,0.0,0.0,0.4948264725338187,0.5232591921218159,0.55996047987091,0.4914481325624132,0.5208030158788016,0.5420896483518075,0.565859377450839,0.4922391693209905,0.47483937628512723,0.5538914831311724
drift,omd_paper_v2_literal,2,773,7,0,0.0,37.261268846619195,0.10959404672910034,0.26766219930750157,0.0,0.0,0.49556447055738695,0.5238157279004001,0.5605995832922926,0.49301578318365685,0.5227217598001394,0.5430481684865046,0.5652687172858759,0.4944671405010842,0.4730601073263716,0.5536563357741686
drift,omd_paper_v2_literal,2,774,7,1,0.0,37.261268846619195,0.11051870642457305,0.26646065358764504,0.0,0.0,0.49484684381877564,0.5232745554229733,0.5599781242519533,0.4914914036099714,0.5208559890611755,0.5421161113947218,0.5658430754697645,0.49230066613089335,0.47479025286174376,0.5538849924864645
drift,omd_paper_v2_literal,2,775,7,0,0.0,37.261268846619195,0.11018180918303407,0.2676254456621088,0.0,0.0,0.495582600743419,0.5238293992234441,0.5606152812209456,0.4930542965173907,0.522768888159897,0.5430717118612715,0.5652542045723544,0.4945218767845126,0.47301640557825475,0.553650558755472
drift,omd_paper_v2_literal,2,776,1,0,0.0492197122670992,37.31048855888629,0.111105960143119,0.2651253304370643,0.0,0.0,0.4948669843257429,0.5232897446235664,0.559995568583427,0.49153418454706016,0.5209083616271345,0.5421422743931422,0.5658269580406093,0.49236146644676837,0.4747416864578191,0.553878575358923
drift,omd_paper_v2_literal,2,777,7,1,0.0,37.31048855888629,0.11178182814112317,0.263844892912195,0.0,0.0,0.49290263411049867,0.5211710902262237,0.5590406539324111,0.49250250214093444,0.5205350308423667,0.5403086707584044,0.5654127575638207,0.49178994297074047,0.4749553912350084,0.5544519126214761
drift,omd_paper_v2_literal,2,778,7,1,0.0,37.31048855888629,0.1114418824274162,0.26286293835141245,0.0,0.0,0.4936362287764626,0.5217243376458213,0.5596765491559621,0.4940628520117815,0.5224442614157611,0.5412623816608849,0.5648247272726248,0.4940066584799025,0.47318493646704124,0.5542181863401663
drift,omd_paper_v2_literal,2,779,7,0,0.0,37.31048855888629,0.1111151877102237,0.2638215496637939,0.0,0.0,0.49436558994390956,0.5222743190156706,0.5603085570707675,0.4956142541915436,0.5243417535104635,0.542210253904632,0.5642399313631472,0.4962107332300283,0.4714254325374137,0.5539857937550287
drift,omd_paper_v2_literal,2,780,7,0,0.0,37.31048855888629,0.11203338970827442,0.26505056497849006,0.0,0.0,0.4936513669418726,0.5217357534554116,0.5596896689206298,0.49409505145174903,0.5224836520402508,0.541282058508694,0.5648125912285945,0.4940524036088292,0.47314840974142014,0.5542133631008727
drift,omd_paper_v2_literal,2,781,1,1,0.0500259967992458,37.36051455568554,0.11296006322356965,0.26733141065497706,0.0,0.0,0.49294130545293624,0.5212002564515357,0.5590741805549858,0.4925847539545525,0.5206356930537082,0.5403589538882176,0.5653817636192218,0.49190679175140645,0.47486204406542626,0.5544395921385913
drift,omd_paper_v2_literal,2,782,1,1,0.050186719343340735,37.410701275028885,0.11291851350175724,0.2698024922987888,0.0,0.0,0.4947352167759928,0.5231354353806613,0.5599458642591699,0.4916978150476371,0.5209742055343317,0.5420331153813162,0.5657610521774685,0.4924259896132685,0.47466919805540697,0.5539160297186723
drift,omd_paper_v2_literal,2,783,1,1,0.05034726262818112,37.461048537657064,0.11288686354570676,0.2724551891799182,0.0,0.0,0.4965196112193632,0.5250595141743113,0.5608124916492324,0.4908156997962271,0.5213108776765827,0.5436973287539678,0.566138223743813,0.4929424103428156,0.4744773970722069,0.5533951654299817
drift,omd_paper_v2_literal,2,784,1,0,0.05050762616877735,37.511556163825844,0.11286496557669018,0.269527355907473,0.0,0.0,0.49829451000076724,0.5269725213756168,0.5616740968048155,0.4899383789608835,0.5216457224052403,0.5453516367379733,0.5665132936050363,0.4934560724023447,0.47428663369091495,0.5528769823077382
drift,omd_paper_v2_literal,2,785,5,0,0.08095772395177736,37.59251388777762,0.11352513925639827,0.26475845375798496,0.0,0.0,0.49632780376570607,0.5248527319472808,0.560719356612819,0.49091051464940494,0.5212746901192777,0.5435184906003349,0.5660976856959148,0.49288690016261466,0.4744980131671764,0.553451158145093
drift,omd_paper_v2_literal,2,786,7,1,0.0,37.59251388777762,0.1139901237979126,0.2634906662307921,0.0,0.0,0.49483178816018447,0.5229535036243137,0.5591154748398613,0.4911530504519488,0.5201292338070752,0.5414418737510188,0.5651888842341694,0.49186849828095575,0.4755454397883184,0.5532356802869186
drift,omd_paper_v2_literal,2,787,7,1,0.0,37.59251388777762,0.11364411151859917,0.2625178758629255,0.0,0.0,0.4955574833799204,0.5234992320605444,0.5597453103903084,0.4927055145220402,0.5220260864656083,0.5423858042606269,0.5646031657524584,0.49407068451564784,0.4737861777672351,0.5530038933339304
drift,omd_paper_v2_literal,2,788,7,1,0.0,37.59251388777762,0.11331098051491055,0.2618382375686118,0.0,0.0,0.49627900931894836,0.5240417555868307,0.5603713206576428,0.49424915915982254,0.5239113633255026,0.5433239859587699,0.5640206485203934,0.49626039064070604,0.4720377129983051,0.5527734211340742
drift,omd_paper_v2_literal,2,789,7,0,0.0,37.59251388777762,0.11299062252462697,0.26250805697380014,0.0,0.0,0.49699639255425143,0.5245810963667547,0.5609935329453969,0.49578401670340205,0.5257851003110909,0.5442564564112103,0.5634413130510908,0.4984376201172749,0.4703000041917343,0.552544254635103
drift,omd_paper_v2_literal,2,790,7,1,0.0,37.59251388777762,0.11390512299987089,0.26183341720523085,0.0,0.0,0.4962875812317784,0.5240482004921725,0.560378756583573,0.49426749855850377,0.523933756649501,0.543335129834683,0.5640137270811867,0.49628640563776233,0.4720169450669415,0.5527706829604917
drift,omd_paper_v2_literal,2,791,7,0,0.0,37.59251388777762,0.11358501259650555,0.26249838416697213,0.0,0.0,0.4970028665290811,0.5245859633050695,0.560999147134029,0.49579786819328087,0.5258020063348356,0.5442648699441006,0.5634360841369502,0.4984572685819821,0.47028432572117845,0.5525421864556831
drift,omd_paper_v2_literal,2,792,7,1,0.0,37.59251388777762,0.11449912726504195,0.2618286794676502,0.0,0.0,0.49629606079274086,0.5240545759520535,0.5603861123679743,0.49428564038319817,0.5239559086125516,0.5433461536035031,0.564006880189208,0.49631214036833865,0.47199640098511525,0.5527679742849142
drift,omd_paper_v2_literal,2,793,7,1,0.0,37.59251388777762,0.11417927413893891,0.2614459854054406,0.0,0.0,0.49700926056670824,0.5245907701436894,0.5610046919854611,0.49581154865654115,0.5258187035513406,0.5442731795650748,0.5634309197736185,0.4984766744395671,0.47026884089999943,0.5525401438115748
drift,omd_paper_v2_literal,2,794,7,0,0.0,37.59251388777762,0.11387183329319679,0.2618269987065063,0.0,0.0,0.497718391588002,0.5251238401079802,0.5616195443010824,0.4973288033202119,0.5276701277345069,0.5451945971764028,0.5628580852422579,0.5006288801272459,0.4685518715605608,0.5523135950764049
drift,omd_paper_v2_literal,2,795,5,0,0.08356935898123652,37.67608324675886,0.11477689066770955,0.2567795232859519,0.0,0.0,0.4970115363959699,0.5245924810400682,0.5610066655600733,0.4958164179436597,0.5258246465756247,0.5442761372014974,0.5634290816190942,0.4984835815651788,0.4702633294033128,0.5525394167730808
drift,omd_paper_v2_literal,2,796,7,0,0.0,37.67608324675886,0.11523768116466576,0.2575789562894443,0.0,0.0,0.4955196184925471,0.5226961637615621,0.5594065537862062,0.49606830661595663,0.5246913031465933,0.5422054195388339,0.5625153939934383,0.4974779597434507,0.4712994466520397,0.5523224439688245
drift,omd_paper_v2_literal,2,797,1,1,0.05257577748618458,37.72865902424504,0.11615921346544116,0.26002930140103947,0.0,0.0,0.4948190947508295,0.5221697213406385,0.5587986396489582,0.49456750184022036,0.5228595826799312,0.5412942524220059,0.563082599673565,0.4953498725773623,0.47299822095485494,0.5525466453194624
drift,omd_paper_v2_literal,2,798,1,0,0.052733574511259484,37.7813925987563,0.11611142949413247,0.25735609900748846,0.0,0.0,0.49659447508867466,0.52408463355898,0.5596586552736046,0.49368231128475876,0.5231868167574413,0.5429481975400733,0.5634596508953963,0.49585591664726064,0.47281486663155303,0.5520268457180824
drift,omd_paper_v2_literal,2,799,7,0,0.0,37.7813925987563,0.11679586292274029,0.2584356024009015,0.0,0.0,0.4946498371203923,0.5219871197841055,0.5587166277431598,0.4946518972678725,0.5228283833407887,0.5411365181365734,0.5630466480112775,0.49530162710593345,0.4730157022323901,0.5525961967385188
drift,omd_paper_v2_literal,2,800,6,1,0.2738146493742945,38.05520724813059,0.11772610720756235,0.26461993675616424,0.0,0.0,0.4939546937400191,0.5214650610894072,0.5581126650444842,0.4931592278059665,0.5210068904778757,0.5402315171176618,0.5636106913713982,0.4931864058922627,0.47470513054545277,0.5528186938235575
drift,omd_paper_v2_literal,2,801,6,1,0.27468201599534764,38.32988926412594,0.11867231649802253,0.2707820670101664,0.0,0.0,0.4936354888498147,0.5218137610147475,0.5593412247899943,0.4928045446435062,0.5212086105418272,0.5409700442159417,0.565162728999636,0.4926818097155947,0.47437696879862506,0.5541071096790582
drift,omd_paper_v2_literal,2,802,6,0,0.2755489334541056,38.60543819758004,0.11961646996192549,0.26276203189884034,0.0,0.0,0.4933177999359755,0.5221607894057037,0.56056324848047,0.492451547418667,0.5214093689798721,0.5417048971485117,0.5667061534216394,0.49217961663924575,0.4740503822443488,0.5553887058729081
drift,omd_paper_v2_literal,2,803,6,0,0.27641540056882735,38.88185359814887,0.11908183835444101,0.25479201951026526,0.0,0.0,0.4937313444454364,0.5217090498463582,0.5589723681748564,0.49291105403066054,0.5211480354251571,0.5407482858303588,0.5646967902046061,0.4928333366895732,0.47447551232843743,0.5537202784086116
drift,omd_paper_v2_literal,2,804,1,0,0.05367641690803637,38.93553001505691,0.11855531640444,0.25246206032667745,0.0,0.0,0.4941429428882654,0.5212594101370324,0.5573878037725863,0.4933684007152724,0.5208879255484463,0.5397958975734058,0.56269481147968,0.4934839913221172,0.47489866981357437,0.5520585339907754
drift,omd_paper_v2_literal,2,805,6,1,0.27814697905339664,39.21367699411031,0.1192588305959143,0.25864985494262055,0.0,0.0,0.4922114373810678,0.5191755977458423,0.5564528679620062,0.494331570037541,0.5205326857754973,0.5379958021995808,0.5622861574782423,0.49293363779157756,0.4750972046317206,0.5526255839669498
drift,omd_paper_v2_literal,2,806,6,1,0.27901208807397543,39.492689082184285,0.1201970735184257,0.2648150197875708,0.0,0.0,0.4918923752942703,0.519523370501396,0.5576800870094545,0.49397768349524535,0.5207339995953567,0.5387331961083801,0.5638365301304332,0.4924297838009314,0.47476961900646747,0.5539120440460863
drift,omd_paper_v2_literal,2,807,6,0,0.2798767420519899,39.772565824236274,0.1211333985560052,0.256834006560484,0.0,0.0,0.4915748237600501,0.5198694851415486,0.5589008222532916,0.4936254710949041,0.5209343577759199,0.5394669458229356,0.5653783566174312,0.4919283201452618,0.47444359911496925,0.555191723352779
drift,omd_paper_v2_literal,2,808,6,1,0.28074093981994225,40.05330676405622,0.12061467657476797,0.26298920536570075,0.0,0.0,0.49198596917180454,0.5194213558301353,0.5573201635059839,0.49408149293769255,0.5206749463405245,0.5385169043724828,0.5633818674757315,0.4925775841687896,0.4748657116370938,0.5535347443649418
drift,omd_paper_v2_literal,2,809,6,0,0.2816046802131977,40.334911444269416,0.12154878959068642,0.25503581033054096,0.0,0.0,0.4916688323870598,0.5197670218450933,0.5585395040440692,0.49372974092731836,0.5208750435760605,0.5392497410757157,0.5649220380730151,0.49207677395869237,0.4745401131901033,0.5548129570625197
drift,omd_paper_v2_literal,2,810,7,0,0.0,40.334911444269416,0.12103433960536822,0.25643019391099653,0.0,0.0,0.4920786831510409,0.5193202992301079,0.5569635664992056,0.4941843263317202,0.5206164480391858,0.5383026330281167,0.562931376845715,0.49272399543484546,0.4749609021446423,0.5531609331823604
drift,omd_paper_v2_literal,2,811,6,1,0.28333078423142605,40.61824222850084,0.12197722159472539,0.2626052839992597,0.0,0.0,0.4913901004229382,0.518800828620395,0.5563587175372027,0.49270259795690746,0.51880568244668,0.5374005865594638,0.5634859236147566,0.4906251796343933,0.47664100381642205,0.5533767904477124
drift,omd_paper_v2_literal,2,812,6,0,0.2841931455414906,40.902435374042334,0.1229052110130251,0.2546225077457401,0.0,0.0,0.4910740290643603,0.5191458106850477,0.5575756581501683,0.49235228302404926,0.519005935690913,0.5381320874482287,0.5650218455116978,0.4901264418766002,0.4763155643162,0.5546517167856967
drift,omd_paper_v2_literal,2,813,1,0,0.05507785345132743,40.95751322749366,0.1223993645439519,0.2526596513799784,0.0,0.0,0.49148267377745347,0.5186997857070681,0.5560021671342008,0.49280520074195616,0.5187470304578295,0.5371863114959521,0.5630358456372724,0.4907712551999713,0.4767363233971173,0.5530032520116078
drift,omd_paper_v2_literal,2,814,6,0,0.28591648099786343,41.243429708491526,0.12311930710380617,0.24471367285324883,0.0,0.0,0.48956311193061575,0.516629105042001,0.5550753446763858,0.49376212588052937,0.5183949934888016,0.5353979541122,0.5626329431317562,0.4902241250063253,0.47693236009605006,0.5535692290681522
drift,omd_paper_v2_literal,2,815,7,1,0.0,41.243429708491526,0.12262828001391633,0.24326490841585383,0.0,0.0,0.4899700530094666,0.516185921987976,0.5535088536555981,0.49421235921021756,0.5181375631187913,0.5344570446951452,0.5606553715968288,0.490865618740911,0.47735083970660747,0.5519287381942986
drift,omd_paper_v2_literal,2,816,7,0,0.0,41.243429708491526,0.12226144038615903,0.24466109953702037,0.0,0.0,0.4906794120270501,0.5167218690595747,0.5541350330246042,0.495741249905162,0.5200063146205298,0.5353889540749903,0.560084228847297,0.4930304619097286,0.4756166537987708,0.5517077390939064
drift,omd_paper_v2_literal,2,817,7,1,0.0,41.243429708491526,0.12321247200945806,0.24322603939016949,0.0,0.0,0.4899934620969488,0.5162036094985518,0.5535295210622023,0.4942628129054551,0.5181992425915958,0.534487802720337,0.5606365257412732,0.4909370561968138,0.47729360050367503,0.5519214452801268
drift,omd_paper_v2_literal,2,818,7,1,0.0,41.243429708491526,0.12284658235047016,0.24209668252445438,0.0,0.0,0.49070071795766707,0.5167379654427966,0.5541538374429302,0.49578717094673674,0.5200624334842308,0.5354169398394077,0.5600670723170859,0.4930954866227708,0.4755645770513357,0.5517011011513148
drift,omd_paper_v2_literal,2,819,7,1,0.0,41.243429708491526,0.12249242737406354,0.2412720819764673,0.0,0.0,0.4914040175440291,0.5172692664450205,0.5547744595396181,0.4973030001205626,0.5219145516427842,0.5363405873347741,0.5595006772292089,0.4952419858603112,0.47384589630450036,0.5514819809647559
drift,omd_paper_v2_literal,2,820,7,0,0.0,41.243429708491526,0.12214991473837558,0.24208112625055395,0.0,0.0,0.492103385277396,0.5177975329642359,0.5553914128825632,0.49881033141225534,0.523755629343752,0.5372587796295603,0.558937322159571,0.497376556007661,0.47213752065530656,0.5512640764808049
drift,omd_paper_v2_literal,2,821,7,1,0.0,41.243429708491526,0.12308543841053976,0.24126324735839974,0.0,0.0,0.4914152149475799,0.5172777248913183,0.5547843389892847,0.49732713387091754,0.5219440341849267,0.5363552905805296,0.559491658486163,0.49527616156215126,0.473818538364098,0.5514784922252033
drift,omd_paper_v2_literal,2,822,7,1,0.0,41.243429708491526,0.12274352565000318,0.24074635840412167,0.0,0.0,0.4921125697720341,0.5178044700385758,0.5553995137462916,0.4988301262913947,0.523779802681174,0.5372708359078122,0.5589299230181607,0.4974045885569012,0.4721150900645253,0.5512612147700702
drift,omd_paper_v2_literal,2,823,7,0,0.0,41.243429708491526,0.12241305173350941,0.24125826088042915,0.0,0.0,0.492806039326679,0.5183282182308442,0.5560110659102975,0.5003247002865282,0.5256046263198094,0.5381809912299829,0.5583711921150731,0.4995211576598489,0.4704218503428383,0.5510451379445798
drift,omd_paper_v2_literal,2,824,7,1,0.0,41.243429708491526,0.12334039524101224,0.24074463804773452,0.0,0.0,0.4921177776854361,0.5178084035852144,0.5554041071898208,0.49884135064162755,0.5237935097103718,0.5372776721954048,0.5589257274495931,0.4974204839430925,0.4721023712306079,0.5512595920842988
drift,omd_paper_v2_literal,2,825,7,1,0.0,41.243429708491526,0.12301035472920806,0.24052720726072524,0.0,0.0,0.49280928407274704,0.5183306687056884,0.5560139269080654,0.5003316932650814,0.5256131629291999,0.5381852491678968,0.558368577517112,0.49953106098739897,0.47041392940254845,0.5510441268960544
drift,omd_paper_v2_literal,2,826,7,1,0.0,41.243429708491526,0.12269155073080841,0.24060183231068863,0.0,0.0,0.49349695111345454,0.5188499738095907,0.5566201694515805,0.5018136966747957,0.5274219671336542,0.5390875004211679,0.5578143971894134,0.5016298532135695,0.4687355998089278,0.5508298475066122
drift,omd_paper_v2_literal,2,827,7,1,0.0,41.243429708491526,0.12238388497580376,0.24096338339460732,0.0,0.0,0.49418080284839544,0.5193663389013293,0.5572228597519254,0.5032873935011547,0.5292199580339361,0.5399844598967632,0.5572631684197424,0.5037168696417197,0.46706734247743614,0.5506167458742045
drift,omd_paper_v2_literal,2,828,7,1,0.0,41.243429708491526,0.12208725676309373,0.241605799164403,0.0,0.0,0.49486086331478824,0.5198797839401875,0.5578220226743168,0.504752817029263,0.531007172553681,0.5408761615471824,0.5567148731593895,0.5057921214563371,0.46540911652976796,0.5504048139797114
drift,omd_paper_v2_literal,2,829,7,0,0.0,41.243429708491526,0.12180156305138262,0.24095034264753223,0.0,0.0,0.49553715654037067,0.5203903288367332,0.5584176830133262,0.5062100011707074,0.5327836487829749,0.541762639326669,0.5561694933620919,0.5078556219420092,0.46376088022069584,0.5501940438279149
drift,omd_paper_v2_literal,2,830,7,1,0.0,41.243429708491526,0.12269814716415081,0.2415833286472282,0.0,0.0,0.49484315297916603,0.5198664133709003,0.557806421445114,0.5047146555062647,0.5309606399328436,0.5408529432141062,0.5567291535817892,0.5057380801254132,0.4654522903907538,0.550410333326569
drift,omd_paper_v2_literal,2,831,7,0,0.0,41.243429708491526,0.12241224145138471,0.24093764043498114,0.0,0.0,0.4955176421746332,0.5203755978938583,0.5584004978593154,0.506167956162387,0.5327324008183175,0.5417370641012984,0.5561852319445325,0.5077960840117551,0.4638084283923457,0.5502001257550228
drift,omd_paper_v2_literal,2,832,7,1,0.0,41.243429708491526,0.12330860653981399,0.2415613299146541,0.0,0.0,0.4948256440359506,0.5198531948069545,0.5577909975013414,0.5046769278541594,0.5309146358932728,0.5408299887163829,0.5567432715330034,0.5056846531528002,0.4654949738416906,0.5504157899021481
drift,omd_paper_v2_literal,2,833,7,1,0.0,41.243429708491526,0.12302250620808426,0.24245631120224712,0.0,0.0,0.49549833835077567,0.5203610258391717,0.5583834979676882,0.5061263646658651,0.5326817050567395,0.5417117645748566,0.5562008006221815,0.5077371881818947,0.46385546424356067,0.5502061420532096
drift,omd_paper_v2_literal,2,834,7,1,0.0,41.243429708491526,0.1227470405660277,0.24361507427481083,0.0,0.0,0.4961673300548321,0.5208660077636893,0.5589725581730277,0.5075676866458434,0.5344381928777844,0.5425884067873642,0.5556611956641802,0.5097781179050856,0.46222579259047575,0.5499976354891751
drift,omd_paper_v2_literal,2,835,7,1,0.0,41.243429708491526,0.12248210496684318,0.2450294501516015,0.0,0.0,0.4968326427386792,0.5213681600543578,0.5595582023495482,0.5090009282541859,0.5361841389032892,0.5434599487167864,0.555124438932198,0.5118074592118246,0.46060591629110575,0.5497902623979645
drift,omd_paper_v2_literal,2,836,7,0,0.0,41.243429708491526,0.12222759280213336,0.2435498341916067,0.0,0.0,0.4974942999678276,0.5218675021278152,0.5601404546489231,0.5104261244859899,0.5379195836911833,0.5443264237029288,0.5545905127136972,0.5138252308656824,0.4589957920137574,0.5495840149942046
drift,omd_paper_v2_literal,2,837,7,1,0.0,41.243429708491526,0.12310068500231056,0.24494709034825177,0.0,0.0,0.4967988599353784,0.5213426633516872,0.5595284691364243,0.5089281560605314,0.5360955061924606,0.5434157008892793,0.5551516968837238,0.5117044243732273,0.46068814882349685,0.5498007925774647
drift,omd_paper_v2_literal,2,838,7,0,0.0,41.243429708491526,0.12284553819313002,0.243485989641245,0.0,0.0,0.4974588377331348,0.5218407406324083,0.5601092526037402,0.5103497441686126,0.5378265942121577,0.5442799911151319,0.5546191320775709,0.5137170977955315,0.4590820663661552,0.5495950694038726
drift,omd_paper_v2_literal,2,839,7,1,0.0,41.243429708491526,0.12371880383665419,0.24486634681646122,0.0,0.0,0.496765452601367,0.5213174498937696,0.5594990659393003,0.50885619223856,0.5360078562465489,0.5433719441301122,0.5551786515814051,0.5116025336200491,0.4607694695803582,0.5498112056873817
drift,omd_paper_v2_literal,2,840,7,0,0.0,41.243429708491526,0.12346304731242058,0.24342350896281487,0.0,0.0,0.4974237586106347,0.5218142681094213,0.5600783871567827,0.510274188487616,0.5377346066789963,0.5442340593661884,0.554647441919359,0.5136101315885189,0.45916741113806897,0.5496060043481568
drift,omd_paper_v2_literal,2,841,7,0,0.0,41.243429708491526,0.12433645237321378,0.24227211627774875,0.0,0.0,0.4967324155814721,0.5212925157941186,0.5594699882356577,0.5087850257000974,0.5359211756217457,0.5433286717110255,0.5552053071948707,0.5115017712721736,0.46084989103461493,0.5498215033358353
drift,omd_paper_v2_literal,2,842,7,1,0.0,41.243429708491526,0.12521742387193366,0.24336919631105833,0.0,0.0,0.4960448643973201,0.5207735697311179,0.5588647381082341,0.5073038492288052,0.5341167155606729,0.5424279496116299,0.5557599847478769,0.5094045309110252,0.46252405838765226,0.5500358056858368
drift,omd_paper_v2_literal,2,843,7,0,0.0,41.243429708491526,0.12495051236232721,0.24223271719781367,0.0,0.0,0.4967034128479989,0.5212706263947612,0.5594444609730008,0.5087225492562109,0.5358450780737648,0.5432906828951821,0.5552287075388344,0.5114133125866985,0.4609204936316515,0.5498305434682094
drift,omd_paper_v2_literal,2,844,1,1,0.05978305770563974,41.30321276619716,0.12583141572617065,0.2446583080154439,0.0,0.0,0.4960178550831932,0.5207531826508432,0.5588409580180277,0.5072456602456694,0.5340458110256626,0.5423925601501542,0.555781771745814,0.5093221361622835,0.46258984349614674,0.5500442239115105
drift,omd_paper_v2_literal,2,845,1,0,0.05993159959038752,41.36314436578755,0.1257415555577842,0.24202702285992497,0.0,0.0,0.49778317277810774,0.5226575772004213,0.5596885537550009,0.5063486501203954,0.5343522870591051,0.5440302629472553,0.5561596253014381,0.5098071061438221,0.4624256613578888,0.5495229042956318
drift,omd_paper_v2_literal,2,846,7,1,0.0,41.36314436578755,0.12645660345538956,0.24310403196692995,0.0,0.0,0.49586049840108526,0.5205833943507869,0.5587653864015145,0.5073256177691648,0.5340184904256464,0.5422465299067282,0.5557480866484436,0.5092789049538045,0.46260447912662733,0.5500906891525246
drift,omd_paper_v2_literal,2,847,7,1,0.0,41.36314436578755,0.12618790900041732,0.24443179326009837,0.0,0.0,0.49651619999325985,0.5210779257249384,0.5593431219482361,0.5087414364583143,0.5357424273531827,0.5431060585723942,0.5552178560108881,0.5112824188241893,0.4610049419779315,0.5498862977228777
drift,omd_paper_v2_literal,2,848,7,0,0.0,41.36314436578755,0.12592915733366603,0.24304572690007414,0.0,0.0,0.49716834937975957,0.5215697280805947,0.5599175578187056,0.510149420373057,0.5374561470228628,0.5439606607268748,0.5546903827305828,0.513274683143091,0.4594148952335149,0.5496830005676897
drift,omd_paper_v2_literal,2,849,7,0,0.0,41.36314436578755,0.12680382390438918,0.24194657541448425,0.0,0.0,0.49648435984045813,0.5210539129907649,0.559315071700814,0.5086726895425872,0.5356587350281696,0.5430643270732556,0.5552436061071903,0.5111851391345226,0.461082594755631,0.5498962230449742
drift,omd_paper_v2_literal,2,850,1,1,0.06067119858925085,41.423815564376795,0.1276855778971464,0.24434152404645496,0.0,0.0,0.4958040916744497,0.520540849915726,0.55871567868937,0.5072038147932356,0.5338701485376836,0.5421725763042011,0.5557936943359041,0.5091065359059711,0.4627421172843792,0.5501082713327954
drift,omd_paper_v2_literal,2,851,1,0,0.06081849361163005,41.48463405798842,0.1275929296899514,0.24174570446738602,0.0,0.0,0.4975646566901707,0.5224404780205187,0.5595607034721162,0.5063069163666386,0.5341737016746514,0.5438056755577049,0.5561714108800194,0.5095878168873272,0.46258038909920873,0.5495883800487369
drift,omd_paper_v2_literal,2,852,1,1,0.060965579484899224,41.54559963747332,0.12830968340292181,0.24411597157400505,0.0,0.0,0.49564879672963436,0.5203732545529866,0.5586411227200854,0.5072829279918122,0.5338433709320987,0.5420284767224013,0.5557603728875468,0.5090640813251688,0.46275638369167404,0.550154125666464
drift,omd_paper_v2_literal,2,853,1,0,0.061112455830854784,41.606712093304175,0.1282160783123275,0.24154863738908058,0.0,0.0,0.49740532977729884,0.5222685955043174,0.5594842463883285,0.5063880836820469,0.5341462324228095,0.5436579251238366,0.5561372317769966,0.5095442636884115,0.4625950245003918,0.5496354325107631
drift,omd_paper_v2_literal,2,854,7,1,0.0,41.606712093304175,0.12893326627648644,0.242585052730276,0.0,0.0,0.4954951476207629,0.5202074299827792,0.5585673539056877,0.5073612028003811,0.5338168767846495,0.5418858966396077,0.5557274039133507,0.5090220763289892,0.4627704990376465,0.5501994934351992
drift,omd_paper_v2_literal,2,855,7,1,0.0,41.606712093304175,0.12866116027946295,0.24387069963902533,0.0,0.0,0.4961452279282408,0.5206969764424637,0.5591411632076736,0.5087713179594575,0.5355320642865768,0.5427390947540176,0.555199246193067,0.5110151738150751,0.4611789247805418,0.549996821315935
drift,omd_paper_v2_literal,2,856,7,1,0.0,41.606712093304175,0.12839876228354882,0.2453975380241829,0.0,0.0,0.4967918077937063,0.521183837714367,0.5597117146768812,0.5101736737303816,0.5372371488101527,0.5435874331242276,0.554673819188311,0.5129971523418232,0.4595967368458997,0.5497952280803079
drift,omd_paper_v2_literal,2,857,7,1,0.0,41.606712093304175,0.12814597525778956,0.24715706476006055,0.0,0.0,0.49743490926784223,0.5216680318995954,0.5602790309348252,0.5115683034100563,0.5389321690867381,0.5444309429907046,0.5541511062080271,0.5149680305976071,0.45802389403127425,0.5495947064502444
drift,omd_paper_v2_literal,2,858,7,0,0.0,41.606712093304175,0.12790270071656817,0.24529252439625995,0.0,0.0,0.4980745543707555,0.5221495770423997,0.5608431345237577,0.5129552407548474,0.5406171647195716,0.5452696555610025,0.553631090579672,0.5169278289138279,0.4564603545011697,0.5493952491737149
drift,omd_paper_v2_literal,2,859,7,1,0.0,41.606712093304175,0.1287652685901141,0.2470322223491016,0.0,0.0,0.4973937623841984,0.5216370536313214,0.5602427378803253,0.5114790780515276,0.5388237456541936,0.5443769815315077,0.5541845537758495,0.5148419441074372,0.45812450218732326,0.5496075366111818
drift,omd_paper_v2_literal,2,860,7,1,0.0,41.606712093304175,0.12852130749027948,0.2489950941606104,0.0,0.0,0.4980318544022684,0.5221174325880603,0.5608054824571106,0.5128626612089303,0.5405047106952495,0.5452136749353442,0.5536658080873956,0.5167970173916886,0.45656470279295586,0.549408564514347
drift,omd_paper_v2_literal,2,861,7,1,0.0,41.606712093304175,0.1282866814291247,0.2511720837164022,0.0,0.0,0.49866652964110164,0.5225951939006206,0.5613650530457293,0.5142386264565717,0.5421757442495497,0.54604562660101,0.553149729323487,0.5187410925483216,0.4550141156684495,0.5492106441564475
drift,omd_paper_v2_literal,2,862,7,1,0.0,41.606712093304175,0.12806129060802016,0.25355394399417613,0.0,0.0,0.49929780986718825,0.5230703553471682,0.5619214718406411,0.515607008088954,0.5438368871587631,0.5468728673947738,0.5526363009948089,0.5206741927421847,0.453472698197902,0.549013768398137
drift,omd_paper_v2_literal,2,863,7,1,0.0,41.606712093304175,0.12784503402794764,0.2561313200904189,0.0,0.0,0.49992571680486614,0.5235429346425778,0.5624747609494984,0.516967840792907,0.5454881810229072,0.5476954281316295,0.5521255066394639,0.5225963426153697,0.4519404072248154,0.5488179301282843
drift,omd_paper_v2_literal,2,864,7,1,0.0,41.606712093304175,0.12763780956365728,0.2588948258259129,0.0,0.0,0.500550272132535,0.5240129494362118,0.5630249423905075,0.518321159627459,0.5471296681665562,0.5485133395693482,0.5516173298258754,0.5245075682386721,0.4504171990798004,0.5486231222647444
drift,omd_paper_v2_literal,2,865,7,1,0.0,41.606712093304175,0.1274395140376509,0.2618351130195872,0.0,0.0,0.5011714974790036,0.5244804173097887,0.5635720380899042,0.5196670000041999,0.5487613916058315,0.5493266324027402,0.5511117541555894,0.5264078970639218,0.4489030296075947,0.5484293377550972
drift,omd_paper_v2_literal,2,866,7,1,0.0,41.606712093304175,0.1272500432938968,0.2649429328829748,0.0,0.0,0.5017894144199668,0.5249453557753402,0.5641160698795392,0.5210053976681317,0.550383395016168,0.550135337258122,0.5506087632659817,0.528297357877181,0.44739785419340283,0.5482365695773533
drift,omd_paper_v2_literal,2,867,7,1,0.0,41.606712093304175,0.12706929227118158,0.26820918931109183,0.0,0.0,0.5024040444746107,0.5254077822732546,0.564657059494571,0.5223363886790002,0.5519957227008473,0.5509394846879847,0.5501083408328703,0.5301759807528149,0.4459016277885664,0.5480448107406307
drift,omd_paper_v2_literal,2,868,7,1,0.0,41.606712093304175,0.12689715507600582,0.27162498412036623,0.0,0.0,0.5030154091023412,0.5258677141704035,0.5651950285712631,0.5236600093931002,0.5535984195602915,0.5517391051658581,0.5496104705730345,0.5320437970084337,0.44441430493557366,0.5478540542857986
drift,omd_paper_v2_literal,2,869,7,0,0.0,41.606712093304175,0.12673352505493363,0.2677460459309124,0.0,0.0,0.5036235296996362,0.5263251687583518,0.5657299986448839,0.5249762964455491,0.5551915310621075,0.5525342290813674,0.5491151362466434,0.5339008391607069,0.4429358397924173,0.5476642932860941
drift,omd_paper_v2_literal,2,870,7,1,0.0,41.606712093304175,0.1275302759700812,0.27113176727355714,0.0,0.0,0.5029306266689245,0.5258039342581571,0.5651204331423272,0.5234764715138814,0.5533762262462621,0.5516282311377714,0.5496795202689573,0.5317848240912536,0.44462050529682356,0.5478805088836918
drift,omd_paper_v2_literal,2,871,7,1,0.0,41.606712093304175,0.12736490217940422,0.2746587741698475,0.0,0.0,0.5035374794672357,0.5262604402634963,0.5656543080869664,0.5247900586346308,0.5549661692470333,0.552421732945046,0.5491852334377724,0.5336381181330921,0.44314498615175274,0.5476911458651749
drift,omd_paper_v2_literal,2,872,7,0,0.0,41.606712093304175,0.1272078681977392,0.2706275543911579,0.0,0.0,0.5041411247719868,0.5267144976524194,0.5661852192699642,0.5260963850033678,0.5565466202801699,0.5532107894607248,0.5486934543887086,0.5354807276173169,0.4416782352593775,0.5475027667921359
drift,omd_paper_v2_literal,2,873,7,0,0.0,41.606712093304175,0.12799846785284538,0.2668256959498286,0.0,0.0,0.5034489231266503,0.5261938258730771,0.5655764101291435,0.5245983901483221,0.5547342210118882,0.5523059551786255,0.549257369907607,0.5333677268619108,0.44336024415895975,0.5477187801347687
drift,omd_paper_v2_literal,2,874,7,1,0.0,41.606712093304175,0.12879793863699274,0.27015113189529694,0.0,0.0,0.5027603473168499,0.5256758347801989,0.5649706051855962,0.5231078310158106,0.5529299041133727,0.5514055338803724,0.5498181953669509,0.5312646457672604,0.44503470005192897,0.5479336400449336
drift,omd_paper_v2_literal,2,875,7,1,0.0,41.606712093304175,0.12862915402663277,0.27361867431307296,0.0,0.0,0.5033646877926616,0.5261304611423561,0.565502310284825,0.5244160676179067,0.5545135688247433,0.5521958216569265,0.5493259844747911,0.5331105114447755,0.44356501814689264,0.5477450656856921
drift,omd_paper_v2_literal,2,876,7,1,0.0,41.606712093304175,0.1284685911078335,0.27722002218411307,0.0,0.0,0.5039658508294607,0.5265826615732314,0.5660310789140661,0.5257171146626454,0.5560878352534144,0.5529817055881693,0.5488362577318896,0.5349458030526236,0.44210401898059326,0.547557466149492
drift,omd_paper_v2_literal,2,877,7,0,0.0,41.606712093304175,0.1283161465451312,0.2730819189373519,0.0,0.0,0.5045638571838896,0.5270324528113484,0.5665569319090593,0.5270110082573949,0.5576527485351654,0.5537632151624793,0.5483489993774505,0.536770554040054,0.4406516573209905,0.5473708347342877
drift,omd_paper_v2_literal,2,878,7,1,0.0,41.606712093304175,0.1291021806186258,0.2766531566515818,0.0,0.0,0.5038745306943444,0.5265139719850928,0.5659507649468095,0.5255194986537076,0.5558487650064853,0.552862341327055,0.5489106567355341,0.5346670692484511,0.44232589098002295,0.5475859646906586
drift,omd_paper_v2_literal,2,879,7,0,0.0,41.606712093304175,0.12894790626918484,0.2725542760767011,0.0,0.0,0.5044713359467056,0.5269628650863827,0.5664755830183436,0.5268108435592979,0.5574107031039625,0.5536423192325676,0.5484243928575852,0.5364882962759148,0.4408762973157691,0.5473997107525308
drift,omd_paper_v2_literal,2,880,7,1,0.0,41.606712093304175,0.12973541010434764,0.27609561246117464,0.0,0.0,0.5037841653706193,0.5264459997947272,0.5658712875286069,0.5253239415302342,0.5556121696030621,0.5527442194309488,0.5489842754893771,0.5343912292493601,0.4425454652072689,0.5476141648745024
drift,omd_paper_v2_literal,2,881,7,0,0.0,41.606712093304175,0.12957934839944946,0.27203558393898436,0.0,0.0,0.5043797718940446,0.5268939964811665,0.5663950724656455,0.5266127418448662,0.5571711357096397,0.55352266818594,0.5484990039154244,0.5362089365264517,0.44109863638609587,0.5474282876238201
drift,omd_paper_v2_literal,2,882,7,1,0.0,41.606712093304175,0.13036825821939554,0.27554722804158976,0.0,0.0,0.5036947425270314,0.5263787357497047,0.565792635912571,0.5251304168820071,0.5553780176219806,0.5526273239637262,0.5490571241150108,0.5341182462045898,0.44276277086652815,0.5476420705629733
drift,omd_paper_v2_literal,2,883,7,1,0.0,41.606712093304175,0.13021045063078485,0.2791861416576377,0.0,0.0,0.5042891527274034,0.5268258377685223,0.5663153895369977,0.5264166767967807,0.5569340150735864,0.5534042461385044,0.5485728426495805,0.5359324381069207,0.4413187036085926,0.5474565692008454
drift,omd_paper_v2_literal,2,884,7,0,0.0,41.606712093304175,0.1300604945940739,0.2749880690415642,0.0,0.0,0.5048804700135844,0.5272705797288325,0.5668352872935668,0.5276959221219868,0.5584808399115309,0.5541768827088605,0.5480909799560503,0.5377362838051966,0.4398831053043984,0.5472720162290338
drift,omd_paper_v2_literal,2,885,7,1,0.0,41.606712093304175,0.1308436327675533,0.27859725770109256,0.0,0.0,0.504196167500578,0.5267558986175357,0.5662336227857523,0.5262154846691685,0.5566906770276916,0.5532827261821401,0.5486486068460987,0.5356486982626861,0.4415445400250053,0.5474855887979635
drift,omd_paper_v2_literal,2,886,7,0,0.0,41.606712093304175,0.1306918725852188,0.27443825595850585,0.0,0.0,0.5047863188017943,0.5271997688786926,0.5667525167538799,0.5274922590827085,0.5582346229620825,0.5540538776135174,0.548167710267009,0.5374491326164103,0.44011162077489385,0.5473014024186819
drift,omd_paper_v2_literal,2,887,4,0,0.09533053716053941,41.70204263046472,0.13147642963205808,0.2680198991761251,0.0,0.0,0.5041041452632297,0.5266866829635048,0.566152699542403,0.526016368398773,0.5564498330421063,0.5531624588362539,0.5487235839472716,0.5353678750830126,0.4417680607113669,0.5475143074503596
drift,omd_paper_v2_literal,2,888,7,0,0.0,41.70204263046472,0.1318150757566276,0.26423208809702414,0.0,0.0,0.5039822184826462,0.5263559941733383,0.5649075571380573,0.5243959228235004,0.5544213412406016,0.5520994342580906,0.5484253855913536,0.5335062283726296,0.4437690784271263,0.5467937933644756
drift,omd_paper_v2_literal,2,889,5,1,0.1069125976806018,41.80895522814532,0.13261882493771954,0.2691234245349561,0.0,0.0,0.503306035456863,0.5258475903253633,0.5643136494027674,0.5229335601873741,0.5526510642585087,0.5512160941168363,0.5489767313132308,0.5314426382892461,0.4454118978773907,0.5470056712560807
drift,omd_paper_v2_literal,2,890,5,0,0.10714833131278878,41.91610355945811,0.13277791966400995,0.26311616277801986,0.0,0.0,0.5044932977336299,0.5273669305245303,0.5655886355085834,0.5226846690285741,0.5535063499681864,0.552860528029231,0.5497390079337818,0.5321898613262555,0.44463064700526256,0.5471888746964765
drift,omd_paper_v2_literal,2,891,5,1,0.10738378431949336,42.0234873437776,0.1332163585293952,0.26798177661704586,0.0,0.0,0.5030324738662865,0.52549745190937,0.5640197600074115,0.5229909053205714,0.5524539544405832,0.5508370417670811,0.5488010632585072,0.5312704513246453,0.44559194343527786,0.5469634577423504
drift,omd_paper_v2_literal,2,892,5,0,0.10761895626371787,42.131106300041324,0.13337242010186226,0.2620153238483623,0.0,0.0,0.504217852207245,0.5270144817021751,0.5652929103541746,0.5227424137714128,0.5533079483236447,0.5524791145194119,0.5495621774082544,0.5320165153607602,0.44481187606332495,0.5471463719097364
drift,omd_paper_v2_literal,2,893,4,1,0.0965806953764683,42.22768699541779,0.1338142724306731,0.2670451631841136,0.0,0.0,0.5027615790541072,0.525150704351593,0.5637286931515502,0.5230476904600274,0.5522587511645121,0.5504616288438737,0.5486270968422603,0.5310999366900545,0.44577024673718585,0.54692165535192
drift,omd_paper_v2_literal,2,894,4,1,0.09678811046937819,42.32447510588717,0.13403652956500048,0.2721174475698853,0.0,0.0,0.5028559280581474,0.5254122078811042,0.5647262684990996,0.5243496277265013,0.5538868417379785,0.5513115697976348,0.5488653171257584,0.5325932782711634,0.44416401275029627,0.5475004282418906
drift,omd_paper_v2_literal,2,895,4,1,0.09699525458505998,42.42147036047223,0.13426586950430208,0.27722774453753396,0.0,0.0,0.5029498202593754,0.5256724320309751,0.5657184960915658,0.5256449358193204,0.5555059063117459,0.5521571000608019,0.5491023623111978,0.5340788133808546,0.44256670976532075,0.5480762726767869
drift,omd_paper_v2_literal,2,896,4,1,0.09720212731931355,42.51867248779154,0.13450213607696296,0.28237195561739536,0.0,0.0,0.5030432587398762,0.5259313854144756,0.5667054084610235,0.5269336448552302,0.5571159814408246,0.5529982469873421,0.549338240406726,0.5355565733259422,0.44097830043167685,0.5486492079283998
drift,omd_paper_v2_literal,2,897,4,0,0.09740872826975011,42.61608121606129,0.13474517450073398,0.2758995406709468,0.0,0.0,0.5031362465636033,0.5261890765954979,0.5676870380784238,0.5282157851478605,0.5587171041928037,0.553835037850815,0.5495729593729485,0.5370265897975355,0.4393987469249963,0.549219253175567
drift,omd_paper_v2_literal,2,898,4,1,0.09761505703579354,42.713696273097085,0.13507584552736474,0.28102130810849363,0.0,0.0,0.5030190792411838,0.5258643761511959,0.5664500708868058,0.5266001932278549,0.5566994483553913,0.5527806083042277,0.5492772032355655,0.5351742251942403,0.4413892261399093,0.5485009590623907
drift,omd_paper_v2_literal,2,899,4,0,0.0978211132186807,42.811517386315764,0.1353152746509056,0.27458806452046913,0.0,0.0,0.5031119307044298,0.5261216929014932,0.5674303975305642,0.5278805467249498,0.558298534600741,0.553616250225754,0.5495115835902136,0.5366422484782397,0.43981167557419176,0.5490702014296931
drift,omd_paper_v2_literal,2,900,7,0,0.0,42.811517386315764,0.13565043026829152,0.2707939302781134,0.0,0.0,0.502995132391292,0.5257980107538531,0.5661971554711155,0.5262699267868377,0.5562868446881448,0.5525650438719741,0.5492167519214264,0.5347955153835614,0.4417962769335101,0.5483541282082126
drift,omd_paper_v2_literal,2,901,5,1,0.10972278475392683,42.92124017106969,0.13645092897195785,0.2755494095704869,0.0,0.0,0.5023221314374046,0.5252953456996434,0.5656154512333676,0.5248176942759643,0.554533137050863,0.5516929601638025,0.5497727448152501,0.5327458949380343,0.44342275042203383,0.5485719071928216
drift,omd_paper_v2_literal,2,902,5,1,0.10995512244232353,43.03119529351201,0.13660502981594383,0.28035677004952925,0.0,0.0,0.5035016837280113,0.5268045019986661,0.5668773710855509,0.5245639639678847,0.5553747025293161,0.553323210279082,0.5505294821748794,0.533480935369316,0.44265462822277574,0.548751471308938
drift,omd_paper_v2_literal,2,903,5,1,0.11018717438247105,43.14138246789449,0.1367657366221701,0.2852113325308887,0.0,0.0,0.5046754885248588,0.5283058682081611,0.5681323228713467,0.524311449077956,0.5562118797701454,0.5549444326585868,0.551282324959765,0.5342122740590857,0.44189049578891143,0.5489301537641559
drift,omd_paper_v2_literal,2,904,5,1,0.11041894015942622,43.251801408053915,0.1369329198129783,0.29010873545963534,0.0,0.0,0.5058435720895155,0.5297994738834989,0.5693803448885676,0.5240601416244917,0.5570446962364808,0.5565566636086954,0.5520312979053766,0.5349399340231076,0.4411303275745451,0.5491079605638675
drift,omd_paper_v2_literal,2,905,5,0,0.11065041936008846,43.362451827414006,0.1371064507592592,0.28396234618696403,0.0,0.0,0.5070059608212046,0.5312853490011532,0.5706214755072715,0.5238100336685508,0.5578731793059439,0.5581599399551428,0.5527764256558084,0.5356639381982766,0.4403740981304029,0.549284897677634
drift,omd_paper_v2_literal,2,906,5,0,0.1108816115731992,43.473333438987204,0.13752055177983577,0.27795060620495793,0.0,0.0,0.5055446137058708,0.5294172442551572,0.569061004441385,0.5241244634181064,0.5568315722232872,0.5561441348446718,0.5518396251306528,0.5347537078768024,0.4413248619182396,0.5490624531772702
drift,omd_paper_v2_literal,2,907,4,1,0.09945970243528812,43.572793141422494,0.13794696003264667,0.28291501047233075,0.0,0.0,0.504090206649987,0.5275573129453497,0.5675066817951621,0.5244373606816631,0.5557944825123547,0.5541361958751982,0.5509069684624706,0.5338476290568024,0.4422714765706464,0.5488410599374483
drift,omd_paper_v2_literal,2,908,4,1,0.09966328772483857,43.67245642914733,0.13817642093711846,0.2879154134013992,0.0,0.0,0.5041780337324251,0.5278083933390723,0.5684808891472463,0.525717449702762,0.5573889489936379,0.5549642144682742,0.5511388178537364,0.535311082372186,0.4406981530460815,0.5494095591129855
drift,omd_paper_v2_literal,2,909,4,1,0.09986659654343366,43.77232302569077,0.13841237973371281,0.29294809240654285,0.0,0.0,0.5042654409907391,0.528058260303304,0.5694499167071155,0.5269910879823365,0.5589746249696831,0.5557879745853376,0.5513695375899113,0.5367669410713453,0.43913352724489907,0.5499752143949908
drift,omd_paper_v2_literal,2,910,4,1,0.10006962851228718,43.872392654203054,0.1386546927751388,0.29800959147116585,0.0,0.0,0.5043524312389835,0.5283069219635836,0.5704137961369502,0.5282583049878035,0.5605515470996367,0.5566075027153751,0.5515991353226793,0.538215236311514,0.43757756181158325,0.550538044415705
drift,omd_paper_v2_literal,2,911,4,1,0.100272383254432,43.97266503745749,0.13890321780996492,0.3030967021716573,0.0,0.0,0.5044390072744271,0.5285543863979868,0.5713725590262008,0.5295191303587014,0.562119752490747,0.5574228252603058,0.551827618657616,0.5396559995864437,0.4360302189777819,0.5510980677148372
drift,omd_paper_v2_literal,2,912,4,1,0.10047486039471965,44.07313989785221,0.1391578140315047,0.30820644585823403,0.0,0.0,0.5045251718774971,0.5288006616369282,0.5723262368871113,0.5307735938959928,0.5636792786776679,0.5582339685321401,0.552054995154038,0.541089262710635,0.43449146058221283,0.5516553027385598
drift,omd_paper_v2_literal,2,913,4,1,0.10067705955982142,44.17381695741203,0.1394183421233104,0.31333605698047035,0.0,0.0,0.5046109278117292,0.5290457556629803,0.5732748611504038,0.5320217255516352,0.5652301636022431,0.5590409587502487,0.5522812723248696,0.542515057803935,0.4329612480900986,0.5522097678385576
drift,omd_paper_v2_literal,2,914,4,1,0.10087898037822796,44.274695937790256,0.13968466430134827,0.3184829675290358,0.0,0.0,0.5046962778237235,0.5292896764107102,0.5742184631611208,0.5332635554184187,0.5667724455937656,0.5598438220387435,0.5525064576365251,0.5439334172764992,0.4314395426121368,0.5527614812711324
drift,omd_paper_v2_literal,2,915,4,0,0.10108062248024985,44.3757765602705,0.1399566443529326,0.3117475277706541,0.0,0.0,0.504781224643106,0.5295324317665343,0.57515707417462,0.5344991137200635,0.5683061633497054,0.5606425844239642,0.5527305585088057,0.545344373814106,0.4299263049230113,0.5533104611963597
drift,omd_paper_v2_literal,2,916,4,1,0.10128198549801826,44.47705854576852,0.14023569969243363,0.31687531443632605,0.0,0.0,0.5046699226477248,0.5292143576825665,0.5739271459264982,0.5328801344063138,0.5662963414000416,0.5595959393303312,0.5524369250247576,0.5434955174265444,0.43190929286192187,0.5525911316439265
drift,omd_paper_v2_literal,2,917,4,0,0.1014830690654841,44.57854161483401,0.14050394700892244,0.31017795270531917,0.0,0.0,0.5047547625687268,0.5294568116238677,0.5748647417019628,0.5341142649774665,0.5678285281722637,0.5603937924310638,0.552660750294785,0.5449049184283277,0.43039756027334986,0.5531394602688582
drift,omd_paper_v2_literal,2,918,4,0,0.10168387281841973,44.68022548765243,0.14078802570985818,0.3035844143163205,0.0,0.0,0.5046438157218478,0.5291397471735999,0.5736385224107114,0.5325002870686564,0.5658246016043922,0.5593503624677768,0.5523680454145399,0.5430616764602318,0.43237473866918585,0.5524223746017071
drift,omd_paper_v2_literal,2,919,7,1,0.0,44.68022548765243,0.14108617624457545,0.3071584988994622,0.0,0.0,0.5045333903598918,0.5288241509717112,0.5724171720153046,0.5308932262628255,0.5638279631243529,0.5583113203140071,0.5520766814962677,0.5412259341555591,0.4343447571762758,0.5517084458162782
drift,omd_paper_v2_literal,2,920,7,1,0.0,44.68022548765243,0.14094572361709792,0.3108292951662537,0.0,0.0,0.505104901319589,0.5292461647522776,0.5728965807875505,0.5321196358655814,0.5652999487083205,0.5590399424623423,0.5515951701535587,0.5429557398018687,0.43298083241753416,0.551513937687686
drift,omd_paper_v2_literal,2,921,7,0,0.0,44.68022548765243,0.14081190924219536,0.3064729701996557,0.0,0.0,0.5056735309425476,0.5296660191850597,0.5733734477971281,0.5333395057698799,0.5667634052487555,0.5597646557654344,0.551115979227687,0.544675837060472,0.4316247596800534,0.5513203900466562
drift,omd_paper_v2_literal,2,922,5,1,0.11454132823738294,44.79476681588981,0.14157336277221258,0.31112295287069164,0.0,0.0,0.5049967205901236,0.529166284659493,0.5728058436455504,0.531887517259164,0.5650214030593335,0.5589020404809032,0.5516863232214572,0.54262838187501,0.43323893341768976,0.5515507574778727
drift,omd_paper_v2_literal,2,923,5,0,0.11476758052700409,44.90953439641681,0.1417470062261392,0.30523254202115885,0.0,0.0,0.5061473454147023,0.5306367537697403,0.574025708169346,0.5316288513790659,0.5658254547183705,0.5604822180447415,0.5524240120668928,0.5433309396690319,0.4325059463561986,0.5517221110997369
drift,omd_paper_v2_literal,2,924,4,1,0.102882799063571,45.01241719548038,0.14215088488815075,0.3103324417845732,0.0,0.0,0.5046870306871359,0.5287704335347898,0.5724773761110954,0.5319571319407655,0.5648049411461701,0.558476544626257,0.5514877418927852,0.5424392656628572,0.4334362603599752,0.5515046370946372
drift,omd_paper_v2_literal,2,925,4,0,0.10308163406937887,45.11549882954976,0.14240725290096243,0.3037117686055625,0.0,0.0,0.5047687216377805,0.5290098240231691,0.5734127687798009,0.5331880030785296,0.5663327434184745,0.5592706184136368,0.55171222857246,0.5438429115904269,0.43192844617708587,0.5520535618465602
drift,omd_paper_v2_literal,2,926,5,1,0.11544457144491227,45.23094340099467,0.14270693470475423,0.30833845647387964,0.0,0.0,0.5046625385380313,0.5286986583033851,0.5721968308645111,0.531588022917171,0.564346643164522,0.5582384116196553,0.5514204335249591,0.5420183004519853,0.4338885659138844,0.5513400371892244
drift,omd_paper_v2_literal,2,927,5,0,0.11566964518611911,45.346613046180785,0.14287499742652632,0.3024933570358376,0.0,0.0,0.5058120658822145,0.5301677011990464,0.5734149126762818,0.5313280481603712,0.5651483910106954,0.5598167244937639,0.5521572784660069,0.5427186570650743,0.43315782376130807,0.5515105785035491
drift,omd_paper_v2_literal,2,928,7,0,0.0,45.346613046180785,0.14328559494611387,0.2983811032134894,0.0,0.0,0.5043570614645123,0.5283081992641364,0.571872997465465,0.5316571041224174,0.5641335348772043,0.5578188012287311,0.5512245908054635,0.5418321639747987,0.4340827972976819,0.5512947165635812
drift,omd_paper_v2_literal,2,929,5,0,0.11611890559479887,45.46273195177558,0.14406248184148734,0.29269491471435255,0.0,0.0,0.5036877808055789,0.5278159749541674,0.5713141998583048,0.5302164745172411,0.5624065362882227,0.5569671665930576,0.551793727475337,0.5398015136099993,0.43568276891300395,0.5515254971946265
drift,omd_paper_v2_literal,2,930,7,1,0.0,45.46273195177558,0.14449087823673717,0.29616545720129955,0.0,0.0,0.5022421744535188,0.5259674357744288,0.5697803872826015,0.5305443388535922,0.5613975680540476,0.5549796179451959,0.5508664453494043,0.5389208452162784,0.436602295393115,0.5513108660860487
drift,omd_paper_v2_literal,2,931,7,1,0.0,45.46273195177558,0.14433352888158418,0.29973911150010685,0.0,0.0,0.5028103891096389,0.5263851445970118,0.5702550745082008,0.531768803664845,0.5628657555078143,0.5557032354670641,0.5503821569082696,0.5406468887807843,0.43524213793155236,0.5511146165690147
drift,omd_paper_v2_literal,2,932,7,0,0.0,45.46273195177558,0.14418272169949417,0.2955374653954023,0.0,0.0,0.5033757653240728,0.5268007354522138,0.5707272683193064,0.5329867877457668,0.5643255350066071,0.5564230129974597,0.5499001867192477,0.5423633646758793,0.4338897245001953,0.5509193291051021
drift,omd_paper_v2_literal,2,933,4,1,0.10466210926662001,45.5673940610422,0.14496074427928193,0.30061311929827755,0.0,0.0,0.5027090472687306,0.5263106480011827,0.570170422439619,0.5315504452830935,0.562603980986843,0.5555741939146943,0.5504685378389964,0.5403391153640468,0.43548465419510124,0.5511496192688946
drift,omd_paper_v2_literal,2,934,4,0,0.10485838793821733,45.672252448980416,0.1452022575836022,0.2940825598404607,0.0,0.0,0.5027865797599155,0.5265464705545224,0.5711055016356903,0.5327802861672292,0.5641302958083355,0.5563657126479205,0.5506943719426376,0.5417393023648052,0.4339779110666919,0.5517006112806992
drift,omd_paper_v2_literal,2,935,5,1,0.11745956391115553,45.78971201289157,0.1455218328977068,0.29860789969990115,0.0,0.0,0.5026866982817261,0.526242669290607,0.5699007898848307,0.5311958682846248,0.5621637948792608,0.5553459838179712,0.5504034366448017,0.5399353881938375,0.43591919982061866,0.5509907708700092
drift,omd_paper_v2_literal,2,936,5,1,0.1176819644164363,45.907393977308004,0.1456726905565808,0.30318037871992254,0.0,0.0,0.5038384587621724,0.5277157455198606,0.5711220132907036,0.5309311038040261,0.5629639758234091,0.5569286712369045,0.5511434835017437,0.5406330861536884,0.4351901072775304,0.551161566767438
drift,omd_paper_v2_literal,2,937,5,1,0.11790406610085591,46.02529804340886,0.14582937820493702,0.3077961406586369,0.0,0.0,0.5049847226638251,0.529181364455752,0.5723365921733722,0.5306675762821451,0.5637600408751533,0.5585027144049404,0.5518797998222241,0.5413273208426933,0.43446474683148945,0.5513315415865657
drift,omd_paper_v2_literal,2,938,5,1,0.11812586861226138,46.14342391202112,0.1459917849578151,0.31245156254152684,0.0,0.0,0.5061255148780135,0.5306395543611753,0.5735445632546359,0.5304052777684864,0.5645520159086728,0.5600681488739138,0.5526124089660949,0.5420181138391754,0.43374309455154725,0.5515007008387002
drift,omd_paper_v2_literal,2,939,5,1,0.1183473716003478,46.26177128362147,0.14615980081097937,0.31714324212184153,0.0,0.0,0.5072608604132646,0.5320903438696847,0.5747459632968065,0.5301442003546103,0.5653399267040424,0.5616250106339962,0.5533413342042746,0.5427054866377687,0.4330251266076299,0.5516690500020579
drift,omd_paper_v2_literal,2,940,5,1,0.11856857471665772,46.380339858338125,0.14633331667456748,0.3218679856338414,0.0,0.0,0.5083907843873834,0.5335337619697503,0.5759408290937674,0.5298843361744253,0.566123798944764,0.5631733360937669,0.554066598716694,0.5433894606476041,0.4323108192723958,0.5518365945216651
drift,omd_paper_v2_literal,2,941,5,1,0.11878947761458081,46.49912933595271,0.14651222440484868,0.32662279591809623,0.0,0.0,0.5095153120197345,0.5349698379893616,0.577129197462299,0.5296256774044615,0.5669036582153987,0.5647131620607436,0.554788225590329,0.5440700571905728,0.431600148923008,0.5520033398092701
drift,omd_paper_v2_literal,2,942,5,1,0.11901007994935442,46.618139415902064,0.1466964168341208,0.3314048609766446,0.0,0.0,0.5106344686237199,0.5363986015809762,0.5783111052336628,0.5293682162641244,0.5676795299993009,0.5662445257223638,0.555506237817319,0.5447472974996661,0.43089309204282544,0.5521692912432657
drift,omd_paper_v2_literal,2,943,5,0,0.11923038137806219,46.737369797280124,0.1468857877987764,0.32516246414144523,0.0,0.0,0.5117482795994497,0.5378200827068077,0.5794865892454404,0.5291119450159316,0.5684514396764478,0.5677674646274115,0.5562206582931665,0.5454212027173888,0.4301896252230121,0.5523344541686236
drift,omd_paper_v2_literal,2,944,5,1,0.11945038155963494,46.85682017883976,0.1472624773860607,0.3299235400870847,0.0,0.0,0.5102920260177655,0.5359614731455259,0.5779495450416141,0.5294469990800569,0.5674421542054089,0.5657760729969031,0.5552865560062219,0.5445400845736622,0.4311094162902236,0.5521185125991118
drift,omd_paper_v2_literal,2,945,5,0,0.11967008015484959,46.97649025899461,0.14744879346866666,0.3237204411872004,0.0,0.0,0.511404468443045,0.5373813492205721,0.5791238237859763,0.5291910552106103,0.56821319363592,0.5672974828254346,0.5560001480026686,0.5452131920818748,0.4304067489508314,0.5522834711401088
drift,omd_paper_v2_literal,2,946,5,1,0.11988947682632889,47.09637973582094,0.14782924113254384,0.3284604841245939,0.0,0.0,0.50995277335018,0.5355283743348925,0.577591280526859,0.5295250443761831,0.5672069656928592,0.5653118811576187,0.5550689053871889,0.5443347924441515,0.43132374533147255,0.5520682073114739
drift,omd_paper_v2_literal,2,947,5,1,0.12010857123854157,47.21648830705948,0.14801254382695672,0.33322646468267564,0.0,0.0,0.511063840802279,0.5369466346695908,0.5787643443032294,0.529269428990579,0.5679771298778995,0.5668317478980346,0.5557816645933863,0.5450070983952796,0.43062188190014494,0.552232960682452
drift,omd_paper_v2_literal,2,948,5,1,0.1203273630578019,47.33681567011728,0.14820090258414936,0.3380158501975887,0.0,0.0,0.5121696297149798,0.5383577022179787,0.5799310673199122,0.5290149877864373,0.5687433841342048,0.5683432947287114,0.5564908793056216,0.5456761130905218,0.42992356109749974,0.55239693603745
drift,omd_paper_v2_literal,2,949,5,1,0.12054585195226875,47.457361522069554,0.14839421546853007,0.3428262644525437,0.0,0.0,0.513270165186746,0.5397616068590082,0.5810914858185506,0.5287617132095628,0.5695057532900931,0.5698465590574144,0.5571965719173906,0.5463418572072293,0.4292287600398398,0.5525601385900295
drift,omd_paper_v2_literal,2,950,5,0,0.12076403759194554,47.5781255596615,0.14859238157003618,0.33645356745392835,0.0,0.0,0.5143654723845785,0.5411583787418315,0.5822456360289442,0.5285095977484315,0.5702642620680317,0.5713415786040119,0.5578987647237431,0.5470043513307872,0.42853745595241155,0.5527225735209307
drift,omd_paper_v2_literal,2,951,1,0,0.07443541562924305,47.65256097529075,0.14895390307054895,0.33311503325610686,0.0,0.0,0.5129123056449844,0.539305151980025,0.5807142376308767,0.5288440749016583,0.5692578813573754,0.569357866066237,0.5569671193327692,0.5461253879871992,0.42945466562787593,0.5525070694739969
drift,omd_paper_v2_literal,2,952,5,1,0.12119949779616546,47.77376047308691,0.14961507559560094,0.33783574604346234,0.0,0.0,0.5110004416999766,0.5372567949890863,0.5798434329810598,0.5298610317565545,0.5689892127854589,0.5676327679051211,0.5565685897636194,0.5456565354935162,0.42957174952529037,0.5530953792688339
drift,omd_paper_v2_literal,2,953,5,0,0.12141677170993503,47.89517724479684,0.14980371596377573,0.3316385296680672,0.0,0.0,0.5120974315490153,0.5386568354664848,0.5810010443513077,0.5296091534661946,0.5697498512731799,0.5691323878031399,0.5572726226716299,0.5463206617344084,0.4288784590938818,0.5532587462576957
drift,omd_paper_v2_literal,2,954,4,0,0.10872352861810997,48.00390077341495,0.1501777830141091,0.32533632968013154,0.0,0.0,0.5106550852409278,0.5368159375077393,0.5794788327189369,0.52994032027426,0.5687496951035933,0.5671604273681531,0.5563469119917134,0.5454474338302556,0.4297900557062484,0.5530439487239229
drift,omd_paper_v2_literal,2,955,1,0,0.07493211221155671,48.078832885626504,0.15047637282803475,0.32219159982367396,0.0,0.0,0.5105704800457388,0.5365310639968162,0.5782884484136969,0.528339854351119,0.5667850676885471,0.5661606580590094,0.55606471628966,0.543642648322105,0.43173067440311086,0.5523317191563198
drift,omd_paper_v2_literal,2,956,4,1,0.10910365872436145,48.18793654435086,0.1511496499221045,0.3270133032210484,0.0,0.0,0.5086733827615688,0.5344978935835256,0.5774251091779568,0.529350006828633,0.5665200753281134,0.5644477456025029,0.5556704820489737,0.5431784200582663,0.4318450189043463,0.5529168522617162
drift,omd_paper_v2_literal,2,957,4,0,0.10929328502514479,48.29722982937601,0.15139198239548585,0.32071125729856903,0.0,0.0,0.508737544300341,0.5347146165048725,0.5783317974514912,0.5305683140805908,0.5680160881982559,0.5652093678606187,0.5558853011784757,0.544552642780444,0.4303673862168563,0.5534590232968537
drift,omd_paper_v2_literal,2,958,1,0,0.07530211833764355,48.372531947713654,0.15169789968907335,0.3177534669689419,0.0,0.0,0.5086535656618143,0.5344309535371614,0.5771449621130976,0.5289736470015922,0.5660577677522992,0.5642124479986916,0.5556041284371609,0.5427538414227501,0.43230164961363327,0.5527493708922144
drift,omd_paper_v2_literal,2,959,4,1,0.10967165866472717,48.482203606378384,0.15237879781392713,0.32258734437188097,0.0,0.0,0.5067660584058584,0.5324072147457954,0.5762858362516582,0.5299789196023718,0.565794650444314,0.5625069713585831,0.5552119396474724,0.5422924307595469,0.4324148384380277,0.55333159340924
drift,omd_paper_v2_literal,2,960,4,1,0.10986040542604181,48.592064011804425,0.1526161061226197,0.32744137760130226,0.0,0.0,0.5068299314858002,0.5326236495599566,0.5771924935961686,0.531196412685906,0.567290280444053,0.5632686521598836,0.5554266151572473,0.5436661548703133,0.43093767715732817,0.5538734061188723
drift,omd_paper_v2_literal,2,961,4,1,0.110048858433068,48.70211287023749,0.15285843739798868,0.3323132942898079,0.0,0.0,0.5068935115380521,0.5328390800030932,0.5780944784977662,0.5324079558525842,0.5687778372608501,0.5640265450181199,0.5556402860088937,0.5450329221891653,0.42946850697438865,0.5544126079603404
drift,omd_paper_v2_literal,2,962,4,1,0.11023701740158998,48.81234988763908,0.15310568239030062,0.33720096945441486,0.0,0.0,0.5069568004801691,0.53305351265756,0.5789918195580588,0.5336135766171757,0.570257356813705,0.5647806734494689,0.5558529588490537,0.5463927628528853,0.4280072915225074,0.5549492157030979
drift,omd_paper_v2_literal,2,963,4,0,0.11042488204920209,48.92277476968828,0.15335773307199502,0.3307140097112479,0.0,0.0,0.5070198002179459,0.5332669540657685,0.5798845452861691,0.5348133026050341,0.571728875311721,0.5655310608740935,0.5560646402831722,0.5477457072146883,0.4265539941703376,0.5554832460283715
drift,omd_paper_v2_literal,2,964,4,0,0.11061245209530668,49.033387221783585,0.1536467483359129,0.32432410289072094,0.0,0.0,0.5069360806980989,0.5329833121120375,0.5786981013278758,0.5332189178340796,0.5697731221677065,0.564533816462063,0.5557833353477712,0.5459476475681506,0.4284855335775452,0.55477355279283
drift,omd_paper_v2_literal,2,965,4,0,0.11079972726111487,49.1441869490447,0.15394791414293776,0.31803422056075564,0.0,0.0,0.506852742579022,0.5327009424762474,0.5775161646717724,0.5316311297019339,0.5678241227981327,0.5635406009512081,0.555503277730762,0.5441565964385934,0.43041043126164336,0.5540668740506716
drift,omd_paper_v2_literal,2,966,1,0,0.07627821183405492,49.22046516087876,0.15426102279337903,0.3152812255152411,0.0,0.0,0.5067697841051736,0.5324198396445393,0.5763387354111303,0.5300499454663753,0.5658819231784702,0.5625514080500484,0.5552244621576504,0.5423725774503872,0.43232864288861245,0.5533632006374153
drift,omd_paper_v2_literal,2,967,7,0,0.0,49.22046516087876,0.15494984403151657,0.3114989049733202,0.0,0.0,0.5048916517555928,0.530405511920184,0.5754847618852362,0.5310516141630339,0.5656221945834324,0.5608541303723223,0.554834476601559,0.5419153453560702,0.4324391988198567,0.553943104285601
drift,omd_paper_v2_literal,2,968,1,1,0.07651981994528356,49.29698498082404,0.15573363694923098,0.3139064465859911,0.0,0.0,0.5042424022821769,0.5299390410485286,0.5749594435926936,0.5296323842209296,0.5639379613670842,0.5600404000029975,0.5554125702781455,0.5399247406884825,0.433998247011505,0.5541823360581477
drift,omd_paper_v2_literal,2,969,1,1,0.07664026065672225,49.37362524148077,0.15563064657599696,0.31644389782925164,0.0,0.0,0.5058983625082633,0.531715343837258,0.5757125831326373,0.528748509042243,0.5641667667672098,0.56153747395909,0.5557565031640178,0.5403276850083636,0.4339010678410891,0.5536711192582888
drift,omd_paper_v2_literal,2,970,1,1,0.07676045888951111,49.450385700370276,0.1555343251478734,0.3191058503574803,0.0,0.0,0.5075458644954646,0.5334819141011249,0.5764615853926642,0.5278689010054325,0.564394394107451,0.5630259062675423,0.556098652969872,0.5407285501031133,0.43380438254885445,0.5531623613072754
drift,omd_paper_v2_literal,2,971,1,1,0.07688041445877791,49.527266114829054,0.15544459238447184,0.32188695874606776,0.0,0.0,0.5091849308696188,0.5352387805270598,0.5772064779237994,0.5269935381953577,0.56462085146799,0.564505738687516,0.5564390318504147,0.5411273499253236,0.43370818776828113,0.5526560475859817
drift,omd_paper_v2_literal,2,972,1,1,0.07700012718127003,49.604266242010326,0.15536136781382867,0.32478195756498945,0.0,0.0,0.5108155850230002,0.5369859727173548,0.5779472881777301,0.5261223986540201,0.5648461468867058,0.5659770133379223,0.5567776518995765,0.5415240983626894,0.43361248015043174,0.5521521635094909
drift,omd_paper_v2_literal,2,973,1,0,0.07711959687535463,49.68138583888568,0.15528457081280614,0.32142970064492987,0.0,0.0,0.5124378510884448,0.5387235211572866,0.5786840435036655,0.525255460386234,0.5650702883587311,0.5674397726767717,0.557114525149749,0.5419188092369869,0.43351725636413224,0.5516506945290569
drift,omd_paper_v2_literal,2,974,1,0,0.0772388233610164,49.758624662246696,0.1559527953181236,0.31826576631474557,0.0,0.0,0.5105526524800283,0.536704293734877,0.5778278542334685,0.5262628830520647,0.5648098192263794,0.5657398444128598,0.5567230521004661,0.5414601251983637,0.43362791291662806,0.552233423390357
drift,omd_paper_v2_literal,2,975,1,0,0.07735780645985812,49.835982468706554,0.15662707488831487,0.31529260941769033,0.0,0.0,0.5086765704663154,0.5346939547656475,0.5769754762414638,0.5272650624998609,0.5645506153581401,0.5640468691550365,0.5563334641248839,0.5410036620678697,0.43373802342142453,0.552813099761851
drift,omd_paper_v2_literal,2,976,4,1,0.11284021405930211,49.94882268276586,0.15730719913978125,0.3200122818194074,0.0,0.0,0.5068096084680526,0.5326925290525799,0.576126896988834,0.5282620224927985,0.5642926700363428,0.5623608595222305,0.5559457516333067,0.5405494086342629,0.4338475909070744,0.553389740763058
drift,omd_paper_v2_literal,2,977,4,0,0.11302392957307184,50.06184661233893,0.15752793501850584,0.3138995488920969,0.0,0.0,0.5068703863863426,0.5329051530956368,0.5770280693484023,0.5294745042136871,0.565780992141992,0.5631164220670253,0.556159402808759,0.5419154906580564,0.43237740606528685,0.5539299845092488
drift,omd_paper_v2_literal,2,978,4,1,0.11320734674645982,50.17505395908539,0.1578583119090341,0.3185994973812998,0.0,0.0,0.5067915536381433,0.5326293643039635,0.5758590953474582,0.5279017757247053,0.5638503220285587,0.562136354926835,0.5558822800646299,0.5401434796327378,0.4342845521033281,0.5532292306882547
drift,omd_paper_v2_literal,2,979,4,0,0.11339046532590402,50.288444424411296,0.15807607337226304,0.31252330368876435,0.0,0.0,0.5068522550250165,0.5328417239400574,0.5767592832834736,0.5291128301479044,0.5653371159851331,0.5628910517249326,0.5560956681598105,0.5415080235202236,0.4328158709293083,0.5537688312571903
drift,omd_paper_v2_literal,2,980,1,0,0.07794906502089405,50.36639348943219,0.15840996870545096,0.30973134074672326,0.0,0.0,0.5067736629225237,0.5325667727379182,0.5755936842700559,0.5275447751991897,0.5634118950411479,0.5619138661396399,0.5558193837003952,0.5397411882802573,0.43471764177939687,0.5530701688220743
drift,omd_paper_v2_literal,2,981,9,0,0.43804270123555483,50.804436190667744,0.15909766310968862,0.30478232110084164,0.0,0.0,0.5049163055839568,0.5305748564084499,0.5747495196572262,0.5285374188487254,0.5631563133107121,0.5602354492475283,0.5554337737174452,0.5392901945648739,0.43482554018442326,0.5536441593598156
drift,omd_paper_v2_literal,2,982,7,1,0.0,50.804436190667744,0.1584579350688929,0.30799990481127903,0.0,0.0,0.5062417365999419,0.5311755186030696,0.5734965223136411,0.5279075366967816,0.5624758808177851,0.5600251846152324,0.5538345878070143,0.5395370002581656,0.43571551346671594,0.5516966767555073
drift,omd_paper_v2_literal,2,983,7,1,0.0,50.804436190667744,0.1582763430181907,0.311315782120515,0.0,0.0,0.5067881100500295,0.5315658291155585,0.5739370751612656,0.5291095066412976,0.5638994223117976,0.560708769891471,0.5533420486002841,0.5412196522885449,0.43439765850071443,0.5514925944058845
drift,omd_paper_v2_literal,2,984,7,1,0.0,50.804436190667744,0.15810061731618422,0.314724833123281,0.0,0.0,0.5073318097915087,0.5319542027802342,0.5743753686347661,0.5303052950718214,0.5653149949159848,0.5613888015556407,0.5528518011766954,0.5428931871246819,0.43308713372084107,0.5512894875168399
drift,omd_paper_v2_literal,2,985,7,0,0.0,50.804436190667744,0.15793069155473236,0.31068070258612557,0.0,0.0,0.5078728524320067,0.5323406522998152,0.5748114180069672,0.531494932158284,0.5667226376794647,0.5620653025564712,0.5523638320629758,0.5445576357331031,0.43178390071729966,0.5510873498120886
drift,omd_paper_v2_literal,2,986,7,1,0.0,50.804436190667744,0.15871795953752849,0.3140633651784379,0.0,0.0,0.5072290786871888,0.5318808222941801,0.574292561752601,0.5300793763664426,0.5650476025032025,0.5612603267498625,0.5529444416275922,0.5425770447216911,0.433334687025111,0.5513278659989307
drift,omd_paper_v2_literal,2,987,7,0,0.0,50.804436190667744,0.15854673594895163,0.31005567889091373,0.0,0.0,0.5077691874935177,0.532266609735492,0.5747278778784515,0.5312670193736233,0.5664530093320026,0.5619356995594543,0.5524573370927244,0.5442387954334421,0.4320335337638536,0.5511260816609814
drift,omd_paper_v2_literal,2,988,7,1,0.0,50.804436190667744,0.15933449260910343,0.3134121012721384,0.0,0.0,0.5071273433511696,0.531808152152876,0.5742105538918744,0.5298556366560937,0.5647827661758708,0.5611330899034771,0.5530361799531067,0.5422639347262149,0.43357987215293453,0.5513658716528552
drift,omd_paper_v2_literal,2,989,7,1,0.0,50.804436190667744,0.15916199753964705,0.31685766129705684,0.0,0.0,0.5076665190506955,0.5321932779867276,0.5746451371169926,0.5310412860269653,0.5661859357585319,0.5618073348837185,0.5525499390400983,0.5439229863166783,0.4322807996174153,0.5511644403366643
drift,omd_paper_v2_literal,2,990,7,1,0.0,50.804436190667744,0.15899517486593337,0.32038758104999954,0.0,0.0,0.5082030758624669,0.532576507752498,0.5750775092627125,0.5322208675934541,0.5675812833308548,0.5624781005118006,0.5520659441337268,0.5455730670012069,0.43098891821646407,0.5509639641366525
drift,omd_paper_v2_literal,2,991,7,0,0.0,50.804436190667744,0.15883395967571753,0.31615417405392815,0.0,0.0,0.5087370300339078,0.5329578538534339,0.575507685232697,0.5333944112542977,0.5689688477201128,0.563145409230122,0.5515841820361378,0.5472142083233259,0.4297041899196204,0.550764436923847
drift,omd_paper_v2_literal,2,992,7,1,0.0,50.804436190667744,0.15961291936686903,0.31965799470518963,0.0,0.0,0.508094819414802,0.5324991888047343,0.5749902812915086,0.53198289889225,0.5672998378037901,0.5623427823681888,0.5521636049290215,0.5452402192830981,0.4312494985299333,0.5510044143825008
drift,omd_paper_v2_literal,2,993,7,1,0.0,50.804436190667744,0.15945033747212586,0.3232420669247098,0.0,0.0,0.5086278848581666,0.5328799051675651,0.5754197612871045,0.5331545542130984,0.5686852999087578,0.5630090216798478,0.5516826679978254,0.5468788212554496,0.42996672768192185,0.550805224054631
drift,omd_paper_v2_literal,2,994,7,1,0.0,50.804436190667744,0.1592932698266697,0.3269019482020062,0.0,0.0,0.5091583742489892,0.5332587576061338,0.575847068467316,0.5343202273283851,0.5700630509119227,0.563671840072366,0.5512039416425731,0.5485085565918785,0.42869104189359913,0.5506069728627309
drift,omd_paper_v2_literal,2,995,7,1,0.0,50.804436190667744,0.15914165231600527,0.3306333635657091,0.0,0.0,0.5096863035945586,0.5336357583152097,0.5762722174756056,0.5354799480963733,0.5714331297194243,0.5643312596469546,0.5507274128426264,0.5501294576796995,0.4274224032233597,0.550409654780091
drift,omd_paper_v2_literal,2,996,7,1,0.0,50.804436190667744,0.15899542088474433,0.3344322055290628,0.0,0.0,0.510211688838443,0.5340109194274842,0.5766952228756111,0.536633746472013,0.572795575432031,0.5649873024115336,0.5502530686194856,0.5517415574814561,0.4261607736274894,0.5502132638102434
drift,omd_paper_v2_literal,2,997,7,1,0.0,50.804436190667744,0.15885451155772126,0.3382945329903072,0.0,0.0,0.5107345458592194,0.534384253012987,0.5771160991505551,0.5377816524981709,0.5741504273309842,0.5656399902789833,0.5497808960380373,0.5533448895119347,0.42490611497136327,0.5500177939872436
drift,omd_paper_v2_literal,2,998,7,1,0.0,50.804436190667744,0.15871886046057104,0.34221656924240995,0.0,0.0,0.5112548904692562,0.5347557710785326,0.5775348607026918,0.5389236962970956,0.5754977248642168,0.5662893450654743,0.5493108822077519,0.5549394878156715,0.4236583890403289,0.5498232393759349
drift,omd_paper_v2_literal,2,999,7,1,0.0,50.804436190667744,0.15858840383976786,0.34619469923428664,0.0,0.0,0.5117727384135494,0.5351254855672033,0.5779515218527933,0.5400599080621141,0.5768375076329408,0.5669353884888754,0.5488430142838371,0.5565253869449471,0.42241755755028104,0.5496295940721985
drift,omd_paper_v2_literal,2,1000,7,1,0.0,50.804436190667744,0.1584630780821238,0.3502254662128997,0.0,0.0,0.5122881053686114,0.5354934083578613,0.5783660968396724,0.5411903180495565,0.5781698153785958,0.5675781421672346,0.5483772794683442,0.5581026219382635,0.42118358215793217,0.549436852203187
