scenario,algorithm,seed,step,action,reward,instant_regret,cumulative_regret,prediction_rmse_pre,theta_norm,kkt_residual,rho,predicted_mean_0,predicted_mean_1,predicted_mean_2,predicted_mean_3,predicted_mean_4,predicted_mean_5,predicted_mean_6,predicted_mean_7,predicted_mean_8,predicted_mean_9
drift,omd_paper_v2_literal,0,1,3,1,0.2892221772768807,0.2892221772768807,0.15915118221057942,0.011834319526627219,0.0,0.0,0.5,0.5,0.5,0.5,0.5,0.5,0.5,0.5,0.5,0.5
drift,omd_paper_v2_literal,0,2,3,0,0.28870891531396814,0.5779310925908488,0.15913344206786112,4.659426890367219e-05,0.0,0.0,0.49870669692372877,0.4986330278131667,0.5004508997669824,0.5029585453527718,0.5022658116196271,0.49967469085252214,0.4995401169138963,0.5021044232182799,0.4976825665021179,0.5009657330856234
drift,omd_paper_v2_literal,0,3,5,1,0.3205023371284646,0.8984334297193135,0.15858629677449435,0.011838921986153996,0.0,0.0,0.5000050920245617,0.5000053820777952,0.49999822470986705,0.4999883514327762,0.4999910789498015,0.5000012808124707,0.5000018106594276,0.49999171438289414,0.5000091243009388,0.4999961976957835
drift,omd_paper_v2_literal,0,4,5,0,0.3199267335529914,1.218360163272305,0.15898949740584134,6.221845226434104e-05,0.0,0.0,0.5019408139389279,0.5026128752577865,0.5024381555047923,0.49966432881289863,0.5016334066254383,0.5029596780058535,0.5015307550483721,0.5013268280369024,0.49847413784871913,0.5005518989161748
drift,omd_paper_v2_literal,0,5,9,1,0.0,1.218360163272305,0.15801896746372612,0.01180411544478955,0.0,0.0,0.4999974610947604,0.49999510287468746,0.4999886060791187,0.49998962877627307,0.49998460463738337,0.4999896182532746,0.4999957833241172,0.49998645116251467,0.5000151754547391,0.4999940070415741
drift,omd_paper_v2_literal,0,6,9,1,0.0,1.218360163272305,0.15678244179162842,0.023538845212179763,0.0,0.0,0.49818662726983853,0.49929944760215805,0.5020822015743487,0.5009518001232331,0.5011838435705259,0.5005431329103172,0.5024893542600709,0.4997774835016685,0.49851004045395836,0.502950939402972
drift,omd_paper_v2_literal,0,7,9,1,0.0,1.218360163272305,0.15556524369137842,0.035181470036602144,0.0,0.0,0.4963900903189082,0.49860926932025557,0.504159249985035,0.5019063929111864,0.5023736319129545,0.5010922904845536,0.5049631805018352,0.49957016034586216,0.49701677642060543,0.5058843993500468
drift,omd_paper_v2_literal,0,8,9,0,0.0,1.218360163272305,0.1543673437811844,0.02321644959279449,0.0,0.0,0.4946077532682073,0.4979245161243727,0.5062198460032614,0.502853475724349,0.5035540505151088,0.5016371330147702,0.5074173403751481,0.4993644654102244,0.4955352912642267,0.5087944235140216
drift,omd_paper_v2_literal,0,9,9,1,0.0,1.218360163272305,0.1550243710090321,0.034815432240184824,0.0,0.0,0.49643944653263367,0.4986282309086314,0.504102187682631,0.5018801670128643,0.5023409445015816,0.5010772032059362,0.504895218406466,0.4995758562471828,0.4970578010947651,0.5058038112812626
drift,omd_paper_v2_literal,0,10,9,1,0.0,1.218360163272305,0.15382913980378904,0.04632389200675462,0.0,0.0,0.4946637870906876,0.4979460442736868,0.5061550648769322,0.5028237002508659,0.5035169393541249,0.5016200035252325,0.5073401877955428,0.49937093234011626,0.49558186726480297,0.5087029420357354
drift,omd_paper_v2_literal,0,11,9,0,0.0,1.218360163272305,0.15265306723018054,0.03436365638872906,0.0,0.0,0.4929021202829793,0.4972691899235727,0.5081917136375518,0.5037598489840701,0.504683716683385,0.5021585633050211,0.5097657265865344,0.4991676081530384,0.4941175297077612,0.5115788660329531
drift,omd_paper_v2_literal,0,12,6,1,0.01572990982095679,1.2340900730932618,0.15329686752502955,0.04450430954628431,0.0,0.0,0.49473294605874935,0.49797261503286505,0.5060751095992249,0.5027869503563253,0.5034711354874349,0.5015988617416178,0.5072449630671014,0.49937891403759843,0.49563935299951734,0.5085900317887888
drift,omd_paper_v2_literal,0,13,6,0,0.0157103037575429,1.2498003768508048,0.15227232378109282,0.03404181893324593,0.0,0.0,0.4942031176527311,0.49867399577213034,0.5084828446564693,0.5023252112255157,0.50408374989234,0.5030934722827879,0.5101282624362748,0.4987002226503864,0.4948037795714276,0.5110130401308136
drift,omd_paper_v2_literal,0,14,4,1,0.3279266587813419,1.5777270356321467,0.15275337144866133,0.04017085225921822,0.0,0.0,0.4947505595927804,0.49794929883888367,0.5059950627204142,0.502802300080883,0.5034507698817478,0.5015491750918348,0.5071491029080784,0.49940147613413494,0.4956671307874056,0.5085094750693688
drift,omd_paper_v2_literal,0,15,4,0,0.32732097883850936,1.905048014470656,0.15315816146361538,0.033959186841499664,0.0,0.0,0.4949037502368981,0.4984785478745448,0.5079362843206274,0.5050393218868504,0.5063712311010716,0.5031694497141834,0.5077639014106391,0.5019824189073894,0.4927701630965517,0.5096817453637685
drift,omd_paper_v2_literal,0,16,6,1,0.015651101135002787,1.9206991156056588,0.15217219895731451,0.044039380451317764,0.0,0.0,0.49474783495946234,0.4979398856765624,0.5059605344275659,0.502762511227122,0.5033988239631426,0.5015203565623124,0.5071381679273504,0.49935557147898796,0.49571865933907566,0.5084886242355012
drift,omd_paper_v2_literal,0,17,6,1,0.015631238826851246,1.93633035443251,0.15114843420038968,0.05459582178069572,0.0,0.0,0.4942198242867362,0.4986382582700472,0.5083578586092143,0.502300629158631,0.5040067941735739,0.5030081554866148,0.5100104064185066,0.4986772511696977,0.4948885276076081,0.5109018004646819
drift,omd_paper_v2_literal,0,18,6,1,0.015611312491373597,1.9519416669238834,0.15014295783860032,0.06535251093532056,0.0,0.0,0.49369592046008987,0.4993312210593141,0.5107362147671526,0.5018423245624855,0.5046100385792575,0.5044843656856629,0.5128597214279684,0.4980041952473539,0.49406486041971354,0.513295763493577
drift,omd_paper_v2_literal,0,19,6,1,0.015591322143125308,1.9675329890670086,0.1491557039666811,0.07618627481913678,0.0,0.0,0.4931760835701498,0.5000188251908567,0.5130956903710863,0.5013875626422893,0.50520860263797,0.5059490777670251,0.5156861669231667,0.4973363536596551,0.49324759748020097,0.515670602763484
drift,omd_paper_v2_literal,0,20,6,1,0.015571267797168664,1.9831042568641772,0.14818660232606437,0.08703540709853322,0.0,0.0,0.4926602739079239,0.5007011216086783,0.5154363765741241,0.5009363087805112,0.505802531597891,0.5074023827956388,0.5184898038508464,0.49667367656233197,0.4924366786909185,0.5180264114513201
drift,omd_paper_v2_literal,0,21,6,1,0.015551149469074432,1.9986554063332518,0.14723557840552134,0.09786612622538621,0.0,0.0,0.49214845197510504,0.50137816103866,0.5177583680132432,0.5004885285472315,0.506391870485018,0.5088443722294923,0.521270699822785,0.4960161143340236,0.49163204417118955,0.5203632862662302
drift,omd_paper_v2_literal,0,22,6,1,0.015530967174922083,2.0141863735081738,0.14630255354007746,0.10865866412400167,0.0,0.0,0.4916405784937853,0.5020499939737603,0.520061762615686,0.5000441877083855,0.5069766640912797,0.510275137857898,0.524028928809111,0.4953636175903524,0.49083363427720067,0.5226813272522628
drift,omd_paper_v2_literal,0,23,6,1,0.015510720931301236,2.029697094439475,0.14538744500832718,0.11940086633760524,0.0,0.0,0.4911366144155987,0.5027166706600225,0.5223466614112462,0.4996032522335175,0.507556956963327,0.5116947717422972,0.5267645708392916,0.49471613719722085,0.49004138962036875,0.5249806375970691
drift,omd_paper_v2_literal,0,24,6,1,0.015490410755311435,2.0451875051947863,0.14449016612827728,0.13008498768945267,0.0,0.0,0.4906365209303114,0.5033782410833644,0.5246131683503847,0.4991656883030618,0.5081327933919803,0.513103366159535,0.529477711710833,0.4940736242833546,0.4892552510847208,0.5272613234465684
drift,omd_paper_v2_literal,0,25,6,1,0.015470036664563702,2.0606575418593502,0.14361062635185026,0.14070597295685336,0.0,0.0,0.49014025947387674,0.5040347549571256,0.5268613901281193,0.49873146231516674,0.5087042174023119,0.514501013547544,0.5321684427057246,0.49343603025211624,0.488475159843316,0.529523493725514
drift,omd_paper_v2_literal,0,26,6,0,0.01544959867718132,2.0761071405365317,0.14274873135818256,0.12858812723362056,0.0,0.0,0.48964779173597356,0.5046862617103489,0.529091436013612,0.49830054089207587,0.5092712727443427,0.5158878064533744,0.5348368603146298,0.4928033067926123,0.4877010573737405,0.5317672599638911
drift,omd_paper_v2_literal,0,27,6,0,0.015429096811800158,2.0915362373483317,0.14312176281602743,0.1165862422560459,0.0,0.0,0.49020972916441163,0.503942851428423,0.5265467286690445,0.49879224880808215,0.5086242260150432,0.514305372303525,0.5317918806279165,0.4935252847706259,0.48858436026125013,0.5292068870331492
drift,omd_paper_v2_literal,0,28,6,1,0.015408531087569788,2.1069447684359015,0.1435056109034973,0.1271998439229618,0.0,0.0,0.4907674304363807,0.5032050604553127,0.5240199508067264,0.499280230895769,0.5079820566352184,0.5127346525162083,0.5287676447779547,0.4942418154020627,0.4894610364287003,0.5266644061221241
drift,omd_paper_v2_literal,0,29,6,1,0.015387901524154035,2.1223326699600555,0.14262631648171928,0.13775247294002907,0.0,0.0,0.4902741754122776,0.5038575937710787,0.5262548034551316,0.4988486394875829,0.5085500189023054,0.5141238751605675,0.531442517681395,0.4936080851147847,0.48868566469944297,0.5289131550982022
drift,omd_paper_v2_literal,0,30,6,1,0.015367208141731648,2.1376998781017873,0.14176452677266643,0.14824047863910653,0.0,0.0,0.4897846631365531,0.5045051875362038,0.5284717438240762,0.4984203082476461,0.5091136712918167,0.5155023936205152,0.5340954106472405,0.49297915973232553,0.48791620076929876,0.5311437667190352
drift,omd_paper_v2_literal,0,31,6,0,0.015346450960997515,2.153046329062785,0.14092014916136014,0.13618202925229345,0.0,0.0,0.4892988564057878,0.5051478897808686,0.5306708802710548,0.4979952047646306,0.5096730562996944,0.5168702982601372,0.5367264213637891,0.4923549923163772,0.48715258775031306,0.5333563515686226
drift,omd_paper_v2_literal,0,32,9,1,0.0,2.153046329062785,0.14127658364309947,0.14586566714929738,0.0,0.0,0.4898574632256291,0.5044088769187766,0.5281421046934396,0.49848401044881485,0.5090298451420532,0.5152973918473387,0.5337009851624989,0.4930726934940442,0.4880306335442672,0.5308121020097968
drift,omd_paper_v2_literal,0,33,9,1,0.0,2.153046329062785,0.14025576157334496,0.1556052957083791,0.0,0.0,0.4881960825987491,0.5037450430223814,0.5300055094516458,0.4993840180870482,0.5101186647021642,0.5157662761263532,0.5359191841355705,0.49289395990353124,0.48666514222353563,0.5334707500445147
drift,omd_paper_v2_literal,0,34,9,1,0.0,2.153046329062785,0.1392535155827658,0.16537630977421852,0.0,0.0,0.48654748080524834,0.5030861990962822,0.5318540439482188,0.5002772467153301,0.5111991834064374,0.5162315991849503,0.5381192614065725,0.4927165751471483,0.485310138752108,0.5361074829445119
drift,omd_paper_v2_literal,0,35,9,1,0.0,2.153046329062785,0.13826978917413263,0.17515986504151285,0.0,0.0,0.4849115604121405,0.5024322969298651,0.5336878195158345,0.5011637594351762,0.5122714766832311,0.5166933967023691,0.5403013344419804,0.49254052555998684,0.4839655339408289,0.5387224019996608
drift,omd_paper_v2_literal,0,36,9,1,0.0,2.153046329062785,0.13730452273387003,0.18494137617674933,0.0,0.0,0.4832882234920969,0.5017832886027284,0.5355069483021467,0.5020436190635246,0.5133356197145204,0.5171517040999131,0.54246552269019,0.4923657975830526,0.4826312386182759,0.5413156129162425
drift,omd_paper_v2_literal,0,37,9,1,0.0,2.153046329062785,0.1363576535562728,0.1947094472837202,0.0,0.0,0.48167737169125857,0.501139126494258,0.5373115431794384,0.5029168881158609,0.5143916874112432,0.5176065565357437,0.5446119474362414,0.49219237776491004,0.4813071636722955,0.5438872255775419
drift,omd_paper_v2_literal,0,38,9,1,0.0,2.153046329062785,0.13542911586557624,0.2044551007644531,0.0,0.0,0.48007890629427746,0.500499763292587,0.5391017176578745,0.5037836287902958,0.5154397543899406,0.5180579889000706,0.546740731661744,0.4920202527631875,0.47999322008961215,0.5464373538116816
drift,omd_paper_v2_literal,0,39,9,1,0.0,2.153046329062785,0.13451884083613289,0.21417121432941608,0.0,0.0,0.47849272828665895,0.4998651520029589,0.5408775858022685,0.5046439029525652,0.5164798949506512,0.5185060358107242,0.5488519999099019,0.4918494093459488,0.47868931899356754,0.548966115166624
drift,omd_paper_v2_literal,0,40,9,1,0.0,2.153046329062785,0.13362675661095405,0.22385210490230667,0.0,0.0,0.4769187384144775,0.4992352459555145,0.5426392621522702,0.5054977721219197,0.5175121830560155,0.5189507316090962,0.5509458781555346,0.49167983439293567,0.4773953716800458,0.551473630692265
drift,omd_paper_v2_literal,0,41,9,0,0.0,2.153046329062785,0.13275278831887957,0.2119225774976008,0.0,0.0,0.4753568372415353,0.4986099988125277,0.5443868616458875,0.5063452974578744,0.5185366923115534,0.5193921103564334,0.5530224936799846,0.49151151489668693,0.4761112896516422,0.5539600247295308
drift,omd_paper_v2_literal,0,42,9,0,0.0,2.153046329062785,0.1331944925414534,0.20013760102525524,0.0,0.0,0.47728241064729543,0.49938080219483066,0.5422322735349295,0.5053004658295479,0.5172736586588905,0.5188479755744696,0.5504621900706198,0.4917190189832566,0.4776943459685152,0.5508944308919465
drift,omd_paper_v2_literal,0,43,9,0,0.0,2.153046329062785,0.1336489948012395,0.18850567933930734,0.0,0.0,0.4791944543356837,0.5001459251048577,0.5400920083213713,0.5042632922855729,0.5160197194242757,0.5183078086592299,0.5479181173158439,0.4919249958946184,0.4792661732266401,0.5478476115265103
drift,omd_paper_v2_literal,0,44,6,1,0.01507081232445362,2.1681171413872384,0.13411573691482556,0.1982610761549786,0.0,0.0,0.4810930124425653,0.5009054095971422,0.5379660498794664,0.5032337247665233,0.5147748201825152,0.5177715795964045,0.5453903110959385,0.4921294577920604,0.4808268247618993,0.5448196909969535
drift,omd_paper_v2_literal,0,45,6,0,0.01504916443087334,2.1831663058181117,0.133356668261619,0.18653011414247733,0.0,0.0,0.4806510057975198,0.5015422242146127,0.5400651179330265,0.5028042836279296,0.5152988095353062,0.5190926267455677,0.5478990194683601,0.4915258826884546,0.48010961444972455,0.5469140330393912
drift,omd_paper_v2_literal,0,46,2,1,0.15210230948544812,2.33526861530356,0.1336385183420891,0.19486052528660816,0.0,0.0,0.48118274430197333,0.5007761345444055,0.5375397680619199,0.5033209016051223,0.5146684453036456,0.5175033734738973,0.5448807526318197,0.4922519875907654,0.4809724296190236,0.5443943393102308
drift,omd_paper_v2_literal,0,47,2,1,0.15182155420187105,2.487090169505431,0.13364819740630796,0.20332070984429532,0.0,0.0,0.48154271662919595,0.5020934080149833,0.5401308163760103,0.5037232216023321,0.5164357039919912,0.5196888434986866,0.547002980512948,0.49315464935336767,0.47913203611567284,0.5461751242364113
drift,omd_paper_v2_literal,0,48,2,1,0.15154047770110224,2.638630647206533,0.1336772282879798,0.2118843931987199,0.0,0.0,0.4819000256955573,0.5034008375885273,0.5427004153814198,0.5041225390853816,0.5181893882512185,0.5218572846304398,0.5491077072893163,0.4940506293932208,0.4773059154891396,0.5479414727997655
drift,omd_paper_v2_literal,0,49,2,0,0.15125908033969238,2.789889727546225,0.1337251146718201,0.20171069743802178,0.0,0.0,0.48225469796352244,0.5046985059207441,0.5452486755710112,0.5045188841060977,0.5199295982591652,0.5240087983169213,0.5511950580748207,0.4949399893564601,0.47549396407919836,0.5496935025493472
drift,omd_paper_v2_literal,0,50,2,0,0.15097736247604232,2.9408670900222673,0.133042022295786,0.1918501325200063,0.0,0.0,0.4818325977791182,0.5031541203486886,0.5422156854336938,0.5040471857293496,0.5178584898892631,0.521448146594574,0.5487106641565296,0.49388154917389043,0.4776504710895234,0.5476082426783585
drift,omd_paper_v2_literal,0,51,9,1,0.0,2.9408670900222673,0.13238860447734294,0.20137819779464286,0.0,0.0,0.481413650958753,0.5016211189454705,0.5392020713903747,0.5035789754696031,0.5158021210880396,0.5189053536087552,0.5462422753890108,0.4928310061504685,0.47979182300864215,0.5455367801544394
drift,omd_paper_v2_literal,0,52,9,1,0.0,2.9408670900222673,0.13148547391781074,0.21088450449914115,0.0,0.0,0.4798405342081072,0.5009819889160231,0.5409391289696012,0.5044302864981502,0.5168201052011976,0.5193314927197518,0.5483138601887275,0.4926578722854707,0.47851350438392204,0.5480259788332519
drift,omd_paper_v2_literal,0,53,9,1,0.0,2.9408670900222673,0.13060025819605656,0.2203626391995383,0.0,0.0,0.4782792707994279,0.5003475109409936,0.5426625509457992,0.5052753714341895,0.5178305365785173,0.5197545001437597,0.550368701603691,0.49248600121791297,0.47724477489253264,0.5504946729379113
drift,omd_paper_v2_literal,0,54,9,0,0.0,2.9408670900222673,0.12973289506491656,0.20872999995397737,0.0,0.0,0.47672976681017765,0.4997176402300208,0.5443724459016213,0.5061142884988591,0.5188334847382847,0.5201744071452841,0.5524069195993069,0.49231538025058497,0.4759855508468252,0.5529429788133929
drift,omd_paper_v2_literal,0,55,9,0,0.0,2.9408670900222673,0.13015887118885683,0.19724429093749318,0.0,0.0,0.47863245163140805,0.5004910540456022,0.5422727355347436,0.5050841836999461,0.5176019512218171,0.5196588023104018,0.5499039665632163,0.4925248848048767,0.4775317844140375,0.5499363741176679
drift,omd_paper_v2_literal,0,56,2,0,0.14928034505080878,3.090147435073076,0.13059740519073473,0.18781002330681837,0.0,0.0,0.480521965694688,0.5012588624108699,0.5401867502310471,0.5040614989610799,0.516379128179515,0.5191468914401604,0.5474166449206376,0.49273287416306544,0.47906724214903046,0.5469479383014473
drift,omd_paper_v2_literal,0,57,9,1,0.0,3.090147435073076,0.12995460793921848,0.1973279036332417,0.0,0.0,0.4800936078393708,0.4997295536542812,0.5372010401701101,0.5036022945799986,0.5143414691476808,0.5166205686233182,0.5449763845314327,0.4916869448084899,0.48118755992753787,0.544906226303356
drift,omd_paper_v2_literal,0,58,9,1,0.0,3.090147435073076,0.129046984794943,0.2068184469327771,0.0,0.0,0.47853240871441083,0.499093680158373,0.53892269442379,0.5044465955013044,0.5153496652848945,0.5170408839654838,0.5470304850525038,0.49151403142230043,0.4799210087591371,0.5473747761916782
drift,omd_paper_v2_literal,0,59,9,0,0.0,3.090147435073076,0.12815717699706636,0.19531566002281162,0.0,0.0,0.4769828860020597,0.4984623964509976,0.5406310114943222,0.5052847809575239,0.5163504652147726,0.517458143500563,0.5490681852739968,0.4913423673605739,0.4786638491150317,0.5498232162930348
drift,omd_paper_v2_literal,0,60,6,0,0.014716852193558227,3.1048642872666345,0.1285976012773639,0.18402620469765923,0.0,0.0,0.47886183526449866,0.4992278686034958,0.5385594489864731,0.5042684243135522,0.5151369154037656,0.516952186649935,0.5465971383820614,0.4915505212307894,0.4801882685863768,0.5468540270116211
drift,omd_paper_v2_literal,0,61,4,0,0.2990561326636325,3.403920419930267,0.12887287301080938,0.18095611476181056,0.0,0.0,0.47937237479990547,0.49846989997685553,0.5360964566992087,0.504799545724438,0.5145429254557512,0.5153987577701098,0.543642758209205,0.492280877012898,0.4810091952489834,0.5443998910775028
drift,omd_paper_v2_literal,0,62,6,1,0.01467147145652048,3.418591891386787,0.12765829982106905,0.19041509685407862,0.0,0.0,0.47918653678077994,0.4979292778248269,0.5341724815843751,0.5025046393451957,0.5115671047704136,0.5137650287190594,0.5430885355232017,0.4896168740103956,0.48395244651571095,0.5432751318816627
drift,omd_paper_v2_literal,0,63,6,0,0.014648686779803466,3.4332405781665907,0.12688316744942058,0.1791472528188685,0.0,0.0,0.4787604876082742,0.4985615560408906,0.5362282846296602,0.5020606988928366,0.512061936578997,0.5150609793334632,0.5455542348776498,0.48900671781939814,0.48326811007752807,0.5453235133518957
drift,omd_paper_v2_literal,0,64,5,0,0.28472730111108524,3.717967879277676,0.1271705668497831,0.17630254503378498,0.0,0.0,0.47926828500903534,0.4978079652389567,0.533777906028193,0.5025898164073379,0.5114721602878544,0.5135163569502533,0.5426152040607941,0.48973394639970275,0.48408375500885353,0.5428819456464892
drift,omd_paper_v2_literal,0,65,9,0,0.0,3.717967879277676,0.12595408646885375,0.16504069017920744,0.0,0.0,0.4772675729757124,0.4951655242729105,0.531398806172379,0.5029308482160991,0.5098452095607934,0.5105583545135033,0.5411734665462247,0.4883690629592486,0.4855917148709699,0.5424210054258305
drift,omd_paper_v2_literal,0,66,4,0,0.29593721748235086,4.013905096760027,0.12644382805458917,0.16334314256885868,0.0,0.0,0.479116502667008,0.49592392530024676,0.5293667541079841,0.5019292061675489,0.5086548436239099,0.510068867333369,0.5387473476207718,0.48857324538374153,0.4870879131314197,0.5395012355642343
drift,omd_paper_v2_literal,0,67,9,1,0.0,4.013905096760027,0.12529539497253434,0.1727420120490257,0.0,0.0,0.4789336478449912,0.49539331123265984,0.5274707311840411,0.49966477825398137,0.5057202525278807,0.5084605970438162,0.5382047884343522,0.4859464397605949,0.4899907793080418,0.5383937964344193
drift,omd_paper_v2_literal,0,68,9,0,0.0,4.013905096760027,0.12432031513910323,0.16175578942717309,0.0,0.0,0.47736290641579415,0.49474872207906373,0.5291964945121576,0.5005141679930113,0.5067296830896293,0.508875389142313,0.5402658479251462,0.48577128963931754,0.48872134512665605,0.5408744201079735
drift,omd_paper_v2_literal,0,69,5,1,0.2817365485689375,4.295641645328964,0.12482613066018317,0.16412130491740412,0.0,0.0,0.47920014000001143,0.49550265656270037,0.5271779180658868,0.499520693570751,0.5055490146901244,0.5083902333414491,0.5378550326643269,0.4859761513882338,0.49020613080843345,0.5379728080876097
drift,omd_paper_v2_literal,0,70,5,1,0.281137365539384,4.576779010868348,0.12539134244713984,0.16719356351433656,0.0,0.0,0.4811137492967095,0.498027618798661,0.5294499531775536,0.49919169815474457,0.5071000684657557,0.5112151357017959,0.5392315941038902,0.4872774790961937,0.48876875888722593,0.5384103755954387
drift,omd_paper_v2_literal,0,71,5,0,0.280537839413743,4.857316850282091,0.12596962965289446,0.16398736679630707,0.0,0.0,0.48301327610310085,0.5005333761879142,0.5317034118323868,0.4988652187676972,0.5086391286181416,0.5140177327290277,0.5405970397731673,0.4885690280558084,0.48734255992655634,0.5388445391797579
drift,omd_paper_v2_literal,0,72,5,0,0.2799379706576229,5.137254820939714,0.12476200563771014,0.16159366966125,0.0,0.0,0.4810195093676818,0.49790328575338144,0.5293381055102332,0.499207897939539,0.5070236972281702,0.5110760522437632,0.5391638257801934,0.4872133972824988,0.48883953121015533,0.5383888310651964
drift,omd_paper_v2_literal,0,73,9,1,0.0,5.137254820939714,0.12358117395207877,0.1709559162368849,0.0,0.0,0.47904152832366154,0.495293345606897,0.526989514413105,0.4995479673283401,0.5054204270568498,0.5081560222776369,0.5377408894553846,0.485868279553391,0.4903252966020548,0.5379365310857801
drift,omd_paper_v2_literal,0,74,9,1,0.0,5.137254820939714,0.12260441935882371,0.18031495134080694,0.0,0.0,0.477472671789586,0.49464759673059777,0.5287084644948123,0.5003955317889452,0.5064255286279625,0.5085665883595933,0.5397953862392574,0.4856921263772424,0.48906071461959894,0.540410619859046
drift,omd_paper_v2_literal,0,75,9,1,0.0,5.137254820939714,0.12164562017814799,0.1896608110882337,0.0,0.0,0.4759154277076082,0.4940064643389241,0.5304144995007596,0.5012370579209662,0.5074234208141,0.5089742190864749,0.5418339146247554,0.48551723122600315,0.4878052770692686,0.5428651201591227
drift,omd_paper_v2_literal,0,76,9,1,0.0,5.137254820939714,0.12070476537565931,0.19898560741182628,0.0,0.0,0.47436970803436124,0.49336990547461596,0.5321077134878905,0.5020725996822121,0.5084141663681967,0.5093789425648413,0.5438565785620598,0.4853435818824413,0.48655890918667716,0.5453001287799408
drift,omd_paper_v2_literal,0,77,9,1,0.0,5.137254820939714,0.11978184131773302,0.2082830526220984,0.0,0.0,0.47283542447073923,0.49273787745134,0.5337882010119054,0.5029022107674445,0.5093978278082705,0.5097807866953583,0.5458634833124187,0.48517116622504086,0.4853215362853556,0.5477157456376169
drift,omd_paper_v2_literal,0,78,9,0,0.0,5.137254820939714,0.1188768317165891,0.19699927198115152,0.0,0.0,0.4713124885106604,0.4921103378603046,0.5354560570652511,0.5037259445967868,0.5103744674008036,0.5101797791697162,0.5478547353466101,0.4849999722290663,0.4840930837852524,0.5501120735981664
drift,omd_paper_v2_literal,0,79,9,0,0.0,5.137254820939714,0.11932736192306942,0.18585274304893917,0.0,0.0,0.4731616431382026,0.49287227437125264,0.5334309134524273,0.5027257977319121,0.5091886610944333,0.5096953368305476,0.5454368437561534,0.4852078295846027,0.48558464523723655,0.5472022564530677
drift,omd_paper_v2_literal,0,80,3,0,0.2476203248254345,5.3848751457651485,0.11979024507519263,0.18596887757492978,0.0,0.0,0.4749984952621962,0.4936288741062911,0.5314189505958695,0.5017326775362777,0.5080111090973045,0.5092142904508655,0.5430338693180202,0.48541422718368393,0.487065949478591,0.5443097494453143
drift,omd_paper_v2_literal,0,81,6,0,0.014227859640607465,5.399103005405756,0.1191298424058689,0.1751830990568704,0.0,0.0,0.47625042715367183,0.4949756205744909,0.5310105966815256,0.49881503943492006,0.5057868598273665,0.5095492313240398,0.543528495254749,0.4833282736475959,0.4893356777181523,0.5434082217373366
drift,omd_paper_v2_literal,0,82,3,1,0.24654020969121865,5.645643215096975,0.11943647729916712,0.17521681620505739,0.0,0.0,0.476738444313263,0.494228785449728,0.528612470789804,0.49935414149396734,0.5052258949239234,0.5080347714857076,0.5406465876252757,0.484055077716629,0.4901176645859617,0.54102364030908
drift,omd_paper_v2_literal,0,83,3,1,0.2459996708289442,5.8916428859259184,0.11950324820094849,0.17601064640792854,0.0,0.0,0.4754913743004734,0.49288783071198405,0.5290201149646689,0.5022596578749619,0.507441269558847,0.5077016273579289,0.5401543842294991,0.48613244952246626,0.4878568342206339,0.5419229356402235
drift,omd_paper_v2_literal,0,84,3,1,0.24545881170496014,6.137101697630879,0.11958915967150116,0.17753704441264023,0.0,0.0,0.4742542373861742,0.4915573332212645,0.5294245726580884,0.5051425846949903,0.5096392463230739,0.5073710493310891,0.5396659046678228,0.4881942517299325,0.4856139549369235,0.5428150158364977
drift,omd_paper_v2_literal,0,85,3,1,0.24491763277289247,6.382019330403772,0.11969365529007227,0.17976057027273765,0.0,0.0,0.4730269476946226,0.4902372083578223,0.5298258749069374,0.50800295460011,0.5118199146378121,0.5070430127773224,0.5391811146036403,0.49024056046647596,0.48338893444304953,0.5436999492247397
drift,omd_paper_v2_literal,0,86,3,1,0.2443761344882262,6.626395464891997,0.11981618041151572,0.18263959298299823,0.0,0.0,0.4718094192894942,0.48892737122189484,0.5302240525917317,0.5108408077997469,0.5139833668167851,0.5067174931850388,0.5386999798177998,0.49227145438827735,0.4811816773954327,0.5445778039078355
drift,omd_paper_v2_literal,0,87,3,0,0.24383431730830502,6.870229782200302,0.11995618304039452,0.1796388213632676,0.0,0.0,0.47060156621864113,0.4876277366867634,0.5306191364287485,0.5136561917482437,0.5161296979001786,0.5063944661654189,0.538222466219486,0.49428701453950324,0.4789920855738103,0.5454486477412442
drift,omd_paper_v2_literal,0,88,3,0,0.2432921816923314,7.113521963892634,0.11920570356161321,0.1773897767831021,0.0,0.0,0.47186749044700643,0.488989849890169,0.5302050595507735,0.5107054506677641,0.5138801768668945,0.5067330212839632,0.538722932601259,0.49217457016231997,0.481286952190332,0.5445359346456595
drift,omd_paper_v2_literal,0,89,3,1,0.24274972810136597,7.356271691993999,0.11847965056995535,0.1795398103077329,0.0,0.0,0.4731240923480869,0.49034170911605696,0.52979410788349,0.5077765348353828,0.5116473009819545,0.50706898146783,0.5392194949131152,0.49007855503268566,0.48356505162858604,0.5436299049315756
drift,omd_paper_v2_literal,0,90,3,1,0.24220695699832717,7.598478648992327,0.11859819138164192,0.18233891663638416,0.0,0.0,0.471915271960182,0.48904125758974876,0.5301894320131088,0.510594077656029,0.5137952712994828,0.506745797792346,0.5387418180258977,0.49209485427208377,0.4813735735266044,0.544501484149096
drift,omd_paper_v2_literal,0,91,3,1,0.24166386884799107,7.8401425178403175,0.11873418859905475,0.18574251726862312,0.0,0.0,0.47071598370569184,0.48775085719467737,0.5305817078148523,0.513389496568,0.5159263787183263,0.5064250699858606,0.5382677088902613,0.4940960513355318,0.47919949426400804,0.5453661558132779
drift,omd_paper_v2_literal,0,92,3,1,0.24112046411699034,8.081262981957307,0.11888710073023648,0.18970346969553584,0.0,0.0,0.4695261436550516,0.4864704246270642,0.5309709651380785,0.5161628440861218,0.5180407183497511,0.5061067743413264,0.537797134331479,0.49608222738413144,0.47704271549754307,0.5462239859619524
drift,omd_paper_v2_literal,0,93,3,0,0.24057674327381479,8.321839725231122,0.1190563902023663,0.1854848911730493,0.0,0.0,0.4683456679406562,0.4851998764552544,0.5313572336596438,0.518914179177251,0.5201383876544677,0.5057908872816979,0.5373300613177977,0.49805346564478464,0.4749031364049112,0.5470750403530836
drift,omd_paper_v2_literal,0,94,3,1,0.24003270678880945,8.561872432019932,0.11826475064642648,0.1893918629585278,0.0,0.0,0.4696093462863456,0.4865599685469555,0.5309437429029562,0.5159689151150381,0.5178928680937003,0.5061290351198579,0.5378300470631999,0.4959433156154763,0.4771935270405437,0.5461640008356893
drift,omd_paper_v2_literal,0,95,3,0,0.23948835513417566,8.801360787154108,0.11843174449144431,0.1852340283614817,0.0,0.0,0.46843283270922553,0.4852936985792372,0.5313287094701326,0.518711033543015,0.5199835006547072,0.505814215324819,0.5373645563525079,0.4979078892349706,0.47506111122357514,0.547012200351799
drift,omd_paper_v2_literal,0,96,4,1,0.2770382904198599,9.078399077573968,0.11764225870343561,0.18931576343744022,0.0,0.0,0.4696912808436698,0.4866481468130147,0.53091693591643,0.51577794092262,0.5177472710643231,0.5061509561610569,0.5378624572035727,0.495806524340333,0.47734204116774354,0.5461049298106574
drift,omd_paper_v2_literal,0,97,4,0,0.2764029459473324,9.3548020235213,0.11826261353268855,0.1849417430682446,0.0,0.0,0.469892868340372,0.4871717527206538,0.5326796977740902,0.5178537182440929,0.5204615165503942,0.5076653484843174,0.5383658970756313,0.4982466349525014,0.4746614875965783,0.5471123350601322
drift,omd_paper_v2_literal,0,98,9,1,0.0,9.3548020235213,0.11698068014197936,0.1945553828610411,0.0,0.0,0.46967571631957516,0.4866077194596651,0.530780797234232,0.5156176428471038,0.5175376536554422,0.506034022146426,0.5378235824777349,0.4956181258154089,0.47754906781873135,0.5460271304228084
drift,omd_paper_v2_literal,0,99,9,1,0.0,9.3548020235213,0.11610259062936915,0.20410244074248962,0.0,0.0,0.4681666044376031,0.48599064436916534,0.532438873736535,0.5164138654804985,0.5184898251261436,0.5064313161139797,0.5398170554632714,0.49542799456818787,0.47634662880575834,0.5484098763573493
drift,omd_paper_v2_literal,0,100,9,0,0.0,9.3548020235213,0.11524267155971181,0.19247882415268097,0.0,0.0,0.4666686028295345,0.48537791900410515,0.5340846675049824,0.5172044476634152,0.5194352171463018,0.5068258287498021,0.5417953534221819,0.49523919183331006,0.4751528546237302,0.5507737955263613
drift,omd_paper_v2_literal,0,101,3,1,0.23621565332110878,9.591017676842409,0.11563539804840174,0.1962542788167178,0.0,0.0,0.4684925187311072,0.4861239267785349,0.5320807946732349,0.516241891223094,0.5182841707059282,0.5063455027416729,0.5393865782309823,0.49546906211159186,0.47660632849523343,0.5478953960413682
drift,omd_paper_v2_literal,0,102,3,0,0.2356691088564638,9.826686785698872,0.11580791645554821,0.1922322679642842,0.0,0.0,0.4673236183731643,0.4848628090678453,0.5324558399667967,0.5189646354061673,0.5203560849802218,0.5060269407042323,0.5389181729144977,0.49741846306862686,0.4744932924504623,0.5487320687686357
drift,omd_paper_v2_literal,0,103,9,1,0.0,9.826686785698872,0.11501055928831841,0.20175449779057833,0.0,0.0,0.4685752561851952,0.4862131841724723,0.532054250979497,0.5160491615621966,0.5181375146796817,0.5063680474904774,0.5394197250987907,0.4953311056596026,0.47675590271058277,0.5478361735950128
drift,omd_paper_v2_literal,0,104,9,0,0.0,9.826686785698872,0.11414918851282352,0.19018792510121107,0.0,0.0,0.46708168003689515,0.48560317150767873,0.5336961660020771,0.5168350686129415,0.5190786100292679,0.5067620360416599,0.5413944163454912,0.49514059822798795,0.47556697498334904,0.5501944966203253
drift,omd_paper_v2_literal,0,105,4,0,0.2713079418284474,10.097994727527318,0.11454046777734056,0.1865530156543763,0.0,0.0,0.46889599914660546,0.48634415841526074,0.5317016424713488,0.5158804179859386,0.5179354458791608,0.5062834576782193,0.5389955982378497,0.4953720075044823,0.47701119856543367,0.5473295611901471
drift,omd_paper_v2_literal,0,106,9,0,0.0,10.097994727527318,0.11327136322622522,0.17512743867852518,0.0,0.0,0.4686708345080012,0.48577766192620914,0.5298226769888827,0.5136702422572675,0.5150402217935013,0.5046635344527123,0.5384634338004084,0.49276658996666256,0.47986945407986104,0.5462636601405527
drift,omd_paper_v2_literal,0,107,3,1,0.23293172645923815,10.330926453986557,0.11369437473781685,0.178416825296193,0.0,0.0,0.470469934797269,0.4865125035254469,0.527845337163917,0.5127253263386379,0.5139087170127291,0.5041903448389148,0.5360841220733157,0.49299782802165737,0.4812998335863036,0.5434207164526601
drift,omd_paper_v2_literal,0,108,3,1,0.23238332141300877,10.563309775399565,0.11383538823004553,0.1822717361621832,0.0,0.0,0.4692988236806287,0.48524727429252046,0.5282165085360587,0.5154544200686813,0.515983516901232,0.5038677293010793,0.5356092165382981,0.4949507427357636,0.4791836640158696,0.5442559045733268
drift,omd_paper_v2_literal,0,109,3,0,0.23183460800247968,10.795144383402045,0.11399315035792462,0.1781777816351352,0.0,0.0,0.46813677358894096,0.48399166011460276,0.528584883195702,0.5181622666232987,0.5180423114120898,0.5035475146191298,0.5351377859999474,0.49688925738640105,0.47708400182516236,0.5450846230523925
drift,omd_paper_v2_literal,0,110,3,0,0.23128558672761274,11.026429970129657,0.11320899274276719,0.17477893837458067,0.0,0.0,0.46937714863051305,0.48533189946834293,0.5281916819361467,0.5152718985605367,0.5158447504064033,0.5038893090847495,0.5356409848868883,0.4948201072433324,0.4793251916526762,0.5442000467436787
drift,omd_paper_v2_literal,0,111,5,0,0.25628101164279227,11.28271098177245,0.11244898775543712,0.1744615327971217,0.0,0.0,0.47060868672069633,0.48666239467858924,0.5278013660587012,0.5124019837415957,0.5136629025220143,0.5042285617338761,0.5361403751886094,0.4927664982293587,0.48155056151841574,0.5433217635813304
drift,omd_paper_v2_literal,0,112,9,1,0.0,11.28271098177245,0.11129751961481904,0.18393516562956885,0.0,0.0,0.4686645363225991,0.4841002346185416,0.5255008389859515,0.5127331203329075,0.5120882180513575,0.5013615887030177,0.5347526953904594,0.4914383804985929,0.48300820062852573,0.5428884029771338
drift,omd_paper_v2_literal,0,113,9,0,0.0,11.28271098177245,0.11038405614369265,0.17265530812250746,0.0,0.0,0.4671643031944325,0.48348861503441587,0.527152112639833,0.5135166616892914,0.513028724268483,0.5017568343874051,0.5367417928054492,0.49124067835010626,0.48181796162481155,0.5452619831379582
drift,omd_paper_v2_literal,0,114,3,1,0.22908643304855886,11.51179741482101,0.1108168285762696,0.17592583132246636,0.0,0.0,0.4689508267487466,0.48421692925519944,0.525185732682435,0.5125836234677401,0.5119087716042676,0.5012861806889103,0.5343730735732763,0.49147609983814383,0.4832353052768998,0.5424353296888066
drift,omd_paper_v2_literal,0,115,3,0,0.22853588001597325,11.740333294836983,0.11095424802872733,0.17249271709217587,0.0,0.0,0.4677907217978419,0.48296234621621,0.52555295937468,0.5152923114213159,0.5139684549297273,0.5009659737188294,0.5338992066213422,0.49341546979119855,0.4811347213734923,0.543262072668075
drift,omd_paper_v2_literal,0,116,9,1,0.0,11.740333294836983,0.11019321432876257,0.18193754293319442,0.0,0.0,0.46901491916904325,0.4842862365545397,0.5251654468125889,0.5124339764511496,0.511794985241618,0.5013038684312481,0.5343992474993083,0.49136897878310076,0.48335135645064997,0.5423896547454602
drift,omd_paper_v2_literal,0,117,9,1,0.0,11.740333294836983,0.10927866731776856,0.1913272213550085,0.0,0.0,0.46751933624994957,0.4836773904441922,0.5268125441341487,0.5132127903333484,0.5127310916675482,0.5016985239199945,0.5363843564663417,0.49116966748973656,0.48216612114411317,0.544757163942549
drift,omd_paper_v2_literal,0,118,9,1,0.0,11.740333294836983,0.10838252289169667,0.2006608015418479,0.0,0.0,0.46603462229933096,0.4830727819504457,0.5284477299409,0.5139861814619701,0.5136606680788927,0.502090461563567,0.5383546648049684,0.49097173049971116,0.4809892403705469,0.5471063811705562
drift,omd_paper_v2_literal,0,119,9,0,0.0,11.740333294836983,0.10750480516810926,0.18935792629778161,0.0,0.0,0.4645606939037568,0.48247237220685485,0.5300710887928526,0.5147541981736821,0.5145837708659643,0.502479706615902,0.5403102649419643,0.49077515484439366,0.47982064579293243,0.5494373998725333
drift,omd_paper_v2_literal,0,120,9,0,0.0,11.740333294836983,0.10790690346221986,0.17814489621867696,0.0,0.0,0.4663458449632324,0.4831995346237614,0.5281049611467672,0.5138240447343642,0.5134657891542858,0.5020082916773453,0.5379416850531238,0.4910132279370143,0.4812359574546544,0.5466140359100398
drift,omd_paper_v2_literal,0,121,5,0,0.25013488536236683,11.99046818019935,0.10832227897600209,0.17854898935345145,0.0,0.0,0.4681196278960834,0.483921789094424,0.5261514307258234,0.5129001646147002,0.5123553280883689,0.5015401006558126,0.5355876245426434,0.4912496751421481,0.48264187759834254,0.5438070300476749
drift,omd_paper_v2_literal,0,122,3,0,0.22467350251263113,12.215141682711982,0.10718883259748026,0.1757517970442472,0.0,0.0,0.46618796913766697,0.4813782306392039,0.523870153397929,0.5132293782781674,0.510792919092681,0.49869472167816736,0.5342142924840979,0.48992996469993644,0.4840875762321813,0.5433816703617781
drift,omd_paper_v2_literal,0,123,5,0,0.24890183889274603,12.464043521604728,0.10643666090032831,0.1767957178852548,0.0,0.0,0.4673993747604653,0.48269161822691714,0.5234894436686762,0.5103896542584028,0.5086341119366401,0.4990312444394656,0.5347173045097843,0.4878950279442765,0.48628871419355485,0.5425217330780697
drift,omd_paper_v2_literal,0,124,3,0,0.22356724748802026,12.687610769092748,0.105329280156338,0.17463354653816657,0.0,0.0,0.4654816295767182,0.48016628375954734,0.5212226384803238,0.5107160750204649,0.5070815439762089,0.49620557802675147,0.5333532014088471,0.48658435322411764,0.48772555585452665,0.5420989288024882
drift,omd_paper_v2_literal,0,125,9,0,0.0,12.687610769092748,0.10459935467314936,0.1639993690791012,0.0,0.0,0.4666842216031898,0.4814700296926976,0.5208438035582245,0.507894939645988,0.504936418658084,0.49653918676210473,0.533852640171081,0.48456350768492645,0.4899130275374384,0.5412443116031449
drift,omd_paper_v2_literal,0,126,5,1,0.24704990188818876,12.934660670980938,0.10507696166581108,0.1628622750932558,0.0,0.0,0.46843746486999377,0.48218379585719484,0.5189120058959297,0.5069844307187823,0.5038416383516863,0.4960777646522271,0.5315233064316929,0.48480031625724657,0.49130055979242165,0.5384658413269064
drift,omd_paper_v2_literal,0,127,5,0,0.2464319605385245,13.181092631519462,0.10557446611138793,0.16398141083457837,0.0,0.0,0.4703720392859601,0.4847297120116996,0.5211971833349436,0.5066557140955487,0.5054068970106356,0.49892555190303384,0.5328981306989714,0.48612158585599125,0.4898517985837157,0.538891941644537
drift,omd_paper_v2_literal,0,128,3,0,0.22135113995808958,13.402443771477552,0.10447933626116711,0.1626868062747616,0.0,0.0,0.46846024392850677,0.48221377528050147,0.51893892438268,0.5069805592909867,0.5038600736951743,0.496111303368657,0.5315395012609468,0.4848158763192822,0.49128349609878463,0.5384708600547667
drift,omd_paper_v2_literal,0,129,5,0,0.24519513773700974,13.647638909214562,0.10378734245897248,0.16447127048736446,0.0,0.0,0.46965100160776774,0.48350449955632296,0.5185634250892839,0.5041852077782955,0.5017341996031099,0.49644085534744303,0.5320352292706322,0.48281322801696874,0.49345146361759396,0.5376243373566189
drift,omd_paper_v2_literal,0,130,9,0,0.0,13.647638909214562,0.10271959124162215,0.15438810688123722,0.0,0.0,0.4677528866592978,0.4810064811788107,0.5163196630736431,0.5045072691551994,0.5001973884454934,0.4936461517585269,0.5306857121002815,0.4815165874371287,0.4948741323621095,0.5372057964494438
drift,omd_paper_v2_literal,0,131,3,0,0.2196859282907926,13.867324837505354,0.10323348543379944,0.15397861169837515,0.0,0.0,0.469491584208221,0.48171519958608827,0.5144066442461799,0.5036063292962683,0.49911524279691005,0.4931913991538741,0.5283768529212731,0.48175352060197874,0.49624672170948375,0.5344502978728335
drift,omd_paper_v2_literal,0,132,5,0,0.2433375618916876,14.110662399397041,0.10257900818984539,0.15664625993824013,0.0,0.0,0.47067121487826763,0.48299397063038474,0.514034612280047,0.5008349271605163,0.49700758462144917,0.4935177402663474,0.5288696665342169,0.47976830075813764,0.4983963443952367,0.5336113241761123
drift,omd_paper_v2_literal,0,133,6,1,0.012900383868576393,14.123562783265617,0.10155295297487998,0.16364928504226084,0.0,0.0,0.4687871304727518,0.4805155763381851,0.5118074293496704,0.5011541601133851,0.4954825946784545,0.4907452938897895,0.5275302968720962,0.4784818311526128,0.49980827832638397,0.5331960872610063
drift,omd_paper_v2_literal,0,134,6,1,0.012873265991652283,14.13643604925727,0.10062462045420811,0.17088208645318056,0.0,0.0,0.4683764256007713,0.48115017637250146,0.5138450576362208,0.5006912856538105,0.4959534006576461,0.49202938227235593,0.5299833810189678,0.4778618204988115,0.49914993482701103,0.5352205685296899
drift,omd_paper_v2_literal,0,135,6,1,0.01284608939407439,14.149282138651344,0.09971474477502906,0.17830599517923937,0.0,0.0,0.4679686000116475,0.48178045319344964,0.5158681560829361,0.500231607260214,0.49642096171455324,0.49330470512211944,0.5324180882812751,0.47724615998014036,0.4984961416548237,0.5372299182057413
drift,omd_paper_v2_literal,0,136,6,1,0.012818854153487602,14.162100992804831,0.09882338512285438,0.1858880444406854,0.0,0.0,0.4675636271624647,0.48240644406671546,0.5178767985804512,0.4997750961945111,0.4968853069307408,0.49457132579574054,0.5348344909049029,0.47663481049108236,0.4978468589601096,0.5392242252431532
drift,omd_paper_v2_literal,0,137,6,1,0.012791560348091813,14.174892553152922,0.09795059766895349,0.19360017527064538,0.0,0.0,0.46716148068587265,0.4830281860827802,0.5198710606987618,0.4993217238905335,0.4973464652163202,0.49582930779552953,0.5372326644480605,0.4760277331494715,0.4972020470934376,0.5412035800262032
drift,omd_paper_v2_literal,0,138,6,1,0.012764208056641468,14.187656761209563,0.09709643538609905,0.20141851380703718,0.0,0.0,0.4667621343933838,0.4836457161495491,0.521851019592262,0.49887146195827076,0.4978044653055628,0.4970787147390465,0.5396126876225947,0.4754248893028476,0.4965616666131371,0.5431680742750594
drift,omd_paper_v2_literal,0,139,6,0,0.012736797358446239,14.20039355856801,0.09626094785527176,0.19224608687541495,0.0,0.0,0.4663655622784429,0.4842590709853776,0.5238167539076378,0.49842428218784807,0.4982593357527841,0.49831961032988054,0.5419746421395434,0.47482624053442574,0.49592567829236045,0.5451178009544475
drift,omd_paper_v2_literal,0,140,6,1,0.012709328333370018,14.21310288690138,0.09657956921237343,0.20001825826341701,0.0,0.0,0.46683162223668956,0.48353825510816384,0.5215065313489584,0.49894981264927074,0.4977247676880345,0.4968613003693775,0.5391986626786253,0.47552978603144674,0.49667309949743627,0.542826324218113
drift,omd_paper_v2_literal,0,141,6,1,0.012681801061831588,14.22578468796321,0.0957431133297593,0.20787903532066887,0.0,0.0,0.46643603936958467,0.4841500599014296,0.5234674488932619,0.49850375637634053,0.49817849435452266,0.49809907207618703,0.5415550020718622,0.47493262924909824,0.4960387074558267,0.5447713880367147
drift,omd_paper_v2_literal,0,142,6,0,0.012654215624804399,14.238438903588015,0.09492534556822038,0.1985837899296686,0.0,0.0,0.46604318901140745,0.4847577502613923,0.5254143126448814,0.4980607365125825,0.4986291377650891,0.4993284476157887,0.543893475704344,0.4743396052480552,0.495408643138478,0.5467018705981771
drift,omd_paper_v2_literal,0,143,9,0,0.0,14.238438903588015,0.09522751292563236,0.18863804880742677,0.0,0.0,0.4665084774906551,0.48403801930792467,0.5231084074402937,0.4985854404439992,0.49809540523950513,0.4978724024707839,0.5411236323697717,0.47504197850084434,0.4961548798463122,0.544415297863005
drift,omd_paper_v2_literal,0,144,5,1,0.23587945584196085,14.474318359429976,0.09571182523387525,0.18784778539470778,0.0,0.0,0.4682602740755722,0.48476568689321936,0.5212088344832123,0.4976679143327784,0.49700995505675133,0.4974337626283625,0.5388342645759923,0.4752729666024737,0.4975312347423531,0.541667191292794
drift,omd_paper_v2_literal,0,145,5,0,0.2352559595119022,14.709574318941877,0.09623833226489563,0.18863078587074394,0.0,0.0,0.4701794433643362,0.4872804214807183,0.523449933356537,0.49734758923541106,0.49855537225214414,0.5002402486957608,0.5401677803980606,0.47658577580101824,0.4961026907022665,0.5420683861486557
drift,omd_paper_v2_literal,0,146,6,1,0.012543293860676541,14.722117612802554,0.09510380028955777,0.1964416615428373,0.0,0.0,0.4682727030368991,0.4847819743993944,0.5212233546323035,0.49766583933678055,0.4970199657486572,0.49745194204607496,0.5388429045829872,0.4752814695872393,0.4975219808200182,0.5416697903117833
drift,omd_paper_v2_literal,0,147,6,1,0.01251541883020657,14.734633031632761,0.09426890153463258,0.20433524405676798,0.0,0.0,0.4678776196918549,0.4853879882988477,0.5231699983312557,0.49722114465345335,0.4974679097815812,0.49867927923407884,0.5411844638734382,0.4746850398246764,0.4968942845041137,0.5436033331480729
drift,omd_paper_v2_literal,0,148,6,1,0.012487486131727232,14.747120517764488,0.09345267428918608,0.21229438068082832,0.0,0.0,0.46748524469352776,0.48598995158551966,0.5251027975459037,0.496779457887147,0.49791283232620775,0.4998983425021758,0.5435084089395912,0.4740927099658924,0.49627083747475553,0.5455225165882852
drift,omd_paper_v2_literal,0,149,6,1,0.01245949585009043,14.759580013614578,0.09265517335168887,0.2203044774249773,0.0,0.0,0.4670955530996793,0.4865878994307508,0.5270218305584184,0.49634075192728616,0.49835476051145544,0.5011091936494787,0.5458148232873576,0.47350444305163797,0.4956516023490495,0.5474274317930409
drift,omd_paper_v2_literal,0,150,6,1,0.012431448070701734,14.77201146168528,0.09187644963970477,0.22835308862939835,0.0,0.0,0.4667085201489571,0.4871818668074035,0.528927176851675,0.49590499984567765,0.4987937212861071,0.5023118944830015,0.5481037929182657,0.47292020236250903,0.49503654196439906,0.5493181709050016
drift,omd_paper_v2_literal,0,151,6,1,0.012403342879520274,14.7844148045648,0.09111654994306836,0.23642957472814777,0.0,0.0,0.46632412126309836,0.48777188848459013,0.5308189170318621,0.495472174899428,0.49922974141580584,0.5035065067940179,0.5503754061977906,0.4723399514234067,0.494425619383822,0.5511948269725575
drift,omd_paper_v2_literal,0,152,6,0,0.012375180363057958,14.796789984927859,0.09037551667050049,0.22653037023821415,0.0,0.0,0.46594233204895075,0.48835799902272065,0.5326971327535653,0.4950422505336501,0.49966284748026557,0.5046930923353972,0.5526297537274936,0.4717636540076883,0.4938187979009338,0.5530574938761315
drift,omd_paper_v2_literal,0,153,6,1,0.012346960608380253,14.809136945536238,0.09060630175364509,0.23457132661988153,0.0,0.0,0.4664108110519369,0.48763881819253474,0.5303923493222616,0.49556978909684846,0.4991314059149606,0.5032370895604241,0.5498632705339042,0.4724708086215576,0.4945633990215289,0.5507717111246759
drift,omd_paper_v2_literal,0,154,6,1,0.012318683703105182,14.821455629239344,0.0898635879179837,0.24263285893549286,0.0,0.0,0.4660298518226322,0.48822363320455503,0.5322666410450307,0.49514080793580184,0.49956355999655855,0.5044210776764797,0.5521131434429806,0.4718957607366617,0.4939579071696388,0.5526306163676714
drift,omd_paper_v2_literal,0,155,6,1,0.012290349735403217,14.833745978974747,0.08913976806038852,0.25070694524038467,0.0,0.0,0.4656514643630207,0.4888045923995643,0.5341275718353511,0.4947146856426196,0.49999284184599396,0.5055971458018722,0.5543459495250516,0.47132460949084026,0.4933564580569141,0.5544757086251395
drift,omd_paper_v2_literal,0,156,6,0,0.012261958793997607,14.846007937768745,0.08843487949317272,0.24064999182330488,0.0,0.0,0.4652756248793314,0.48938172957754067,0.5359752240988441,0.4942913962924772,0.5004192774160785,0.506765354883427,0.5565617819859824,0.4707573195040155,0.49275901579958853,0.5563070820175983
drift,omd_paper_v2_literal,0,157,6,1,0.012233510968163941,14.858241448736909,0.08863071032921177,0.24869160802346002,0.0,0.0,0.4657442297731749,0.4886621560858214,0.5336714143113798,0.4948191571304405,0.4998875950194587,0.5053088150404853,0.5537987330377869,0.47146463144669337,0.493503913301541,0.5540234852583329
drift,omd_paper_v2_literal,0,158,6,1,0.012205006347729364,14.870446455084638,0.0879238985127527,0.25674044437289084,0.0,0.0,0.46536916291596236,0.4892380847100245,0.5355154570754157,0.49439674692961283,0.5003131430160472,0.50647460879139,0.5560104960511382,0.4708985038203226,0.49290770977265486,0.555851417313154
drift,omd_paper_v2_literal,0,159,6,0,0.012176445023072913,14.88262290010771,0.0872360491769976,0.24664702041379571,0.0,0.0,0.4649966075008021,0.48981024475097135,0.5373463819086103,0.4939771294362116,0.5007358850900203,0.5076326472299586,0.558205482215638,0.47033618257459625,0.49231545675381255,0.5576658029615844
drift,omd_paper_v2_literal,0,160,9,1,0.0,14.88262290010771,0.08741431960225146,0.2546839740224914,0.0,0.0,0.4654642408595878,0.48909208068660537,0.5350480713596953,0.4945038296419253,0.5002052641397418,0.506179079448375,0.5554500077070466,0.4710420134437424,0.49305884899695734,0.5553881669191812
drift,omd_paper_v2_literal,0,161,9,1,0.0,14.88262290010771,0.08656254402456912,0.2627227788813183,0.0,0.0,0.46404324557055554,0.48848608109784286,0.5365551669776045,0.49526026383009886,0.5010813432579164,0.506512702382184,0.5572612928246972,0.470864217620328,0.491949056925657,0.557581173620404
drift,omd_paper_v2_literal,0,162,9,1,0.0,14.88262290010771,0.08573051376330726,0.27075805437257155,0.0,0.0,0.4626321498697007,0.48788409038143554,0.5380517151331671,0.4960117572926532,0.5019516687219634,0.5068441310024022,0.559059189352032,0.4706875954603152,0.4908466236450704,0.5597575734968173
drift,omd_paper_v2_literal,0,163,9,1,0.0,14.88262290010771,0.08491834351117183,0.2787851398799162,0.0,0.0,0.4612308786331981,0.48728607295851767,0.539537793519801,0.49675835199427193,0.5028162884215741,0.5071733853100171,0.560843790960217,0.47051213611105,0.4897514911093366,0.5619174621931348
drift,omd_paper_v2_literal,0,164,9,0,0.0,14.88262290010771,0.08412614500802931,0.26847440496368485,0.0,0.0,0.45983935676157145,0.4866919934985164,0.5410134799099043,0.4975000896592527,0.5036752500089366,0.5075004851479542,0.5626151917845783,0.47033782880998337,0.4886636014404378,0.5640609369163153
drift,omd_paper_v2_literal,0,165,9,1,0.0,14.88262290010771,0.08445393159556314,0.2764743533093884,0.0,0.0,0.46162824107460926,0.4874556769705276,0.5391163873453371,0.4965466037714645,0.5025710694562786,0.5070800039607064,0.5603378061848687,0.4705618985469475,0.4900620792790016,0.5613051167324826
drift,omd_paper_v2_literal,0,166,9,1,0.0,14.88262290010771,0.08365958418872656,0.28446325679685214,0.0,0.0,0.4602391324979616,0.48686269208044164,0.5405895297559073,0.49728695803054085,0.5034284386125357,0.507406497164715,0.562106360198701,0.470387913403583,0.48897618432102635,0.5634452738921135
drift,omd_paper_v2_literal,0,167,9,1,0.0,14.88262290010771,0.08288530925846643,0.2924374962267723,0.0,0.0,0.4588596477372944,0.48627359105069573,0.5420524124467538,0.4980225207123473,0.5042802252631807,0.5077308658485272,0.5638618783792769,0.47021506418951897,0.48789743757237874,0.5655692087365439
drift,omd_paper_v2_literal,0,168,9,1,0.0,14.88262290010771,0.08213121653021137,0.30039392163102097,0.0,0.0,0.45748971263283444,0.48568833937107336,0.5435051123838793,0.49875333265714034,0.5051264761099533,0.5080531293646068,0.5656044544723257,0.4700433404152337,0.4868257821164637,0.5676770198047496
drift,omd_paper_v2_literal,0,169,9,0,0.0,14.88262290010771,0.0813974115276959,0.28993160849393984,0.0,0.0,0.45612925311920377,0.4851069027836707,0.5449477065273679,0.49947943445402126,0.5059672376003123,0.508373306907376,0.5673341825374002,0.4698727316807882,0.4857611612392771,0.5697688069154058
drift,omd_paper_v2_literal,0,170,6,1,0.01185855437318839,14.8944814544809,0.0816684796887435,0.2976419710844841,0.0,0.0,0.4579194927489707,0.48587197126305376,0.5430493731885322,0.4985240230469871,0.5048609485699233,0.5079520125558481,0.5650578540049769,0.470097221898194,0.48716202584432905,0.5670159061204564
drift,omd_paper_v2_literal,0,171,6,1,0.011829319847926345,14.906310774328826,0.0810709856163512,0.305349541580115,0.0,0.0,0.45757509375040556,0.48643841838513824,0.5448132271347793,0.4981043248192684,0.505262241530597,0.509078343802254,0.5671679833734968,0.46955055758406833,0.4865984921295664,0.5687491264684373
drift,omd_paper_v2_literal,0,172,6,1,0.011800029843458737,14.918110804172285,0.08049306091491687,0.31305044975672863,0.0,0.0,0.45723295691844973,0.4870012453733876,0.5465645881879939,0.4976873370714925,0.5056609386905493,0.5101973168688557,0.5692620883724269,0.46900749262291197,0.48603862799508674,0.570469498237652
drift,omd_paper_v2_literal,0,173,6,0,0.011770684457859892,14.929881488630144,0.07993471741886257,0.30286115757301096,0.0,0.0,0.45689306132922314,0.4875604838111721,0.5483035404056376,0.49727303538751727,0.5060570635230148,0.5113089893469808,0.5713402695051084,0.4684679944003943,0.4854824006934012,0.572177117011403
drift,omd_paper_v2_literal,0,174,9,0,0.0,14.929881488630144,0.0799809757564172,0.29254247020619195,0.0,0.0,0.45734319402294515,0.4868198906129012,0.5460003977557029,0.4978216963027599,0.5055324733927545,0.5098367779897208,0.5685876038406157,0.46918246814776726,0.48621902065429534,0.5699153530669578
drift,omd_paper_v2_literal,0,175,6,1,0.011711827938301389,14.941593316568445,0.0802418807578872,0.3002583841672089,0.0,0.0,0.4591293981297541,0.4875880193793853,0.544117560457394,0.4968646641735056,0.504430424475954,0.5094239118376617,0.5663305147362853,0.4694028247907113,0.4876141740276442,0.5671783886764296
drift,omd_paper_v2_literal,0,176,6,0,0.011682317003224418,14.95327563357167,0.07966313586044574,0.2901701013663301,0.0,0.0,0.45878986929779847,0.48815006406149275,0.5458624225068341,0.4964479249046127,0.5048268751264327,0.5105392136286443,0.5684172798423405,0.46886156677654706,0.4870572698580749,0.5688925585397012
drift,omd_paper_v2_literal,0,177,5,0,0.2151474827611401,15.168423116332809,0.07972736777506088,0.28967016686723257,0.0,0.0,0.45923419284476436,0.4874145646917844,0.5435788318653982,0.49699328117714425,0.5043080688026731,0.5090796825204752,0.5656860083094413,0.4695698850636675,0.48778605477109804,0.5666490263468771
drift,omd_paper_v2_literal,0,178,9,1,0.0,15.168423116332809,0.07835404393753781,0.29747157889205894,0.0,0.0,0.4572918392536627,0.484886098523305,0.5413696362722495,0.4973104717272655,0.5027594084589194,0.506271897641426,0.5644034529122447,0.46823528404019904,0.48921204250096156,0.5662908530321712
drift,omd_paper_v2_literal,0,179,9,0,0.0,15.168423116332809,0.07761070668637866,0.2872718079899448,0.0,0.0,0.4559359536708457,0.48430065380864756,0.5427966292598841,0.49803878533179735,0.5035954199722913,0.5065821338220493,0.5661146279687767,0.4680690638745132,0.4881535983675828,0.5683671737045527
drift,omd_paper_v2_literal,0,180,9,1,0.0,15.168423116332809,0.07788626599325697,0.29504835035434435,0.0,0.0,0.45771012358766927,0.48506665836764534,0.5409294129782495,0.4970858616590841,0.5025015788202463,0.5061762196850466,0.5638754141668837,0.468286547834426,0.4895384870833405,0.5656500415199366
drift,omd_paper_v2_literal,0,181,9,0,0.0,15.168423116332809,0.07714044925675931,0.2849076487952742,0.0,0.0,0.45635636008053343,0.4844822022437891,0.542354176751001,0.49781292608350225,0.503336165361936,0.5064859266355546,0.565584140027033,0.46812060985499715,0.4884818228393931,0.5677235368488266
drift,omd_paper_v2_literal,0,182,5,1,0.21197884369456682,15.380401960027376,0.07741670146978026,0.2853673199502987,0.0,0.0,0.4581231418144276,0.48524492357686616,0.5404947308817021,0.49686411194687613,0.5022470299512007,0.5060817592296197,0.5633539550239736,0.4683371597163547,0.48986078490211904,0.5650171719386019
drift,omd_paper_v2_literal,0,183,5,1,0.21134427506467635,15.591746235092053,0.07814888280999496,0.2862336661546818,0.0,0.0,0.46000613582958155,0.4876942932115208,0.5426333379552779,0.4965561609096906,0.503745941136592,0.508800630869593,0.5645949042647675,0.46962983988341944,0.4884808494072299,0.5653620654707389
drift,omd_paper_v2_literal,0,184,5,0,0.21070942772494333,15.802455662816996,0.07889911427648501,0.2853415163988089,0.0,0.0,0.46187646673481075,0.4901263058463275,0.5447547266908572,0.49625046823377844,0.5052338060941262,0.5114990720334539,0.5658259635414746,0.4709134542151862,0.4871111956785431,0.5657043700422395
drift,omd_paper_v2_literal,0,185,5,0,0.21007430234843144,16.012529965165427,0.07750197947661028,0.2848925338783157,0.0,0.0,0.45993242095988773,0.4875984225550463,0.5425496702311716,0.49656821286489344,0.5036872806879799,0.5086942335755026,0.5645463534591635,0.46957924164575315,0.4885348515378058,0.5653485688702297
drift,omd_paper_v2_literal,0,186,9,1,0.0,16.012529965165427,0.0761350520738132,0.29264288843629044,0.0,0.0,0.45800377080151955,0.48508961854803223,0.5403590591760347,0.4968836408589934,0.5021519742960072,0.5059093271510352,0.5632752328447512,0.4682551980671269,0.48994829945627116,0.5649952982612627
drift,omd_paper_v2_literal,0,187,9,1,0.0,16.012529965165427,0.07538911502023096,0.3003808480206079,0.0,0.0,0.456650565167693,0.4845040977177531,0.5417799311673032,0.4976097435283279,0.502983923792827,0.5062162556102274,0.564980607467273,0.4680884621897439,0.48889451329702305,0.567065775186482
drift,omd_paper_v2_literal,0,188,9,0,0.0,16.012529965165427,0.0746643613718558,0.2902321479565427,0.0,0.0,0.4553065588143408,0.4839223253843588,0.5431911362690314,0.49833125993781335,0.5038105906667586,0.506521236562029,0.5666736651993924,0.4679227888141762,0.4878474953800804,0.5691208287272492
drift,omd_paper_v2_literal,0,189,9,1,0.0,16.012529965165427,0.07491713772456365,0.2979460095356809,0.0,0.0,0.4570706949711818,0.48468590913851334,0.5413387937099889,0.4973842729407291,0.5027255884293643,0.5061209486909544,0.5644512172783149,0.4681402362450679,0.48922172479536863,0.5664230979821718
drift,omd_paper_v2_literal,0,190,9,0,0.0,16.012529965165427,0.07418986734250958,0.2878554220550239,0.0,0.0,0.45572874285715975,0.48410509910674976,0.5427478444608559,0.4981045766047389,0.5035508746046901,0.5064254196732676,0.5661419144793779,0.4679748384923573,0.4881764312151701,0.5684754352039622
drift,omd_paper_v2_literal,0,191,5,0,0.20625774922725215,16.21878771439268,0.0744434423583693,0.2878418164992004,0.0,0.0,0.45748558191191163,0.4848654297502638,0.5409031606085861,0.4971616492399402,0.5024705122933937,0.5060268442795246,0.5639283647257328,0.46819135749198676,0.4895448153610187,0.5657883132218301
drift,omd_paper_v2_literal,0,192,9,1,0.0,16.21878771439268,0.07309549052071204,0.29551116553352647,0.0,0.0,0.4555703198630892,0.48237435978804705,0.538728741495914,0.4974758276822545,0.5009471177609843,0.5032616469442763,0.5626680958904217,0.46687689699865825,0.4909469958328001,0.5654403889772487
drift,omd_paper_v2_literal,0,193,9,0,0.0,16.21878771439268,0.07235202497025783,0.28551913330552503,0.0,0.0,0.4542298948502543,0.4817937452910754,0.5401373080438384,0.4981955551998541,0.5017713900545998,0.5035653246827079,0.564358615175684,0.4667114366075339,0.4899027631962111,0.5674919311376002
drift,omd_paper_v2_literal,0,194,9,0,0.0,16.21878771439268,0.07262043929747437,0.2756582976558098,0.0,0.0,0.45597774636269145,0.4825507932936463,0.5383006145595994,0.4972571350932119,0.5006966553085144,0.5031693717326645,0.562154128764043,0.46692717480617296,0.49126430970391166,0.5648165650340693
drift,omd_paper_v2_literal,0,195,5,0,0.2037079058739102,16.422495620266588,0.072910062282893,0.2761354564643673,0.0,0.0,0.4577156895520573,0.4833031635073222,0.5364744318786758,0.4963246309771823,0.4996286676037292,0.5027759029404026,0.5599610607872906,0.46714156959808784,0.4926174289286743,0.5621542654810213
drift,omd_paper_v2_literal,0,196,9,1,0.0,16.422495620266588,0.07161043268903287,0.2837270963446399,0.0,0.0,0.4558149692790405,0.48083266352700393,0.5343161446835389,0.49663678858957866,0.49811845719186365,0.5000334926050253,0.5587100419742126,0.46583815802420625,0.49400751871716275,0.5618101876846616
drift,omd_paper_v2_literal,0,197,9,1,0.0,16.422495620266588,0.07082652759297171,0.2913147108021016,0.0,0.0,0.45446921145543584,0.4802495907782228,0.5357312164849766,0.4973591600415213,0.4989453919866698,0.5003377224541661,0.5604097546002059,0.46567188396529907,0.49295959930138,0.5638729810703924
drift,omd_paper_v2_literal,0,198,9,1,0.0,16.422495620266588,0.07006422078149666,0.29889463668146216,0.0,0.0,0.45313253818875826,0.4796702220133655,0.5371368586737012,0.49807701955822653,0.4997671549582651,0.5006400472328223,0.5620974227451043,0.4655066585268281,0.49191830230765954,0.5659206718695379
drift,omd_paper_v2_literal,0,199,9,0,0.0,16.422495620266588,0.0693237381900503,0.28900016272086454,0.0,0.0,0.4518048810103508,0.4790945253172787,0.5385331387829563,0.4987904042150561,0.5005837876336774,0.5009404836618668,0.563773129755185,0.4653424723472331,0.4908835772030995,0.5679533489741829
drift,omd_paper_v2_literal,0,200,9,0,0.0,16.422495620266588,0.06958693732502749,0.27923588587270803,0.0,0.0,0.45353943735316055,0.47984661362913916,0.5367089517109244,0.49785845570445586,0.4995169568089856,0.5005480000509737,0.5615837376751801,0.46555696303963334,0.49223533346970366,0.5652974572317329
drift,omd_paper_v2_literal,0,201,5,1,0.19987503924876632,16.622370659515354,0.0698720688867191,0.2787674726185697,0.0,0.0,0.45526430035893867,0.4805941046166935,0.5348951609700412,0.4969323308409462,0.49845677997431004,0.5001579621558728,0.5594056139119836,0.4657701294114383,0.4935787766391554,0.5626544006502867
drift,omd_paper_v2_literal,0,202,5,0,0.19923529189976902,16.821605951415123,0.07056138967251005,0.2792387867714526,0.0,0.0,0.4571518724701662,0.4830463984230221,0.5370347824348864,0.4966216216475245,0.49995438884172433,0.502879026406414,0.5606444652107814,0.4670637737303242,0.49220069238868874,0.5629930380854706
drift,omd_paper_v2_literal,0,203,9,1,0.0,16.821605951415123,0.06925083928406503,0.28677500332877864,0.0,0.0,0.45525627374572947,0.4805836750078802,0.5348860566880309,0.4969336525351596,0.49845040951368313,0.5001463872091658,0.5594003425175893,0.46576462750220793,0.4935846389315524,0.5626529600357003
drift,omd_paper_v2_literal,0,204,9,1,0.0,16.821605951415123,0.0684850916436773,0.29430572557586016,0.0,0.0,0.453923053502692,0.4800052826775112,0.536286343239465,0.4976491601867551,0.4992687382153994,0.5004465761624858,0.5610825429862589,0.4655994458765414,0.4925474430859827,0.5646947719485356
drift,omd_paper_v2_literal,0,205,9,1,0.0,16.821605951415123,0.06774140636614241,0.30182754731627104,0.0,0.0,0.4525987661378128,0.47943053493736726,0.5376773681584929,0.4983602344735509,0.500081989435243,0.5007449007886742,0.5627529084370224,0.465435297412219,0.49151675119124427,0.5667217337616464
drift,omd_paper_v2_literal,0,206,9,1,0.0,16.821605951415123,0.06702002846104949,0.3093374634652949,0.0,0.0,0.45128334466486075,0.4788594005954254,0.539059197509549,0.49906691159557487,0.5008902037016905,0.5010413773406486,0.5644115205215798,0.465272172949635,0.4904925138821846,0.5687339328887577
drift,omd_paper_v2_literal,0,207,9,1,0.0,16.821605951415123,0.06632119821639484,0.316832820251319,0.0,0.0,0.4499767222052818,0.47829184868185015,0.5404318973567541,0.49976922753881947,0.5016934213333044,0.5013360219437465,0.5660584611383681,0.4651100634047954,0.4894746819592037,0.570731457782166
drift,omd_paper_v2_literal,0,208,9,1,0.0,16.821605951415123,0.06564515008286435,0.3243112722976876,0.0,0.0,0.4486788320071657,0.4777278484508612,0.5417955337414668,0.5004672180714844,0.5024916824333882,0.5016288505952449,0.5676938123939856,0.464948959769452,0.48846320639824736,0.5727143978614258
drift,omd_paper_v2_literal,0,209,9,1,0.0,16.821605951415123,0.06499211150341828,0.3317707455532578,0.0,0.0,0.4473896074633943,0.4771673693824281,0.5431501726607344,0.5011609187404621,0.5032850268849483,0.5019198791639543,0.5693176565660527,0.4647888531111992,0.48745803836032725,0.5746828434443249
drift,omd_paper_v2_literal,0,210,9,1,0.0,16.821605951415123,0.06436230169369946,0.33920940520257536,0.0,0.0,0.4461089821289966,0.4766103811837997,0.5444958800466191,0.50185036486806,0.5040734943459523,0.5022091233898829,0.5709300760674699,0.4646297345735335,0.4864591292005829,0.5766368856801027
drift,omd_paper_v2_literal,0,211,9,0,0.0,16.821605951415123,0.06375593037996165,0.32906506855313783,0.0,0.0,0.4448368897377313,0.4760568537908731,0.5458327217463738,0.5025355915489498,0.5048571242448721,0.5024965988839705,0.5725311534120411,0.4644715953758791,0.4854664304768989,0.5785766164848659
drift,omd_paper_v2_literal,0,212,9,1,0.0,16.821605951415123,0.0638803620939761,0.33648464139980944,0.0,0.0,0.4465728939416373,0.4768121813540875,0.544008380128865,0.5016005668410857,0.5037878205726806,0.5021043251777667,0.570346039597403,0.46468738524461883,0.48682103983520586,0.5759291746697244
drift,omd_paper_v2_literal,0,213,9,1,0.0,16.821605951415123,0.06327087226483845,0.3438825068593403,0.0,0.0,0.4453022992277277,0.4762593974396315,0.5453436114254329,0.5022848498436709,0.5045703757799453,0.5023914041333094,0.57194545102148,0.4645294618887987,0.4858296724634756,0.577867095363269
drift,omd_paper_v2_literal,0,214,9,1,0.0,16.821605951415123,0.06268509671884133,0.3512571785670782,0.0,0.0,0.44404013440846857,0.47571003060997746,0.5466700822648812,0.5029649657492183,0.5053481529517334,0.5026767368501939,0.5735336539303489,0.4643725053347698,0.48484444043011343,0.5797908659023431
drift,omd_paper_v2_literal,0,215,9,1,0.0,16.821605951415123,0.06212323201673488,0.35860734121947574,0.0,0.0,0.4427863342543498,0.4751640514969487,0.5479878576071581,0.5036409489004251,0.5061211907119427,0.5029603385622102,0.5751107300408219,0.46421650701920986,0.4838652961600974,0.5817005783174677
drift,omd_paper_v2_literal,0,216,9,0,0.0,16.821605951415123,0.061585461284511825,0.34837346199945024,0.0,0.0,0.44154083375153486,0.47462143096056864,0.549297002281077,0.5043128334087319,0.5068895274480042,0.5032422243755459,0.5766767610862252,0.46406145845354463,0.4828921922985775,0.583596325237636
drift,omd_paper_v2_literal,0,217,9,1,0.0,16.821605951415123,0.06163660898162372,0.35570681378609065,0.0,0.0,0.4432760999413239,0.4753773549872504,0.5474730904068771,0.5033768481321099,0.5058191731714524,0.5028495374363431,0.574494756799659,0.4642774537137333,0.48424782712271947,0.5809547542605145
drift,omd_paper_v2_literal,0,218,9,0,0.0,16.821605951415123,0.06109557327889215,0.3455275988774297,0.0,0.0,0.44203185603353246,0.4748353827997416,0.548780878214106,0.504047906556599,0.5065865707934758,0.5031310751409078,0.5760594466480927,0.46412259431714087,0.4832758786081071,0.5828491114339195
drift,omd_paper_v2_literal,0,219,6,1,0.01036274109757751,16.8319686925127,0.06114885883546448,0.3523194810403409,0.0,0.0,0.44376007295119946,0.4755880972923207,0.546964425681576,0.5031159275571284,0.5055207903479102,0.5027400710339708,0.5738859779899045,0.4643376671337473,0.48462576725183737,0.5802175528559733
drift,omd_paper_v2_literal,0,220,6,0,0.010330913410547593,16.842299605923248,0.06068583130366946,0.34316761083854835,0.0,0.0,0.4434719419426638,0.47614550950238527,0.5486003582986747,0.5026801594303113,0.5058655129324605,0.503802767639195,0.5758443672064039,0.4638064773831294,0.4841322444520046,0.5817978996098065
drift,omd_paper_v2_literal,0,221,9,0,0.0,16.842299605923248,0.0606223759357152,0.33312185363324753,0.0,0.0,0.44386073387109454,0.4753933923187897,0.5463927089381244,0.5032681521269825,0.5054003681250915,0.5023688358983824,0.5732013095421832,0.46452324528546984,0.484798175297077,0.5796651050905253
drift,omd_paper_v2_literal,0,222,3,0,0.16797982337523193,17.010279429298482,0.06070317509345988,0.33337799199061713,0.0,0.0,0.44557737402058856,0.47614283603030344,0.5445928179750329,0.5023411662497776,0.5043431159814321,0.5019841418373987,0.5710459005210439,0.4647350485400329,0.48613724929557806,0.5770517635076723
drift,omd_paper_v2_literal,0,223,6,0,0.010235130613306609,17.02051455991179,0.05983648540683984,0.3243378575917911,0.0,0.0,0.4467035617059159,0.4773853909165843,0.5442388300897194,0.4996079889233356,0.502259558720207,0.5022974941159263,0.5715481994694155,0.46276429497922356,0.48825664776078576,0.5762692116634773
drift,omd_paper_v2_literal,0,224,3,0,0.16681929737306922,17.18733385728486,0.05981861225771027,0.3248725122364833,0.0,0.0,0.4470877503489756,0.47663942320324154,0.5420495960509694,0.5001907891803073,0.5017990241638346,0.5008769982812076,0.5689250730699643,0.46347338066198185,0.4889160760519058,0.5741510010018253
drift,omd_paper_v2_literal,0,225,6,1,0.010171026884236434,17.197504884169096,0.05898642300732176,0.3317176150351822,0.0,0.0,0.4482079249701289,0.4778743135149496,0.5416968097518488,0.497474412871079,0.4997279211959738,0.5011880333590532,0.5694241566197187,0.46151555187747767,0.4910233087446258,0.5733711999261896
drift,omd_paper_v2_literal,0,226,6,1,0.010138900837905473,17.207643785007,0.05847197221577928,0.3385743527527186,0.0,0.0,0.447918468527078,0.47843517940824515,0.5433439986922022,0.4970368433274132,0.500074945679503,0.5022564296602265,0.5713969167713644,0.46098305864247857,0.49052658287222595,0.5749657505937916
drift,omd_paper_v2_literal,0,227,6,1,0.010106725506014103,17.217750510513014,0.057981706316913045,0.34543898149768726,0.0,0.0,0.44763081087317513,0.47899268150751756,0.5449802116851615,0.4966019446412646,0.5004198554735945,0.503318295214337,0.5733554100117456,0.4604538984117024,0.4900329023674555,0.5765490406314147
drift,omd_paper_v2_literal,0,228,6,1,0.010074501015931991,17.227825011528946,0.057515771333908346,0.3523081045798781,0.0,0.0,0.44734493611272996,0.47954684738937736,0.5466055192655794,0.4961696940335392,0.5007626687719555,0.504373677912498,0.5752997242663482,0.45992804233198337,0.48954224134046764,0.5781211525440626
drift,omd_paper_v2_literal,0,229,6,1,0.010042227495541955,17.23786723902449,0.05707429401688757,0.359178638955138,0.0,0.0,0.44706082848422685,0.480097704445579,0.548219992257033,0.4957400688990782,0.5011034036244993,0.5054226255054202,0.5772299482392036,0.45940546177420755,0.48905457409535,0.5796821688602335
drift,omd_paper_v2_literal,0,230,6,1,0.010009905073238512,17.24787714409773,0.05665738046156727,0.3660477851115134,0.0,0.0,0.44677847236037177,0.4806452798812342,0.5498237017376333,0.495313046807381,0.5014420779369588,0.5064651855934752,0.5791461713521072,0.4588861283341833,0.48856987513110556,0.5812321721019429
drift,omd_paper_v2_literal,0,231,6,0,0.009977533877927769,17.257854677975658,0.05626511479045348,0.35658844634404246,0.0,0.0,0.44649785224808236,0.48118960071317457,0.5514167190070431,0.49488860550322683,0.5017787094705741,0.5075014056172098,0.5810484836858512,0.45837001383338105,0.488088119142513,0.582771244755951
drift,omd_paper_v2_literal,0,232,6,1,0.009945114039025538,17.267799792014685,0.05611663835626965,0.3634338214363282,0.0,0.0,0.4468847167040414,0.48043922607475537,0.549220358289231,0.4954737310536507,0.5013146376266885,0.5060728846382334,0.5784253883899866,0.45908153895605447,0.48875226102129693,0.5806491046467221
drift,omd_paper_v2_literal,0,233,6,0,0.009912645686457444,17.277712437701144,0.05572144707040032,0.3540351182602823,0.0,0.0,0.4466044484287495,0.48098282224205213,0.5508116961693703,0.49504983873658026,0.501650832194163,0.5071077800421384,0.5803261259256789,0.4585660616722376,0.48827112299095726,0.5821867798295655
drift,omd_paper_v2_literal,0,234,5,1,0.1786270437965845,17.45633948149773,0.05557545376316196,0.3540817793498067,0.0,0.0,0.44698968902148617,0.480235655052669,0.5486241233323637,0.49563248519656705,0.5011887286615666,0.5056852908109102,0.577712939092737,0.45927461359151345,0.4889324580316443,0.5800728229481406
drift,omd_paper_v2_literal,0,235,5,1,0.17797891239376623,17.634318393891494,0.05649142021722309,0.35444795413216285,0.0,0.0,0.4488520585961266,0.48264769814199865,0.5506986510094203,0.4953292901650325,0.5026580206986626,0.5083528873448977,0.5788922298275456,0.4605543030960118,0.4875839603539289,0.5803773779197487
drift,omd_paper_v2_literal,0,236,5,0,0.17733053952211464,17.811648933413608,0.057426596371729616,0.3540742432349883,0.0,0.0,0.4507024735139239,0.485043219496655,0.5527565373254992,0.49502827593945725,0.504116715599568,0.5110008563232842,0.5800621616675489,0.4618253171236596,0.4862453256925373,0.5806796851627293
drift,omd_paper_v2_literal,0,237,6,1,0.009782289755803975,17.821431223169412,0.05586603814911477,0.3609795692366316,0.0,0.0,0.44878268817643235,0.4825578717614458,0.5506214381833097,0.4953405794162766,0.5026033130290954,0.5082535683400948,0.5788483355850932,0.4605066450861628,0.4876341678554795,0.5803660390674533
drift,omd_paper_v2_literal,0,238,6,1,0.009749580801545976,17.83118080397096,0.0554954218735905,0.3678780360769187,0.0,0.0,0.44849943027744066,0.4830944360580506,0.5522011972275155,0.49491901296832214,0.5029350953721657,0.5092786350203984,0.5807385152049713,0.45999031820094527,0.4871578126637277,0.5818972362182918
drift,omd_paper_v2_literal,0,239,6,1,0.009716824123817025,17.840897628094776,0.055149740316722415,0.37476751504681854,0.0,0.0,0.4482178961925363,0.4836278363568126,0.5537704835160745,0.4944999699182037,0.503264894816943,0.5102975059951833,0.5826150674957803,0.4594771582561569,0.48668432384994287,0.5834177312991918
drift,omd_paper_v2_literal,0,240,6,0,0.009684019856081472,17.850581647950857,0.05482901505721297,0.3651430180404586,0.0,0.0,0.4479380707958639,0.4841580986324012,0.5553293674107137,0.4940834288283168,0.5035927283552266,0.5113102274948229,0.5844780815560038,0.45896713798434396,0.48621367710436014,0.5849276046478481
drift,omd_paper_v2_literal,0,241,5,1,0.1740850797699372,18.024666727720795,0.05460101871831537,0.36562406929404595,0.0,0.0,0.44832934926136875,0.48341666303906067,0.5531493423617808,0.4946658647222169,0.5031343302544077,0.5098941531197494,0.5818724387944905,0.4596803038411416,0.486871771364519,0.5828159678702565
drift,omd_paper_v2_literal,0,242,5,1,0.17343527409038872,18.198102001811183,0.055577735879010895,0.3664012468103697,0.0,0.0,0.4501680213623565,0.48579441142872454,0.5551855341485276,0.49436841902159934,0.5045820255932005,0.5125203047401509,0.5830253272597214,0.4609443538572787,0.4855439438974665,0.5831101537556477
drift,omd_paper_v2_literal,0,243,5,1,0.17278523229164588,18.370887234102828,0.0565702427414277,0.3674663295811581,0.0,0.0,0.4519949311389353,0.48815584249202376,0.5572053759895406,0.49407309812415107,0.5060193225637626,0.5151270479391166,0.584169097914546,0.46219988806364853,0.48422578598218324,0.5834021834908137
drift,omd_paper_v2_literal,0,244,5,0,0.17213495514417942,18.543022189247008,0.05757682567604315,0.36634135811458246,0.0,0.0,0.4538101227152055,0.490500994502061,0.5592089761118204,0.49377988263636086,0.507446294258823,0.5177144294675322,0.5853038340268714,0.463446963223684,0.48291722432125456,0.5836920774309986
drift,omd_paper_v2_literal,0,245,5,0,0.17148444342000702,18.714506632667014,0.05592877512176893,0.3655531368592562,0.0,0.0,0.4518754658181071,0.48800145824596525,0.5570733957904791,0.49409240315225733,0.5059253691199282,0.514956668514671,0.584094357076328,0.46211779886323423,0.4843119475720738,0.5833830952676955
drift,omd_paper_v2_literal,0,246,6,1,0.00948620239661202,18.723992835063626,0.05430578388289174,0.37248376776850367,0.0,0.0,0.44995596737856,0.48552024200844573,0.5549508713541872,0.49440271183336004,0.5044151218403135,0.5122175638367482,0.5828924548640046,0.4607985934902015,0.48569702129010295,0.5830762395877871
drift,omd_paper_v2_literal,0,247,6,0,0.009453068777844575,18.73344590384147,0.05401253028827283,0.3627899294044186,0.0,0.0,0.4496706693518037,0.4860405778377805,0.5564963437049183,0.4939886970621583,0.5047368086982423,0.5132174629686563,0.584744440599531,0.4602858820404254,0.48523266813351634,0.5845800008498032
drift,omd_paper_v2_literal,0,248,6,1,0.009419888654760955,18.742865792496232,0.05375447055175714,0.36970107842380073,0.0,0.0,0.45007005038332887,0.48531219925287494,0.5543326292256892,0.4945682539966756,0.504286497282747,0.5118177355875959,0.5821512973598146,0.4610036197068068,0.48588269556749314,0.5824745400756621
drift,omd_paper_v2_literal,0,249,6,0,0.009386662165304482,18.752252454661537,0.05345901391593849,0.3600639508612718,0.0,0.0,0.44978507656609246,0.48583190730562137,0.555876702758306,0.49415472570799496,0.5046078052022992,0.5128164922924794,0.5840020354172969,0.460491481287849,0.48541888159021523,0.5839771449262046
drift,omd_paper_v2_literal,0,250,5,1,0.16822839327702832,18.920480847938567,0.05320299196862318,0.36070780313453565,0.0,0.0,0.45018279183710164,0.48510661736872085,0.5537215200181405,0.494731843163139,0.5041593905353604,0.5114226123121768,0.5814185242769545,0.4612062386236904,0.48606618185361045,0.581879702085051
drift,omd_paper_v2_literal,0,251,5,0,0.1675764903911704,19.088057338329737,0.05419314703199945,0.3600395197414099,0.0,0.0,0.45200191256719885,0.48745456349012073,0.5557273039831822,0.4944394502556902,0.5055885929674502,0.5140134210021995,0.5825512752366587,0.4624576657211382,0.48475600362134574,0.5821650914542197
drift,omd_paper_v2_literal,0,252,6,1,0.00928670588550895,19.097344044215244,0.05257736334586947,0.36692669266849587,0.0,0.0,0.45009149427980893,0.4849887509434423,0.553620769309861,0.49474652337553443,0.5040876328505547,0.5112925187232537,0.5813616297170127,0.461143421214893,0.48613196692511884,0.5818653721475837
drift,omd_paper_v2_literal,0,253,6,1,0.009253295319825217,19.10659733953507,0.05228372783992617,0.37380136628433475,0.0,0.0,0.44980434032222233,0.48550468721307966,0.5551609597653873,0.4943338285636408,0.5044066535907312,0.5122867348472419,0.5832098576867807,0.460630096696571,0.48567041783022286,0.5833666209388154
drift,omd_paper_v2_literal,0,254,6,0,0.009219839084849246,19.11581717861992,0.0520160752097166,0.3641732735330077,0.0,0.0,0.4495189055190917,0.4860176248269333,0.5566910574832528,0.49392356451153807,0.5047237976677937,0.5132750171640169,0.5850449188069844,0.460119868886353,0.48521160291043536,0.5848575243946109
drift,omd_paper_v2_literal,0,255,5,0,0.16496659540207997,19.280783774022,0.051730143947555846,0.3637977014915931,0.0,0.0,0.44991899278867653,0.4852986774753213,0.5545461091409589,0.4944986108031337,0.5042792735891417,0.5118897697916936,0.582472164085503,0.4608350498792235,0.4858547048934776,0.5827673775358674
drift,omd_paper_v2_literal,0,256,9,1,0.0,19.280783774022,0.05012205419433321,0.37067688786763087,0.0,0.0,0.44802059348549633,0.4828494493379161,0.5524552359250728,0.4948027140337992,0.5027879764961792,0.5091871454829539,0.5812946742438357,0.45952775098536086,0.48722144075380386,0.5824737794442076
drift,omd_paper_v2_literal,0,257,9,1,0.0,19.280783774022,0.04969965402152225,0.37754165376396753,0.0,0.0,0.44678905396987856,0.48229273716080906,0.553701754436478,0.4954782636241586,0.5035354585897577,0.5094330415368348,0.582785757423964,0.4593845622247382,0.48627461855359366,0.5843072477759776
drift,omd_paper_v2_literal,0,258,9,1,0.0,19.280783774022,0.04930689843196344,0.38439052989134154,0.0,0.0,0.44556535367048916,0.481739319785101,0.554940324172541,0.4961498843347445,0.504278559683887,0.509677497018527,0.584266633412542,0.4592422163423236,0.4853334234774683,0.58612769836831
drift,omd_paper_v2_literal,0,259,9,1,0.0,19.280783774022,0.04894398064070974,0.3912221886479945,0.0,0.0,0.44434943410432615,0.4811891699680779,0.5561710042238737,0.49681760724223667,0.5050173141576967,0.509920524181283,0.5857373779177838,0.459100706088152,0.4843978131057743,0.5879352168361316
drift,omd_paper_v2_literal,0,260,9,1,0.0,19.280783774022,0.04861105273300658,0.398035430670445,0.0,0.0,0.4431412369843907,0.48064226067337956,0.5573938534921199,0.4974814632198339,0.5057517561762822,0.5101621351748662,0.5871980665272076,0.45896002427527965,0.48346774522450564,0.5897298891650038
drift,omd_paper_v2_literal,0,261,9,0,0.0,19.280783774022,0.048308223105669894,0.3882331018663463,0.0,0.0,0.4419407042306894,0.4800985650715943,0.5586089306784886,0.4981414829354735,0.5064819196882988,0.5104023420456946,0.5886487746872191,0.45882016377963536,0.4825431778304665,0.5915118016684758
drift,omd_paper_v2_literal,0,262,9,1,0.0,19.280783774022,0.04810623288540194,0.3950304978518148,0.0,0.0,0.44366930713425606,0.4808813313133829,0.5568593810988888,0.49719126357403687,0.5054307046019819,0.5100565177721101,0.5865597274317597,0.4590215212070804,0.483874301967654,0.5889456558739576
drift,omd_paper_v2_literal,0,263,9,1,0.0,19.280783774022,0.047801182711233486,0.4018089924657173,0.0,0.0,0.4424696623907837,0.4803381506605563,0.5580735660369566,0.49785062992213974,0.5061601604393047,0.5102964902359642,0.588009676818386,0.45888179555832503,0.48295059425740694,0.5907268565022683
drift,omd_paper_v2_literal,0,264,9,1,0.0,19.280783774022,0.04752657402975443,0.4085675733177347,0.0,0.0,0.4412775958814806,0.47979814626248496,0.5592800661315351,0.49850620396285855,0.5068853866557491,0.5105350751088307,0.5894497578677287,0.4587428815147299,0.48203232506848964,0.5924954352264953
drift,omd_paper_v2_literal,0,265,9,1,0.0,19.280783774022,0.04728243220832331,0.41530532653971214,0.0,0.0,0.4400930504785784,0.4792612918925972,0.5604789391342927,0.4991580157211513,0.5076064165039872,0.51077228415117,0.5908800449745076,0.458604772123919,0.4811194531751955,0.5942514778741708
drift,omd_paper_v2_literal,0,266,9,0,0.0,19.280783774022,0.04706873169635185,0.40542853399197243,0.0,0.0,0.4389159692838502,0.4787275615293982,0.5616702425727284,0.4998060950157702,0.5083232830180159,0.5110081290220633,0.5923006123467011,0.45846746049504983,0.48021193757142533,0.5959950704953889
drift,omd_paper_v2_literal,0,267,9,0,0.0,19.280783774022,0.04677159403145841,0.3956472599452975,0.0,0.0,0.44064272830780227,0.4795104466090353,0.559922614580375,0.49885550152079416,0.5072717815952368,0.5106621931662636,0.5902164211561639,0.4586688695707387,0.48154311274293493,0.5934367741355352
drift,omd_paper_v2_literal,0,268,9,1,0.0,19.280783774022,0.046509168909803625,0.4023764074492493,0.0,0.0,0.44236102650562587,0.48028894937058986,0.5581835179039738,0.49791035847660625,0.5062262363391588,0.5103182277087634,0.5881409442531994,0.45886913894597664,0.48286692662479946,0.5908880882661556
drift,omd_paper_v2_literal,0,269,9,1,0.0,19.280783774022,0.04626115571448524,0.4090858408380652,0.0,0.0,0.4411779959804802,0.4797530159783819,0.5593808713148308,0.49856099569234186,0.5069459982303942,0.5105550153025903,0.5895700477099047,0.4587312716683631,0.48195558351748996,0.592643141441682
drift,omd_paper_v2_literal,0,270,9,0,0.0,19.280783774022,0.046044208492668166,0.3993159369141893,0.0,0.0,0.4400023764839117,0.4792201863264791,0.560570709248331,0.4992079258043606,0.5076616252796249,0.5107904473076231,0.5909895005742267,0.45859419719912675,0.4810495586964495,0.5943858412714768
drift,omd_paper_v2_literal,0,271,6,1,0.008644234072936241,19.289428008094937,0.04575083784862885,0.40582342587342324,0.0,0.0,0.44171554528378776,0.47999656658245554,0.5588368157535011,0.49826531120229745,0.5066189039804879,0.5104474071532796,0.5889207738528154,0.45879392502475985,0.48236973121649845,0.5918458431815161
drift,omd_paper_v2_literal,0,272,6,0,0.008609980347838886,19.298037988442776,0.04563228993702229,0.3964950477113813,0.0,0.0,0.441455706564898,0.4805086578067226,0.5603164191162529,0.4978503641741631,0.5069170016566236,0.5114136059781034,0.5906919965216962,0.45829404811122143,0.48193579853933954,0.5932716696676859
drift,omd_paper_v2_literal,0,273,4,0,0.15982853593261048,19.457866524375387,0.04519713462044329,0.39687957635443427,0.0,0.0,0.441828553516957,0.47977388218055883,0.5581930403468177,0.4984457635131835,0.5064892662361862,0.5100272032993585,0.5881497847352669,0.4590113366739985,0.482558447533645,0.5912252977632766
drift,omd_paper_v2_literal,0,274,6,0,0.008541344315825983,19.466407868691213,0.043491323633064176,0.38770480356646303,0.0,0.0,0.4415722788869003,0.47925332193375736,0.5565493961665545,0.49635304847632716,0.5037898788454191,0.5085578478846472,0.5877951914568714,0.45653884587855886,0.48520993400708967,0.5903688633432725
drift,omd_paper_v2_literal,0,275,3,0,0.1369195714689284,19.603327440160143,0.043093882927107724,0.388571916177765,0.0,0.0,0.44194285420436363,0.47852350097839325,0.5544362461263915,0.49694524211589236,0.5033655584794512,0.5071803551825936,0.5852638862564008,0.45725185482929565,0.48582815225946996,0.5883312738896908
drift,omd_paper_v2_literal,0,276,6,0,0.008472537843119854,19.611799978003262,0.04220977983369975,0.37945431940704205,0.0,0.0,0.44303871101256964,0.4797341640313707,0.5540832410408759,0.49426489447457,0.5013159436744776,0.5074780941891434,0.5857486975907639,0.4553178902847002,0.48791228150610655,0.5875689927980138
drift,omd_paper_v2_literal,0,277,5,1,0.1505489110210375,19.7623488890243,0.04183563377738834,0.3793741816725334,0.0,0.0,0.44340815104384224,0.4790083534142057,0.55197806636773,0.4948530696548262,0.5008928772406075,0.5061074065783431,0.5832264048113046,0.4560263203931269,0.488528461307285,0.5855369980603162
drift,omd_paper_v2_literal,0,278,5,1,0.1498911012588206,19.91223999028312,0.042916012984191024,0.379578418549899,0.0,0.0,0.4452374960341366,0.48136527089099557,0.5539813351013438,0.49455800040570874,0.5023235792102563,0.5087052552918423,0.5843471987751302,0.45728430601831993,0.4872187122903129,0.5858072420526061
drift,omd_paper_v2_literal,0,279,5,0,0.14923308406022068,20.06147307434334,0.04401260605438363,0.37937195225086173,0.0,0.0,0.4470555051937244,0.4837065109756469,0.5559688474080351,0.4942650004047283,0.503744228608274,0.5112844541415345,0.585459284499247,0.4585340250196053,0.4859183051885535,0.5860755432219926
drift,omd_paper_v2_literal,0,280,4,1,0.1550242064218207,20.21649728076516,0.04234313496799824,0.37884265709981174,0.0,0.0,0.44516685713339554,0.4812742799793826,0.5539040428699781,0.4945693897383187,0.5022683559856035,0.5086049885421309,0.5843039532646764,0.45723573871630724,0.48726926425684897,0.5857968118403236
drift,omd_paper_v2_literal,0,281,4,1,0.15433701707504827,20.370834297840208,0.04347503180198393,0.3786104286944275,0.0,0.0,0.44541499401474893,0.48177960458377844,0.5555112083062023,0.49661958866579814,0.5049093684193344,0.5100386787094887,0.5846490640065634,0.4596556862170245,0.4846745004675516,0.5866371212771777
drift,omd_paper_v2_literal,0,282,4,1,0.15364961614818506,20.524483913988394,0.04462712941352576,0.3786695781766131,0.0,0.0,0.4456614055224331,0.48228139755271093,0.5571058759997893,0.49865542207587643,0.5075314597673638,0.5114620810771727,0.5849916554979858,0.4620604285786621,0.48209887739074186,0.5874709976741803
drift,omd_paper_v2_literal,0,283,4,1,0.1529620044980073,20.677445918486402,0.04579666537099,0.37901385716510805,0.0,0.0,0.44590610667288916,0.48277968908503743,0.5586881402016081,0.5006769505352462,0.5101346601806673,0.5128752669950016,0.5853317510018521,0.46444996978453273,0.4795423486951156,0.5882985002952527
drift,omd_paper_v2_literal,0,284,4,0,0.15227418298268608,20.82972010146909,0.04698114779496581,0.37866080706285743,0.0,0.0,0.4461491124190612,0.48327450927491294,0.5602580956145305,0.5026842368035842,0.5127190049449444,0.5142783082608852,0.585669373651355,0.46682431808211733,0.47700486333037145,0.5891196881339262
drift,omd_paper_v2_literal,0,285,4,0,0.15158615246178292,20.98130625393087,0.04524041722712583,0.3786176014346568,0.0,0.0,0.4458952164576361,0.48275751344843276,0.5586177515877032,0.5005869887355159,0.51001882355418,0.5128123817986606,0.5853166178450069,0.46434359522188606,0.4796560971998067,0.5882616854638125
drift,omd_paper_v2_literal,0,286,5,1,0.14462122480660394,21.125927478737474,0.04352388279053372,0.37910704587327376,0.0,0.0,0.4456431285051846,0.4822441788233727,0.5569876410606651,0.4985044239581137,0.5073369942885246,0.5113565148245076,0.5849662486417576,0.4618820091916082,0.482289877844833,0.5874091670521763
drift,omd_paper_v2_literal,0,287,5,1,0.14396157788212227,21.269889056619597,0.04463265970298274,0.37986550165835203,0.0,0.0,0.4474439660407506,0.48456213464512693,0.558945843994671,0.4982024470565681,0.5087299058219827,0.5139042191961228,0.5860660802581363,0.463108859119746,0.48101637365630756,0.5876700669255069
drift,omd_paper_v2_literal,0,288,5,0,0.14330173098321453,21.41319078760281,0.045753115744231326,0.3790698096890673,0.0,0.0,0.4492336746798735,0.48686466585996613,0.5608886477543447,0.4979025666140846,0.5101130190489607,0.5164335326590054,0.5871574323771547,0.4643276391811488,0.4797519492467341,0.5879291079016096
drift,omd_paper_v2_literal,0,289,5,0,0.14264168494583085,21.55583247254864,0.04406416019015438,0.3785818778346368,0.0,0.0,0.4473356003036852,0.48442268224084095,0.5588281028753849,0.4982206119206289,0.5086461212497865,0.5137509855391176,0.585999945927044,0.46303504730434375,0.4810929722948471,0.5876543743349402
drift,omd_paper_v2_literal,0,290,3,1,0.1280217150484368,21.683854187597078,0.04239765347981315,0.37818744357896344,0.0,0.0,0.44545217028067785,0.48199832255104724,0.5567798008940064,0.4985364591164365,0.5071892208028886,0.5110862057600615,0.5848495235828384,0.4617518861608843,0.48242499078102746,0.5873814867171314
drift,omd_paper_v2_literal,0,291,3,1,0.12742698452733042,21.811281172124406,0.04284367541040809,0.3780972057366241,0.0,0.0,0.4443475583071381,0.48077778183139025,0.5571251575770404,0.5012191045870489,0.5092336863617754,0.5107786420882574,0.5843603199480759,0.463685692559694,0.4803464405617013,0.5881434717957142
drift,omd_paper_v2_literal,0,292,3,1,0.1268320659998921,21.9381132381243,0.04333175006957105,0.3783049416728053,0.0,0.0,0.44325135524119086,0.4795661584530283,0.5574680006372951,0.5038825801338813,0.5112632896408835,0.5104732602426374,0.5838744349862665,0.4656068112394303,0.47828336263882154,0.5888996136097057
drift,omd_paper_v2_literal,0,293,3,1,0.1262369602671941,22.06435019839149,0.04385939586144149,0.3788038514345899,0.0,0.0,0.4421634893365079,0.478363383786088,0.5578083529528467,0.506526908804385,0.5132781014083593,0.5101700410008121,0.5833918418717742,0.46751528671714243,0.4762356794913055,0.5896499663519655
drift,omd_paper_v2_literal,0,294,3,0,0.12564166813162825,22.18999186652312,0.044424154424341895,0.3782944937044892,0.0,0.0,0.44108388894516837,0.47716938905588757,0.5581462372884923,0.509152119191722,0.5152781945397874,0.5098689652208219,0.5829125138245072,0.4694111656116063,0.47420331146240385,0.5903945839626958
drift,omd_paper_v2_literal,0,295,3,0,0.12504619039690035,22.31503805692002,0.043369237098476635,0.3780948159071048,0.0,0.0,0.44219582913078687,0.47839914480034806,0.5577982333416456,0.5064482840965153,0.513218196781451,0.5101790573489086,0.5834061941122564,0.4674585241117069,0.4762965562685303,0.5896276605754183
drift,omd_paper_v2_literal,0,296,9,1,0.0,22.31503805692002,0.04235578751426079,0.3849560649389837,0.0,0.0,0.4433004825549301,0.4796204663764671,0.5574526333166355,0.5037631891575872,0.5111723168666783,0.5104869496431047,0.5838962190569605,0.4655206717347936,0.47837582808576984,0.5888657272988147
drift,omd_paper_v2_literal,0,297,9,1,0.0,22.31503805692002,0.042248636501799774,0.3917919101553703,0.0,0.0,0.4421178426077664,0.47908127961135305,0.5586357919548753,0.5044015783364779,0.5118744302313974,0.5107127392055764,0.5853214993550163,0.4653694836678065,0.4774828326605658,0.5906126413698071
drift,omd_paper_v2_literal,0,298,9,1,0.0,22.31503805692002,0.0421756924262927,0.3986017698051728,0.0,0.0,0.4409425362117598,0.47854518808445784,0.5598116048328288,0.5050363457813835,0.5125725295347554,0.5109372485076719,0.5867373108216806,0.46521915626664073,0.4765950262008565,0.5923474187951909
drift,omd_paper_v2_literal,0,299,9,1,0.0,22.31503805692002,0.04213660366866548,0.40538512985276354,0.0,0.0,0.43977450922896727,0.47801216673660624,0.5609801262581219,0.5056675198520493,0.5132666460214996,0.5111604881958738,0.5881437228650215,0.4650696823116583,0.4757123696646798,0.5940701404309684
drift,omd_paper_v2_literal,0,300,9,1,0.0,22.31503805692002,0.042130943056565597,0.41214153747802285,0.0,0.0,0.4386137077312126,0.47748219070032877,0.5621414103265973,0.5062951287127135,0.5139568107288397,0.5113824688265385,0.5895408047363014,0.46492105464565064,0.47483482422406115,0.5957808873416831
drift,omd_paper_v2_literal,0,301,9,0,0.0,22.31503805692002,0.042158210838025734,0.40217258052601873,0.0,0.0,0.4374600780085032,0.4769552353000983,0.5632955109139071,0.506919200331109,0.5146430544850407,0.5116032008661221,0.590928625514158,0.4647732661736402,0.47396235126845637,0.5974797407669398
drift,omd_paper_v2_literal,0,302,9,0,0.0,22.31503805692002,0.041615902681801535,0.392283865894327,0.0,0.0,0.4391631278831475,0.4777330658252509,0.5615917628650049,0.5059980320247384,0.5136301053200576,0.5112773876389779,0.5888796292284318,0.46499141160409924,0.4752502198222794,0.5949713371526824
drift,omd_paper_v2_literal,0,303,3,1,0.12027578382386422,22.435313840743884,0.04110693037567603,0.39256669406145683,0.0,0.0,0.4408580633118576,0.47850664786390834,0.559896113789274,0.5050819815601679,0.5126227172788514,0.5109533893552649,0.5868390451433578,0.4652083487746599,0.476531203302364,0.592472051903577
drift,omd_paper_v2_literal,0,304,3,0,0.11967867207790778,22.55499251282179,0.04170356717406529,0.39228051025463007,0.0,0.0,0.4397866348292189,0.4773177104196874,0.5602279190663297,0.5076985066883666,0.5146152742317522,0.5106521043490517,0.5863560568520777,0.46709921112980324,0.47450727168869256,0.5932060352119044
drift,omd_paper_v2_literal,0,305,9,1,0.0,22.55499251282179,0.04066584613547026,0.3990403477819802,0.0,0.0,0.4408838055275387,0.4785352088427616,0.5598881432640471,0.5050191293944228,0.5125748514554621,0.5109606260360282,0.5868506443300209,0.4651629428902314,0.4765798272957869,0.5924544167491091
drift,omd_paper_v2_literal,0,306,9,0,0.0,22.55499251282179,0.0406762531868901,0.38920284295904417,0.0,0.0,0.4397251750723436,0.4780070543020505,0.5610478792525645,0.5056435198941321,0.5132622555334496,0.5111825030249931,0.5882471681975353,0.46501295572116874,0.4757052773602568,0.5941639072514374
drift,omd_paper_v2_literal,0,307,4,1,0.1363983596071725,22.691390872428965,0.0401546280953847,0.38969280438557585,0.0,0.0,0.4414122184390815,0.4787760008119785,0.559359223070436,0.5047344759007395,0.5122614605972996,0.5108594749462889,0.5862135292938458,0.4652313213831104,0.47697856656592685,0.5916743453869641
drift,omd_paper_v2_literal,0,308,4,1,0.1357057623211365,22.827096634750102,0.041467164756138236,0.39044071151590864,0.0,0.0,0.4416640329506508,0.47927296356726645,0.5608958921822566,0.5066917814060404,0.5147899530072897,0.5122417340784589,0.5865404410204631,0.4675595332641072,0.4744981231817836,0.5924666321525013
drift,omd_paper_v2_literal,0,309,4,0,0.13501297706326426,22.962109611813368,0.04278471055309696,0.38965360961157475,0.0,0.0,0.441914139995135,0.4797665385898962,0.5624208057636823,0.508635381429881,0.5173002536331739,0.5136142723632446,0.5868650220517005,0.4698730829964241,0.47203603592940524,0.5932529777385024
drift,omd_paper_v2_literal,0,310,3,0,0.11609230296168638,23.078201914775054,0.04096257042875043,0.3894972313564427,0.0,0.0,0.4416479512357226,0.4792412264034643,0.5607977954208897,0.5065667938223647,0.5146285053191596,0.5121534687004696,0.5865195667893937,0.46741081087010883,0.4746564874164716,0.5924160512239792
drift,omd_paper_v2_literal,0,311,9,0,0.0,23.078201914775054,0.039959947900267245,0.37976165734936734,0.0,0.0,0.44274136801722586,0.48045571476140364,0.5604672811512184,0.5039068154139864,0.5126075479828772,0.5124667521692853,0.5870152102467713,0.46549156224641186,0.47670948221533954,0.5916723592018422
drift,omd_paper_v2_literal,0,312,5,1,0.12740760643009175,23.205609521205147,0.03945248337263491,0.3803078983422846,0.0,0.0,0.44442122352429675,0.4812209621114357,0.5587909238888172,0.5030083708705541,0.5116186408907547,0.512148200902129,0.5849915343969967,0.4657146251408678,0.4779696091338635,0.5891940947271149
drift,omd_paper_v2_literal,0,313,5,1,0.12674303529392067,23.332352556499067,0.04061755125769733,0.38111618344716724,0.0,0.0,0.44620556980689824,0.48351642662185645,0.5607246218838218,0.5027068646711623,0.5129942401197728,0.5146691091189238,0.5860772472342404,0.46692953641773355,0.47671301811588335,0.5894479145126433
drift,omd_paper_v2_literal,0,314,5,1,0.12607828634430973,23.458430842843377,0.04179188876874146,0.38217942330599214,0.0,0.0,0.4479790194578085,0.48579679558140115,0.5626432002580316,0.502407429784485,0.5143601855082025,0.5171719444660785,0.5871546670845668,0.4681364818775995,0.4754653595215702,0.589699941818932
drift,omd_paper_v2_literal,0,315,5,1,0.12541336045071882,23.583844203294095,0.042973677522951656,0.3834901908206056,0.0,0.0,0.4497416099725341,0.48806210172164755,0.5645467599521913,0.5021100479840301,0.5157165452023289,0.5196567526042389,0.588223867909933,0.46933551414084196,0.47422656568522303,0.5899501930484341
drift,omd_paper_v2_literal,0,316,5,0,0.12474825848382715,23.708592461777922,0.044161305494815346,0.38207953862387783,0.0,0.0,0.45149338040731235,0.49031238097962027,0.5664354029956066,0.5018147011393956,0.5170633876296887,0.5221235832699573,0.5892849233963763,0.4705266861024812,0.47299656885049585,0.5901986845017269
drift,omd_paper_v2_literal,0,317,5,0,0.12408298131552736,23.83267544309345,0.04245937944612461,0.38097467872494956,0.0,0.0,0.4495925469423265,0.4878705671195988,0.5643859013312787,0.5021351894032092,0.5156018840358316,0.5194467169689952,0.5881335072210649,0.469234131230801,0.4743312841745957,0.5899290380197679
drift,omd_paper_v2_literal,0,318,5,1,0.1234175298189209,23.95609297291237,0.040779237867887196,0.38199090465759716,0.0,0.0,0.4477061458369116,0.48544599567456553,0.5623482111417464,0.5024534880161862,0.5141500936182244,0.5167870192756122,0.586988995858349,0.46795080877542566,0.47565725082607124,0.5896611788482451
drift,omd_paper_v2_literal,0,319,5,1,0.1227519048683125,24.078844877780682,0.04196255305199977,0.38325235767783566,0.0,0.0,0.44945791937314755,0.48769757404580805,0.564240600426529,0.5021578973969004,0.5154983194123002,0.5192570045911289,0.5880518873578625,0.46914256326726683,0.4744258689928618,0.5899099302820318
drift,omd_paper_v2_literal,0,320,5,0,0.1220861073392045,24.200930985119886,0.04315147711371656,0.38189704855796924,0.0,0.0,0.4511990196231625,0.48993433224501065,0.5661182678406621,0.5018643158151269,0.5168371517119054,0.5217092586456943,0.5891067370780799,0.4703265602533396,0.4732031704617141,0.5901569442554417
drift,omd_paper_v2_literal,0,321,5,0,0.12142013810829166,24.322351123228177,0.04146376962592468,0.38084305859270867,0.0,0.0,0.4493128104642582,0.4875111053581544,0.5640839659118453,0.5021823746949765,0.5153866839647342,0.5190525043803925,0.5879639025836676,0.46904386302807977,0.474527825529877,0.5898893334432821
drift,omd_paper_v2_literal,0,322,4,1,0.12599007115658073,24.448341194384756,0.039798089267080713,0.38152296888831994,0.0,0.0,0.4474408331546537,0.48510489085898356,0.5620613208183216,0.5024982750972343,0.5139457950281916,0.516412698105495,0.5868278779194617,0.4677702683726014,0.47584385322628986,0.5896234845864176
drift,omd_paper_v2_literal,0,323,4,0,0.12529474859244583,24.5736359429772,0.0410964877315302,0.3808102282307774,0.0,0.0,0.4476768065747673,0.48557871053056273,0.5635637788166773,0.5044379683224921,0.5164364240226608,0.5177592197396013,0.5871415596606882,0.47006646519443435,0.47339998746876816,0.5904058066419109
drift,omd_paper_v2_literal,0,324,6,0,0.006773299387797915,24.580409242365,0.039332010126561116,0.3715565377007776,0.0,0.0,0.4474265107832681,0.48507613177028164,0.5619700875692892,0.502380536442787,0.5137945950947949,0.5163309589642197,0.586808835770017,0.4676309365930711,0.4759922296075893,0.5895759845028189
drift,omd_paper_v2_literal,0,325,3,1,0.10709959353179427,24.687508835896796,0.038682094332019655,0.37162587905945643,0.0,0.0,0.4478102107176108,0.48438246643549115,0.5599247278332095,0.5029713940361439,0.5134053412411974,0.515009291404612,0.58433022221541,0.4683594377014293,0.47657297866487824,0.5875782649017676
drift,omd_paper_v2_literal,0,326,3,0,0.10649876780146278,24.794007603698258,0.03925010440932892,0.37155774920861884,0.0,0.0,0.44674044891570014,0.48319620289866877,0.5602483255491748,0.5055704158564934,0.5153803999086208,0.5147043121932229,0.583845084171636,0.4702368191854503,0.47456659161246084,0.588306836370908
drift,omd_paper_v2_literal,0,327,4,0,0.12251172293676449,24.916519326635022,0.03828947787682776,0.3711558545063826,0.0,0.0,0.4478267063989447,0.48440075575832836,0.5599197387226184,0.5029313248634935,0.5133748895149499,0.515013992998622,0.5843377000201162,0.4683305021134944,0.47660391601243485,0.58756702994169
drift,omd_paper_v2_literal,0,328,6,1,0.006627850064634178,24.923147176699658,0.03654056054213369,0.37769528406652075,0.0,0.0,0.44757529239599797,0.48389895038732544,0.5583366014574387,0.5008965082415908,0.5107577929609756,0.5135955286405686,0.5840059919667676,0.4659195938860441,0.4791723715786399,0.586744191247062
drift,omd_paper_v2_literal,0,329,6,0,0.00659140269761993,24.929738579397277,0.03670153596622776,0.36850758204976547,0.0,0.0,0.4473030430090394,0.48438920730147084,0.5597857522711249,0.5004793192173084,0.5110340595926284,0.514530897129107,0.5857611325796749,0.46540482366131647,0.47876039279608784,0.588159807950067
drift,omd_paper_v2_literal,0,330,9,1,0.0,24.929738579397277,0.036028721154144516,0.37523796343742427,0.0,0.0,0.447685870260451,0.4836998507170092,0.5577477713189658,0.5010659412582497,0.510645590668253,0.5132156190608784,0.5832925637677856,0.4661286787537297,0.47933969700003665,0.5861688545422444
drift,omd_paper_v2_literal,0,331,9,1,0.0,24.929738579397277,0.03612266421833173,0.38194596496899225,0.0,0.0,0.44650955762811506,0.4831603779376103,0.5589091133665319,0.501690427902266,0.5113281735954565,0.5134294715614864,0.5847003459312462,0.46596796605991503,0.4784677560193785,0.5878971988082952
drift,omd_paper_v2_literal,0,332,9,1,0.0,24.929738579397277,0.03625506851690117,0.38863087504866245,0.0,0.0,0.4453403729045007,0.482623940767438,0.5600633655128117,0.5023114403911805,0.5120069229907996,0.5136421312681343,0.5860989383789242,0.4658081531063389,0.477600788625915,0.5896137956786803
drift,omd_paper_v2_literal,0,333,9,0,0.0,24.929738579397277,0.03642493157237618,0.37901634604517115,0.0,0.0,0.44417826529203486,0.48209051526128527,0.5612105791305041,0.5029290052986135,0.5126818680977661,0.5138536079064798,0.5874884068233308,0.46564923250352647,0.4767387581851348,0.5913187206059866
drift,omd_paper_v2_literal,0,334,9,1,0.0,24.929738579397277,0.035776663774475075,0.3856888700417004,0.0,0.0,0.44585061128179165,0.48285807370215816,0.5595596502358502,0.5020403889277741,0.511710675735144,0.5135493126633065,0.5854886665397622,0.4658779055235524,0.47797917606910667,0.5888648214531349
drift,omd_paper_v2_literal,0,335,9,1,0.0,24.929738579397277,0.0359515416310158,0.3923380964004752,0.0,0.0,0.4446893378598992,0.48232513475767574,0.5607060630002825,0.5026573735541747,0.5123850025310326,0.5137605916062505,0.5868774266292403,0.465719132052508,0.47711790105387986,0.5905690862094869
drift,omd_paper_v2_literal,0,336,9,1,0.0,24.929738579397277,0.03616319271899557,0.3989634357417741,0.0,0.0,0.443535065700476,0.48179517395110083,0.561845513134867,0.5032709485229663,0.5130555668446058,0.5139707008233739,0.5882571606655748,0.4655612408392195,0.476261509446995,0.5922617997181605
drift,omd_paper_v2_literal,0,337,9,1,0.0,24.929738579397277,0.03641041166361687,0.4055643634593083,0.0,0.0,0.4423877447825755,0.4812681678487175,0.5629780511960075,0.5038811398678715,0.5137223973333042,0.5141796498187455,0.589627933494476,0.4654042246642163,0.4754099652828893,0.5939430370298234
drift,omd_paper_v2_literal,0,338,9,0,0.0,24.929738579397277,0.036691928040082006,0.395899188583859,0.0,0.0,0.4412473252645746,0.48074409318989403,0.5641037275397903,0.5044879734475236,0.5143855224667971,0.5143874480176915,0.5909898098126395,0.4652480763688621,0.47456323279144663,0.5956128733855521
drift,omd_paper_v2_literal,0,339,6,0,0.006225106128530888,24.93596368552581,0.03594365515199885,0.386882298950328,0.0,0.0,0.4429180448146781,0.4815117835271003,0.5624545900980595,0.5035990661007325,0.5134141454098364,0.5140830589136333,0.5889944336132752,0.46547680818063647,0.4758035938413658,0.5931661172273921
drift,omd_paper_v2_literal,0,340,3,1,0.09807087549701815,25.03403456102283,0.035177768140879896,0.3870341214387174,0.0,0.0,0.4432848904974456,0.4808121157123022,0.5604274294899259,0.5041970364508536,0.5130339307398006,0.512765318729799,0.5865414310292644,0.46620138080287027,0.4763725071717927,0.591198988612475
drift,omd_paper_v2_literal,0,341,3,1,0.09746775067248864,25.131502311695318,0.03585131809226195,0.38745691480397365,0.0,0.0,0.4422290620119587,0.47963621071693985,0.5607426667784755,0.5067742185907147,0.5149908119588565,0.512460232780412,0.5860542258080239,0.4680637699990621,0.4743854041223326,0.5919129506876063
drift,omd_paper_v2_literal,0,342,3,1,0.09686447941183551,25.228366791107153,0.0365629451952911,0.3881441900040763,0.0,0.0,0.44118105423451676,0.4784686638472315,0.5610556747615906,0.5093332158940985,0.5169337008439606,0.5121572482230174,0.5855702243488133,0.4699141563327302,0.47241285021520796,0.5926215898898645
drift,omd_paper_v2_literal,0,343,3,1,0.09626106257577838,25.32462785368293,0.037309338471196545,0.3890890598991638,0.0,0.0,0.44014080109045606,0.4773094113639536,0.5613664734250922,0.5118740602273815,0.5188626681117093,0.5118563468644072,0.5850894012586604,0.4717525851852925,0.47045476828881855,0.5933249549755519
drift,omd_paper_v2_literal,0,344,3,0,0.09565750102609011,25.42028535470902,0.03808736137851256,0.3881021856283023,0.0,0.0,0.43910823664405957,0.47615838945104005,0.5616750826482275,0.5143967880811617,0.5207777861446168,0.5115575105935197,0.5846117311970525,0.47357910366948225,0.4685110795085803,0.5940230944491698
drift,omd_paper_v2_literal,0,345,3,1,0.09505379562559158,25.51533915033461,0.036999193399827074,0.3890301425533398,0.0,0.0,0.44019451817206484,0.4773692817675466,0.5613504216120334,0.5117428375619679,0.5187630487437831,0.5118718888633662,0.585114240119168,0.4716576097216678,0.4705558829776215,0.5932886349724689
drift,omd_paper_v2_literal,0,346,3,0,0.09444994723814587,25.609789097572758,0.037779317338629596,0.3880614587541013,0.0,0.0,0.4391651947037707,0.47622189056477054,0.5616580563843189,0.5142576145812892,0.5206721349591454,0.5115739990938121,0.5846380907830077,0.4734783066778808,0.4686182981263838,0.5939845844998617
drift,omd_paper_v2_literal,0,347,3,0,0.0938459567286527,25.70363505430141,0.03669967991062304,0.38738382171298735,0.0,0.0,0.44024748884447557,0.4774283193684902,0.5613345931261259,0.5116134400262224,0.5186648146889046,0.5118872144839522,0.5851387327810859,0.471563958394504,0.4706555924432143,0.5932528195713409
drift,omd_paper_v2_literal,0,348,3,1,0.09324182496304217,25.796876879264452,0.03566438473743042,0.38802735911202124,0.0,0.0,0.4413229366499869,0.4786267502709783,0.5610132925482157,0.508986722492349,0.5166706389486864,0.5121982765096389,0.5856357736698672,0.46966354217683937,0.4726799087309456,0.5925256540885034
drift,omd_paper_v2_literal,0,349,3,0,0.09263755280826935,25.889514432072723,0.03641726288846343,0.38736353641687443,0.0,0.0,0.4402925453796826,0.4774785356993711,0.5613211297330531,0.5115033766515007,0.5185812582431434,0.5119002500371549,0.585159565265565,0.4714843026077147,0.47074040454225363,0.5932223551504624
drift,omd_paper_v2_literal,0,350,9,1,0.0,25.889514432072723,0.035390861024187606,0.3940632682905249,0.0,0.0,0.44136411627463956,0.47867263171244606,0.5610009920020121,0.5088861597999064,0.5165942900634517,0.5122101839149824,0.5856547971564795,0.4695908105323201,0.4727574187332551,0.5924978097956572
drift,omd_paper_v2_literal,0,351,9,1,0.0,25.889514432072723,0.035770004634211865,0.4007343514904805,0.0,0.0,0.440227856865573,0.4781525496299496,0.5621258816213589,0.5094833945136132,0.5172495343464444,0.5124184053086857,0.5870218057184544,0.4694274049954616,0.4719189202872519,0.5941665008084758
drift,omd_paper_v2_literal,0,352,9,0,0.0,25.889514432072723,0.036180718194389526,0.3909561106787806,0.0,0.0,0.4390984067481073,0.4776353470593828,0.5632440115463984,0.5100773496441918,0.5179011511272229,0.5126254883853283,0.5883800397926936,0.4692648959204749,0.4710851456960389,0.5958239493712311
drift,omd_paper_v2_literal,0,353,4,1,0.10435808284513609,25.993872514917857,0.03532298510618833,0.39183159585683974,0.0,0.0,0.4407545757957893,0.47839366585467086,0.561604435554684,0.5092065059918137,0.5169457552268686,0.5123218696009267,0.5863881944787503,0.4695031627572197,0.47230764808879266,0.5933931250762886
drift,omd_paper_v2_literal,0,354,4,1,0.10365778102357354,26.097530295941432,0.0367423466851241,0.3929396476877654,0.0,0.0,0.4410121747409288,0.4788831460093661,0.563075741219822,0.5110803736342402,0.5193724877497887,0.5136561754261936,0.5866938669009674,0.47174791477973216,0.4699299884866478,0.5941396312572248
drift,omd_paper_v2_literal,0,355,4,0,0.10295733351409758,26.20048762945553,0.03815595477765962,0.3917494891824528,0.0,0.0,0.44126808306784,0.47936939411395646,0.564536113122629,0.5129414062560543,0.5217820931381375,0.5149813687233061,0.5869974297614428,0.47397879240148644,0.4675695738677143,0.5948807165062895
drift,omd_paper_v2_literal,0,356,9,0,0.0,26.20048762945553,0.03641428466995475,0.3819842415595341,0.0,0.0,0.44099072642052245,0.4788423914365248,0.5629532856167387,0.5109243708032669,0.5191704767772709,0.5135450913018489,0.5866684198514285,0.4715609769269861,0.4701278964731666,0.5940774953898592
drift,omd_paper_v2_literal,0,357,5,0,0.09733838262957328,26.297826012085103,0.03556190284928181,0.38163405613938817,0.0,0.0,0.44264179412100907,0.4795985770278031,0.5613234032211547,0.5100610108813434,0.5182241312366588,0.5132454303061964,0.5846833017394545,0.47180277064530984,0.4713402040375408,0.5916552894643949
drift,omd_paper_v2_literal,0,358,3,0,0.08719292945030516,26.38501894153541,0.03413843131952439,0.3810953485141152,0.0,0.0,0.4407993696584338,0.47723204524380086,0.5593401701203031,0.5103775238437204,0.5168145082127782,0.5106502841427546,0.5835723432901884,0.4705509961931767,0.4726255840521187,0.591405485407128
drift,omd_paper_v2_literal,0,359,9,1,0.0,26.38501894153541,0.033143634373664944,0.3877661254209902,0.0,0.0,0.44186503806781796,0.478421745977178,0.559029242535922,0.5077793851590524,0.5148459778662318,0.510964469736117,0.5840704470059499,0.4686738187334423,0.4746241457914292,0.5906897020732409
drift,omd_paper_v2_literal,0,360,9,0,0.0,26.38501894153541,0.03359188639562164,0.3781280348675442,0.0,0.0,0.44072948046274696,0.47790169782788433,0.5601516959733699,0.5083725505455814,0.5154964587899223,0.5111704696135273,0.5854372217428355,0.4685066788832828,0.4737903380198979,0.5923576806623072
drift,omd_paper_v2_literal,0,361,5,0,0.09465077898705737,26.479669720522466,0.032717833556462454,0.37803020443299995,0.0,0.0,0.4423708469725142,0.47865331504469016,0.5585292698154032,0.5075152682596598,0.5145563317781878,0.5108727460935454,0.5834614663690114,0.46874824082258026,0.47499544853977277,0.5899463520244919
drift,omd_paper_v2_literal,0,362,3,0,0.08476963567575513,26.56443935619822,0.031316540731385005,0.3777705853408956,0.0,0.0,0.4405400170389008,0.4763021137805833,0.5565562899411741,0.5078295496237573,0.5131548005307035,0.5082935689226347,0.5823572379615004,0.4675048207560236,0.47627378681179333,0.5896983322549503
drift,omd_paper_v2_literal,0,363,9,1,0.0,26.56443935619822,0.030355037330350165,0.3843914708049042,0.0,0.0,0.4415967453299068,0.47748258620228595,0.556247935340401,0.5052491025326183,0.5111990817153832,0.508605424643766,0.5828537889474456,0.4656411822314938,0.4782597214971271,0.5889883107080844
drift,omd_paper_v2_literal,0,364,9,0,0.0,26.56443935619822,0.030847297071271543,0.3748929704421951,0.0,0.0,0.4404598750024168,0.4769620257308093,0.5573730836074902,0.505842231268374,0.5118497926258508,0.5088115314099667,0.5842237172430957,0.4654730405460783,0.47742508680898565,0.5906604952132533
drift,omd_paper_v2_literal,0,365,5,1,0.0919610185677941,26.656400374766015,0.02994868095890395,0.37501248364899586,0.0,0.0,0.44209164807262047,0.4777091241942204,0.5557581445129522,0.5049909969838229,0.5109159119289901,0.5085157360653597,0.5822572617059396,0.46571435177226894,0.4786229521845872,0.5882600123398757
drift,omd_paper_v2_literal,0,366,5,1,0.0912882483843736,26.74768862315039,0.03114972106619524,0.37539254671362465,0.0,0.0,0.4438515145123462,0.47996779663206574,0.5576534164424052,0.5046893919489209,0.5122624340894949,0.5109926843437026,0.5833172560337289,0.4669084361996935,0.47739458257793826,0.5884979645938287
drift,omd_paper_v2_literal,0,367,5,0,0.09061534801893079,26.83830397116932,0.03236101840195306,0.37500073251974264,0.0,0.0,0.445600973140978,0.4822121307808258,0.5595343156999804,0.5043898064713592,0.5135997486862399,0.5134524851407155,0.584369378731763,0.4680948870893576,0.47617472253170046,0.5887342798849811
drift,omd_paper_v2_literal,0,368,5,1,0.08994231839779115,26.928246289567113,0.03093511882094368,0.37536670463323385,0.0,0.0,0.4437671672573691,0.4798595647957395,0.5575626522822914,0.504703841848681,0.5121979264598376,0.5108740257254668,0.5832664894584416,0.46685121916219097,0.47745342733500384,0.5884865653049766
drift,omd_paper_v2_literal,0,369,5,1,0.08926916044819277,27.017515450015306,0.03214066643002442,0.37598578704363056,0.0,0.0,0.4455111337063383,0.4820969024978587,0.5594378032683808,0.5044051853883277,0.5135311039245967,0.5133262292520401,0.5843153879901083,0.4680339732456364,0.4762373356946479,0.5887221499365458
drift,omd_paper_v2_literal,0,370,5,0,0.08859587509828143,27.106111325113588,0.0333543283458933,0.3753386002551934,0.0,0.0,0.44724479376402515,0.4843200236866364,0.5612987657974312,0.5041085184659317,0.5148551958167481,0.5157614368540695,0.5853565325935,0.4692091916935756,0.4750296367412667,0.5889561224757314
drift,omd_paper_v2_literal,0,371,5,0,0.08792246327710329,27.19403378839069,0.03192654126584528,0.3749780345573301,0.0,0.0,0.4454106123400185,0.4819679703864754,0.5593298056234784,0.5044223935751466,0.5134542934529653,0.5131849535584669,0.5842549727995084,0.4679658149978775,0.47630739740597833,0.5887085770363872
drift,omd_paper_v2_literal,0,372,3,0,0.07870255468089665,27.27273634307159,0.03054392571950858,0.3750614512671472,0.0,0.0,0.44359010144467,0.4796323519451264,0.557372091938501,0.5047341775549147,0.5120624995537211,0.5106249130354126,0.5831599057288389,0.4667311020876481,0.4775769664732306,0.5884626336349033
drift,omd_paper_v2_literal,0,373,6,0,0.004956910139021997,27.27769325321061,0.0297005253626257,0.366297334687217,0.0,0.0,0.44463622794632024,0.48080042219286756,0.5570647706536532,0.5021745954791862,0.5101205682472738,0.5109309089688926,0.5836523477666284,0.4648804027429155,0.47954875183252843,0.5877590637904276
drift,omd_paper_v2_literal,0,374,3,0,0.07748767858650285,27.355180931797115,0.028788837969413426,0.3665874361898026,0.0,0.0,0.44500457066725413,0.4801256917218402,0.5550823475467908,0.5027598823072348,0.5097550335116757,0.5096512475717272,0.581244268412371,0.465596906498028,0.48010007019616646,0.5858247039345422
drift,omd_paper_v2_literal,0,375,6,0,0.004881314438729745,27.360062246235845,0.02797694506193014,0.3578541546240424,0.0,0.0,0.44604560677994043,0.48128712913515764,0.5547758699001912,0.5002146800606365,0.5078235060547833,0.5099551972410252,0.5817339166209421,0.4637573386636325,0.4820617817015207,0.5851232030192414
drift,omd_paper_v2_literal,0,376,5,0,0.08455353968110424,27.444615785916948,0.027055717440762312,0.35795599484697027,0.0,0.0,0.4464128637584437,0.4806159436657725,0.5528005630350217,0.5007962654687099,0.5074588680172122,0.5086815221584717,0.5793341786850585,0.46446956141006507,0.48261149925043206,0.5831940143754798
drift,omd_paper_v2_literal,0,377,3,0,0.07566448536747516,27.520280271284424,0.02569022827139782,0.35842305534159624,0.0,0.0,0.4446104797395277,0.47830646857528547,0.5508599451466802,0.5011030547373014,0.5060805936107883,0.5061489916582305,0.57825015968426,0.4632472485103019,0.4838692220981044,0.5829518035856934
drift,omd_paper_v2_literal,0,378,6,1,0.004767731590077928,27.525048002874502,0.02489307064027376,0.3646902720976961,0.0,0.0,0.44564590040293955,0.4794611408886305,0.5505535010989965,0.4985707147801532,0.5041579054543015,0.5064506374154576,0.5787374425908235,0.4614180471930509,0.48582258269133,0.5822518141771248
drift,omd_paper_v2_literal,0,379,6,1,0.004729820919298189,27.5297778237938,0.02552035274408133,0.3709546811210136,0.0,0.0,0.445379019572788,0.47994469041846377,0.5519823864664201,0.49815104157900014,0.5044213403216573,0.5073702214878818,0.5804730825037855,0.46090323337237465,0.48542510050459914,0.583648117921167
drift,omd_paper_v2_literal,0,380,6,1,0.00469188570469381,27.534469709498495,0.026178610841555337,0.3772144859904585,0.0,0.0,0.4451136326206058,0.4804256271247915,0.5534025900762638,0.49773367098101545,0.5046833289989109,0.5082847163288804,0.5821972379702379,0.4603913236963379,0.4850298150047117,0.5850354392957001
drift,omd_paper_v2_literal,0,381,6,0,0.0046539261367620766,27.539123635635256,0.026864876425794104,0.36848591708744705,0.0,0.0,0.4448497275002825,0.48090397068025975,0.5548141659336915,0.49731858515225746,0.5049438829134434,0.5091941569303506,0.5839099777537166,0.4598822953354526,0.48463670898461364,0.5864138406655548
drift,omd_paper_v2_literal,0,382,6,0,0.004615942406280937,27.54373957804154,0.025868838256682947,0.3598632728661989,0.0,0.0,0.4452180615598374,0.48023636889658994,0.5528438271296773,0.4978979105278575,0.5045802338902245,0.5079248588916371,0.5815190012139214,0.46059275583764675,0.48518536196121137,0.5844896727662994
drift,omd_paper_v2_literal,0,383,5,1,0.0798319960393361,27.623571574080874,0.02489129702080182,0.3597889574796221,0.0,0.0,0.4455844442279958,0.47957248218367676,0.5508825986178497,0.49847407840901914,0.5042185655702092,0.5066623898023943,0.5791372743321268,0.46129949610595233,0.4857310547328853,0.5825734521982079
drift,omd_paper_v2_literal,0,384,5,0,0.07915702503338917,27.702728599114263,0.02612003744163821,0.3598697176713169,0.0,0.0,0.44733119768900875,0.48180680980588825,0.5527557392621937,0.4981792730620843,0.5055524700270532,0.5091105458032381,0.5801789991505749,0.46248477980323655,0.48451424742197724,0.5828023969902436
drift,omd_paper_v2_literal,0,385,3,1,0.07079765007682359,27.773526249191086,0.024824763951760805,0.3594048653002922,0.0,0.0,0.4455315931694733,0.47950486449391927,0.5508258784826634,0.4984830017729442,0.5041781891121124,0.5065882819633725,0.5791057317363946,0.46126362597666887,0.48576788850217667,0.5825665218033417
drift,omd_paper_v2_literal,0,386,3,1,0.07018880181447545,27.84371505100556,0.0255424422989418,0.35922524883450196,0.0,0.0,0.4444973066128102,0.4783530035471291,0.551135525697253,0.501012251724199,0.5061002775231035,0.5062896522593763,0.5786227337849227,0.4630906701750635,0.483814955795182,0.5832685322467438
drift,omd_paper_v2_literal,0,387,3,0,0.06957984680757201,27.91329489781313,0.02631102416112,0.359407243890856,0.0,0.0,0.4434704390698199,0.47720910285934165,0.5514430550148364,0.5035244718174797,0.508009284580404,0.5059930228140045,0.5781428292098877,0.4649064311574494,0.48187562225778885,0.5839654959960601
drift,omd_paper_v2_literal,0,388,9,1,0.0,27.91329489781313,0.02552845352880491,0.3659464798345448,0.0,0.0,0.44450490874978926,0.4783614709873595,0.5511332493734867,0.5009936571845957,0.5060861472788709,0.5062918477454426,0.5786262852452713,0.46307723441197973,0.48382931165875,0.5832633724261558
drift,omd_paper_v2_literal,0,389,9,0,0.0,27.91329489781313,0.026260735378175484,0.3567844880216088,0.0,0.0,0.44335582955108915,0.4778309279560231,0.5522592412078847,0.5015910595554359,0.5067358888143418,0.5064905308269573,0.580001871806179,0.4629052373267479,0.4829940340103932,0.5849485396093053
drift,omd_paper_v2_literal,0,390,3,1,0.0677523503456342,27.981047248158767,0.025245511693948928,0.3565704603211829,0.0,0.0,0.44496672965035167,0.47857463528921784,0.5506807236270348,0.5007536444548715,0.5058251017962682,0.5062120244475639,0.5780732857394285,0.46314633828152124,0.48416491775562426,0.582585790624449
drift,omd_paper_v2_literal,0,391,3,1,0.06714297739048813,28.048190225549256,0.02601032796890888,0.356636984905974,0.0,0.0,0.44394382669775867,0.4774345141845767,0.5509861872816838,0.5032581079344886,0.5077280175142472,0.5059160113806801,0.5775930367776164,0.4649571849140325,0.4822319042672688,0.5832792324576642
drift,omd_paper_v2_literal,0,392,3,0,0.0665335022096274,28.114723727758882,0.026820733429829855,0.3565716906296548,0.0,0.0,0.4429282241318933,0.4763022386615547,0.5512895732110292,0.5057456869246744,0.509618005458934,0.5056219707588512,0.5771158492747188,0.46675685524610505,0.48031232419838316,0.583967717956101
drift,omd_paper_v2_literal,0,393,3,1,0.06592392570910843,28.18064765346799,0.026020120325554903,0.356632993138796,0.0,0.0,0.4439605165279786,0.47745311893184944,0.5509812024695941,0.5032172364439728,0.5076969638680066,0.5059208423025302,0.5776008755474864,0.46492762462610315,0.482263446641253,0.5832679182295569
drift,omd_paper_v2_literal,0,394,3,1,0.06531424879573544,28.245961902263726,0.026828559808431577,0.3569673844052498,0.0,0.0,0.44294820149646136,0.47632451382311325,0.5512836044732049,0.5056967462543303,0.5095808225014652,0.5056277560336471,0.5771252393093494,0.4667214383095778,0.48035008643508126,0.5839541751835324
drift,omd_paper_v2_literal,0,395,3,1,0.06470447237705396,28.310666374640782,0.027676950196980202,0.35756868228416583,0.0,0.0,0.4419430804987224,0.47520364566417744,0.5515839600023328,0.5081595068580397,0.5114518968911876,0.5053366129878103,0.5766526212449058,0.46850418762122303,0.4784500075718695,0.5846355510565139
drift,omd_paper_v2_literal,0,396,3,0,0.06409459736134432,28.374760972002125,0.02856042314511744,0.3569505339084538,0.0,0.0,0.44094509537714,0.474090457529854,0.5518822865510451,0.5106055445397376,0.5133102461835711,0.5050473969979457,0.576182998303449,0.4702759115595546,0.4765631456525648,0.5853120883063192
drift,omd_paper_v2_literal,0,397,3,0,0.06348462465761545,28.43824559665974,0.02768816846274575,0.3566217842161156,0.0,0.0,0.4419794516739695,0.4752442101551389,0.5515730895684098,0.5080703757164288,0.5113841803756338,0.5053471507037438,0.5766697296682374,0.46843964836717067,0.4785187686151926,0.5846108949180896
drift,omd_paper_v2_literal,0,398,9,1,0.0,28.43824559665974,0.026880325798789528,0.36323971191368676,0.0,0.0,0.4430074693604213,0.47639059802163136,0.5512658969524654,0.5055515534983801,0.5094705113281635,0.5056449191794723,0.5771530963646341,0.46661636898168113,0.48046211685126633,0.5839139971412985
drift,omd_paper_v2_literal,0,399,9,1,0.0,28.43824559665974,0.027707087193190077,0.36983306835421476,0.0,0.0,0.44186726741122173,0.47586608554803106,0.5523860926185216,0.5061384565640021,0.5101113627158119,0.5058436988331215,0.5785256671473205,0.46643922022691253,0.4796368764958688,0.5855890856054888
drift,omd_paper_v2_literal,0,400,9,1,0.0,28.43824559665974,0.028554487363211718,0.3764013932048513,0.0,0.0,0.4407337790031569,0.47534443470382065,0.5534997623190653,0.5067221999189097,0.5107487493095697,0.5060414121668753,0.5798896850505939,0.46626302851894214,0.47881616560748846,0.5872532427888774
drift,omd_paper_v2_literal,0,401,9,0,0.0,28.43824559665974,0.02942010036694898,0.3670452035033011,0.0,0.0,0.4396069577940673,0.47482562368254577,0.5546069508233726,0.5073028069655408,0.5113826965666425,0.5062380675185923,0.5812452075182215,0.46608778630756287,0.4779999520541435,0.588906535224841
drift,omd_paper_v2_literal,0,402,9,1,0.0,28.43824559665974,0.02832387321758376,0.3736029249413298,0.0,0.0,0.44121275564239476,0.47556489585322403,0.5530291519254186,0.5064754919775032,0.5104793718844404,0.505957851916342,0.5793133516216884,0.46633749219037207,0.47916301265501127,0.5865501534497756
drift,omd_paper_v2_literal,0,403,9,0,0.0,28.43824559665974,0.029201255439110528,0.3642888812574387,0.0,0.0,0.44008676312357914,0.475046563794594,0.5541354966917755,0.5070555454424778,0.5111127210228209,0.5061543178934512,0.5806680781925684,0.4661624159039025,0.47834753982058054,0.5882026886433865
drift,omd_paper_v2_literal,0,404,3,0,0.059212156973636354,28.497457753633377,0.0281049637072804,0.3642017680243883,0.0,0.0,0.4416867378382509,0.47578301798761213,0.5525634610153931,0.5062314089051642,0.5102128579213271,0.5058751814355462,0.578742944548813,0.46641116413891665,0.4795061848030499,0.5858542061155423
drift,omd_paper_v2_literal,0,405,5,1,0.06495790067735552,28.562415654310733,0.02742513188350345,0.36404942809794005,0.0,0.0,0.44270542960610365,0.47692175526451536,0.5522617211547995,0.5037275636248084,0.5083112030280852,0.5061720348056661,0.5792276747552263,0.4645978761155258,0.4814368813948261,0.5851671243444819
drift,omd_paper_v2_literal,0,406,5,1,0.06428065419424916,28.626696308504982,0.028475637961381528,0.36416003470847536,0.0,0.0,0.44444520392496106,0.47914806139857385,0.5541285277586274,0.5034384351768794,0.509645233619832,0.5086136406294985,0.5802638152868506,0.465786058522493,0.48022028698995844,0.5853942994765915
drift,omd_paper_v2_literal,0,407,5,0,0.06360331523200552,28.690299623736987,0.02954949318801109,0.36405038294380526,0.0,0.0,0.44617487918543136,0.48136053759193764,0.5559815389724547,0.5031512071033428,0.5109703494662899,0.511038772560222,0.5812924372155484,0.4669668064908376,0.4790119307500683,0.5856199436974585
drift,omd_paper_v2_literal,0,408,5,0,0.06292588474851579,28.753225508485503,0.0285793152962105,0.3642201357650033,0.0,0.0,0.44437900653903967,0.47906336829631063,0.5540575514968266,0.5034494321989434,0.5095944962592811,0.5085207811150849,0.5802244186409723,0.46574085890463546,0.4802665558671408,0.5853856595512154
drift,omd_paper_v2_literal,0,409,9,0,0.0,28.753225508485503,0.027690994859794035,0.3550668123916762,0.0,0.0,0.4425963522679112,0.4767821444815601,0.5521445799242594,0.5037456985237011,0.5082275245936452,0.5060188791378762,0.5791626616286546,0.4645233630974256,0.4815131972330413,0.5851528740491895
drift,omd_paper_v2_literal,0,410,5,0,0.061570753052631155,28.814796261538135,0.026598071795852992,0.35552818009463194,0.0,0.0,0.4441885208635437,0.47751508974886486,0.5505830341886813,0.5029279623429719,0.5073353614545099,0.5057432252590488,0.5772487262928034,0.46477224721563787,0.4826629062233185,0.5828152256222788
drift,omd_paper_v2_literal,0,411,3,1,0.05493526028578344,28.86973152182392,0.025781263331277452,0.35556568987017717,0.0,0.0,0.4424184467315233,0.47525058435997536,0.5486810959464775,0.5032222400254508,0.5059780106438183,0.5032587772353161,0.5761927398149006,0.4635636832197062,0.48390098030489553,0.5825839892511967
drift,omd_paper_v2_literal,0,412,3,1,0.05432393181809719,28.924055453642016,0.02659766802076316,0.35587144019315337,0.0,0.0,0.44142286635601224,0.4741377731232211,0.5489783746850453,0.5056747356054752,0.5078423274979649,0.50297019867774,0.575717207261332,0.465340912908628,0.48200802034741985,0.5832576617712565
drift,omd_paper_v2_literal,0,413,3,0,0.05371252030024931,28.977767973942264,0.02745288067167371,0.35556127451298936,0.0,0.0,0.44043429410647056,0.47303252855800565,0.5492736653638789,0.5081108454991047,0.5096941779300077,0.5026835144357119,0.5752446606194334,0.46710733614367655,0.4801280102958939,0.5839265998318928
drift,omd_paper_v2_literal,0,414,3,1,0.05310102665262734,29.03086900059489,0.026787683009246808,0.3558586602001038,0.0,0.0,0.44144877590814546,0.47416673698214057,0.5489706368039612,0.5056108987938936,0.507793800880739,0.5029777105566683,0.5757295874073705,0.4652946393218074,0.4820572887898474,0.5832401296470718
drift,omd_paper_v2_literal,0,415,3,0,0.052489451796228936,29.08335845239112,0.02763508570460055,0.35555709870794855,0.0,0.0,0.44046330070511597,0.47306496231178413,0.5492649994666559,0.5080393538188955,0.5096398321120322,0.5026919282647903,0.5752585312014279,0.4670554819938913,0.4801831783479977,0.5839069717753739
drift,omd_paper_v2_literal,0,416,9,1,0.0,29.08335845239112,0.02699388395433575,0.3621041458940545,0.0,0.0,0.44147433675832526,0.47419531085403105,0.5489630031327191,0.5055479217161688,0.5077459277969136,0.5029851212455897,0.5757418006936528,0.4652489896482268,0.4821058939040829,0.5832228334828999
drift,omd_paper_v2_literal,0,417,9,1,0.0,29.08335845239112,0.027997023939834546,0.36862767683899544,0.0,0.0,0.4403448446898994,0.4736761628184659,0.5500737486393295,0.5061247959924935,0.5083767141647855,0.5031814537153536,0.577105517295034,0.4650683178656509,0.48129198875782886,0.5848841948137665
drift,omd_paper_v2_literal,0,418,9,1,0.0,29.08335845239112,0.029008232670283976,0.3751272059254229,0.0,0.0,0.439221954219077,0.47315982406216345,0.5511781092965634,0.5066985951708337,0.509004129281885,0.5033767441431785,0.5784608379432774,0.46488861320316816,0.4804824978840114,0.586534834300362
drift,omd_paper_v2_literal,0,419,9,0,0.0,29.08335845239112,0.030026084199920387,0.36589655744716154,0.0,0.0,0.43810562012614557,0.4726462733692733,0.5522761281814348,0.5072693417997658,0.5096281976226568,0.5035710005825075,0.5798078180930898,0.4647098681112532,0.4796773903588809,0.5881748162163898
drift,omd_paper_v2_literal,0,420,9,0,0.0,29.08335845239112,0.028900486345698986,0.35673613169901774,0.0,0.0,0.43969175738007127,0.4733758812427245,0.5507160457415178,0.5064584885760661,0.5087415881516544,0.5032950241725717,0.5778938409684096,0.4649638102608424,0.48082122048731885,0.5858443516464754
drift,omd_paper_v2_literal,0,421,3,1,0.048818348924524135,29.132176801315644,0.02778176990018649,0.35701661908369997,0.0,0.0,0.4412707370403768,0.47410174695970514,0.5491632156708096,0.5056518858912653,0.5078596086373502,0.5030205039300677,0.5759876526059744,0.4652164286938084,0.4819592065320232,0.5835223812510529
drift,omd_paper_v2_literal,0,422,3,1,0.04820623144442859,29.180383032760073,0.028605963858996226,0.3575551171663032,0.0,0.0,0.44029162833162144,0.4730050445117877,0.5494536319396962,0.5080706898547057,0.5096977902813259,0.5027351578252287,0.5755146353844969,0.466971823564746,0.4800935426788641,0.5841824684965972
drift,omd_paper_v2_literal,0,423,3,0,0.047594040144682104,29.227977072904753,0.029463949674484603,0.35700205305595684,0.0,0.0,0.43931935585512694,0.4719157422295766,0.5497421235056245,0.5104733674781057,0.5115237412114428,0.5024516682742605,0.575044561674112,0.4687165966681389,0.47824057847600315,0.584837958007141
drift,omd_paper_v2_literal,0,424,3,1,0.046981775951468074,29.274958848856222,0.02885145094277326,0.35752922159745865,0.0,0.0,0.44032664938554933,0.4730442761855657,0.5494432424610627,0.5079841595153152,0.5096320309228957,0.5027453665233105,0.5755315606456178,0.46690900742688946,0.4801602802151868,0.5841588581217291
drift,omd_paper_v2_literal,0,425,3,1,0.04636943979151187,29.321328288647734,0.029700055472411575,0.35830678644406155,0.0,0.0,0.43935734474690163,0.4719583085287688,0.5497308495325789,0.5103794762895905,0.5114523862944801,0.5024627474200714,0.5750629352784622,0.4686483941783372,0.4783129836513461,0.5848123463043202
drift,omd_paper_v2_literal,0,426,3,0,0.045757032592075086,29.36708532123981,0.030578472639344878,0.3574998075158977,0.0,0.0,0.4383947787627455,0.4708796402992709,0.5500165600996936,0.5127588005742982,0.5132606457428933,0.5021819580308385,0.5745972127907716,0.47037726516550377,0.47647824404577077,0.585461304810528
drift,omd_paper_v2_literal,0,427,3,0,0.04514455528094785,29.412229876520758,0.029945764226727636,0.3569719919107509,0.0,0.0,0.43940121521589903,0.47200746461257276,0.5497178302811976,0.5102710498030116,0.5113699850320318,0.5024755416183444,0.5750841528648613,0.4685696353777606,0.47839659830561826,0.5847827693311974
drift,omd_paper_v2_literal,0,428,9,1,0.0,29.412229876520758,0.029381104824627965,0.3635054929708354,0.0,0.0,0.44040164413923444,0.473128286522512,0.5494209946806335,0.5077988651267499,0.509491215209103,0.5027672270344046,0.5755678031618885,0.4667744988634884,0.480303191822134,0.584108298461621
drift,omd_paper_v2_literal,0,429,9,1,0.0,29.412229876520758,0.030440458392452727,0.37001381248106996,0.0,0.0,0.439285175135533,0.47261670945873285,0.5505211027118749,0.5083641671580884,0.5101115108220157,0.5029626182783684,0.5769210805183155,0.4665906163745246,0.4795015881305453,0.5857524401580702
drift,omd_paper_v2_literal,0,430,9,0,0.0,29.412229876520758,0.03150239626759986,0.36080001620184327,0.0,0.0,0.4381751867894809,0.4721078797441977,0.5516149353868984,0.508926475134756,0.5107285135076405,0.5031569810919301,0.578266097014205,0.46640770990135577,0.4787043046489075,0.5873860422203798
drift,omd_paper_v2_literal,0,431,5,1,0.047321936268557074,29.459551812789314,0.030383916812966424,0.36028681692186326,0.0,0.0,0.4397472265956588,0.4728284529108026,0.5500658087772603,0.5081301816353682,0.5098547636851931,0.5028817426570739,0.5763610750070645,0.4666667273363712,0.4798333728372333,0.5850721317290126
drift,omd_paper_v2_literal,0,432,5,0,0.046642598245696054,29.50619441103501,0.031168715050590424,0.3608096284266393,0.0,0.0,0.4414814279031807,0.47504782072123697,0.551930294245427,0.5078462486616422,0.5111897959572396,0.5053189189282317,0.577394188930771,0.46785809493107594,0.4786159785623838,0.5852978019892614
drift,omd_paper_v2_literal,0,433,9,0,0.0,29.50619441103501,0.030705414804089164,0.3516629960318918,0.0,0.0,0.43972150475543414,0.47279552886802806,0.5500381320365724,0.5081343947126804,0.5098349528118008,0.5028455774976028,0.5763457401790915,0.4666490521534906,0.4798514388824269,0.5850687828701944
drift,omd_paper_v2_literal,0,434,5,1,0.045283721037146285,29.55147813207216,0.029595207809994133,0.3511266667956999,0.0,0.0,0.4412870965631341,0.4735132361786845,0.5484968571570872,0.5073421434709497,0.5089662276962152,0.5025726808211014,0.5744488436800952,0.4669071622220173,0.48097432951272767,0.5827633889321537
drift,omd_paper_v2_literal,0,435,5,1,0.044604183797399,29.59608231586956,0.030366221732533262,0.3508625472007435,0.0,0.0,0.4430181903427687,0.47572715321626396,0.5503574113916122,0.5070588439304636,0.5102977218536798,0.5050034165891145,0.5754802141254188,0.46809549460446637,0.4797600667551856,0.5829885265633895
drift,omd_paper_v2_literal,0,436,5,1,0.04392458209875483,29.640006897968313,0.031177069328313958,0.3508659848018619,0.0,0.0,0.4447393960166574,0.47792761522811583,0.5522044697380754,0.506777382613281,0.5116204107141714,0.5074181077619065,0.5765042255859766,0.46927645603250157,0.47855393885695074,0.5832121655316651
drift,omd_paper_v2_literal,0,437,5,0,0.04324491691535981,29.683251814883672,0.03202348138875786,0.35086699490112144,0.0,0.0,0.4464507399732418,0.4801146384531613,0.5540381097945561,0.5064977445755108,0.5129343502417414,0.5098167778486351,0.5775209377772657,0.4704500903297809,0.4773558899090396,0.5834343185027853
drift,omd_paper_v2_literal,0,438,5,1,0.042565189221817956,29.72581700410549,0.03146851197463636,0.3508612126013833,0.0,0.0,0.44468240905214257,0.47785477393188885,0.552143361727948,0.5067866980065728,0.5115766371300289,0.5073381953747094,0.5764703450743685,0.4692373650185827,0.4785938532850178,0.5832047644602921
drift,omd_paper_v2_literal,0,439,5,1,0.04188539999318347,29.767702404098674,0.03229675233676845,0.3511162759845136,0.0,0.0,0.4463884471693491,0.4800350458479563,0.553971415004652,0.5065079197756642,0.5128865432366562,0.5097295052223724,0.5774839543528832,0.47040737974829383,0.4773994785691479,0.5834262356648924
drift,omd_paper_v2_literal,0,440,5,0,0.041205550204954755,29.808907954303628,0.03315704294571608,0.3508560892830107,0.0,0.0,0.44808471518145254,0.48220198580618334,0.5557862137473185,0.5062309385642078,0.5141878115492858,0.5121049255341084,0.5784903694919827,0.4715701578720784,0.4762130758965497,0.5836462427272364
drift,omd_paper_v2_literal,0,441,5,0,0.040525640833066534,29.849433595136695,0.0325787894753537,0.35087758065646385,0.0,0.0,0.4463157855143719,0.4799422033428423,0.5538936139047713,0.5065197890135205,0.5128307766608127,0.5096277020381732,0.5774408125497479,0.4703575589328288,0.4774503246349943,0.583416807078152
drift,omd_paper_v2_literal,0,442,3,1,0.03594961464783214,29.88538320978453,0.032086175012754646,0.351274359777498,0.0,0.0,0.4445595941223855,0.47769778756642134,0.5520116547057253,0.5068067747832427,0.5114822944906318,0.5071659647228517,0.5763973224162189,0.4691531162707322,0.47867987889060254,0.5831888133395219
drift,omd_paper_v2_literal,0,443,3,0,0.03533614213430153,29.92071935191883,0.03283771482954775,0.35086948547173064,0.0,0.0,0.44359788112451126,0.47662043569668044,0.5522989816294425,0.5091908334453004,0.5132961393448435,0.506888689048699,0.575929966048551,0.47088900836526354,0.4768399605778052,0.583837074994362
drift,omd_paper_v2_literal,0,444,9,0,0.0,29.92071935191883,0.03241753122761205,0.34175495314826404,0.0,0.0,0.4445891991887575,0.47773094834270435,0.5520028111532351,0.5067333956421335,0.5114264651253362,0.5071744983092168,0.5764117039819728,0.4690997027045754,0.47873651510489446,0.5831688573508033
drift,omd_paper_v2_literal,0,445,5,0,0.037805427042520046,29.95852477896135,0.031329221482370224,0.342065819330661,0.0,0.0,0.4461526406780555,0.4784481212496603,0.5504727825627556,0.505946832343546,0.5105656739870281,0.5069061053670074,0.5745245280270986,0.4693603688954129,0.4798503648371553,0.5808720216677078
drift,omd_paper_v2_literal,0,446,3,0,0.03349540274899471,29.992020181710345,0.03095035188230404,0.3419812897215146,0.0,0.0,0.44440892622121836,0.4762201860334477,0.5486013258492859,0.5062310171756673,0.5092256951509928,0.5044612208031254,0.573486839343609,0.46816387489414035,0.4810724375199567,0.5806452699240859
drift,omd_paper_v2_literal,0,447,5,0,0.036444988050536364,30.02846516976088,0.03062510372966795,0.34253717797498034,0.0,0.0,0.4453923341665208,0.47732169740993774,0.5483071405357924,0.5037917677728718,0.5073693282979752,0.5047445887268136,0.5739662501442152,0.4663887202573076,0.4829560250762565,0.579981410798236
drift,omd_paper_v2_literal,0,448,9,1,0.0,30.02846516976088,0.030354153329354785,0.34901839034515797,0.0,0.0,0.44365961013311694,0.4751074915421129,0.5464450270130762,0.5040738555939368,0.5060365765919398,0.502313898085159,0.5729343893139069,0.46519983770548545,0.4841718277506564,0.5797557321653516
drift,omd_paper_v2_literal,0,449,9,0,0.0,30.02846516976088,0.03149038494569777,0.34006672726077464,0.0,0.0,0.4425355260792514,0.4745915237537942,0.5475474115207878,0.5046391300401262,0.5066552269558995,0.5025065699523026,0.5742939865406516,0.46501148012504506,0.48337070754456446,0.5814099808180225
drift,omd_paper_v2_literal,0,450,3,0,0.031040367572503225,30.059505537333386,0.030431172250968253,0.34025566843387955,0.0,0.0,0.4440888244937697,0.47530444991590154,0.5460241274099499,0.5038580881777425,0.5058004334979027,0.5022403552757415,0.5724151407514783,0.46527173619273277,0.4844776360681101,0.579123832525218
drift,omd_paper_v2_literal,0,451,5,0,0.033723485016991794,30.09322902235038,0.030213982753710084,0.3410600499120855,0.0,0.0,0.44506441012618464,0.47639789564897334,0.5457323116989248,0.5014346333688691,0.5039557968984171,0.502521708754384,0.57289307837685,0.46350871286501016,0.4863496067620112,0.5784651832241303
drift,omd_paper_v2_literal,0,452,9,0,0.0,30.09322902235038,0.03007884977817101,0.33230309857126356,0.0,0.0,0.4433421133564114,0.47419738638340186,0.5438799390218798,0.5017147933525707,0.5026307374794016,0.5001056187677612,0.5718673277336427,0.46232754172098467,0.4875586618939544,0.5782411052712529
drift,omd_paper_v2_literal,0,453,3,1,0.02919858701854483,30.122427609368923,0.029058611676738216,0.3320628769657145,0.0,0.0,0.44488527563140073,0.4749052603474509,0.5423654191509379,0.5009401797863281,0.5017827908971224,0.49984147840388043,0.5699984528035874,0.4625869515510512,0.48865744502416736,0.575966150533797
drift,omd_paper_v2_literal,0,454,3,1,0.02858456914183294,30.151012178510758,0.029701348039930704,0.3320988478722868,0.0,0.0,0.44392150306272665,0.47382495579497447,0.5426541118440008,0.5033363939402976,0.5036069832707386,0.49956359175143045,0.569524513444445,0.4643302364721179,0.48680599754081,0.5766177034954545
drift,omd_paper_v2_literal,0,455,3,1,0.027970507318499538,30.178982685829258,0.030386194318639318,0.33240566524407283,0.0,0.0,0.44296430821078914,0.47275179861927086,0.5429409309931467,0.5057171411876014,0.5054194213558542,0.49928748147224555,0.5690534770465943,0.46606324305835967,0.4849667419729877,0.5772648282682927
drift,omd_paper_v2_literal,0,456,3,0,0.02735640248868698,30.206339088317947,0.03110929977756276,0.3320944263865941,0.0,0.0,0.4420136401870623,0.4716857381695599,0.5432258918610628,0.5080824412364192,0.5072201539853258,0.49901313337979386,0.5685853223616866,0.4677860037788296,0.48313962513714376,0.577907561441845
drift,omd_paper_v2_literal,0,457,3,1,0.02674225559285931,30.233081343910804,0.030841269092601126,0.33239282237055773,0.0,0.0,0.4429892994465733,0.47277982033951044,0.5429334412382615,0.5056549721783848,0.5053720921882863,0.4992946919275813,0.5690657794824119,0.46601797599254613,0.48501476810676886,0.5772479323409583
drift,omd_paper_v2_literal,0,458,3,1,0.026128067571795976,30.2592094114826,0.03155300181965828,0.3329546292151168,0.0,0.0,0.442041523742749,0.4717170093572225,0.5432175324190852,0.5080130555040121,0.507167328666776,0.4990211818709877,0.5685990582778203,0.4677354523291167,0.4831932207442494,0.5778887094440347
drift,omd_paper_v2_literal,0,459,3,1,0.025513839366583635,30.284723250849186,0.03229914015896372,0.33377350607775824,0.0,0.0,0.4411001837527657,0.47066120040646825,0.5434997919645915,0.5103558136691752,0.5089509836167004,0.4987494090027786,0.5681351797337536,0.46944278153513036,0.4813836811805042,0.5785251584287332
drift,omd_paper_v2_literal,0,460,3,1,0.024899571918610364,30.309622822767796,0.03307638407063744,0.3348426579876155,0.0,0.0,0.4401652292555898,0.4696123432360699,0.5437802348552173,0.5126832729409903,0.5107231079987415,0.49847935938706955,0.5676741228835913,0.4711399983885619,0.4795860941190613,0.5791573152289393
drift,omd_paper_v2_literal,0,461,3,0,0.02428526616955773,30.333908088937353,0.033881656534277646,0.33372194929320076,0.0,0.0,0.4392366101396344,0.4685703875765472,0.5440588759996637,0.5149954628251736,0.5124837539980288,0.49821101914899735,0.5672158668070054,0.472827138914872,0.4778004030293078,0.5797852156160315
drift,omd_paper_v2_literal,0,462,3,1,0.02367092306139451,30.357579011998748,0.03349515645948447,0.33477370364115205,0.0,0.0,0.44021643717737435,0.46966979505799655,0.5437648722982852,0.5125557829588169,0.5106260337273554,0.49849415327319463,0.5676993836276704,0.471047003504929,0.47968455660431336,0.579122690998733
drift,omd_paper_v2_literal,0,463,3,1,0.023056543536368934,30.380635555535118,0.03428822438668937,0.33606738796249147,0.0,0.0,0.4392904802526634,0.4686308380260675,0.5440427090342942,0.514861318203289,0.512381603306585,0.4982265891456793,0.5672424595512124,0.47272922788433597,0.47790399990302823,0.5797487897117758
drift,omd_paper_v2_literal,0,464,3,1,0.02244212853700228,30.40307768407212,0.035106544325491415,0.33759555956460674,0.0,0.0,0.43837077081861087,0.4675986906808483,0.5443187695991184,0.5171517135932042,0.5141258188781702,0.49796071037786654,0.5667882985445714,0.4744014761199753,0.47613520801584364,0.580370692951131
drift,omd_paper_v2_literal,0,465,3,0,0.021827679006081624,30.424905363078203,0.03594754027333831,0.3359637778475951,0.0,0.0,0.4374572594978395,0.4665733032554893,0.5445930686124132,0.5194270042404366,0.5158587343047607,0.4976965033533572,0.5663368799935188,0.47606378613634065,0.4743781227654408,0.5809884358111029
drift,omd_paper_v2_literal,0,466,3,0,0.021213195886652658,30.446118558964855,0.03550301683638215,0.33461884397352293,0.0,0.0,0.43843845223063693,0.4676746531646533,0.5442984509208338,0.5169831510481159,0.5139974460482466,0.4979802805077307,0.5668217311754465,0.47427836924005856,0.4762653811457863,0.5803249260642598
drift,omd_paper_v2_literal,0,467,3,1,0.020598680122012714,30.46671723908687,0.03511920606745128,0.335871643785194,0.0,0.0,0.43941397465660154,0.46876941492162594,0.544005648384864,0.5145538040937051,0.512147434556967,0.49826228099830355,0.5673034178941182,0.4725047897267601,0.478141487074441,0.5796652856116175
drift,omd_paper_v2_literal,0,468,3,1,0.019984132655703812,30.486701371742573,0.03591313776418371,0.33735694861264964,0.0,0.0,0.4384993811940277,0.4677430360953504,0.5442801598613931,0.5168314072478618,0.5138818828731626,0.49799789760087176,0.5668518268067178,0.4741675507423908,0.47638256613476054,0.5802837253977695
drift,omd_paper_v2_literal,0,469,3,0,0.01936955443150573,30.50607092617408,0.03672998871203812,0.3357729935085211,0.0,0.0,0.43759091255803617,0.46672333670160665,0.5445529305360384,0.5190940958587908,0.5156051695834504,0.497735166219678,0.5664029455776775,0.4758204966777281,0.47463520863603026,0.5808980537318812
drift,omd_paper_v2_literal,0,470,3,1,0.018754946393428618,30.524825872567508,0.036328922774426196,0.33723658716070265,0.0,0.0,0.4385654261358153,0.46781715990407413,0.5442603334636195,0.5166669237967961,0.513756618584919,0.4980169933357731,0.5668844478645299,0.4740474339117009,0.4765095896194068,0.5802390654169945
drift,omd_paper_v2_literal,0,471,3,1,0.018140309485706108,30.542966182053213,0.0371338227859542,0.3389242686104058,0.0,0.0,0.437659446064312,0.4668002679964881,0.5445323496976643,0.518923392024759,0.5154751523157558,0.497754990436906,0.5664368194865876,0.4756957555713302,0.4747670334560771,0.5808517086309306
drift,omd_paper_v2_literal,0,472,3,1,0.017525644652788497,30.560491826706002,0.03795949862237769,0.3408283615084515,0.0,0.0,0.4367595068927187,0.4657899675775856,0.5448026494843002,0.5211650757888697,0.5171826458172931,0.4974946166691043,0.5659918649411657,0.4773343605062765,0.4730359128736443,0.5814602984262793
drift,omd_paper_v2_literal,0,473,3,0,0.016910952839335136,30.577402779545338,0.03880387676724761,0.33876152533427195,0.0,0.0,0.4358655609237279,0.4647862103788552,0.5450712468878506,0.5233920140462394,0.5188791531531555,0.49723585892430394,0.5655495643134901,0.4789632873792457,0.4713161696155767,0.5820648685768977
drift,omd_paper_v2_literal,0,474,3,1,0.016296234990208158,30.593699014535545,0.03835328281246337,0.3406397835901899,0.0,0.0,0.4368412016019236,0.4658816883956128,0.5447781081539574,0.5209615713841868,0.517027626441823,0.49751825777965586,0.5660322698941476,0.4771855593759116,0.47319306734922223,0.5814050504852081
drift,omd_paper_v2_literal,0,475,3,1,0.015681492050464207,30.60938050658601,0.039185848870161875,0.34272599382137636,0.0,0.0,0.43594960192966065,0.46488058268846566,0.5450459915098417,0.5231826509625009,0.518719646739336,0.4972601901226755,0.5655911587582397,0.47881009809887715,0.4714778504971333,0.5820080306912855
drift,omd_paper_v2_literal,0,476,3,1,0.015066724965348777,30.624447231551358,0.04003541420146024,0.34501226901722065,0.0,0.0,0.43506391388405663,0.463885934463682,0.5453121960908605,0.5253891177350898,0.5204008014076924,0.49700371629131634,0.5651526664974927,0.480425057015024,0.4697738841292916,0.5826070475076085
drift,omd_paper_v2_literal,0,477,3,0,0.014451934680288048,30.638899166231646,0.04090023592720346,0.34248760012885016,0.0,0.0,0.4341840905370549,0.4628976960374038,0.5455767356779546,0.5275810150425949,0.5220711456569527,0.49674882343269344,0.5647167735147124,0.48203047618478173,0.4680811088878915,0.5832021340389213
drift,omd_paper_v2_literal,0,478,3,0,0.013837122140882452,30.652736288372527,0.04040756691516879,0.3402380189097214,0.0,0.0,0.43516063299166413,0.4639945609569487,0.5452831211864757,0.5251481633488749,0.520217199290701,0.4970317295387307,0.5652005657316763,0.480248642822511,0.4699599660824529,0.5825416317964512
drift,omd_paper_v2_literal,0,479,3,0,0.013222288292899342,30.665958576665425,0.039967371742619676,0.33826376208755593,0.0,0.0,0.43613167653989676,0.46508503449141164,0.5449912787981824,0.522729069990998,0.5183740874257219,0.4973128999901087,0.5656812635977032,0.478478250638863,0.47182812789944506,0.5818848926294234
drift,omd_paper_v2_literal,0,480,9,0,0.0,30.665958576665425,0.03958051120676185,0.3290629199055343,0.0,0.0,0.43709724822534346,0.4661691487491761,0.5447011962514177,0.5203237606985759,0.51654178748132,0.49759234713108025,0.5661588899783532,0.47671925532545784,0.4736856107101886,0.5812318947979148
drift,omd_paper_v2_literal,0,481,9,1,0.0,30.665958576665425,0.038547168257502526,0.3357183888349333,0.0,0.0,0.438628805745355,0.466863873498498,0.5431851334328186,0.5195796468767933,0.5157160029610416,0.49732344117869315,0.5642703970422358,0.4770041768156887,0.4747614235727761,0.5789612884399183
drift,omd_paper_v2_literal,0,482,9,1,0.0,30.665958576665425,0.03970688530550903,0.3423435045507797,0.0,0.0,0.4375206920862175,0.46636126654584753,0.5442820005348774,0.5201179798897242,0.5163134200558609,0.4975179792330631,0.5656368042885923,0.4767980507745172,0.4739831099895277,0.5806042831834862
drift,omd_paper_v2_literal,0,483,9,1,0.0,30.665958576665425,0.040861871038713075,0.3489382267217347,0.0,0.0,0.4364189493216424,0.46586133655514617,0.5453727473477535,0.520653471873782,0.516907689483629,0.4977115081160336,0.5669951289553317,0.47659300264948407,0.4732089623276719,0.5822369772970645
drift,omd_paper_v2_literal,0,484,9,0,0.0,30.665958576665425,0.04201210800145527,0.3397344768820896,0.0,0.0,0.4353235347694981,0.46536406371956046,0.5464574133518397,0.5211861434774486,0.5174988337650931,0.4979040354001287,0.56834542053758,0.47638902429038493,0.4724389517408806,0.5838594292458997
drift,omd_paper_v2_literal,0,485,9,1,0.0,30.665958576665425,0.04098812202309392,0.34632075242553984,0.0,0.0,0.4368526703511075,0.46605816864208804,0.5449433329183887,0.5204426352327279,0.5166737100911138,0.4976353088275318,0.5664604272344299,0.4766737364502716,0.47351375662498335,0.5815943405904915
drift,omd_paper_v2_literal,0,486,9,0,0.0,30.665958576665425,0.042139273987718585,0.33715301498268174,0.0,0.0,0.4357581593842973,0.46556139113270695,0.5460270313961071,0.5209747660845573,0.5172642523995225,0.49782763362944815,0.567809697091148,0.47646996923962637,0.47274450391748285,0.5832157978257686
drift,omd_paper_v2_literal,0,487,3,0,0.008302963941785868,30.674261540607212,0.041124401056358575,0.33548086446341174,0.0,0.0,0.4372820064489721,0.4662529779973534,0.5445182882205618,0.5202339692169453,0.5164421403438905,0.4975598967325973,0.5659310962045709,0.4767536375274611,0.47381542204718036,0.5809580690727326
drift,omd_paper_v2_literal,0,488,9,1,0.0,30.674261540607212,0.04084325953325626,0.34205019344712545,0.0,0.0,0.4382380917866981,0.46732880688213085,0.5442339112282533,0.5178447657270134,0.5146230533035995,0.4978382826296239,0.5664105426213313,0.47500553889677716,0.47565919222876935,0.5803146654460003
drift,omd_paper_v2_literal,0,489,9,1,0.0,30.674261540607212,0.042000281673988206,0.3485902210161891,0.0,0.0,0.43714261629243995,0.4668319936852982,0.5453183019950163,0.5183765440434298,0.5152134053567998,0.49803079386879934,0.5677606476820352,0.4748011437219965,0.47488986715043213,0.581938059960032
drift,omd_paper_v2_literal,0,490,9,1,0.0,30.674261540607212,0.043152237829318506,0.35510088562629627,0.0,0.0,0.4360533861892229,0.4663378023555178,0.54639668613256,0.5189055445240716,0.5158006773339978,0.4982223150242112,0.569102807041865,0.47459780874304325,0.4741246192717588,0.5835513409460326
drift,omd_paper_v2_literal,0,491,9,1,0.0,30.674261540607212,0.044299148724154816,0.36158214978587755,0.0,0.0,0.43497035984317917,0.46584621362874845,0.5474691022672148,0.519431787196925,0.5163848911082982,0.49841285347645364,0.5704370694532997,0.47439552599274454,0.47336342056889247,0.5851545659097047
drift,omd_paper_v2_literal,0,492,9,0,0.0,30.674261540607212,0.04544103637904138,0.35242800734815705,0.0,0.0,0.43389349574793806,0.46535720837069616,0.5485355889295201,0.5199552919622458,0.5169660684212356,0.49860241655204623,0.5717634836786523,0.47419428756319393,0.47260624315796823,0.5867477926142137
drift,omd_paper_v2_literal,0,493,9,1,0.0,30.674261540607212,0.04444624348503627,0.35890135888502206,0.0,0.0,0.4354148272685474,0.46604798449213664,0.5470289681929956,0.5192157893598093,0.5161450984742538,0.498334644490439,0.5698895271848263,0.47447855450313564,0.4736758494629281,0.5844967179924871
drift,omd_paper_v2_literal,0,494,9,0,0.0,30.674261540607212,0.045588285374238015,0.3497831055060237,0.0,0.0,0.43433875794449733,0.46555942853658266,0.5480945967263315,0.5197388017478545,0.5167257279450995,0.4985240226661681,0.5712150688279506,0.47427750872859314,0.4729193588912908,0.5860891317164072
drift,omd_paper_v2_literal,0,495,4,0,0.00391147505379319,30.678173015661006,0.044602712985058086,0.3492700574974801,0.0,0.0,0.4358548568965249,0.46624770529415854,0.5465932574721086,0.5190019907731732,0.5159077478961094,0.4982572344554594,0.5693474094115242,0.47456073630305157,0.4739851073325178,0.5838452930237462
drift,omd_paper_v2_literal,0,496,9,1,0.0,30.678173015661006,0.04446159094891866,0.3557121838339855,0.0,0.0,0.43552720159710906,0.4656950260309795,0.5451226387214357,0.5172035564220768,0.5135221071942425,0.49689100291837307,0.5690479468049392,0.472336989577708,0.4763161963100661,0.5831460526114339
drift,omd_paper_v2_literal,0,497,9,0,0.0,30.678173015661006,0.045606188614441205,0.3466884637173458,0.0,0.0,0.43445020216646363,0.46520597232020794,0.5461892136540081,0.5177264082259199,0.5141024233649981,0.49707999216596455,0.5703749293156296,0.4721350597988151,0.47555965469807904,0.5847408017734607
drift,omd_paper_v2_literal,0,498,9,1,0.0,30.678173015661006,0.04464937539017299,0.3531219339557255,0.0,0.0,0.43595921518230124,0.4658911393843603,0.5446948596790129,0.5169938990558297,0.5132894087858421,0.49681522456786736,0.5685155898408722,0.47241795945678444,0.47661957583819253,0.5825061186397341
drift,omd_paper_v2_literal,0,499,9,1,0.0,30.678173015661006,0.04579331409253869,0.35952787529483743,0.0,0.0,0.434883063510055,0.4654025554640453,0.5457605193814254,0.5175162354468915,0.513869150785795,0.49700402165451346,0.5698416257507165,0.4722162309844502,0.47586375805125025,0.5840999515593377
drift,omd_paper_v2_literal,0,500,9,0,0.0,30.678173015661006,0.04693224641804735,0.3505196655032281,0.0,0.0,0.43381298612911784,0.4649165188635528,0.5468203508745595,0.518035880984408,0.5144459113297177,0.49719186071635835,0.571159933309885,0.47201553606511654,0.4751118886517169,0.5856839461128206
drift,omd_paper_v2_literal,0,501,3,0,0.00018134075031173147,30.67835435641132,0.045983902827155004,0.3493037970316724,0.0,0.0,0.43531817465714606,0.4656001257407509,0.5453296276917101,0.5173050126283026,0.5136347136013285,0.49692767398478016,0.5693055102730139,0.4722978067762147,0.4761693897268244,0.5834556320442726
drift,omd_paper_v2_literal,0,502,5,1,0.00044408732809853024,30.678798443739417,0.045865349549885394,0.3481628794159588,0.0,0.0,0.4362602864258238,0.46666574709105485,0.5450555896588208,0.5149371917878702,0.5118343781482758,0.49720681954495455,0.5697890842550208,0.47056519588742657,0.47799347791912217,0.5828284453051936
drift,omd_paper_v2_literal,0,503,5,0,0.0007401440798238124,30.67953858781924,0.046127801267610846,0.34929374182750234,0.0,0.0,0.4379735198781037,0.4688558329459165,0.5469015969963132,0.5146665794415193,0.5131625973176732,0.49961704822504305,0.5708074881182973,0.4717555940700188,0.47678247623398207,0.5830486193395306
drift,omd_paper_v2_literal,0,504,5,1,0.0010361986310508664,30.680574786450293,0.04642218251988672,0.3481581661650437,0.0,0.0,0.4362738191835091,0.4666830491127251,0.5450701824795192,0.5149350533336805,0.5118448749537137,0.4972258657863941,0.5697971344218562,0.4705746016012677,0.4779839070606097,0.5828301853391458
drift,omd_paper_v2_literal,0,505,5,0,0.0013322501016054256,30.681907036551898,0.04667738732453336,0.34928381772200034,0.0,0.0,0.43798153969273046,0.46886608335242597,0.5469102315646083,0.5146653132126648,0.5131688116984027,0.4996283259331064,0.5708122518783122,0.47176116476753494,0.47677681052780246,0.5830496494669235
drift,omd_paper_v2_literal,0,506,9,0,0.005377543946662511,30.68728458049856,0.04698204025624293,0.3403753117092094,0.0,0.0,0.4362871974220228,0.4667001535366793,0.5450846085003963,0.5149329393109032,0.511855251822337,0.4972446944314518,0.5698050925788436,0.47058389987488186,0.47797444556554086,0.5828319054910922
drift,omd_paper_v2_literal,0,507,5,1,0.0019243402801313314,30.68920892077869,0.04606717076172814,0.3392088728527105,0.0,0.0,0.4377858278822521,0.4673809165261343,0.543603512934099,0.5142071900661553,0.5110505896613292,0.49698367412577404,0.5679611211204998,0.470865987512978,0.4790243091117881,0.580613398537628
drift,omd_paper_v2_literal,0,508,5,1,0.0022203772279072442,30.691429298006597,0.04630469879128253,0.3383176326955376,0.0,0.0,0.4394904331609363,0.4695585402385725,0.5454394007205131,0.5139380630999941,0.512370958876379,0.49937961838714806,0.5689743239334557,0.47204946709126205,0.47782037568988067,0.5808323187892788
drift,omd_paper_v2_literal,0,509,5,1,0.0025164075746335612,30.69394570558123,0.0465817838978142,0.3376985512601417,0.0,0.0,0.4411856447487948,0.47172350457606144,0.5472624243852439,0.5136706346591225,0.513682784698434,0.5017603984389625,0.5699805304102904,0.47322575353208696,0.47662433156322304,0.5810498193528977
drift,omd_paper_v2_literal,0,510,5,0,0.00281243044033197,30.69675813602156,0.04689692453446542,0.338325331131871,0.0,0.0,0.44287148362556567,0.47387581728645833,0.549072651970174,0.5134048914944933,0.5149861189802369,0.5041260274599235,0.5709797945011634,0.4743948876715947,0.47543612479872277,0.5812659117707752
drift,omd_paper_v2_literal,0,511,5,0,0.003108444945084554,30.699866580966646,0.04713444163923317,0.3392167091593897,0.0,0.0,0.44116842924863975,0.47170152196718995,0.5472439246746805,0.5136733494354997,0.5136694689242173,0.5017362307297748,0.5699703190318601,0.47321381122188005,0.476636471599728,0.5810476116052926
drift,omd_paper_v2_literal,0,512,9,0,0.011243590074774823,30.71111017104142,0.04742880952140743,0.33032607284328047,0.0,0.0,0.4394774927558727,0.46954201140775226,0.5454254741260531,0.5139401053341498,0.5123609402073486,0.49936143710934255,0.5689666376568627,0.4720404853487479,0.4778295104888702,0.5808306576867152
drift,omd_paper_v2_literal,0,513,5,0,0.003700445352425419,30.714810616393844,0.046523123956370475,0.3315107213147579,0.0,0.0,0.44097291285204104,0.4702219303924371,0.5439531008873377,0.5132174570861928,0.5115612328221993,0.49910369205239463,0.567131351821477,0.47232235593388655,0.47887337757390974,0.5786198441738525
drift,omd_paper_v2_literal,0,514,3,1,0.004895822817385653,30.71970643921123,0.0468875212463752,0.3325683790264107,0.0,0.0,0.4392934669808403,0.46807781304725077,0.5421450837967127,0.5134824982450241,0.5102614575992594,0.49674514955582416,0.5661331679124579,0.47115722067836835,0.4800586169389061,0.578404300722368
drift,omd_paper_v2_literal,0,515,3,0,0.00525841399534388,30.724964853206572,0.04748167983042359,0.3314562753789817,0.0,0.0,0.4384113567007544,0.46708097989942704,0.5424048598487594,0.5157054661606173,0.5119540678105933,0.4964869877012011,0.5656786590299406,0.47278666969183897,0.4783436949937076,0.5789938793153467
drift,omd_paper_v2_literal,0,516,3,1,0.005620991811187026,30.73058584501776,0.04745115184978146,0.332496934242381,0.0,0.0,0.4393449792745939,0.4681360192677784,0.5421299165403632,0.5133526970171098,0.5101626300191466,0.4967602219157699,0.5661597001486364,0.47106210694502093,0.48015875441549244,0.578369872336653
drift,omd_paper_v2_literal,0,517,3,1,0.005983555343946234,30.736569400361706,0.048037051088519606,0.33376278648750274,0.0,0.0,0.4384652902393476,0.46714193286376693,0.5423889741403377,0.5155695395186287,0.5118505652427461,0.49650277530295117,0.5657064572874234,0.4726870052154644,0.47844855524892804,0.5789578306199142
drift,omd_paper_v2_literal,0,518,3,0,0.006346103672763781,30.74291550403447,0.048645092804893444,0.33242010564070446,0.0,0.0,0.437591318067178,0.4661541322596583,0.5426464383058228,0.5177723340175456,0.5135279984627631,0.49624689148167933,0.5652558536229962,0.4743026250401484,0.47674922577955475,0.5795420021585879
drift,omd_paper_v2_literal,0,519,3,0,0.006708635876900848,30.749624139911372,0.04859436431089942,0.3313461940120415,0.0,0.0,0.43852404456126387,0.46720833328038197,0.5423716688965887,0.5154214647894617,0.5117378132438273,0.4965199735837362,0.5657367389349053,0.4725784378871032,0.47856278725381524,0.5789185599038797
drift,omd_paper_v2_literal,0,520,9,0,0.019063711490805213,30.768687851402177,0.048587462039538086,0.322563877584429,0.0,0.0,0.439451562228418,0.46825645054270426,0.5420985352773147,0.5130841329053152,0.5099581534916319,0.4967914066091699,0.5662145940742573,0.47086532354963456,0.4803659436544632,0.578298637674885
drift,omd_paper_v2_literal,0,521,5,1,0.006067936616154013,30.774755788018332,0.04772536873993737,0.3213389232342406,0.0,0.0,0.4409362410388124,0.46892976618800203,0.5406338306083429,0.5123719769759655,0.5091679806492496,0.4965347681124437,0.564385740252582,0.4711505234695482,0.48139912105639826,0.5760984546247279
drift,omd_paper_v2_literal,0,522,5,0,0.0063638011003481765,30.78111958911868,0.047900229573016574,0.32254942933718395,0.0,0.0,0.4426282594171941,0.47108866962900664,0.5424558137468406,0.5121073481789333,0.5104789207005455,0.49890985895840556,0.5653912761058028,0.4723258080899617,0.480203406547534,0.576316224847263
drift,omd_paper_v2_literal,0,523,5,1,0.006659646671891339,30.787779235790573,0.04831660775417065,0.32133087830065876,0.0,0.0,0.44095417622952654,0.46895265343718046,0.5406531568674026,0.5123691708646477,0.5091818826681725,0.49655995315729995,0.5643964058384352,0.47116298463818446,0.481386440450822,0.5761007640348561
drift,omd_paper_v2_literal,0,524,5,0,0.006955472452299549,30.794734708242874,0.0484859104562681,0.3225351790209795,0.0,0.0,0.44264081769584773,0.47110469089016005,0.5424693270374188,0.512105384846221,0.510488646177879,0.49892748030821416,0.565398734275416,0.4723345288052254,0.4801945362540462,0.5763178403953708
drift,omd_paper_v2_literal,0,525,3,0,0.008883438938777966,30.803618147181652,0.0489098694438029,0.3217791736811286,0.0,0.0,0.44097190386536944,0.468975275758935,0.540672259190122,0.5123663972499601,0.509195623674744,0.4965848465529099,0.5644069478482573,0.4711753015301405,0.481373906722094,0.5761030466965863
drift,omd_paper_v2_literal,0,526,5,0,0.007547061126582433,30.811165208308235,0.0489760991358871,0.32321735813628566,0.0,0.0,0.4418918893037735,0.47001429115983323,0.5404002239132379,0.5100461502130981,0.507428187815395,0.4968526625353906,0.564881523888527,0.4694745267214142,0.4831649223092596,0.575487262333495
drift,omd_paper_v2_literal,0,527,9,1,0.0259044375677861,30.83706964587602,0.049460204573984305,0.32959405121649993,0.0,0.0,0.44023325435836885,0.4678977823894234,0.5386121744647691,0.5103053259935384,0.5061419932962208,0.49452358723312123,0.5638952184799255,0.46832241984612266,0.48433835112502993,0.5752734816790396
drift,omd_paper_v2_literal,0,528,9,1,0.026881501088758142,30.86395114696478,0.05059129094613846,0.33594833615545955,0.0,0.0,0.43914376491648643,0.467403034276298,0.5396860911281736,0.5108271749488638,0.5067202884760704,0.49471043554544397,0.5652367518626412,0.46811205709414205,0.4835815349940178,0.5768881180171488
drift,omd_paper_v2_literal,0,529,9,1,0.027858513250075267,30.891809660214854,0.051718637944546245,0.34227975777676717,0.0,0.0,0.438060367844069,0.46691085217635825,0.5407542104418535,0.5113463610077339,0.5072956408322254,0.494896340257302,0.5665705522734921,0.46790276959209615,0.48282862152062506,0.5784929593295521
drift,omd_paper_v2_literal,0,530,9,0,0.028835472187911715,30.920645132402765,0.05284218253821493,0.3335795760823976,0.0,0.0,0.43698302388395144,0.4664212177253567,0.5418165681415905,0.5118629027635083,0.5078680705654814,0.49508130822375795,0.5678966652878992,0.4676945494422513,0.48207958489750774,0.5800880581401865
drift,omd_paper_v2_literal,0,531,9,0,0.02981237603884873,30.950457508441612,0.052021204179672834,0.3249408274935808,0.0,0.0,0.43846398018048705,0.4670942349559162,0.5403562654639716,0.511152911702127,0.5070812629742646,0.4948270707831551,0.5660736812174233,0.46798075016236174,0.4831091530549496,0.5778951768974282
drift,omd_paper_v2_literal,0,532,3,0,0.011419668508382053,30.961877176949994,0.05121319982036154,0.32443187100220466,0.0,0.0,0.43993856100941575,0.4677639789078125,0.5389026349121473,0.51044645448697,0.506298386247863,0.49457411741055285,0.564258109197652,0.4682655292781945,0.48413367431131865,0.5757102958791106
drift,omd_paper_v2_literal,0,533,5,1,0.00961686900987535,30.97149404595987,0.05134695137224402,0.32300492527222546,0.0,0.0,0.440850356873235,0.46879566430708036,0.5386341257259022,0.5081393161745688,0.5045410994034468,0.4948405396488928,0.564733267821744,0.46657419686384555,0.4859143327580362,0.5751014249753993
drift,omd_paper_v2_literal,0,534,5,0,0.009912448601030688,30.9814064945609,0.05144854296907641,0.324404900563244,0.0,0.0,0.44253536474178323,0.4709449272110591,0.5404483498359416,0.5078761323336941,0.5058466708932912,0.4972046834749303,0.5657328341102067,0.4677436870285236,0.48472324931465194,0.5753171986972164
drift,omd_paper_v2_literal,0,535,9,0,0.033719403320245256,31.015125897881145,0.051963583498636855,0.315889745336105,0.0,0.0,0.440879463199557,0.46883279504770076,0.5386654852566937,0.5081347682641303,0.5045636609084991,0.49488139158137007,0.5647505453200695,0.46659440315674067,0.48589374884320696,0.5751051538964231
drift,omd_paper_v2_literal,0,536,5,0,0.010503518580231797,31.025629416461378,0.05118804314214641,0.31758889444784466,0.0,0.0,0.44234691891318395,0.4694989963312563,0.5372206696574368,0.5074334278908694,0.5037867072390501,0.49463064088760306,0.5629448904109605,0.46687851272660746,0.4869111581433936,0.5729301881507909
drift,omd_paper_v2_literal,0,537,3,0,0.013230409485916916,31.038859825947295,0.051762127530357145,0.3173798328310178,0.0,0.0,0.4407021135956898,0.46740173069767915,0.5354482262473539,0.5076904179036934,0.5025123313685345,0.4923232488304535,0.5619680154609703,0.46573718410001147,0.488073939493686,0.5727195312928078
drift,omd_paper_v2_literal,0,538,5,1,0.011094463782542974,31.04995428972984,0.05196443523908146,0.31567186588031076,0.0,0.0,0.4416065538827704,0.46842484594606526,0.5351808514279627,0.5053991747018631,0.5007665655367356,0.4925866533421634,0.5624405663874957,0.46405795439856623,0.489843309708801,0.5721144185007445
drift,omd_paper_v2_literal,0,539,5,1,0.011389887403531196,31.06134417713337,0.05200620474119841,0.3142501923319072,0.0,0.0,0.44329182333454287,0.47057335606943446,0.5369964544860594,0.5051363186828698,0.5020721901334725,0.49494999112746635,0.5634408027046922,0.46522671219386164,0.4886518284797985,0.5723303659601116
drift,omd_paper_v2_literal,0,540,5,0,0.011685277204219968,31.07302945433759,0.05208488804312189,0.31564558885233757,0.0,0.0,0.4449679363828691,0.4727096239906722,0.5387998274095324,0.5048750898630305,0.5033696903817526,0.49729889728956816,0.5644343253910497,0.4663886007869512,0.48746786352714533,0.5725449469931949
drift,omd_paper_v2_literal,0,541,5,1,0.01198063230980817,31.085010086647397,0.052633390646541,0.31423263892797115,0.0,0.0,0.4433200916536739,0.4706093898710259,0.5370268886562329,0.5051319113255376,0.5020940814783557,0.4949896196634284,0.5634575693905571,0.46524631216226986,0.48863185185811625,0.5723339865377203
drift,omd_paper_v2_literal,0,542,5,1,0.012275951845774902,31.097286038493174,0.05270865610545796,0.31310272686430124,0.0,0.0,0.44499091215346026,0.47273890338017716,0.5388245312320883,0.5048715103493528,0.5033874691381867,0.49733108430369427,0.5644479355881022,0.4664045241582189,0.4874516411620866,0.5725478871061367
drift,omd_paper_v2_literal,0,543,5,0,0.012571234937886033,31.10985727343106,0.05281937330730422,0.3142231158535895,0.0,0.0,0.4466526520938432,0.47485625522403596,0.5406100775221748,0.5046127141572244,0.5046728280959794,0.49965821174828945,0.5654316792449903,0.4675559457050922,0.4862788542499399,0.5727604404379785
drift,omd_paper_v2_literal,0,544,5,1,0.012866480712201978,31.122723754143262,0.05333483316047688,0.3130983546749145,0.0,0.0,0.44500340581738074,0.4727548247513183,0.5388379643823724,0.5048695639122486,0.503397136712533,0.49734858668830795,0.5644553363822219,0.46641318285964284,0.48744281991624105,0.5725494858530948
drift,omd_paper_v2_literal,0,545,5,0,0.01316168829508435,31.135885442438347,0.053441422731375254,0.3142137129219535,0.0,0.0,0.4466599823503857,0.47486559393146516,0.540617948770829,0.5046115729671274,0.504678495874814,0.4996684735278759,0.5654360160137093,0.46756102377387654,0.48627368306820695,0.5727613776511148
drift,omd_paper_v2_literal,0,546,9,1,0.0444580576590613,31.180343500097408,0.05396203877844189,0.32052151633779086,0.0,0.0,0.4450157618971358,0.4727705707586736,0.5388512494735792,0.5048676389204303,0.5034066977690982,0.4973658962417524,0.5644626556077152,0.4664217461812346,0.4874340958687037,0.5725510669839079
drift,omd_paper_v2_literal,0,547,9,1,0.04543382708133742,31.225777327178744,0.055072160520509075,0.3268100008738197,0.0,0.0,0.4439234794531912,0.47227365406798505,0.5399212013188056,0.5053878263610954,0.5039814248448024,0.49754955550442764,0.5658011859383651,0.46620901813988375,0.48668071453069356,0.5741657732272006
drift,omd_paper_v2_literal,0,548,9,1,0.04640950981452696,31.27218683699327,0.0561794476613027,0.33307851597205274,0.0,0.0,0.44283722466399067,0.47177928947122266,0.5409854103832571,0.505905387689563,0.504553252819347,0.49773229232541333,0.5671320367881938,0.4659973714964865,0.4859311798517741,0.5757707954515172
drift,omd_paper_v2_literal,0,549,9,0,0.04738510400495044,31.31957194099822,0.05728378875727366,0.3245606370474606,0.0,0.0,0.44175695966501044,0.4712874589868361,0.5420439116587473,0.506420340946283,0.5051222013208997,0.4979141133430237,0.5684552528973165,0.4657867983861832,0.4851854668005918,0.5773661840562407
drift,omd_paper_v2_literal,0,550,9,0,0.04836060779960266,31.36793254879782,0.05652334910072156,0.3161070219578237,0.0,0.0,0.44322547383493066,0.4719560072747344,0.5406050222474545,0.5057203726713382,0.5043488386026372,0.4976669679922242,0.5666563980559725,0.46607302896027747,0.4861991143754876,0.5751972181691943
drift,omd_paper_v2_literal,0,551,5,0,0.014932082888233,31.382864631686054,0.05577610405034125,0.31747710342797464,0.0,0.0,0.4446876184881305,0.4726213069896773,0.539172667232727,0.5050238879313671,0.5035793286176908,0.4974210616022239,0.564864807431676,0.46635784812008935,0.4872077977909059,0.5730362377452423
drift,omd_paper_v2_literal,0,552,9,0,0.05031133679303207,31.433175968479087,0.05634852825824021,0.3091325711279316,0.0,0.0,0.4430538517429893,0.47053952176138264,0.5374166855057727,0.5052788294553796,0.5023156199219185,0.49513261127450475,0.5638981087026587,0.4652256279132497,0.48836071734076325,0.5728285395768163
drift,omd_paper_v2_literal,0,553,3,0,0.019018573968087593,31.452194542447174,0.05562922347776402,0.30929273643393534,0.0,0.0,0.4445082976112715,0.47120137714820814,0.5359909115502751,0.5045860301798007,0.5015504130753995,0.49488841998457606,0.5621137245909722,0.4655090377284729,0.48936400669433017,0.5706761653380582
drift,omd_paper_v2_literal,0,554,5,0,0.01581669393427132,31.468011236381447,0.05590717036852925,0.3109300133267412,0.0,0.0,0.44540179505308647,0.4722129633446957,0.5357258262174823,0.5023137877874387,0.4998175157521269,0.4951467482111408,0.5625848646226984,0.4638402981120026,0.49111982607410193,0.5700791335441728
drift,omd_paper_v2_literal,0,555,6,0,0.05109305850310247,31.51910429488455,0.05653812322098975,0.30399764117754935,0.0,0.0,0.44377743469679654,0.4701441494872923,0.5339789080397616,0.502566897962425,0.4985612713437474,0.49287252118591973,0.5616232274503918,0.46271547185428724,0.49226625940122537,0.5698725045209599
drift,omd_paper_v2_literal,0,556,3,1,0.0201025933280764,31.539206888212625,0.05607322118614031,0.30394256194543856,0.0,0.0,0.44412892521965003,0.46957169479385263,0.5322237519684578,0.5030989152062993,0.49826593261753116,0.4917658292574745,0.5594569773041043,0.4633842808418962,0.4927299355465864,0.5681309630475596
drift,omd_paper_v2_literal,0,557,3,0,0.020463832420549055,31.559670720633175,0.05643318820530456,0.304000560524239,0.0,0.0,0.4432510372094202,0.468578142967029,0.5324854435201033,0.5053329548312094,0.49997017497655016,0.491512557872031,0.5589937566132359,0.46502493028078734,0.49100292353474856,0.5687191863158296
drift,omd_paper_v2_literal,0,558,3,0,0.020825019647996212,31.580495740281172,0.056722277483665554,0.3043275552543701,0.0,0.0,0.44414248916158894,0.46958704461625467,0.5322197093439782,0.5030644036379166,0.49823960651639476,0.4917697417053502,0.5594641321044836,0.4633589430035258,0.4927566150634473,0.5681218749460792
drift,omd_paper_v2_literal,0,559,6,1,0.05483570217700984,31.63533144245818,0.05704350876542415,0.3097984672888187,0.0,0.0,0.445028969377306,0.4705901624113817,0.5319555453656366,0.500809286515114,0.49651942351142686,0.4920253926491335,0.5599315903439379,0.461703723642814,0.49450000140408973,0.5675279373413975
drift,omd_paper_v2_literal,0,560,6,1,0.05577112519212224,31.691102567650304,0.05798492198760141,0.3152973006967165,0.0,0.0,0.44475305602603127,0.4710374098776078,0.5333294407461696,0.5003948119967451,0.496751962502717,0.4928912370817458,0.5616262178020162,0.4611819715689246,0.4941356665319539,0.5688918895322174
drift,omd_paper_v2_literal,0,561,6,0,0.0567064497629472,31.747809017413253,0.058929111900671335,0.3082503246866861,0.0,0.0,0.44447859028432146,0.47148241174717875,0.534695794677967,0.49998246075554664,0.49698331133118934,0.4937526871518916,0.5633107364470082,0.46066297739685336,0.4937732047346491,0.5702478163632022
drift,omd_paper_v2_literal,0,562,5,1,0.01817352896080504,31.765982546374058,0.05846315833879941,0.3065281363129335,0.0,0.0,0.44483083533979584,0.4709113215719211,0.5329421760532028,0.5005116566194332,0.49668640727134317,0.4926471422705426,0.5611486289833703,0.46132905017747744,0.4942383755899082,0.5685074825142361
drift,omd_paper_v2_literal,0,563,5,1,0.018467900090942457,31.784450446465,0.05844525053874892,0.30509078653351157,0.0,0.0,0.44649386151589043,0.47302643663427085,0.5347259766932139,0.5002550958023168,0.4979718214407236,0.494971147579987,0.5621274107634369,0.46248178501951964,0.49306552105984014,0.5687152868918208
drift,omd_paper_v2_literal,0,564,5,1,0.018762216497039907,31.803212662962043,0.058459712625822766,0.30393704003965133,0.0,0.0,0.44814793273104936,0.4751296119242041,0.5364980186288427,0.5000000995715191,0.4992494226927504,0.4972811947333674,0.563099744172805,0.4636278871250522,0.49189989516388666,0.5689217999351094
drift,omd_paper_v2_literal,0,565,5,0,0.019056477312949127,31.82226914027499,0.058505938789775315,0.305080774235774,0.0,0.0,0.4497930685177831,0.477220853878308,0.5382583562368694,0.4997466562355956,0.5005192532581794,0.4995772892048837,0.5640656758922908,0.4647673905068917,0.49074145501608313,0.5691270315909052
drift,omd_paper_v2_literal,0,566,5,1,0.019350681672968384,31.84161982194796,0.059103462573463786,0.30393228092189717,0.0,0.0,0.4481606943953856,0.4751458363577358,0.5365116821210447,0.499998132892468,0.4992592763544006,0.49729901173514346,0.5631072414977992,0.4636367280385553,0.49189090550660847,0.5689233925904681
drift,omd_paper_v2_literal,0,567,5,0,0.01964482871185025,31.86126465065981,0.05914693579348755,0.305070887556688,0.0,0.0,0.4498007849322475,0.47723066134166287,0.5382666079877308,0.49974546787745316,0.5005252073030634,0.49958805537020706,0.5640702038643245,0.4647727343456914,0.4907360234859002,0.5691279938359346
drift,omd_paper_v2_literal,0,568,6,1,0.06325082762787637,31.924515478287685,0.059747689258022346,0.3107509281759229,0.0,0.0,0.4481733167072954,0.4751618835929733,0.5365251962873754,0.49999618769913956,0.49926902236659587,0.49731663409515153,0.5631146568870894,0.46364547238866993,0.4918820140653698,0.5689249678448639
drift,omd_paper_v2_literal,0,569,6,1,0.06418530565620528,31.98870078394389,0.0607092984575394,0.3164466880578301,0.0,0.0,0.4478944788006079,0.4755975224080882,0.5378762167426697,0.499587144732565,0.49949468738411223,0.49816529787364155,0.5647846235290943,0.46312529388466545,0.4915256901636837,0.5702721315635048
drift,omd_paper_v2_literal,0,570,6,0,0.06511967050446055,32.05382045444835,0.061672221830845426,0.30905144600768664,0.0,0.0,0.4476170916441244,0.47603098231596574,0.5392198138101066,0.49918018280659365,0.49971920481830706,0.4990096556387083,0.5664446388067768,0.4626078407696563,0.4911711871567069,0.571611411206953
drift,omd_paper_v2_literal,0,571,5,1,0.02082082636734095,32.07464128081569,0.06116443598431843,0.3079693380523307,0.0,0.0,0.4479776678844019,0.4754675437508229,0.5374731912111429,0.4997091844520313,0.4994273592165236,0.4979120940071253,0.5642865337776849,0.46328048306069264,0.4916320000685205,0.5698703073864281
drift,omd_paper_v2_literal,0,572,5,0,0.021114673838204645,32.095755954653896,0.06120800661235707,0.30904502319164767,0.0,0.0,0.4496112925576225,0.47754270099743135,0.5392172077674159,0.49945848759661615,0.5006874294169712,0.500189587821708,0.5652411657376771,0.4644126978780117,0.4904828154041855,0.570070978571952
drift,omd_paper_v2_literal,0,573,6,0,0.0679220696383605,32.16367802429226,0.061809509176181165,0.3017604154874549,0.0,0.0,0.44798629860393224,0.47547850870748054,0.5374824107149188,0.4997078595290726,0.49943401863015,0.49792413032280386,0.5642915802272335,0.4632864657842682,0.4916259264321664,0.5698713679857106
drift,omd_paper_v2_literal,0,574,5,1,0.02170218040996108,32.18538020470222,0.06131941154379008,0.3005423136477741,0.0,0.0,0.44834747515828294,0.4749209984217482,0.5357462644812699,0.5002338172406823,0.4991454820289346,0.49683545701333326,0.5621433844511438,0.4639574777008735,0.4920827493683795,0.5681376624796947
drift,omd_paper_v2_literal,0,575,5,1,0.021995837787610828,32.207376042489834,0.06134068072857654,0.2996037774952445,0.0,0.0,0.44998012225231043,0.47699380661331664,0.537488679835887,0.49998363725392386,0.5004042853182018,0.4991103114044626,0.5630970245714387,0.4650893011601578,0.4909347932990102,0.568337372839729
drift,omd_paper_v2_literal,0,576,5,0,0.022289430078468286,32.2296654725683,0.06139131301339975,0.3005417311689704,0.0,0.0,0.4516040105334879,0.47905492382295345,0.53921970030433,0.49973496316914773,0.5016555065176206,0.5013715095833443,0.5640444624560359,0.4662146683200323,0.4897938417633891,0.5685358590776534
drift,omd_paper_v2_literal,0,577,5,0,0.02258295642220509,32.252248428990505,0.06198624991411698,0.3017427520370334,0.0,0.0,0.44998100213678527,0.4769949235615451,0.5374896183215937,0.49998350246911333,0.5004049635002038,0.49911153700368294,0.5630975382212706,0.46508991102952246,0.49093417486082525,0.5683374804279693
drift,omd_paper_v2_literal,0,578,9,0,0.07563051421931999,32.327878943209825,0.06261371498593905,0.2936722958442003,0.0,0.0,0.4483687879840856,0.47494806077336443,0.5357690235283341,0.5002305502660669,0.49916192007529975,0.4968651625577303,0.5621558405351214,0.46397225524956676,0.4920677582208744,0.5681402705401248
drift,omd_paper_v2_literal,0,579,3,1,0.028396362571146083,32.35627530578097,0.061966386849769135,0.2932039884693863,0.0,0.0,0.44981158540810073,0.4756114219993848,0.5343746222448932,0.4995433946705228,0.4984120541820614,0.4966365947998893,0.5604058324289766,0.464252628623045,0.493052509075722,0.5660185328914068
drift,omd_paper_v2_literal,0,580,3,1,0.02875617928439811,32.38503148506537,0.06226227653104913,0.29301002941296017,0.0,0.0,0.44893229664065465,0.4746193581524265,0.5346432115492998,0.5017817578045314,0.5001236391166365,0.49638917909787855,0.5599470393343835,0.46589911896167857,0.49131804206864027,0.5666119948835647
drift,omd_paper_v2_literal,0,581,3,0,0.02911592331484303,32.41414740838021,0.06258140226011692,0.29320733506906854,0.0,0.0,0.44805855988951265,0.4736334001373748,0.534910181608733,0.5040067218276478,0.5018250294917352,0.49614323840440516,0.5594908766292543,0.46753654194075145,0.4895941101228118,0.5672017337514837
drift,omd_paper_v2_literal,0,582,3,1,0.029475593763491847,32.4436230021437,0.06291209971890775,0.293010813155635,0.0,0.0,0.448941136077998,0.4746293321085281,0.5346405110544997,0.5017592518594983,0.5001064295293809,0.49639166678881824,0.5599516528888847,0.46588256017706364,0.49133548070612254,0.5666060287278711
drift,omd_paper_v2_literal,0,583,3,1,0.02983518973192334,32.47345819187563,0.06322859213865334,0.29308276577903003,0.0,0.0,0.4480699498891129,0.47364625405760824,0.53490670089867,0.5039777128862817,0.5018028464227329,0.4961464450436856,0.5594968248681769,0.46751518813504134,0.4896165857788194,0.5671940457745248
drift,omd_paper_v2_literal,0,584,3,0,0.030194710322291485,32.50365290219792,0.06356721676061011,0.29301202491425093,0.0,0.0,0.44720424363601274,0.47266920586974137,0.5351712931384559,0.5061828684486254,0.5034891663723672,0.49590267874140076,0.5590445939249187,0.4691388281576706,0.48790812322109567,0.5677783896797518
drift,omd_paper_v2_literal,0,585,3,1,0.0305541546373318,32.53420705683525,0.06387622831372196,0.2930783465209303,0.0,0.0,0.4480863793704874,0.473664795121494,0.5349016801789755,0.5039358691960906,0.5017708486751493,0.496151070427425,0.5595054048129008,0.46748438677171855,0.48964900562690455,0.5671829562758383
drift,omd_paper_v2_literal,0,586,3,0,0.030913521780368436,32.56512057861562,0.06421183307998173,0.29301331604866154,0.0,0.0,0.4472231520275524,0.4726905477732498,0.5351655131978752,0.5061346979659191,0.5034523285671554,0.49590800391939077,0.5590544741885988,0.46910335181134594,0.4879454425783577,0.5677656263999092
drift,omd_paper_v2_literal,0,587,7,1,0.0,32.56512057861562,0.0645243267098514,0.2882566989439706,0.0,0.0,0.44810260770893406,0.47368310913650863,0.5348967209540251,0.5038945380192332,0.5017392428721645,0.49615563915282174,0.5595138796220431,0.467453962955332,0.48968102843107847,0.5671720025527285
drift,omd_paper_v2_literal,0,588,7,0,0.0,32.56512057861562,0.06416509764001226,0.2924332530766841,0.0,0.0,0.44901459783465275,0.4744183257790715,0.5357018671662189,0.5056336510059446,0.5039536605395943,0.4973543422362972,0.558889083611796,0.47000123918475145,0.48762969879449375,0.5669076575139413
drift,omd_paper_v2_literal,0,589,9,1,0.0863150830377652,32.65143566165339,0.0650898993658713,0.29869066641220327,0.0,0.0,0.44821098223246403,0.47377048585940207,0.5349924245287674,0.5041012424112264,0.5020024381202075,0.49629810645476113,0.5594396306311109,0.46775662792909456,0.48943720239025723,0.5671405863755495
drift,omd_paper_v2_literal,0,590,9,0,0.08728546100572282,32.73872112265911,0.06616229432883475,0.2904819991797428,0.0,0.0,0.447116429611944,0.4732688324826087,0.5360528251994203,0.5046183745426509,0.502568906714905,0.4964730436110394,0.5607731546767185,0.4675392134445103,0.4886922907579345,0.5687526246084178
drift,omd_paper_v2_literal,0,591,7,1,0.0,32.73872112265911,0.06550546323682237,0.2857597517176696,0.0,0.0,0.4485529352389105,0.4739271726715522,0.5346611758951851,0.5039397303387493,0.501825518058253,0.4962434704299228,0.5590229688847663,0.467824533130126,0.4896698622619421,0.5666368230056644
drift,omd_paper_v2_literal,0,592,7,0,0.0,32.73872112265911,0.06514187276035936,0.28991223703373414,0.0,0.0,0.4494611176619684,0.4746593751836551,0.5354636882334581,0.5056723153933214,0.5040315857167972,0.49743760492197064,0.5584009884439702,0.47036208797878865,0.48762617580431333,0.5663740800143634
drift,omd_paper_v2_literal,0,593,5,0,0.027269709216237503,32.76599083187534,0.06607205913790663,0.291433475184976,0.0,0.0,0.4486596815923367,0.4740132431145901,0.5347555269583992,0.5041434151303282,0.5020848641100766,0.49638384842662386,0.5589498597327272,0.4681227590178044,0.48942959151813004,0.566605937428835
drift,omd_paper_v2_literal,0,594,3,0,0.03378557333100163,32.799776405206345,0.06675244456890095,0.2915624916979417,0.0,0.0,0.4470627219770831,0.47198494019020043,0.5330479400233674,0.5043909007785327,0.5008546674498311,0.4941569801505022,0.5580122604373265,0.4670167979011763,0.49055137449825137,0.5664091405169026
drift,omd_paper_v2_literal,0,595,9,0,0.09213483037779707,32.89191123558414,0.06709943032431318,0.2835422291151573,0.0,0.0,0.44794028143502196,0.47297470210943493,0.5327842953114973,0.5021692375026044,0.4991593240795047,0.49440808686178267,0.5584681367779597,0.4653864470526348,0.49226990334262793,0.5658183427184708
drift,omd_paper_v2_literal,0,596,5,0,0.028146286814143995,32.92005752239828,0.06648100030749166,0.2853400318969962,0.0,0.0,0.44936761686446913,0.4736283982574437,0.5314004197761912,0.5014952337185345,0.4984208438909206,0.4941798054152226,0.5567274016872169,0.46566977494817025,0.4932412579298391,0.5637131413013348
drift,omd_paper_v2_literal,0,597,3,0,0.03486121116166008,32.95491873355994,0.06720438748351479,0.28578745124736155,0.0,0.0,0.4477796253420359,0.4716123676679939,0.5297015963538849,0.5017409837922564,0.49719775949997147,0.4919664280509952,0.5557946719458681,0.4645707974672965,0.49435683638259226,0.5635173582125863
drift,omd_paper_v2_literal,0,598,9,1,0.09504237050482994,33.04996110406477,0.06759297541100216,0.29187225827004465,0.0,0.0,0.4486507939835437,0.4725948372397594,0.5294396949842682,0.49953441588520836,0.49551393425205176,0.49221552524241896,0.5562484010625339,0.4629522176663195,0.4960640291705801,0.5629303308364617
drift,omd_paper_v2_literal,0,599,9,1,0.09601119279708775,33.145972296861856,0.06863452766518655,0.2979501351984079,0.0,0.0,0.44754997930834856,0.47209071991367724,0.5305076184207571,0.5000536777508933,0.49608290168980324,0.49239144696783255,0.5575918377944258,0.46273310920900745,0.49531525714047503,0.5645551252590519
drift,omd_paper_v2_literal,0,600,9,0,0.09697983321041603,33.242952130072275,0.06967562654136387,0.29006175458035166,0.0,0.0,0.4464551202743572,0.4715891528762126,0.5315699817624391,0.5005703707861748,0.49664906459611813,0.49256650030292537,0.5589277928025569,0.4625150989364976,0.4945702100354731,0.5661705070518097
drift,omd_paper_v2_literal,0,601,5,0,0.029605577518172277,33.27255770759045,0.06908154226429537,0.2920530466439194,0.0,0.0,0.4478770150233432,0.4722405041545335,0.5301903313369419,0.4998993876248994,0.4959138412865419,0.49233917453383985,0.5571927448383863,0.46279821216933353,0.49553774034018666,0.5640724875679204
drift,omd_paper_v2_literal,0,602,3,1,0.03665217137480459,33.309209878965255,0.06983149747504594,0.29167276457338587,0.0,0.0,0.44629793728836226,0.47023553501410015,0.5285003002955381,0.5001437320466935,0.49469719107753835,0.49013769917200783,0.5562657450443371,0.4617055136215919,0.4966475551539566,0.5638783889214443
drift,omd_paper_v2_literal,0,603,3,1,0.03701009000534361,33.3462199689706,0.07010075704334649,0.2915572493391695,0.0,0.0,0.44543391606031507,0.46925973461429615,0.528759752192805,0.5023380523576503,0.496371638898718,0.4898900733464792,0.5558127470312209,0.4633155347113519,0.49495003906586926,0.5644599343234197
drift,omd_paper_v2_literal,0,604,3,0,0.03736791543203022,33.38358788440263,0.07039017584849136,0.29167581667579934,0.0,0.0,0.4445752714256037,0.46828987023971347,0.5290176723122191,0.5045194587760016,0.498036381103623,0.4896438996965757,0.5553623045911343,0.4649169045635029,0.4932625594947274,0.5650379051231317
drift,omd_paper_v2_literal,0,605,9,1,0.10182024413199142,33.48540812853462,0.07076042649211693,0.2977487730182994,0.0,0.0,0.4454444800251303,0.46927166608120535,0.5287565795001592,0.5023112188179728,0.4963511618376184,0.48989310148426474,0.555818287216778,0.46329584139084484,0.49497079703274954,0.5644528237867513
drift,omd_paper_v2_literal,0,606,9,0,0.10278775551475244,33.58819588404938,0.07179606318469745,0.2898699729978753,0.0,0.0,0.44435377299724643,0.4687723216967558,0.5298165538311841,0.5028245111289326,0.49691419405788384,0.49006772786841624,0.5571527183451302,0.4630764906647841,0.4942293056876182,0.5660640673851856
drift,omd_paper_v2_literal,0,607,3,1,0.03844082365041779,33.626636707699795,0.07120996285569399,0.28973010344876904,0.0,0.0,0.4457696848963449,0.46942051562408105,0.5284405865579676,0.5021582228300054,0.4961833427898201,0.48984105176808845,0.555420381925938,0.46336122514082057,0.4951918148348956,0.5639723017695621
drift,omd_paper_v2_literal,0,608,3,1,0.038798267426773725,33.665434975126566,0.07149285984975359,0.28985107053654396,0.0,0.0,0.44491406737883343,0.4684535286634235,0.5286969308140076,0.5043336184451832,0.4978433310667691,0.4895953532018301,0.5549698306460925,0.4649587214907723,0.4935092785528069,0.5645475211874085
drift,omd_paper_v2_literal,0,609,3,0,0.03915561358547648,33.704590588712044,0.07179498503204483,0.2897303337793358,0.0,0.0,0.44406375096996026,0.46749240188261987,0.5289517688000865,0.5064961963504145,0.49949370966404627,0.4893510889549479,0.5545218108269169,0.46654763755713996,0.4918366759797179,0.5651192221152033
drift,omd_paper_v2_literal,0,610,3,1,0.03951286124598463,33.744103449958025,0.07215121443148359,0.2898453330819491,0.0,0.0,0.44493138790894704,0.46847310499513795,0.5286917407424778,0.5042895743981125,0.4978097205658055,0.489600327829492,0.5549789538901978,0.4649263696199871,0.49354334366025654,0.5645358763949563
drift,omd_paper_v2_literal,0,611,3,1,0.03987000952851161,33.78397345948654,0.07245104012149273,0.2902149374192542,0.0,0.0,0.4440834552008116,0.46751467536907215,0.528945862549555,0.5064460763748132,0.4994554583110049,0.4893567502494411,0.5545321956600165,0.4665108031853719,0.49187544023364055,0.5651059736656002
drift,omd_paper_v2_literal,0,612,3,1,0.04022705755403233,33.82420051704057,0.07276926497189612,0.29083377075776606,0.0,0.0,0.44324075609333474,0.46656203413536257,0.5291984977206264,0.5085898512310868,0.5010916764248312,0.48911458837452004,0.5540879374823006,0.4680867304990607,0.4902173757802956,0.5656725985276305
drift,omd_paper_v2_literal,0,613,3,0,0.040584004444289334,33.864784521484864,0.0731053177771651,0.2901964548707559,0.0,0.0,0.44240325348826204,0.46561514309707824,0.5294496572325395,0.5107209170094528,0.5027184102079343,0.48887383183388805,0.5536461624881083,0.4696541766790713,0.4885691121449001,0.5662357768531739
drift,omd_paper_v2_literal,0,614,3,1,0.04094084932179953,33.905725370806664,0.07342301130668365,0.29080384414909255,0.0,0.0,0.443272417813744,0.466597828855457,0.5291890042713794,0.508509296028307,0.5010301895645579,0.4891236884282028,0.5541046337253615,0.4680274973765771,0.4902796801390419,0.5656513085563325
drift,omd_paper_v2_literal,0,615,3,0,0.04129759130986088,33.94702296211653,0.07375613450359336,0.2901785409139968,0.0,0.0,0.442437179956806,0.46565350318151527,0.5294394813790836,0.5106345804110922,0.5026525012882674,0.4888835863832125,0.5536640633836203,0.4695906571602515,0.4886358896790025,0.5662129620677434
drift,omd_paper_v2_literal,0,616,3,1,0.04165422953255804,33.98867719164909,0.07407701097662112,0.2907746570656447,0.0,0.0,0.44330370884499565,0.46663320432402805,0.5291796220845797,0.5084296846678026,0.5009694234290067,0.4891326818171967,0.5541211341333827,0.4679689594761905,0.4903412544563397,0.5656302679102873
drift,omd_paper_v2_literal,0,617,3,0,0.04201076311477003,34.030687954763856,0.07440727391341243,0.29016118018529286,0.0,0.0,0.4424707244786876,0.46569143120758627,0.5294294202204735,0.5105492165166506,0.5025873353113763,0.488893230971586,0.553681762334059,0.46952785470617264,0.48870191478603514,0.566190404212068
drift,omd_paper_v2_literal,0,618,9,0,0.11438221394508208,34.14507016870894,0.07473124312398918,0.28215750872461265,0.0,0.0,0.44333463452856214,0.4666681665858075,0.5291703495545558,0.5083510035378256,0.5009093676167126,0.48914157008108455,0.5541374415357222,0.4679111067455904,0.4904021092626149,0.5656094729953711
drift,omd_paper_v2_literal,0,619,7,1,0.0,34.14507016870894,0.0741338113877998,0.27735161278189985,0.0,0.0,0.4447428859352237,0.4673100178486137,0.5277982102007351,0.5076967479989767,0.5001879995881539,0.4889141824836083,0.5524041234871027,0.46820338320243454,0.49135431186200923,0.5635242382595188
drift,omd_paper_v2_literal,0,620,7,1,0.0,34.14507016870894,0.07370545441570642,0.27285775086033964,0.0,0.0,0.4456564084306545,0.4680504198310701,0.5285917682096483,0.5093839200375744,0.5023531962107248,0.49010268705531335,0.5517905644128905,0.47069925517310957,0.4893505381249177,0.5632533519466159
drift,omd_paper_v2_literal,0,621,7,0,0.0,34.14507016870894,0.0733006228060222,0.27685513662098804,0.0,0.0,0.44656458413139666,0.4687863327792213,0.529380222356642,0.5110603334687829,0.5045047703745084,0.49128387285888936,0.5511806846188393,0.4731809774424608,0.4873596293225229,0.5629841216250858
drift,omd_paper_v2_literal,0,622,7,0,0.0,34.14507016870894,0.07427869133099207,0.2810507254749523,0.0,0.0,0.44575395097939463,0.4681294679107098,0.528676473989058,0.5095640177992807,0.5025843324237477,0.4902295696514438,0.5517250561429399,0.47096578435880343,0.4891366494936365,0.5632244319424995
drift,omd_paper_v2_literal,0,623,3,1,0.044147718252679824,34.18921788696162,0.0752716527213099,0.2816546085219068,0.0,0.0,0.44494865348967705,0.46747680443260675,0.5279769967154601,0.5080768536842512,0.5006757823129161,0.4891819203776712,0.5522659137013076,0.4687655231879107,0.49090287173339836,0.5634632158270849
drift,omd_paper_v2_literal,0,624,3,1,0.04450349491611527,34.233721381877736,0.07559283007553999,0.28250454294846045,0.0,0.0,0.44411373305052326,0.46653415889007527,0.5282227845460619,0.5101851231406956,0.5022815685222082,0.48893827446879273,0.551828949517197,0.4703117637245508,0.48927508130712544,0.5640231600119
drift,omd_paper_v2_literal,0,625,3,1,0.044859159967436946,34.27858054184517,0.07593054352621408,0.283594081482977,0.0,0.0,0.4432838889822779,0.4655971284077946,0.528467156483536,0.5122810049748504,0.5038781464157804,0.4886960238774542,0.5513943990447557,0.47184974752854375,0.4876568035480557,0.5645797476474526
drift,omd_paper_v2_literal,0,626,3,1,0.04521471253895459,34.32379525438413,0.07628427339043094,0.2849163253685604,0.0,0.0,0.44245908554959273,0.46466567606875514,0.5287101229097736,0.5143645203798177,0.5054655515780617,0.48845515845109894,0.5509622460309488,0.47337950078035557,0.48604800021967104,0.5651330035378553
drift,omd_paper_v2_literal,0,627,3,0,0.0455701517638355,34.36936540614796,0.07665350257954812,0.28352001573938435,0.0,0.0,0.4416392870937725,0.4637397649637555,0.5289516941619447,0.5164356926085487,0.5070438203906652,0.48821566807940275,0.5505324742605717,0.47490105046433856,0.48444863227980645,0.5656829523891341
drift,omd_paper_v2_literal,0,628,3,0,0.045925476776110474,34.415290882924076,0.0769307839439841,0.28239816568525544,0.0,0.0,0.442509853074777,0.4647230111925953,0.5286951657744416,0.5142362684443726,0.5053678304145596,0.48846998648247925,0.550988852513927,0.47328531120106654,0.4861470335455621,0.5650989486067673
drift,omd_paper_v2_literal,0,629,9,1,0.1249832413915773,34.54027412431565,0.07723057284146764,0.2886216113811938,0.0,0.0,0.44337583181295787,0.46570095265995887,0.5284400773227662,0.5120487718629412,0.5037012265424885,0.4887228683739148,0.5514425571974199,0.47167929053170893,0.4878361192445232,0.564518077939503
drift,omd_paper_v2_literal,0,630,9,0,0.12594559494141805,34.66621971925707,0.07827383687888113,0.28054392542856865,0.0,0.0,0.4422957140054111,0.4652099199918718,0.5294950656443823,0.5125483629389467,0.5042538601227898,0.488898889646463,0.5527766660653871,0.4714525924783657,0.48710629342335016,0.5661196709925085
drift,omd_paper_v2_literal,0,631,7,1,0.0,34.66621971925707,0.07766835220942195,0.2762576157915087,0.0,0.0,0.4436982403055513,0.46584748842403995,0.5281252219614436,0.5118996905054995,0.5035363203383296,0.48867034463395803,0.5510443183132722,0.4717469388952898,0.4880539075175694,0.5640399043263814
drift,omd_paper_v2_literal,0,632,7,1,0.0,34.66621971925707,0.07726612677414613,0.272285413898431,0.0,0.0,0.4446047989078319,0.46658425691130584,0.5289073254453444,0.513550630762725,0.5056629845564952,0.4898452944311452,0.550441789263968,0.4742022792505045,0.4860870875517968,0.5637694561371943
drift,omd_paper_v2_literal,0,633,7,0,0.0,34.66621971925707,0.07688583285811461,0.27586818908852484,0.0,0.0,0.44550611079936114,0.46731660876584924,0.5296844466123732,0.5151910577968652,0.5077762804822789,0.4910130817115074,0.5498428435906113,0.4766436562823147,0.48413287017765083,0.563500644614638
drift,omd_paper_v2_literal,0,634,7,0,0.0,34.66621971925707,0.07784727750093823,0.2796625758069032,0.0,0.0,0.4446903070035546,0.4666537421534939,0.5289810709679752,0.5137063006359521,0.5058635207782045,0.48995609882939545,0.5503849627805266,0.4744338854275962,0.48590163663714886,0.5637439507656423
drift,omd_paper_v2_literal,0,635,3,0,0.04840948135195233,34.714629200609025,0.07882315192259254,0.2787642532206473,0.0,0.0,0.44387983165873973,0.4659950817946758,0.5282819208221385,0.512230464077273,0.5039623918600383,0.4889057260649226,0.5509236187648459,0.472238739467066,0.4876598405412616,0.5639857254141548
drift,omd_paper_v2_literal,0,636,9,1,0.13171467831626082,34.84634387892529,0.0791469887834192,0.2849620113157124,0.0,0.0,0.4447444560133557,0.4669707143220037,0.5280322451291736,0.5100612284506327,0.5023136030305475,0.48916216649254923,0.5513736873266113,0.4706512867865034,0.4893316551807608,0.5634079264382481
drift,omd_paper_v2_literal,0,637,9,0,0.13267533625416444,34.979019215179456,0.08018218952690193,0.2769540259057965,0.0,0.0,0.44366435894115447,0.46648020481097585,0.5290877990843188,0.5105611923490743,0.5028669867195606,0.48933896689567824,0.5527077650853726,0.4704255055843496,0.4886010783352501,0.5650102661582734
drift,omd_paper_v2_literal,0,638,5,1,0.04032958029746048,35.019348795476915,0.07959340152117804,0.27473005549826335,0.0,0.0,0.4450605495658152,0.4671142304235132,0.5277233833175213,0.5099149546297335,0.5021517033770558,0.48911044208904136,0.5509832474225813,0.470717343850502,0.4895454022771701,0.5629388922944315
drift,omd_paper_v2_literal,0,639,5,0,0.04061736399465954,35.05996615947158,0.07945722303165173,0.27686053810227995,0.0,0.0,0.44668882409778965,0.46918304063120747,0.5294700660159859,0.5096594220987201,0.5034053696213494,0.4913835288352251,0.551946416045967,0.4718439931586786,0.4884021929974576,0.5631419277003636
drift,omd_paper_v2_literal,0,640,9,1,0.13555580787490723,35.19552196734649,0.08022782406167824,0.2830477343592708,0.0,0.0,0.4451250164104845,0.4671961461749162,0.5277925751924932,0.5099048341694433,0.5022013563893687,0.4892004614537909,0.5510214017611067,0.47076196004499854,0.48950012245567565,0.5629469340658751
drift,omd_paper_v2_literal,0,641,9,0,0.13651545856172537,35.33203742590821,0.08125964493873306,0.2750683575650946,0.0,0.0,0.44404585842224453,0.4667058110733289,0.5288463183207364,0.5104041692360669,0.5027536836815967,0.4893764924702065,0.5523536023060431,0.470536226513299,0.48877081300588404,0.5645473867619729
drift,omd_paper_v2_literal,0,642,5,0,0.04147999901039123,35.3735174249186,0.08067705081875451,0.2774614790990473,0.0,0.0,0.44543822428678337,0.4673384255572151,0.5274867918353114,0.5097599516668815,0.5020411012221047,0.4891493877207913,0.5506347346917386,0.47082745737523385,0.48971173526109624,0.5624823263887642
drift,omd_paper_v2_literal,0,643,3,1,0.05124106030431075,35.42475848522292,0.08146968727683301,0.2783063351466948,0.0,0.0,0.4438843651725987,0.46536429679086194,0.5258189755479125,0.5100040327993752,0.5008444690728324,0.48697992783279065,0.5497151866423298,0.4697521241484427,0.49080296056598816,0.562288915013842
drift,omd_paper_v2_literal,0,644,3,0,0.051594440872108405,35.476352926095025,0.08178454061762146,0.277430246400282,0.0,0.0,0.44306135059308543,0.4644345529916669,0.5260566527929909,0.5120752403808521,0.502419182369228,0.4867358090474752,0.5492831865531298,0.47126912180761243,0.48920644129437185,0.5628385732714366
drift,omd_paper_v2_literal,0,645,9,0,0.14035148250904417,35.61670440860407,0.0821249405148195,0.2695947291629331,0.0,0.0,0.4439202479462977,0.46540483044268105,0.5258086147771457,0.5099137392007447,0.5007758257005954,0.48699056926967005,0.5497340161036696,0.4696860097519399,0.49087255837069826,0.5622649515683315
drift,omd_paper_v2_literal,0,646,7,0,0.0,35.61670440860407,0.08156482469695134,0.2739726647488395,0.0,0.0,0.4453047307039032,0.4660333886579708,0.524455826644232,0.5092746564041876,0.500068535144385,0.48676483223169936,0.5480221390821054,0.4699771402168652,0.4918071216359952,0.5602088898531042
drift,omd_paper_v2_literal,0,647,9,1,0.14226792301507907,35.75897233161915,0.08259884987222228,0.28002890839717565,0.0,0.0,0.44450470461759717,0.4653838934791627,0.5237669360113915,0.5078195579404128,0.4981946971619479,0.4857299611510713,0.548554878925047,0.46781517739495254,0.4935405794702026,0.5604490462874361
drift,omd_paper_v2_literal,0,648,9,1,0.14322574436787716,35.90219807598702,0.08361116922212772,0.2860770770821249,0.0,0.0,0.4434241512964535,0.46489330193457595,0.5248234742236922,0.5083188401594229,0.4987472448460865,0.4859063625529254,0.5498912371832251,0.4675883346912579,0.49281051306612406,0.5620543611075973
drift,omd_paper_v2_literal,0,649,9,1,0.14418329749402908,36.046381373481054,0.08462294744479737,0.29211574902109994,0.0,0.0,0.442349380879896,0.46440516221542694,0.5258746568440095,0.5088156792679608,0.49929711004737426,0.48608191008483453,0.5512203860992821,0.46736260780138994,0.4920840254035606,0.5636505848971325
drift,omd_paper_v2_literal,0,650,9,1,0.14514058067614177,36.191521954157196,0.08563403266375333,0.2981436446257677,0.0,0.0,0.44128035923838455,0.46391945785409056,0.5269205132102023,0.5093100912291301,0.4998443098801025,0.4862566095525964,0.5525423622934714,0.4671379890367177,0.4913610946691432,0.5652377583066363
drift,omd_paper_v2_literal,0,651,9,0,0.14609759219882318,36.33761954635602,0.08664428222776824,0.2902978881774758,0.0,0.0,0.4402170522768191,0.4634361724729181,0.5279610726670583,0.5098020919258012,0.5003888613809645,0.4864304667267815,0.5538572025341546,0.4669144707564672,0.49064169912080996,0.5668159224120023
drift,omd_paper_v2_literal,0,652,9,0,0.14705433034869242,36.48467387670471,0.08608253960932814,0.28252163067063957,0.0,0.0,0.4416017617140108,0.4640655040154564,0.5266060442820536,0.5091614213728253,0.4996797645221852,0.48620407634313345,0.5521449157913558,0.46720553143431176,0.4915784792781601,0.5647606277572417
drift,omd_paper_v2_literal,0,653,3,0,0.0547689684513506,36.53944284515606,0.0855315614644972,0.2821194394630742,0.0,0.0,0.44298068038631877,0.4646919073260414,0.5252571762020013,0.5085238176225689,0.4989740963592563,0.4859787858376747,0.5504396768618992,0.46749520743186124,0.49251079023193145,0.5627130551277459
drift,omd_paper_v2_literal,0,654,5,1,0.044919409326499404,36.584362254482556,0.08591120450592833,0.2795395494794652,0.0,0.0,0.4438300359310426,0.46565342375805807,0.5250151097450664,0.5063828787183113,0.4973481811896751,0.4862330899996534,0.5508899673413997,0.4659284962647587,0.49415926651827485,0.5621487329488193
drift,omd_paper_v2_literal,0,655,5,1,0.04520519511532772,36.629567449597886,0.0857343315368656,0.27725065620928585,0.0,0.0,0.4454597694936547,0.4677235581909727,0.5267630013559832,0.5061262117064285,0.4986019026790075,0.48850707368546653,0.55185266416889,0.46705450115884,0.4930159037529435,0.5623503492005819
drift,omd_paper_v2_literal,0,656,5,0,0.045490849205515826,36.6750582988034,0.0855796645906422,0.2794380006883473,0.0,0.0,0.4470810608896093,0.46978259347276097,0.5284999411091628,0.5058710542750982,0.49984825225797913,0.4907681264096669,0.5528093018816527,0.46817420222734085,0.49187935228901186,0.5625507567248199
drift,omd_paper_v2_literal,0,657,5,0,0.04577637079966235,36.720834669603065,0.08636914097713497,0.28186297361000445,0.0,0.0,0.44552772861941486,0.46780987378576244,0.5268358460919614,0.5061155127917528,0.49865416298352344,0.4886018728355669,0.5518927845979699,0.46710144463340253,0.4929682456080238,0.5623587528754108
drift,omd_paper_v2_literal,0,658,9,1,0.15278892272602473,36.87362359232909,0.08717503510424875,0.2878490644862883,0.0,0.0,0.44398457733568386,0.4658497422247696,0.5251809376555246,0.5063585320266891,0.4974671051006598,0.4864487717976667,0.5509813030011667,0.4660352917392726,0.4940508069836999,0.5621678586784282
drift,omd_paper_v2_literal,0,659,9,0,0.15374369946303412,37.027367291792125,0.08817559368198132,0.2801545961061414,0.0,0.0,0.44291582794641254,0.4653639181759976,0.5262245642801364,0.5068517264121039,0.49801240814366476,0.4866222795990663,0.5523012112195227,0.46581005995222163,0.49332989085564366,0.5637536814430287
drift,omd_paper_v2_literal,0,660,9,1,0.15469818919402956,37.182065480986154,0.08763937029746817,0.2861263202320372,0.0,0.0,0.44429039323679814,0.4659887261165303,0.5248823631731492,0.5062174494600594,0.49731112001172834,0.48639913978839283,0.5506036049786699,0.4660997227540608,0.4942570326390991,0.5617139924275852
drift,omd_paper_v2_literal,0,661,9,1,0.15565239022426652,37.33771787121042,0.08863734836373421,0.29209005739442256,0.0,0.0,0.4432229647567713,0.4655035518240747,0.5259246178900152,0.5067099689439878,0.4978556712269059,0.48657240794454204,0.5519219048223931,0.4658747968689776,0.49353710096634534,0.5632980006684571
drift,omd_paper_v2_literal,0,662,9,1,0.15660630086112848,37.49432417207155,0.08963470973254128,0.2980444726123418,0.0,0.0,0.44216119045501945,0.4650207758298599,0.5269616355424622,0.5072001066664705,0.4983976084081752,0.4867448459502384,0.5532331400699311,0.4656509665680597,0.4928206584975578,0.56487310956693
drift,omd_paper_v2_literal,0,663,9,0,0.15755991941413994,37.65188409148569,0.09063131915163342,0.2903061020375194,0.0,0.0,0.44110503719754485,0.46454038216960525,0.5279934447256286,0.5076878780412399,0.498936948089073,0.4869164594047898,0.554537346695187,0.4654282243605224,0.4921076841446537,0.5664393590232609
drift,omd_paper_v2_literal,0,664,9,0,0.15851324419497642,37.81039733568067,0.09008889802100001,0.28263774445685325,0.0,0.0,0.44247837582735644,0.4651650143526135,0.5266518160707304,0.5070536631658593,0.4982356862412184,0.486693324042003,0.5528414417626079,0.4657178418524392,0.4930347165018359,0.5644026292064708
drift,omd_paper_v2_literal,0,665,5,0,0.048055678351875186,37.85845301403254,0.08955682246855388,0.28528841437904745,0.0,0.0,0.4438460058665263,0.4657867611677027,0.525316235602857,0.5064224655445995,0.4975377924341514,0.48647126343454483,0.5511524436472148,0.4660060941544144,0.49395735315033906,0.5623735013100104
drift,omd_paper_v2_literal,0,666,3,0,0.05933473267052891,37.91778774670307,0.0903801436109841,0.2851357562969183,0.0,0.0,0.44231192897465227,0.4638386276411148,0.5236715030374435,0.506664562763979,0.4963582172792484,0.4843313595115392,0.5502473185899619,0.46494623534641594,0.49503294038129714,0.5621853150410523
drift,omd_paper_v2_literal,0,667,9,0,0.16137143905370843,38.07915918575678,0.09078702575546747,0.27768045445377515,0.0,0.0,0.44315221951286177,0.4647919166438708,0.5234322603018133,0.5045359070896936,0.4947412152955955,0.48458298525970983,0.5506985124986256,0.46338694596887675,0.49667206121576307,0.5616282515988577
drift,omd_paper_v2_literal,0,668,5,0,0.04890813658881288,38.12806732234559,0.09028266836577342,0.28059753629281964,0.0,0.0,0.44451179235460075,0.4654096994518457,0.5221043566216347,0.5039093425828692,0.49404850990200977,0.48436255609231005,0.5490183092419921,0.4636740529370465,0.49758834212511877,0.5596089691205778
drift,omd_paper_v2_literal,0,669,3,0,0.06038490311847189,38.18845222546407,0.09113018294037627,0.28073420388090947,0.0,0.0,0.4429861126765423,0.46347313474367396,0.5204682961548082,0.5041497951836362,0.4928757430526727,0.48223566946173824,0.548117915373541,0.4626207562393677,0.4986579732551977,0.5594217534634021
drift,omd_paper_v2_literal,0,670,5,1,0.04947573347775991,38.23792795894183,0.09156291141815902,0.27766348587428474,0.0,0.0,0.4438206105057765,0.4644197271331948,0.5202305954025719,0.5020347305550212,0.49126931961733666,0.48248533215732625,0.5485670222634706,0.4610721690925342,0.500286670345931,0.5588681122626207
drift,omd_paper_v2_literal,0,671,5,1,0.04975931699109759,38.28768727593293,0.09133783854798487,0.2748779284384354,0.0,0.0,0.44544884457856054,0.46648624602208144,0.5219761777499865,0.5017785422010728,0.49252068493901185,0.4847545284684175,0.5495273808942297,0.46219566405485907,0.4991452045569438,0.5590679965203336
drift,omd_paper_v2_literal,0,672,5,0,0.05004275617496856,38.3377300321079,0.09113373269656617,0.2774998591670787,0.0,0.0,0.44706873237944683,0.46854183859211473,0.5237110351973155,0.5015238488994891,0.4937648360115788,0.48701109756934496,0.5504817659675005,0.4633129792513754,0.4980104130169465,0.5592666946023366
drift,omd_paper_v2_literal,0,673,5,1,0.05032605024924108,38.38805608235714,0.0919651849172627,0.2747378339800911,0.0,0.0,0.44553981460865655,0.4666016935162615,0.5220736512664561,0.5017642343214728,0.4925905752883046,0.48488128010788284,0.549581005104473,0.46225842149861285,0.4990814550423633,0.5590791592825459
drift,omd_paper_v2_literal,0,674,5,0,0.050609198434910185,38.43866528079205,0.09176299804537237,0.2773389364722086,0.0,0.0,0.4471546511507167,0.46865085734123524,0.5238030024146598,0.501510344938084,0.49383080367824017,0.4871307573372185,0.5505323575262773,0.4633722301236784,0.4979502463961674,0.559277229122711
drift,omd_paper_v2_literal,0,675,9,0,0.16897994714785713,38.607645227939905,0.0925925841007752,0.2700207809408259,0.0,0.0,0.4456297452795387,0.466715820953508,0.5221700056244222,0.5017500904748251,0.4926596646491672,0.4850065804873825,0.5496340133961674,0.4623204606215428,0.49901843642727844,0.5590901940081434
drift,omd_paper_v2_literal,0,676,5,0,0.051175054030088485,38.658820281969994,0.09210681821695593,0.27291815717047124,0.0,0.0,0.4469840686847514,0.4673317508235249,0.520850969188016,0.5011277247997875,0.49197271515355295,0.4847892141175233,0.5479633329336273,0.46260742547720285,0.4999278725041335,0.5570803985116827
drift,omd_paper_v2_literal,0,677,3,0,0.06317870967428063,38.72199899164428,0.0929573668671619,0.27339025382873583,0.0,0.0,0.4454686519011803,0.46540940837115335,0.5192275002437169,0.5013660422068879,0.4908091046321608,0.48267893298188647,0.5470698856336779,0.4615624377991588,0.5009892942148919,0.5568945635487136
drift,omd_paper_v2_literal,0,678,5,0,0.05174031675121593,38.77373930839549,0.09341561284273289,0.2764676388641663,0.0,0.0,0.4462963047875287,0.46634779736629867,0.5189901633226947,0.49926596209026686,0.48921304892167344,0.48292479184019993,0.547515702873009,0.46002388898209146,0.5026075083209817,0.5563445665950206
drift,omd_paper_v2_literal,0,679,3,0,0.0638756149040487,38.83761492329954,0.09428002235689112,0.27715701928400194,0.0,0.0,0.44478948330258555,0.4644362812650571,0.5173747823242666,0.4995026885116694,0.48805559415683064,0.4808262455929364,0.5466268993422834,0.4589850301091302,0.5036635325288127,0.5561595649687416
drift,omd_paper_v2_literal,0,680,6,0,0.16684309411676918,39.00445801741631,0.0947537471460408,0.2715777532610324,0.0,0.0,0.4456124080955601,0.4653693022662774,0.5171383199567264,0.497413389662624,0.48646788840572774,0.4810704281876624,0.5470703648010486,0.4574554444446366,0.5052735556683732,0.5556121617441592
drift,omd_paper_v2_literal,0,681,3,1,0.064571888529108,39.06902990594542,0.09449139140865541,0.27094887850580474,0.0,0.0,0.4459494118252143,0.4648512439229973,0.5155122889475997,0.49790293545836833,0.4861984280368391,0.48005698289162024,0.5450520107967483,0.4580794986958097,0.5057002400844562,0.5539835174530697
drift,omd_paper_v2_literal,0,682,3,1,0.06491978646170227,39.13394969240712,0.09467549464606856,0.2705811539910322,0.0,0.0,0.4451231500350845,0.46391496163686197,0.5157501418900238,0.5000000401411182,0.4877921882645969,0.4798121883367778,0.5446070793915292,0.4596150404814013,0.5040840168863985,0.5545338400625873
drift,omd_paper_v2_literal,0,683,3,0,0.0652675240616829,39.1992172164688,0.09487399191844699,0.2709502580680486,0.0,0.0,0.444301784031355,0.4629841384514382,0.5159866649945075,0.5020854824116222,0.4893773314245611,0.479568764760774,0.5441645517347934,0.46114280355484233,0.5024766972203744,0.5550809696150324
drift,omd_paper_v2_literal,0,684,3,0,0.06561510052104635,39.264832316989846,0.09533393369696251,0.27157353497476977,0.0,0.0,0.44512543137048444,0.4639175468660683,0.5157494850605521,0.49999424887898947,0.48778778668306233,0.47981286433223785,0.5446083081836106,0.4596107989592634,0.5040884802765516,0.5545323205108618
drift,omd_paper_v2_literal,0,685,9,1,0.1784622366625771,39.44329455365242,0.09580786738518429,0.27711601781438916,0.0,0.0,0.445944809951803,0.4648460295393584,0.515513613452182,0.49791461305805307,0.4862073021498556,0.48005561972557725,0.545049533392992,0.45808804718907015,0.5056912404378568,0.5539865822943536
drift,omd_paper_v2_literal,0,686,9,0,0.1794086758072455,39.62270322945967,0.09675703135413927,0.2702266752269418,0.0,0.0,0.4448676667308066,0.464356557044912,0.5165632949568852,0.49840682197572705,0.48675074402915947,0.48022785532866447,0.5463813051509647,0.45785695410494465,0.5049704818769619,0.55558793115461
drift,omd_paper_v2_literal,0,687,5,0,0.05427649662368261,39.67697972608335,0.09631521879768966,0.27365298370439584,0.0,0.0,0.4462079151422292,0.46496556417528223,0.5152572705241574,0.49779442111571476,0.4860746039552712,0.48001356222377,0.5447242293208078,0.45814448056397616,0.5058672390275407,0.5535953772488224
drift,omd_paper_v2_literal,0,688,9,0,0.1813005565114824,39.85828028259483,0.09720406446493275,0.26695492669801574,0.0,0.0,0.44471255827775835,0.46306992562389565,0.5136541427784541,0.49802761649261873,0.48492521361008956,0.47793240800049724,0.5438429525154601,0.45711242512763406,0.5069160825679239,0.553412421677867
drift,omd_paper_v2_literal,0,689,8,1,0.11867491927456858,39.9769552018694,0.09677954887408638,0.2690388437068959,0.0,0.0,0.4460460880832769,0.46367587687757184,0.5123545915737984,0.49741831358376276,0.4842528408732711,0.4777196009653283,0.5421929805256083,0.4573985630191207,0.5078080139337267,0.55142821002355
drift,omd_paper_v2_literal,0,690,8,0,0.1192933006711433,40.09624850254055,0.09749306659254806,0.2668873058650699,0.0,0.0,0.44596671524076176,0.4633549660289719,0.5110552101766583,0.49584320735075005,0.4822419451878421,0.47664756552259874,0.5418135098490138,0.4556212966172621,0.5098040858784403,0.5506443542393094
drift,omd_paper_v2_literal,0,691,8,1,0.1199115075512282,40.21616001009178,0.09742435099946797,0.26895785281108375,0.0,0.0,0.4460488173969575,0.4636869120531075,0.5123992684179454,0.4974724752879919,0.4843219957125248,0.4777564670102189,0.5422060278980362,0.4574596945374616,0.5077393734653265,0.5514551586759796
drift,omd_paper_v2_literal,0,692,8,1,0.12052953907593583,40.336689549167716,0.09813643630712676,0.2712378043230677,0.0,0.0,0.44596964743608397,0.46336682079257974,0.5111032155538354,0.49590139469683586,0.48231622320322864,0.47668716560209656,0.5418275293726924,0.45568693375325087,0.5097303508310609,0.5506733164599376
drift,omd_paper_v2_literal,0,693,8,0,0.12114739440762373,40.45783694357534,0.09886227210376705,0.2688661571578384,0.0,0.0,0.44589090651100294,0.4630484831112828,0.509813993590027,0.4943388543327517,0.48032181643185157,0.4756238341296542,0.5414510211038056,0.45392483206069706,0.5117103010867681,0.54989543588811
drift,omd_paper_v2_literal,0,694,8,0,0.12176507270989922,40.579602016285236,0.09877745181776235,0.26674451978354635,0.0,0.0,0.44597298060378104,0.4633802967053659,0.5111577852554531,0.4959675391007453,0.48240065943531746,0.4767321812146766,0.5418434659384519,0.4557615484153769,0.5096465322509495,0.5507062387491679
drift,omd_paper_v2_literal,0,695,3,1,0.06942757641374786,40.64902959269898,0.09871120464806844,0.2660898696015108,0.0,0.0,0.4460546167954747,0.46371036028631385,0.5124941994423599,0.49758756109057556,0.484468941503237,0.47783480270460643,0.5422337514416223,0.45758959421928797,0.5075935216611509,0.5515124195715454
drift,omd_paper_v2_literal,0,696,3,1,0.06977315660268069,40.71880274930166,0.09888520862118073,0.26569587797679367,0.0,0.0,0.4452334186937025,0.46277780241202066,0.5127215012626308,0.4996635109722691,0.48604104357909667,0.47758446576897956,0.5417866030829561,0.45910626178246583,0.5059990398988347,0.552053596816162
drift,omd_paper_v2_literal,0,697,3,0,0.07011856525786508,40.78892131455952,0.09907279282857262,0.2660906033017298,0.0,0.0,0.4444170351402731,0.4618506334769704,0.5129475472929781,0.5017280510026977,0.48760477028581817,0.47733551730736384,0.5413418480846444,0.46061533671461274,0.5044132095812445,0.5525916743538757
drift,omd_paper_v2_literal,0,698,7,1,0.0,40.78892131455952,0.09954130108686082,0.25970760226903533,0.0,0.0,0.4452345650610703,0.46277910428973407,0.5127211839025034,0.4996606124608918,0.4860388483759689,0.47758481528706426,0.5417872274483716,0.45910414364316554,0.5060012662417751,0.5520528412982987
drift,omd_paper_v2_literal,0,699,7,1,0.0,40.78892131455952,0.09893783481204121,0.2535794422050859,0.0,0.0,0.4461431398634775,0.4635112251375902,0.5134866616121669,0.501297474046078,0.4881426666187369,0.4787443931237639,0.5411718438789123,0.461535197126013,0.5040554131532821,0.5517667342389894
drift,omd_paper_v2_literal,0,700,7,1,0.0,40.78892131455952,0.09835099329439115,0.24771787042058963,0.0,0.0,0.4470466311412918,0.4642391181744477,0.5142474931599663,0.502924507052928,0.49023430431472037,0.47989725479658885,0.5405600205725143,0.46395350875757624,0.5021210894365901,0.5514823063472858
drift,omd_paper_v2_literal,0,701,7,1,0.0,40.78892131455952,0.09778076995819308,0.24213502257774333,0.0,0.0,0.447945063593394,0.4649628072739566,0.5150037072421119,0.5045417442479798,0.4923137668552465,0.4810434311643338,0.539951736591241,0.4663590331822047,0.5001982756936281,0.551199546802181
drift,omd_paper_v2_literal,0,702,7,0,0.0,40.78892131455952,0.09722715106669921,0.2470182408760887,0.0,0.0,0.4488384622008257,0.4656823164486732,0.5157553326541148,0.5061492195950063,0.49438106226204687,0.48218295355680496,0.5393469709083948,0.4687517291772518,0.4982869504751057,0.5509184447707777
drift,omd_paper_v2_literal,0,703,7,1,0.0,40.78892131455952,0.09832522570839941,0.24148557570818355,0.0,0.0,0.4480548540388426,0.4650512350038608,0.5150960939340103,0.504739326240361,0.4925678472776814,0.4811834805110952,0.5398774105944535,0.466653040454149,0.49996335215361665,0.5511649980544975
drift,omd_paper_v2_literal,0,704,7,1,0.0,40.78892131455952,0.0977752445177781,0.23624392913761538,0.0,0.0,0.44894513911872863,0.46576822171156185,0.515845057685677,0.506341113625267,0.4946278720979835,0.4823190033954821,0.5392747656534663,0.4690374696080395,0.49805877697721274,0.5508848843770262
drift,omd_paper_v2_literal,0,705,7,0,0.0,40.78892131455952,0.09724167032901998,0.24087746826379514,0.0,0.0,0.4498304466992356,0.46648107881152884,0.5165894906536991,0.5079332330504144,0.4966758099193039,0.4834479450129524,0.5386755957832454,0.47140910109122847,0.4961655997121471,0.5506064068504755
drift,omd_paper_v2_literal,0,706,7,1,0.0,40.78892131455952,0.09832905695100125,0.2356837566784564,0.0,0.0,0.4490455910257478,0.4658491124683793,0.5159295423692349,0.5065218004655226,0.49486027208609334,0.482447111120124,0.5392067752541193,0.46930654304054453,0.4978439282075223,0.5508532832894489
drift,omd_paper_v2_literal,0,707,7,1,0.0,40.78892131455952,0.09779880539098249,0.2307932526768944,0.0,0.0,0.44992785820722225,0.46655950807900176,0.5166713807113661,0.5081083716333417,0.4969011100246717,0.48357214952933886,0.5386096747158651,0.4716700832073314,0.4959573384802017,0.5505757698138533
drift,omd_paper_v2_literal,0,708,7,1,0.0,40.78892131455952,0.0972847548683641,0.2262183702965846,0.0,0.0,0.45080520378566713,0.46726582383583615,0.5174087454157948,0.5096853689511875,0.4989299435337132,0.4846906789379745,0.5380160065468534,0.47402086185108117,0.4940820545958152,0.5502998714312859
drift,omd_paper_v2_literal,0,709,7,1,0.0,40.78892131455952,0.09678686687038138,0.2219713441027926,0.0,0.0,0.4516776531182006,0.467968083719132,0.518141665037476,0.5112528293011313,0.5009467883164965,0.48580273149210557,0.5374257498460195,0.47635885089475233,0.4922180494093076,0.5500255774738719
drift,omd_paper_v2_literal,0,710,7,0,0.0,40.78892131455952,0.09630509586212156,0.2258358069809509,0.0,0.0,0.45254523177748257,0.4686663118024976,0.5188701681844892,0.5128107905493069,0.502951662330237,0.48690833970647324,0.5368388836585348,0.4786840259062775,0.4903652940416902,0.5497528772749035
drift,omd_paper_v2_literal,0,711,7,0,0.0,40.78892131455952,0.09736446774931237,0.22992642541856698,0.0,0.0,0.4517533011866827,0.46802896974485236,0.51820519935427,0.5113887049099614,0.5011216312352668,0.48589914384733535,0.5373745746037951,0.4765615851129034,0.4920564653315783,0.5500017970665242
drift,omd_paper_v2_literal,0,712,7,1,0.0,40.78892131455952,0.09843042260347669,0.22543557316242133,0.0,0.0,0.45096628603011274,0.46739549214396653,0.5175440907065452,0.5099748284832947,0.4993023696253134,0.4848960173854644,0.5379070188282311,0.4744525078251708,0.493737836979871,0.5502492231226368
drift,omd_paper_v2_literal,0,713,7,1,0.0,40.78892131455952,0.0979379208679285,0.22127101738278968,0.0,0.0,0.45183293561104226,0.4680930633146645,0.5182720790207648,0.5115317344842111,0.5013056818241705,0.4860006348184472,0.5373207034062233,0.47677500451575605,0.49188637334682705,0.549976764035523
drift,omd_paper_v2_literal,0,714,7,1,0.0,40.78892131455952,0.09746118561394874,0.2174443260040842,0.0,0.0,0.4526947738326679,0.4687866522879773,0.5189957055852765,0.5130792549972891,0.5032971612787498,0.48709888616440383,0.5367377366617535,0.4790848273412374,0.49004602774055406,0.5497058788998622
drift,omd_paper_v2_literal,0,715,7,1,0.0,40.78892131455952,0.09700016261045234,0.21396643793353168,0.0,0.0,0.4535518260693276,0.4694762828283253,0.5197149985758273,0.5146174283359839,0.5052768281577577,0.48819080379104773,0.5361580979397951,0.48138195637691844,0.48821676984153933,0.549436557233395
drift,omd_paper_v2_literal,0,716,7,1,0.0,40.78892131455952,0.09655479095289066,0.21084742691015926,0.0,0.0,0.45440411787814716,0.47016197877191507,0.5204299862000763,0.5161462936885185,0.5072447046815537,0.4892764203839229,0.5355817665478724,0.4836663750670468,0.486398567763754,0.549168788560807
drift,omd_paper_v2_literal,0,717,7,1,0.0,40.78892131455952,0.09612500308055365,0.20809625699019346,0.0,0.0,0.455251674986749,0.47084376401820033,0.5211406966888549,0.5176658910792902,0.5092008150543571,0.490355768927651,0.535008721762673,0.4859380701368869,0.48459138811184455,0.5489025624162579
drift,omd_paper_v2_literal,0,718,7,1,0.0,40.78892131455952,0.09571072480570922,0.20572053917735247,0.0,0.0,0.4560945232812717,0.4715216625215842,0.5218471582876929,0.5191762613311325,0.511145185397566,0.49142888268764506,0.534438942836469,0.4881970315055757,0.4827951960372472,0.5486378683458304
drift,omd_paper_v2_literal,0,719,7,1,0.0,40.78892131455952,0.0953118753548196,0.20372630029173672,0.0,0.0,0.45693268879469806,0.4721956982833565,0.5225493992486068,0.5206774460284315,0.513077843684208,0.4924957951922848,0.5338724090033486,0.49044325219981694,0.4810099552932186,0.5483746959098995
drift,omd_paper_v2_literal,0,720,7,1,0.0,40.78892131455952,0.09492836742201693,0.20211777605170395,0.0,0.0,0.4577661976954881,0.47286589534386514,0.5232474478221465,0.5221694874810917,0.5149988196745332,0.49355654021555034,0.5333090994852633,0.4926767282684666,0.4792356282887783,0.5481130346854235
drift,omd_paper_v2_literal,0,721,7,0,0.0,40.78892131455952,0.09456010723495473,0.20367986544205557,0.0,0.0,0.4585950762765144,0.4735322777749173,0.523941332249697,0.5236524286893477,0.5169081448527658,0.49461115176010867,0.5327489934978876,0.49489745869805907,0.47747217614155896,0.5478528742681593
drift,omd_paper_v2_literal,0,722,7,1,0.0,40.78892131455952,0.09554791390681802,0.20208539527483801,0.0,0.0,0.4577876749359587,0.4728831632599071,0.5232654307994009,0.5222079225597351,0.5150483051032461,0.49358386951392424,0.5332945855391409,0.4927342746461099,0.47918992216656314,0.5481062930276942
drift,omd_paper_v2_literal,0,723,7,0,0.0,40.78892131455952,0.09518027549900118,0.2036342010640085,0.0,0.0,0.45861405357121093,0.4735475336385851,0.5239572155009607,0.5236863712280213,0.5169518473403651,0.49463529440445303,0.5327361706436332,0.4949482980970892,0.4774318138023987,0.5478469183988538
drift,omd_paper_v2_literal,0,724,7,1,0.0,40.78892131455952,0.0961673457587962,0.2020535982695527,0.0,0.0,0.45780890999737045,0.4729002364013331,0.5232832108107309,0.5222459237068297,0.5150972318848746,0.4936108904863967,0.5332802353022478,0.49279117190225935,0.479144732100952,0.5480996274204895
drift,omd_paper_v2_literal,0,725,7,1,0.0,40.78892131455952,0.09580033560281455,0.20085659506962203,0.0,0.0,0.45863280417230035,0.47356260721678123,0.5239729088722792,0.5237199078797055,0.5169950272529075,0.49465914852697507,0.5327235010022106,0.49499852997989546,0.47739193415252756,0.5478410336990381
drift,omd_paper_v2_literal,0,726,7,1,0.0,40.78892131455952,0.09544813293213734,0.2000432866914308,0.0,0.0,0.45945214837417214,0.4742212320138415,0.5246585196701518,0.5251849412080655,0.5188813395884164,0.49570137873028797,0.5321699120460092,0.4971932904087209,0.47564984497037943,0.5475839128579559
drift,omd_paper_v2_literal,0,727,7,1,0.0,40.78892131455952,0.09511063330223883,0.1996116613626256,0.0,0.0,0.46026696866211586,0.47487613449238253,0.5253400709205566,0.5266410672365682,0.5207562031081595,0.49673761492514595,0.5316194480103171,0.49937545783582954,0.473918423903397,0.5473282547156134
drift,omd_paper_v2_literal,0,728,7,0,0.0,40.78892131455952,0.09478772643915173,0.20004353080873677,0.0,0.0,0.461077291185764,0.47552733836180594,0.5260175903093746,0.5280883300849897,0.522619653532773,0.49776789111628467,0.5310720884820012,0.5015450395342456,0.4721976291889063,0.5470740491148769
drift,omd_paper_v2_literal,0,729,7,1,0.0,40.78892131455952,0.09574249980968913,0.19961245763458854,0.0,0.0,0.4602666497675076,0.4748758782010605,0.5253398042364739,0.5266404975171503,0.5207554695536588,0.496737209422565,0.5316196634312221,0.4993746039072174,0.4739191013174328,0.5473283547638048
drift,omd_paper_v2_literal,0,730,7,0,0.0,40.78892131455952,0.09541948481361305,0.2000437670351362,0.0,0.0,0.46107463888530675,0.4755252070138465,0.5260153731298022,0.5280835943487447,0.5226135559709617,0.497764519270237,0.5310738799617287,0.5015379391409197,0.4722032598213399,0.5470748810999518
drift,omd_paper_v2_literal,0,731,7,1,0.0,40.78892131455952,0.09637415896403649,0.19961325077815628,0.0,0.0,0.46026634125338484,0.47487563025238316,0.5253395462333079,0.5266399463428105,0.5207547598772728,0.4967368171196502,0.5316198718398716,0.49937377777514996,0.47391975668080905,0.5473284515552873
drift,omd_paper_v2_literal,0,732,7,1,0.0,40.78892131455952,0.09605105814798934,0.19955598937785432,0.0,0.0,0.4610720103305248,0.47552309474667975,0.5260131757974986,0.5280789010020149,0.5226075129881204,0.49776117760929206,0.5310756554032673,0.5015309023099898,0.4722088400551019,0.5470757056368032
drift,omd_paper_v2_literal,0,733,7,1,0.0,40.78892131455952,0.09574211376644284,0.19986592458255406,0.0,0.0,0.46187325909315524,0.4761669264247714,0.5266828469889984,0.5295091382009336,0.5244490206630724,0.4987796801423748,0.5305344877637358,0.5036755953916069,0.47050838560482305,0.5468243856176069
drift,omd_paper_v2_literal,0,734,7,1,0.0,40.78892131455952,0.09544720742140182,0.20053509348428344,0.0,0.0,0.46267011339028974,0.47680714858801987,0.5273485869392904,0.5309307023357381,0.5262793207849457,0.4997923584402137,0.5299963488936899,0.5058078690773223,0.4688183502479468,0.5465744815685796
drift,omd_paper_v2_literal,0,735,7,0,0.0,40.78892131455952,0.0951662155756184,0.1998531589315478,0.0,0.0,0.4634625991321515,0.4774437845286962,0.5280104227318423,0.5323436382765618,0.528098452543502,0.5007992463543024,0.529461218789621,0.5079277377659616,0.4671386899506212,0.5463259835897775
drift,omd_paper_v2_literal,0,736,7,1,0.0,40.78892131455952,0.09608839808780956,0.2005105927716341,0.0,0.0,0.4626492520164869,0.4767903887767358,0.5273311613693283,0.5308934969356135,0.5262314185609548,0.49976584992155954,0.5300104364266693,0.5057520557860229,0.4688625806588684,0.5465810235031994
drift,omd_paper_v2_literal,0,737,7,1,0.0,40.78892131455952,0.09580663774139296,0.20151583198241205,0.0,0.0,0.4634395620298155,0.47742527895375547,0.5279911871174147,0.5323025769323629,0.5280455877516982,0.5007699800906648,0.5294767739021923,0.5078661250813712,0.4671875008189984,0.546333206785884
drift,omd_paper_v2_literal,0,738,7,1,0.0,40.78892131455952,0.09553851331409563,0.20285775567993342,0.0,0.0,0.464225553824036,0.4780566261266471,0.5286473573882291,0.5337031223927697,0.5298486922206034,0.5017683861653993,0.5289460834538365,0.5099678772113255,0.4655226926405444,0.5460867784767215
drift,omd_paper_v2_literal,0,739,7,1,0.0,40.78892131455952,0.09528389349611215,0.20452392588470902,0.0,0.0,0.4650072531796249,0.47868445335147947,0.5292996989203181,0.5350951786432481,0.5316407732196726,0.5027611019201834,0.5284183453111659,0.5120573308118004,0.46386811073614515,0.5458417288232057
drift,omd_paper_v2_literal,0,740,7,1,0.0,40.78892131455952,0.09504264241150365,0.20650082784766632,0.0,0.0,0.46578468591322386,0.4793087836590443,0.5299482383886465,0.5364787913992574,0.5334218731437538,0.5037481612207523,0.5278935397399954,0.5141345066237529,0.46222370889997355,0.5455980481062336
drift,omd_paper_v2_literal,0,741,7,0,0.0,40.78892131455952,0.09481461977403946,0.20441370381341029,0.0,0.0,0.46655787786994374,0.4799296400497421,0.5305930023995714,0.537854006740014,0.5351920354826264,0.5047295980123288,0.5273716470462891,0.5161994274250592,0.4605894401469253,0.5453557266415207
drift,omd_paper_v2_literal,0,742,7,1,0.0,40.78892131455952,0.09569245478963592,0.20636597430050832,0.0,0.0,0.4657375797335309,0.4792709562273558,0.5299089489394729,0.5363949798311026,0.5333139875006258,0.5036883601633598,0.5279253372897161,0.5140086723652093,0.4623233133357551,0.5456128123286139
drift,omd_paper_v2_literal,0,743,7,1,0.0,40.78892131455952,0.09546280983712341,0.20861383216416124,0.0,0.0,0.46650877671235724,0.47989021488812755,0.5305520640228565,0.5377666998659922,0.5350796591436099,0.5046672794915702,0.5274047881130449,0.5160683242566504,0.46069318854729346,0.5453711142719478
drift,omd_paper_v2_literal,0,744,7,1,0.0,40.78892131455952,0.09524611197288063,0.21114250758818418,0.0,0.0,0.4672757817158533,0.4805060412638998,0.5311914503610955,0.5391301146430941,0.5368344983968255,0.5056406407505613,0.5268871165384207,0.5181158155640724,0.4590730933598554,0.5451307585607406
drift,omd_paper_v2_literal,0,745,7,1,0.0,40.78892131455952,0.0950422152485981,0.21393686523011798,0.0,0.0,0.4680386203971151,0.4811184580820717,0.5318271341830518,0.5404852704680588,0.5385785503391561,0.5066084777094367,0.5263723031313445,0.5201511725854208,0.45746297981104195,0.5448917356658785
drift,omd_paper_v2_literal,0,746,7,1,0.0,40.78892131455952,0.0948509699251931,0.21698161495471235,0.0,0.0,0.46879731841640493,0.48172748802617005,0.5324591416362758,0.5418322139366716,0.5403118609988959,0.5075708241835922,0.5258603285075144,0.5221744234410056,0.45586279927642326,0.5446540360964458
drift,omd_paper_v2_literal,0,747,7,1,0.0,40.78892131455952,0.09467222264767326,0.22026149970166498,0.0,0.0,0.46955190143446146,0.4823331537314691,0.5330874987827631,0.5431709919125571,0.5420344773106619,0.5085277140244057,0.5253511733361421,0.524185598010899,0.4542725025045062,0.5444176504009058
drift,omd_paper_v2_literal,0,748,7,0,0.0,40.78892131455952,0.09450581662471967,0.21665376329005945,0.0,0.0,0.470302395106025,0.4829354777807716,0.533712231594885,0.5445016515055262,0.5437464470733355,0.509479181109255,0.5248448183431458,0.526184727873499,0.4526920396507995,0.544182569168231
drift,omd_paper_v2_literal,0,749,7,1,0.0,40.78892131455952,0.09532674045688981,0.21989997386039992,0.0,0.0,0.4694736201438355,0.48227032408885795,0.5330223225897565,0.543032145820309,0.5418558320637752,0.5084284562634278,0.5254039917277235,0.5239770092492579,0.45443742511498636,0.5444421722049396
drift,omd_paper_v2_literal,0,750,7,1,0.0,40.78892131455952,0.0951577440947737,0.22336655019558135,0.0,0.0,0.47022233114891226,0.4828712236043015,0.5336455944026175,0.5443597358333208,0.5435638744446524,0.5093776883017247,0.5248988352604972,0.5259715133247953,0.4528605876746536,0.5442076469556854
drift,omd_paper_v2_literal,0,751,7,0,0.0,40.78892131455952,0.09500081110628845,0.21952561996292225,0.0,0.0,0.4709669996367154,0.4834688211288259,0.5342652861878202,0.5456792972487924,0.5452613760531337,0.5103215595837669,0.5243964454330394,0.5279540729811683,0.4512934815629942,0.5439744101731823
drift,omd_paper_v2_literal,0,752,7,1,0.0,40.78892131455952,0.09581263635662766,0.2229578319536326,0.0,0.0,0.470138778621933,0.4828041690188105,0.5335760510349219,0.5442116259919003,0.5433733304998666,0.5092717703244827,0.524955206299801,0.5257489940797476,0.45303649468849533,0.5442338177125627
drift,omd_paper_v2_literal,0,753,7,1,0.0,40.78892131455952,0.09565299725493898,0.22659620926883722,0.0,0.0,0.4708817101463907,0.48340037907065425,0.534194321548673,0.5455282071574881,0.5450670229061938,0.5102134666899215,0.5244539839593484,0.5277270646118916,0.4514729054118862,0.5440011225066085
drift,omd_paper_v2_literal,0,754,7,0,0.0,40.78892131455952,0.09550514898953759,0.22253599901764898,0.0,0.0,0.47162064527438974,0.483993326149727,0.5348090555851039,0.5468368483665705,0.5467502794961435,0.5111498633860876,0.5239554952785792,0.5296932910761956,0.44991894589899356,0.5437697000506014
drift,omd_paper_v2_literal,0,755,7,1,0.0,40.78892131455952,0.09630813310242982,0.2261395375084933,0.0,0.0,0.47079302345879115,0.4833292100849184,0.5341205273223519,0.5453710868541441,0.5448649097357772,0.5101010650097403,0.5245138148520019,0.527490997228534,0.45165949313338316,0.5440288991252016
drift,omd_paper_v2_literal,0,756,7,1,0.0,40.78892131455952,0.0961574712742668,0.22993566610790142,0.0,0.0,0.47153026618538096,0.4839208058023347,0.5347338787656774,0.5466768348870372,0.5465444724706002,0.5110353454002328,0.5240164634188534,0.5294528682562243,0.4501089445479879,0.5437980042156239
drift,omd_paper_v2_literal,0,757,7,0,0.0,40.78892131455952,0.09601833321414846,0.22566953843290705,0.0,0.0,0.47226355793549746,0.48450917692757484,0.5353437365380472,0.5479747304583743,0.5482137034868084,0.5119643863035717,0.5235218132151205,0.5314029955416305,0.4485679252072925,0.5435683666134995
drift,omd_paper_v2_literal,0,758,7,0,0.0,40.78892131455952,0.09681273146097019,0.22169585911321246,0.0,0.0,0.47143657888681484,0.48384563007543996,0.5346559468914529,0.5465109506512501,0.5463311108639626,0.5109166319126144,0.5240796637924553,0.529203625402288,0.450305917356601,0.5438273447364047
drift,omd_paper_v2_literal,0,759,7,1,0.0,40.78892131455952,0.09762177737145773,0.22522938316469354,0.0,0.0,0.47061431472406956,0.4831857980760378,0.5339718185469481,0.545054443127711,0.5444575825492489,0.5098745590137037,0.524634379157402,0.5270152558176916,0.4520355310722158,0.5440848715203426
drift,omd_paper_v2_literal,0,760,7,0,0.0,40.78892131455952,0.09746564923829927,0.22129754644872554,0.0,0.0,0.471348206441557,0.4837747182360204,0.5345824329850024,0.5463544642472434,0.5461298333981651,0.510804649541142,0.5241392793643892,0.5289685037664131,0.450491734112397,0.5438550210767041
drift,omd_paper_v2_literal,0,761,7,1,0.0,40.78892131455952,0.09827751776690472,0.22479709054440405,0.0,0.0,0.4705285840522548,0.48311699888977333,0.5339004751748898,0.544902524200147,0.5442621511351257,0.5097658940707661,0.5246922173989058,0.5267870071916871,0.4522159501686227,0.5441117232013228
drift,omd_paper_v2_literal,0,762,7,1,0.0,40.78892131455952,0.09811880435502625,0.22849088171658474,0.0,0.0,0.4712607990562147,0.4837045800053375,0.5345097189301686,0.5461996745933501,0.545930735098481,0.5106938867532611,0.5241982444272183,0.5287359323993976,0.45067553898185564,0.5438823954679709
drift,omd_paper_v2_literal,0,763,7,0,0.0,40.78892131455952,0.09797130023243159,0.2243518137426143,0.0,0.0,0.47198912294617457,0.4842889848568005,0.5351155208813271,0.5474890926086265,0.5475891497754213,0.5116167193518575,0.5237069323130232,0.5306733057500584,0.44914450903822306,0.543654306390734
drift,omd_paper_v2_literal,0,764,7,1,0.0,40.78892131455952,0.09877480426020936,0.2280112749104528,0.0,0.0,0.47117011295269845,0.483631810019533,0.5344342742152621,0.5460390659206379,0.5457241486981245,0.5105789656977091,0.5242594218584188,0.5284946189588489,0.4508662566603936,0.5439107969968776
drift,omd_paper_v2_literal,0,765,7,0,0.0,40.78892131455952,0.09862461583051611,0.22391468606100662,0.0,0.0,0.4718968027389964,0.48421491034226727,0.5350387424361681,0.5473256964524347,0.547379006842833,0.5114997564846756,0.5237692076640252,0.5304277976305789,0.44933851120385415,0.5436832172236189
drift,omd_paper_v2_literal,0,766,7,0,0.0,40.78892131455952,0.09943097466061634,0.2201087925477132,0.0,0.0,0.4710804233677902,0.48355983885897025,0.5343596554296418,0.5458802093811252,0.545519812654687,0.5104653039983589,0.5243199275783587,0.5282559391478264,0.4510548967453618,0.543938886736437
drift,omd_paper_v2_literal,0,767,3,1,0.09382512505228924,40.882746439611815,0.10025080005835316,0.22572597726026902,0.0,0.0,0.4702686502424774,0.48290839640701155,0.5336841460633092,0.5444418389725161,0.5436694993419746,0.509436404877099,0.5248675850058723,0.5260948651751793,0.4527630765207249,0.5441931387685225
drift,omd_paper_v2_literal,0,768,3,0,0.09415641441809197,40.97690285402991,0.10070660888290996,0.21901034840783698,0.0,0.0,0.4694720060616794,0.48202341273856647,0.5338480355097209,0.5462150130250601,0.5449682815627609,0.5091480784928256,0.524494753008138,0.5273404612436614,0.4514385574271959,0.5446986116521979
drift,omd_paper_v2_literal,0,769,7,1,0.0,40.97690285402991,0.10082419599665468,0.22238285259635673,0.0,0.0,0.47042596696462224,0.48308315071598534,0.5336517849661785,0.5440915881967513,0.543412981905274,0.5094933346521655,0.5249411980232075,0.5258488813230741,0.45302468466282436,0.5440933215322319
drift,omd_paper_v2_literal,0,770,7,1,0.0,40.97690285402991,0.10065371977351276,0.2259527826300539,0.0,0.0,0.4711551317932607,0.4836687598062337,0.5342569849930247,0.545377732341759,0.545069282323582,0.5104161414106265,0.5244510150037843,0.5277837761043044,0.4514958375396937,0.543864458451543
drift,omd_paper_v2_literal,0,771,7,1,0.0,40.97690285402991,0.10049409735415661,0.22970681878679935,0.0,0.0,0.4718804581827924,0.48425123257033803,0.5348587977775064,0.546656290360429,0.546715597854834,0.5113338654133908,0.5239634477479237,0.5297073337577313,0.4499762021249638,0.5436368200997792
drift,omd_paper_v2_literal,0,772,7,1,0.0,40.97690285402991,0.10034518935679868,0.2336321025357411,0.0,0.0,0.47260196976324403,0.48483058971379733,0.5354572469866044,0.5479273060624056,0.5483519744875796,0.5122465379085374,0.523478478684604,0.5316195874101027,0.44846573121543326,0.54341039788164
drift,omd_paper_v2_literal,0,773,7,1,0.0,40.97690285402991,0.10020685439998704,0.237716295548502,0.0,0.0,0.4733196901395219,0.4854068518822012,0.5360523561946456,0.54919082340856,0.5499784588494357,0.5131541901366785,0.5229960903033367,0.5335205715101085,0.44696437718573084,0.5431851832416635
drift,omd_paper_v2_literal,0,774,7,0,0.0,40.97690285402991,0.10007894924083624,0.2330497297978913,0.0,0.0,0.4740336428865922,0.48598003965815406,0.5366441488804187,0.5504468864947233,0.5515950981746419,0.5140568533235187,0.5225162651564552,0.5354103217797662,0.44547209201434473,0.5429611676650168
drift,omd_paper_v2_literal,0,775,7,1,0.0,40.97690285402991,0.10086363604313693,0.23709951514587232,0.0,0.0,0.4732153026378125,0.4853230416165654,0.5359658137256158,0.5490071046955084,0.5497419790936813,0.5130221923546467,0.5230662484162647,0.5332441639225534,0.44718266490816494,0.5432179380919823
drift,omd_paper_v2_literal,0,776,7,0,0.0,40.97690285402991,0.10073285736316454,0.23247745272257767,0.0,0.0,0.4739277381625289,0.48589501848844013,0.5365563769585528,0.5502606195751412,0.5513553761133128,0.5139229703108777,0.5225874384762595,0.5351300850625715,0.4456933756832698,0.5429943961592708
drift,omd_paper_v2_literal,0,777,7,1,0.0,40.97690285402991,0.10152067749140552,0.23649304110273536,0.0,0.0,0.4731120447971305,0.48524013729162063,0.5358802037609667,0.548825356948958,0.54950803114064,0.5128916183264279,0.52313564794472,0.5329707213814318,0.4473986152157235,0.5432503388309319
drift,omd_paper_v2_literal,0,778,7,1,0.0,40.97690285402991,0.1013870997178426,0.2406574480175914,0.0,0.0,0.4738229666865045,0.48581090604963223,0.5364695401101247,0.5500763279013855,0.5511181905226316,0.5137905150475031,0.5226578508448593,0.5348528191203294,0.445912317485198,0.5430272694351963
drift,omd_paper_v2_literal,0,779,7,0,0.0,40.97690285402991,0.10126363600355627,0.23587333870916471,0.0,0.0,0.47453018074722764,0.48637865012695186,0.537055614435784,0.5513199612481682,0.5527186515229062,0.514684501934288,0.5221825753388739,0.5367238380549721,0.44443495047366965,0.5428053793844254
drift,omd_paper_v2_literal,0,780,3,0,0.09811414637947735,41.07501700040939,0.10204409356134085,0.2289277824013443,0.0,0.0,0.4737152406529816,0.4857244205469879,0.5363802501625147,0.5498868206393057,0.5508742866087226,0.5136543194849189,0.5227302495198612,0.5345677054525536,0.44613746035823976,0.5430610701014913
drift,omd_paper_v2_literal,0,781,7,1,0.0,41.07501700040939,0.10213392176229372,0.23301013643217164,0.0,0.0,0.474683674400224,0.4867971390112603,0.536189998165855,0.547769503127783,0.5493329530181684,0.5140118788557253,0.5231736632057977,0.5330927496754188,0.44771131470044295,0.5424495068941431
drift,omd_paper_v2_literal,0,782,7,1,0.0,41.07501700040939,0.1019965420138879,0.2372389394821487,0.0,0.0,0.47539252415861755,0.48736638035273344,0.5367766211514139,0.5490140498452878,0.5509351862248897,0.5149070968761439,0.5226982455466999,0.5349656338481281,0.4462323539550607,0.5422268653708205
drift,omd_paper_v2_literal,0,783,7,1,0.0,41.07501700040939,0.1018691468789936,0.2416029234524685,0.0,0.0,0.4760976878817127,0.4879326151336755,0.5373600113025904,0.5502513441530543,0.5525278175683134,0.5157974406193645,0.5222253252508335,0.5368275415165091,0.4447622327108179,0.5420053957571604
drift,omd_paper_v2_literal,0,784,7,0,0.0,41.07501700040939,0.10175159913305319,0.23654878953396752,0.0,0.0,0.4767991884902397,0.4884958632922401,0.5379401912297992,0.5514814287507472,0.5541108937029056,0.5166829404403387,0.5217548855192997,0.5386785093715908,0.4433009039190599,0.541785089841459
drift,omd_paper_v2_literal,0,785,7,1,0.0,41.07501700040939,0.10252697699545696,0.24087905970873494,0.0,0.0,0.47598442173246436,0.48784166738550705,0.5372663171287224,0.5500526580115626,0.5522720893526912,0.5156544449491939,0.5223012859046131,0.5365285596456599,0.44499829129693186,0.5420409681512922
drift,omd_paper_v2_literal,0,786,7,1,0.0,41.07501700040939,0.10240649431282872,0.24533483676158885,0.0,0.0,0.47668449457087053,0.4884037764159503,0.5378453452165832,0.5512803661889175,0.553852152454131,0.5165381780350261,0.5218317998703379,0.53837596816088,0.4435397486038025,0.5418211085402036
drift,omd_paper_v2_literal,0,787,7,0,0.0,41.07501700040939,0.10229564368671527,0.24014175970949644,0.0,0.0,0.47738094437589107,0.4889629325160482,0.5384212002566036,0.552500941671054,0.5554227544462017,0.5174171202542885,0.5213647662250755,0.5402125310947328,0.4420899084624039,0.5416023991419655
drift,omd_paper_v2_literal,0,788,5,1,0.08174360302724004,41.15676060343663,0.10306412078189706,0.2419127725112176,0.0,0.0,0.47656701458533784,0.4883094513974555,0.5377481903206575,0.5510743977057032,0.5535870900331318,0.5163898930650815,0.5219105832085454,0.5380660417937305,0.4437844275106899,0.5418580025279794
drift,omd_paper_v2_literal,0,789,5,0,0.08200511021276435,41.23876571364939,0.10306989011653088,0.24002694473033803,0.0,0.0,0.4780401510395268,0.4901871381864978,0.5393099563158186,0.550757766991457,0.5546214125547261,0.5184228656448301,0.5228307388428499,0.538979796472303,0.4428441320031323,0.5420541124753353
drift,omd_paper_v2_literal,0,790,3,1,0.10138666855985023,41.34015238220924,0.1036736329195999,0.24577221389266435,0.0,0.0,0.4764631932093634,0.48817711136964287,0.5376380783492151,0.5510967143858603,0.553514166487949,0.5162465743778939,0.5218457188355369,0.5380016245638773,0.44385072106912987,0.5418441789044492
drift,omd_paper_v2_literal,0,791,3,0,0.1017126133370363,41.441864995546275,0.1041485959979832,0.23871515099867846,0.0,0.0,0.47566968142168103,0.48729973324363185,0.537790267810451,0.552813268114703,0.5547595911424243,0.5159506151949359,0.5214873262460654,0.5391917295933268,0.4425780663400093,0.54234432376127
drift,omd_paper_v2_literal,0,792,5,0,0.0827882656275235,41.524653261173796,0.10422223585960771,0.23711957131566874,0.0,0.0,0.4766456476355093,0.48837884118012753,0.5376030872504574,0.5507018852885648,0.5532277334685697,0.5163146171913808,0.5219281142440436,0.5377279439995546,0.4441434238447544,0.5417291778936295
drift,omd_paper_v2_literal,0,793,3,0,0.10236378122672785,41.627017042400524,0.10484412972086819,0.2300771211973757,0.0,0.0,0.47507810637919423,0.48638056559464776,0.5359394033034639,0.5510381296175159,0.552125245995106,0.5141497620605218,0.5209484968257703,0.5367541453215704,0.4451457449727879,0.5415201169822959
drift,omd_paper_v2_literal,0,794,5,1,0.08330922466348911,41.71032626706401,0.10493635781958782,0.23167737303117603,0.0,0.0,0.47604921903179676,0.4874542682889508,0.5357525691089141,0.5489347568941011,0.5505982834814017,0.5145117042786757,0.5213871201423685,0.5352956279930673,0.4467061155701936,0.5409075099688379
drift,omd_paper_v2_literal,0,795,5,1,0.08356935898123652,41.79389562604525,0.10492325179000414,0.2335416763169599,0.0,0.0,0.47752118440984065,0.48933059229741704,0.5373148840924019,0.5486191665516111,0.5516344703405179,0.5165443216986477,0.5223068142565075,0.5362106866201685,0.4457639933056756,0.5411039722811103
drift,omd_paper_v2_literal,0,796,5,1,0.08382926235686572,41.87772488840211,0.10492456435015612,0.23565914264056248,0.0,0.0,0.4789853333674898,0.4911967572226006,0.5388677655874435,0.5483052963082903,0.5526644378526101,0.5185650680984193,0.5232212326729426,0.5371204035994256,0.4448275080698976,0.5412993269748169
drift,omd_paper_v2_literal,0,797,5,1,0.08408893418597396,41.961813822588084,0.10494005983057815,0.2380185098605949,0.0,0.0,0.48044169406823173,0.4930527823629185,0.5404112592860205,0.5479931343026915,0.5536882267170831,0.5205739692625799,0.5241304089957296,0.5380248139903195,0.4438966217957006,0.5414935821400536
drift,omd_paper_v2_literal,0,798,5,0,0.08434837386581617,42.0461621964539,0.10496949932849288,0.23546245331176474,0.0,0.0,0.48189029529538935,0.4948986884212175,0.541945411436722,0.547682668715597,0.5547058776233487,0.5225710527008423,0.5250343768211571,0.5389239528207413,0.4429712964685057,0.5416867458283081
drift,omd_paper_v2_literal,0,799,5,1,0.08460758079530828,42.130769777249206,0.10555241744571137,0.2377938202644069,0.0,0.0,0.4803135322115295,0.4928894584842082,0.5402754747836893,0.548020603595194,0.5535981595826615,0.5203972276854356,0.5240504150399168,0.5379452430229731,0.4439785166783999,0.5414764897357768
drift,omd_paper_v2_literal,0,800,5,1,0.08486655437502999,42.21563633162424,0.10557967406315695,0.24035529833714506,0.0,0.0,0.4817586256535881,0.49473091601417485,0.5418060118211022,0.547710887040498,0.5546134068340733,0.522389575826529,0.5249522260345789,0.5388422446049037,0.443055378778371,0.541669190586548
drift,omd_paper_v2_literal,0,801,5,1,0.0851252940072279,42.300761625631466,0.10562050929053908,0.24313536995922844,0.0,0.0,0.4831960310747854,0.4965623329356808,0.5433273036481026,0.5474028464389572,0.555622588419139,0.5243702009678712,0.5258488890359133,0.5397340367689069,0.4421377353265854,0.5418608135220131
drift,omd_paper_v2_literal,0,802,5,1,0.08538379909581784,42.38614542472728,0.10567468295026534,0.24612249921676035,0.0,0.0,0.48462577811091556,0.4983837323020858,0.5448393970817653,0.5470964701580578,0.5566257446263808,0.5263391334816651,0.52674043731098,0.5406206541569407,0.44122554876078507,0.5420513664486466
drift,omd_paper_v2_literal,0,803,5,1,0.08564206904638805,42.47178749377367,0.10574195269084179,0.24930523051524042,0.0,0.0,0.48604789693866624,0.5001951384255822,0.5463423394044373,0.546791746611393,0.55762291570489,0.5282964052794693,0.5276269040956414,0.5415021313570133,0.4403187815941967,0.542240857232591
drift,omd_paper_v2_literal,0,804,5,0,0.08590010326620212,42.55768759703987,0.10582207430817177,0.24574681133739662,0.0,0.0,0.4874624182520673,0.5019965768343904,0.5478361783360848,0.5464886642600385,0.5586141418548665,0.530242049757392,0.5285083225870217,0.5423785028959166,0.43941739642302874,0.5424292936989829
drift,omd_paper_v2_literal,0,805,5,1,0.0861579011642013,42.64384549820407,0.10635024363024995,0.24889675888057303,0.0,0.0,0.4858745493368682,0.4999743543895284,0.5461591978168998,0.5468288897428809,0.5575014001322339,0.5280578884140823,0.5275188662411077,0.541394706236924,0.4404292817869162,0.5422177617883797
drift,omd_paper_v2_literal,0,806,5,0,0.0864154621510077,42.73026096035508,0.10642746066279579,0.24537839621062582,0.0,0.0,0.4872858781828576,0.5017717638074564,0.5476497975640371,0.5465264900480244,0.5584904647118959,0.5299992872842942,0.5283983334106939,0.5422691481812831,0.4395298652861416,0.5424057779724103
drift,omd_paper_v2_literal,0,807,5,1,0.086672785638927,42.81693374599401,0.10695886734171883,0.24849585611073371,0.0,0.0,0.48570311286088336,0.49975600020997724,0.5459780595132033,0.5468656235814098,0.557381215132967,0.5278219839545084,0.527412014866076,0.5412884596031509,0.44053857167168287,0.542194920343482
drift,omd_paper_v2_literal,0,808,5,0,0.08692987104195116,42.90386361703596,0.10703324342523653,0.24501710838072494,0.0,0.0,0.48711125862491667,0.5015493917559795,0.5474654279145933,0.546563904483961,0.5583681236794501,0.5297591474739314,0.5282895361074226,0.5421609771545467,0.4396411187414281,0.5423825174628124
drift,omd_paper_v2_literal,0,809,5,1,0.0871867177757607,42.99105033481172,0.10756778994257185,0.2481023755604081,0.0,0.0,0.4855335614629546,0.4995400428821023,0.5457988974976513,0.5469019537096522,0.5572623427326213,0.5275886566734624,0.5273063338729027,0.5411833754906951,0.44064666760723187,0.5421723294427926
drift,omd_paper_v2_literal,0,810,5,0,0.0874433252577278,43.07849366006945,0.10763938723258207,0.24466280534707532,0.0,0.0,0.48693853357130595,0.5013294277464746,0.5472830424683748,0.5466009131441677,0.5582471008250095,0.5295215952062132,0.5281819146090425,0.5420539738825064,0.4397511731109123,0.542359508719983
drift,omd_paper_v2_literal,0,811,7,1,0.0,43.07849366006945,0.10817697861538095,0.2493334608012805,0.0,0.0,0.4853658695159669,0.499326449930741,0.5456216852036411,0.5469378856198142,0.5571447652438724,0.5273578719029539,0.5272018074227067,0.5410794381906612,0.4407535856907119,0.5421499856869948
drift,omd_paper_v2_literal,0,812,7,0,0.0,43.07849366006945,0.10806504690579624,0.24382923215596553,0.0,0.0,0.48604217551328727,0.4998615032775107,0.5461724897644448,0.5481493257148548,0.5586842905738588,0.5282046941846631,0.5267293903998507,0.5428849532333878,0.4393323431979946,0.5419294955681281
drift,omd_paper_v2_literal,0,813,5,1,0.08821170639172626,43.16670536646117,0.10883341860353725,0.24686848431433434,0.0,0.0,0.4852431834016218,0.49922938356904106,0.5455217492054815,0.546718052673757,0.5568653542875937,0.5272042289594545,0.527287505575089,0.5407517743704825,0.4410115246263928,0.5421899840479554
drift,omd_paper_v2_literal,0,814,5,1,0.08846735107396997,43.255172717535146,0.10890002385518632,0.2500942226530393,0.0,0.0,0.4866445759022293,0.5010146811928031,0.5470025226181559,0.546416033652276,0.5578464711723928,0.5291325811594015,0.5281620173628794,0.5416185556852692,0.4401193759829114,0.5423770839093196
drift,omd_paper_v2_literal,0,815,5,1,0.08872275361669768,43.343895471151846,0.10897877784242743,0.2534956079789289,0.0,0.0,0.488038568996924,0.5027902613781985,0.5484744327698629,0.5461156203117803,0.5588218142473118,0.531049602861614,0.5290316102824144,0.542480381734793,0.4392324540666825,0.5425631562047356
drift,omd_paper_v2_literal,0,816,5,1,0.0889779134474864,43.43287338459933,0.10906945244646646,0.2570620558188246,0.0,0.0,0.4894251929370248,0.5045561503340938,0.549937526213646,0.5458168015377741,0.559791422105399,0.5329553281988951,0.5298963163080701,0.5433372856194228,0.43835072301794875,0.542748208434205
drift,omd_paper_v2_literal,0,817,5,1,0.08923282999562177,43.522106214594956,0.10917181862824657,0.2607832882641543,0.0,0.0,0.4908044784142762,0.5063123753323179,0.5513918498585652,0.5455195662640903,0.560755333272649,0.5348497925955342,0.5307561673611276,0.5441893003655313,0.4374741470720535,0.542932248057199
drift,omd_paper_v2_literal,0,818,5,1,0.08948750269210204,43.61159371728706,0.10928564668603634,0.26464937475898287,0.0,0.0,0.4921764565404313,0.5080589646700021,0.5528374509460232,0.5452239034740075,0.5617135862001795,0.5367330327192147,0.5316111953034871,0.54503645891951,0.43660269056559314,0.543115282492134
drift,omd_paper_v2_literal,0,819,5,1,0.08974193096964045,43.701335648256695,0.10941070650636765,0.2686507627797434,0.0,0.0,0.4935411588273217,0.5097959476326757,0.5542743770267475,0.5449298022013168,0.5626662192566967,0.5386050864339178,0.5324614319316098,0.5458787941420106,0.4357363179423289,0.5432973191158761
drift,omd_paper_v2_literal,0,820,5,0,0.08999611426266663,43.79133176251936,0.10954676780783214,0.2639851904757702,0.0,0.0,0.49489861716741085,0.5115233544581098,0.5557026759384148,0.5446372515313371,0.5636132707212409,0.5404659927538153,0.533306908970681,0.5467163388024051,0.4348749937588621,0.5434783652632761
drift,omd_paper_v2_literal,0,821,5,0,0.09025005200732983,43.88158181452669,0.11000901550864473,0.2595575410660524,0.0,0.0,0.49331066514060723,0.5095026017341936,0.5540317556688826,0.5449794755599708,0.5625053600378785,0.5382889877540675,0.5323178474369759,0.545736549328548,0.43588261337523876,0.5432665755198902
drift,omd_paper_v2_literal,0,822,5,0,0.0905037436415016,43.97208555816819,0.11048884707528611,0.25537519931353736,0.0,0.0,0.4917313689926625,0.5074923855800832,0.5523685904894275,0.5453198208346175,0.5614027762941212,0.5361222164246099,0.5313338418855867,0.5447616665828923,0.4368853509257878,0.5430559068704836
drift,omd_paper_v2_literal,0,823,5,1,0.090757188604777,44.062842746772965,0.11098575948157757,0.25899301138812614,0.0,0.0,0.4901607060670574,0.5054927095243661,0.5507131814875429,0.5456582988767413,0.5603055037838783,0.5339657113630836,0.5303548716557175,0.5437916715658436,0.4378832229480317,0.542846352734606
drift,omd_paper_v2_literal,0,824,5,1,0.09101038633847824,44.15385313311144,0.11108980082547289,0.2627577752756239,0.0,0.0,0.4915241921850733,0.507228645294537,0.5521503115228585,0.5453644677069173,0.5612580827334637,0.5358378539868633,0.5312047316290901,0.5446337457748429,0.43701693886176435,0.5430282680374368
drift,omd_paper_v2_literal,0,825,5,0,0.0912633362856563,44.2451164693971,0.11120484191570837,0.25841724196144306,0.0,0.0,0.49288051338571975,0.5089551268492635,0.5535788941575851,0.5450721761985933,0.5622051209737081,0.5376989856241027,0.5320498682061587,0.5454710646282265,0.43615566743923895,0.5432091993233522
drift,omd_paper_v2_literal,0,826,7,1,0.0,44.2451164693971,0.11169228719530065,0.2631670988204882,0.0,0.0,0.4913114152611402,0.5069577679017787,0.5519261082280028,0.5454103213055141,0.56110946505671,0.5355457766402848,0.53107212520558,0.5445023591861319,0.43715209485423623,0.5429998814296346
drift,omd_paper_v2_literal,0,827,7,1,0.0,44.2451164693971,0.11159191114229101,0.26799998236747435,0.0,0.0,0.4919706862424199,0.5074738371724213,0.5524588497895169,0.5466125822233499,0.5626232075868385,0.5363677871234218,0.5305982577977418,0.5462810602528655,0.43575438383837456,0.5427802525127118
drift,omd_paper_v2_literal,0,828,7,0,0.0,44.2451164693971,0.11149976553814794,0.2621830507873417,0.0,0.0,0.4926265587738649,0.5079872086829023,0.5529887032801165,0.5478080558855722,0.5641279271042555,0.5371853296595116,0.5301267982782779,0.5480493461351654,0.4343649487977162,0.5425617484823183
drift,omd_paper_v2_literal,0,829,5,1,0.09227264713079675,44.337389116527895,0.1122435913914437,0.265922139822038,0.0,0.0,0.4918353559084207,0.5073679053451493,0.5523495041745313,0.5463658390492113,0.562312577135729,0.536199069718305,0.5306955326770694,0.5459160426785641,0.4360412082520659,0.5428253369088297
drift,omd_paper_v2_literal,0,830,5,1,0.0925243498517958,44.42991346637969,0.11235757951757666,0.2697960207656307,0.0,0.0,0.4931858317486575,0.509087490279963,0.5537720798841498,0.5460724592057937,0.5632530870910195,0.5380521004737912,0.5315387389521692,0.546746833755461,0.43518588994387813,0.5430060608313759
drift,omd_paper_v2_literal,0,831,5,0,0.0927758014810125,44.5226892678607,0.11248215630809465,0.26528935318621716,0.0,0.0,0.4945292252092672,0.5107977181995184,0.555186217987249,0.5457806076459061,0.5641881449076231,0.5398942355357418,0.5323772829042606,0.5475729489175339,0.43433550229417356,0.5431858125361799
drift,omd_paper_v2_literal,0,832,7,0,0.0,44.5226892678607,0.1129566665206761,0.2596323688249325,0.0,0.0,0.4929612446483074,0.5088015427893429,0.5535355706417434,0.546121249529232,0.5630967147310206,0.5377440190523812,0.5313985288851292,0.5466086938639726,0.4353280999556397,0.5429760078229019
drift,omd_paper_v2_literal,0,833,5,1,0.09327794928671218,44.615967217147414,0.11370978242784514,0.2634494588095464,0.0,0.0,0.4921759864362334,0.5081883402800795,0.5529020387536192,0.5446831623347999,0.5612895266659058,0.5367657127806346,0.5319666387249014,0.5444843737884512,0.4369968146798668,0.5432389078185721
drift,omd_paper_v2_literal,0,834,5,0,0.09352864437887098,44.709495861526285,0.11382422727986917,0.25903190479214805,0.0,0.0,0.4935190789391598,0.5098985892343731,0.5543165720058817,0.5443903987759604,0.5622247244382497,0.5386083150454738,0.5328054821660533,0.5453102125631943,0.43614635806799745,0.5434188003838601
drift,omd_paper_v2_literal,0,835,5,1,0.09377908621060338,44.80327494773689,0.1143123300384039,0.2628159669127139,0.0,0.0,0.49195952227904344,0.5079126702869514,0.5526739692307568,0.5447303458965496,0.5611387543430925,0.5364686342902036,0.5318314202967667,0.5443512454176835,0.4371339226426141,0.5432099124057669
drift,omd_paper_v2_literal,0,836,5,1,0.09402927424412544,44.89730422198102,0.11442365009987264,0.26673215138363254,0.0,0.0,0.49329990409029184,0.5096195228779183,0.5540858056871116,0.5444381744944707,0.5620721474025956,0.5383077069790829,0.5326686109090519,0.5451754677876112,0.4362851114112872,0.5433894460039588
drift,omd_paper_v2_literal,0,837,5,0,0.09427920794340883,44.991583429924425,0.11454524594984498,0.2621713540952452,0.0,0.0,0.4946333036105907,0.5113171400209924,0.5554893217357824,0.5441475155530989,0.5630001759683697,0.5401360347276999,0.5335011982765658,0.5459950923515047,0.4354411525102565,0.5435680203914804
drift,omd_paper_v2_literal,0,838,7,0,0.0,44.991583429924425,0.11502453939440987,0.2566919369565599,0.0,0.0,0.49307541425034884,0.5093336795468072,0.553849416300676,0.5444871085085716,0.5619158563415046,0.5379997766231913,0.5325284137583431,0.5450374469502562,0.43642724155626245,0.5433593791101222
drift,omd_paper_v2_literal,0,839,5,0,0.09477831020393279,45.08636174012836,0.11578961953701604,0.25241174824253443,0.0,0.0,0.49229811267312945,0.5087290291752496,0.5532235514402968,0.5430531426708947,0.5601183999764171,0.5370320584658049,0.5330969247423061,0.5429236592101865,0.4380869740759697,0.5436217785458477
drift,omd_paper_v2_literal,0,840,7,1,0.0,45.08636174012836,0.11629396717983641,0.25696440497560463,0.0,0.0,0.49075188458652685,0.5067595549727442,0.5515939915898436,0.5433913058115409,0.5590412474386748,0.534909460872559,0.5321305730479761,0.5419729728945745,0.43906645363002217,0.543414460857519
drift,omd_paper_v2_literal,0,841,7,1,0.0,45.08636174012836,0.11617101407587188,0.2616095481612885,0.0,0.0,0.4914034008796577,0.5072660899116151,0.5521188136143531,0.5445948678548472,0.5605501597608252,0.5357210883388138,0.5316528352190961,0.543747229145425,0.43767320007677707,0.5431941174346882
drift,omd_paper_v2_literal,0,842,7,0,0.0,45.08636174012836,0.11605606653647131,0.25607599917591034,0.0,0.0,0.49205158725491005,0.507769998604536,0.5526408147321179,0.5457917082602812,0.5620501830739317,0.5365283437509885,0.5311775027851443,0.5455112373126514,0.43628810430614845,0.5429748932203416
drift,omd_paper_v2_literal,0,843,5,0,0.09577343932414639,45.18213517945251,0.1168243838087254,0.25201267367437963,0.0,0.0,0.491277592276558,0.5071682803395435,0.5520174807270919,0.5443625030004244,0.5602588786481619,0.5355643795948366,0.5317450898151234,0.5434047095140839,0.4379421581707447,0.5432366665495243
drift,omd_paper_v2_literal,0,844,7,1,0.0,45.18213517945251,0.1173399495846427,0.25660027363685534,0.0,0.0,0.4897390757118228,0.5052076471441458,0.5503947775007286,0.5447016285776164,0.5591892745244941,0.5334511666092744,0.5307813254420007,0.5424616911822501,0.43891472593680086,0.5430297042658953
drift,omd_paper_v2_literal,0,845,7,1,0.0,45.18213517945251,0.1172153342977136,0.26127720093181067,0.0,0.0,0.49038656234482103,0.5057107412659732,0.550916459883127,0.5458988787964763,0.560690121498196,0.534258064636726,0.5303052903753321,0.5442264491795294,0.4375289177863958,0.5428103108693569
drift,omd_paper_v2_literal,0,846,7,1,0.0,45.18213517945251,0.11709859351529872,0.2660359970173805,0.0,0.0,0.49103075718233175,0.5062112413309352,0.5514353531304788,0.5470894565811724,0.5621821634067887,0.5350606426784463,0.5298316442604971,0.545981046683905,0.4361511903401588,0.5425920272263627
drift,omd_paper_v2_literal,0,847,7,1,0.0,45.18213517945251,0.11698961954209007,0.2708696890220355,0.0,0.0,0.49167168103666187,0.5067091647212454,0.5519514767251906,0.5482734000489411,0.5636654454901531,0.5358589285728468,0.5293603715556533,0.5477255219207809,0.4347814990348859,0.5423748457344649
drift,omd_paper_v2_literal,0,848,7,0,0.0,45.18213517945251,0.11688830433314198,0.2650174317562423,0.0,0.0,0.4923093546552943,0.5072045287410707,0.5524648500494964,0.5494507473776964,0.5651400132995479,0.5366529500772996,0.5288914567817777,0.5494599139096231,0.43341979913129575,0.5421587588313082
drift,omd_paper_v2_literal,0,849,7,1,0.0,45.18213517945251,0.11764357924224858,0.26982202530181615,0.0,0.0,0.49153564684180506,0.5066034848650761,0.551841942234719,0.5480221611191095,0.563350722993537,0.5356895129105588,0.529460400464777,0.54735536516806,0.43507212442276166,0.542420942414167
drift,omd_paper_v2_literal,0,850,7,1,0.0,45.18213517945251,0.11753955983033425,0.27469597563855375,0.0,0.0,0.4921722088592104,0.507097992624129,0.552354448936996,0.5491975831410082,0.5648229763279481,0.5364821964822735,0.5289923099881345,0.5490870005192596,0.43371257398077034,0.5422052336943997
drift,omd_paper_v2_literal,0,851,7,0,0.0,45.18213517945251,0.11744304488933464,0.26876217648148776,0.0,0.0,0.4928055551376069,0.5075899689125642,0.5528642359528368,0.5503664760992648,0.5662866003481715,0.537270661345447,0.528526552093626,0.5508086405475554,0.4323609347886177,0.5419906075095919
drift,omd_paper_v2_literal,0,852,7,1,0.0,45.18213517945251,0.11819317465985928,0.27360763443567926,0.0,0.0,0.4920328810965149,0.5069897599381407,0.5522422851044471,0.5489403627911722,0.5645008382666539,0.536308715963232,0.5290947662154395,0.5487080943874558,0.43401005679071264,0.5422524476214932
drift,omd_paper_v2_literal,0,853,7,1,0.0,45.18213517945251,0.11809392386406625,0.2785172940566033,0.0,0.0,0.49266514435314623,0.5074809022271285,0.5527512290614754,0.5501073877038605,0.5659622233068116,0.5370958797909373,0.5286298118813525,0.5504270677652555,0.43266049821059593,0.5420381900760606
drift,omd_paper_v2_literal,0,854,7,0,0.0,45.18213517945251,0.11800202693523536,0.27250731539708994,0.0,0.0,0.49329422583456334,0.5079695404936734,0.5532574834076127,0.5512679497218822,0.5674150630087895,0.5378788698848218,0.5281671651834274,0.5521361330903727,0.4313187717436689,0.5418250032115364
drift,omd_paper_v2_literal,0,855,7,1,0.0,45.18213517945251,0.11874715583792678,0.2773890928941589,0.0,0.0,0.4925226075275661,0.5073701824520461,0.5526365045399492,0.5498443463123248,0.5656328741426903,0.5369184409696898,0.528734633549756,0.5500396534489287,0.4329646503896056,0.5420864927345226
drift,omd_paper_v2_literal,0,856,7,1,0.0,45.18213517945251,0.11865249436306295,0.2823302743361628,0.0,0.0,0.4931506338627628,0.5078580084222397,0.553141938786426,0.5510030961199587,0.567083548480644,0.5377001659964302,0.528272770187172,0.551746139983918,0.4316249374161156,0.541873665204375
drift,omd_paper_v2_literal,0,857,7,1,0.0,45.18213517945251,0.11856503977850225,0.28732547226427013,0.0,0.0,0.49377551186242946,0.5083433573747577,0.5536447129988947,0.5521554483041001,0.5685257604729363,0.5384777615688116,0.5278131899104901,0.5534428050606746,0.43029297842877606,0.5416618966969429
drift,omd_paper_v2_literal,0,858,7,1,0.0,45.18213517945251,0.11848468819981876,0.2923696695388122,0.0,0.0,0.49439726152493124,0.5088262459161708,0.5541448457390995,0.5533014402054968,0.5699595553922473,0.5392512544578753,0.5273558778432034,0.5551296890636478,0.42896872935460734,0.5414511799727315
drift,omd_paper_v2_literal,0,859,7,1,0.0,45.18213517945251,0.1184113356857198,0.29745819650555694,0.0,0.0,0.49501590277589985,0.5093066905720556,0.5546423554670217,0.5544411091806821,0.5713849787295806,0.5400206713413807,0.5269008191751723,0.556806833012638,0.42765214601544355,0.5412415078326166
drift,omd_paper_v2_literal,0,860,7,0,0.0,45.18213517945251,0.11834487829341629,0.29106523227948283,0.0,0.0,0.4956314554661629,0.5097847077858848,0.5551372605399182,0.5555744925929357,0.5728020761766608,0.5407860388007287,0.5264479991637663,0.5584742785342731,0.4263431841417077,0.5410328731181547
drift,omd_paper_v2_literal,0,861,7,1,0.0,45.18213517945251,0.11906163600450419,0.29612832441158593,0.0,0.0,0.4948567596897612,0.5091831008273808,0.5545143846539984,0.5541479907344478,0.5710184097426214,0.5398227617853342,0.5270178844420963,0.556375520464342,0.4279907316538287,0.5412954460638396
drift,omd_paper_v2_literal,0,862,7,0,0.0,45.18213517945251,0.11899214743338216,0.2897784903069956,0.0,0.0,0.4954713655095237,0.5096603901229306,0.555008559597429,0.5552797853653123,0.5724336414335535,0.5405870057892732,0.5265657696185179,0.5580407463541078,0.42668351121198805,0.5410871347519814
drift,omd_paper_v2_literal,0,863,7,1,0.0,45.18213517945251,0.11971236020826101,0.29481613100068765,0.0,0.0,0.49469921117012616,0.5090607475123511,0.5543876881249067,0.5538577702556301,0.5706554345370959,0.5396268215768495,0.5271337745786852,0.5559484430305026,0.4283259933932156,0.5413488432446629
drift,omd_paper_v2_literal,0,864,7,1,0.0,45.18213517945251,0.11963990221710503,0.29989549345406286,0.0,0.0,0.4953128686036593,0.509537307654211,0.5548811313498319,0.5549879707651498,0.5720687916997996,0.5403899394563103,0.5266823659035841,0.5576114385970867,0.4270205220504037,0.5411408557799348
drift,omd_paper_v2_literal,0,865,7,1,0.0,45.18213517945251,0.11957416836268851,0.3050124522165712,0.0,0.0,0.495923481680255,0.5100114754887987,0.555372007954381,0.5561119742808189,0.5734739385476814,0.5411490661325274,0.5262331636810836,0.5592648649685411,0.4257225652438157,0.5409338906647491
drift,omd_paper_v2_literal,0,866,7,1,0.0,45.18213517945251,0.11951505792121357,0.3101631693564552,0.0,0.0,0.4965310698040306,0.510483267061333,0.5558603358356125,0.5572298175306672,0.5748709202640061,0.5419042275937567,0.5257861535170033,0.5609087639026943,0.42443207934059923,0.5407279409209187
drift,omd_paper_v2_literal,0,867,7,0,0.0,45.18213517945251,0.11946247030012475,0.30358289084508194,0.0,0.0,0.49713565230132667,0.5109526983343264,0.5563461327880876,0.5583415372286387,0.5762597821877333,0.5426554497271427,0.5253413210856949,0.5625431776843771,0.42314902065014753,0.540522999610692
drift,omd_paper_v2_literal,0,868,7,1,0.0,45.18213517945251,0.12016301345141542,0.3087099858292515,0.0,0.0,0.4963620482899587,0.5103520247214727,0.5557245023368693,0.5569189107534119,0.5744824233764997,0.5416941740370406,0.5259105081210583,0.5604515925106047,0.42479096734679395,0.5407852339439851
drift,omd_paper_v2_literal,0,869,7,1,0.0,45.18213517945251,0.1201072992620802,0.313868072150902,0.0,0.0,0.49696575881054106,0.5108207862681555,0.5562096307614522,0.558029193587572,0.5758696214689629,0.5424443696824504,0.5254663266879268,0.5620840297759584,0.4235094665872298,0.5405805911629757
drift,omd_paper_v2_literal,0,870,7,1,0.0,45.18213517945251,0.12005797949881954,0.31905378961309766,0.0,0.0,0.4975664944342469,0.5112872121953772,0.5566922551976907,0.5591334136628826,0.5772487780957974,0.5431906666742917,0.5250243004991375,0.5637070659654932,0.42223531985996626,0.5403769461899587
drift,omd_paper_v2_literal,0,871,7,1,0.0,45.18213517945251,0.12001495542489883,0.32426401261811866,0.0,0.0,0.49816427418754883,0.5117513181877775,0.5571723931134343,0.5602316073407367,0.5786199384419807,0.5439330905026846,0.5245844154690384,0.5653207438449639,0.42096848377325474,0.5401742922152486
drift,omd_paper_v2_literal,0,872,7,1,0.0,45.18213517945251,0.11997812855924196,0.3294958338160401,0.0,0.0,0.4987591170155523,0.5122131198459555,0.5576500618733345,0.5613238109481351,0.5799831478059226,0.5446716665511272,0.5241466575821274,0.5669251066341477,0.4197089149096719,0.5399726224697262
drift,omd_paper_v2_literal,0,873,7,1,0.0,45.18213517945251,0.11994740071959066,0.3347465487667397,0.0,0.0,0.4993510417804923,0.5126726326857283,0.5581252787382565,0.5624100607706305,0.5813384515853967,0.5454064200942539,0.5237110128938435,0.568520197983342,0.41845656983699425,0.539771930225022
drift,omd_paper_v2_literal,0,874,7,0,0.0,45.18213517945251,0.11992267406436097,0.32782660986881823,0.0,0.0,0.4999400672602986,0.5131298721374369,0.5585980608647387,0.5634903930455111,0.5826858952638878,0.5461373762956958,0.5232774675313152,0.5701060619504467,0.4172114051187269,0.5395722087936816
drift,omd_paper_v2_literal,0,875,7,1,0.0,45.18213517945251,0.12058891057811898,0.3330566597288069,0.0,0.0,0.4991627487212797,0.5125264627613264,0.5579741225394834,0.5620645863108403,0.5809074580994099,0.5451727144016469,0.5238495965293323,0.5680129478494206,0.4188548308360042,0.539835772343673
drift,omd_paper_v2_literal,0,876,7,0,0.0,45.18213517945251,0.12056080241210813,0.3261782498166938,0.0,0.0,0.49975102401746413,0.512983127049714,0.5584463366532482,0.5631437339489441,0.5822535772139495,0.5459028031080103,0.5234166143972371,0.5695972463904616,0.41761091681478507,0.5396363092214707
drift,omd_paper_v2_literal,0,877,7,0,0.0,45.18213517945251,0.1212313322984435,0.3194120740444003,0.0,0.0,0.49897629720080894,0.5123817201113702,0.5578244339017762,0.5617224309027654,0.5804805575726498,0.5449412744894339,0.5239868213461264,0.567510517483835,0.4192493015010725,0.5398989888665656
drift,omd_paper_v2_literal,0,878,7,1,0.0,45.18213517945251,0.12191343127315703,0.3245796573336867,0.0,0.0,0.49820535877713784,0.5117832146618426,0.5572053882561593,0.5603070627827573,0.5787141316800111,0.5439841088881125,0.524554181516323,0.5654315987357744,0.42088145430994645,0.5401603636663882
drift,omd_paper_v2_literal,0,879,7,0,0.0,45.18213517945251,0.12187284586140876,0.31785476598422474,0.0,0.0,0.4987949777249254,0.5122409592734215,0.5576788551211296,0.5613896364479162,0.5800652912138368,0.5447161859577061,0.5241202658017287,0.5670217824556821,0.41963301403188197,0.5399604642272413
drift,omd_paper_v2_literal,0,880,5,0,0.10477843985567459,45.28691361930818,0.12255883650966126,0.3137729283513007,0.0,0.0,0.49802658242507925,0.5116444188308833,0.5570618086691802,0.5599787037582793,0.5783042151228098,0.5437620994617268,0.5246857409976209,0.5649491743429658,0.42126019233264933,0.5402209722531077
drift,omd_paper_v2_literal,0,881,7,0,0.0,45.28691361930818,0.12302381554908794,0.30719251015215066,0.0,0.0,0.49648147190409386,0.5096689253746488,0.5554324052742373,0.5603487647692547,0.5772660805508243,0.5416439548381543,0.5236955265421107,0.5640436772236596,0.4222042126595458,0.5400056443903266
drift,omd_paper_v2_literal,0,882,5,1,0.1052546418343917,45.39216826114257,0.12372909390520777,0.31060801427082796,0.0,0.0,0.495718986450266,0.509077265638522,0.5548196732575075,0.5589460324700747,0.5755138800564095,0.5406962736409935,0.5242579680044679,0.5619817889605128,0.42382298110470945,0.5402645892388189
drift,omd_paper_v2_literal,0,883,5,0,0.10549232745512405,45.4976605885977,0.12383664067752696,0.3065932107415472,0.0,0.0,0.4970220351930854,0.5107435859991489,0.5561943876345972,0.5586330136768304,0.5763898466639209,0.5424833437345512,0.5250934679542419,0.5627455537897179,0.4230265028535176,0.5404463384452762
drift,omd_paper_v2_literal,0,884,3,1,0.13089304597570417,45.6285536345734,0.12431340951531777,0.3114206092104495,0.0,0.0,0.4954850000550807,0.5087780174784176,0.5545727225256829,0.5590022371597378,0.5753565299077997,0.5403752523228462,0.5241079204653897,0.561844606386416,0.42396604894449197,0.5402319508989204
drift,omd_paper_v2_literal,0,885,3,0,0.13119378864249487,45.75974742321589,0.12476118168907695,0.3053026713767827,0.0,0.0,0.49469414885113855,0.5079153862086561,0.5547137528499155,0.5606282746213832,0.5765131701819912,0.5400731931318132,0.5237831587964459,0.5629388020779107,0.42277856421185184,0.5407317664608776
drift,omd_paper_v2_literal,0,886,5,0,0.106203717428621,45.86595114064451,0.12482142213036823,0.30146225651804404,0.0,0.0,0.49569830941929305,0.5090106743147879,0.5545346828658136,0.5585634503185788,0.5750444234488971,0.5404567174907741,0.5241955104481426,0.5615493806603666,0.4242864837422725,0.5400971286759217
drift,omd_paper_v2_literal,0,887,3,0,0.13179439199839305,45.9977455326429,0.1253137220028288,0.29534227374846006,0.0,0.0,0.494169512294934,0.5070552263723914,0.5529199112587724,0.5589299257221323,0.5740148075153815,0.538358011429151,0.5232149281482493,0.5606518172654806,0.4252226980890031,0.5398835170213304
drift,omd_paper_v2_literal,0,888,5,0,0.10667658386176393,46.104422116504665,0.12538817020428697,0.29157251818629715,0.0,0.0,0.49516901726205165,0.5081454521066459,0.5527410824371477,0.5568723132120822,0.5725498391386884,0.5387396156991946,0.5236253378277983,0.5592665264770039,0.42672668261051344,0.539251356959973
drift,omd_paper_v2_literal,0,889,3,1,0.13239381617088553,46.23681593267555,0.12589521954732702,0.29651436582979585,0.0,0.0,0.49364730331568724,0.506198877418304,0.55113225593865,0.5572369917308866,0.5715229713251332,0.5366492595923719,0.5226491223763023,0.5583716782138307,0.4276604197914469,0.5390385044539204
drift,omd_paper_v2_literal,0,890,3,0,0.13269308486536624,46.36950901754091,0.1263326696564694,0.2902952467608269,0.0,0.0,0.4928568458009478,0.5053365836189324,0.5512741417037096,0.5588647688425171,0.5726830424229389,0.5363475436445365,0.5223245381899384,0.5594684216322339,0.42646952962760337,0.5395387463267557
drift,omd_paper_v2_literal,0,891,3,1,0.13299205733011754,46.502501074871034,0.1264126155473328,0.29521241379956537,0.0,0.0,0.4938533653377711,0.5064236545084697,0.5510952677569652,0.5568124588856114,0.5712204339753044,0.5367279065736001,0.522733731923262,0.5580856848500465,0.42797099968680463,0.538908088326757
drift,omd_paper_v2_literal,0,892,3,1,0.133290733091044,46.63579180796208,0.1268469133810587,0.3001700520962713,0.0,0.0,0.4930640764725733,0.5055626541563037,0.5512369443694735,0.5584381359986754,0.5723789837645319,0.5364266469899167,0.5224096361450622,0.5591809444900457,0.4267816630011992,0.5394076057554092
drift,omd_paper_v2_literal,0,893,3,0,0.1335891116759067,46.76938091963799,0.12728556080408904,0.2939004136768267,0.0,0.0,0.49227867495854427,0.5047058241506992,0.5513779211117718,0.5600546346369019,0.5735310904402487,0.5361268316549769,0.5220871037589792,0.560270285961682,0.42559897214864745,0.5399046061490206
drift,omd_paper_v2_literal,0,894,3,0,0.13388719261432358,46.90326811225231,0.1273615506064993,0.28776516925727846,0.0,0.0,0.49327363345729786,0.5057912575407687,0.5511993293205797,0.5580066311401012,0.5720714597743937,0.5365066355380004,0.5224956870678727,0.5588902032142498,0.4270973559590561,0.5392749890225503
drift,omd_paper_v2_literal,0,895,5,1,0.1083227813790465,47.01159089363136,0.12745019184897716,0.29107044299613083,0.0,0.0,0.49426379549119476,0.5068713464163914,0.5510215948684309,0.5559666489576143,0.5706176968482108,0.5368845462384014,0.5229022490834411,0.5575159429890401,0.428589766059874,0.538648316173082
drift,omd_paper_v2_literal,0,896,5,0,0.10855682474006378,47.12014771837142,0.1275275614438285,0.2872444308120403,0.0,0.0,0.49556912623238814,0.5085412446593838,0.5524031278187645,0.5556556835267241,0.5715014173943372,0.5386786784361441,0.5237398597878796,0.5582860637427509,0.4277859884244793,0.5388317812668666
drift,omd_paper_v2_literal,0,897,5,1,0.10879058488113735,47.228938303252555,0.12804142001889673,0.29051983798307907,0.0,0.0,0.49405277532512154,0.5066013659849041,0.5507981740391462,0.5560169172518665,0.5704747872244476,0.5365944058973464,0.5227668240483557,0.5573914149036452,0.4287197447336737,0.5386186551991574
drift,omd_paper_v2_literal,0,898,5,1,0.10902406137628473,47.33796236462884,0.12811634403338693,0.29391896346521557,0.0,0.0,0.49535554710269347,0.5082680326829968,0.5521771400757393,0.5557065658007522,0.5713568565825451,0.5383851949053963,0.5236028213049904,0.5581600778435062,0.4279174742860898,0.538801763945529
drift,omd_paper_v2_literal,0,899,5,1,0.1092572538013622,47.447219618430196,0.12820026015920338,0.2974349936878119,0.0,0.0,0.4966516806937586,0.5099259446031953,0.5535482176089528,0.555397767505272,0.5722339393676327,0.5401657906235905,0.5244343873999145,0.558924510743627,0.4271197062469764,0.5389839204833906
drift,omd_paper_v2_literal,0,900,5,1,0.10949016173406456,47.55670978016426,0.12829300838263258,0.30106132941224134,0.0,0.0,0.4979412046636422,0.5115751282738142,0.5549114482047869,0.5550905121076305,0.5731060689524964,0.5419362279755692,0.5252615498371808,0.5596847419806901,0.42632640994642423,0.5391651315045786
drift,omd_paper_v2_literal,0,901,5,0,0.10972278475392683,47.66643256491819,0.1283944288945507,0.2967764921520452,0.0,0.0,0.4992241478596969,0.5132156109782958,0.5562668736460789,0.5547847893953222,0.5739732786060853,0.5436965427773525,0.526084336067788,0.5604407998292463,0.42553755482931477,0.5393454036636288
drift,omd_paper_v2_literal,0,902,5,0,0.10995512244232353,47.77638768736051,0.1288799214638623,0.29269322185006474,0.0,0.0,0.4977033112366047,0.5112709054291746,0.554660021508103,0.5551471976338799,0.5729452128633471,0.5416096967211624,0.5251089655393509,0.5595445157795421,0.42647272853395757,0.5391317025464051
drift,omd_paper_v2_literal,0,903,7,0,0.0,47.77638768736051,0.1293784594762129,0.28639827735475765,0.0,0.0,0.49619029478548893,0.509335807009608,0.5530602525161206,0.5555076942015293,0.5719217792177546,0.5395320737441913,0.5241383932053546,0.5586524302374953,0.4274036415330916,0.5389190800899162
drift,omd_paper_v2_literal,0,904,5,0,0.11041894015942622,47.88680662751994,0.13013385275104872,0.2825513926322857,0.0,0.0,0.4954391260515935,0.5087558750701535,0.5524659445374507,0.5541296940589193,0.5702008358692392,0.538605576140686,0.5246984559259228,0.5566238190936046,0.42899242453319647,0.5391815003597883
drift,omd_paper_v2_literal,0,905,3,1,0.13714630560344676,48.02395293312338,0.13065213475934392,0.287391572288938,0.0,0.0,0.4939369401787066,0.5068339321929163,0.5508759155845506,0.5544886252398018,0.5691836776162427,0.5365406675768677,0.5237341286578346,0.5557376854919579,0.42991751114531707,0.5389701920727303
drift,omd_paper_v2_literal,0,906,3,0,0.13744077877171668,48.1613937118951,0.13106852522653845,0.28136811757272734,0.0,0.0,0.4931494036407902,0.5059754984826469,0.5510199392812135,0.5561150966668527,0.5703445794757356,0.5362421510398491,0.5234119682433049,0.556834687402261,0.4287258883142639,0.539470402732164
drift,omd_paper_v2_literal,0,907,3,0,0.13773494834790245,48.29912866024301,0.13117685812138405,0.2754875002122547,0.0,0.0,0.4941312688576261,0.5070457439009272,0.5508403765597142,0.5540871139945046,0.5688971086509857,0.5366143222316667,0.5238136184095129,0.5554669172807867,0.43021166846603603,0.5388467534507501
drift,omd_paper_v2_literal,0,908,5,1,0.11134313340094837,48.41047179364396,0.13129709504879622,0.27892690221453625,0.0,0.0,0.495108406984758,0.5081107236460857,0.5506616733901525,0.5520671984681286,0.5674555032143276,0.5369846441151964,0.5242132859070782,0.5541049598610361,0.4316914763794352,0.5382260144704725
drift,omd_paper_v2_literal,0,909,5,1,0.1115734622022867,48.522045255846244,0.13136769863145636,0.28248746270362945,0.0,0.0,0.49639762703853896,0.5097601018741911,0.552027089397485,0.5517598449781774,0.5683304773716964,0.5387571197684292,0.5250409264282668,0.5548670936024593,0.4308955816370387,0.5384078236794787
drift,omd_paper_v2_literal,0,910,5,0,0.11180350238947423,48.63384875823572,0.13144695512690116,0.27833387236643553,0.0,0.0,0.49768032576376714,0.5114008653243046,0.5533847702661137,0.5514540182865753,0.5692005703234361,0.5405195923228947,0.5258642134285871,0.5556250880820727,0.4301040962984959,0.5385886963873544
drift,omd_paper_v2_literal,0,911,5,1,0.11203325356047211,48.74588201179619,0.13195995956614587,0.28186441129488987,0.0,0.0,0.49617907421151064,0.5094805127353379,0.5517956782874907,0.5518119504273654,0.5681821813411531,0.5384567168747559,0.5249006341074848,0.5547379145169068,0.43103047695034985,0.5383770040436288
drift,omd_paper_v2_literal,0,912,5,0,0.11226271531508614,48.858144727111274,0.1320368116931579,0.2777508598594153,0.0,0.0,0.4974593394359629,0.5111182106867062,0.5531509248347405,0.5515067089720904,0.5690507007839809,0.5402160240946025,0.5257223872240753,0.555494518946036,0.4302404282510812,0.5385575363117935
drift,omd_paper_v2_literal,0,913,5,1,0.11249188725496817,48.97063661436624,0.13255215066614004,0.28125156186612515,0.0,0.0,0.495962747895515,0.5092037642356443,0.5515666010687935,0.5518635242738394,0.5680353830658381,0.5381593448584719,0.5247617662236658,0.554610043312032,0.4311640089824268,0.538346497891781
drift,omd_paper_v2_literal,0,914,5,1,0.11272076898361527,49.083357383349856,0.13262664214736786,0.2848674414598156,0.0,0.0,0.4972405828454759,0.5108383997621784,0.5529194146882184,0.5515588671063395,0.5689023302961819,0.5399154881117301,0.525581987321476,0.5553652591183547,0.43037539564623634,0.5385266902047543
drift,omd_paper_v2_literal,0,915,5,1,0.11294936010637113,49.196306743456226,0.13270953317860457,0.2885916649979302,0.0,0.0,0.49851198630940924,0.5124645322400909,0.5542646044014787,0.5512557134410446,0.5697644708927645,0.5416617603101559,0.526397920204081,0.5561163989523263,0.4295911239961859,0.5387059605506921
drift,omd_paper_v2_literal,0,916,5,0,0.11317766023042564,49.30948440368665,0.13280067715947624,0.28419546388435124,0.0,0.0,0.4997769860128184,0.5140821880613682,0.5556022100740943,0.5509540534483901,0.5706218364594826,0.5433981956108115,0.5272095912612828,0.5568634896824197,0.42881116496419514,0.5388843153223208
drift,omd_paper_v2_literal,0,917,5,0,0.1134056689648153,49.42289007265147,0.1332990601886655,0.2799983869498763,0.0,0.0,0.4982791126407912,0.5121667066354095,0.5540182767443128,0.5513112422764213,0.5696065916990679,0.5413419863246575,0.5262484834010762,0.5559788383870552,0.429734745789646,0.5386731259321861
drift,omd_paper_v2_literal,0,918,7,1,0.0,49.42289007265147,0.13380946183990908,0.2849437180571461,0.0,0.0,0.49678882220174975,0.5102605283276539,0.5524412401384564,0.5516665776262245,0.5685958846003935,0.5392947460900392,0.5252920283858541,0.5550982951350627,0.430654155617896,0.5384629875872483
drift,omd_paper_v2_literal,0,919,7,1,0.0,49.42289007265147,0.1336899299157027,0.28992733464140785,0.0,0.0,0.4973808206735595,0.5107143370270508,0.5529057346049198,0.5527616861056488,0.5699582533357747,0.5400220512549054,0.5248425983843221,0.5567060914864392,0.4293965921111406,0.5382519222488346
drift,omd_paper_v2_literal,0,920,7,1,0.0,49.42289007265147,0.133576341406551,0.2949453883649261,0.0,0.0,0.4979699791742964,0.5111659455655104,0.553367903380946,0.5538510196123749,0.5713130186199754,0.5407456892023403,0.524395289995372,0.5583049765248076,0.4281459811411999,0.5380418584311839
drift,omd_paper_v2_literal,0,921,7,1,0.0,49.42289007265147,0.1334686197013403,0.2999943025938808,0.0,0.0,0.4985563151900249,0.5116153681937711,0.5538277620866298,0.5549346108509735,0.572660220458294,0.5414656829829042,0.5239500899151218,0.5598949873676381,0.42690228408615016,0.5378327895525024
drift,omd_paper_v2_literal,0,922,7,1,0.0,49.42289007265147,0.13336668825825812,0.30507075354340674,0.0,0.0,0.4991398461392934,0.5120626190916633,0.554285326256143,0.5560124925219591,0.5739998989981342,0.5421820555603183,0.5235069848993487,0.5614761616003823,0.42566546226741137,0.5376247090673869
drift,omd_paper_v2_literal,0,923,7,0,0.0,49.42289007265147,0.13327047063385447,0.2985697583400633,0.0,0.0,0.49972058937167607,0.5125077123673755,0.5547406113371279,0.5570846973150678,0.5753320945160244,0.5428948298093497,0.5230659617643331,0.563048537254942,0.4244354769598374,0.537417610467044
drift,omd_paper_v2_literal,0,924,7,1,0.0,49.42289007265147,0.13402169263910033,0.3036249178245797,0.0,0.0,0.49897582436331184,0.5119369057436334,0.5541567213491486,0.5557095695731041,0.5736234450613821,0.5419807118677614,0.5236315385941853,0.5610318428250081,0.4260130203535825,0.5376831985816641
drift,omd_paper_v2_literal,0,925,7,1,0.0,49.42289007265147,0.13392310031501847,0.3087052425548331,0.0,0.0,0.49955576860117895,0.5123813925150517,0.5546114062685197,0.5567804486897684,0.5749541146930351,0.5426925552064035,0.5231911321414351,0.5626024089733828,0.4247844644389911,0.5374763883965157
drift,omd_paper_v2_literal,0,926,7,1,0.0,49.42289007265147,0.13383012072717035,0.3138078253709789,0.0,0.0,0.5001329526114588,0.512823743413468,0.5550638354545512,0.5578457051052894,0.5762773707989493,0.5434008360412254,0.5227527868841225,0.5641642517960197,0.4235626802136385,0.5372705501380036
drift,omd_paper_v2_literal,0,927,7,1,0.0,49.42289007265147,0.13374267868881107,0.3189299639744257,0.0,0.0,0.5007073934816829,0.513263972308551,0.5555140240804185,0.5589053712094272,0.5775932535176461,0.5441055769044608,0.5223164898508218,0.5657174097253687,0.4223476292116166,0.5370656774131537
drift,omd_paper_v2_literal,0,928,7,1,0.0,49.42289007265147,0.13366069918608448,0.3240691462355237,0.0,0.0,0.5012791082275514,0.5137020929973352,0.5559619872322816,0.559959479364283,0.5789018030823202,0.5448068002351232,0.5218822281320205,0.5672619215801861,0.4211392729465587,0.5368617638657109
drift,omd_paper_v2_literal,0,929,7,0,0.0,49.42289007265147,0.13358410740375953,0.31733044651115155,0.0,0.0,0.5018481137917138,0.5141381192036399,0.5564077399088327,0.5610080618984183,0.5802030598093231,0.5455045283772352,0.521449988880809,0.5687978265460988,0.41993757292052614,0.536658803176298
drift,omd_paper_v2_literal,0,930,7,1,0.0,49.42289007265147,0.1343137727966556,0.32245050489986404,0.0,0.0,0.5011010842274206,0.5135656703286253,0.5558225072457871,0.5596313017656815,0.5784944562537541,0.5445884676305509,0.5220174549723808,0.5667811200310625,0.4215154382902366,0.5369252611290728
drift,omd_paper_v2_literal,0,931,7,1,0.0,49.42289007265147,0.13423463036990005,0.3275859035524111,0.0,0.0,0.5016693778045285,0.514001156627901,0.5562677295089272,0.5606787386297045,0.5797944273355669,0.5452853766345451,0.5215857676731457,0.5683155080855817,0.4203149502461805,0.5367225586443306
drift,omd_paper_v2_literal,0,932,7,0,0.0,49.42289007265147,0.13416078130561343,0.32082309683753485,0.0,0.0,0.5022349885055327,0.5144345691985529,0.5567107635451791,0.5617207020723417,0.5810871729422221,0.5459788247183458,0.5211560830727782,0.5698413631803266,0.4191210558355979,0.5365207995261964
drift,omd_paper_v2_literal,0,933,7,1,0.0,49.42289007265147,0.13488711231935702,0.3259398399702452,0.0,0.0,0.5014892340624799,0.513863113514787,0.5561266076578821,0.560346768275983,0.5793824666879709,0.5450644815924446,0.521722612327044,0.5678292608438064,0.42069539322532895,0.5367868148924418
drift,omd_paper_v2_literal,0,934,7,0,0.0,49.42289007265147,0.13481070774854884,0.3192149923874391,0.0,0.0,0.5020541514788236,0.5142960004579568,0.5565691260663953,0.5613876232945371,0.5806739752872763,0.5457571341199713,0.5212934656678337,0.5693536581973159,0.41950266658988816,0.5365853074426622
drift,omd_paper_v2_literal,0,935,7,1,0.0,49.42289007265147,0.13553961359924688,0.3243130141649791,0.0,0.0,0.5013107842431495,0.5137263666517523,0.5559868041690557,0.5600178669590486,0.5789742716096472,0.5448456466446303,0.5218581667028871,0.5673474579950655,0.4210723509237569,0.5368504655874294
drift,omd_paper_v2_literal,0,936,7,1,0.0,49.42289007265147,0.13546069958903217,0.3294253996570911,0.0,0.0,0.5018750053266691,0.5141587256111156,0.5564288042825574,0.5610576053150432,0.5802645307675772,0.5455374991473189,0.5214295601204232,0.5688703820998953,0.4198808030177704,0.5366492107964534
drift,omd_paper_v2_literal,0,937,7,0,0.0,49.42289007265147,0.13538696786514479,0.3226776124708001,0.0,0.0,0.5024365786673616,0.5145890382138529,0.5568686452318814,0.5620919411847698,0.5815476573117688,0.5462259362254523,0.5210029299434877,0.5703848800366289,0.41869576342675635,0.5364488868947683
drift,omd_paper_v2_literal,0,938,7,1,0.0,49.42289007265147,0.1361126054034284,0.3277717326535625,0.0,0.0,0.5016944818912188,0.5140203936015499,0.5562873949721577,0.5607249964031787,0.5798518277328851,0.5453161582817927,0.5215666972852602,0.5683832591495548,0.4202619407201351,0.536713604050642
drift,omd_paper_v2_literal,0,939,7,1,0.0,49.42289007265147,0.1360363597634648,0.33287870002459713,0.0,0.0,0.5022553771415352,0.5144501921465965,0.5567267320424202,0.5617582519263559,0.5811337522486396,0.5460038183295804,0.5211405935180963,0.5698963415381357,0.41907803676636507,0.5365135264326579
drift,omd_paper_v2_literal,0,940,7,1,0.0,49.42289007265147,0.13596520710184162,0.3379965186437979,0.0,0.0,0.5028136500532402,0.5148779643624237,0.5571639314080823,0.5627861554636338,0.5824086094215303,0.5466880960427601,0.5207164470717278,0.5714010696439943,0.41790058052309687,0.536314370547559
drift,omd_paper_v2_literal,0,941,7,1,0.0,49.42289007265147,0.13589907717510255,0.34312333043437826,0.0,0.0,0.5033693168255421,0.5153037233356956,0.5575990073527893,0.5638087381862699,0.5836764384332056,0.5473690127877073,0.5202942456808023,0.5728974822619293,0.41672953474409746,0.536116130377165
drift,omd_paper_v2_literal,0,942,7,1,0.0,49.42289007265147,0.1358379000137951,0.3482574053204442,0.0,0.0,0.5039223935838582,0.515727482081233,0.5580319740751539,0.5648260312141113,0.5849372785067783,0.5480465898342456,0.5198739771420366,0.5743856184728244,0.4155648622013505,0.5359187999390463
drift,omd_paper_v2_literal,0,943,7,1,0.0,49.42289007265147,0.1357816059425468,0.35339713208429785,0.0,0.0,0.5044728963788978,0.5161492535416179,0.5584628456884828,0.5658380656108418,0.5861911688973455,0.5487208483543107,0.5194556293147139,0.5758655176272763,0.4144065256923016,0.5357223732866161
drift,omd_paper_v2_literal,0,944,7,1,0.0,49.42289007265147,0.13573012559948736,0.358541009896773,0.0,0.0,0.505020841185792,0.5165690505868293,0.558891636220534,0.5668448723793895,0.5874381488827908,0.5493918094206809,0.5190391901211496,0.5773372193296338,0.41325448804687065,0.535526844509209
drift,omd_paper_v2_literal,0,945,7,1,0.0,49.42289007265147,0.13568338995501786,0.36368764047514945,0.0,0.0,0.5055662439032692,0.5169868860139074,0.559318359613302,0.5678464824574928,0.5886782577548655,0.5500594940057719,0.5186246475471291,0.5788007634224377,0.41210871213423955,0.5353322077321506
drift,omd_paper_v2_literal,0,946,7,1,0.0,49.42289007265147,0.1356413303299274,0.3688357208248834,0.0,0.0,0.5061091203528731,0.5174027725466454,0.5597430297228326,0.5688429267134202,0.5899115348105389,0.5507239229804949,0.5182119896423153,0.58025618997126,0.4109691608694168,0.5351384571168154
drift,omd_paper_v2_literal,0,947,7,1,0.0,49.42289007265147,0.13560387841285781,0.3739840365233826,0.0,0.0,0.5066494862782253,0.5178167228353097,0.5601656603190635,0.5698342359418398,0.5911380193436164,0.5513851171131748,0.5178012045206295,0.5817035392499302,0.40983579721958624,0.534945586860674
drift,omd_paper_v2_literal,0,948,7,1,0.0,49.42289007265147,0.1355709662771197,0.3791314555062311,0.0,0.0,0.5071873573443277,0.5182287494563866,0.560586265085692,0.5708204408598369,0.5923577506366157,0.5520430970685297,0.5173922803606045,0.5831428517261479,0.4087085842102433,0.5347535911973305
drift,omd_paper_v2_literal,0,949,7,1,0.0,49.42289007265147,0.13554252639686196,0.38427692231854577,0.0,0.0,0.5077227491369072,0.518638864912355,0.5610048576200699,0.5718015721030735,0.5935707679529,0.5526978834067062,0.5169852054057118,0.5845741680474691,0.40758748493112495,0.5345624643965501
drift,omd_paper_v2_literal,0,950,7,1,0.0,49.42289007265147,0.1355184916625987,0.38941945279645335,0.0,0.0,0.508255677161798,0.5190470816314833,0.5614214514331201,0.5727776602220893,0.594777110529059,0.5533494965823729,0.5165799679646623,0.585997529027667,0.4064724625419357,0.5343722007642766
drift,omd_paper_v2_literal,0,951,7,1,0.0,49.42289007265147,0.13549879539609824,0.39455812914597105,0.0,0.0,0.5087861568443639,0.5194534119676518,0.5618360599492803,0.573748735678739,0.5959768175675343,0.5539979569438664,0.5161765564116837,0.5874129756334538,0.4053634802778777,0.5341827946426417
drift,omd_paper_v2_literal,0,952,7,0,0.0,49.42289007265147,0.13548337136463848,0.3872386732782377,0.0,0.0,0.5093142035289562,0.5198578682001983,0.5622486965064682,0.5747148288427627,0.5971699282294831,0.5546432847323938,0.5157749591867717,0.5888205489715613,0.40426050145498565,0.5339942404099643
drift,omd_paper_v2_literal,0,953,7,1,0.0,49.42289007265147,0.13613740173697358,0.392364924205295,0.0,0.0,0.5085614525041956,0.5192812969999034,0.5616604458124261,0.5733374653415025,0.595468771033115,0.5537232969507014,0.5163474407223555,0.5868135794621193,0.4058331185581993,0.5342630266729964
drift,omd_paper_v2_literal,0,954,7,1,0.0,49.42289007265147,0.1361189908428162,0.39748684707932774,0.0,0.0,0.5090890737814276,0.5196854318077387,0.5620727797859812,0.5743030052353769,0.5966613863324823,0.5543681722220607,0.5159461823176893,0.5882206077013924,0.40473063788555136,0.5340746315254858
drift,omd_paper_v2_literal,0,955,7,0,0.0,49.42289007265147,0.13610478248443894,0.3901668802864163,0.0,0.0,0.5096142841656606,0.5200877097958304,0.5624831602213038,0.5752636075360847,0.5978474638744684,0.5550099436565732,0.5155467216924675,0.5896198295108778,0.40363410672869715,0.5338870803886306
drift,omd_paper_v2_literal,0,956,7,0,0.0,49.42289007265147,0.1367569254763756,0.38291901873031964,0.0,0.0,0.5088630859933402,0.519512336328726,0.5618961797899359,0.5738895151172214,0.5961507055794514,0.5540919821944332,0.5161180514491657,0.5876181259501743,0.4052027342768821,0.5341553259330368
drift,omd_paper_v2_literal,0,957,7,0,0.0,49.42289007265147,0.13741832878206994,0.3757448274498293,0.0,0.0,0.5081152488790167,0.5189395162753756,0.5613116845890251,0.5725205092195772,0.5944593416979951,0.5531778099001161,0.5166867528442606,0.5856226023308164,0.40676618528132136,0.5344223374606369
drift,omd_paper_v2_literal,0,958,7,0,0.0,49.42289007265147,0.138088731987395,0.36864597463917864,0.0,0.0,0.5073707622152548,0.5183692407419801,0.5607296672090094,0.5711565986823066,0.5927734074577758,0.5522674200635621,0.5172528359899257,0.5836333202560204,0.4083244346744894,0.5346881202537281
drift,omd_paper_v2_literal,0,959,3,0,0.1526029871435819,49.57549305979505,0.1387678778609918,0.3629094351509713,0.0,0.0,0.5066296152252795,0.5178015007306914,0.5601501201177933,0.5697977915771878,0.5910929368063124,0.5513608056798152,0.5178163110891406,0.5816503394324565,0.4098774584544714,0.5349526796225924
drift,omd_paper_v2_literal,0,960,5,0,0.12292914369411989,49.69842220348917,0.13880283438744465,0.35875908499027703,0.0,0.0,0.5076538855132137,0.5189082518456304,0.5599824974636157,0.5677840707071258,0.5896857752164252,0.5517639390408743,0.5182066862499444,0.5803340444691344,0.4113290826160833,0.534305208335927
drift,omd_paper_v2_literal,0,961,3,1,0.1531576417957603,49.85157984528493,0.13925761919476046,0.3631825191170946,0.0,0.0,0.5061526657832324,0.5169813293260532,0.5583934373406598,0.5681708149422536,0.5887049599832568,0.5497067549920689,0.5172199807993026,0.5794907036004457,0.41222186014724826,0.5340853508460961
drift,omd_paper_v2_literal,0,962,3,1,0.1534344814164733,50.005014326701406,0.13969185453337946,0.3676374848555051,0.0,0.0,0.5053775470016537,0.516143698948068,0.5585207147802954,0.569694947905715,0.5897712308142617,0.549401725527953,0.5169246222709809,0.5804879155951583,0.41112199728240695,0.5345755480097282
drift,omd_paper_v2_literal,0,963,3,1,0.15371099544436073,50.15872532214577,0.14012924982764036,0.3721215263642655,0.0,0.0,0.5046060432283234,0.5153099127780376,0.5586473867711496,0.5712106117205225,0.5908316563428687,0.5490980918896183,0.5166306392799399,0.5814797914632368,0.410028181616148,0.5350633764435557
drift,omd_paper_v2_literal,0,964,3,1,0.15398718353981977,50.31271250568559,0.14056969975079558,0.3766323164291579,0.0,0.0,0.5038381339616133,0.5144799501948569,0.5587734574291399,0.572717845908557,0.5918862729103384,0.5487958451699138,0.5163380228532668,0.5824663643666517,0.4089403760233908,0.5355488516615206
drift,omd_paper_v2_literal,0,965,3,1,0.15426304536511026,50.4669755510507,0.141013101100708,0.38116765035321126,0.0,0.0,0.5030737987499054,0.5136537906025026,0.5588989308434498,0.5742166902874991,0.5929351167679296,0.5484949765102095,0.5160467640698743,0.5834476673722858,0.40785854345552974,0.5360319890919937
drift,omd_paper_v2_literal,0,966,3,1,0.15453858058435332,50.62151413163505,0.14145935277999844,0.38572544001579784,0.0,0.0,0.5023130171940033,0.5128314134331239,0.5590238110765198,0.5757071849538619,0.5939782240718791,0.5481954771006647,0.5157568540606967,0.5844237334478615,0.406782646946045,0.5365128040772732
drift,omd_paper_v2_literal,0,967,3,0,0.15481378886353026,50.77632792049858,0.141908355775059,0.3795429272211533,0.0,0.0,0.5015557689494584,0.5120127981500339,0.5591481021640472,0.577189370266452,0.5950156308785639,0.5478973381804739,0.5154682840088655,0.5853945954580231,0.40571264961591197,0.5369913118731172
drift,omd_paper_v2_literal,0,968,3,0,0.15508866987048342,50.93141659036906,0.14191393275847558,0.37346992416724895,0.0,0.0,0.5025846996713365,0.5131250989811484,0.5589792162215104,0.5751750742001736,0.5936058190772918,0.548302434709375,0.5158603844280003,0.5840752481950601,0.4071667559569813,0.5363411090184027
drift,omd_paper_v2_literal,0,969,3,0,0.15536322327491348,51.08677981364397,0.14193072996412961,0.3675091385249732,0.0,0.0,0.503608821267133,0.5142320954478585,0.558811102516321,0.5731676679053385,0.5922010334301214,0.5487055828552561,0.5162506410962363,0.5827608420055886,0.4086157135316705,0.5356938086942659
drift,omd_paper_v2_literal,0,970,7,1,0.0,51.08677981364397,0.14195863317289434,0.37255496971577323,0.0,0.0,0.5046281476112469,0.5153338024755435,0.5586437576464178,0.5711672054562182,0.5908012862007989,0.5491067916910234,0.5166390622355727,0.5814513827309701,0.41005950778557965,0.5350494007862046
drift,omd_paper_v2_literal,0,971,7,1,0.0,51.08677981364397,0.14190932196012462,0.37760034242218043,0.0,0.0,0.5051642999534154,0.5157461211806809,0.5590576565535379,0.5721287261090743,0.5919972463835477,0.5497583328419616,0.5162371743358999,0.5828645882121065,0.4089552071323174,0.5348561543776402
drift,omd_paper_v2_literal,0,972,7,1,0.0,51.08677981364397,0.1418642474829928,0.3826442363719908,0.0,0.0,0.505698031502319,0.5161565659969974,0.5594696142482194,0.5730853857011775,0.5931867517375528,0.5504067770634127,0.515837071304632,0.5842700931492547,0.4078567799589103,0.5346637658542632
drift,omd_paper_v2_literal,0,973,7,0,0.0,51.08677981364397,0.14182334989759296,0.3755524720725603,0.0,0.0,0.5062293570389578,0.5165651488358818,0.5598796434991418,0.5740372130881464,0.5943698392366966,0.5510521437257517,0.5154387420642695,0.5856679360260432,0.40676419155004484,0.5344722297061979
drift,omd_paper_v2_literal,0,974,7,0,0.0,51.08677981364397,0.14250875787258965,0.36853465174331396,0.0,0.0,0.5054816727851555,0.5159901854580611,0.559302627671539,0.572697647469049,0.592704689561057,0.5501439359791828,0.5159992646376026,0.5837005036054291,0.4083019420855088,0.5347417561610297
drift,omd_paper_v2_literal,0,975,3,0,0.15700364578588222,51.24378345942986,0.14320212890103318,0.3627129364881736,0.0,0.0,0.5047373133468634,0.5154177555166026,0.5587280373448461,0.571363022430169,0.5910448807159763,0.5492394643197183,0.5165572364273031,0.5817392316810084,0.40983458957254565,0.5350100551492001
drift,omd_paper_v2_literal,0,976,5,1,0.12632938446694275,51.3701128438968,0.14324103930093166,0.3660341967597496,0.0,0.0,0.5057549854396441,0.5165166958989058,0.5585635480562813,0.5693740601447363,0.5896561427939423,0.5496422336162491,0.5169418910835936,0.5804418364094027,0.4112677524200638,0.5343672964018679
drift,omd_paper_v2_literal,0,977,5,1,0.1265392642151204,51.49665210811192,0.1433381180527697,0.36943363878256363,0.0,0.0,0.5069754865109933,0.5180845276804493,0.5598581157245409,0.5690600418739392,0.5904544908912222,0.5513169172476247,0.517746685254782,0.5811274682982034,0.41054079614877137,0.5345482211109284
drift,omd_paper_v2_literal,0,978,5,1,0.12674883221536248,51.62340094032728,0.14344216995537254,0.3729074134515006,0.0,0.0,0.5081898648282764,0.5196442469422192,0.5611454689493595,0.5687475225420363,0.5912484149667125,0.5529821587300946,0.5185474051299498,0.5818093961171751,0.4098178251896719,0.5347282414014147
drift,omd_paper_v2_literal,0,979,5,1,0.12695808819091348,51.75035902851819,0.14355307062940692,0.3764517929153796,0.0,0.0,0.5093981489539545,0.521195882211742,0.5624256470811837,0.568436492509821,0.592037945375846,0.5546379959110391,0.5193440753940343,0.5824876453676298,0.4090988119471316,0.5349073635214285
drift,omd_paper_v2_literal,0,980,5,1,0.12716703186684253,51.87752606038503,0.14367069634081225,0.3800631718224984,0.0,0.0,0.5106003676101397,0.5227394625422226,0.5636986895750342,0.568126942183308,0.5928231123363121,0.5562844672311614,0.5201367206720476,0.5831622414240364,0.40838372896163755,0.5350855936819406
drift,omd_paper_v2_literal,0,981,5,1,0.12737566297004155,52.00490172335507,0.14379492405394764,0.38373806781201736,0.0,0.0,0.5117965496681259,0.5242750174917516,0.5649646359784753,0.5678188620143385,0.5936039459254853,0.5579216116985313,0.5209253655256899,0.5838332095322954,0.4076725489117515,0.5352629380566102
drift,omd_paper_v2_literal,0,982,5,0,0.1275839812292252,52.13248570458429,0.14392563148245197,0.3791057865249599,0.0,0.0,0.5129867241381928,0.525802577102963,0.566223525919932,0.5675122425011558,0.5943804760779772,0.5595494688632247,0.5217100344500869,0.5845005748081061,0.40696524461596073,0.5354394027816185
drift,omd_paper_v2_literal,0,983,5,1,0.12779198637492917,52.26027769095922,0.1443467693359846,0.38275403488594273,0.0,0.0,0.5114821099636179,0.5238713942193398,0.5646319254774566,0.5678998551952795,0.5933987261243389,0.5574913597652222,0.5207180565795905,0.583656855484535,0.4078594665220564,0.5352163186449163
drift,omd_paper_v2_literal,0,984,5,0,0.12799967813950963,52.38827736909873,0.14447461969034328,0.37816339904159835,0.0,0.0,0.5126705609122657,0.5253968175924018,0.5658891768643259,0.5675937028812413,0.5941742320289468,0.5591171421916808,0.521501592702768,0.5843233153151646,0.40715310678344546,0.5353925247255961
drift,omd_paper_v2_literal,0,985,5,0,0.1282070562571419,52.51648442535587,0.14489899321264388,0.37372489542460097,0.0,0.0,0.5111707428674842,0.5234716957947273,0.5643024182297649,0.5679800510522071,0.5931954853792227,0.5570652393383725,0.5205127722654473,0.5834822086340523,0.4080445785800457,0.5351701555051237
drift,omd_paper_v2_literal,0,986,5,1,0.12841412046381973,52.64489854581969,0.14533489690466062,0.3772554028884661,0.0,0.0,0.5096780612036541,0.521555297722876,0.562722112474924,0.5683644273862666,0.5922207910386339,0.5550214378707325,0.5195286288888207,0.5826447333239436,0.4089322909777796,0.5349488600850694
drift,omd_paper_v2_literal,0,987,5,1,0.12862087049735393,52.77351941631704,0.1454507901286129,0.3808510265208932,0.0,0.0,0.510868955599211,0.5230842768115331,0.5639830034763047,0.5680577739925002,0.5929984726887962,0.5566521605072154,0.5203138027754793,0.5833129197828043,0.4082240152797021,0.5351254133178728
drift,omd_paper_v2_literal,0,988,5,1,0.12882730609737114,52.902346722414414,0.14557309359952403,0.38450839613909416,0.0,0.0,0.5120539193276753,0.5246053694456002,0.5652369241372426,0.5677525644139864,0.5937718990398227,0.5582737187720805,0.521095047613064,0.5839775436690727,0.40751957215057083,0.535301096727905
drift,omd_paper_v2_literal,0,989,5,1,0.1290334270053134,53.031380149419725,0.14570169001734376,0.3882242602448689,0.0,0.0,0.5132329807130137,0.526118605028788,0.5664839131256103,0.5674487893931222,0.5945410992578277,0.5598861513539544,0.5218723872784446,0.5846386294514778,0.4068189351088541,0.535475916292092
drift,omd_paper_v2_literal,0,990,5,1,0.12923923296443607,53.16061938238416,0.14583646285291219,0.3919954851839018,0.0,0.0,0.5144061682019955,0.5276240134101703,0.5677240091742137,0.5671464397178232,0.5953061023681203,0.5614894974366942,0.5226458455804195,0.5852962014710092,0.406122077810407,0.5356498779509344
drift,omd_paper_v2_literal,0,991,5,1,0.12944472371980786,53.29006410610397,0.1459772963903666,0.395819053835689,0.0,0.0,0.5155735103549702,0.5291216248656098,0.5689572510703031,0.5668455062220119,0.5960669372531101,0.5630837966762975,0.523415446256837,0.5859502839395393,0.40542897405003697,0.5358229876083804
drift,omd_paper_v2_literal,0,992,5,1,0.12964989901830848,53.41971400512228,0.1461240757674868,0.39969206390070633,0.0,0.0,0.5167350358368887,0.5306114700795976,0.5701836776453962,0.5665459797860797,0.5968236326503219,0.5646690891783589,0.5241812129718251,0.5866009009385251,0.4047395977629786,0.5359952511317121
drift,omd_paper_v2_literal,0,993,5,1,0.12985475860862816,53.54956876373091,0.14627668701399668,0.403611725846223,0.0,0.0,0.5178907734085642,0.5320935801275022,0.5714033277654057,0.5662478513373231,0.5975762171505173,0.5662454154760622,0.5249431693131277,0.5872480764177892,0.40405392302628096,0.5361666743514449
drift,omd_paper_v2_literal,0,994,5,1,0.1300593022412665,53.679628065972175,0.1464350170878455,0.4075753605669284,0.0,0.0,0.5190407519181685,0.5335679864582211,0.5726162403210683,0.5659511118503544,0.5983247191959175,0.5678128165087049,0.5257013387895441,0.5878918341943755,0.40337192406011024,0.53633726306124
drift,omd_paper_v2_literal,0,995,5,1,0.13026352966853094,53.80989159564071,0.146598953909494,0.41158039681137587,0.0,0.0,0.5201850002929602,0.5350347208772329,0.573822454218665,0.5656557523474868,0.5990691670785276,0.5693713336007438,0.5264557448284698,0.588532197951481,0.4026935752289697,0.5365070230178285
drift,omd_paper_v2_literal,0,996,5,0,0.13046744064453542,53.940359036285244,0.14676838639423379,0.4062897745676952,0.0,0.0,0.52132354753124,0.5364938155300414,0.5750220083710307,0.5653617638990962,0.599809588938559,0.5709210084413588,0.5272064107735364,0.5891691912374577,0.40201885104283824,0.5366759599409486
drift,omd_paper_v2_literal,0,997,5,0,0.1306710349251997,54.071030071210444,0.14713338953246285,0.4011304356718225,0.0,0.0,0.5198158360389143,0.5345615503042941,0.5734333697518013,0.5657510539255101,0.5988290239478224,0.5688686333992323,0.5262123519984829,0.5883256199913282,0.4029124010143271,0.5364522516210468
drift,omd_paper_v2_literal,0,998,5,1,0.13087431226824797,54.20190438347869,0.14751037422738275,0.40504461965385985,0.0,0.0,0.5183149914427585,0.5326375145379164,0.5718508383921644,0.566138397850236,0.5978523720170493,0.5668237424459224,0.5252228506738044,0.5874855757432055,0.40380230913689796,0.5362296008043833
drift,omd_paper_v2_literal,0,999,5,1,0.13107727243320688,54.3329816559119,0.14766812770340038,0.40900135465764603,0.0,0.0,0.5194564976007909,0.5341009407100019,0.5730545758960215,0.5658438088863983,0.5985952405016512,0.5683792052197638,0.5259754391436984,0.5881245221233646,0.40312542725301864,0.536398940279685
drift,omd_paper_v2_literal,0,1000,5,1,0.13127991518140525,54.4642615710933,0.14783135756582758,0.4129981495583364,0.0,0.0,0.5205923474741432,0.5355567914226149,0.5742517028826064,0.5655505814160243,0.599334109832067,0.569925897349451,0.5267243142361481,0.5887601205327756,0.40245214592133777,0.5365674622354553
