scenario,algorithm,seed,step,action,reward,instant_regret,cumulative_regret,prediction_rmse_pre,theta_norm,kkt_residual,rho,predicted_mean_0,predicted_mean_1,predicted_mean_2,predicted_mean_3,predicted_mean_4,predicted_mean_5,predicted_mean_6,predicted_mean_7,predicted_mean_8,predicted_mean_9
drift,omd_paper_v2_literal,1,1,3,1,0.2892221772768807,0.2892221772768807,0.15915118221057942,0.011834319526627219,0.0,0.0,0.5,0.5,0.5,0.5,0.5,0.5,0.5,0.5,0.5,0.5
drift,omd_paper_v2_literal,1,2,3,0,0.28870891531396814,0.5779310925908488,0.15913344206786112,4.659426890367219e-05,0.0,0.0,0.49870669692372877,0.4986330278131667,0.5004508997669824,0.5029585453527718,0.5022658116196271,0.49967469085252214,0.4995401169138963,0.5021044232182799,0.4976825665021179,0.5009657330856234
drift,omd_paper_v2_literal,1,3,5,1,0.3205023371284646,0.8984334297193135,0.15858629677449435,0.011838921986153996,0.0,0.0,0.5000050920245617,0.5000053820777952,0.49999822470986705,0.4999883514327762,0.4999910789498015,0.5000012808124707,0.5000018106594276,0.49999171438289414,0.5000091243009388,0.4999961976957835
drift,omd_paper_v2_literal,1,4,5,0,0.3199267335529914,1.218360163272305,0.15898949740584134,6.221845226434104e-05,0.0,0.0,0.5019408139389279,0.5026128752577865,0.5024381555047923,0.49966432881289863,0.5016334066254383,0.5029596780058535,0.5015307550483721,0.5013268280369024,0.49847413784871913,0.5005518989161748
drift,omd_paper_v2_literal,1,5,9,1,0.0,1.218360163272305,0.15801896746372612,0.01180411544478955,0.0,0.0,0.4999974610947604,0.49999510287468746,0.4999886060791187,0.49998962877627307,0.49998460463738337,0.4999896182532746,0.4999957833241172,0.49998645116251467,0.5000151754547391,0.4999940070415741
drift,omd_paper_v2_literal,1,6,9,0,0.0,1.218360163272305,0.15678244179162842,9.067762645964094e-05,0.0,0.0,0.49818662726983853,0.49929944760215805,0.5020822015743487,0.5009518001232331,0.5011838435705259,0.5005431329103172,0.5024893542600709,0.4997774835016685,0.49851004045395836,0.502950939402972
drift,omd_paper_v2_literal,1,7,7,0,0.44825700842321853,1.6666171716955234,0.15745727398223552,0.011851878547072196,0.0,0.0,0.5000045434792336,0.49999782365427947,0.4999804177693152,0.4999858656227836,0.4999799142845479,0.49998745340089684,0.49998603063672803,0.4999872684561289,0.5000210622064833,0.499982442047448
drift,omd_paper_v2_literal,1,8,8,0,0.15221707678353624,1.8188342484790596,0.15602310075171916,0.00699657929105504,0.0,0.0,0.4990665769914779,0.4992519935504027,0.4990238574186894,0.49788893211051694,0.49738256048537877,0.49865747074505157,0.5006763677230119,0.49703710522367955,0.5024448226046224,0.5001905792234995
drift,omd_paper_v2_literal,1,9,6,1,0.01578834341046431,1.834622591889524,0.15619834937210553,0.018218151676128534,0.0,0.0,0.4989024347757927,0.49957371152902524,0.5010918454046167,0.5002038822001345,0.5003167442696547,0.5001906380322317,0.501541964997272,0.49946799841205874,0.4994890588233438,0.5016974654417621
drift,omd_paper_v2_literal,1,10,6,1,0.01576892965869514,1.8503915215482192,0.15513398252322685,0.029756224576478654,0.0,0.0,0.49835213650523663,0.5002776538183025,0.5035442082015834,0.49974432420774534,0.5009457936578962,0.5017067802640145,0.504478890496092,0.4987797373833825,0.4986320274331359,0.5041725230651678
drift,omd_paper_v2_literal,1,11,6,1,0.01574945179185039,1.8661409733400696,0.15408811655288668,0.04126961794324611,0.0,0.0,0.49780615659045097,0.5009760760229667,0.5059771759248199,0.49928836963791107,0.5015699082589483,0.5032110047864903,0.5073924851899733,0.49809687697886734,0.4977817232174304,0.5066279741278433
drift,omd_paper_v2_literal,1,12,6,1,0.01572990982095679,1.8818708831610262,0.15306069025143437,0.05271541093895994,0.0,0.0,0.4972644533313034,0.5016690303455337,0.5083908298155178,0.4988359834085435,0.5021891352529845,0.5047034035945861,0.5102827896205951,0.4974193659606683,0.49693808404742723,0.5090638992431761
drift,omd_paper_v2_literal,1,13,6,0,0.0157103037575429,1.8975811869185693,0.15205163778051461,0.040745670152836214,0.0,0.0,0.4967269852095626,0.5023565688066286,0.5107852553226756,0.49838713060324114,0.502803521634052,0.5061840692655375,0.5131498521462972,0.4967471532758761,0.49610104794508514,0.5114803833620665
drift,omd_paper_v2_literal,1,14,6,1,0.015690633613639204,1.9132718205322083,0.15252595137814168,0.05214933576229975,0.0,0.0,0.4972890750983998,0.5016375337926092,0.5082811302699276,0.49885654556596326,0.5021609898214264,0.504635571598323,0.5101514308194454,0.4974501605053036,0.49697642941644543,0.5089531882365387
drift,omd_paper_v2_literal,1,15,6,1,0.015670899401779792,1.9289427199339881,0.15151861197528116,0.06347496979254269,0.0,0.0,0.4967535526668259,0.5023225832323038,0.5106669070289716,0.4984093178228996,0.502773152041021,0.506110880710985,0.5130081489518639,0.49678038121237494,0.49614242306100875,0.5113609456413613
drift,omd_paper_v2_literal,1,16,6,1,0.015651101135002787,1.9445938210689908,0.1505294834443875,0.07471853927744282,0.0,0.0,0.4962221926616491,0.5030023088265789,0.5130336928460046,0.4979655625911945,0.503380556339561,0.5075746379289596,0.5158418628368893,0.4961158100878804,0.495314908886754,0.5137495008302848
drift,omd_paper_v2_literal,1,17,6,0,0.015631238826851246,1.960225059895842,0.14955849327151097,0.06269731004848847,0.0,0.0,0.49569495444461015,0.50367676157622,0.5153815796349859,0.49752524571730006,0.5039832487505878,0.5090269356453833,0.5186526343440173,0.49545639709136213,0.49449382601220243,0.5161189454603218
drift,omd_paper_v2_literal,1,18,9,1,0.0,1.960225059895842,0.1500078421354507,0.07269010380275549,0.0,0.0,0.49625866739488167,0.50295564966459,0.5128712432647289,0.497996023894859,0.5033388616160407,0.5074741627728786,0.515647374177404,0.4961614288915843,0.495371712493215,0.5135855582570408
drift,omd_paper_v2_literal,1,19,9,1,0.0,1.960225059895842,0.14886266345025445,0.08294189459593304,0.0,0.0,0.49451216537727427,0.502271206161316,0.5148614758004906,0.49893306580684493,0.5044894130874195,0.5079873566675993,0.5180180475188723,0.495966856513156,0.49392813621829185,0.5164114932228957
drift,omd_paper_v2_literal,1,20,9,1,0.0,1.960225059895842,0.1477365439024261,0.09333668420916094,0.0,0.0,0.49277929441012397,0.5015920443301517,0.5168358601175485,0.4998628727076688,0.5056310249340303,0.508496567430112,0.5203695965945151,0.49577378920003456,0.492495817406217,0.5192145497851051
drift,omd_paper_v2_literal,1,21,9,0,0.0,1.960225059895842,0.1466294422825697,0.08208147031105291,0.0,0.0,0.49105995680596637,0.5009181136326784,0.51879450088676,0.5007855109167276,0.506763775921728,0.5090018342973044,0.5227021215219825,0.49558221185480017,0.49107466475476885,0.5219947976268406
drift,omd_paper_v2_literal,1,22,6,1,0.015530967174922083,1.975756027070764,0.14723498055946418,0.09296793135809966,0.0,0.0,0.4929230860109282,0.5016484030033762,0.5166720403024311,0.49978571506197417,0.5055362934203417,0.5084543126027812,0.5201744925321145,0.49578981032383473,0.4926146701610411,0.5189819892726336
drift,omd_paper_v2_literal,1,23,6,0,0.015510720931301236,1.9912667480020652,0.14629640391886603,0.08112823764670876,0.0,0.0,0.49241380951783476,0.5023186637034047,0.5189762285931929,0.4993450035816252,0.5061239033767228,0.5098847461746023,0.522932460203184,0.49514004673312373,0.49181338827945287,0.5213014865515401
drift,omd_paper_v2_literal,1,24,9,1,0.0,1.9912667480020652,0.1467212532368671,0.09145139225430281,0.0,0.0,0.4929677799175553,0.5015895818105266,0.5164697936101417,0.49982439113571525,0.5054847250724456,0.508328773374219,0.519932397092811,0.4958468331200878,0.492684991090507,0.5187783938449237
drift,omd_paper_v2_literal,1,25,9,1,0.0,1.9912667480020652,0.1456163248675843,0.10185251437362505,0.0,0.0,0.4912550931292023,0.5009154499611043,0.5184153545858047,0.5007457607623835,0.5066122725422755,0.5088279387376305,0.5222493545235557,0.4956579186609581,0.4912705667962075,0.5215432107004869
drift,omd_paper_v2_literal,1,26,9,1,0.0,1.9912667480020652,0.1445302287777051,0.11228589688468496,0.0,0.0,0.48955569909179075,0.5002464671596245,0.5203454940569144,0.5016600834320015,0.507731135780191,0.5093232716157268,0.5245476577697938,0.49547044928779294,0.4898670909379247,0.5242855924901415
drift,omd_paper_v2_literal,1,27,9,1,0.0,1.9912667480020652,0.14346292127047047,0.12272178043622341,0.0,0.0,0.48786950039575944,0.49958258405740363,0.5222603173043673,0.5025674239997043,0.5088413918543319,0.5098148097943206,0.5268274106225871,0.49528441051091465,0.48847447355367013,0.5270056186139306
drift,omd_paper_v2_literal,1,28,9,1,0.0,1.9912667480020652,0.14241435533807098,0.1331401537549339,0.0,0.0,0.4861963988624135,0.4989237515580112,0.5241599309515254,0.5034678470992471,0.5099431177027313,0.5103025908270757,0.5290887196999358,0.49509978794014475,0.487092624503107,0.5297033741001164
drift,omd_paper_v2_literal,1,29,9,0,0.0,1.9912667480020652,0.1413844807013217,0.12137292379506709,0.0,0.0,0.4845362956244932,0.49826992082944366,0.5260444428539341,0.5043614171219828,0.5110363901021807,0.5107866520279168,0.5313316942733064,0.49491656728721595,0.48572145351871515,0.5323789493292709
drift,omd_paper_v2_literal,1,30,9,1,0.0,1.9912667480020652,0.14193909319232506,0.13175241342134064,0.0,0.0,0.4864120180962217,0.4990086642809243,0.5239151394616031,0.5033517982218976,0.5098011282039269,0.5102397247999252,0.5287973384731789,0.49512358273821233,0.4872707119321667,0.5293557709852886
drift,omd_paper_v2_literal,1,31,9,0,0.0,1.9912667480020652,0.14090982657856732,0.12004557679678958,0.0,0.0,0.48475692405982973,0.4983568223526086,0.5257940105713388,0.5042426526079585,0.510891087161633,0.5107223157309384,0.5310336474518565,0.4949409193953878,0.4859036863797704,0.5320234377347096
drift,omd_paper_v2_literal,1,32,6,1,0.015325630003162893,2.006592378005228,0.14146172612107363,0.13023377264486866,0.0,0.0,0.4866243698929086,0.4990922883678933,0.5236740518582038,0.5032375102263353,0.5096612920862954,0.5101778125527766,0.5285103602586492,0.4951470164322177,0.48744609974703856,0.5290134154929702
drift,omd_paper_v2_literal,1,33,6,0,0.0153047452899564,2.0218971232951843,0.14058427882948651,0.11878373299997827,0.0,0.0,0.48614738044958894,0.4997568350988633,0.5259028649595779,0.5027946283026821,0.5102223533038854,0.5115717267169299,0.5311768694017854,0.4945132999073203,0.4866796172857789,0.5312451730021157
drift,omd_paper_v2_literal,1,34,2,0,0.15544619068673027,2.1773433139819147,0.140961782864416,0.1097595052323084,0.0,0.0,0.4866837462118413,0.49900956722998935,0.5233965462818385,0.5032926388520413,0.5095914506884966,0.5100042896652814,0.528178322039982,0.49522590120331983,0.48754151400262846,0.5287355281943461
drift,omd_paper_v2_literal,1,35,9,1,0.0,2.1773433139819147,0.1405020635883907,0.12016348925235427,0.0,0.0,0.48629356153351444,0.4975151381366143,0.5204106443013437,0.5028349007129093,0.507573734898042,0.5075070863876109,0.5257147009596623,0.49421157571260116,0.4896473219899731,0.5266631101858102
drift,omd_paper_v2_literal,1,36,9,1,0.0,2.1773433139819147,0.13945323463220596,0.13053595806554283,0.0,0.0,0.48463630576795286,0.4968581373894185,0.5222837431787497,0.5037283635717476,0.5086617986602329,0.5079832932246731,0.5279455232474046,0.49402935755742694,0.4882822699469935,0.52932810606688
drift,omd_paper_v2_literal,1,37,9,1,0.0,2.1773433139819147,0.1384228604358773,0.14086655648864255,0.0,0.0,0.4829917951481442,0.49620606764800385,0.5241421950598495,0.5046151117510383,0.5097416327952533,0.5084559194234213,0.5301585360986941,0.4938485056035885,0.4869276135291332,0.5319714918140617
drift,omd_paper_v2_literal,1,38,9,0,0.0,2.1773433139819147,0.137410898853365,0.12909127597432174,0.0,0.0,0.4813599332021224,0.4955588816481838,0.5259861034468226,0.5054952071930227,0.5108133106693403,0.508925000143076,0.5323538458481094,0.4936690062123736,0.48558326626714243,0.5345933584528272
drift,omd_paper_v2_literal,1,39,9,0,0.0,2.1773433139819147,0.1379492846665412,0.11745086696192948,0.0,0.0,0.48322044916084245,0.49629673962268395,0.5238838093327342,0.5044918077651027,0.5095914830979409,0.5083901998970373,0.5298508775062462,0.4938736536379175,0.4871159724461234,0.531604023304642
drift,omd_paper_v2_literal,1,40,2,1,0.1537800758920822,2.331123389873997,0.13849705527227882,0.12556106850402207,0.0,0.0,0.48506757013882607,0.49702911874266353,0.521796333478012,0.503495844832292,0.5083786410898039,0.507859363304925,0.5273650628087044,0.4940767790884566,0.4886375042989368,0.5286347043211991
drift,omd_paper_v2_literal,1,41,2,0,0.15350125529565462,2.4846246451696516,0.13838210854462657,0.11670557959750598,0.0,0.0,0.4854343238435732,0.49839629191331913,0.5245062877546239,0.5039073499880621,0.5102113810173626,0.5101334760123443,0.5295962053613071,0.49500298530951825,0.48672633624113565,0.5305061707261172
drift,omd_paper_v2_literal,1,42,4,1,0.3108255000673161,2.7954501452369676,0.13790413948158944,0.12022236648647869,0.0,0.0,0.4850328167189757,0.4968995649117212,0.5215394642133598,0.503456849601179,0.5082049548681226,0.5076438459045081,0.5271535775706563,0.4939890121122971,0.48881862816662275,0.5284573181717331
drift,omd_paper_v2_literal,1,43,4,0,0.3102093481715593,3.1056594934085267,0.13840678330764225,0.11659448277244785,0.0,0.0,0.4851999738313171,0.4974196706346231,0.523413728806821,0.5056563657680738,0.5110663620186902,0.5092228709756184,0.5277173142877678,0.4965365874071774,0.48598483707361734,0.529568646943619
drift,omd_paper_v2_literal,1,44,9,1,0.0,3.1056594934085267,0.13729673694279582,0.12687135681012207,0.0,0.0,0.48502660260044733,0.49688022973919077,0.5214697750920789,0.5033750779391192,0.5080985685254271,0.5075851414050964,0.5271326189190696,0.49389430941331586,0.48892399132267556,0.5284159982380443
drift,omd_paper_v2_literal,1,45,9,0,0.0,3.1056594934085267,0.13626349113143923,0.11532337938231439,0.0,0.0,0.48338985602441353,0.49622745786547345,0.5233085751645241,0.5042527074908091,0.5091636260949491,0.5080470185451499,0.5293273093833302,0.49370836226141185,0.4875857430880336,0.5310390027297754
drift,omd_paper_v2_literal,1,46,5,1,0.2954220210187476,3.401081514427274,0.13681069779461325,0.11861233665967999,0.0,0.0,0.4852295753131614,0.49696117146104757,0.5212417301375437,0.5032662540487918,0.5079665005978778,0.5075278696862082,0.5268604118138519,0.4939173661878858,0.48908993986590243,0.528090644498255
drift,omd_paper_v2_literal,1,47,5,1,0.2948308533704399,3.695912367797714,0.13733048656915756,0.12284793647590789,0.0,0.0,0.48714406489074935,0.49950666523324466,0.5235652908441254,0.5029365904955254,0.5095408070649315,0.5103894107017329,0.5282893608213783,0.49522229235468257,0.4876264638432747,0.5285696430937534
drift,omd_paper_v2_literal,1,48,5,1,0.2942393324374042,3.990151700235118,0.13786292196408748,0.1279130226999908,0.0,0.0,0.48904412651106116,0.5020325052668879,0.5258698803862816,0.5026094730648009,0.511102755533745,0.5132281566228909,0.52970680452061,0.4965171944524201,0.4861745116252828,0.5290448865295119
drift,omd_paper_v2_literal,1,49,5,1,0.293647458641898,4.283799158877016,0.138407370232637,0.13369166499085122,0.0,0.0,0.49092984435704007,0.5045387590067683,0.5281556039001,0.5022848767772671,0.5126524410888572,0.516044161913444,0.5311128407709097,0.49780215402920924,0.4847339901827871,0.5295164119418626
drift,omd_paper_v2_literal,1,50,5,1,0.2930552324080614,4.576854391285077,0.13896321345916998,0.14007532001364936,0.0,0.0,0.4928013043567723,0.5070254986023137,0.5304225695707865,0.5019627767933136,0.5141899593916781,0.51883748790183,0.5325075676056684,0.49907725284290066,0.4833048061429331,0.5299842562579715
drift,omd_paper_v2_literal,1,51,5,0,0.2924626541619176,4.869317045446995,0.13952984976778926,0.1331957883908577,0.0,0.0,0.49465859406959667,0.5094928006806781,0.532670888447142,0.5016431484187783,0.5157154066085675,0.5216082024719926,0.5338910831756507,0.5003425728127077,0.4818868658499772,0.5304484561872522
drift,omd_paper_v2_literal,1,52,5,1,0.29186972433137254,5.161186769778368,0.13831470163456536,0.139507459443265,0.0,0.0,0.4926490430896158,0.5068232007122019,0.5302381857394173,0.5019889813696407,0.5140648839103069,0.5186102779192876,0.5323941179975463,0.4989735162391849,0.48342106782100175,0.5299461966431892
drift,omd_paper_v2_literal,1,53,5,1,0.2912764433462159,5.452463213124584,0.13887743148986434,0.1463302074607898,0.0,0.0,0.494500088724788,0.5092822604433708,0.5324790700991361,0.5016704251754026,0.5155852378068791,0.5213718024958658,0.5337730356658975,0.5002345918728512,0.48200786010530383,0.5304088439690361
drift,omd_paper_v2_literal,1,54,5,0,0.29068281163812115,5.743146024762705,0.1394504017798437,0.1389003916655071,0.0,0.0,0.49633715782408105,0.5117221108742546,0.5347015594331509,0.5013542986112058,0.5170937044925082,0.5241109629868917,0.5351409205638973,0.5014860410550313,0.4806057213203315,0.5308679090738724
drift,omd_paper_v2_literal,1,55,5,1,0.2900888296406456,6.033234854403351,0.13821863388668823,0.14565163987808438,0.0,0.0,0.49432934720456834,0.5090554617544822,0.5322724316655567,0.5016998078242825,0.5154450169508473,0.5211171405406794,0.5336458700607561,0.5001182742348428,0.4821381980884556,0.5303661730588531
drift,omd_paper_v2_literal,1,56,5,0,0.28949449778923086,6.322729352192582,0.13878767887492768,0.13830737512363211,0.0,0.0,0.49616039527528927,0.5114873779777986,0.5344877764414103,0.5013847154434179,0.5169485773101163,0.5238474693435472,0.5350093292987322,0.5013656308048273,0.48074061811742164,0.5308237414198284
drift,omd_paper_v2_literal,1,57,6,1,0.014784451202836335,6.337513803395418,0.1375603674509526,0.14834378762783554,0.0,0.0,0.49416122104433746,0.5088321317306058,0.5320689460663811,0.5017287406107461,0.5153069405121495,0.5208663667565249,0.5335206470993944,0.5000037374175571,0.4822665429607814,0.5303241550102389
drift,omd_paper_v2_literal,1,58,6,1,0.014761981194380214,6.352275784589798,0.13674601828324806,0.15834739649124474,0.0,0.0,0.4936877213397046,0.5094621301062998,0.5342049179268996,0.5012823473555841,0.5158219155903184,0.5221934915016471,0.5360970999352935,0.4993618734038108,0.4815514455129501,0.5324807074069248
drift,omd_paper_v2_literal,1,59,6,1,0.014739448179304726,6.367015232769103,0.135948674374817,0.16831084632444454,0.0,0.0,0.4932177112106613,0.5100874707293339,0.536323959100567,0.5008392313288514,0.5163330743800663,0.5235105572854387,0.5386527218364975,0.49872472666578227,0.4808416759750575,0.5346202181602061
drift,omd_paper_v2_literal,1,60,6,1,0.014716852193558227,6.381732084962661,0.13516824517240417,0.17822866595528353,0.0,0.0,0.49275115665967917,0.5107081983177575,0.5384261778331391,0.500399360669274,0.5168404541563176,0.5248176497657846,0.5411876113768311,0.49809225233783583,0.4801371833190469,0.5367427939066349
drift,omd_paper_v2_literal,1,61,6,1,0.014694193273623646,6.396426278236285,0.13440463672102454,0.18809675252209568,0.0,0.0,0.4922880239287543,0.5113243573012625,0.5405116840450888,0.49996270373956125,0.5173440919312836,0.5261148545083216,0.5437018709451539,0.4974644058324365,0.47943791683436937,0.538848543059347
drift,omd_paper_v2_literal,1,62,6,0,0.01467147145652048,6.411097749692805,0.13365775173024189,0.17630841459456792,0.0,0.0,0.49182827950411295,0.5119359918137657,0.5425805892089898,0.49952922913080927,0.5178440244492587,0.5274022569513537,0.5461956065382193,0.4968411428480268,0.47874382613706107,0.5409375756822296
drift,omd_paper_v2_literal,1,63,6,1,0.014648686779803466,6.425746436472609,0.1339160808808377,0.18614703644553537,0.0,0.0,0.492377604379913,0.511205179362054,0.5401084033317545,0.5000471641323342,0.5172466785000702,0.5258639696023236,0.5432157198942782,0.49758584649468446,0.47957316627049534,0.5384413442608723
drift,omd_paper_v2_literal,1,64,6,1,0.014625839281565134,6.440372275754174,0.13316842941704146,0.19593379520168333,0.0,0.0,0.4919190388240682,0.5118152488335628,0.5421722705958137,0.49961480343310316,0.5177453331296726,0.5271481328771764,0.5457034856066577,0.4969641835186707,0.478880843551972,0.5405252811808613
drift,omd_paper_v2_literal,1,65,6,1,0.014602929000434361,6.454975204754609,0.13243735990116434,0.2056662528470265,0.0,0.0,0.49146380805951717,0.5124208648232657,0.5442197589633083,0.49918557484615106,0.5182403410986155,0.5284226399090544,0.5481709778504703,0.49634703246333783,0.47819361548645234,0.542592723591456
drift,omd_paper_v2_literal,1,66,6,1,0.014579955975578374,6.469555160730187,0.1317227712873714,0.21534257190879072,0.0,0.0,0.4910118794178564,0.5130220703948806,0.5462509810437645,0.4987594477539436,0.5187317382239817,0.5296875748068808,0.5506183072766642,0.4957343500830084,0.4775114328934682,0.5446437828779378
drift,omd_paper_v2_literal,1,67,6,1,0.014556920246702298,6.48411208097689,0.13102455938386176,0.22496137739272684,0.0,0.0,0.49056322048217993,0.5136189083032189,0.5482660506589221,0.49833639177414235,0.5192195600468681,0.5309430214661639,0.5530455875488757,0.4951260934324631,0.47683424693585996,0.5466785717263244
drift,omd_paper_v2_literal,1,68,6,1,0.0145338218540505,6.4986459028309405,0.13034261691789517,0.23452165457517007,0.0,0.0,0.49011779909045167,0.5142114209886969,0.5502650827381972,0.4979163767627628,0.5197038418286576,0.5321890635404901,0.5554529351632672,0.49452221987283107,0.4761620091265547,0.5486972040158974
drift,omd_paper_v2_literal,1,69,6,0,0.014510660838406242,6.513156563669346,0.12967683360163584,0.22254786520292905,0.0,0.0,0.48967558333858097,0.5147996505722741,0.5522481932180419,0.49749937281705614,0.5201846185476174,0.5334257844144464,0.5578404692741807,0.4939226870770387,0.47549467133483725,0.5506997947156849
drift,omd_paper_v2_literal,1,70,6,1,0.014487437241092804,6.527644000910439,0.12986369456128524,0.2320844590721818,0.0,0.0,0.49022951297788553,0.5140628176409655,0.5497638590330396,0.4980217197152973,0.5195823834334741,0.5318765830851525,0.5548493926384853,0.49467367487596137,0.4763306038568863,0.5481910624064722
drift,omd_paper_v2_literal,1,71,6,1,0.014464151103973477,6.542108152014412,0.12919639868624264,0.2415624320557916,0.0,0.0,0.48978827354621907,0.5146497533625575,0.5517429839886387,0.4976056393927194,0.5200621036927235,0.533110663988287,0.5572322931311655,0.494075466969486,0.4756647236386792,0.5501896194348271
drift,omd_paper_v2_literal,1,72,6,0,0.014440802469452452,6.556548954483865,0.12854512559119716,0.22960628514587744,0.0,0.0,0.4893501905727069,0.5152324713362391,0.5537064016407243,0.49719252398653985,0.5205383727335302,0.5343355600684706,0.5595956291234926,0.49348153385210464,0.4750036687073559,0.5521723494716922
drift,omd_paper_v2_literal,1,73,6,1,0.014417391380474931,6.570966345864339,0.12871721797837615,0.23906151980733692,0.0,0.0,0.489902888472752,0.5144972946608593,0.5512290411273211,0.49771372019131577,0.5199374949988876,0.5327901372651971,0.5566135591875582,0.49423085599357425,0.4758376845728352,0.5496706270098327
drift,omd_paper_v2_literal,1,74,6,1,0.014393917880528129,6.585360263744867,0.12806433588904123,0.24845818112386026,0.0,0.0,0.4894657455451409,0.5150787672672433,0.5531886559056848,0.49730149428239306,0.5204127471554794,0.5340124993534802,0.5589724914588777,0.4936381984649983,0.47517803186702035,0.5516495078603244
drift,omd_paper_v2_literal,1,75,6,0,0.014370382013640826,6.599730645758508,0.12742734365043393,0.23652110956456712,0.0,0.0,0.48903171104452725,0.5156560859664601,0.5551327740616567,0.49689218821923214,0.5208846006772002,0.5352258101025328,0.5613121050029026,0.4930497512700392,0.47452313144299285,0.5536127727555755
drift,omd_paper_v2_literal,1,76,2,1,0.14354141985238866,6.743272065610896,0.12758471348561248,0.24511118365511111,0.0,0.0,0.4895831544315489,0.5149225958489483,0.5526624906704246,0.49741221202574465,0.5202851047045833,0.5336842295940073,0.5583391723457686,0.49379737625339204,0.4753551968924601,0.5511181662703221
drift,omd_paper_v2_literal,1,77,2,0,0.1432511906736712,6.886523256284567,0.1277003367232445,0.23448450430943435,0.0,0.0,0.489911894076764,0.5161399664719811,0.5550633486705129,0.49780565138874733,0.5219436934650535,0.5357101758177346,0.5602993409553163,0.49465233767813116,0.4736288353501144,0.5527760968458114
drift,omd_paper_v2_literal,1,78,6,1,0.014299400659767314,6.900822656944334,0.12691397855841527,0.2438499314553807,0.0,0.0,0.48950471589775074,0.5146320949702627,0.5520892597858736,0.49731833476703985,0.5198892849720346,0.5332006561929072,0.5578711896351227,0.49359338093309524,0.4757672088913052,0.5507224017175077
drift,omd_paper_v2_literal,1,79,6,1,0.014275615776265793,6.9150982727206,0.12627111691581508,0.2531569644019912,0.0,0.0,0.48907017198774866,0.5152053216316818,0.5540253472685024,0.49690830753240905,0.5203558836470366,0.5344071163418205,0.5602039653975834,0.4930030595733331,0.47511791120167396,0.5526796127640503
drift,omd_paper_v2_literal,1,80,6,1,0.014251768754115712,6.9293500414747164,0.12564403040574232,0.2624053334968898,0.0,0.0,0.48863869309664804,0.515774487065066,0.5559462310305345,0.4965011610826707,0.5208191736207542,0.5356047140368742,0.5625177464864355,0.4924168990944382,0.47447325208759134,0.5546214785114139
drift,omd_paper_v2_literal,1,81,6,1,0.014227859640607465,6.943577901115324,0.12503260860042198,0.2715949004758744,0.0,0.0,0.4882102493269154,0.5163396304673603,0.557852024125516,0.4960968673784782,0.5212791872611888,0.5367935279098102,0.5648126535177252,0.4918348596723578,0.47383318680985076,0.5565481114705054
drift,omd_paper_v2_literal,1,82,6,1,0.014203888483576788,6.957781789598901,0.12443673825993057,0.280725634006021,0.0,0.0,0.4877848110340778,0.5169007907202033,0.5597428402094861,0.49569539861729495,0.5217359566616347,0.5379736362494121,0.5670888090105919,0.49125690179504516,0.4731976709826341,0.558459624825895
drift,omd_paper_v2_literal,1,83,6,1,0.014179855331404867,6.971961644930306,0.1238563033927475,0.28979759025667495,0.0,0.0,0.4873623488283784,0.5174580063870032,0.5616187934645499,0.49529672723494916,0.5221895136388881,0.5391451169824679,0.569346337250974,0.49068298626575524,0.4725666605772043,0.5603561323567537
drift,omd_paper_v2_literal,1,84,6,0,0.014155760233018233,6.986117405163324,0.12329118531800866,0.2777785175868625,0.0,0.0,0.48694283357621915,0.5180113157103211,0.5634799985255129,0.4949008259069909,0.5226398897316868,0.5403080476557942,0.5715853641600994,0.49011307420601946,0.4719401119252349,0.5622377483609181
drift,omd_paper_v2_literal,1,85,6,1,0.014131603237890311,7.000249008401215,0.12337754060099773,0.2868329798763898,0.0,0.0,0.48749868038315497,0.5172781910467837,0.5610135912176696,0.4954253825274324,0.5220431494557598,0.538767113061348,0.5686181167684295,0.490868192913941,0.47277028554032374,0.5597442970107852
drift,omd_paper_v2_literal,1,86,6,0,0.014107384396040423,7.014356392797255,0.12281018498445333,0.2748726109009565,0.0,0.0,0.48707990257585465,0.5178305340860268,0.5628720686922581,0.49503018068835136,0.522492739384077,0.5399281232766743,0.5708541097837931,0.49029928258973454,0.4721448186857135,0.5616231497215229
drift,omd_paper_v2_literal,1,87,5,1,0.2708991460408832,7.285255538838139,0.12289726752595204,0.2804438264177161,0.0,0.0,0.48763312968653344,0.5171008563337102,0.5604165749389535,0.4955522604244957,0.5218988042873337,0.5383942894044154,0.5678996694320234,0.49105084250084835,0.47297110532258485,0.5591407392735792
drift,omd_paper_v2_literal,1,88,5,1,0.2702938600580297,7.555549398896169,0.12364258553735234,0.28623761399445175,0.0,0.0,0.48940158820454444,0.5194149220411346,0.5624616105542575,0.4952595410887281,0.5233234846528384,0.540966192609683,0.56912157188394,0.4922617347342591,0.4716541911375865,0.5595175726475261
drift,omd_paper_v2_literal,1,89,5,0,0.2696882396483933,7.825237638544562,0.1243938806688342,0.2794179295924959,0.0,0.0,0.4911572053102784,0.5217110178066131,0.5644893958337661,0.4949689939548129,0.5247372332553215,0.5435168824319475,0.5703335885368077,0.4934637443381978,0.4703474250144573,0.5598915459539247
drift,omd_paper_v2_literal,1,90,6,0,0.014009891580963552,7.839247530125525,0.12288278827946512,0.26756692641549756,0.0,0.0,0.48908233319026234,0.5189972561157951,0.5620926049136408,0.4953123812195976,0.5230663352160021,0.5405020816808516,0.5689010613988353,0.4920431428370727,0.47189188586325514,0.5594495534575891
drift,omd_paper_v2_literal,1,91,5,0,0.26847599754871976,8.107723527674246,0.1229740494324083,0.26116372140726324,0.0,0.0,0.4896386625637789,0.5182790933440756,0.5596555469616135,0.4958308171372374,0.5224802187241506,0.5389849052612165,0.5659626482804908,0.49279492954726917,0.47270953070420824,0.5569785646597458
drift,omd_paper_v2_literal,1,92,9,1,0.0,8.107723527674246,0.12150596363653164,0.26927101112358315,0.0,0.0,0.487584701597388,0.5155921728068728,0.5572795180381849,0.4961702876230972,0.5208261329333344,0.5359977308262449,0.564543750582517,0.4913882114143594,0.4742383934486927,0.5565425336354164
drift,omd_paper_v2_literal,1,93,9,1,0.0,8.107723527674246,0.12072391650363128,0.27740911969926585,0.0,0.0,0.4860606922030459,0.5149422776081535,0.5588826667181718,0.497011078560171,0.5217915738067055,0.5363586842512589,0.5664589674814988,0.4912322895203305,0.4730259282652084,0.5588847935873391
drift,omd_paper_v2_literal,1,94,9,0,0.0,8.107723527674246,0.11995966506153333,0.26708815928483254,0.0,0.0,0.4845476428180319,0.5142968968333,0.5604733421523442,0.49784598107390265,0.5227500730142265,0.5367170648845548,0.5683587709112392,0.49107746440666566,0.4718222933350071,0.5612080129563483
drift,omd_paper_v2_literal,1,95,9,1,0.0,8.107723527674246,0.12027836332825514,0.27518644032978484,0.0,0.0,0.4864693019606605,0.5151165396433366,0.5584529320384932,0.4967856346723843,0.5215327249480713,0.5362619052062234,0.5659456309534712,0.49127409683222845,0.4733509970285558,0.5582570139768743
drift,omd_paper_v2_literal,1,96,9,0,0.0,8.107723527674246,0.11951260859276969,0.26494226761146644,0.0,0.0,0.4849593319934961,0.5144725162906576,0.560040624856746,0.49761879425915123,0.5224892719678695,0.5366195496253251,0.5678420118856934,0.49111959371985947,0.4721497827371824,0.5605761027052433
drift,omd_paper_v2_literal,1,97,5,1,0.26483129734394384,8.37255482501819,0.11983072165006671,0.2703502334881587,0.0,0.0,0.48687220704755474,0.515288357624404,0.5580291298419032,0.49656334929643897,0.5212774898196564,0.5361664788304441,0.5654393448882279,0.49131531877244994,0.4736715354836681,0.5576378437425098
drift,omd_paper_v2_literal,1,98,5,0,0.26422268979708785,8.636777514815277,0.12056454612567358,0.264107625936329,0.0,0.0,0.4886385073941546,0.5175974270112748,0.5600672775620859,0.4962705699731514,0.5226968779503415,0.5387319249552719,0.5666549474467835,0.4925238640213518,0.47236010343250867,0.5580089185308509
drift,omd_paper_v2_literal,1,99,9,1,0.0,8.636777514815277,0.11909101978663879,0.27218277971310084,0.0,0.0,0.48659078458226923,0.5149203554839779,0.5577041781802342,0.49661000251956094,0.5210512847024261,0.5357575066955236,0.5652455712574125,0.49112275181380755,0.47388054000605356,0.5575787087751807
drift,omd_paper_v2_literal,1,100,9,1,0.0,8.636777514815277,0.11832291951525009,0.28028340913527433,0.0,0.0,0.4850828445774573,0.5142763923038975,0.559288280814379,0.49744167678996415,0.5220053085876127,0.5361131840369628,0.567138332152753,0.4909679320924844,0.47268221530321197,0.5598938180425169
drift,omd_paper_v2_literal,1,101,9,1,0.0,8.636777514815277,0.1175725891089195,0.28840158307718294,0.0,0.0,0.4835856658688774,0.5136368630700721,0.560860167217697,0.4982675780766514,0.5229525353051202,0.53646635013094,0.569015985723412,0.4908141913610342,0.47149254022380743,0.5621902429324497
drift,omd_paper_v2_literal,1,102,9,1,0.0,8.636777514815277,0.11683996960796247,0.2965303525618648,0.0,0.0,0.4820991664156283,0.5130017268394005,0.5624199401093015,0.4990877584372673,0.5238930266060978,0.5368170296810484,0.5708786501192769,0.490661519037358,0.470311439733623,0.5644681007028676
drift,omd_paper_v2_literal,1,103,9,1,0.0,8.636777514815277,0.11612499855777945,0.30466362099296784,0.0,0.0,0.48062326409103645,0.5123709429575677,0.5639677020918223,0.4999022696116273,0.5248268438754514,0.5371652471730697,0.572726443873286,0.49050990463342603,0.4691388390957208,0.5667275104691463
drift,omd_paper_v2_literal,1,104,9,1,0.0,8.636777514815277,0.11542760996966062,0.3127960328057408,0.0,0.0,0.4791578767200242,0.5117444710635196,0.5655035556111965,0.5007111630138449,0.5257540481216965,0.5375110268740422,0.5745594858315959,0.49035933775561963,0.46797466388928755,0.5689685930729467
drift,omd_paper_v2_literal,1,105,9,1,0.0,8.636777514815277,0.11474773428375698,0.32092287786900403,0.0,0.0,0.4777029221148826,0.5111222710935839,0.5670276029183502,0.5015144897249818,0.5266746999674711,0.5378543928314892,0.5763778950866691,0.49020980810500686,0.4668188400274664,0.5711914709555665
drift,omd_paper_v2_literal,1,106,9,1,0.0,8.636777514815277,0.11408529833462912,0.3290400093282757,0.0,0.0,0.47625831810949626,0.5105043032852502,0.5685399460327195,0.5023123004862035,0.5275888596406825,0.5381953688727995,0.5781817909131999,0.4900613054775567,0.4656712937742112,0.5733962680357524
drift,omd_paper_v2_literal,1,107,9,0,0.0,8.636777514815277,0.11344022531977777,0.31811728718686383,0.0,0.0,0.47482398259206493,0.5098905281806237,0.5700406867075448,0.5031046456924191,0.5284965869662647,0.5385339786047524,0.5799712927067985,0.48991381976429277,0.46453195176019507,0.5755831095918773
drift,omd_paper_v2_literal,1,108,9,0,0.0,8.636777514815277,0.11364537373817514,0.3073533326425094,0.0,0.0,0.4767560264934108,0.5107172336763948,0.5680189966987343,0.50203740834473,0.5272738978325034,0.5380778863621843,0.577560474490982,0.4901124732697243,0.46606665131196545,0.5726369090239181
drift,omd_paper_v2_literal,1,109,9,1,0.0,8.636777514815277,0.11386775044318383,0.31541958393230873,0.0,0.0,0.4786755754323408,0.511538239897816,0.5660088567433963,0.5009774352013583,0.5260592281300513,0.537624843299659,0.5751624438693482,0.4903097742967005,0.4675915145146793,0.5697057032306897
drift,omd_paper_v2_literal,1,110,9,1,0.0,8.636777514815277,0.1132006857817875,0.3234789819359861,0.0,0.0,0.4772355857393922,0.5109223771107715,0.5675169473450293,0.5017725632135928,0.5269704283367738,0.5379646942086982,0.5769616368953173,0.49016177091321733,0.46644759761107224,0.5719049830409739
drift,omd_paper_v2_literal,1,111,9,1,0.0,8.636777514815277,0.11255097436077387,0.33152763861821666,0.0,0.0,0.47580575619150467,0.5103106667137344,0.569013551968059,0.5025622789124379,0.5278752585117036,0.5383022006750586,0.5787465848827177,0.4900147750228359,0.4653118035238526,0.5740865088276988
drift,omd_paper_v2_literal,1,112,9,1,0.0,8.636777514815277,0.11191854208657227,0.3395621234502854,0.0,0.0,0.47438600664880204,0.5097030702806412,0.5704987698614679,0.5033466313878991,0.5287737769330865,0.5386373856765809,0.5805174044194844,0.4898687767860796,0.4641840607420223,0.5762504032962236
drift,omd_paper_v2_literal,1,113,9,1,0.0,8.636777514815277,0.11130331112401033,0.3475794074926637,0.0,0.0,0.4729762570634987,0.5090995496843644,0.5719726999748024,0.5041256693872455,0.5296660414792844,0.5389702719770564,0.5822742121365574,0.48972376645563975,0.46306429812863553,0.578396790324993
drift,omd_paper_v2_literal,1,114,9,0,0.0,8.636777514815277,0.11070519986736559,0.3365678122340781,0.0,0.0,0.47157642750816636,0.50850006709935,0.5734354409285626,0.5048994413099092,0.530552109622129,0.5393008821260707,0.5840171246547965,0.48957973437640073,0.461952444934107,0.5805257948616765
drift,omd_paper_v2_literal,1,115,9,0,0.0,8.636777514815277,0.11086075247008963,0.325700914413615,0.0,0.0,0.4735008076576322,0.5093241365497342,0.5714243649783477,0.5038357738547147,0.5293340314921354,0.5388464014953404,0.5816207056127917,0.4897777278807162,0.4634809442298053,0.5775984126045257
drift,omd_paper_v2_literal,1,116,6,1,0.013352330967199899,8.650129845782477,0.11103434295586513,0.33409384615188215,0.0,0.0,0.4754130294079059,0.5101426153788503,0.5694244718568789,0.5027792233681565,0.5281237968694509,0.5383949125356228,0.5792365782875712,0.4899743933891929,0.46499984663962796,0.574685305206992
drift,omd_paper_v2_literal,1,117,6,1,0.013326222683296862,8.663456068465774,0.1105680243689352,0.34244174986677534,0.0,0.0,0.4750429418529605,0.5106867708561789,0.5711639997833514,0.5023726568365064,0.5285247312161959,0.5394989298046835,0.5813316929330694,0.4894209534408418,0.4644354726471055,0.5764246517120826
drift,omd_paper_v2_literal,1,118,6,1,0.013300054443683207,8.676756122909456,0.11011674434515617,0.35074421169583925,0.0,0.0,0.4746753314641275,0.5112272988835082,0.5728902727518497,0.5019687787190096,0.5289229748937586,0.5405952547717588,0.5834100372689508,0.48887120300797443,0.46387492504600053,0.57815061049421
drift,omd_paper_v2_literal,1,119,6,1,0.013273826316571036,8.690029949226027,0.10968037860140599,0.3590009125758013,0.0,0.0,0.4743101744346596,0.5117642334984844,0.5746033965105722,0.5015675636037149,0.5293185537587418,0.5416839552381323,0.5854717335653566,0.48832510751253894,0.46331816735683085,0.5798632901057705
drift,omd_paper_v2_literal,1,120,6,1,0.013247538370727119,8.703277487596754,0.10925879986698214,0.36721161569243643,0.0,0.0,0.47394744718111126,0.5122976084426745,0.5763034767994734,0.5011689863079193,0.5297114934260805,0.5427650985990274,0.5875169048021811,0.48778263267594846,0.4627651634275956,0.5815627990456261
drift,omd_paper_v2_literal,1,121,6,0,0.01322119067547256,8.716498678272227,0.10885187795246357,0.35549793702786997,0.0,0.0,0.4735871263431878,0.5128274571608262,0.5779906193068413,0.5007730218783467,0.5301018192691598,0.5438387518339638,0.5895456745868274,0.48724374451988745,0.4622158774342338,0.5832492457159894
drift,omd_paper_v2_literal,1,122,6,1,0.013194783300683244,8.72969346157291,0.10875708625259682,0.3636955710076354,0.0,0.0,0.4741012883017153,0.5120713900858085,0.5755826354560108,0.5013380361468941,0.5295448393692785,0.5423065990412609,0.586649845552504,0.4880127105030013,0.46299969931968443,0.5808422158566945
drift,omd_paper_v2_literal,1,123,6,1,0.013168316316789719,8.7428617778897,0.10834729311228872,0.3718474704760302,0.0,0.0,0.47374137997271604,0.5126006270543098,0.5772685570388477,0.5009425383813595,0.5299347213290085,0.5433791593659091,0.5886775064286609,0.48747444440316595,0.4624510211435364,0.5825274969768802
drift,omd_paper_v2_literal,1,124,6,1,0.013141789794777314,8.756003567684479,0.1079520670619876,0.379953508207591,0.0,0.0,0.47338384582670107,0.5131263845963235,0.5789417033547049,0.5005496187115193,0.5303220244754283,0.5444443267647884,0.5906889662963456,0.4869397174038171,0.46190601124792247,0.584199880848026
drift,omd_paper_v2_literal,1,125,6,0,0.013115203806186249,8.769118771490666,0.10757127468678894,0.3682371312184019,0.0,0.0,0.47302866312638,0.5136486952979609,0.5806021786741604,0.5001592528363746,0.5307067735064324,0.5455021667593658,0.5926843481111287,0.48640849639709166,0.46136463474336953,0.5858594743533081
drift,omd_paper_v2_literal,1,126,2,0,0.12865906517893866,8.897777836669604,0.10744579452130297,0.3584521566941632,0.0,0.0,0.4735421481171602,0.5128935980876966,0.5782011044958021,0.5007235921322974,0.5301505424765657,0.5439727514479743,0.589798721004241,0.48717647522412244,0.46214731449441415,0.5834596350771549
drift,omd_paper_v2_literal,1,127,9,0,0.0,8.897777836669604,0.10630931311467953,0.34785811933565214,0.0,0.0,0.47307373354545385,0.5113495525836727,0.5752885674961152,0.5002261946718229,0.5280811625620306,0.5414526297452694,0.5874754266578167,0.486062617537067,0.46428781713712214,0.5815081154079093
drift,omd_paper_v2_literal,1,128,4,1,0.25654063703615465,9.154318473705759,0.10644534602399425,0.3508021723598753,0.0,0.0,0.47498925971830297,0.5121840250367936,0.5733187157220164,0.4991571311450288,0.5268742016505851,0.5410226752950279,0.5851302773009451,0.48625116405845326,0.4658019081460471,0.5786219708376827
drift,omd_paper_v2_literal,1,129,4,1,0.2558946425546124,9.41021311626037,0.10727600877715902,0.3540233431333372,0.0,0.0,0.4751499179195043,0.512638631918833,0.5749754907118443,0.5012598394865964,0.5295519845164259,0.5424468060938225,0.5855583865225205,0.48867760768121077,0.4631603056458567,0.5795800266751823
drift,omd_paper_v2_literal,1,130,4,0,0.2552483248424966,9.665461441102867,0.10811676491959106,0.3504077037812634,0.0,0.0,0.47530937174405685,0.5130897957701319,0.576618129686457,0.5033466743988881,0.5322079280077809,0.5438595302857111,0.5859831451276081,0.49108631257331825,0.46054063211879986,0.5805302777012658
drift,omd_paper_v2_literal,1,131,6,1,0.012954443152658701,9.678415884255525,0.1065708194065948,0.3585602030050034,0.0,0.0,0.4751293234034204,0.5125803585625798,0.5747632076376524,0.5009903013888237,0.5292088204285184,0.5422642898763254,0.5855035158648202,0.4883665379104138,0.4634988113050608,0.5794572500946764
drift,omd_paper_v2_literal,1,132,6,0,0.012927442947756829,9.691343327203281,0.10616424357824694,0.34702557581761034,0.0,0.0,0.4747719441665995,0.5131065341224134,0.5764376339940848,0.5005930457134182,0.5295919252769087,0.5433288510244367,0.5875204259961495,0.4878273802564175,0.46295778687739253,0.5811323442331169
drift,omd_paper_v2_literal,1,133,4,0,0.2533074383523655,9.944650765555647,0.10606421729959029,0.3438057307986263,0.0,0.0,0.4752776961325146,0.5123619096488755,0.5740675666487922,0.5011552208928417,0.5290497651361216,0.5418222256374267,0.5846653530991996,0.48859037607887756,0.46372344175542923,0.5787612981568512
drift,omd_paper_v2_literal,1,134,5,0,0.24209762364101667,10.186748389196664,0.10454690798501011,0.3390108816618048,0.0,0.0,0.4750987797593935,0.511856813915488,0.5722255495058964,0.49881688448353767,0.526072159860538,0.5402391586538093,0.5841905751938762,0.4858920267315984,0.4666608523748895,0.5776967078804189
drift,omd_paper_v2_literal,1,135,9,1,0.0,10.186748389196664,0.10294874402208963,0.3467385101841805,0.0,0.0,0.4730413588861217,0.5091829626609011,0.5699181421838824,0.49916641401711,0.5244515889586225,0.5372893285040738,0.5828375259002673,0.4844949568226861,0.4681517024137133,0.577313109202684
drift,omd_paper_v2_literal,1,136,9,1,0.0,10.186748389196664,0.1023504082920781,0.35445424266232184,0.0,0.0,0.4716519946114352,0.5085741886537845,0.5713416137387957,0.4999381911238013,0.5253199796624101,0.5375947212501051,0.5845356289596833,0.48435340068693666,0.4670604688564406,0.5794028294435547
drift,omd_paper_v2_literal,1,137,9,1,0.0,10.186748389196664,0.10176973750297956,0.36215534750865447,0.0,0.0,0.4702721977619949,0.507969391135484,0.5727545604847356,0.5007048953847558,0.5261825105490001,0.5378980786199762,0.5862205845189122,0.4842127775322267,0.4659767202843682,0.5814759995067483
drift,omd_paper_v2_literal,1,138,9,0,0.0,10.186748389196664,0.10120666831367903,0.35144509376513405,0.0,0.0,0.4689018932134606,0.5073685340865111,0.5741570729672396,0.5014665717354784,0.5270392341087428,0.5381994201380947,0.5878925015935533,0.4840730784339661,0.46490039202048167,0.5835327373611209
drift,omd_paper_v2_literal,1,139,9,1,0.0,10.186748389196664,0.10132008280579168,0.3591220573808714,0.0,0.0,0.4708094729588124,0.508204917568311,0.5722044628253029,0.5004063214077116,0.5258466373388182,0.537779946855147,0.5855646575234098,0.4842675394753511,0.46639872197512694,0.5806689921303031
drift,omd_paper_v2_literal,1,140,9,0,0.0,10.186748389196664,0.10075424567895487,0.3484807818036747,0.0,0.0,0.46944083604194803,0.507604878726774,0.5736055476735609,0.5011669734443736,0.5267022679082116,0.5380808933356821,0.5872351069396511,0.48412802758903917,0.46532371813625434,0.5827240797764865
drift,omd_paper_v2_literal,1,141,6,0,0.012681801061831588,10.199430190258495,0.10086903650009359,0.33713028148073376,0.0,0.0,0.47133979687691574,0.508437364104807,0.5716613751602105,0.5001116469660921,0.5255151281971998,0.5376633539074989,0.584917000290061,0.48432158651645424,0.46681525885404124,0.5798721021199652
drift,omd_paper_v2_literal,1,142,4,0,0.24746752131872024,10.446897711577215,0.10078519361808637,0.33445403102202875,0.0,0.0,0.4718287092547455,0.5076928407065888,0.5693174272491072,0.5006794676180192,0.5249878952336762,0.5361697469978237,0.5820942159651534,0.48508035093378005,0.46756264451894186,0.5775372923036907
drift,omd_paper_v2_literal,1,143,6,1,0.012626572103816125,10.45952428368103,0.09928706500053036,0.3425841063117589,0.0,0.0,0.4716466174967816,0.5071921565094613,0.5674978867980682,0.4983667507321778,0.5220422384884339,0.5346038213862783,0.5816336205512491,0.4824092586906235,0.47046794934716557,0.5764933818287487
drift,omd_paper_v2_literal,1,144,6,1,0.012598870580948773,10.472123154261979,0.09884979542479198,0.35066999601744825,0.0,0.0,0.47129745025734954,0.5077237207565051,0.5691733079134957,0.49796071977951245,0.5224182448982995,0.5356705808708836,0.5836504541696776,0.48186696795480155,0.46993453437347366,0.578161890632006
drift,omd_paper_v2_literal,1,145,6,1,0.012571111138838797,10.484694265400817,0.0984282046727233,0.35871150828034176,0.0,0.0,0.4709505488840635,0.5082518605525354,0.5708364231769927,0.49755729401908844,0.5227918160655888,0.5367301796171778,0.5856515909240393,0.48132819543123834,0.4694046064351542,0.5798179395292056
drift,omd_paper_v2_literal,1,146,6,1,0.012543293860676541,10.497237559261494,0.0980221836298926,0.3667085148654639,0.0,0.0,0.47060589217368215,0.5087766070322925,0.5724873276558351,0.4971564494996134,0.5231629746744019,0.5377826785938475,0.5876371436133688,0.4807929089319396,0.46887813332313855,0.5814616276414597
drift,omd_paper_v2_literal,1,147,6,1,0.01251541883020657,10.5097529780917,0.09763161895521447,0.374660942983914,0.0,0.0,0.4702634591189349,0.5092979910665533,0.5741261163973042,0.49675816248186394,0.5235317432017109,0.5388281384150818,0.5896072255893244,0.48026107654507666,0.46835508311093016,0.5830930539927459
drift,omd_paper_v2_literal,1,148,6,1,0.012487486131727232,10.522240464223428,0.09725639312768274,0.3825687682591933,0.0,0.0,0.4699232289082649,0.5098160432615694,0.5757528843927068,0.4963624094387393,0.523898143917538,0.5398666193325241,0.5915619506879993,0.47973266663546615,0.4678354241548657,0.5847123174748926
drift,omd_paper_v2_literal,1,149,6,1,0.01245949585009043,10.534699960073517,0.09689638450124619,0.39043200865697697,0.0,0.0,0.46958518092549034,0.5103307939586539,0.5773677265429535,0.49596916705521293,0.5242621988852223,0.5408981812277416,0.5935014331643458,0.4792076478448984,0.467319125094229,0.5863195168141324
drift,omd_paper_v2_literal,1,150,6,0,0.012431448070701734,10.54713140814422,0.09655146736783472,0.3789340217957343,0.0,0.0,0.4692492947493881,0.5108422732339104,0.578970737625646,0.49557841222818644,0.5246239299617738,0.5419228836051978,0.5954257876291432,0.4786859890923205,0.4668061548512277,0.587914750539179
drift,omd_paper_v2_literal,1,151,6,1,0.012403342879520274,10.55953475102374,0.09637625325105334,0.386787249579121,0.0,0.0,0.46974052810222944,0.5100942419053741,0.5766258257756383,0.49614988178572417,0.5240948998785121,0.540424167890128,0.5926104982771557,0.47944891564221714,0.4675563827313453,0.5855811512743305
drift,omd_paper_v2_literal,1,152,6,1,0.012375180363057958,10.571909931386799,0.09602838727438255,0.3945962629896335,0.0,0.0,0.4694049534546117,0.5106052374660753,0.5782280474986843,0.49575950191021634,0.5244562935123603,0.5414480419609142,0.5945343310804294,0.4789277394559079,0.46704387568664374,0.5871756873407645
drift,omd_paper_v2_literal,1,153,6,0,0.012346960608380253,10.584256891995178,0.0956955505118952,0.38312877332727413,0.0,0.0,0.4690715130819493,0.5111130028403643,0.5798185801763174,0.4953715781161514,0.5248153928016284,0.5424651411556892,0.5964432141781285,0.47840988085590863,0.46653465525382615,0.5887584028225803
drift,omd_paper_v2_literal,1,154,9,0,0.0,10.584256891995178,0.09550546027840764,0.37285990538147773,0.0,0.0,0.4695612514795279,0.5103672324698916,0.5774819793922996,0.4959413295132467,0.5242879694534165,0.5409711925708409,0.5936386199234744,0.4791704833623576,0.4672825787959686,0.5864332216246287
drift,omd_paper_v2_literal,1,155,5,1,0.22900443305712492,10.813261325052302,0.0955809221822338,0.37674971782267935,0.0,0.0,0.47146187243304893,0.5112155664186986,0.5755710229992687,0.49487388686366496,0.523105034153575,0.5405765594416453,0.5913646315706531,0.47935498310242514,0.46876816389070264,0.5836120112997887
drift,omd_paper_v2_literal,1,156,5,0,0.2283776375931666,11.041638962645468,0.09648916827717845,0.37218446571092073,0.0,0.0,0.4732137916887752,0.5134799067995478,0.5775012760125747,0.49457818510856405,0.5244729560069212,0.5430647932235889,0.5924813138700145,0.48054381155963954,0.4675125676452228,0.5839138368100758
drift,omd_paper_v2_literal,1,157,5,0,0.22775054591245358,11.269389508557921,0.09481057692259444,0.36797389123825236,0.0,0.0,0.47114671716488504,0.5108080846047651,0.5752234595612477,0.4949270938445846,0.5228588620555733,0.5401286248191876,0.5911636027414074,0.47914109769562196,0.46899412992289796,0.583557696175799
drift,omd_paper_v2_literal,1,158,9,1,0.0,11.269389508557921,0.09315387996326671,0.3753233404898585,0.0,0.0,0.46909550809589967,0.5081548936457694,0.5729588831893503,0.495273494609063,0.5212559203933936,0.5372108442275139,0.589854084737852,0.47774881149104587,0.4704655628486315,0.583204034183293
drift,omd_paper_v2_literal,1,159,9,1,0.0,11.269389508557921,0.09261543591527512,0.3826626877792726,0.0,0.0,0.46774648098121546,0.5075514164274796,0.5743160990122455,0.4960311219716766,0.5220947870031324,0.537489652159109,0.5914692432063835,0.4776172046253874,0.46941167817727203,0.5852068795409765
drift,omd_paper_v2_literal,1,160,9,0,0.0,11.269389508557921,0.09209528514909615,0.3722999688944316,0.0,0.0,0.46640653982173735,0.5069517731119387,0.5756635351708297,0.4967839268038298,0.5229281705659473,0.5377666555277464,0.5930721284891022,0.4774864416927375,0.4683647970380105,0.5871941432430219
drift,omd_paper_v2_literal,1,161,9,0,0.0,11.269389508557921,0.09216061773908235,0.3620778450446629,0.0,0.0,0.4683005300667372,0.5077992939375147,0.5737587648332264,0.49571992854866026,0.5217502422486175,0.5373751362549821,0.590806063165478,0.47767126100264873,0.4698445226825418,0.5843845592829627
drift,omd_paper_v2_literal,1,162,5,0,0.22461066620399905,11.49400017476192,0.09224688364228033,0.3581877631750168,0.0,0.0,0.470183340871449,0.5086413627542772,0.5718639777217933,0.4946627575271791,0.5205795900686899,0.536986069420903,0.5885506290619341,0.4778549071255345,0.47131533224438765,0.5815874581903077
drift,omd_paper_v2_literal,1,163,9,1,0.0,11.49400017476192,0.09061284823267843,0.3655515956752435,0.0,0.0,0.4681467057906926,0.5060073061476428,0.5696136961928715,0.49500736683406377,0.5189891811879972,0.5340880984365859,0.587250388967585,0.4764733844401289,0.472775176134299,0.5812382669263269
drift,omd_paper_v2_literal,1,164,9,0,0.0,11.49400017476192,0.0900590312070098,0.3553222271289011,0.0,0.0,0.46679992617434235,0.5054043180064178,0.5709709026093304,0.49576377065619964,0.5198266714209162,0.5343661838640963,0.5888657044966815,0.4763417903333041,0.4717227558290598,0.5832403719450726
drift,omd_paper_v2_literal,1,165,4,1,0.2324283701332393,11.72642854489516,0.0901561419377347,0.35708098033417,0.0,0.0,0.46867284222948236,0.5062428094933148,0.5690833291432142,0.49471194556780806,0.5186620548940738,0.5339794813475737,0.5866189855816274,0.4765247818019905,0.47318628427220805,0.5804555773341312
drift,omd_paper_v2_literal,1,166,4,1,0.23177083148315075,11.95819937637831,0.09100969033065408,0.35913845272347344,0.0,0.0,0.4688404887825939,0.5066929211391992,0.5707258609019846,0.4968270098740664,0.5213480158072438,0.5353971902050144,0.5870186154396848,0.47896473756246233,0.47053834476635875,0.5813906663965498
drift,omd_paper_v2_literal,1,167,4,0,0.23111299310914213,12.189312369487453,0.09187636590413437,0.3569058263871521,0.0,0.0,0.46900689773957704,0.5071396805801244,0.5723546602402039,0.49892648514270405,0.5240128173460702,0.5368038090807715,0.5874151652367419,0.4813875730796372,0.46791170120573927,0.5823182357098753
drift,omd_paper_v2_literal,1,168,5,1,0.2208331672221051,12.410145536709559,0.0903401148322807,0.36038629063139765,0.0,0.0,0.4688250557926514,0.5066514865754639,0.570574722226012,0.49663230183294726,0.5211008090117417,0.5352667066346043,0.5869818323146105,0.47874008382669797,0.47078203370127586,0.5813046111462731
drift,omd_paper_v2_literal,1,169,5,1,0.2202025702224072,12.630348106931965,0.09123238632063607,0.364084664981338,0.0,0.0,0.4705849049065939,0.5089259871874346,0.5725124960006674,0.4963281803842055,0.522466241552443,0.537765375293624,0.5881034824293123,0.4799271321645534,0.469529485436161,0.5816026390329567
drift,omd_paper_v2_literal,1,170,5,1,0.21957168527386783,12.849919792205833,0.09213042070562062,0.36798879061886736,0.0,0.0,0.47233289262077444,0.5111838567291115,0.5744342134753014,0.4960262365044397,0.5238215773503824,0.5402443000130748,0.5892162066209803,0.4811059157828263,0.4682862741935649,0.5818984766943344
drift,omd_paper_v2_literal,1,171,5,0,0.21894051302495882,13.068860305230793,0.0930335527282807,0.36341256334611804,0.0,0.0,0.4740690834925603,0.5134251698089517,0.5763400012292433,0.495726449245152,0.5251668986086775,0.5427035744515463,0.5903200915351593,0.48227649933975686,0.4670523200759121,0.5821921458758191
drift,omd_paper_v2_literal,1,172,5,1,0.21830905412592416,13.287169359356717,0.09136250024626134,0.3672656220064585,0.0,0.0,0.4720233600681398,0.5107841306696044,0.5740941347238266,0.496079695579316,0.5235816396142217,0.5398055469395114,0.5890192645146527,0.4808971959911553,0.46850635698489657,0.5818461028089349
drift,omd_paper_v2_literal,1,173,5,0,0.21767730922877715,13.504846668585495,0.09226338233991936,0.3627572735435623,0.0,0.0,0.47375491407698955,0.5130196958194038,0.5759953615619559,0.4957806882733521,0.5249235217791455,0.5422587789062627,0.5901204373575129,0.48206469578345856,0.4672755447900235,0.5821390178562009
drift,omd_paper_v2_literal,1,174,9,1,0.0,13.504846668585495,0.0905972720915101,0.3700212321281183,0.0,0.0,0.4717182575850513,0.5103900848549433,0.57375883147632,0.496132393264495,0.5233451089252411,0.539372983124375,0.5888250997514778,0.4806914557540244,0.46872331688337576,0.581794473137078
drift,omd_paper_v2_literal,1,175,9,1,0.0,13.504846668585495,0.09008231073010425,0.3772773531107041,0.0,0.0,0.4703739952911636,0.5097865285691711,0.575101530857533,0.4968821186437624,0.5241719595909747,0.5396440075754283,0.5904292993029264,0.48055473986053715,0.46768268865809637,0.5837848673941952
drift,omd_paper_v2_literal,1,176,9,1,0.0,13.504846668585495,0.08958602008036308,0.3845232103664739,0.0,0.0,0.46903866544040496,0.5091867635042456,0.576434636501656,0.4976271134291666,0.524993446463992,0.5399132936825919,0.5920214428936563,0.4804188920309629,0.46664892423374527,0.5857599634101642
drift,omd_paper_v2_literal,1,177,9,1,0.0,13.504846668585495,0.08910834688484146,0.39175661268272755,0.0,0.0,0.4677121999629982,0.5085907565114001,0.5777582295570292,0.49836741804477624,0.5258096161276817,0.5401808576235648,0.5936016297703607,0.4802839042137243,0.4656219660441304,0.5877198698269063
drift,omd_paper_v2_literal,1,178,9,1,0.0,13.504846668585495,0.08864923083624851,0.3989755807521632,0.0,0.0,0.46639453094343,0.5079984746985614,0.5790723908016272,0.49910307263192666,0.5266205148340294,0.5404467154252434,0.5951699589442987,0.4801497684324069,0.4646017568535978,0.5896646958082064
drift,omd_paper_v2_literal,1,179,9,1,0.0,13.504846668585495,0.08820860445689775,0.4061783266318643,0.0,0.0,0.4650855906384517,0.507409885431706,0.5803772006274883,0.49983411704634634,0.5274261885003255,0.5407108829640381,0.5967265291620882,0.48001647678558645,0.4635882397643891,0.5915945509758128
drift,omd_paper_v2_literal,1,180,9,1,0.0,13.504846668585495,0.08778639299505665,0.41336323538612996,0.0,0.0,0.46378531149425295,0.5068249563360391,0.5816727390260014,0.5005605908555353,0.52822668270617,0.5409733759662473,0.5982714388778886,0.47988402144662995,0.4625813582235304,0.5935095453479551
drift,omd_paper_v2_literal,1,181,9,0,0.0,13.504846668585495,0.08738251433922078,0.40286441435466924,0.0,0.0,0.4624936261628348,0.5062436552970079,0.5829590855740241,0.5012825333363854,0.5290220426907603,0.5412342100084827,0.5998047862269309,0.47975239466346975,0.4615810560292671,0.5954097892802193
drift,omd_paper_v2_literal,1,182,9,1,0.0,13.504846668585495,0.08731653023586652,0.4100301722601026,0.0,0.0,0.46438286858423233,0.507093796153814,0.5810774395229246,0.5002266986480045,0.5278587878874704,0.5408527352074156,0.5975616282111722,0.4799448984734965,0.4630440904469293,0.5926297501243067
drift,omd_paper_v2_literal,1,183,9,1,0.0,13.504846668585495,0.08690970234979131,0.4171774356778228,0.0,0.0,0.46309218775793215,0.5065130576594027,0.5823630759501773,0.5009479542932815,0.5286534563791786,0.5411133309766188,0.5990944075268417,0.47981339588765887,0.462044601575703,0.5945294855479722
drift,omd_paper_v2_literal,1,184,9,1,0.0,13.504846668585495,0.08652118977841063,0.42430483956870124,0.0,0.0,0.4618099992513838,0.5059359024856439,0.5836396330160298,0.5016647340547841,0.5294430538584367,0.5413722887038479,0.6006157650114611,0.4796827114248591,0.461051611958575,0.5964146422235084
drift,omd_paper_v2_literal,1,185,9,1,0.0,13.504846668585495,0.08615089915406121,0.4314111515224888,0.0,0.0,0.4605362368301222,0.5053622992821957,0.5849071887320261,0.5023770763146057,0.5302276245252702,0.5416296235611728,0.6021257971442154,0.4795528375344439,0.4600650665817691,0.5982853296451128
drift,omd_paper_v2_literal,1,186,9,1,0.0,13.504846668585495,0.08579872946708508,0.4384952595439862,0.0,0.0,0.45927083449981154,0.5047922169568163,0.5861658206703553,0.5030850191637369,0.5310072122389127,0.5418853505745416,0.6036246000298717,0.47942376673852166,0.4590849107915266,0.6001416575017534
drift,omd_paper_v2_literal,1,187,9,0,0.0,13.504846668585495,0.08546457205069558,0.4278544735716058,0.0,0.0,0.45801372651972805,0.5042256246758288,0.5874156059528823,0.5037886004004963,0.5317818605160436,0.5421394846243618,0.6051122693771361,0.4792954916316626,0.4581110902989791,0.601983735626847
drift,omd_paper_v2_literal,1,188,9,1,0.0,13.504846668585495,0.08531984119924838,0.43492261853803593,0.0,0.0,0.45990360423675075,0.5050773197745155,0.5855365118106256,0.5027309745925123,0.5306173550035567,0.5417574629009438,0.6028752821446192,0.479488315379711,0.45957505276215393,0.5992136540822464
drift,omd_paper_v2_literal,1,189,9,1,0.0,13.504846668585495,0.0849826353268978,0.4419682240136621,0.0,0.0,0.4586471796955254,0.5045111600382688,0.5867859170094187,0.5034340326665226,0.531391495791545,0.5420114166213928,0.6043628005943671,0.4793601354715146,0.45860180715015847,0.6010557787277382
drift,omd_paper_v2_literal,1,190,9,1,0.0,13.504846668585495,0.08466341559645732,0.44899034867862947,0.0,0.0,0.4573989536990089,0.5039484485297877,0.5880265811158701,0.504132781037126,0.5321607562744616,0.5422637968514992,0.6058393177558423,0.47923274153884915,0.4576348217170665,0.6028838169167721
drift,omd_paper_v2_literal,1,191,9,0,0.0,13.504846668585495,0.08436206133550082,0.43832137512583375,0.0,0.0,0.45615886165884656,0.5033891551516061,0.5892585796830895,0.504827256634234,0.5329251789610177,0.5425146180871626,0.6073049276170672,0.47910612636766875,0.4566740433440135,0.6046978773470802
drift,omd_paper_v2_literal,1,192,6,0,0.011202734147311766,13.516049402732808,0.08417933482731123,0.42732737140976984,0.0,0.0,0.4580445328727477,0.5042395124211346,0.5873849861576611,0.5037713552549338,0.531762875110968,0.5421332558662687,0.6050758286101832,0.4792986357199489,0.45813495558823086,0.6019386191702466
drift,omd_paper_v2_literal,1,193,4,0,0.2139062239252532,13.729955626658061,0.08382660921176328,0.4248532301877935,0.0,0.0,0.4584970826880546,0.5034812124802301,0.5851133561703704,0.5043818274949727,0.5312847542157447,0.5406605024259316,0.6023396865284819,0.48007857840822515,0.4588269758618867,0.5997010699966949
drift,omd_paper_v2_literal,1,194,9,1,0.0,13.729955626658061,0.08212142333263439,0.4318971928099251,0.0,0.0,0.45830615120191315,0.5029937829484779,0.5833588362048545,0.5020685389166412,0.5283630512837832,0.5391274858227059,0.6019367956049846,0.47740554634566673,0.4617012329389142,0.5987188906174019
drift,omd_paper_v2_literal,1,195,9,0,0.0,13.729955626658061,0.0817870107475606,0.42137899453995087,0.0,0.0,0.45705676124138167,0.5024294748765121,0.5846013727383335,0.5027675767958928,0.5291320470300473,0.5393784751482772,0.6034158689391153,0.4772773755910834,0.46073400527750125,0.6005505385721047
drift,omd_paper_v2_literal,1,196,6,1,0.011080689121077514,13.741036315779139,0.08164030509990268,0.4286227673640025,0.0,0.0,0.45892394636796946,0.5032727299025397,0.5827442311341886,0.501722986221434,0.527982870106498,0.5390034090359487,0.6012049677877459,0.47746890502100875,0.46217946145609184,0.5978124446811771
drift,omd_paper_v2_literal,1,197,6,0,0.011050045427034694,13.752086361206175,0.08143594780891295,0.41768988621301967,0.0,0.0,0.45862910752813024,0.5037730489770046,0.5842386481144782,0.5013190465534065,0.5282953036437407,0.5399722906844941,0.6030043604958487,0.4769556397406356,0.46172648941064637,0.5992830348647156
drift,omd_paper_v2_literal,1,198,4,0,0.2105750692228246,13.962661430429,0.08109235787329656,0.41557139518309705,0.0,0.0,0.4590742684388249,0.5030176610080146,0.5819817792792625,0.5019289167745742,0.5278235807607622,0.5385093522053747,0.6002865678881932,0.47773058978182636,0.4624104139844757,0.5970620475544054
drift,omd_paper_v2_literal,1,199,6,1,0.010988599893429707,13.97365003032243,0.07941629435472282,0.4228288753257974,0.0,0.0,0.45888267018619167,0.5025337070567831,0.5802411956188814,0.49963568357716787,0.5249254299917808,0.5369891457922457,0.5998899448791719,0.47508040130454543,0.46526195504829193,0.5960899186628016
drift,omd_paper_v2_literal,1,200,6,0,0.010957798278711461,13.984607828601142,0.07920299938384255,0.41193486924080724,0.0,0.0,0.4585877140832792,0.5030340809452182,0.5817382209512657,0.49923117193695604,0.5252375812652395,0.5379586045713354,0.6016917702986885,0.47456670155817376,0.46480901014104997,0.5975627907115308
drift,omd_paper_v2_literal,1,201,6,0,0.010926944249501802,13.995534772850643,0.07886817966296833,0.4011285761223073,0.0,0.0,0.45903062324336863,0.5022827307519774,0.579489768984871,0.49983857614817534,0.5247688558042833,0.5365027850743196,0.5989851748890156,0.47533807946377593,0.46548916187795175,0.5953505105597496
drift,omd_paper_v2_literal,1,202,4,1,0.2079051479225852,14.203439920773228,0.07855541951664274,0.4030454782766067,0.0,0.0,0.4594709388640842,0.5015358788492111,0.5772515353470619,0.5004423360758942,0.5243028996986259,0.5350550843402689,0.5962888234124354,0.4761049453275353,0.46616535953751714,0.5931476590099639
drift,omd_paper_v2_literal,1,203,4,1,0.20723697955556242,14.41067690032879,0.0795539579736038,0.4052079434818929,0.0,0.0,0.45964359528109666,0.5019708016605993,0.5788191621086871,0.5025056603648009,0.526910194761889,0.5364225979602943,0.5966450668450642,0.47848988952700583,0.463599768048479,0.5940229274818513
drift,omd_paper_v2_literal,1,204,4,0,0.206568537435722,14.617245437764511,0.08056224676434313,0.40280889204479686,0.0,0.0,0.45981500239602147,0.5024025503844497,0.580373788839093,0.504553856163337,0.5294970287717607,0.5377795990968404,0.5969986120231623,0.4808584150210719,0.4610547871798101,0.5948912237009805
drift,omd_paper_v2_literal,1,205,4,0,0.20589982229803583,14.823145260062548,0.07887629801650585,0.40074705056951815,0.0,0.0,0.45962350708556265,0.5019202007423129,0.5786368577291516,0.5022656061113645,0.5266069219336379,0.5362635224596127,0.5966036249634619,0.4782123608874164,0.4638981651677782,0.593921125030795
drift,omd_paper_v2_literal,1,206,9,1,0.0,14.823145260062548,0.07721604905143056,0.4078015013664839,0.0,0.0,0.45943341544986166,0.5014413535183571,0.57691062433082,0.49999389408502004,0.5237360566919809,0.5347578020112799,0.5962113849385967,0.47558674808045814,0.4667232001528537,0.5929573519546176
drift,omd_paper_v2_literal,1,207,9,0,0.0,14.823145260062548,0.07684708169247635,0.3975162645497152,0.0,0.0,0.4581708202131772,0.5008663566151329,0.5781589422352519,0.5006977607623716,0.5245054633220122,0.5350021825997716,0.5977020312157141,0.47545390882585403,0.4657534209115132,0.5948066682774374
drift,omd_paper_v2_literal,1,208,6,1,0.010709508061811923,14.83385476812436,0.07673544242346647,0.404791259161751,0.0,0.0,0.4600132354662979,0.501705327528335,0.5763372042682574,0.4996707559349373,0.5233827920208337,0.5346456037872318,0.5955264473966083,0.47564773438127356,0.4671685005683243,0.5921074632350447
drift,omd_paper_v2_literal,1,209,6,0,0.010678238856544287,14.844533006980903,0.07650661111909345,0.3940669771208784,0.0,0.0,0.45971921887860556,0.5022099109703974,0.5778431462029691,0.49926014339026653,0.5236928568032626,0.5356200990963368,0.5973422832864971,0.475128937831328,0.4667170555753506,0.5935890729216322
drift,omd_paper_v2_literal,1,210,4,0,0.20255217718489488,15.047085184165798,0.07618843812902476,0.3923726013668037,0.0,0.0,0.4601527982565605,0.501465829042216,0.5756219204828507,0.4998656506642721,0.5232356154913981,0.5341829729724062,0.5946636534559481,0.475893996211149,0.4673827948225675,0.5914036387907592
drift,omd_paper_v2_literal,1,211,6,1,0.010615546449825208,15.057700730615624,0.07455800597237862,0.3996545634921619,0.0,0.0,0.4599620660073292,0.5009903292561023,0.5739095554133268,0.4976134238389309,0.5203879101607818,0.5326897552196265,0.5942775375400211,0.4732905572438273,0.47018541656952684,0.5904497924423521
drift,omd_paper_v2_literal,1,212,6,1,0.010584123485950725,15.068284854101574,0.07431972423751983,0.4069031752460844,0.0,0.0,0.4596679901958914,0.5014948680519224,0.5754175645884,0.4972023384093377,0.5206976017146364,0.5336645646930981,0.5960952632454453,0.4727714510304441,0.469734142099496,0.5919332170062033
drift,omd_paper_v2_literal,1,213,6,0,0.01055264950766066,15.078837503609234,0.0740992004529602,0.39619243869112997,0.0,0.0,0.45937569410437895,0.501996398161873,0.5769152000284351,0.49679370567164766,0.5210054325893873,0.5346333122592724,0.5978995501688558,0.47225549560901553,0.46928560503255295,0.5934061462222198
drift,omd_paper_v2_literal,1,214,6,1,0.010521124635057388,15.089358628244291,0.07376975850062675,0.4034302369505819,0.0,0.0,0.45980774931483787,0.5012550810232097,0.5747010407058954,0.4973977106263232,0.5205504195301252,0.5332013078806533,0.5952316956566115,0.4730181544215966,0.469948608890755,0.5912284110447618
drift,omd_paper_v2_literal,1,215,6,1,0.010489548988767416,15.099848177233058,0.07354698280138905,0.41063476133983917,0.0,0.0,0.45951568592698244,0.5017561906095317,0.5761980817066243,0.4969894199389316,0.5208579988787218,0.5341693624789594,0.5970357140016554,0.47250260528034377,0.46950042584399404,0.5927008942008715
drift,omd_paper_v2_literal,1,216,6,0,0.010457922689940724,15.110306099923,0.07334194281093856,0.39994761918883226,0.0,0.0,0.45922538095395765,0.502254326975094,0.5776848659036343,0.49658355288323075,0.5211637397475126,0.5351314250890875,0.5988264430657395,0.47199016955504025,0.46905494761564,0.5941630024682065
drift,omd_paper_v2_literal,1,217,5,0,0.1896076046297796,15.299913704552779,0.07299461311459929,0.39712781571867817,0.0,0.0,0.4596561646752914,0.5015151577618129,0.5754781792377641,0.49718580689682257,0.5207100554691556,0.5337037608254505,0.5961683073661679,0.47275057666636944,0.4697159953602306,0.5919928373299144
drift,omd_paper_v2_literal,1,218,9,0,0.0,15.299913704552779,0.07128480616523664,0.3870899495026971,0.0,0.0,0.45765233401055233,0.49893720033371336,0.5733212783759998,0.49754532980653987,0.5191869677064169,0.5308871938846872,0.5949394060422164,0.4714134571409924,0.47110748590691437,0.5916958682547393
drift,omd_paper_v2_literal,1,219,4,1,0.19650955911252826,15.496423263665307,0.07119192884764061,0.38839524918383883,0.0,0.0,0.4594784767792049,0.49977856877977933,0.5715294413763092,0.4965209684994908,0.5180775534738941,0.5305480808844082,0.5927999861333919,0.47160062120937746,0.4725062562287758,0.589030180152568
drift,omd_paper_v2_literal,1,220,4,0,0.19583683805375712,15.692260101719064,0.0721746484359541,0.38699938857539656,0.0,0.0,0.4596534944375668,0.5002130559323524,0.5731006995876741,0.4985920908612829,0.5206943148639914,0.531917407732027,0.5931501002939665,0.4739930969218307,0.4699307572769516,0.5899039199759316
drift,omd_paper_v2_literal,1,221,9,0,0.0,15.692260101719064,0.07055647425304924,0.3770867272712095,0.0,0.0,0.45946473774532776,0.49974446012825163,0.5714060309795499,0.4963583827757526,0.5178720853237123,0.5304405645213247,0.5927724970357658,0.47141285785196696,0.47270850504667195,0.5889615648753719
drift,omd_paper_v2_literal,1,222,5,1,0.18638551175726836,15.878645613476333,0.07048638791018887,0.37963760982698497,0.0,0.0,0.4612810393806622,0.5005813428460826,0.569625580836985,0.4953434912510524,0.5167732543950609,0.5301055836002214,0.5906431731864654,0.47160253057982326,0.4740952625413378,0.5863082129211763
drift,omd_paper_v2_literal,1,223,5,0,0.18574033664578254,16.064385950122116,0.07147196937850467,0.37676980426603834,0.0,0.0,0.46304437984964064,0.5028465124156061,0.5715221252661686,0.4950233859771919,0.5181072091359774,0.5325790138635504,0.5917256250698187,0.4727733635891231,0.4728766340036492,0.5865678472604524
drift,omd_paper_v2_literal,1,224,5,0,0.18509491107522186,16.249480861197338,0.0697789803028784,0.3742366435296441,0.0,0.0,0.46104937118574774,0.5002836491363494,0.5693761826259468,0.49538555996628447,0.516597927084825,0.5297804113131784,0.5905008511364084,0.4714486819551913,0.47425543868868486,0.5862740880514217
drift,omd_paper_v2_literal,1,225,3,1,0.16623867636618894,16.415719537563525,0.06810691111837863,0.3736283700810839,0.0,0.0,0.4590695582132309,0.49773870677757603,0.567242676131606,0.4957452041044574,0.5150989078577723,0.5269995399048463,0.589283536538212,0.47013366873946594,0.47562498255928176,0.5859823239334261
drift,omd_paper_v2_literal,1,226,3,1,0.16565781762515153,16.58137735518868,0.06836128974691884,0.37336694702240497,0.0,0.0,0.45785646557686294,0.49641794606148115,0.5676141536568652,0.49858993317607714,0.5172559282517363,0.5266589171772122,0.5887917364702211,0.47216257935521544,0.4734276883476479,0.5868233139286047
drift,omd_paper_v2_literal,1,227,3,1,0.16507672185423672,16.746454077042916,0.06864739871991313,0.373445364644343,0.0,0.0,0.45665297495913665,0.49510715129933847,0.5679827668808783,0.501413394096034,0.5193961177936387,0.5263208273836153,0.5883034534753623,0.4741771662825354,0.4712479089299481,0.5876574890532273
drift,omd_paper_v2_literal,1,228,3,0,0.1644953897593185,16.910949466802233,0.06896402067605159,0.37336780716335266,0.0,0.0,0.455459003426403,0.4938062460643721,0.5683485432960323,0.5042156073770258,0.5215195654001248,0.525985247360341,0.5878186576998645,0.4761774876903535,0.469085548225364,0.5884849153994766
drift,omd_paper_v2_literal,1,229,3,1,0.16391382204786148,17.074863288850093,0.0681012660747103,0.3734421663272391,0.0,0.0,0.45666419983802375,0.49511937923675803,0.5679793284871167,0.5013870545623159,0.5193761554324772,0.5263239814878232,0.5883080094038573,0.4741583684963141,0.47126823884977054,0.5876497094686685
drift,omd_paper_v2_literal,1,230,3,0,0.16333201942891773,17.23819530827901,0.06841819495334725,0.37336868224840986,0.0,0.0,0.4554746167491093,0.49382326080160344,0.5683437595895449,0.5041789570460605,0.5214917965364324,0.5259896367443544,0.5878249997068222,0.4761513193352743,0.4691138235926732,0.5884740962623295
drift,omd_paper_v2_literal,1,231,9,1,0.0,17.23819530827901,0.06755652827466395,0.3805066590899762,0.0,0.0,0.4566752410822751,0.49513140708881687,0.5679759463508968,0.5013611460263296,0.5193565196637575,0.5263270839780029,0.5883124907669471,0.47413987837789984,0.4712882361952639,0.5876420571421197
drift,omd_paper_v2_literal,1,232,9,0,0.0,17.23819530827901,0.06718641476689169,0.37032404733940105,0.0,0.0,0.45540983955659026,0.49454897691164695,0.5692200196700476,0.5020628885804121,0.5201177319772573,0.526561190720999,0.5898048773810353,0.4740009385776043,0.47032607674088667,0.5894932656118284
drift,omd_paper_v2_literal,1,233,3,0,0.1615852092414249,17.399780517520437,0.06706561935345472,0.37063311023123224,0.0,0.0,0.4572162971127466,0.4953803657179229,0.5674439158100558,0.5010611907283393,0.5190311187292389,0.5262270136329282,0.587674086083104,0.4741992681604803,0.47169956805595536,0.5868500147072997
drift,omd_paper_v2_literal,1,234,9,1,0.0,17.399780517520437,0.06624314503717293,0.3776848444531919,0.0,0.0,0.45840630588782205,0.4966773052255873,0.5670805391238288,0.49826686094065986,0.5169132073860219,0.5265620471929863,0.5881597116095394,0.47220459748546867,0.473856505358469,0.5860261715651538
drift,omd_paper_v2_literal,1,235,9,0,0.0,17.399780517520437,0.06585802378382702,0.3676929379418586,0.0,0.0,0.4571395395418772,0.49609491708868425,0.5683262029932182,0.4989679399267118,0.5176744011753169,0.5267965142058822,0.5896538624924572,0.47206465293365296,0.472893920424278,0.587880860874236
drift,omd_paper_v2_literal,1,236,5,0,0.17733053952211464,17.57711105704255,0.0657551080459687,0.36551934746519466,0.0,0.0,0.4589359544114661,0.4969207369673119,0.5665596191017211,0.4979738229355695,0.5165950170233603,0.5264640402327738,0.5875346967168283,0.47226309337829425,0.4742589085594964,0.5852502141723265
drift,omd_paper_v2_literal,1,237,3,0,0.15925288357877537,17.736363940621327,0.06409927554095392,0.3661645484523149,0.0,0.0,0.4569741413515948,0.49439794915642704,0.5644404940430178,0.49832660911858245,0.5151051669397235,0.5237042329092085,0.58632671440061,0.47095489561882037,0.4756201962850975,0.584960935992638
drift,omd_paper_v2_literal,1,238,9,1,0.0,17.736363940621327,0.06330469717492179,0.3731579026488266,0.0,0.0,0.4581532765686392,0.49568407246950824,0.5640803873386452,0.4955537822453078,0.5130023504596588,0.5240367148939166,0.5868109807034784,0.46897578769938825,0.47776210243757267,0.5841444095439857
drift,omd_paper_v2_literal,1,239,9,1,0.0,17.736363940621327,0.06289641932385158,0.3801359542735785,0.0,0.0,0.45688492160332217,0.49510103127403665,0.5653295121098567,0.49625465058487317,0.5137638753129472,0.5242714105251284,0.5883089622029471,0.468834605576475,0.4767984949672608,0.5860040198543316
drift,omd_paper_v2_literal,1,240,9,1,0.0,17.736363940621327,0.06251238729255519,0.38709719505571594,0.0,0.0,0.4556246629919258,0.4945214704705202,0.5665703869927211,0.496951365641685,0.5145208082588396,0.5245046998597354,0.5897964156653939,0.46869426797022623,0.47584078895039844,0.5878501448230466
drift,omd_paper_v2_literal,1,241,9,0,0.0,17.736363940621327,0.062152620833956645,0.37715950124470987,0.0,0.0,0.4543724407514078,0.49394536107810033,0.5678030766043748,0.4976439608860663,0.5152731865483852,0.5247365951787705,0.5912734225042113,0.4685547674800514,0.4748889382356533,0.5896828759281995
drift,omd_paper_v2_literal,1,242,9,1,0.0,17.736363940621327,0.062023207792800156,0.3841030485000859,0.0,0.0,0.45616158965980846,0.4947684191623024,0.5660417523169589,0.49665449430044223,0.5141982876699848,0.524405296759891,0.5891628120351172,0.4687540651094441,0.4762488454150313,0.5870638114000383
drift,omd_paper_v2_literal,1,243,9,1,0.0,17.736363940621327,0.061661201470824004,0.3910291191153418,0.0,0.0,0.45491044826567645,0.494192912205811,0.5672734943965073,0.4973463528860847,0.5149498994444169,0.5246369515434368,0.5906389559718084,0.4686147099497857,0.47529792455762987,0.5888956570943112
drift,omd_paper_v2_literal,1,244,9,1,0.0,17.736363940621327,0.06132361253152784,0.39793644382159116,0.0,0.0,0.453667251682709,0.49362081558185916,0.5684971464133969,0.4980341400743073,0.5156970102278114,0.5248672292196866,0.5921047742673274,0.46847618173856853,0.4743527909622249,0.5907142570110141
drift,omd_paper_v2_literal,1,245,9,1,0.0,17.736363940621327,0.061010423712753045,0.4048238777362822,0.0,0.0,0.4524319408452988,0.49305210095994045,0.5697127718733389,0.4987178886273989,0.5164396564848843,0.5250961417703081,0.5935603471561919,0.46833847325684036,0.4734133993585976,0.5925197021801849
drift,omd_paper_v2_literal,1,246,9,0,0.0,17.736363940621327,0.06072159449393703,0.39479992585230617,0.0,0.0,0.451204456876717,0.49248674022577327,0.5709204340034628,0.4993976310840309,0.517177874432381,0.5253237010709594,0.595005754654319,0.46820157735027895,0.47247970472752576,0.5943120839153548
drift,omd_paper_v2_literal,1,247,9,1,0.0,17.736363940621327,0.060515916246442474,0.4016717423692841,0.0,0.0,0.4529923333240669,0.49331012632164545,0.5691613422588077,0.49840766914398654,0.5161027244887015,0.5249922847720792,0.5929001514476495,0.4684009514048397,0.47383958117571684,0.5917008728319867
drift,omd_paper_v2_literal,1,248,9,1,0.0,17.736363940621327,0.06022496965869704,0.4085232423212328,0.0,0.0,0.45176571741631766,0.4927452796440975,0.5703682691850106,0.49908678172336457,0.5168402935339567,0.5252196385957765,0.5943449668389169,0.46826417980090035,0.4729066635082714,0.5934927293858602
drift,omd_paper_v2_literal,1,249,9,1,0.0,17.736363940621327,0.05995849565328026,0.4153534604769168,0.0,0.0,0.4505468405425916,0.4921837477188251,0.5715673239013188,0.49976193440505506,0.5175734854710261,0.525445655238784,0.5957797328379586,0.4681282111109184,0.4719793777622518,0.5952716656069599
drift,omd_paper_v2_literal,1,250,9,0,0.0,17.736363940621327,0.05971641138013537,0.4052987790631633,0.0,0.0,0.4493356447696402,0.4916255030646471,0.572758568510751,0.5004331590337499,0.5183023357454141,0.52567034628802,0.5972045282303386,0.46799303835562805,0.4710576797941347,0.5970377721769383
drift,omd_paper_v2_literal,1,251,6,1,0.009320070641506306,17.745684011262835,0.05946019306521431,0.4121652853746421,0.0,0.0,0.4511199713636553,0.49244781817292715,0.571003545644784,0.4994444286455049,0.5172286949567102,0.5253393671997748,0.5951052046919182,0.468192152810372,0.47241543072968556,0.5944353901297433
drift,omd_paper_v2_literal,1,252,6,1,0.00928670588550895,17.754970717148343,0.05934041386858834,0.41900754431396,0.0,0.0,0.45084923575019514,0.4929489258961525,0.5724641118497132,0.4990285917379951,0.51751733611323,0.5262903967054393,0.5968644830098603,0.46768168872280913,0.47199059442416813,0.595858166615877
drift,omd_paper_v2_literal,1,253,6,1,0.009253295319825217,17.76422401246817,0.05924188131536154,0.4258248965092998,0.0,0.0,0.45058009327467496,0.49344715230260383,0.5739149878573606,0.498615158837049,0.5178042979342251,0.5272357421770443,0.5986111295388276,0.4671742411166122,0.4715682530057825,0.5972711265985573
drift,omd_paper_v2_literal,1,254,6,1,0.009219839084849246,17.77344385155302,0.059164349229433234,0.4326167535106313,0.0,0.0,0.4503125301083527,0.49394252112672016,0.5753562443355587,0.49820410976947355,0.5180895948082334,0.528175447562264,0.6003452340247071,0.46666978444275625,0.47114838521713376,0.5986743470421247
drift,omd_paper_v2_literal,1,255,6,0,0.009186337321463345,17.78263018887448,0.05910755320446674,0.42240476746746075,0.0,0.0,0.4500465325480986,0.4944350559142162,0.57678795181801,0.49779542453115705,0.5183732409963491,0.5291095565578313,0.6020668863173946,0.46616829336684723,0.47073096998409913,0.6000679046327204
drift,omd_paper_v2_literal,1,256,9,1,0.0,17.78263018887448,0.05860021569515129,0.42908892590595094,0.0,0.0,0.45044668832940116,0.49369413122336286,0.574633726564674,0.4984102181557896,0.5179465424127967,0.5277042840415809,0.5994760290008829,0.466922721183306,0.47135891069874647,0.5979709433852319
drift,omd_paper_v2_literal,1,257,9,1,0.0,17.78263018887448,0.05841416664320308,0.4357527017309438,0.0,0.0,0.44924863478616656,0.49313825748799356,0.5758030356409972,0.49907744995927167,0.5186667462466331,0.5279212352136028,0.6008728803741019,0.46679182643286926,0.47044857298872494,0.5997082323082068
drift,omd_paper_v2_literal,1,258,9,1,0.0,17.78263018887448,0.058252428376741903,0.4423953107903752,0.0,0.0,0.4480580490551663,0.49258559478051406,0.5769647848028828,0.4997408509172158,0.5193827346948268,0.5281369292662117,0.6022600797170681,0.4666616883740539,0.469543661202858,0.6014330562950466
drift,omd_paper_v2_literal,1,259,9,1,0.0,17.78263018887448,0.0581148113848808,0.44901604374538934,0.0,0.0,0.44687487511358914,0.49203611666094316,0.5781190341825753,0.5004004516549065,0.5200945417867483,0.5283513770285299,0.6036377038240879,0.46653230047325606,0.4686441328328741,0.6031455050238876
drift,omd_paper_v2_literal,1,260,9,0,0.0,17.78263018887448,0.05800110028537506,0.43894602373893615,0.0,0.0,0.4456990571730198,0.49148979689958044,0.5792658435867855,0.5010562825761399,0.5208022013042308,0.5285645892312657,0.6050058291695324,0.46640365625677355,0.46774994563408323,0.604845668221384
drift,omd_paper_v2_literal,1,261,6,1,0.008984378594984799,17.791614567469466,0.05761048810238809,0.44559921189522494,0.0,0.0,0.44748881521139927,0.4923212689049574,0.5775201360857422,0.5000581484098714,0.5197251557504802,0.5282400895348721,0.6029229822666402,0.4665994464443748,0.4691109227511764,0.6022571333291207
drift,omd_paper_v2_literal,1,262,6,1,0.008950562118085759,17.80056512958755,0.05760956369423977,0.4522281874554834,0.0,0.0,0.4472324040701304,0.49281236203312345,0.5789300016862329,0.49964944523572563,0.5200020039930942,0.5291642944440362,0.6046170126135051,0.46610335692491806,0.4687027590624694,0.6036237679032357
drift,omd_paper_v2_literal,1,263,6,1,0.008916701257226545,17.809481830844778,0.05762887405803694,0.45883246409433226,0.0,0.0,0.4469774753724386,0.49330068294890045,0.5803305940650165,0.4992430610947857,0.5202772694990074,0.530083058132511,0.6062989460798771,0.4656101481821473,0.46829695239851366,0.6049810474610321
drift,omd_paper_v2_literal,1,264,6,1,0.008882796157620443,17.8183646270024,0.05766806867636134,0.4654116073538722,0.0,0.0,0.4467240163355725,0.49378625432365214,0.5817219820386872,0.49883897668119725,0.5205509657421635,0.5309964226716777,0.6079688711770933,0.46511979596657227,0.4678934827795737,0.6063290466113257
drift,omd_paper_v2_literal,1,265,6,1,0.008848846964956358,17.827213473967355,0.0577267825433734,0.47196523027729115,0.0,0.0,0.44647201429499245,0.4942690986442275,0.583104234221184,0.4984371728539849,0.5208231060748304,0.5319044298748381,0.6096268763772857,0.4646322762371692,0.46749233040232274,0.607667839620841
drift,omd_paper_v2_literal,1,266,6,1,0.008814853825397484,17.836028327792754,0.05780463739260755,0.4784929894455225,0.0,0.0,0.44622145670376473,0.49474923821316574,0.584477419009873,0.4980376306366054,0.5210937037281448,0.5328071212943578,0.6112730500854442,0.46414756516082467,0.4670934756392023,0.6089975004029533
drift,omd_paper_v2_literal,1,267,6,0,0.00878081688558019,17.844809144678333,0.05790124296147284,0.46821984933866057,0.0,0.0,0.4459723311319343,0.4952266951489632,0.5858416045722625,0.49764033121645573,0.5213627718126808,0.5337045382190228,0.6129074806126082,0.46366563911172143,0.46669689903773937,0.6103181025070327
drift,omd_paper_v2_literal,1,268,6,1,0.008746736292612245,17.853555880970944,0.05722984279790894,0.4747388938691235,0.0,0.0,0.4463645939584379,0.4944749389054438,0.5836930939601986,0.49826588411231304,0.5209391159904089,0.5322914502686877,0.6103329186565682,0.46442446663843434,0.4673213315367034,0.6082380777319009
drift,omd_paper_v2_literal,1,269,6,1,0.008712612194072378,17.86226849316502,0.05732654727150801,0.4812321282306492,0.0,0.0,0.44611554960736177,0.494952205009291,0.5850574965654743,0.4978687375120044,0.5212080866235083,0.5331886413374096,0.6119681579361531,0.46394268918093146,0.4669248850076679,0.6095590873917441
drift,omd_paper_v2_literal,1,270,6,1,0.008678444738008384,17.870946937903028,0.05744182405715586,0.48769926791863827,0.0,0.0,0.44586792176606116,0.49542681705303565,0.5864129933701654,0.49747380968848115,0.5214755441852315,0.5340806131927911,0.6135917757377605,0.4634636668122494,0.46653069209890674,0.6108711344559477
drift,omd_paper_v2_literal,1,271,6,1,0.008644234072936241,17.879591171975964,0.05757525752123525,0.49414006329015814,0.0,0.0,0.4456216983020574,0.4958987966583668,0.5877596514622297,0.4970810822616789,0.5217415014762059,0.5349674063036051,0.6152038592449638,0.4629873764517622,0.46613873381274634,0.6121742911519549
drift,omd_paper_v2_literal,1,272,6,0,0.008609980347838886,17.888201152323802,0.057726423466027285,0.4838346275611214,0.0,0.0,0.44537686719659547,0.496368165266446,0.5890975376738351,0.4966905370117755,0.5220059711796788,0.5358490608733402,0.6168044954891813,0.46251379522147634,0.46574899132229636,0.6134686293253359
drift,omd_paper_v2_literal,1,273,9,1,0.0,17.888201152323802,0.056996565066713516,0.4901261736251689,0.0,0.0,0.445768788643529,0.4956168357882731,0.5869553164724893,0.4973156966593686,0.5215826204457964,0.5344376635979549,0.6142411045715733,0.4632719035617991,0.46637288413244954,0.6113959788940013
drift,omd_paper_v2_literal,1,274,9,0,0.0,17.888201152323802,0.05702759480301551,0.48022243706139045,0.0,0.0,0.4446245393178565,0.4950767716294321,0.5880499450549007,0.49796149750868174,0.5222698192551191,0.5346333576804896,0.6155419846416489,0.46315294404393476,0.4655056210391092,0.6130259559555088
drift,omd_paper_v2_literal,1,275,6,1,0.008506962309198673,17.896708114633,0.05649733689802417,0.4866604139257328,0.0,0.0,0.4464273565170585,0.4959275487932931,0.5863251671860293,0.4969441601363718,0.5211872258483682,0.534325072585985,0.6134919442193939,0.46334034493360166,0.4668719281132283,0.6104570919967262
drift,omd_paper_v2_literal,1,276,6,1,0.008472537843119854,17.90518065247612,0.05665124246966978,0.49307215114676983,0.0,0.0,0.4461845822211967,0.4963989060547284,0.5876642387602563,0.49655152402487224,0.5214506304574571,0.5352079235387034,0.6150950225640631,0.46286618791996303,0.4664833910191739,0.611752055138486
drift,omd_paper_v2_literal,1,277,6,1,0.008438071068887498,17.913618723545007,0.05682284166009995,0.4994574424025012,0.0,0.0,0.44594317229631925,0.4968676701044866,0.5889946398554279,0.4961610575404709,0.5217125705465684,0.5360856867762609,0.616686785766769,0.4623947125022703,0.4660970370482463,0.6130383134199309
drift,omd_paper_v2_literal,1,278,6,1,0.008403562138258436,17.922022285683266,0.057011682961820666,0.505816109814066,0.0,0.0,0.4457031151475202,0.4973338619325952,0.5903164358545945,0.495772742833626,0.5219730584130767,0.5369584016050716,0.6182673191318319,0.46192589636821535,0.465712847929835,0.6143159368999405
drift,omd_paper_v2_literal,1,279,6,1,0.00836901120344713,17.93039129688671,0.05721730975524052,0.512148001679704,0.0,0.0,0.44546439928861215,0.4977975023529916,0.5916296918708276,0.4953865622108751,0.5222321062414597,0.5378261070686949,0.6198367077730944,0.4614597174020288,0.46533080555793926,0.6155849952500045
drift,omd_paper_v2_literal,1,280,6,0,0.008334418417124456,17.938725715303836,0.057439261681741995,0.5018163559641798,0.0,0.0,0.44522701334144466,0.49825861200405147,0.5929344727374778,0.49500249813416713,0.522489726103944,0.538688841946271,0.6213950365936155,0.460996153683639,0.46495089199033673,0.6168455577468293
drift,omd_paper_v2_literal,1,281,6,0,0.008299783932416815,17.947025499236254,0.05663514317894708,0.49156273147697455,0.0,0.0,0.4456145183480412,0.497505930859765,0.590803971854642,0.4956294202132806,0.5220691994104324,0.537280456825596,0.6188500514832337,0.4617528770121292,0.46557105702054824,0.6147871009559479
drift,omd_paper_v2_literal,1,282,9,1,0.0,17.947025499236254,0.05585067828869218,0.4977376952477164,0.0,0.0,0.44599997096714145,0.4967573748243237,0.5886817281682413,0.4962529293803692,0.5216509401448184,0.5358791791583303,0.6163124858822641,0.46250563919126514,0.4661879380233064,0.6127358128194261
drift,omd_paper_v2_literal,1,283,9,1,0.0,17.947025499236254,0.05593606296050989,0.503894742508629,0.0,0.0,0.4448645716812069,0.4962169901693838,0.5897578665710703,0.496897750519011,0.52233183465485,0.536066752392584,0.6175903251712278,0.4623911120445879,0.4653290977325279,0.6143436452612645
drift,omd_paper_v2_literal,1,284,9,1,0.0,17.947025499236254,0.05604317723874796,0.5100333146125565,0.0,0.0,0.44373601106676636,0.4956795975438642,0.590827212545227,0.49753902207339556,0.5230088879019859,0.536253279983538,0.6188594994772773,0.4622772210964253,0.46447520260529185,0.6159401307253436
drift,omd_paper_v2_literal,1,285,9,0,0.0,17.947025499236254,0.05617155955158119,0.5001841027526093,0.0,0.0,0.44261423813514167,0.4951451728869914,0.5918898208590095,0.4981767717900428,0.5236821304722893,0.536438770775835,0.6201200796790288,0.46216396096384926,0.4636262142282641,0.6175253545048063
drift,omd_paper_v2_literal,1,286,9,0,0.0,17.947025499236254,0.05554649338856001,0.4904292837054622,0.0,0.0,0.44441573885945707,0.49600329872481547,0.5901831865575037,0.4971527464549603,0.522601069996233,0.5361409249646396,0.6180951964428225,0.46234582365406773,0.46498952783129094,0.6149787730641217
drift,omd_paper_v2_literal,1,287,5,0,0.14396157788212227,18.090987077118378,0.05494720774799804,0.4883220768798403,0.0,0.0,0.4462087765771907,0.49685672576530465,0.588483786731687,0.49613437987697634,0.5215257484040424,0.5358446925877978,0.6160773787847088,0.4625266955145071,0.46634585835069775,0.6124399430992153
drift,omd_paper_v2_literal,1,288,9,1,0.0,18.090987077118378,0.05315452855154634,0.49448366583127457,0.0,0.0,0.44421263788509846,0.49430201926788336,0.5863995983243928,0.49648637262198053,0.5200231808131187,0.5330698251427136,0.6149268103123252,0.46118798541088124,0.46771216351948053,0.612194177693975
drift,omd_paper_v2_literal,1,289,9,1,0.0,18.090987077118378,0.053270641888119356,0.5006270578909807,0.0,0.0,0.4430841270367779,0.4937643455734875,0.5874713810837789,0.4971277082587794,0.5207003595520284,0.5332561936112102,0.6161992552141095,0.4610739754607484,0.4668578338568049,0.6137940120687775
drift,omd_paper_v2_literal,1,290,9,1,0.0,18.090987077118378,0.05340922739294653,0.5067517189941195,0.0,0.0,0.4419623891150686,0.4932296356580355,0.5885364626904378,0.49776553514658545,0.5213737481089254,0.5334415305271225,0.6174631439747754,0.4609605949653002,0.4660083834493083,0.6153826370299841
drift,omd_paper_v2_literal,1,291,9,0,0.0,18.090987077118378,0.053569762796570004,0.4969476781037121,0.0,0.0,0.4408473738057031,0.49269786581205877,0.5895948965620038,0.4983998805205858,0.5220433763949119,0.5336258445483422,0.6187185458583246,0.46084783863493994,0.4651637747524088,0.6169601360578518
drift,omd_paper_v2_literal,1,292,9,0,0.0,18.090987077118378,0.052914535338592576,0.4872358385795352,0.0,0.0,0.44263381083201353,0.4935497206659985,0.5878989850257319,0.4973837197104229,0.5209706550115769,0.5333305856846469,0.6167067475282614,0.46102846604595515,0.4665168560872649,0.6144319513257273
drift,omd_paper_v2_literal,1,293,5,1,0.13999952617773098,18.23098660329611,0.05228519340287588,0.48905308190208313,0.0,0.0,0.44441195287320245,0.49439695471104367,0.586210274286816,0.49637313671432964,0.5199036074348055,0.5330369181438351,0.6147019779358456,0.4612081159325797,0.46786302754301323,0.6119114513521559
drift,omd_paper_v2_literal,1,294,5,0,0.13933849703434265,18.37032510033045,0.0535409630252106,0.4869884875793015,0.0,0.0,0.4461495746947585,0.4966199008575327,0.588022852848951,0.49606633610988193,0.5212101895222191,0.5354508787547165,0.6157020403425855,0.46237280310706536,0.46667512036926234,0.6121238503985131
drift,omd_paper_v2_literal,1,295,5,1,0.13867727379638473,18.509002374126837,0.05176261181964657,0.4887734493776915,0.0,0.0,0.4441606331320588,0.49407531401196175,0.5859478021424407,0.4964175305327428,0.5197145239952019,0.5326874908303395,0.6145571899252892,0.4610396222131026,0.4680349464225146,0.6118807140052828
drift,omd_paper_v2_literal,1,296,5,0,0.13801585730916355,18.647018231436,0.053017281999533844,0.48674842630873494,0.0,0.0,0.44589338655107763,0.496292255029827,0.5877558494517648,0.4961115546198806,0.5210176329604114,0.5350951918225477,0.6155547044817078,0.46220111622029797,0.46685018007381673,0.6120925480283744
drift,omd_paper_v2_literal,1,297,9,1,0.0,18.647018231436,0.05124911588370831,0.4928751651872661,0.0,0.0,0.4439128048110826,0.49375811064894837,0.5856888993135921,0.49646131261476245,0.5195280407849094,0.5323428475680093,0.6144143773776967,0.4608734592264613,0.46820450351943577,0.6118503993782334
drift,omd_paper_v2_literal,1,298,9,1,0.0,18.647018231436,0.05141304597358384,0.4989839404440965,0.0,0.0,0.4427902324918918,0.4932224713603086,0.5867539021219274,0.49709900064683044,0.520200561554819,0.5325268695647052,0.6156793728857833,0.4607595228943004,0.4673557656273959,0.613441146525751
drift,omd_paper_v2_literal,1,299,9,1,0.0,18.647018231436,0.051599646125073645,0.5050742248284904,0.0,0.0,0.44167435722322246,0.4926897666013078,0.5878122965582591,0.497733222803296,0.5208693446538049,0.5327098799108874,0.6169359245521775,0.46064621155347046,0.46651184048151106,0.6150208268494157
drift,omd_paper_v2_literal,1,300,9,1,0.0,18.647018231436,0.05180831874596683,0.5111455353747024,0.0,0.0,0.44056512959600735,0.4921599730568539,0.5888641348666194,0.4983640057932036,0.5215344193578659,0.5328918870367709,0.6181841001721934,0.4605335199881908,0.465672691334282,0.6165895220738272
drift,omd_paper_v2_literal,1,301,9,1,0.0,18.647018231436,0.05203845278269936,0.5171974302439153,0.0,0.0,0.43946250044721946,0.4916330675994208,0.5899094689566513,0.4989913761288054,0.5221958147220996,0.5330728992953698,0.6194239671568943,0.4604214430307173,0.46483828168271485,0.6181473137651223
drift,omd_paper_v2_literal,1,302,9,1,0.0,18.647018231436,0.052289426460089924,0.5232295058108315,0.0,0.0,0.438366420864901,0.4911090272886938,0.5909483504005941,0.49961536012535956,0.5228535595805957,0.5332529249629537,0.6206555925265453,0.46030997556104897,0.46400857526967465,0.6196942833112419
drift,omd_paper_v2_literal,1,303,9,1,0.0,18.647018231436,0.052560609946181044,0.5292413939741516,0.0,0.0,0.4372768421929083,0.4905878293711607,0.5919808304305149,0.5002359839010053,0.523507682546415,0.5334319722395159,0.6218790429044807,0.4601991125066282,0.46318353608509794,0.6212305119030305
drift,omd_paper_v2_literal,1,304,9,1,0.0,18.647018231436,0.05285136791825353,0.5352327596720605,0.0,0.0,0.43619371603538326,0.49006945127965257,0.5930069599357772,0.5008532733767124,0.5241582120116476,0.5336100492492502,0.6230943845113696,0.46008884884203594,0.4623631283670707,0.6227560805161466
drift,omd_paper_v2_literal,1,305,9,0,0.0,18.647018231436,0.053161062009703254,0.5253375578405421,0.0,0.0,0.43511699426095907,0.4895538706328358,0.5940267894607384,0.5014672542763025,0.5248051761475474,0.5337871640410364,0.624301683159869,0.45997917958868156,0.4615473166027756,0.6242710698937589
drift,omd_paper_v2_literal,1,306,9,1,0.0,18.647018231436,0.05235837435088239,0.531321020469237,0.0,0.0,0.4368967323018306,0.490405941412282,0.5923409648190143,0.5004525751476404,0.5237359458728286,0.5334944558742317,0.6223056504234333,0.46016042336634877,0.46289565309784886,0.621766069750104
drift,omd_paper_v2_literal,1,307,9,1,0.0,18.647018231436,0.052670027691726774,0.5372839978432496,0.0,0.0,0.43581967940370936,0.4898903769272814,0.5933612593235651,0.5010665221227186,0.5243829254384864,0.53367156586968,0.6235138785591643,0.46005075798653783,0.46207975687361097,0.62328254150666
drift,omd_paper_v2_literal,1,308,9,1,0.0,18.647018231436,0.053000175095010954,0.5432261988704129,0.0,0.0,0.43474896901683513,0.48937758241027485,0.5943753157930002,0.5016771927667102,0.5250263745757052,0.5338477232162461,0.6247141432700298,0.4599416811045362,0.46126841188127715,0.6247885367061923
drift,omd_paper_v2_literal,1,309,9,1,0.0,18.647018231436,0.053348167334970886,0.5491473599904863,0.0,0.0,0.43368455387836824,0.48886753596371546,0.595383183773314,0.5022846122684267,0.5256663208634366,0.5340229357779968,0.6259065091200702,0.4598331878563776,0.4604615833173959,0.626284134900522
drift,omd_paper_v2_literal,1,310,9,1,0.0,18.647018231436,0.053713358656728286,0.5550472432933635,0.0,0.0,0.4326263869949671,0.4883602158719181,0.5963849124658812,0.5028888056226243,0.5263027916635045,0.5341972113459006,0.6270910402601351,0.4597252734235287,0.4596592366258084,0.6277694153751969
drift,omd_paper_v2_literal,1,311,9,0,0.0,18.647018231436,0.05409510868964902,0.5450925348593066,0.0,0.0,0.43157442164611115,0.4878556006004151,0.5973805507258831,0.5034897976302379,0.5269358141209675,0.5343705576383305,0.6282678004238025,0.4596179330325704,0.4588613374981854,0.6292444571349095
drift,omd_paper_v2_literal,1,312,9,1,0.0,18.647018231436,0.05322081401239088,0.5509860700853882,0.0,0.0,0.43335075812769197,0.48870753227660374,0.5956992002260143,0.5024751666106826,0.5258670633271709,0.5340779005816554,0.6262802562041602,0.45979915285276174,0.46020851286137515,0.6267528286894616
drift,omd_paper_v2_literal,1,313,9,0,0.0,18.647018231436,0.05360504988521136,0.5410852041641573,0.0,0.0,0.43229828592742203,0.4882028585872473,0.5966954689545416,0.5030762145457703,0.5265001968655783,0.5342512669838975,0.6274581528439327,0.4596918009593801,0.45941040454841403,0.6282296359555404
drift,omd_paper_v2_literal,1,314,6,0,0.007134481554871508,18.65415271299087,0.05273295800969853,0.5312769894263217,0.0,0.0,0.43406777548397385,0.4890511989996735,0.5950203468054953,0.502065883659482,0.525435888411163,0.5339598434119917,0.6254773183094948,0.4598722553957417,0.4607520953535126,0.6257458524362978
drift,omd_paper_v2_literal,1,315,4,0,0.13085236818671997,18.78500508117759,0.05178410648273098,0.5304032823650024,0.0,0.0,0.43441107927142897,0.4882820611702804,0.5929436025584641,0.5027236301088104,0.525051987604055,0.5325647877825925,0.6229968887123517,0.4606322301070878,0.46132827956600786,0.623772717008612
drift,omd_paper_v2_literal,1,316,6,1,0.007062529565775799,18.792067610743366,0.05010427147861539,0.5363117740227885,0.0,0.0,0.4341785065421801,0.48779847628010564,0.5913353596823655,0.5005280441640508,0.5222800370995531,0.5311118735419108,0.6226941093761001,0.45807069962709285,0.4640438397338865,0.6229376324771508
drift,omd_paper_v2_literal,1,317,6,1,0.00702649964486779,18.799094110388236,0.050552353212886814,0.5422001752896667,0.0,0.0,0.43397167589600005,0.4882617249278086,0.5925881540159458,0.5001314690164611,0.5225110254141456,0.5319524537527707,0.62418959344634,0.457612858677784,0.46369683590659544,0.6241277198316503
drift,omd_paper_v2_literal,1,318,6,1,0.006990433998183221,18.80608454438642,0.05101366285398821,0.5480682134349456,0.0,0.0,0.43376595818134706,0.48872255199246356,0.5938331522577079,0.49973698388531135,0.5227407867344541,0.5327884237408064,0.6256748498286252,0.4571575018343033,0.4633516958654248,0.6253100496583632
drift,omd_paper_v2_literal,1,319,6,0,0.0069543327950682965,18.813038877181487,0.05148757803537328,0.5382555631434669,0.0,0.0,0.43356134422490056,0.4891809762759836,0.5950704122676583,0.49934457223034484,0.5229693310341278,0.533619817818037,0.627149955633821,0.45670460906120514,0.46300840448443326,0.6264846843144788
drift,omd_paper_v2_literal,1,320,9,1,0.0,18.813038877181487,0.0505005600178582,0.5441018377843844,0.0,0.0,0.433903723019168,0.488413937961443,0.5929995201501688,0.500001167128191,0.5225869186422495,0.5322286020085003,0.6246804465366351,0.4574624424666233,0.4635828292751553,0.6245184181165754
drift,omd_paper_v2_literal,1,321,9,1,0.0,18.813038877181487,0.05092034605009353,0.5499283205914803,0.0,0.0,0.4328483973337768,0.487904973515188,0.5939940621500089,0.5006054272231116,0.5232202516819028,0.5323976558388087,0.6258564045148539,0.45735616988693367,0.4627841249645911,0.6259972025126613
drift,omd_paper_v2_literal,1,322,9,0,0.0,18.813038877181487,0.05135659161041366,0.5401720046989861,0.0,0.0,0.43179920259269533,0.48739869942288866,0.5949826313186757,0.5012065210243458,0.5238501938484972,0.5325658169455506,0.6270247309412206,0.4572504577129219,0.46198979294745945,0.6274659109339151
drift,omd_paper_v2_literal,1,323,6,1,0.006809575819060831,18.81984845300055,0.05045345443883348,0.5460060960370078,0.0,0.0,0.43355749382103265,0.48824698729028015,0.5933258292865201,0.5001993735886889,0.5227946694823233,0.5322840550177548,0.6250663412791639,0.4574275830394352,0.46332082148727594,0.6250037391045626
drift,omd_paper_v2_literal,1,324,6,0,0.006773299387797915,18.82662175238835,0.05094820033695602,0.5362756621439548,0.0,0.0,0.43335640329806985,0.4887065269259185,0.5945592462734927,0.4998054633533524,0.5230210058450315,0.5331142063970461,0.62653727994984,0.456975429683502,0.4629803694353459,0.626172978103428
drift,omd_paper_v2_literal,1,325,4,0,0.12390358102062315,18.950525333408972,0.04995359034014523,0.5356508817931273,0.0,0.0,0.43369201374418914,0.48793961625743876,0.5925001490036278,0.5004628566177333,0.5226432698230795,0.531728673902983,0.6240811507493738,0.4577300636930264,0.4635485660169224,0.6242208295799982
drift,omd_paper_v2_literal,1,326,6,1,0.006700643101090753,18.957225976510063,0.048354957860398125,0.5414835735619398,0.0,0.0,0.43345835707268465,0.48745872407313107,0.5909057332927069,0.4982818635912633,0.5198894486483613,0.5302863619948408,0.6237855836485098,0.4551863024136325,0.4662463543139375,0.6233965674743286
drift,omd_paper_v2_literal,1,327,6,1,0.006664263590202335,18.963890240100266,0.04887203992316977,0.5472965219264293,0.0,0.0,0.4332570842634184,0.4879185232538474,0.5921421914950412,0.49788733087969306,0.520115677891118,0.5311173841047063,0.6252596571750303,0.45473378125505165,0.4659057404137336,0.6245686148679738
drift,omd_paper_v2_literal,1,328,6,1,0.006627850064634178,18.9705180901649,0.04940091241388051,0.5530894740441145,0.0,0.0,0.4330568819956304,0.488375947028427,0.5933710510143088,0.4974948564137684,0.5203407202256298,0.5319439051397187,0.6267237489095782,0.4542836920414387,0.46556693275684286,0.6257331091972401
drift,omd_paper_v2_literal,1,329,6,1,0.00659140269761993,18.97710949286252,0.04994093672295306,0.5588622007956533,0.0,0.0,0.43285774153385104,0.48883101364336573,0.5945923676413227,0.4971044240537458,0.520564585195558,0.5327659582219882,0.628177933626303,0.45383601532005113,0.4652299168463057,0.6268901106431105
drift,omd_paper_v2_literal,1,330,6,0,0.006554921662773716,18.983664414525293,0.050491498135948325,0.5491052497181644,0.0,0.0,0.43265965422346625,0.489283741196749,0.5958061969002776,0.4967160177973781,0.5207872822583398,0.5335835762537695,0.6296222858353706,0.45339073180782835,0.4648946783143351,0.6280396790003318
drift,omd_paper_v2_literal,1,331,6,0,0.006518407134086801,18.99018282165938,0.049452225257769655,0.539427152420639,0.0,0.0,0.4329946651818826,0.48851811467775785,0.5937527335447897,0.497372879097339,0.5204106599048378,0.5322007457743179,0.6271783056978528,0.4541438230987454,0.46546164050540534,0.6260947290384281
drift,omd_paper_v2_literal,1,332,9,1,0.0,18.99018282165938,0.04842468100849001,0.5451779181224752,0.0,0.0,0.43332800126382054,0.4877565082744661,0.5917066513208807,0.49802634623510667,0.5200359657902293,0.5308245886424772,0.6247405232322342,0.45489322092109835,0.4660257538625435,0.6241558036559975
drift,omd_paper_v2_literal,1,333,9,1,0.0,18.99018282165938,0.04891794920177871,0.5509103529158991,0.0,0.0,0.43227766751709634,0.4872450733496813,0.5926884082465177,0.4986312076059401,0.5206647375697999,0.5309857543812488,0.6259006731268258,0.45479006877467776,0.46523274033603645,0.6256208212201507
drift,omd_paper_v2_literal,1,334,9,1,0.0,18.99018282165938,0.04942657471569753,0.556624167365162,0.0,0.0,0.4312333818942378,0.4867363159202727,0.5936643424587742,0.49923293768501,0.5212901851883058,0.5311460783120826,0.6270533750658122,0.45468745516232845,0.4644440117102282,0.627075964169032
drift,omd_paper_v2_literal,1,335,9,1,0.0,18.99018282165938,0.04994979193925802,0.5623190969193599,0.0,0.0,0.4301951002043498,0.4862302153405248,0.5946344990771681,0.4998315598485086,0.5219123338750655,0.5313055672075585,0.6281986883210764,0.45458537574093816,0.4636595361643846,0.628521306217653
drift,omd_paper_v2_literal,1,336,9,1,0.0,18.99018282165938,0.050486858515190004,0.5679949003118479,0.0,0.0,0.42916277850859585,0.4857267511327796,0.5955989229101224,0.5004270972974767,0.5225312086655797,0.5314642277785586,0.6293366717804054,0.4544838262072045,0.46287928209832074,0.6299569208187132
drift,omd_paper_v2_literal,1,337,9,1,0.0,18.99018282165938,0.05103705615514204,0.5736513580698899,0.0,0.0,0.42813637312293457,0.48522590298682255,0.5965576584538288,0.5010195730580159,0.5231468344018737,0.5316220666746924,0.6304673839444682,0.4543828022973533,0.4621032181328314,0.6313828811505482
drift,omd_paper_v2_literal,1,338,9,0,0.0,18.99018282165938,0.05159969120473696,0.5639592888451596,0.0,0.0,0.42711584062066804,0.4847276507592344,0.5975107498912637,0.5016090099815483,0.523759235732893,0.5317790904847267,0.6315908829240537,0.45428229978685464,0.4613313131100308,0.6327992601056356
drift,omd_paper_v2_literal,1,339,9,1,0.0,18.99018282165938,0.0506033107621533,0.5696098611683129,0.0,0.0,0.4288659196395656,0.4855819226668603,0.5958762266558425,0.5005984180516904,0.522709230398628,0.5315098691932365,0.6296637753756755,0.45445461370248424,0.46265485644095383,0.6303694864651198
drift,omd_paper_v2_literal,1,340,9,0,0.0,18.99018282165938,0.051170059345907924,0.5599699107404819,0.0,0.0,0.4278447641765528,0.4850835590369235,0.5968300127412446,0.5011879640118473,0.523321792658825,0.5316669259444328,0.6307884904980121,0.4543540903174299,0.4618826812725023,0.6317877452802485
drift,omd_paper_v2_literal,1,341,4,0,0.1127499985068639,19.102932820166245,0.050176300459278456,0.5594955436710581,0.0,0.0,0.42958831446955603,0.4859343181011511,0.595201395036556,0.5001815665710128,0.5222760645398818,0.5313988152752306,0.6288676721390029,0.45452569303364027,0.4632009468435188,0.6293653160930309
drift,omd_paper_v2_literal,1,342,6,1,0.0061145868593399655,19.109047407025585,0.04872799056490496,0.565135509366351,0.0,0.0,0.4293486812295851,0.48545211873016497,0.5936224486328785,0.4980092057262966,0.5195332256112362,0.5299622501423488,0.6285840971992936,0.4519897420177843,0.4658862147691934,0.6285588675504796
drift,omd_paper_v2_literal,1,343,6,1,0.006077684110956105,19.11512509113654,0.049353417197669384,0.5707570482527369,0.0,0.0,0.42916140112389783,0.4859070132629011,0.5948221371625524,0.4976169413977683,0.5197487974194748,0.5307747604875934,0.63001021026898,0.4515475487347047,0.465560108730682,0.6296873882315857
drift,omd_paper_v2_literal,1,344,6,1,0.0060407501641822625,19.121165841300723,0.049986783062310906,0.5763599306654295,0.0,0.0,0.42897509739177025,0.4863596082890201,0.5960145773417922,0.49722668287048877,0.5199632612270666,0.5315829603128986,0.631426793897053,0.4511076891908361,0.4652356969923185,0.630808742708693
drift,omd_paper_v2_literal,1,345,6,1,0.006003785198110068,19.127169626498834,0.05062755190315711,0.5819439473592645,0.0,0.0,0.4287897621750329,0.4868099211829131,0.5971998220783163,0.49683841465060485,0.5201766258168214,0.5323868808913373,0.632833919587492,0.45067014494930036,0.46491296614213456,0.6319229879443831
drift,omd_paper_v2_literal,1,346,6,0,0.0059667893921819815,19.133136415891016,0.05127521472906245,0.5723164008147794,0.0,0.0,0.4286053876880644,0.487257969178394,0.5983779240115703,0.4964521213757422,0.5203888998924318,0.5331865532869597,0.6342316585546065,0.45023489773415376,0.4645919028875,0.6330301805175886
drift,omd_paper_v2_literal,1,347,6,1,0.005929762926189519,19.139066178817206,0.05019281475850672,0.5778947456706072,0.0,0.0,0.42892348165217253,0.4864850130811307,0.5963447676448271,0.49711855426025225,0.5200226815575654,0.5318068596421823,0.6318188881989636,0.4509858305033681,0.46514581720925274,0.6311191879804504
drift,omd_paper_v2_literal,1,348,6,1,0.005892705980271029,19.14495888479748,0.05084568173319963,0.5834543012483885,0.0,0.0,0.4287390522266083,0.4869331444290521,0.5975239444627968,0.4967321731459988,0.5202350076640999,0.5326068292132511,0.6332185595401844,0.4505504326262247,0.46482466214460333,0.6322276351039829
drift,omd_paper_v2_literal,1,349,6,1,0.0058556187349096955,19.150814503532388,0.051504939908066434,0.5889948843761933,0.0,0.0,0.4285555747934091,0.487379031176324,0.5986960420559998,0.49634774918771546,0.5204462531382981,0.5334025883391968,0.6346089282774181,0.4501173109752485,0.46450515956870664,0.6333290935766366
drift,omd_paper_v2_literal,1,350,6,0,0.005818501370932094,19.15663300490332,0.052170126612734825,0.5793689391581941,0.0,0.0,0.42837304173798385,0.48782269020249047,0.599861112175664,0.4959652673463244,0.5206564264950732,0.534194167499146,0.6359900645101582,0.4496864476646449,0.4641872964754479,0.6344236189066242
drift,omd_paper_v2_literal,1,351,9,1,0.0,19.15663300490332,0.051080317463646545,0.5848564876035649,0.0,0.0,0.4286903688953085,0.48705144798838884,0.5978350421888445,0.4966301748985492,0.5202910573886153,0.53281798151034,0.6335876784652298,0.4504355066549287,0.4647398868290571,0.6325200162513661
drift,omd_paper_v2_literal,1,352,9,1,0.0,19.15663300490332,0.05171113204348719,0.590326871888904,0.0,0.0,0.42767938411546563,0.48655290743165974,0.5987681351288382,0.49721744589381517,0.5208957924642863,0.5329658845944992,0.6346853411463831,0.4503389253839351,0.46397761308783503,0.6339127410981331
drift,omd_paper_v2_literal,1,353,9,1,0.0,19.15663300490332,0.05235150948826894,0.5957798659050322,0.0,0.0,0.42667409359722036,0.48605690599536694,0.5996958154961417,0.49780176475490007,0.5214974189978698,0.5331130365192749,0.6357760843350522,0.450242834582282,0.46321934810076626,0.6352962287571579
drift,omd_paper_v2_literal,1,354,9,0,0.0,19.15663300490332,0.0530008572412789,0.5862788569348222,0.0,0.0,0.4256744560405439,0.48556342444222367,0.6006181249924911,0.4983831531136384,0.5220959602029721,0.5332594432218386,0.6368599631686664,0.45014723036410986,0.46246506251296254,0.6366705488317409
drift,omd_paper_v2_literal,1,355,6,1,0.005632469124515982,19.162265474027837,0.05197048573601106,0.591762766117401,0.0,0.0,0.4274177550636718,0.4864238479212346,0.5990095810039243,0.4973694818703061,0.5210523383762755,0.5330041732916314,0.6349692802751863,0.45031392271423054,0.4637803004179496,0.634272930916888
drift,omd_paper_v2_literal,1,356,6,1,0.005595174865179353,19.167860648893015,0.05265613378679676,0.5972282319430121,0.0,0.0,0.42723996834287853,0.486867884884267,0.6001666136326649,0.4969860046850203,0.5212593712712971,0.5337924949682251,0.6363407055144528,0.4498849080453758,0.46346661968572117,0.6353569689710211
drift,omd_paper_v2_literal,1,357,6,1,0.005557851762462596,19.173418500655476,0.05334647315845891,0.6026750942383446,0.0,0.0,0.42706308851365177,0.48730972397573996,0.6013167574606744,0.49660444690332206,0.5214653625641257,0.5345767106529836,0.637703082923136,0.44945811073885855,0.463154534822185,0.6364342299532805
drift,omd_paper_v2_literal,1,358,6,1,0.005520499999869588,19.178939000655344,0.05404112264756002,0.6081032082682061,0.0,0.0,0.42688710837989263,0.48774938158869213,0.6024600628032101,0.4962247939001137,0.521670320399294,0.5353568498982674,0.6390564807929523,0.4490335135048749,0.46284403335804175,0.6375047676149987
drift,omd_paper_v2_literal,1,359,6,1,0.005483119761229616,19.184422120416574,0.05473972255902785,0.6135124438085229,0.0,0.0,0.4267120208118742,0.48818687398281224,0.6035965796983224,0.49584703117468865,0.5218742528479291,0.536132942053552,0.6404009670956673,0.44861109920496767,0.4625351029351874,0.6385686353276252
drift,omd_paper_v2_literal,1,360,6,0,0.005445711230696704,19.18986783164727,0.0554419335808458,0.6038766074363437,0.0,0.0,0.4265378187457202,0.48862221728506944,0.6047263579035073,0.49547114435000145,0.5220771679082931,0.5369050162652367,0.6417366094754432,0.44819085085105936,0.4622277313059353,0.6396258860816277
drift,omd_paper_v2_literal,1,361,6,1,0.005408274592746731,19.195276106240016,0.05434091621549482,0.6092819181178273,0.0,0.0,0.42684832836426684,0.4878462759089643,0.6027118745892963,0.4961411265391003,0.5217154880295205,0.5355287538609804,0.6393544467482981,0.448939950729535,0.4627756089099742,0.6377405098526947
drift,omd_paper_v2_literal,1,362,6,1,0.005370810032175211,19.20064691627219,0.055048022276179914,0.6146684536910121,0.0,0.0,0.426674037730154,0.4882817910119934,0.6038430015805313,0.49576507560815775,0.5219184953316947,0.5363012934141009,0.6406923654791501,0.4485194655676208,0.4624680838156133,0.6387992641085369
drift,omd_paper_v2_literal,1,363,6,1,0.005333317734096621,19.205980234006287,0.05575837594401492,0.6200361015829738,0.0,0.0,0.42650062499505,0.48871517525870567,0.6049674469057897,0.49539088459660074,0.5221204939557141,0.5370698489059088,0.6420215156385117,0.44810112781633876,0.4621621041709227,0.6398514582794617
drift,omd_paper_v2_literal,1,364,6,1,0.005295797883940856,19.21127603189023,0.05647167381641844,0.6253847617081868,0.0,0.0,0.42632808324630717,0.4891464444512925,0.6060852594688476,0.49501853942313573,0.5223214917305828,0.5378344489383818,0.6433419637706906,0.447684920842064,0.46185765798606343,0.640897144351022
drift,omd_paper_v2_literal,1,365,6,0,0.0052582506674525575,19.21653428255768,0.057187630056654365,0.6157342266680805,0.0,0.0,0.4261564056350827,0.4895756142624849,0.6071964878902082,0.4946480261268034,0.522521496414626,0.5385951219130267,0.6446537760815555,0.4472708281573373,0.4615547333783805,0.6419363739312111
drift,omd_paper_v2_literal,1,366,9,1,0.0,19.21653428255768,0.05608327439433374,0.6210001026949523,0.0,0.0,0.4264663453346923,0.4888008526066055,0.6051896064118334,0.4953169117300276,0.5221604260168496,0.5372217631757124,0.6422840165456181,0.4480184357006803,0.4621016187133364,0.6400593069273799
drift,omd_paper_v2_literal,1,367,9,0,0.0,19.21653428255768,0.056773278488734286,0.6116352500654658,0.0,0.0,0.42548417875652067,0.4883101857597045,0.6060812176209383,0.4958933111417884,0.5227474462266494,0.5373574220495744,0.6433284087353506,0.447928923111642,0.46136257143792025,0.641393314083092
drift,omd_paper_v2_literal,1,368,6,1,0.00514544668210859,19.22167972923979,0.05574049782373101,0.6169879674405683,0.0,0.0,0.4272325982162488,0.4891834678058023,0.60449388131149,0.49486746967410095,0.5217026512156074,0.5371159785969044,0.6414687069275932,0.4480882359725857,0.4626780106560047,0.6390176027897678
drift,omd_paper_v2_literal,1,369,6,1,0.005107791863949385,19.226787521103738,0.05646696104685926,0.6223218046961314,0.0,0.0,0.42706225065768033,0.48961478561904187,0.6056080539252074,0.49449480990545963,0.5219020994227344,0.5378786771400073,0.642785226130832,0.4476730908984225,0.46237559596737193,0.640059535940165
drift,omd_paper_v2_literal,1,370,6,0,0.005070110612823364,19.23185763171656,0.05719567878880708,0.6127212431155917,0.0,0.0,0.4268927520869757,0.49004401263672537,0.6067156973220841,0.4941239759249712,0.5221005667820677,0.5386374754378812,0.6440931803705395,0.44726004539710146,0.46207468546392194,0.6410950726094686
drift,omd_paper_v2_literal,1,371,5,0,0.08792246327710329,19.319780094993664,0.05609436330912548,0.6114076083519886,0.0,0.0,0.4271980165156311,0.4892710234036724,0.6047201449170972,0.4947918198159912,0.5217431394692946,0.5372708194439282,0.6417361316866178,0.44800395626242817,0.4626166186916418,0.6392292199336246
drift,omd_paper_v2_literal,1,372,9,0,0.0,19.319780094993664,0.05501485472443818,0.6021274367732419,0.0,0.0,0.4252187288763102,0.48674571511091785,0.6027290736358002,0.49513913915063384,0.5202700221268014,0.5345472766310465,0.6406837686975835,0.44667104169989136,0.4639478506854486,0.6390451474188498
drift,omd_paper_v2_literal,1,373,5,1,0.08657526394159887,19.40635535893526,0.05397933032962924,0.6032729015531589,0.0,0.0,0.4269577220099945,0.48761718898218076,0.6011509752969935,0.4941163748531643,0.5192311532113871,0.5343111593692706,0.6388341338440633,0.44682754565836574,0.465256093349081,0.6366797878484688
drift,omd_paper_v2_literal,1,374,5,1,0.08590147828981315,19.492256837225074,0.05506842537731272,0.6045576550496086,0.0,0.0,0.4286721900866023,0.4898025576282776,0.6028762552246413,0.4938157669460675,0.5205059941982318,0.5366681092741384,0.6397467213183191,0.44798096402342574,0.46410381960019986,0.6368393211558334
drift,omd_paper_v2_literal,1,375,5,0,0.08522756989182928,19.577484407116902,0.05616108201362609,0.6030792746188808,0.0,0.0,0.4303768113567769,0.4919735983461222,0.6045873904449478,0.4935171874496107,0.5217719874355556,0.5390075693621774,0.6406521656994719,0.44912717080635545,0.46295968332411125,0.6369977505217375
drift,omd_paper_v2_literal,1,376,9,1,0.0,19.577484407116902,0.05507152532567901,0.6083325147758818,0.0,0.0,0.42839725658186106,0.48945223004455524,0.6025998759106937,0.4938639519772991,0.5203016637218739,0.5362904143126814,0.6396005077376032,0.4477960411959744,0.46428849548409634,0.636813751118017
drift,omd_paper_v2_literal,1,377,9,0,0.0,19.577484407116902,0.055791837516186056,0.5991206427555769,0.0,0.0,0.4274086066846176,0.48895684127827754,0.6034942920060616,0.4944445672738112,0.5208908990591239,0.5364236879986259,0.64064966891097,0.44770683675887596,0.4635463883703444,0.6381569357172698
drift,omd_paper_v2_literal,1,378,5,0,0.08320511755956744,19.66068952467647,0.05476638286048044,0.5978396963268489,0.0,0.0,0.42914402224189946,0.48982624013740267,0.6019241770976717,0.49342562433076526,0.5198567799423578,0.5361897952177841,0.6388075532859683,0.44786338877402476,0.4648488580556376,0.635798289751861
drift,omd_paper_v2_literal,1,379,9,1,0.0,19.66068952467647,0.0537338612137553,0.6031024243284601,0.0,0.0,0.4271791975571278,0.48732254998945007,0.5999461944708125,0.49377018907060916,0.5183963523902693,0.5334892260751679,0.6377611812538467,0.4465421177262282,0.4661689591752803,0.6356157539659788
drift,omd_paper_v2_literal,1,380,9,1,0.0,19.66068952467647,0.05447869474555507,0.6083500415612317,0.0,0.0,0.4261902852122813,0.4868266446630965,0.6008432009100058,0.49435130911233105,0.518986128684973,0.5336224897168685,0.638813452340313,0.446452777650788,0.46542595563548295,0.6369619360702946
drift,omd_paper_v2_literal,1,381,9,1,0.0,19.66068952467647,0.05522854452231765,0.6135823166835122,0.0,0.0,0.4252068170268658,0.48633320146981845,0.6017351291855269,0.494929589253875,0.5195729548859155,0.5337550938688206,0.6398592327602538,0.44636387993800025,0.4646867547475678,0.6382993768705436
drift,omd_paper_v2_literal,1,382,9,0,0.0,19.66068952467647,0.055982997467478396,0.6043478449704826,0.0,0.0,0.42422875431100887,0.485842202196,0.6026220177634241,0.4955050497550769,0.520156852507386,0.5338870436316914,0.6408985735839764,0.44627542115800456,0.4639513293166162,0.6396281414183116
drift,omd_paper_v2_literal,1,383,9,0,0.0,19.66068952467647,0.05493986635866875,0.5951912999514047,0.0,0.0,0.42595664491100593,0.4867094428046122,0.6010551068834351,0.4944886572327431,0.5191255127257756,0.5336539854448543,0.6390619590904738,0.44643166291960673,0.4652503714553225,0.6372797893475525
drift,omd_paper_v2_literal,1,384,4,1,0.08258525892913743,19.743274783605607,0.053907283359148565,0.5953413663045953,0.0,0.0,0.4276778635284663,0.48757251230266585,0.5994938188250969,0.49347729150764386,0.5180990659714201,0.5334220549509558,0.6372302998925766,0.4465871494073333,0.4665435148020853,0.6349364265755331
drift,omd_paper_v2_literal,1,385,4,0,0.08188088442521507,19.82515566803082,0.05501619058349631,0.595186836608582,0.0,0.0,0.4279005060160591,0.4880087396215885,0.6009186797165549,0.4954760571982244,0.5206135129013808,0.5347275490888522,0.6374674565289217,0.44891558334814047,0.46408361746675825,0.6356547726627595
drift,omd_paper_v2_literal,1,386,5,1,0.07780674384267106,19.902962411873492,0.05404294158594467,0.5962841568829333,0.0,0.0,0.4276603962558665,0.487538286736605,0.5993819528020486,0.49332047651218214,0.5179017422321739,0.5333196063887979,0.6372116897758457,0.44640455842865495,0.46673658855499345,0.6348800397278066
drift,omd_paper_v2_literal,1,387,5,0,0.07713143554230789,19.9800938474158,0.05507988030525861,0.5950392192749018,0.0,0.0,0.4293683203983922,0.48971336027660045,0.6010984834318978,0.4930171558566114,0.5191659831778802,0.5356639845205683,0.6381203833042612,0.4475484801695001,0.46559420007471763,0.635036547883427
drift,omd_paper_v2_literal,1,388,6,1,0.004387543328088439,19.98448139074389,0.05413157793330042,0.6003673017396067,0.0,0.0,0.4274113477532665,0.4872209740713579,0.5991313004213633,0.49336473237747225,0.5177172659076109,0.5329774286209755,0.6370790263391577,0.44623770374876753,0.46690329612176434,0.6348572023058351
drift,omd_paper_v2_literal,1,389,6,1,0.00434939582457472,19.988830786568467,0.054924566571708126,0.6056774633433197,0.0,0.0,0.42724049877630815,0.4876512205399909,0.6002462593989435,0.4929850649644623,0.5179084536056149,0.533737144700373,0.6384022377325922,0.44581498718677,0.4666087170246169,0.635902096999008
drift,omd_paper_v2_literal,1,390,6,0,0.004311225694545562,19.993142012263014,0.055718184074460095,0.5962996929139065,0.0,0.0,0.4270704954361706,0.488079399011611,0.6013547820116164,0.49260724650125587,0.5180987090740073,0.5344930217797536,0.6397169522789775,0.44539439807259257,0.4663155893858539,0.6369406544029094
drift,omd_paper_v2_literal,1,391,4,1,0.07765223628130796,20.070794248544324,0.05464089716275922,0.5964183538673733,0.0,0.0,0.42737090469570993,0.4873228155987719,0.5993953144406364,0.4932748609734679,0.5177625222284753,0.53315727420846,0.6373924308702834,0.4461376358834872,0.46683356450366753,0.6351046534988818
drift,omd_paper_v2_literal,1,392,4,0,0.07694707050242011,20.147741319046744,0.05571275999094707,0.596297656129799,0.0,0.0,0.42758982175783394,0.48775349639581744,0.600812438099933,0.49526889074518515,0.5202676682758931,0.5344543946723394,0.6376263383060913,0.4484573249793455,0.46438258773354385,0.6358199069370438
drift,omd_paper_v2_literal,1,393,6,0,0.004196581478650208,20.151937900525393,0.054811107096153194,0.5869908291018288,0.0,0.0,0.4273540493679258,0.4872896541616199,0.5992861273195972,0.4931213297239587,0.5175695885748114,0.5330573777553087,0.6373744174136922,0.4459591168792593,0.46702235643283374,0.6350495545482348
drift,omd_paper_v2_literal,1,394,4,0,0.07553641251726101,20.227474313042656,0.05374199713745866,0.5870731203881604,0.0,0.0,0.4276531446008402,0.4865370217342996,0.5973335422268673,0.4937866292188326,0.5172361776594382,0.5317282415231512,0.6350549013028427,0.44669998469411415,0.4675367651537585,0.6332188164580063
drift,omd_paper_v2_literal,1,395,9,1,0.0,20.227474313042656,0.052894908757910274,0.5922964922945853,0.0,0.0,0.4274191028980778,0.4860768366879124,0.5958146915387319,0.49165534849779374,0.5145573702170644,0.5303409575612996,0.6348044288171246,0.44422240872434865,0.47015871672485104,0.6324522161074528
drift,omd_paper_v2_literal,1,396,9,1,0.0,20.227474313042656,0.0536991275894678,0.5975058511669133,0.0,0.0,0.42642744654234555,0.4855767887652029,0.5967094422423608,0.49223532126876346,0.515142837557323,0.5304686215903696,0.6358572547409262,0.4441296237054779,0.46941944137431485,0.6338012059433588
drift,omd_paper_v2_literal,1,397,9,1,0.0,20.227474313042656,0.05450675424632914,0.6027009292914046,0.0,0.0,0.4254412174784798,0.4850792102860574,0.5975991872926243,0.49281248388682625,0.5157254059221547,0.5305956585208994,0.6369036520829094,0.44403729544712245,0.4686839076944459,0.6351415316763203
drift,omd_paper_v2_literal,1,398,9,1,0.0,20.227474313042656,0.0553174266982533,0.6078814776644325,0.0,0.0,0.4244603776351937,0.4845840831776295,0.5984839639816435,0.4933868561331665,0.5163050961596927,0.5307220731512985,0.6379436706324834,0.4439454204417664,0.46795208934430926,0.6364732565037139
drift,omd_paper_v2_literal,1,399,9,1,0.0,20.227474313042656,0.05613080651055657,0.613047264963637,0.0,0.0,0.42348488916128874,0.4840913895091213,0.5993638093395284,0.49395845764697915,0.5168819289625853,0.5308478702376098,0.6389773598363268,0.44385399521306634,0.46722396016140294,0.6377964433513905
drift,omd_paper_v2_literal,1,400,9,1,0.0,20.227474313042656,0.05694657729202771,0.6181980765790722,0.0,0.0,0.42251471442729166,0.4836011114911948,0.6002387601341871,0.49452730792571314,0.5174559248684039,0.5309730544938155,0.6400047687973772,0.44376301631562104,0.4664994941617559,0.6391111548663518
drift,omd_paper_v2_literal,1,401,9,0,0.0,20.227474313042656,0.05776444323991943,0.6090754157280677,0.0,0.0,0.42154981602696556,0.48311323147536456,0.6011088528712247,0.4950934263253481,0.518027104260081,0.5310976305921468,0.6410259462739728,0.44367248033473994,0.46577866553997027,0.6404174534097881
drift,omd_paper_v2_literal,1,402,6,0,0.003851489845076217,20.23132580288773,0.056725496891886704,0.5998921648555908,0.0,0.0,0.4232604356148679,0.4839779857547567,0.599566241459391,0.49409003102214555,0.517014697870632,0.5308768256231052,0.6392151123783167,0.4438329515162928,0.4670563792308308,0.6381007195016668
drift,omd_paper_v2_literal,1,403,9,0,0.0,20.23132580288773,0.055685179109074126,0.5908598388474754,0.0,0.0,0.42354791985213747,0.4832186995240916,0.5976214309188163,0.49476364732836026,0.5166880299954432,0.5295464752957663,0.6369089102875377,0.4445738425952559,0.4675625718630529,0.6362890978073366
drift,omd_paper_v2_literal,1,404,3,1,0.059212156973636354,20.290537959861368,0.05465385477410491,0.5900560056853712,0.0,0.0,0.425247289082392,0.4840775575417509,0.5960880902060687,0.4937673170691755,0.5156835053601013,0.5293285339339497,0.6351052667345379,0.4447324506687287,0.4688306138294696,0.6339805397414852
drift,omd_paper_v2_literal,1,405,3,0,0.05860143557531422,20.349139395436683,0.05522027334852236,0.5908408946226384,0.0,0.0,0.4241258502289439,0.4828172985468052,0.5964129020893765,0.49650991613615625,0.517760413102074,0.5289971916259777,0.6346113374772272,0.44669247606498474,0.4667234900427012,0.634713873831357
drift,omd_paper_v2_literal,1,406,5,1,0.06428065419424916,20.413420049630933,0.05496581846205887,0.5916689783897054,0.0,0.0,0.4252237592025425,0.4840511217463845,0.5960949039308261,0.49382483921694065,0.5157270738647823,0.529321584365076,0.6350949095911237,0.44477354434480115,0.46878640568541385,0.633995927656967
drift,omd_paper_v2_literal,1,407,5,1,0.06360331523200552,20.477023364862937,0.05588848630864511,0.5926417025833849,0.0,0.0,0.42693885889652455,0.4862338235936562,0.5978157791905448,0.49351675475477236,0.5169910979234893,0.531673761429273,0.6360031114148095,0.44591917273220416,0.4676450811184114,0.634145983073047
drift,omd_paper_v2_literal,1,408,5,1,0.06292588474851579,20.539949249611453,0.0568218721588361,0.5937554059362704,0.0,0.0,0.4286442964367686,0.488402533235376,0.5995228304802062,0.4932107235608727,0.5182465025341144,0.5340089068006787,0.6369043163182572,0.4470577532066544,0.46651168009099314,0.63429501502489
drift,omd_paper_v2_literal,1,409,5,1,0.062248363702326004,20.60219761331378,0.05776481533020177,0.595006407651382,0.0,0.0,0.4303401005301129,0.49055728904119766,0.601216169498777,0.49290672749502923,0.5194933512798268,0.5363270872166974,0.6377985919440355,0.4481893308492787,0.46538613974428866,0.6344430328993838
drift,omd_paper_v2_literal,1,410,5,1,0.061570753052631155,20.663768366366412,0.05871623484310924,0.596391015275775,0.0,0.0,0.43202630120125324,0.492698131827934,0.6028959080926107,0.4926047485332836,0.5207317077887134,0.5386283721852028,0.6386860054516094,0.44931395092585275,0.46426839733186465,0.6345900460147775
drift,omd_paper_v2_literal,1,411,5,0,0.06089305375926801,20.72466142012568,0.059675124743124024,0.5947844479608051,0.0,0.0,0.4337029297383512,0.4948251047596085,0.6045621582013511,0.49230476876995505,0.5219616357084114,0.5409128338546693,0.639566623509741,0.45043165886445297,0.46315839023898137,0.6347360636199418
drift,omd_paper_v2_literal,1,412,5,0,0.06021526678270883,20.78487668690839,0.058855708290879806,0.5933804703384938,0.0,0.0,0.431740632674477,0.492335561002696,0.6026116151940704,0.4926558880304147,0.5205220107074903,0.5382387646699786,0.6385357891236958,0.4491234607370732,0.46445766108784337,0.6345651512371386
drift,omd_paper_v2_literal,1,413,4,0,0.06211489088042721,20.846991577788817,0.058087947785651434,0.593378021550558,0.0,0.0,0.4297933774484609,0.4898627882236803,0.6006706836280996,0.4930047021626928,0.5190915287796962,0.5355801248569104,0.6375104786943211,0.4478245742637038,0.4657488534553559,0.634395330826646
drift,omd_paper_v2_literal,1,414,6,1,0.0033888606607008764,20.850380438449516,0.057382656378375356,0.5986616986796297,0.0,0.0,0.4295616703096663,0.48941030103775324,0.5991709263650576,0.49087820956463457,0.5164260720574805,0.534207635159856,0.6372711510246393,0.4453538288410953,0.46835669181844686,0.6336390726977815
drift,omd_paper_v2_literal,1,415,6,0,0.0033501882974197317,20.853730626746938,0.05822396847607762,0.5893758856236124,0.0,0.0,0.42939209396432737,0.4898326115653967,0.6002649820120237,0.4904982398949205,0.5166067383924546,0.5349516427217539,0.638573873542152,0.4449302717233112,0.4680738815396512,0.6346680045199631
drift,omd_paper_v2_literal,1,416,5,1,0.05750326127581018,20.911233888022746,0.057180677808649535,0.5904641461675171,0.0,0.0,0.4296902843263061,0.48909004001853207,0.5983405582626015,0.49116637730033935,0.5162890557959807,0.5336432944265588,0.6362818478976409,0.4456750982600471,0.46857118251157615,0.6328579391788222
drift,omd_paper_v2_literal,1,417,5,1,0.05682505031211499,20.96805893833486,0.05808589780287625,0.5916884130121435,0.0,0.0,0.43137457466529644,0.49122784577902023,0.600019987605153,0.4908636045671647,0.5175245624874284,0.535942175374998,0.6371678140427758,0.4467963162172424,0.4674559395869504,0.6330028138307794
drift,omd_paper_v2_literal,1,418,5,1,0.0561467574410196,21.02420569577588,0.059000590855660354,0.5930450701721927,0.0,0.0,0.43304939250643637,0.49335194939830784,0.6016860785089828,0.4905628240965979,0.5187517544538633,0.538224468657347,0.6380470485746798,0.44791071723831566,0.4663483324688818,0.6331467145812061
drift,omd_paper_v2_literal,1,419,5,1,0.05546838362725409,21.079674079403134,0.05992373965790447,0.5945304960393996,0.0,0.0,0.4347147685003715,0.4954623930966896,0.6033389392539089,0.4902640183628463,0.5199706930948738,0.5404902439543894,0.6389196162079386,0.44901834519754746,0.4652483006970609,0.6332896503016223
drift,omd_paper_v2_literal,1,420,5,1,0.05478992983613029,21.134464009239263,0.060854394224839806,0.5961410705369765,0.0,0.0,0.4363707344719834,0.497559221272994,0.6049786781759183,0.4899671699564483,0.5211814398156286,0.5427395733881806,0.6397855811810506,0.45011924411135923,0.46415578394674967,0.6334316297973
drift,omd_paper_v2_literal,1,421,5,1,0.05411139703353368,21.188575406272797,0.06179166806847541,0.5978731819552144,0.0,0.0,0.4380173233705836,0.4996424804130854,0.6066054036194155,0.48967226158596994,0.5223840560043922,0.5449725314040925,0.6406450072501723,0.4512134581183405,0.4630707220457256,0.6335726618066696
drift,omd_paper_v2_literal,1,422,5,0,0.05343278618591818,21.242008192458716,0.06273473445388868,0.5958094217962717,0.0,0.0,0.43965456922134494,0.5017122190005752,0.6082192238914871,0.4893792760795801,0.5235786030109442,0.5471891946560191,0.6414979576833801,0.45230103145998396,0.4619930549904672,0.6337127550007797
drift,omd_paper_v2_literal,1,423,5,1,0.052754098260297866,21.294762290719014,0.061916689322293154,0.5975112209912468,0.0,0.0,0.4376890579503184,0.49922729609601396,0.6062813943502385,0.4897310344838383,0.5221444020880529,0.5445276576665151,0.6404738005873055,0.45099534985585327,0.46328694078588134,0.6335445568004568
drift,omd_paper_v2_literal,1,424,5,0,0.05207533422424132,21.346837624943255,0.06284776391233138,0.5954872743382453,0.0,0.0,0.43932232893823864,0.5012923527536923,0.6078920330837408,0.48943871075140666,0.5233362976923241,0.546739669123376,0.6413249996951839,0.4520803683571455,0.4622116429366222,0.6336843374196675
drift,omd_paper_v2_literal,1,425,5,0,0.051396495045863966,21.39823411998912,0.06205481547510156,0.5936633017431266,0.0,0.0,0.4373651029548328,0.4988174969090907,0.6059614951136868,0.4897890454963672,0.5219078459924916,0.5440884833253373,0.6403047790452355,0.4507800884733669,0.4635003691522786,0.6335168153672962
drift,omd_paper_v2_literal,1,426,6,1,0.002923679578838212,21.401157799567958,0.06131083926385609,0.5989811882901085,0.0,0.0,0.4354224507348623,0.4963586868750445,0.604040147649331,0.4901371268544429,0.5204882677560475,0.5414519483626351,0.6392898920196642,0.44948887435853413,0.46478125266924014,0.6333503436117316
drift,omd_paper_v2_literal,1,427,6,1,0.002884810107251723,21.40404260967521,0.06214489058338886,0.6042791764696105,0.0,0.0,0.4352448880951262,0.4967666869878976,0.6051123523022713,0.48976176355467665,0.5206609706048071,0.5421764886282736,0.6405745796234594,0.4490620888645973,0.46450674965708083,0.6343707179982084
drift,omd_paper_v2_literal,1,428,6,0,0.002845925514036951,21.406888535189246,0.06297754691918411,0.5948329955836676,0.0,0.0,0.4350681830011012,0.4971727588201485,0.6061784750089295,0.4893881896847383,0.5208328505161314,0.5428974199116938,0.6418511841927206,0.4486373993649293,0.46423356822155276,0.6353850628644951
drift,omd_paper_v2_literal,1,429,4,1,0.05078752019349431,21.45767605538274,0.06193376764115886,0.5950737547362346,0.0,0.0,0.435383378075028,0.49644846363492967,0.6042761639287889,0.4900545301975573,0.520526270056359,0.5416113927960585,0.6395727491324544,0.44939495722509576,0.46472084864318713,0.6335749718254311
drift,omd_paper_v2_literal,1,430,4,1,0.050078900919198976,21.50775495630194,0.0628352288730986,0.5954749292188547,0.0,0.0,0.4355828326379601,0.49684638762853933,0.6056372028551222,0.4920183715607546,0.5229714108699242,0.5428529339979725,0.6397836778868872,0.4516674309325161,0.46232867781977205,0.6342701040966331
drift,omd_paper_v2_literal,1,431,4,0,0.04937021016064641,21.557125166462587,0.06375218511972898,0.5950426562384799,0.0,0.0,0.4357809544491852,0.4972416154832302,0.6069873865249011,0.49396913135872794,0.5253988711885689,0.5440855240995863,0.6399931219849708,0.45392648198978763,0.4599544542911324,0.6349599663285396
drift,omd_paper_v2_literal,1,432,4,0,0.048661448920137296,21.605786615382723,0.06307724419365761,0.5948066044733348,0.0,0.0,0.43556311328574765,0.4968070479892815,0.6055027207882864,0.4918242108506166,0.5227297271469908,0.5427302165460061,0.6397628275084006,0.451442678876323,0.4625650965298179,0.6342014069773584
drift,omd_paper_v2_literal,1,433,6,0,0.002651282781247599,21.60843789816397,0.062456094314289605,0.5854224719469837,0.0,0.0,0.4353467704823367,0.49637542520505157,0.6040261691279835,0.4896940988874706,0.5200773544224464,0.5413834514522595,0.6395340273281117,0.44897807141757495,0.46516011097702,0.6334473198581441
drift,omd_paper_v2_literal,1,434,5,0,0.045283721037146285,21.653721619201118,0.06142369536102149,0.5838796207976142,0.0,0.0,0.43566066764499406,0.49565495932464093,0.6021305946600594,0.4903589206370769,0.5197742787649484,0.5401040012726165,0.6372603414585473,0.44973402214501407,0.4656431527598581,0.6316424913584137
drift,omd_paper_v2_literal,1,435,6,0,0.002573326901569417,21.656294946102687,0.06080326025692005,0.5746244265710275,0.0,0.0,0.4337371682167763,0.4932213878727856,0.6002294249839089,0.49071018399048333,0.5183770661138009,0.5374951106134057,0.6362564504346416,0.4484621418219471,0.46690300831523207,0.6314836705141615
drift,omd_paper_v2_literal,1,436,4,1,0.04582571920181344,21.7021206653045,0.05978899586319345,0.5747494050860609,0.0,0.0,0.4340503308307532,0.4925074907843266,0.5983412848618114,0.49137058018626406,0.5180769278206515,0.5362242562576455,0.6339891538236447,0.44921415946190024,0.46738223244221294,0.6296863887467091
drift,omd_paper_v2_literal,1,437,4,1,0.04511662060319588,21.747237285907694,0.06065862700069658,0.5750407355383061,0.0,0.0,0.43424790139810987,0.4929026517860277,0.5997050386593032,0.49333171425950995,0.5205178098992272,0.5374635536331799,0.634199847714426,0.45148184264889146,0.4649933523874896,0.6303829023043991
drift,omd_paper_v2_literal,1,438,4,0,0.04440745754662506,21.79164474345432,0.061545735274826645,0.5747315864810718,0.0,0.0,0.4344441611098848,0.4932951583514256,0.6010580737930559,0.495279834422636,0.5229412724099602,0.5386940406402198,0.6344090707901947,0.4537362392432507,0.462622160918892,0.6310741846174892
drift,omd_paper_v2_literal,1,439,3,0,0.037789697243455156,21.829434440697774,0.060945987831358114,0.5757463381075113,0.0,0.0,0.4342304733827323,0.4928677953214192,0.599584807337801,0.4931587187065509,0.5203025438678797,0.5373542568957796,0.6341812650306076,0.4512817338971861,0.46520400618195906,0.630321486476709
drift,omd_paper_v2_literal,1,440,6,0,0.0023782044152246273,21.831812645113,0.06084374553707771,0.5665085306442897,0.0,0.0,0.43532127046526026,0.49408674466914776,0.5992754207910639,0.49052118736655487,0.5183089259199507,0.5376774489906189,0.6346557491881815,0.4493974780555031,0.46722726330634357,0.6296101239210201
drift,omd_paper_v2_literal,1,441,3,0,0.03656303196068028,21.86837567707368,0.05983518718522262,0.5676690790228869,0.0,0.0,0.4356341455455408,0.4933762509632693,0.597393515587073,0.49117916340838397,0.5180105198060951,0.5364122883316537,0.6323930146262614,0.4501475587248444,0.4677041743981571,0.6278158873091506
drift,omd_paper_v2_literal,1,442,5,0,0.03984567285388413,21.90822134992756,0.05977048956033748,0.5663104326895761,0.0,0.0,0.4367195077763734,0.4945880021425208,0.5970848980675418,0.4885574331148126,0.5160277017134179,0.536733385981058,0.6328651618414274,0.44827524821258147,0.4697171575220758,0.6271062366726242
drift,omd_paper_v2_literal,1,443,6,0,0.002260979423728604,21.91048232935129,0.059244623084291084,0.5571622891936986,0.0,0.0,0.4348107673452223,0.4921760888199358,0.5951965667095945,0.48890957431392035,0.5146471022969379,0.5341473891529865,0.6318672655631412,0.44701891941513444,0.470962028932422,0.6269514258752662
drift,omd_paper_v2_literal,1,444,3,1,0.034722615355824715,21.945204944707115,0.05825130917906968,0.5560295792042166,0.0,0.0,0.43512379062126694,0.4914720739325117,0.5933204082428473,0.4895623459674093,0.5143504205770179,0.5328902103940627,0.6296110340506562,0.4477642233854299,0.4714366325899883,0.6251618454314246
drift,omd_paper_v2_literal,1,445,3,1,0.03410903524854253,21.979313979955656,0.058705574128213776,0.5551140476701685,0.0,0.0,0.43399914534038136,0.4902159695989629,0.5936423915791132,0.4922820127302714,0.5164081266506673,0.5325576219395368,0.6291202384084943,0.44970617726555345,0.46934719545065123,0.6259000468885599
drift,omd_paper_v2_literal,1,446,3,1,0.03349540274899471,22.01280938270465,0.05919261205106424,0.5544122131352646,0.0,0.0,0.4328831489294884,0.48896889669327115,0.5939620115516411,0.4949828419638379,0.5184506877362357,0.5322273638245246,0.6286326599457328,0.4516358752500596,0.4672736406774987,0.6266324331279814
drift,omd_paper_v2_literal,1,447,3,0,0.032881718794112835,22.04569110149876,0.05971082912175733,0.5551009496196276,0.0,0.0,0.4317757282446594,0.4877307901296998,0.5942792895529903,0.49766483670102,0.5204781756424023,0.531899416329481,0.6281482746855402,0.45355334919697854,0.46521588654794105,0.6273590593079974
drift,omd_paper_v2_literal,1,448,3,0,0.03226798432121275,22.077959085819973,0.0595841931078035,0.5559825373978026,0.0,0.0,0.43286509211230345,0.4889487139249532,0.5939671839421502,0.4950265576761498,0.5184837416695587,0.5322220183690729,0.6286247663380595,0.45166711950456184,0.46724008932628464,0.6266442820245804
drift,omd_paper_v2_literal,1,449,3,1,0.03165420026798821,22.10961328608796,0.059500958702261464,0.5550825356269461,0.0,0.0,0.43394741261693837,0.49015817456054434,0.5936572052589659,0.49240716663202055,0.5165027962737386,0.5325423176467946,0.6290976487051764,0.4497955709284547,0.46925107820510337,0.6259340001306813
drift,omd_paper_v2_literal,1,450,3,1,0.031040367572503225,22.140653653660465,0.059982859339895896,0.5543931172023787,0.0,0.0,0.4328395781448269,0.48892019574726303,0.5939744924911939,0.49508832808004777,0.5185304465810048,0.532214465231222,0.6286136125582572,0.45171126826632974,0.46719268179298423,0.6266610242490178
drift,omd_paper_v2_literal,1,451,3,0,0.03042648717318608,22.171080140833652,0.06049514276105565,0.5550699693558256,0.0,0.0,0.43174019715889567,0.48769105590135087,0.5942894711883537,0.49775091752846473,0.5205432364153403,0.5318888904998782,0.628132724222354,0.4536149130591344,0.46514986280567555,0.6273823706412477
drift,omd_paper_v2_literal,1,452,3,0,0.02981256000882182,22.200892700842473,0.06038427732258146,0.5559371394005291,0.0,0.0,0.43282207907228004,0.48890063601123274,0.5939795051855516,0.4951306946666614,0.5185624799163249,0.5322092847480067,0.6286059624301159,0.45174154904053865,0.4671601667053256,0.6266725070719437
drift,omd_paper_v2_literal,1,453,5,0,0.03236243665111754,22.23325513749359,0.06031571076679924,0.5548724604933836,0.0,0.0,0.43389701552155063,0.4901018703728952,0.5936716367138165,0.49252909359192143,0.5165950231238104,0.5325274080097517,0.6290756410721959,0.44988266214826006,0.4691574421229373,0.6259670764887479
drift,omd_paper_v2_literal,1,454,9,0,0.0,22.23325513749359,0.05992275199014961,0.5461519409716377,0.0,0.0,0.43201122785923357,0.48771637547554303,0.5917964464265578,0.4928721600876377,0.5152235259396446,0.5299642525344102,0.6280851369593934,0.44863301688850254,0.47039439282244633,0.6258129793405185
drift,omd_paper_v2_literal,1,455,3,0,0.027970507318499538,22.26122564481209,0.0589590171150866,0.5472627905120542,0.0,0.0,0.4336831218814965,0.48856467638613754,0.5903143347448123,0.49192004416391943,0.514272872985755,0.5297716745134176,0.6263144601335753,0.4488143929219413,0.47160346249729124,0.6235439690665481
drift,omd_paper_v2_literal,1,456,5,1,0.03032051510695566,22.291546159919044,0.05895751667513813,0.5482341026736302,0.0,0.0,0.4347487140783282,0.48975521149476886,0.5900083266069869,0.4893407652080886,0.5123206390721431,0.5300869393296385,0.626781913829641,0.44697267134901425,0.47358620413933716,0.6228428258243012
drift,omd_paper_v2_literal,1,457,5,1,0.029639785453058898,22.321185945372104,0.05968769873390513,0.5493481973878224,0.0,0.0,0.43641234022448583,0.49185698362030483,0.5916627175571262,0.4890390599797307,0.5135296822428681,0.5323450289318069,0.6276556292304002,0.44807320882117885,0.47249530902110176,0.6229789947350924
drift,omd_paper_v2_literal,1,458,5,0,0.02895901286645919,22.350144958238563,0.06043235655159273,0.5480886334776601,0.0,0.0,0.4380667482774322,0.49394560290634515,0.5933044764814858,0.48873929167658514,0.5147308383683973,0.5345873696451302,0.6285229331676189,0.4491672137887423,0.47141164882596465,0.6231142737927479
drift,omd_paper_v2_literal,1,459,5,0,0.028278198329757143,22.37842315656832,0.060038389025198154,0.5470288508492537,0.0,0.0,0.4361786802912526,0.49156187629244713,0.5914305658735645,0.48908141883737094,0.5133599421299292,0.5320280715509597,0.6275330099822509,0.4479186627015702,0.47264845479982937,0.6229598778270242
drift,omd_paper_v2_literal,1,460,9,1,0.0,22.37842315656832,0.05969703544116661,0.5522284447430574,0.0,0.0,0.43430448290195783,0.4891937300881713,0.5895659690861224,0.4894213744354569,0.5119975887352444,0.5294834232449771,0.6265483390618001,0.4466787234341461,0.4738777064789406,0.6228064416976469
drift,omd_paper_v2_literal,1,461,9,0,0.0,22.37842315656832,0.060619110901725504,0.5436419071665726,0.0,0.0,0.43329736498718563,0.48868279669053843,0.5904582213261699,0.48999352340650393,0.5125688677752316,0.52959874308306,0.6276143034770321,0.4465685550021725,0.4731505809499674,0.624173767391928
drift,omd_paper_v2_literal,1,462,9,0,0.0,22.37842315656832,0.0596839834091917,0.535134565182459,0.0,0.0,0.4349622194114032,0.48952727795666917,0.5889831913054329,0.48904789234984336,0.5116246426777188,0.5294081411397403,0.6258518166597384,0.44675064384567625,0.47435243157282125,0.6219127988426439
drift,omd_paper_v2_literal,1,463,5,1,0.02555454034441612,22.403977696912737,0.05875970577919642,0.536089993729684,0.0,0.0,0.43662048376978013,0.4903677364329277,0.5875137017843584,0.4881069101875045,0.5106848995018441,0.5292184520335174,0.6240945282810719,0.44693186667283125,0.47554876765905024,0.6196574846078763
drift,omd_paper_v2_literal,1,464,5,0,0.024873530806589494,22.428851227719328,0.05945989228302732,0.5350240849854772,0.0,0.0,0.43827853641894154,0.49246026338931237,0.589163326057961,0.4878063995514601,0.511888452163466,0.5314667579776904,0.6249664193715992,0.44802743901051656,0.4744626304287186,0.6197929890344195
drift,omd_paper_v2_literal,1,465,3,0,0.021827679006081624,22.450678906725408,0.059151681529706346,0.5364332573733925,0.0,0.0,0.4364098255023265,0.4901017731266283,0.587303872533399,0.48814510941187284,0.5105319039659845,0.5289325777836497,0.6239836424158889,0.44679264261699175,0.47568684586850707,0.6196402589897513
drift,omd_paper_v2_literal,1,466,6,0,0.0013591107837168659,22.452038017509125,0.05924221054732517,0.527473326698609,0.0,0.0,0.43746284432228244,0.4912775398424755,0.5869995271726642,0.48559239610756383,0.5085968157648798,0.5292421658270792,0.6244486717749832,0.4449681541952631,0.47765267994728156,0.6189452611458024
drift,omd_paper_v2_literal,1,467,5,0,0.022830289841437756,22.47486830735056,0.05831174471483608,0.5266497092788884,0.0,0.0,0.4377812591826042,0.4905980707775122,0.5851505920907747,0.4862258496093696,0.5083054029380222,0.5280158075416136,0.6222179564974852,0.445700361570969,0.47812008545707807,0.6171701487033607
drift,omd_paper_v2_literal,1,468,3,1,0.019984132655703812,22.494852440006266,0.058082914675494056,0.525238066806294,0.0,0.0,0.43592817391351685,0.4882595804930287,0.5833017845468355,0.48656085185660414,0.5069591498447353,0.5255008199865135,0.6212415791458209,0.4444759675719378,0.4793354479702814,0.6170190210670871
drift,omd_paper_v2_literal,1,469,3,0,0.01936955443150573,22.514221994437772,0.05846545323221177,0.5265758497705163,0.0,0.0,0.4348237101242794,0.4870260248315929,0.5836230389914911,0.489241214128649,0.5089915489123601,0.5251763291697122,0.6207524473313626,0.4463913421140492,0.4772703651109128,0.6177506542398029
drift,omd_paper_v2_literal,1,470,3,0,0.018754946393428618,22.5329769408312,0.058568261543455416,0.5280964805775576,0.0,0.0,0.435874276857779,0.48819939698422066,0.5833174588636971,0.4866915989422939,0.507058308054986,0.5254849899217691,0.6212177221424369,0.4445693729574966,0.4792346841730671,0.6170547267512863
drift,omd_paper_v2_literal,1,471,6,1,0.001162464942778163,22.534139405773978,0.058711353483188254,0.533494036849351,0.0,0.0,0.436918127989319,0.4893647606014708,0.583013934551261,0.4841603501208483,0.5051382650834245,0.525791490855884,0.6216795496781612,0.4427615126505692,0.4811860165601029,0.6163631503033906
drift,omd_paper_v2_literal,1,472,6,1,0.0011231165776779406,22.535262522351655,0.05965206840202239,0.5388738715379672,0.0,0.0,0.4367238309064039,0.4897738570543482,0.5841340913021645,0.48377928083883787,0.50531551997786,0.5265325634909106,0.6230299626097308,0.44231985297219323,0.48090206265166424,0.617439020484349
drift,omd_paper_v2_literal,1,473,6,1,0.0010837622961962223,22.536346284647852,0.0605893008220462,0.5442358281034803,0.0,0.0,0.4365304755976391,0.49018102478042497,0.5852480674366503,0.4834000395439644,0.5054919319662435,0.5272700015796462,0.6243720697292124,0.44188038078291936,0.4806194691617568,0.6185086410374356
drift,omd_paper_v2_literal,1,474,6,1,0.0010444023052995632,22.537390686953152,0.06152305124788345,0.549579765277865,0.0,0.0,0.4363380550836514,0.4905862772887125,0.5863559035388801,0.48302261314071443,0.5056675071928904,0.5280038293845305,0.6257059271280229,0.44144308009122313,0.4803382262129725,0.619572056525746
drift,omd_paper_v2_literal,1,475,6,1,0.0010050368120214648,22.538395723765174,0.06245332192006472,0.5549055561075463,0.0,0.0,0.43614656244335626,0.4909896279883014,0.5874576400284193,0.48264698863482713,0.5058422517520362,0.5287340710226126,0.6270315907332596,0.44100793503200103,0.4800583240070923,0.6206293112670671
drift,omd_paper_v2_literal,1,476,6,0,0.0009656660234601544,22.539361389788635,0.06338011665837208,0.545947579412481,0.0,0.0,0.43595599081359393,0.4913910901886864,0.5885533171564247,0.4822731531328576,0.5060161716881256,0.5294607504650265,0.6283491162994366,0.4405749298659841,0.4797797528246675,0.6216804493314139
drift,omd_paper_v2_literal,1,477,6,1,0.000926290146775921,22.54028767993541,0.06247859290939598,0.5512688981325128,0.0,0.0,0.43627668668885167,0.49071553499461434,0.5867090641123369,0.482902237238057,0.5057235065286956,0.5282378580826949,0.6261309599284625,0.4413036223312364,0.4802485265322765,0.6199109916976556
drift,omd_paper_v2_literal,1,478,6,0,0.0008869093891885615,22.541174589324598,0.06340614923547745,0.5423528146428287,0.0,0.0,0.43608609169091156,0.4911170114031281,0.5878053946768637,0.4825283678611467,0.5058974370030073,0.5289646610024423,0.6274498492183096,0.4408705319940345,0.47996993153892215,0.6209629623571622
drift,omd_paper_v2_literal,1,479,5,1,0.014654613728317556,22.555829203052916,0.0625136919435534,0.543150701629227,0.0,0.0,0.43640559671728074,0.4904440233479794,0.5859671277361858,0.48315509588854155,0.5056058766008062,0.5277462533772795,0.6252379303132092,0.4415965718997272,0.480436947236157,0.6191989044917587
drift,omd_paper_v2_literal,1,480,5,1,0.013973145694924582,22.569802348747842,0.06311811931629784,0.5440921246194657,0.0,0.0,0.43806123029497557,0.4925293790794859,0.5876084965330931,0.4828599460837411,0.50680826017282,0.5299863483957009,0.6260977412946415,0.44269226570944326,0.47935196105650246,0.6193274652382202
drift,omd_paper_v2_literal,1,481,5,0,0.013291657392859701,22.5830940061407,0.06373933276110666,0.5430387123327036,0.0,0.0,0.43970778159286983,0.49460183033026184,0.5892375782357726,0.48256667102493506,0.5080029766655391,0.532211108699724,0.6269513372385689,0.44378159657908817,0.4782740158882006,0.6194551979756803
drift,omd_paper_v2_literal,1,482,6,1,0.0007293416961626775,22.583823347836862,0.06356295703361184,0.54836995898993,0.0,0.0,0.43784637144856964,0.4922588361987696,0.5873956760111039,0.48289823427207273,0.5066522828709138,0.5296958141478711,0.6259862455270357,0.4425500930658947,0.4794927021359222,0.6193107883995347
drift,omd_paper_v2_literal,1,483,6,1,0.0006899396442796579,22.58451328748114,0.06448935092432823,0.5536826753580567,0.0,0.0,0.43765345424843044,0.4926563657523405,0.5884868008964675,0.4825255503119531,0.5068240187499224,0.530417507141785,0.6273014424788741,0.44211591384460663,0.4792163523611896,0.6203611455912094
drift,omd_paper_v2_literal,1,484,6,1,0.0006505339559310652,22.58516382143707,0.06541227917349533,0.558976771963976,0.0,0.0,0.4374614580998091,0.4930520451673335,0.5895719590384059,0.4821546288050324,0.5069949497715461,0.531135698274759,0.6286086200743488,0.4416838532467395,0.47894130778410854,0.6214054714200896
drift,omd_paper_v2_literal,1,485,6,0,0.0006111248386869716,22.58577494627576,0.06633174935116341,0.5500115951854119,0.0,0.0,0.4372703762460591,0.49344588732033484,0.5906511897549594,0.4817854572324269,0.5071650817495139,0.5318504108848057,0.6299078327539643,0.44125389593409714,0.4786675590100657,0.6224438087696859
drift,omd_paper_v2_literal,1,486,5,1,0.00988394642962609,22.595658892705384,0.06544327709182607,0.5509501569456279,0.0,0.0,0.4375941008458197,0.4927786804205726,0.588822346201721,0.4824108859741795,0.5068768585048453,0.5306395337980245,0.6277057275656268,0.44198234238312967,0.47913132699916383,0.6206840956142644
drift,omd_paper_v2_literal,1,487,5,1,0.009202357263627059,22.604861249969012,0.06603915566252555,0.5520254437334088,0.0,0.0,0.43923339855201093,0.49484057727687897,0.5904393243886482,0.4821200818247444,0.5080656448237559,0.5328516856060079,0.6285500127088944,0.44306769701276305,0.478059134570115,0.6208079060955737
drift,omd_paper_v2_literal,1,488,5,0,0.00852075474612568,22.613382004715138,0.06665054450619867,0.5508074380859714,0.0,0.0,0.44086373051933364,0.49688971753617917,0.5920442272175801,0.48183111336918677,0.5092468856824813,0.5350486858909783,0.6293882263079484,0.44414678390880225,0.47699386631334384,0.6209309245504736
drift,omd_paper_v2_literal,1,489,6,1,0.0004534582335089521,22.613835462948646,0.06648281140810508,0.5561095871357795,0.0,0.0,0.4389994518963288,0.494546411583726,0.590208762530583,0.4821615676487479,0.5078960560328846,0.5325361736204349,0.6284296135680838,0.44291282518462405,0.47821208303243673,0.6207902440666421
drift,omd_paper_v2_literal,1,490,6,1,0.0004140350866581599,22.614249498035306,0.06740116539660448,0.5613926437745177,0.0,0.0,0.43880608412853667,0.4949364231361161,0.5912830375721301,0.48179351827626754,0.5080640591594852,0.5332459506771763,0.6297254084451392,0.4424817642228137,0.47794050216130624,0.6218271388578361
drift,omd_paper_v2_literal,1,491,6,0,0.0003746097570908047,22.614624107792398,0.06831607090099424,0.552403026977393,0.0,0.0,0.4386136317681487,0.495324631702453,0.5923514644257721,0.48142719575384074,0.5082312811786724,0.5339523017437584,0.6310133400021021,0.4420527888068673,0.4776701939945043,0.6228581188555511
drift,omd_paper_v2_literal,1,492,5,0,0.005794230934632938,22.62041833872703,0.06743199864675455,0.5513806456059398,0.0,0.0,0.43894123769714427,0.4946638216283267,0.5905322578968226,0.48205076646004064,0.50794663259143,0.5327498618836906,0.6288199004481175,0.4427830476996072,0.4781303238200786,0.6211025118265473
drift,omd_paper_v2_literal,1,493,9,1,0.0,22.62041833872703,0.06732839676469915,0.5563657202787979,0.0,0.0,0.43708913424442986,0.4923354522786194,0.5887082348376035,0.48237835396461537,0.50660402896182,0.530252371945375,0.6278696281562728,0.44155597954259546,0.4793409549022125,0.6209653370088279
drift,omd_paper_v2_literal,1,494,9,0,0.0,22.62041833872703,0.06825179889009131,0.5481991473131097,0.0,0.0,0.43608251377220153,0.4918179223390383,0.5895839280754691,0.48295268624312676,0.5071697134013324,0.5303556144707756,0.6289155902146246,0.44144880352408483,0.4786202444698298,0.6223199870069983
drift,omd_paper_v2_literal,1,495,9,1,0.0,22.62041833872703,0.06741598204687399,0.5531733818235788,0.0,0.0,0.43773355430139205,0.49266663407492206,0.5881475737550754,0.48201085674738986,0.5062420322962115,0.5301863045573926,0.627199675954584,0.4416245655147696,0.4798021907582512,0.6200974892979023
drift,omd_paper_v2_literal,1,496,9,1,0.0,22.62041833872703,0.06833936513793523,0.558139994456158,0.0,0.0,0.4367266988054638,0.4921491437013446,0.5890235424201976,0.4825851036939273,0.5068076728461105,0.5302895387251132,0.6282463046531078,0.44151739640782395,0.47908149486394597,0.6214532187062306
drift,omd_paper_v2_literal,1,497,9,0,0.0,22.62041833872703,0.06926182688031439,0.5499867605930899,0.0,0.0,0.4357251401189102,0.49163412642902155,0.5898947930903872,0.4831566705080973,0.50737061113801,0.5303922802921824,0.6292867721736487,0.44141074141527226,0.4783643063751015,0.6228006311260657
drift,omd_paper_v2_literal,1,498,5,0,0.0017042127717486477,22.62212255149878,0.06843079194475087,0.5491523934302044,0.0,0.0,0.4373712755771367,0.4924804635358483,0.588462770664793,0.4822174383684663,0.5064455250499381,0.5302234436483105,0.6275763415391072,0.4415860104891502,0.47954290846956227,0.6205854340005527
drift,omd_paper_v2_literal,1,499,9,0,0.0,22.62212255149878,0.06839993995533218,0.5410605360005789,0.0,0.0,0.43553170335699126,0.4901667554418085,0.5866480194896572,0.4825433135222205,0.5051116114514301,0.5277402268190305,0.626631398696826,0.44036729588119694,0.4807457629614793,0.6204498615357091
drift,omd_paper_v2_literal,1,500,3,1,0.00030753155471341387,22.622430083053494,0.06758414499191823,0.5392910662914082,0.0,0.0,0.4371696949689471,0.4910090505278166,0.5852199534690102,0.4816087899242887,0.5041911629916287,0.5275723879686671,0.6249246426137369,0.44054173689783976,0.4819188306791742,0.6182403713913899
drift,omd_paper_v2_literal,1,501,3,0,0.00018134075031173147,22.622611423803807,0.06787979501651058,0.5409347500567571,0.0,0.0,0.436065291193325,0.4897781056036977,0.5855488395778047,0.4842942505825923,0.5062339216389972,0.5272549379743513,0.6244412603237318,0.44246168885022785,0.47984280345652447,0.6189761063936656
drift,omd_paper_v2_literal,1,502,5,1,0.00044408732809853024,22.623055511131906,0.06811798788205549,0.5416854951899177,0.0,0.0,0.43709525274385935,0.4909260971775252,0.5852421185266065,0.4817897235736821,0.504328823647302,0.5275509966451064,0.6248920767161878,0.44067106159893554,0.4817789128906746,0.6182899674975044
drift,omd_paper_v2_literal,1,503,5,0,0.0007401440798238124,22.62379565521173,0.06862787517846587,0.5408548229347517,0.0,0.0,0.43873273763171416,0.4929841609589768,0.5868583757697567,0.4815007830028754,0.5055162814102435,0.5297602187286303,0.6257340747864818,0.4417561375961469,0.48070791690489956,0.6184109750995663
drift,omd_paper_v2_literal,1,504,9,1,0.003422093049256947,22.627217748260986,0.06862659534561645,0.5458286819322661,0.0,0.0,0.43689955834743915,0.49068004458973535,0.5850487476134509,0.48182427148849316,0.5041868420711839,0.5272867777005742,0.6247913527631386,0.4405413625198785,0.4819069776165824,0.6182754982757199
drift,omd_paper_v2_literal,1,505,9,0,0.0043998227040568105,22.63161757096504,0.06955887160475777,0.5377727889133493,0.0,0.0,0.4358935593386418,0.4901630674603285,0.5859260978694281,0.4823965984842923,0.5047507803690232,0.5273898346977229,0.6258409160948469,0.44043258779706906,0.48118779207152734,0.6196332152906354
drift,omd_paper_v2_literal,1,506,3,1,0.0019947229048496995,22.63361229386989,0.06875446002842688,0.5359830516321269,0.0,0.0,0.43752488200160755,0.4910012702354667,0.5845033477982082,0.48146868911807666,0.5038364425029828,0.5272227436991636,0.6241386313051323,0.44060895084382146,0.48235387009260267,0.617430969262574
drift,omd_paper_v2_literal,1,507,3,1,0.0023573878138720694,22.635969681683765,0.06904163950062658,0.5344127460367366,0.0,0.0,0.43642579986404806,0.48977581179238966,0.5848309533280251,0.48414471873390424,0.505872561351384,0.5269071320402099,0.6236554089914756,0.44252349872015606,0.4802847312698628,0.6181632783387309
drift,omd_paper_v2_literal,1,508,3,1,0.0027200467316736976,22.63868972841544,0.0693589715629504,0.5330593214459084,0.0,0.0,0.4353348876568198,0.488558895569286,0.5851562335353018,0.4868032607673801,0.5078944965408878,0.5265936677977194,0.6231752634668823,0.44442658300505394,0.4782304793563674,0.6188900243928255
drift,omd_paper_v2_literal,1,509,3,1,0.0030826987366538994,22.641772427152095,0.06970541728649228,0.5319200129206174,0.0,0.0,0.4342520801709929,0.48735046350791456,0.5854792083465343,0.48944430054054355,0.509902302602725,0.5262823336694625,0.6226981730158548,0.44631822417586997,0.4761910512364972,0.6196112572214488
drift,omd_paper_v2_literal,1,510,3,1,0.003445342907265947,22.64521777005936,0.07007992812816946,0.5309918487463791,0.0,0.0,0.43317731217328975,0.4861504572110428,0.5857998976167845,0.4920678291786181,0.5118960363660061,0.5259731123886354,0.622224115883123,0.4481984450309197,0.4741663814879976,0.6203270264274712
drift,omd_paper_v2_literal,1,511,3,0,0.0038079783220241747,22.649025748381383,0.07048145055896804,0.5318915006547807,0.0,0.0,0.43211051843292525,0.48495881797729967,0.5861183211249797,0.49467384342196496,0.5138757568524318,0.5256659867287982,0.6217530702826551,0.45006727060395624,0.4721564024930716,0.6210373814079123
drift,omd_paper_v2_literal,1,512,3,0,0.004170604059511085,22.653196352440894,0.07061758931653939,0.5329746573285116,0.0,0.0,0.43314768308573504,0.4861173678757311,0.5858087399578307,0.4921401828089251,0.5119510107635928,0.5259645849779553,0.622211039903879,0.4482503154929478,0.4741105606511827,0.620346757175639
drift,omd_paper_v2_literal,1,513,3,0,0.004533219198384786,22.65772957163928,0.0707867070632774,0.5342363718074338,0.0,0.0,0.4341783578139771,0.4872681679555701,0.5855012020120136,0.4896241927612172,0.5100390341868927,0.5262611293824199,0.6226656719107532,0.4464471123855427,0.476052183236195,0.619660357927237
drift,omd_paper_v2_literal,1,514,9,0,0.013198786759171466,22.670928358398452,0.07098795035356431,0.5260369281497884,0.0,0.0,0.43520258384132743,0.4884112719027987,0.5851956905053349,0.4871258408582666,0.5081397753672348,0.5265556378311854,0.6231169971864831,0.4446575715163548,0.47798131240239194,0.6189781548980421
drift,omd_paper_v2_literal,1,515,5,1,0.004292401758793307,22.675220760157245,0.0701676901628408,0.5267481577107581,0.0,0.0,0.43682448078476654,0.48924168939116547,0.5837769486412112,0.4862121050851188,0.5072372499939077,0.5263873993251481,0.6214113502910243,0.4448429451123316,0.47913441615014446,0.6167828609155936
drift,omd_paper_v2_literal,1,516,5,1,0.004588361262663376,22.679809121419908,0.07063429168126643,0.5276040845670678,0.0,0.0,0.43845937068328844,0.49129652072976865,0.5853940191482039,0.4859269532969579,0.5084265791623783,0.5285952606471217,0.6222548387424415,0.4459322573368805,0.47806175349498636,0.6169046194614121
drift,omd_paper_v2_literal,1,517,5,0,0.004884307127749454,22.684693428547657,0.07111809955973046,0.5266521915162979,0.0,0.0,0.4400854436388049,0.49333889669580183,0.5869992375141976,0.4856435794905879,0.5096084360043489,0.530788318089954,0.6230923621414449,0.4470153269114253,0.4769959453683646,0.6170256081634509
drift,omd_paper_v2_literal,1,518,5,0,0.005180238474756016,22.689873667022415,0.07115069933667581,0.525892415219851,0.0,0.0,0.438257452972999,0.4910428124888151,0.585194473276027,0.485962157844992,0.5082797486361668,0.5283227353065939,0.6221507409864749,0.4457977417638904,0.4781941744335248,0.616889587859088
drift,omd_paper_v2_literal,1,519,3,1,0.006708635876900848,22.696582302899316,0.07122514596231155,0.5244909493432488,0.0,0.0,0.43644243116724757,0.4887613084708931,0.5833986071371523,0.48627877643289397,0.5069591660237683,0.525871037210533,0.6212140319063195,0.4445883339999439,0.4793852386594551,0.6167543909884653
drift,omd_paper_v2_literal,1,520,3,1,0.007071151035744072,22.70365345393506,0.07155209790379198,0.523303015494994,0.0,0.0,0.4353709750530062,0.4875660440170471,0.5837198634741126,0.48889484302804576,0.5089493557218218,0.5255643632585799,0.6207404291153116,0.44646375941901323,0.47736362317141245,0.6174697932431207
drift,omd_paper_v2_literal,1,521,3,0,0.0074336482288128725,22.711087102163873,0.07190620671551837,0.5244395193397764,0.0,0.0,0.4343073804315834,0.4863790240037876,0.5840388713574414,0.4914937756445632,0.5109257715935742,0.5252597494238371,0.6202698094369844,0.4483279794481071,0.4753564476483617,0.6181798416292605
drift,omd_paper_v2_literal,1,522,3,1,0.0077961265357664455,22.71888322869964,0.07210598452657566,0.5232636096323472,0.0,0.0,0.43532842097632174,0.4875185617714065,0.5837326247785063,0.48899878681557396,0.5090284159137743,0.5255521794120268,0.6207216092127316,0.44653829757572167,0.4772833239398066,0.6174982040316326
drift,omd_paper_v2_literal,1,523,3,0,0.008158585036411203,22.72704181373605,0.07245894931302133,0.5243890867065379,0.0,0.0,0.43426865817332955,0.4863357983488478,0.5840504875463246,0.4915884321790847,0.5109977419335422,0.5252486557492386,0.6202526663013098,0.448395897687796,0.47528336567195395,0.6182056904143634
drift,omd_paper_v2_literal,1,524,9,0,0.02297295749099565,22.750014771227047,0.07266174515438541,0.5161539458810471,0.0,0.0,0.43528642909604665,0.48747170600851214,0.5837452176590373,0.48910136058044984,0.5091064329072147,0.5255401562331703,0.620703037177121,0.44661185497596456,0.47720408495727296,0.6175262393118943
drift,omd_paper_v2_literal,1,525,3,0,0.008883438938777966,22.758898210165825,0.07184610019913469,0.5175398274430588,0.0,0.0,0.4369002866848802,0.4882965695758338,0.5823317763096842,0.48819824062129147,0.5082135692007523,0.5253726127059843,0.6189981816193997,0.44680277368157534,0.4783465059285846,0.61533770846359
drift,omd_paper_v2_literal,1,526,5,0,0.007547061126582433,22.766445271292408,0.07209415887262341,0.5169562581068979,0.0,0.0,0.4379101282160352,0.48942265914058836,0.5820292828839527,0.48573355997854456,0.5063384267114569,0.5256616701254636,0.6194458886521776,0.44503515200614324,0.48025139147846546,0.6146629745566167
drift,omd_paper_v2_literal,1,527,9,0,0.0259044375677861,22.792349708860193,0.07224052112508556,0.5088731339591783,0.0,0.0,0.4361085435064127,0.48715787293170226,0.5802410961441306,0.48604496678641385,0.505024032274941,0.5232251437104454,0.6185134690733805,0.44383180636374664,0.48143739783971395,0.6145276604524671
drift,omd_paper_v2_literal,1,528,3,0,0.009970548249422895,22.802320257109617,0.0714571780746811,0.5104971644529125,0.0,0.0,0.4377128994376419,0.4879772760741959,0.5788332799104327,0.4851490669650529,0.5041376629282126,0.5230586179371335,0.6168150012851895,0.44402255169140403,0.48257239428042736,0.6123464463741247
drift,omd_paper_v2_literal,1,529,5,1,0.008434273751976584,22.810754530861594,0.07175696839365592,0.5110544223833402,0.0,0.0,0.4387142450008092,0.4890937101879861,0.578532673015046,0.48270513777677865,0.5022771238667557,0.523345133879999,0.6172605875360231,0.44227081032735727,0.4844631973009469,0.6116759052182802
drift,omd_paper_v2_literal,1,530,5,0,0.008729962346869735,22.819484493208464,0.07215146961909201,0.5104495772834587,0.0,0.0,0.4403473228515078,0.49114434262277384,0.5801535216294451,0.4824237327559795,0.5034675543764434,0.5255510244023417,0.618105670958781,0.44335983182065125,0.48338866369421407,0.6117987336432913
drift,omd_paper_v2_literal,1,531,9,0,0.02981237603884873,22.84929686924731,0.07232230434887298,0.5025404748272404,0.0,0.0,0.4385495630378654,0.48888684886491574,0.578369057096816,0.4827335282779606,0.5021570241733644,0.523122537897873,0.6171752907861013,0.4421609737064927,0.4845716110789523,0.6116635127345653
drift,omd_paper_v2_literal,1,532,5,0,0.009321260852716118,22.858618130100027,0.0715689273899567,0.5021101181330955,0.0,0.0,0.4401462573887231,0.48970138174605743,0.5769683465847726,0.4818446800554206,0.5012771922480468,0.5229573189465022,0.6154844442828717,0.44235178509400414,0.48569902574594354,0.6094896333194061
drift,omd_paper_v2_literal,1,533,3,1,0.011781878372762011,22.87040000847279,0.0717847055799226,0.5003155197317809,0.0,0.0,0.43836018006650235,0.48745870569422955,0.5751919325632475,0.4821525118016989,0.49997516433055506,0.5205433992562196,0.6145578211201761,0.44116122705945837,0.48687456146014696,0.6093551582812217
drift,omd_paper_v2_literal,1,534,3,1,0.012144058320455842,22.882544066793244,0.07204179881916578,0.49874269820309003,0.0,0.0,0.4372950103117711,0.4862708467485657,0.5755134291825821,0.4847561045171276,0.5019582708746878,0.5202392836530881,0.6140816153358053,0.4430277635356357,0.4848588702407383,0.6100704565767043
drift,omd_paper_v2_literal,1,535,3,0,0.012506207433592653,22.895050274226836,0.07232677108590775,0.5002223416763038,0.0,0.0,0.43623754336492576,0.48509109330850797,0.5758327103265621,0.487343087432464,0.5039280408331688,0.5199371890745647,0.6136083812254528,0.44488339881608974,0.48285716028897263,0.6107804979431843
drift,omd_paper_v2_literal,1,536,3,0,0.012868324794541142,22.90791859902138,0.07262575204938491,0.5018767723881262,0.0,0.0,0.4372360598104323,0.4862050918427955,0.5755312252203767,0.4849002636623847,0.5020680534943713,0.5202224475160819,0.6140552464192869,0.44313114162670525,0.48474729630737845,0.6101100413568746
drift,omd_paper_v2_literal,1,537,9,0,0.03567253802291931,22.943591137044297,0.07295285934714828,0.49401691386391944,0.0,0.0,0.4382284193358849,0.487311795015173,0.5752316955611759,0.48247444894925423,0.5002204166985674,0.5205057900451685,0.6144989405287096,0.44139197296918287,0.4866252560951374,0.6094436448971814
drift,omd_paper_v2_literal,1,538,5,1,0.011094463782542974,22.954685600826842,0.07221911388203249,0.49441458077818795,0.0,0.0,0.4398149347997183,0.4881198227683657,0.5738359204681749,0.4815958002717663,0.4993494577962067,0.5203408537126321,0.6128108697045539,0.44158616666911865,0.48774278898701096,0.6072774592735694
drift,omd_paper_v2_literal,1,539,5,1,0.011389887403531196,22.966075488230373,0.07256016668585011,0.4949694774116101,0.0,0.0,0.4414510497729989,0.490172950611559,0.5754643248533433,0.48131573925083604,0.5005432279196355,0.5225513931433973,0.6136604663515377,0.44267803212448015,0.48666474975678237,0.6074012167136642
drift,omd_paper_v2_literal,1,540,5,0,0.011685277204219968,22.977760765434592,0.07292042490762138,0.49436903997004983,0.0,0.0,0.4430783906066979,0.4922138146910049,0.5770811203086654,0.48103740755799246,0.5017296701917655,0.5247474999481944,0.6145041669964436,0.4437637500432279,0.4855934453547761,0.6075242014451409
drift,omd_paper_v2_literal,1,541,5,0,0.01198063230980817,22.9897413977444,0.07314093862150461,0.4939622578206709,0.0,0.0,0.44129263639911254,0.4899742157258704,0.5753067849346686,0.48134284544324396,0.5004276846823816,0.5223374754361706,0.6135782652696217,0.44257232764880416,0.48676908635831395,0.6073892390120614
drift,omd_paper_v2_literal,1,542,9,1,0.04055415017553199,23.03029554791993,0.0733989689955655,0.4990178304850411,0.0,0.0,0.4395193084711222,0.4877487142270621,0.5735413774945491,0.4816464288755023,0.4991336572386379,0.5199411611575251,0.6126572124460633,0.44138884724147914,0.4879376814257394,0.6072550858457997
drift,omd_paper_v2_literal,1,543,9,0,0.04153024780434522,23.071825795724276,0.07435534614055798,0.49120022661150153,0.0,0.0,0.4384976501253867,0.48722802283651057,0.574439604837289,0.48221205736727013,0.4996939099446778,0.5200466808453924,0.6137439857687378,0.4412635399259398,0.48721865443515305,0.6086498633647915
drift,omd_paper_v2_literal,1,544,3,1,0.01576401057240162,23.087589806296677,0.07363401638767429,0.48930598199133024,0.0,0.0,0.4400793022527764,0.4880340170691884,0.5730490244450629,0.4813365357925118,0.49882669057639534,0.51988334521677,0.61206128293173,0.4414575074130767,0.48833166413844903,0.6064901304603284
drift,omd_paper_v2_literal,1,545,3,0,0.016125800913353028,23.10371560721003,0.07386910039136264,0.4910636531513208,0.0,0.0,0.43902187720984137,0.48685480601769193,0.5733690353854035,0.4839253181505072,0.5007996900802218,0.5195824104788166,0.6115851087772709,0.4433159385210421,0.48632632407269816,0.6072012090765821
drift,omd_paper_v2_literal,1,546,5,1,0.013456856813202633,23.117172464023234,0.07422543513545223,0.4914319665160908,0.0,0.0,0.44000682160187715,0.4879532037424927,0.5730709560965608,0.4815139093696513,0.49896189573727834,0.5198627232314557,0.6120286585073367,0.4415848101814142,0.48819422955449493,0.6065388736679126
drift,omd_paper_v2_literal,1,547,5,1,0.013751985393542054,23.130924449416778,0.07454038326856469,0.49195707839666913,0.0,0.0,0.44163454810361574,0.48999548366463447,0.5746917141345803,0.48123609510504955,0.5001501492029242,0.5220620054071915,0.6128741414902127,0.44267178148162656,0.48712108663996156,0.606662042790744
drift,omd_paper_v2_literal,1,548,5,0,0.014047073163409474,23.14497152258019,0.07487421031962853,0.49139022342384314,0.0,0.0,0.443253595611861,0.49202564475421084,0.576301002706732,0.4809599859180613,0.5013311573085117,0.5242470335059627,0.6137137969264129,0.44375267087343506,0.4860546033239595,0.6067844476258936
drift,omd_paper_v2_literal,1,549,5,1,0.014342119250441598,23.15931364183063,0.07513108820475717,0.4918987218494473,0.0,0.0,0.4414804356322617,0.48980217421188366,0.5745383837084446,0.48126238868099397,0.5000376853654719,0.5218538869654018,0.6127941487672589,0.44256888005994294,0.4872226506295454,0.6066503858794824
drift,omd_paper_v2_literal,1,550,5,1,0.014637122782610756,23.173950764613238,0.0754575848294568,0.49255999208992324,0.0,0.0,0.4430951481290934,0.491827018542636,0.5761436345660246,0.4809869975588024,0.501215618062454,0.5240333087297776,0.6136316820023845,0.4436469022695003,0.486158933444159,0.6067724731797773
drift,omd_paper_v2_literal,1,551,5,1,0.014932082888233,23.18888284750147,0.07580216752471262,0.49337061421632283,0.0,0.0,0.4447012582011671,0.4938398458803875,0.5777375571486155,0.48071328842829014,0.5023863919785005,0.5261986034443172,0.6144634689468665,0.4447189112268123,0.48510179306654394,0.6068938066709849
drift,omd_paper_v2_literal,1,552,5,1,0.015226998695974436,23.204109846197447,0.07616420066160098,0.4943271003582432,0.0,0.0,0.4462987903137612,0.4958406852123931,0.5793202270551228,0.4804412478553712,0.5035500519018605,0.5283498132279529,0.6152895581063417,0.4457849401631992,0.48405118488706456,0.6070143925149372
drift,omd_paper_v2_literal,1,553,5,0,0.015521869334857996,23.219631715532305,0.07654305346571756,0.4932632847920873,0.0,0.0,0.4478877699278766,0.49782956736021217,0.580891720220506,0.48017086247921703,0.5047066427538026,0.5304869823697573,0.6161099977239866,0.4468450225030363,0.4830070642833194,0.6071342368364002
drift,omd_paper_v2_literal,1,554,5,1,0.01581669393427132,23.235448409466578,0.07673423927886729,0.49419883251436153,0.0,0.0,0.4461033361008708,0.4955959543233353,0.5791267376721475,0.4804745204904003,0.503407726588405,0.5280867538784678,0.6151885547940716,0.445654527299087,0.48417967728480266,0.6069996443727871
drift,omd_paper_v2_literal,1,555,5,1,0.01611147162397275,23.25155988109055,0.07710518722273572,0.49527623372913965,0.0,0.0,0.4476882789112908,0.4975799388326436,0.5806945723583193,0.4802047977591511,0.5045614822061525,0.5302188072211511,0.6160070609704378,0.4467119454432612,0.4831381033096371,0.6071191959517822
drift,omd_paper_v2_literal,1,556,5,1,0.016406201534098885,23.26796608262465,0.07749224477627305,0.49649193527849855,0.0,0.0,0.44926474686625834,0.49955207091145354,0.5822513680498813,0.4799367080849022,0.5057082531161746,0.5323369499697392,0.6168199954546887,0.44776348423360574,0.48210293662314835,0.6072380160443257
drift,omd_paper_v2_literal,1,557,5,1,0.016700882795171013,23.28466696541982,0.07789480819411776,0.49784234572137326,0.0,0.0,0.45083276692834084,0.5015123843082836,0.5837972004754515,0.4796702383746016,0.5068480840076222,0.5344412297851504,0.6176274055239491,0.44880917708994794,0.4810741330444681,0.6073561106462807
drift,omd_paper_v2_literal,1,558,5,0,0.016995514538102996,23.301662479957923,0.07831228159893538,0.496300640345231,0.0,0.0,0.4523923669374819,0.5034609143945252,0.5853321455899859,0.47940537561138014,0.5079810196510636,0.536531696231661,0.6184293381792034,0.44984905757895044,0.4800516484187842,0.6074734857154718
drift,omd_paper_v2_literal,1,559,5,1,0.017290095894206936,23.31895257585213,0.07844245397927527,0.49762655183127513,0.0,0.0,0.45059777450676786,0.5012186807980638,0.5835656994714874,0.47971016160808794,0.5066773124809605,0.5341260311582315,0.6175064761101506,0.44865247654405166,0.48122826408221464,0.6073384178588819
drift,omd_paper_v2_literal,1,560,5,1,0.017584625995201275,23.33653720184733,0.078851629920161,0.49908326300478534,0.0,0.0,0.45215362739643905,0.503162720458862,0.5850973471110532,0.4794459089496004,0.5078076423946779,0.5362118566466334,0.6183066536621251,0.4496898876442472,0.4802081168718201,0.6074555236664486
drift,omd_paper_v2_literal,1,561,5,0,0.017879103973217125,23.35441630582055,0.07927508842395022,0.49740777945584347,0.0,0.0,0.4537011384109952,0.5050950834927335,0.5866182414399419,0.4791832420232144,0.508931159077747,0.5382840006388867,0.6191014283136329,0.45072155206385595,0.4791942108988041,0.607571919546371
drift,omd_paper_v2_literal,1,562,5,1,0.01817352896080504,23.372589834781355,0.07939442125212409,0.4988391940591377,0.0,0.0,0.45190780829241106,0.5028556528155388,0.5848555229086662,0.4794876484495272,0.5076291051509544,0.5358824706044385,0.6181803034718008,0.4495259931215727,0.48036924436526574,0.6074370269372183
drift,omd_paper_v2_literal,1,563,5,0,0.018467900090942457,23.391057734872298,0.0798095932548352,0.49719504600195513,0.0,0.0,0.4534516728859946,0.5047836634426807,0.5863732377335215,0.4792255739017072,0.5087500935800463,0.5379501315553571,0.6189733816436878,0.45055525523332346,0.4793576054471959,0.6075531614580327
drift,omd_paper_v2_literal,1,564,5,0,0.018762216497039907,23.40981995136934,0.07994144719461725,0.49574386673675164,0.0,0.0,0.4516649389300253,0.502552238970111,0.5846165376839718,0.4795288912846966,0.5074526916411448,0.5355569754443844,0.6180554418892051,0.44936406067194445,0.48052845750306616,0.6074187501252621
drift,omd_paper_v2_literal,1,565,6,0,0.06044673080891527,23.470266682178256,0.08010821347791007,0.4870270124937083,0.0,0.0,0.44989002796088456,0.5003339378668089,0.5828681143244264,0.4798304260470239,0.5061628790937336,0.5331763779215698,0.6171421061267395,0.4481805009000828,0.48169258265918763,0.607285119233648
drift,omd_paper_v2_literal,1,566,4,0,0.017420113133069015,23.487686795311326,0.07936958258146937,0.487918915691596,0.0,0.0,0.4502442122011656,0.4997443909202918,0.5811405098805469,0.48042076053259447,0.50591231606392,0.532067547888636,0.6150195830227196,0.44890655686309383,0.48211485372166013,0.6055718398227943
drift,omd_paper_v2_literal,1,567,6,0,0.062316238053725936,23.55000303336505,0.07967452939759832,0.47926862324204833,0.0,0.0,0.4500407241011329,0.4993560925002976,0.5797980837199538,0.4785008934940508,0.5035195910970495,0.530855998263954,0.6148254788109653,0.446680482263865,0.48445953542475845,0.6048884889273288
drift,omd_paper_v2_literal,1,568,1,0,0.012614789101621948,23.562617822466674,0.07895463137950029,0.4798417888389447,0.0,0.0,0.4503932264125008,0.4987695024588605,0.578075683434168,0.47908852098708626,0.5032706262195136,0.5297521586323185,0.612708646478803,0.44740288673590445,0.48487950496335896,0.6031801239918552
drift,omd_paper_v2_literal,1,569,3,1,0.024794396054438672,23.587412218521113,0.07945219126102776,0.4778270694290691,0.0,0.0,0.44820658137207214,0.49638360942816434,0.5770304104702152,0.4802104347097116,0.5028885115960355,0.5276976453475961,0.6122579933658618,0.4468039055032507,0.4850825150674146,0.6038144941708137
drift,omd_paper_v2_literal,1,570,3,1,0.02515489003124194,23.612567108552355,0.07966314752555062,0.47603988422792576,0.0,0.0,0.4471540079465573,0.4952146414288361,0.5773554665319964,0.48279107725786286,0.5048610304199599,0.5274065771064413,0.6117869050991307,0.4486660369850313,0.4830787555104651,0.6045264023207053
drift,omd_paper_v2_literal,1,571,3,0,0.02551532034487547,23.63808242889723,0.07989952525839654,0.47770789031726285,0.0,0.0,0.4461088618083325,0.49405345320441874,0.5776783073456757,0.4853555687522368,0.5068203593144346,0.5271174146583733,0.61131872424535,0.4505172841449306,0.48108878120532034,0.6052331655648127
drift,omd_paper_v2_literal,1,572,3,1,0.025875686091044625,23.663958114988276,0.08024960593329045,0.47594027935464256,0.0,0.0,0.4470880064265973,0.49514132559081964,0.5773758517564218,0.4829529666965869,0.5049847420183597,0.5273883207392321,0.611757351559955,0.44878287804732064,0.48295309755619975,0.6045710383314408
drift,omd_paper_v2_literal,1,573,3,0,0.02623598636595481,23.69019410135423,0.08048660307400239,0.4775910921943919,0.0,0.0,0.44604665873107674,0.493984329059671,0.5776975241107192,0.48550825971572403,0.5069369930107274,0.5271002001153793,0.6112908467461903,0.4506275334377619,0.4809703354559566,0.6052752256488777
drift,omd_paper_v2_literal,1,574,9,0,0.07174077554726538,23.761934876901496,0.08083719212517701,0.46987484383981126,0.0,0.0,0.4470228627208183,0.4950689608039098,0.5773959723427895,0.4831127600714687,0.5051068485804274,0.5273703010702862,0.6117281804998679,0.4488982093207764,0.4828290713964172,0.6046150937406041
drift,omd_paper_v2_literal,1,575,4,0,0.01980048038600346,23.7817353572875,0.08012663309725528,0.47086728256033367,0.0,0.0,0.44859590353352136,0.4958687909161268,0.5760267181442791,0.4822540458146072,0.504258214312615,0.5272134844300097,0.610059087473913,0.4491004590518426,0.4839208305646134,0.6024714294142374
drift,omd_paper_v2_literal,1,576,6,1,0.07072339139683659,23.852458748684334,0.08048847880410488,0.47629520852785456,0.0,0.0,0.4483870375450392,0.4954756270428443,0.5746893395793792,0.4803586060377141,0.5018893837723738,0.5260053311827145,0.6098630888317863,0.4468962943053332,0.48624200274780316,0.6017947173564866
drift,omd_paper_v2_literal,1,577,6,0,0.07165691829434406,23.92411566697868,0.08141357199608709,0.46780399931889993,0.0,0.0,0.4481629183008779,0.4958458410166112,0.5757827389078589,0.47998871085259814,0.5020486789972847,0.5267045073816556,0.6112071738414455,0.44644045244019376,0.485974341173405,0.60287873715301
drift,omd_paper_v2_literal,1,578,3,1,0.02803647407463783,23.95215214105332,0.08073600613721127,0.4657986024598331,0.0,0.0,0.448513642521702,0.4952665106251935,0.5740713996662639,0.4805675540943783,0.5017994043069826,0.5256103501719007,0.6091031312790004,0.44715382006465254,0.4863931972145659,0.6011819570878488
drift,omd_paper_v2_literal,1,579,3,1,0.028396362571146083,23.980548503624465,0.08094083612837737,0.46402161945640624,0.0,0.0,0.44747044820308973,0.4941080776997216,0.5743927662908729,0.48312230736654155,0.5037511798074492,0.5253206730638996,0.6086350310219641,0.44899652676551166,0.4844101416402802,0.6018882926958754
drift,omd_paper_v2_literal,1,580,3,0,0.02875617928439811,24.009304682908862,0.08117029793376929,0.4656822905412962,0.0,0.0,0.44643454362564905,0.49295729417338097,0.5747119660005781,0.48566120329859325,0.5056900597079359,0.5250328762277439,0.6081697984451475,0.4508285527388639,0.4824405593235721,0.6025895825182744
drift,omd_paper_v2_literal,1,581,3,1,0.02911592331484303,24.038420606223706,0.0815363784228973,0.4639245874885715,0.0,0.0,0.44740627925073617,0.4940368054708166,0.5744125367617456,0.4832795222331898,0.5038712623348092,0.5253028497257287,0.6086062239768911,0.44910994807296556,0.4842881468295606,0.6019317371391023
drift,omd_paper_v2_literal,1,582,3,1,0.029475593763491847,24.0678961999872,0.08176646765304212,0.46239187611246707,0.0,0.0,0.4463740976345617,0.49289013121674763,0.5747305940770927,0.48580940934733224,0.5058032171447883,0.5250160785342786,0.6081426392032985,0.4509355200763946,0.48232562148420893,0.6026305001121276
drift,omd_paper_v2_literal,1,583,3,1,0.02983518973192334,24.097731389719122,0.08202016591806091,0.46108200640719404,0.0,0.0,0.44534910265519123,0.49175100639417335,0.5750465166718204,0.4883235242144089,0.5077224056967976,0.524731160519375,0.607681883395305,0.45275049985052696,0.4803764298822565,0.6033242935287346
drift,omd_paper_v2_literal,1,584,3,1,0.030194710322291485,24.127926100041414,0.08229680341884055,0.45999255168251435,0.0,0.0,0.44433124066948065,0.49061938222145823,0.5753603218736322,0.4908218572545238,0.5096288748248443,0.5244480814156098,0.6072239371815211,0.4545549089705795,0.47844051903466694,0.6040131589257199
drift,omd_paper_v2_literal,1,585,3,1,0.0305541546373318,24.158480254678746,0.08259570451914852,0.4591208154248739,0.0,0.0,0.4433204580001387,0.48949520965708865,0.5756720269513321,0.49330440351577914,0.5115226732144739,0.5241668269885628,0.6067687811694499,0.4563487708636126,0.47651783408259074,0.6046971377005198
drift,omd_paper_v2_literal,1,586,3,0,0.030913521780368436,24.189393776459116,0.08291618977860007,0.4599699956965808,0.0,0.0,0.4423167009559976,0.48837843942563036,0.5759816491111451,0.49577116253024384,0.5134038513219902,0.5238873830383601,0.6063163959523501,0.4581321107415475,0.4746083183823308,0.6053762711016722
drift,omd_paper_v2_literal,1,587,3,1,0.031272810855320854,24.220666587314437,0.08319231330791305,0.4591056845307855,0.0,0.0,0.4432972198166861,0.4894693597118672,0.5756791941252968,0.49336149579393157,0.5115662187794969,0.5241603591610559,0.6067583123473177,0.45639003550287033,0.4764736285345899,0.6047128614730614
drift,omd_paper_v2_literal,1,588,3,1,0.03163202096671058,24.252298608281148,0.08351154476357397,0.45845469771526537,0.0,0.0,0.44229683271088255,0.48835633008469187,0.575987778591863,0.49582000335380505,0.5134410923376188,0.5238818502907447,0.6063074375196834,0.4581674293404846,0.4745705199755771,0.6053897128877016
drift,omd_paper_v2_literal,1,589,3,0,0.03199115121966811,24.284289759500815,0.08385140210185921,0.4590956428445186,0.0,0.0,0.44130337182224344,0.48725060522437297,0.5762943108519532,0.49826282876823624,0.5153034793197768,0.5236051259487968,0.6058592960636964,0.4599343958747672,0.4726804371653793,0.606061791605472
drift,omd_paper_v2_literal,1,590,3,0,0.032350200719939215,24.316639960220755,0.08410763297378566,0.45993212003332157,0.0,0.0,0.44228358676543417,0.488341589935877,0.5759918650694349,0.4958525653024725,0.5134659206318548,0.5238781616355537,0.606301464942942,0.45819097628673183,0.4745453201507758,0.605398674362805
drift,omd_paper_v2_literal,1,591,3,1,0.03270916857389228,24.349349128794646,0.08438819346252609,0.4590810012734009,0.0,0.0,0.44325793555420073,0.489425659753693,0.5756913103695317,0.4934580123482563,0.511639833427622,0.5241494250915866,0.6067406142751355,0.456459795940152,0.4763988986050483,0.6047394424765087
drift,omd_paper_v2_literal,1,592,3,0,0.03306805388852463,24.38241718268317,0.08470482620977761,0.4599106249442271,0.0,0.0,0.44226418565681486,0.48832000016494725,0.5759978504898592,0.4959002586567535,0.5135022863654743,0.5238727588797236,0.6062927168882738,0.45822546569469974,0.4745084103526363,0.6054118000537135
drift,omd_paper_v2_literal,1,593,4,0,0.024545351297673546,24.406962533980845,0.0849874675446033,0.4602517825608753,0.0,0.0,0.4432354916437602,0.4894006927832971,0.5756982326874853,0.49351315525086403,0.5116818913668001,0.5241431781328462,0.6067305027317109,0.4564996528511524,0.47635620372122905,0.604754628690312
drift,omd_paper_v2_literal,1,594,9,0,0.09116529859987865,24.498127832580725,0.08531555334097161,0.45223598022501627,0.0,0.0,0.44300539696576063,0.48898160133214086,0.5743491123024249,0.49163670736896836,0.509318203162637,0.5229132874610107,0.6065232580422276,0.45429330442816895,0.47866932939614953,0.6040834849651071
drift,omd_paper_v2_literal,1,595,3,0,0.034144205676046924,24.53227203825677,0.0845929367454896,0.45348743885421927,0.0,0.0,0.4445636236373828,0.48977162781714245,0.5729873042580181,0.4908007160689,0.5084903614446654,0.5227576453306122,0.6048499483538835,0.4545116545201254,0.479738814657368,0.6019527802237225
drift,omd_paper_v2_literal,1,596,9,0,0.09310418749149957,24.62537622574827,0.08493316178314762,0.445638642040288,0.0,0.0,0.4455241188146102,0.4908398380301181,0.5726927769915553,0.4884451877845253,0.5066939117879148,0.5230264150439351,0.6052839412519104,0.45281109094373245,0.4815632606290506,0.6013030218985915
drift,omd_paper_v2_literal,1,597,5,0,0.028438314411200705,24.65381454015947,0.08423351231895543,0.4450495593186868,0.0,0.0,0.4470745288816131,0.49162480601517383,0.5713376746268237,0.4876155824400603,0.505871741501409,0.5228715236615582,0.6036182498065745,0.4530290211060213,0.4826260071468806,0.5991800077317678
drift,omd_paper_v2_literal,1,598,3,0,0.03521958252338342,24.689034122682852,0.08463319797314212,0.44655011216760754,0.0,0.0,0.4453542297463261,0.4894729162462617,0.5696261109767866,0.48790204929048064,0.5046137816343061,0.5205534377873849,0.6027233445526405,0.4518712589701384,0.483761797436293,0.5990506099150648
drift,omd_paper_v2_literal,1,599,9,0,0.09601119279708775,24.78504531547994,0.08501203790792033,0.4388556613323772,0.0,0.0,0.44630701037382536,0.4905324493061963,0.5693334139379004,0.48556515382869725,0.502830558695235,0.520819956655321,0.6031553299459629,0.45018486902981997,0.4855733977676319,0.598404897125243
drift,omd_paper_v2_literal,1,600,5,0,0.02931389052651545,24.814359206006458,0.08434193331025051,0.438425175989461,0.0,0.0,0.4478482687511405,0.4913123046235721,0.5679841764187932,0.4847420714849491,0.5020143418430298,0.520666012631406,0.6014964308417866,0.4504023362729148,0.4866291728618822,0.5962899666244114
drift,omd_paper_v2_literal,1,601,3,1,0.03629416042534661,24.850653366431803,0.0847803683028409,0.4367758801705359,0.0,0.0,0.4461372565013244,0.4891728585846372,0.5662791884769743,0.4850264221868671,0.5007631217923028,0.5183603406772092,0.6006052116441548,0.4492520074251486,0.48775931457391014,0.5961610288785288
drift,omd_paper_v2_literal,1,602,3,1,0.03665217137480459,24.887305537806608,0.08500229275663906,0.4353523467333291,0.0,0.0,0.4451341918133513,0.4880571320952027,0.5665879486435687,0.48748856388496764,0.502642289384395,0.5180797310854182,0.6001485206731945,0.4510287951896237,0.4858499721799545,0.5968419332338125
drift,omd_paper_v2_literal,1,603,3,1,0.03701009000534361,24.92431562781195,0.0852458726512767,0.4341524882853049,0.0,0.0,0.4441379553187495,0.4869486263257672,0.5668946919962434,0.48993563297452414,0.5045094200862837,0.5178008966011738,0.5996945645732639,0.45279550950091035,0.4839531938234891,0.5975181334204718
drift,omd_paper_v2_literal,1,604,3,1,0.03736791543203022,24.96168354324398,0.08551052188600575,0.43317391656103194,0.0,0.0,0.4431484968687679,0.4858472948046352,0.5671994345098462,0.4923676233538928,0.5063645563875245,0.5175238237745221,0.5992433248168956,0.45455217112696134,0.4820689315985839,0.5981896676992372
drift,omd_paper_v2_literal,1,605,3,1,0.03772564677064694,24.999409190014624,0.08579564982111454,0.43241394967258784,0.0,0.0,0.4421657662972509,0.4847530908495919,0.5675021921056213,0.4947845330596605,0.5082077424448521,0.5172484991872529,0.5987947828641504,0.4562988024906212,0.48019713591211327,0.5988565742064361
drift,omd_paper_v2_literal,1,606,3,1,0.038083283137698376,25.037492473152323,0.08610066285218776,0.43186962157146347,0.0,0.0,0.4411897134382591,0.4836659675905309,0.5678029806479965,0.4971863641392504,0.5100390240115802,0.5169749094560007,0.5983489201686623,0.45803542761071675,0.47833775555799796,0.5995188909456032
drift,omd_paper_v2_literal,1,607,3,1,0.03844082365041779,25.07593329680274,0.08642496591778906,0.4315376935941996,0.0,0.0,0.44022028814305464,0.4825858779913713,0.568101815941507,0.49957312252521596,0.5118584483685878,0.5167030412352239,0.5979057181834833,0.4597620720442597,0.4764907377897269,0.6001766557794511
drift,omd_paper_v2_literal,1,608,3,0,0.038798267426773725,25.114731564229515,0.08676796393441681,0.43187025482426344,0.0,0.0,0.4392574402964673,0.4815127748712786,0.5683987137278491,0.5019448179112991,0.5136660642568893,0.5164328812200676,0.5974651583667314,0.4614787628297722,0.47465602839115933,0.6008299064221932
drift,omd_paper_v2_literal,1,609,3,1,0.03915561358547648,25.15388717781499,0.08703959369492799,0.4315387413695996,0.0,0.0,0.44022168585536425,0.48258743550785527,0.5681013850173615,0.4995696804656678,0.5118558247340869,0.5167034333121008,0.5979063574544123,0.4597595812902356,0.4764934009814335,0.6001757074555141
drift,omd_paper_v2_literal,1,610,3,0,0.03951286124598463,25.193400039060975,0.08738063876590724,0.4318708762249819,0.0,0.0,0.4392618626239552,0.48151770437383357,0.5683973498780335,0.5019339223524591,0.5136577607678098,0.5164341223696344,0.597467182679036,0.46147087415280336,0.47466445560393666,0.6008269061771613
drift,omd_paper_v2_literal,1,611,3,0,0.03987000952851161,25.233270048589485,0.0876548382771745,0.4324065577791284,0.0,0.0,0.4402230564682363,0.4825889628258536,0.5681009624483392,0.4995663051445326,0.5118532519688147,0.5167038177869472,0.597906984330142,0.4597571388315965,0.4764960125375969,0.600174777517978
drift,omd_paper_v2_literal,1,612,3,1,0.04022705755403233,25.273497106143516,0.08795145286309229,0.43186876916381384,0.0,0.0,0.44117865871371326,0.48365365287129247,0.5678063878753556,0.49721357447774917,0.5100597684186978,0.5169718100085651,0.5983438682345388,0.458055107066436,0.47831669472101773,0.5995263919896783
drift,omd_paper_v2_literal,1,613,3,0,0.040584004444289334,25.314081110587807,0.08827080469135752,0.43240147634532866,0.0,0.0,0.4402184051835778,0.4825837797469831,0.5681023964709309,0.499577759576667,0.5118619828584119,0.5167025130396155,0.5979048569741061,0.45976542752523825,0.47648715001056485,0.6001779333351355
drift,omd_paper_v2_literal,1,614,3,0,0.04094084932179953,25.355021959909607,0.08856948323715756,0.4331319206845831,0.0,0.0,0.4411710355591926,0.483645160819072,0.5678087374495099,0.49723233836868314,0.5100740734610227,0.5169696726707842,0.5983403844769447,0.4580686778291106,0.4783021714976645,0.5995315645810186
drift,omd_paper_v2_literal,1,615,9,0,0.11148639312433634,25.466508353033944,0.08888964356318572,0.4250893346646455,0.0,0.0,0.4421181414450456,0.48470005468971744,0.5675168665174081,0.4949016960035694,0.508297082679882,0.5172351530000401,0.5987730362971839,0.45638349532664013,0.480106417305768,0.5988888921558992
drift,omd_paper_v2_literal,1,616,3,1,0.04165422953255804,25.508162582566502,0.08819701655684084,0.42426773970595133,0.0,0.0,0.44364879042656014,0.4854712247472488,0.5661691942829578,0.4940963228140929,0.5074952450941416,0.5170793504864173,0.5971053850935666,0.45661456730637245,0.4811469404013889,0.5967805599289308
drift,omd_paper_v2_literal,1,617,3,0,0.04201076311477003,25.550173345681273,0.08848574039876511,0.4250706731355266,0.0,0.0,0.4426865440683738,0.48439978775273973,0.5664654181185502,0.4964635547575337,0.5093002142524082,0.5168095987745772,0.5966646676277642,0.45832669355020034,0.47931416555695366,0.5974337732477389
drift,omd_paper_v2_literal,1,618,9,0,0.11438221394508208,25.664555559626354,0.08881837568595403,0.41709467474512185,0.0,0.0,0.44362935977200096,0.4854495925350083,0.5661751751083723,0.49414411175206663,0.5075316870617711,0.5170739046635241,0.5970964891544052,0.45664912281129943,0.4811099339808549,0.5967937508225492
drift,omd_paper_v2_literal,1,619,5,0,0.03484020551667333,25.699395765143027,0.088136848095259,0.41693832914265105,0.0,0.0,0.44515288802444375,0.48621609259853427,0.5648331449415712,0.4933450342713769,0.5067354690557433,0.5169185412719692,0.5954339183855029,0.45688094759183584,0.48214381267114953,0.5946924269722199
drift,omd_paper_v2_literal,1,620,3,0,0.04307972727932108,25.742475492422347,0.08863898079842575,0.4179952471332796,0.0,0.0,0.44346134758009703,0.48409932086100416,0.5631393962331106,0.49362019633326787,0.505490000412556,0.5146324591025516,0.5945475964529219,0.45573264885434733,0.4832688716236501,0.5945627979773329
drift,omd_paper_v2_literal,1,621,9,0,0.11727609226236357,25.859751584684712,0.0890071095312042,0.4101685753833758,0.0,0.0,0.4443968074111907,0.48514082030639555,0.5628509506123172,0.4913182708620569,0.5037340580372407,0.5148945827395639,0.5949774437103112,0.4540685208873518,0.4850524085221193,0.593926707547134
drift,omd_paper_v2_literal,1,622,5,1,0.035709550916444344,25.895461135601156,0.08835400254180166,0.41034433852797275,0.0,0.0,0.44591140884677966,0.4859023613502025,0.561514966741338,0.4905253194519055,0.5029435439931379,0.5147401928179342,0.5933219053506427,0.45429975582170534,0.4860795654218588,0.5918336195324946
drift,omd_paper_v2_literal,1,623,5,1,0.035999124138959115,25.931460259740117,0.0884801598016621,0.41070003374282793,0.0,0.0,0.4474986300356312,0.4878868197061087,0.5631039653435732,0.49026778933922954,0.5041113802273471,0.516883036093762,0.5941533452563084,0.455375879001227,0.4850243441408075,0.5919553547798994
drift,omd_paper_v2_literal,1,624,5,0,0.036288591691632455,25.96774885143175,0.08862355399725055,0.41032550431916776,0.0,0.0,0.4490775831706521,0.4898599925353197,0.5646823413792932,0.49001177805121343,0.5052723077392698,0.519012669113518,0.5949793634063586,0.4564460902116077,0.4839754575284025,0.5920763633113995
drift,omd_paper_v2_literal,1,625,5,1,0.03657795274703379,26.004326804178785,0.08912091269844025,0.4106669615663594,0.0,0.0,0.44738384046154006,0.4877433333130051,0.5629891265746924,0.4902864081401788,0.5040269490808138,0.5167281321814855,0.5940932516581285,0.45529806309561555,0.48510063041207435,0.5919465539146023
drift,omd_paper_v2_literal,1,626,5,0,0.036867206478577,26.04119401065736,0.08926028050485146,0.41030783022889633,0.0,0.0,0.44895859460748744,0.489711329323708,0.5645634776926569,0.4900310648002852,0.5051848496402003,0.5188522536434388,0.5949171529654352,0.4563654503814221,0.4840544719086912,0.5920672473713335
drift,omd_paper_v2_literal,1,627,5,1,0.037156352060525255,26.078350362717885,0.08976242930103885,0.4106352755458013,0.0,0.0,0.44727041199063045,0.48760154338971584,0.5628756373466491,0.4903048070910717,0.5039435147882946,0.5165750544304393,0.5940338649596346,0.45522116829207865,0.4851760164716873,0.5919378569241559
drift,omd_paper_v2_literal,1,628,5,0,0.03744538866799818,26.115795751385882,0.08989786725848334,0.41029128011457067,0.0,0.0,0.44884098633265873,0.4895643852472082,0.5644459798171525,0.49005012877937815,0.5050984015389833,0.51869368746171,0.5948556581789368,0.4562857443446073,0.4841325743040066,0.592058236675693
drift,omd_paper_v2_literal,1,629,3,0,0.04628068671068064,26.162076438096562,0.09040467056537713,0.4116432631265739,0.0,0.0,0.44715832464140903,0.4874614251402837,0.5627634780969396,0.49032298940229274,0.5038610627996374,0.5164237762621894,0.5939751748949503,0.45514518109700197,0.4852505154501045,0.591929262292634
drift,omd_paper_v2_literal,1,630,9,0,0.12594559494141805,26.28802203303798,0.09080591402794604,0.40399715630696864,0.0,0.0,0.4480850889632463,0.4884920080554631,0.562475849210683,0.4880411361890332,0.502118296567756,0.5166810797867177,0.5944012370731014,0.4534936626617554,0.4870207549696546,0.5912977139985156
drift,omd_paper_v2_literal,1,631,5,1,0.038311836407733946,26.326333869445712,0.09017436318387426,0.4043481077084838,0.0,0.0,0.4495942550663927,0.48925044500073545,0.5611484219248923,0.4872538861184286,0.5013339791260525,0.5165290227967388,0.5927546208837841,0.4537252300208707,0.48804064766908445,0.5892126351941158
drift,omd_paper_v2_literal,1,632,5,0,0.03860042888584214,26.364934298331555,0.09029918330463048,0.4039790446967215,0.0,0.0,0.45116183910930596,0.4912079015794887,0.5627156807927991,0.4870003373670393,0.502485936970804,0.518641644882853,0.5935747285881372,0.4547865308455702,0.48699957671974825,0.5893328888006464
drift,omd_paper_v2_literal,1,633,5,1,0.038888908278132406,26.403823206609687,0.09082038610596865,0.4043160606744217,0.0,0.0,0.449482700373813,0.4891111103095209,0.5610368056920214,0.48727193588609197,0.5012519733777819,0.5163786069702623,0.5926962196510273,0.45364969452612003,0.4881147630287387,0.5892040742270876
drift,omd_paper_v2_literal,1,634,5,1,0.03917727376499158,26.44300048037468,0.09094150428830333,0.4048285482515509,0.0,0.0,0.45104614592007,0.4910634663368379,0.5626000874896752,0.4870190445044199,0.5024009438311642,0.5184857929936196,0.5935142370682397,0.4547082116636505,0.4870763853978787,0.5893240165992045
drift,omd_paper_v2_literal,1,635,5,0,0.0394655245277058,26.482466004902385,0.0910789181506285,0.40428287396134477,0.0,0.0,0.452601482996728,0.49300476995588427,0.5641530714167708,0.4867676263668761,0.5035432256594379,0.5205801067926161,0.5943269964423586,0.4557609958380568,0.48604414044413735,0.5894432528334986
drift,omd_paper_v2_literal,1,636,1,1,0.025101616499478285,26.50756762140186,0.09158565070801475,0.4030891523500043,0.0,0.0,0.45092243154884515,0.4909090115227959,0.5624764665564134,0.48703904962281463,0.5023100535342429,0.5183191237911426,0.5934495453797842,0.45462446101070947,0.4871585238998898,0.5893145287613614
drift,omd_paper_v2_literal,1,637,1,0,0.025282501469053087,26.532850122870915,0.09149198322267,0.40424056850136214,0.0,0.0,0.4530862662909791,0.493263005018105,0.5635282496239461,0.4859728868002999,0.5027300513660238,0.5203625426538911,0.5938889965808066,0.45526408581129335,0.486917142167833,0.588682503206084
drift,omd_paper_v2_literal,1,638,5,0,0.04032958029746048,26.573179703168375,0.09220169324951612,0.40389206202532874,0.0,0.0,0.45099290597491276,0.49098570481101794,0.5625107452216916,0.48700430942394124,0.5023237381828172,0.5183857135876777,0.5934638661759466,0.45464529925979946,0.4871506589761875,0.589293940400549
drift,omd_paper_v2_literal,1,639,9,1,0.1345959027711573,26.70777560593953,0.09273303233386104,0.4091938691652037,0.0,0.0,0.4493303020618175,0.48890851479015246,0.5608450962387217,0.4872712926311771,0.5010986486397059,0.5161423597186623,0.5925919890099279,0.4535173882736584,0.4882582167398783,0.5891642017842894
drift,omd_paper_v2_literal,1,640,9,0,0.13555580787490723,26.84333141381444,0.09370206383676082,0.4015873536746071,0.0,0.0,0.44828379067927465,0.48838295739139315,0.5617665886389256,0.48781699917643156,0.501642743795515,0.5162483841845905,0.5937350287316632,0.4533566746318698,0.4875506876381508,0.590611121742724
drift,omd_paper_v2_literal,1,641,3,0,0.050533916183350125,26.89386532999779,0.09308249752897371,0.40325186500336546,0.0,0.0,0.44978662259200786,0.4891376156378451,0.5604432813583351,0.48703342583165543,0.5008614739432969,0.5160961426670492,0.5920934176740922,0.4535874471900792,0.48856664711468256,0.5885329975091408
drift,omd_paper_v2_literal,1,642,1,1,0.02618548472730131,26.92005081472509,0.09352281695484206,0.4019909636707862,0.0,0.0,0.45070060752532154,0.49015385278701645,0.5601560458573096,0.484773642639378,0.4991320683868973,0.5163465466284578,0.5925168819766916,0.4519482775902116,0.4903232007785373,0.5879080049980387
drift,omd_paper_v2_literal,1,643,1,1,0.026365788468115214,26.946416603193207,0.09341586620386357,0.4009521916036696,0.0,0.0,0.45285688919952927,0.49249997873256185,0.5612063468789247,0.48371201289924354,0.49955161759289374,0.5183842898785915,0.5929556675252599,0.4525857961788993,0.4900815828326937,0.5872781061172658
drift,omd_paper_v2_literal,1,644,1,0,0.026545993045054228,26.97296259623826,0.09332587639935631,0.4019607242427645,0.0,0.0,0.4550017140382334,0.49483205757350757,0.5622496696932003,0.48265703337005605,0.49996859685664036,0.5204089423087261,0.5933916177534034,0.45321956288307413,0.4898414498661033,0.5866517833588282
drift,omd_paper_v2_literal,1,645,1,0,0.026726097805471416,26.999688694043734,0.09403716578176996,0.4031638846590978,0.0,0.0,0.4529136047984311,0.4925616662482105,0.5612339532612547,0.483684103257558,0.4995626480810422,0.5184378567630994,0.592967201752721,0.45260255945379446,0.49007523045460655,0.5872615414170925
drift,omd_paper_v2_literal,1,646,9,1,0.14130983515501577,27.14099852919875,0.09476376120803266,0.40839302130228133,0.0,0.0,0.4508398895507526,0.49030544545435123,0.5602239318033944,0.4847050367711973,0.49915917926964976,0.5164782410249784,0.5925452403939229,0.4519894687573547,0.49030758749424413,0.5878673101446242
drift,omd_paper_v2_literal,1,647,9,1,0.14226792301507907,27.28326645221383,0.09572388511373751,0.41361915035040697,0.0,0.0,0.44979519097293275,0.4897830033191593,0.5611477841171016,0.48524872426217924,0.4997036439019127,0.5165872378431983,0.5936900023871643,0.4518289803417283,0.4895996865171478,0.5893156822975948
drift,omd_paper_v2_literal,1,648,9,0,0.14322574436787716,27.42649219658171,0.09668257440525131,0.40611694516670316,0.0,0.0,0.4487558168893633,0.48926302627031,0.5620668958331761,0.4857899041573135,0.5002455633308736,0.5166957234278456,0.5948284015730001,0.45166925231388266,0.48889513708142657,0.5907557460947704
drift,omd_paper_v2_literal,1,649,9,0,0.14418329749402908,27.570675494075736,0.09607844602427752,0.39869438578501043,0.0,0.0,0.45024932115136634,0.4900101330259366,0.5607461898414156,0.4850123510690995,0.4994669370491047,0.5165398515313135,0.593192439947763,0.4518987516552956,0.4899074424079535,0.5886861893288707
drift,omd_paper_v2_literal,1,650,1,0,0.02762510157937592,27.59830059565511,0.09548406997587293,0.4000485599487743,0.0,0.0,0.4517367390624905,0.4907537937948151,0.5594307989559134,0.48423850256333095,0.4986919508890262,0.5163847046359558,0.591562065816056,0.45212719914543514,0.4909151006941948,0.5866231806660689
drift,omd_paper_v2_literal,1,651,3,1,0.05406445106651536,27.652365046721627,0.09622874391840171,0.39831497146917344,0.0,0.0,0.4496767613182039,0.4885105976607992,0.5584233376047009,0.48525315286211623,0.4982895184374408,0.5144345147911965,0.5911396128919006,0.45151771228846055,0.49114764453318827,0.5872232645343859
drift,omd_paper_v2_literal,1,652,3,0,0.05441677754042318,27.706781824262052,0.09641033704821353,0.3999490852953695,0.0,0.0,0.44872240390638896,0.487447647248823,0.5587284148006811,0.4876331367787603,0.5001148335643547,0.5141770988759997,0.5906913686076348,0.4532498120322577,0.4892945276500854,0.5878778493765511
drift,omd_paper_v2_literal,1,653,9,1,0.14801079341439277,27.854792617676445,0.09685819209881638,0.4051808201064342,0.0,0.0,0.44962508958084957,0.4884530542655067,0.55843985346657,0.48538197227899565,0.4983883274124034,0.5144205803014639,0.5911153519753636,0.45161144628560307,0.4910473231506368,0.587258707065204
drift,omd_paper_v2_literal,1,654,9,0,0.1489669796866035,28.003759597363047,0.09781378696538687,0.39773390080143983,0.0,0.0,0.44858564059524386,0.48793390684925225,0.5593616970167733,0.48592193463062117,0.49892991055202646,0.5145301296280004,0.5922581735624732,0.45145049347862937,0.49034286167782765,0.5887024250709616
drift,omd_paper_v2_literal,1,655,3,1,0.05547294021990412,28.05923253758295,0.09722590584888594,0.39598233967875196,0.0,0.0,0.45006664400312596,0.48867352719084695,0.5580482536963849,0.4851526777655689,0.4981583354229186,0.514374057782002,0.5906297333486505,0.4516798008658829,0.4913464963539889,0.5866451503469431
drift,omd_paper_v2_literal,1,656,3,1,0.05582471939792655,28.115057256980876,0.09740400191455796,0.3944609606648146,0.0,0.0,0.4491159772089828,0.4876141662995425,0.5583515340688767,0.48752521719427616,0.4999778255166328,0.5141172651162399,0.5901814005085271,0.4534071928518323,0.48949942579567707,0.5872965995134762
drift,omd_paper_v2_literal,1,657,3,0,0.056176359653773544,28.171233616634648,0.09760013162585786,0.39590826902243814,0.0,0.0,0.44817151214241074,0.4865614161512816,0.5586529103067804,0.48988375536619083,0.5017861514011654,0.5138620408151044,0.5897356701976533,0.45512509755034763,0.4876639733098535,0.5879437484660254
drift,omd_paper_v2_literal,1,658,3,0,0.056527860150246356,28.227761476784895,0.09803496243675602,0.39754430791677453,0.0,0.0,0.4490729511381729,0.4875662136814365,0.5583652619452857,0.4876326314821574,0.500060190622248,0.5141056404412401,0.5901611018122735,0.453485415350328,0.48941581895661496,0.5873260821198101
drift,omd_paper_v2_literal,1,659,9,0,0.15374369946303412,28.38150517624793,0.0984859680330282,0.39016193155101747,0.0,0.0,0.44996920808139235,0.48856496495550295,0.5580793341724999,0.4853957734114459,0.4983447851907574,0.5143477434485929,0.590583797615242,0.4518567615439177,0.49115720714751737,0.5867119212133277
drift,omd_paper_v2_literal,1,660,1,1,0.029415250185126585,28.41092042643306,0.09790810961138284,0.38880920777902317,0.0,0.0,0.45144241932764945,0.48929916806494395,0.5567716726040302,0.4846347576498671,0.4975803261526289,0.5141918690214956,0.5889598365460208,0.45208848347176755,0.4921526790928884,0.5846623761871457
drift,omd_paper_v2_literal,1,661,1,1,0.029593669860285,28.440514096293345,0.09777340229497386,0.3876819756371096,0.0,0.0,0.45357893567416063,0.49162505262715867,0.5578219360556863,0.48359105608306563,0.49800673439249526,0.5162174261921727,0.5893994012132359,0.45272874752030196,0.49190241739717216,0.5840425645941729
drift,omd_paper_v2_literal,1,662,1,1,0.029771978763794005,28.47028607505714,0.09765486483940114,0.3867781115546374,0.0,0.0,0.4557041918328518,0.49393719225171145,0.5588653183813709,0.4825538254664889,0.4984305597136176,0.51823017237279,0.5898361588966412,0.4533652839737407,0.4916536773409887,0.5834262481125296
drift,omd_paper_v2_literal,1,663,1,0,0.029950176259765038,28.500236251316903,0.09755228416950208,0.3876608684080063,0.0,0.0,0.4578181781591272,0.49623558757427955,0.5599018674615178,0.48152302489218773,0.4988518207328388,0.5202301441200926,0.5902701313906293,0.45399811693249703,0.4914064476622391,0.5828134053061688
drift,omd_paper_v2_literal,1,664,1,1,0.030128261713290083,28.530364513030193,0.09828060397767047,0.38676399733322375,0.0,0.0,0.45574836168163,0.4939852303378869,0.5588869893027644,0.4825322784319448,0.4984393647644163,0.5182719813839957,0.5898452310934305,0.4533785097236284,0.4916485097781779,0.5834134412869602
drift,omd_paper_v2_literal,1,665,1,1,0.030306234490447226,28.56067074752064,0.09817756347511243,0.3860866570754318,0.0,0.0,0.4578557965441105,0.49627647404376124,0.5599203012953593,0.48150469001212126,0.4988593143026353,0.5202657147093904,0.5902778497901211,0.45400937536074154,0.4914020498831788,0.5828025015000436
drift,omd_paper_v2_literal,1,666,1,0,0.03048409395830598,28.591154841478946,0.09809007792147191,0.3867547948700847,0.0,0.0,0.45995202198716556,0.49855405966294797,0.5609468694116163,0.4804834516362665,0.4992767336784194,0.5222467890264142,0.590707721930945,0.45463658407105306,0.4911570799673343,0.5821949928658265
drift,omd_paper_v2_literal,1,667,1,0,0.030661839484932285,28.621816680963878,0.0988053983102875,0.38762555012294336,0.0,0.0,0.45788042329239775,0.49630323997660175,0.5599323687251861,0.4814926872988338,0.4988642198911451,0.5202890005177944,0.5902829025367085,0.4540167456002265,0.491399170923165,0.5827953633918895
drift,omd_paper_v2_literal,1,668,5,1,0.04890813658881288,28.670724817552692,0.09953483871390215,0.38821544972033384,0.0,0.0,0.4558227176639112,0.4940660966919847,0.5589234690789894,0.48249600684372246,0.49845418696723026,0.518342361041724,0.5898605028628185,0.4534007737663387,0.49163981083719405,0.5833918823452571
drift,omd_paper_v2_literal,1,669,5,1,0.04919200641620858,28.7199168239689,0.09962489997633682,0.3889757031479758,0.0,0.0,0.45733425088144886,0.49595556190061824,0.5604530043115853,0.48226754771052344,0.49958557177208873,0.5203900299764632,0.5906625610104008,0.45443895389814615,0.4906144441082537,0.583522289169799
drift,omd_paper_v2_literal,1,670,5,0,0.04947573347775991,28.76939255744666,0.0997294007888593,0.38815700048877694,0.0,0.0,0.45883800998839225,0.49783444964446677,0.5619727466259257,0.4820403887330415,0.5007105585216685,0.5224254326196129,0.5914596024044247,0.45547165212380614,0.48959495800734365,0.5836519464586104
drift,omd_paper_v2_literal,1,671,4,1,0.04475549357762343,28.814148051024283,0.10027659255553383,0.3870396688793996,0.0,0.0,0.4572023559125987,0.4957907231743864,0.5603196158436271,0.4822874777566339,0.4994868715792822,0.5202114215146572,0.5905926101235239,0.4543483691336768,0.4907038921303324,0.583510913191769
drift,omd_paper_v2_literal,1,672,4,1,0.04500988311102683,28.85915793413531,0.10032225036982138,0.38613310426990755,0.0,0.0,0.45743496021805513,0.49619900823733826,0.5616016892748653,0.484046290943738,0.501714325715449,0.5213798464514607,0.590787773418196,0.45643056760616624,0.488523096604278,0.5841444142046577
drift,omd_paper_v2_literal,1,673,4,0,0.045264132743874086,28.904422066879185,0.10038689035436442,0.38704959226964647,0.0,0.0,0.45766620475258973,0.4966048792616978,0.5628753518216412,0.4857950751533319,0.5039285150546439,0.5225411167557403,0.5909817520332465,0.45850193966123887,0.4863556549251864,0.5847738863265932
drift,omd_paper_v2_literal,1,674,5,0,0.050609198434910185,28.955031265314094,0.10095522629257254,0.3863243023870532,0.0,0.0,0.45743268740353293,0.4961950189500193,0.5615891663720756,0.484029103990828,0.5016925619451716,0.5213684311438121,0.5907858666596308,0.45641021542252586,0.48854440269083316,0.5841382257493433
drift,omd_paper_v2_literal,1,675,4,0,0.04577220931169834,29.000803474625794,0.10151264344273934,0.387549219312035,0.0,0.0,0.45580399050550746,0.4941593970697236,0.5599445148749854,0.4842796982074927,0.5004785008580558,0.5191644668948289,0.5899218850431891,0.45529547566511436,0.4896441269206127,0.5839992662247107
drift,omd_paper_v2_literal,1,676,1,0,0.032256318099700976,29.033059792725496,0.10211466972965072,0.3886455710428404,0.0,0.0,0.4555737791877167,0.4937545000143488,0.5586684044071832,0.4825285529010359,0.4982619708208527,0.5180025355435993,0.5897281187603213,0.4532243260895917,0.49181448425461205,0.5833686556437443
drift,omd_paper_v2_literal,1,677,9,0,0.17087896887671628,29.203938761602213,0.10286506528864696,0.38141101455538345,0.0,0.0,0.45353966137882,0.4915429413545436,0.5576751186478568,0.4835260448114656,0.49786307302110044,0.5160803091178101,0.5893128346104488,0.4526203708599381,0.4920457333215802,0.5839623743362101
drift,omd_paper_v2_literal,1,678,1,0,0.03260934043589603,29.23654810203811,0.10230527703010797,0.38264694705983016,0.0,0.0,0.45499832588694145,0.4922648068399334,0.5563736827558728,0.4827775522982846,0.49710629557037955,0.515920057148077,0.5876957448610969,0.4528527631163364,0.4930316276585764,0.5819249036994868
drift,omd_paper_v2_literal,1,679,4,0,0.04678665074550514,29.283334752783617,0.103069533165928,0.384204199754582,0.0,0.0,0.45297428634542375,0.49006366152220526,0.5553833796513036,0.4837703327358286,0.4967089467830907,0.5140059213292584,0.5872811681013175,0.4522516907021339,0.4932621860730596,0.5825158421677427
drift,omd_paper_v2_literal,1,680,9,0,0.17372511851568012,29.457059871299297,0.10371158966363805,0.3770797622359687,0.0,0.0,0.45274696433863126,0.48966345368316,0.554117086345947,0.48203478094635044,0.49451300479987337,0.5128547801349556,0.5870895791273327,0.4502017862501489,0.49541300895816925,0.581890679030707
drift,omd_paper_v2_literal,1,681,1,1,0.0331379615598999,29.490197832859195,0.10317345696890518,0.3758270181616194,0.0,0.0,0.45419745622290364,0.49038095061236225,0.5528198762261939,0.481291334107162,0.4937607957073894,0.5126948732566405,0.5854774205797189,0.45043361107754004,0.4963934344091471,0.5798605846277209
drift,omd_paper_v2_literal,1,682,1,0,0.03331392282893775,29.523511755688133,0.10302766363434314,0.37703264160619987,0.0,0.0,0.4562901257570909,0.49265599947152755,0.5538448256102384,0.4802652327683396,0.4941711541616758,0.5146735714152005,0.5859070384383193,0.45105386175867196,0.49615532135305246,0.5792491808503984
drift,omd_paper_v2_literal,1,683,1,1,0.033489760185415385,29.557001515873548,0.10379823565323729,0.37579096436843884,0.0,0.0,0.45427009313702404,0.49045994081557576,0.5528554730354795,0.48125570217951175,0.4937750444127039,0.5127635864581913,0.5854923403484888,0.4504551454208009,0.4963851664009622,0.579839358999665
drift,omd_paper_v2_literal,1,684,1,1,0.03366547301510414,29.590666988888653,0.10365268943282534,0.3747708971083769,0.0,0.0,0.4563562818491742,0.49272789883982393,0.5538772076641629,0.48023280956483416,0.4941841220472943,0.5147360931680687,0.5859206126836439,0.4510734648161567,0.49614779676025356,0.5792298558805449
drift,omd_paper_v2_literal,1,685,1,0,0.03384106070486059,29.624508049593516,0.10352184146700766,0.3757620989503576,0.0,0.0,0.4584316253653115,0.49498271235529495,0.5548924358493805,0.47921614347611247,0.49459078294381165,0.5166964547546951,0.586346218083482,0.4516882694436601,0.49591183564565244,0.5786237255816207
drift,omd_paper_v2_literal,1,686,1,1,0.03401652264263244,29.658524572236146,0.10428035719962112,0.3747503242542378,0.0,0.0,0.4564095385352592,0.4927857779555625,0.5539032748428492,0.4802067090495464,0.49419456118387295,0.5147864227620303,0.5859315398384902,0.45108924536202394,0.4961417394741998,0.579214299128785
drift,omd_paper_v2_literal,1,687,1,1,0.0341918582174624,29.692716430453608,0.10414950946751238,0.37395670803658104,0.0,0.0,0.4584785497828922,0.49503367895920736,0.5549153770480857,0.47919316647413307,0.4945999744871946,0.5167407576623376,0.5863558362430908,0.4517021671342721,0.49590650240990825,0.5786100229161635
drift,omd_paper_v2_literal,1,688,1,0,0.034367066819492864,29.7270834972731,0.10403301485607515,0.37473533392238434,0.0,0.0,0.4605367721372267,0.4972685143378986,0.5559210555822334,0.47818577452900474,0.4950030024929109,0.518683052742943,0.5867775018582497,0.452311617329832,0.4956726552717235,0.5780090790577997
drift,omd_paper_v2_literal,1,689,1,1,0.034542147839971116,29.76162564511307,0.10477970641993362,0.3739473251494654,0.0,0.0,0.4585129006852783,0.4950709884922878,0.5549321707184934,0.479176346501823,0.49460670304435855,0.5167731888872782,0.5863628770552737,0.45171234081334205,0.49590259828169947,0.57859999197383
drift,omd_paper_v2_literal,1,690,1,0,0.03471710067125422,29.796342745784326,0.1046629779467423,0.37472056976918733,0.0,0.0,0.460564937474606,0.4972990871516318,0.5559348097949086,0.47817199493173923,0.4950085158369905,0.5187096189555952,0.5867832692320066,0.4523199554149221,0.4956694563284449,0.578000856726522
drift,omd_paper_v2_literal,1,691,6,0,0.17685790972461285,29.97320065550894,0.10540982017156987,0.3668321464370883,0.0,0.0,0.4585468665756625,0.4951078794852612,0.5549487758490678,0.4791597152875116,0.4946133561124366,0.5168052561113619,0.5863698388383952,0.45172240038856415,0.4958987379563251,0.5785900735098084
drift,omd_paper_v2_literal,1,692,4,0,0.0500673048680802,30.02326796037702,0.10493009797073218,0.36861917032863123,0.0,0.0,0.45891575697645,0.4946056292991102,0.5533413657086177,0.4796800306079431,0.49438228883273455,0.515810947709401,0.5843625547874488,0.45240040292850375,0.4962923612180632,0.5769559324217255
drift,omd_paper_v2_literal,1,693,1,1,0.035241183970241785,30.058509144347262,0.10560474869922837,0.36774228490128935,0.0,0.0,0.4586941939577017,0.49421342891122366,0.5520850182414664,0.4779537910922114,0.4922014180415897,0.514672381503924,0.5841736519198149,0.4503644145680164,0.49842917425522726,0.5763316805048327
drift,omd_paper_v2_literal,1,694,1,0,0.03541561799066628,30.093924762337927,0.10547581920955074,0.36859962026085863,0.0,0.0,0.46074383623929577,0.49643847494296733,0.5530869360180373,0.4769505559799737,0.492602036506153,0.5166064083984937,0.584593638693069,0.4509705648228332,0.49819698137258966,0.5757318671574739
drift,omd_paper_v2_literal,1,695,6,1,0.18049066645710565,30.274415428795034,0.1062353433881999,0.3741624042782853,0.0,0.0,0.4587350091998077,0.4942577496401333,0.5521049804901048,0.47793380499515997,0.4922093982215686,0.5147109115907774,0.5841820192059775,0.45037648758271,0.49842454899143185,0.5763197344778628
drift,omd_paper_v2_literal,1,696,6,1,0.1813980866803681,30.455813515475402,0.10711471922877493,0.37970970809181226,0.0,0.0,0.4584727385675238,0.494612412580104,0.5532436679451342,0.4775656371852765,0.49237262094115014,0.5154142834453401,0.585604088190203,0.4498960951393138,0.49814606667792344,0.5774780956429052
drift,omd_paper_v2_literal,1,697,6,0,0.1823051964232424,30.638118711898645,0.10799280989158044,0.37186335073638244,0.0,0.0,0.4582116843200404,0.49496546691650845,0.5543766189686744,0.4771991690303674,0.4925351024867581,0.5161143937767866,0.5870182700995907,0.4494179816358754,0.4978688528153808,0.5786303396792101
drift,omd_paper_v2_literal,1,698,1,0,0.0361120359631506,30.674230747861795,0.10752225145822543,0.37289932955351485,0.0,0.0,0.4585810723254882,0.49446591072895035,0.5527733755610512,0.47771771390442447,0.4923051980788293,0.5151237477799404,0.5850168434469294,0.4500945203200287,0.4982610996717194,0.5769997121218304
drift,omd_paper_v2_literal,1,699,6,0,0.18411847869173648,30.858349226553532,0.10829242943012293,0.36517365719443157,0.0,0.0,0.45658432694965156,0.49229756485287884,0.5517977422061083,0.47869539596592375,0.49191485897084997,0.5132389000159293,0.584608978414509,0.44950340345497386,0.49848715820809525,0.5775850621803021
drift,omd_paper_v2_literal,1,700,4,0,0.052073279614432644,30.910422506167965,0.1078390343451662,0.3672030250379986,0.0,0.0,0.45695224510370763,0.4918014254513639,0.5502014915399891,0.47921102928155856,0.49168629960447413,0.5122537579355181,0.5826148297897779,0.4501766177383869,0.49887727642326124,0.5759617135769534
drift,omd_paper_v2_literal,1,701,6,0,0.18593050173157866,31.096353007899545,0.10854115313432545,0.35957777749427056,0.0,0.0,0.4567337795671792,0.4914139223231085,0.5489536649961352,0.47749586452424736,0.48952128416801693,0.5111245398157936,0.5824281852815245,0.4481566797256909,0.5009990333408589,0.575341625794427
drift,omd_paper_v2_literal,1,702,3,1,0.07184300789570852,31.168196015795253,0.10810366335019099,0.35691050236611344,0.0,0.0,0.45709995952905785,0.4909202871236781,0.5473635685782775,0.47800914620791063,0.4892942129975875,0.510144173916412,0.5804408376464842,0.4488265581818349,0.501386925013454,0.5737240314991895
drift,omd_paper_v2_literal,1,703,3,0,0.07218737078719917,31.24038338658245,0.10819129296053813,0.35935285488067875,0.0,0.0,0.4561727252288624,0.4898880176929838,0.5476780106369481,0.48036470861096947,0.4911149853422384,0.5099095111968808,0.5799927776547166,0.45055750004570144,0.4995394100280591,0.5743713190916325
drift,omd_paper_v2_literal,1,704,3,1,0.07253155663652178,31.312914943218974,0.10872692770484742,0.3567127433728483,0.0,0.0,0.45702472272523204,0.49083653708395936,0.5473890803754385,0.4782002157018758,0.48944192058477765,0.5101251361188132,0.5804044918988479,0.4489669422264068,0.5012370386169949,0.5737765547724193
drift,omd_paper_v2_literal,1,705,3,1,0.07287556466192435,31.3857905078809,0.10881627679245715,0.35431724796848324,0.0,0.0,0.4561006319567037,0.48980774727139914,0.5477024614766137,0.4805479256971936,0.49125658730456845,0.5098912625821981,0.5799579289551765,0.4506921566012794,0.49939573881601457,0.5744216444399185
drift,omd_paper_v2_literal,1,706,3,0,0.07321939408296174,31.45900990196386,0.10892221211414808,0.35653310654841347,0.0,0.0,0.45518237778488535,0.4887852075446609,0.5480139273081489,0.4828824199532012,0.49306060893615417,0.50965878613354,0.5795139120603203,0.4524082092736979,0.4975654882979567,0.5750626177084545
drift,omd_paper_v2_literal,1,707,3,0,0.07356304412049963,31.53257294608436,0.10944255492764109,0.35893081822070816,0.0,0.0,0.4560346980834857,0.48973433354301515,0.5477248236660056,0.48071549802606844,0.4913860956787177,0.509874572635097,0.5799260561311138,0.4508153179006468,0.4992643392511108,0.5744676699392647
drift,omd_paper_v2_literal,1,708,1,1,0.03784364533158746,31.57041659141595,0.10997497412643041,0.35766956464031313,0.0,0.0,0.45688218300025696,0.49067786405305636,0.5474374148369562,0.47856223710767926,0.4897217752708662,0.5100890666587603,0.5803356281507392,0.44923293883101917,0.5009530603635098,0.5738760618169116
drift,omd_paper_v2_literal,1,709,1,1,0.03801604862552066,31.60843264004147,0.10980612570411412,0.35663228633015487,0.0,0.0,0.45893272208778546,0.49290360261829724,0.5484427700497801,0.4775654837781342,0.4901294830697106,0.5120266594826127,0.58075362842519,0.44984728312790295,0.500714221732131,0.5732741502658204
drift,omd_paper_v2_literal,1,710,1,0,0.03818831181750193,31.646620951858974,0.10965087109493608,0.35764094243776434,0.0,0.0,0.460972708976475,0.4951166688194899,0.5494418833705894,0.4765747075542631,0.49053483146390514,0.5139526194992936,0.5811690815282196,0.45045820427542077,0.5004767725624653,0.5726755259675653
drift,omd_paper_v2_literal,1,711,1,0,0.03836043432424663,31.68498138618322,0.11043470078885922,0.358847342256932,0.0,0.0,0.45898379293902336,0.49295902137124004,0.5484677956330286,0.47754066959506103,0.49013963404766747,0.5120748958709362,0.580764034011874,0.4498625805789991,0.500708275299373,0.573259161538653
drift,omd_paper_v2_literal,1,712,4,1,0.05506287557991685,31.74004426176314,0.111228287124653,0.3567681151794304,0.0,0.0,0.45700771012884756,0.49081415138434936,0.5474989907614864,0.4785011941584884,0.48974674159489245,0.510207727904558,0.5803612284602041,0.44927055486367956,0.5009384346669082,0.5738392089658393
drift,omd_paper_v2_literal,1,713,4,1,0.0553109272192418,31.79535518898238,0.11114600315261604,0.35491537793916467,0.0,0.0,0.45723826152531505,0.4912202609803428,0.548789422559195,0.4802640203411524,0.49197751079077146,0.5113774075932567,0.5805572801630559,0.45135240141322597,0.49875255426883414,0.5744784476297569
drift,omd_paper_v2_literal,1,714,4,0,0.05555880921020595,31.85091399819259,0.11108172100054119,0.35671207938061056,0.0,0.0,0.45746748892173766,0.4916240178889785,0.5500716919574001,0.4820170715434811,0.494195610413058,0.5125401544988785,0.5807521653412456,0.453423817991835,0.4965794461241014,0.5751137182274413
drift,omd_paper_v2_literal,1,715,4,1,0.055806520853669106,31.906720519046257,0.11177488784944735,0.35487077697320696,0.0,0.0,0.45724482436950564,0.49123182093899426,0.5488261447892886,0.4803142060563778,0.49204101405719824,0.5114107004080034,0.5805628603434085,0.45141168582919033,0.4986903341480737,0.5744966397308937
drift,omd_paper_v2_literal,1,716,4,0,0.056054061451818904,31.962774580498074,0.11171086281786603,0.3566568483931618,0.0,0.0,0.45747335839033687,0.4916343559911878,0.5501045150460898,0.4820619633788036,0.49425240691277766,0.5125699242165052,0.5807571549303032,0.4534768768795112,0.4965238063238659,0.5751299807069612
drift,omd_paper_v2_literal,1,717,6,0,0.2003799814648194,32.16315456196289,0.11240357515432164,0.34904552904811487,0.0,0.0,0.4572513131589953,0.49124325043935374,0.5488624520436827,0.4803638257583009,0.4921038008682872,0.5114436173752835,0.5805683775247126,0.45147030250788206,0.4986288162932472,0.5745146263148052
drift,omd_paper_v2_literal,1,718,3,0,0.07733113371749833,32.24048569568039,0.11197213401576296,0.3514551449418897,0.0,0.0,0.4576205780284738,0.4907569218438039,0.5472808205884404,0.48087057552831824,0.4918763047885105,0.5104713318332648,0.5785887571382143,0.45213713550712237,0.4990166949443351,0.5729016719546373
drift,omd_paper_v2_literal,1,719,1,1,0.03973228011639274,32.28021797579678,0.11250445804675822,0.3502870640034175,0.0,0.0,0.45846383973349525,0.4916960467116844,0.5469978357144486,0.47873184828983095,0.49022485551574435,0.5106869042513965,0.5789977833737011,0.45056565685649286,0.5006923211921613,0.5723147560137302
drift,omd_paper_v2_literal,1,720,1,1,0.03990311040905492,32.32012108620584,0.1123342062218577,0.3493437951755129,0.0,0.0,0.4604986970110801,0.49390331095689777,0.5479936577488971,0.47774209034333,0.4906275521021986,0.5126074004661841,0.5794118834459234,0.45117404669943084,0.500457158323707,0.571716147601195
drift,omd_paper_v2_literal,1,721,1,1,0.040073794250819805,32.36019488045666,0.1121770944277856,0.34862327006780813,0.0,0.0,0.4625230947257204,0.4960980482698035,0.5489833409944858,0.476758228544832,0.49102793229733654,0.5145164232560374,0.5798234783704227,0.4517790634884267,0.5002233550007272,0.5711207922672192
drift,omd_paper_v2_literal,1,722,1,0,0.040244331071932815,32.40043921152859,0.11203297293119079,0.34933338042109396,0.0,0.0,0.46453702895716487,0.4982802619306521,0.5499669255648998,0.47578022654463187,0.4914260120210314,0.516414003208052,0.5802325866331379,0.4523807281163942,0.49999090161237897,0.5705286705176044
drift,omd_paper_v2_literal,1,723,1,0,0.04041472030389448,32.440853931832486,0.11280875761597649,0.350248857162446,0.0,0.0,0.46254842646628613,0.49612550399838273,0.5489957187893857,0.4767459222610002,0.4910329408422491,0.5145403012048446,0.5798286264279348,0.45178663272387626,0.5002204302869216,0.5711133434887957
drift,omd_paper_v2_literal,1,724,6,0,0.20667457067602008,32.64752850250851,0.11359416282446569,0.3426123228223072,0.0,0.0,0.46057245338986436,0.4939832941899994,0.5480297333079922,0.4777062305805589,0.49064214368548653,0.5126769812889167,0.5794268858986393,0.4511960939147792,0.5004486374024051,0.5716944536069175
drift,omd_paper_v2_literal,1,725,1,1,0.040755053732664415,32.688283556241174,0.11316467969412074,0.3416193745471584,0.0,0.0,0.46094449791602876,0.49350221970292246,0.5464539817873864,0.4782088670967143,0.49041543447907604,0.5117109402877025,0.5774527472446456,0.4518611999624327,0.5008355304488831,0.5700826653737424
drift,omd_paper_v2_literal,1,726,1,0,0.04092499679878525,32.72920855303996,0.1130005961744565,0.3425872813387836,0.0,0.0,0.46295921459800166,0.49568591867148093,0.5474389679444726,0.47722992197637903,0.4908137685522362,0.5136104440860562,0.5778623514309255,0.45246353335506373,0.500602978840786,0.5694893244893869
drift,omd_paper_v2_literal,1,727,4,1,0.05876552080930353,32.78797407384926,0.11379254701486662,0.34055338449614864,0.0,0.0,0.4609903212131898,0.493551899040257,0.5464763954802925,0.4781865930285348,0.4904244969248692,0.5117541602516654,0.5774620674188697,0.4518749022105938,0.5008302396237857,0.5700691683863915
drift,omd_paper_v2_literal,1,728,4,1,0.059010954923878534,32.84698502877314,0.1137025882788366,0.3387517787596533,0.0,0.0,0.4612165582452155,0.4939515690475404,0.5477537698208224,0.4799335955438245,0.49263350144810564,0.5129101817856865,0.57765609918925,0.45393816374223417,0.49866560085104866,0.5707043846715308
drift,omd_paper_v2_literal,1,729,4,1,0.0592562090444817,32.906241237817625,0.11362997978859833,0.3371820688775639,0.0,0.0,0.4614415051879321,0.49434893966699517,0.5490231473378683,0.4816710003850549,0.4948300400771361,0.5140593934262191,0.5778489871749806,0.4559910851075989,0.4965135066573121,0.5713357034488799
drift,omd_paper_v2_literal,1,730,4,0,0.059501282492366525,32.965742520309995,0.11357448518646618,0.3387222982182277,0.0,0.0,0.46166517096464,0.4947440266742248,0.5502845751601314,0.4833988293274097,0.4970141145224725,0.5152018329598476,0.5780407396953201,0.4580336558492211,0.4943739463854299,0.5719631528241856
drift,omd_paper_v2_literal,1,731,4,1,0.05974617459018139,33.025488694900176,0.1142594960611457,0.33716078659137355,0.0,0.0,0.4614454328365305,0.49435587770847766,0.5490453046862749,0.48170133903305806,0.49486839302865054,0.5140794570455868,0.5778523547329358,0.4560269420156523,0.49647593262778966,0.5713467240371585
drift,omd_paper_v2_literal,1,732,4,1,0.05999088466197411,33.08547957956215,0.11420400942360281,0.33582901581852104,0.0,0.0,0.4616684391111082,0.49474979943076297,0.5503030014186925,0.48342407807473614,0.49704602758164823,0.5152185242568663,0.5780435412610276,0.4580635109461266,0.49434268611718624,0.5719723189203835
drift,omd_paper_v2_literal,1,733,4,1,0.06023541203319682,33.14571499159534,0.11416521206210771,0.3347257380701793,0.0,0.0,0.461890180510315,0.4951414664539566,0.5515528416251696,0.4851373191383563,0.49921127349378824,0.5163508963641344,0.5782336071660624,0.46008978009355145,0.4922218887705471,0.5725940947621246
drift,omd_paper_v2_literal,1,734,4,0,0.06047975603070921,33.20619474762605,0.11414285869651504,0.335828671673033,0.0,0.0,0.4621106658358755,0.4955308943511832,0.55279487252169,0.48684108634568424,0.5013641376797339,0.5174766112827391,0.578422560636472,0.4621057436061674,0.49011352521145857,0.5732120792780601
drift,omd_paper_v2_literal,1,735,4,1,0.060723915982783816,33.266918663608834,0.11479827857513254,0.3347282946812041,0.0,0.0,0.46189024302393544,0.4951415768703281,0.5515531938786822,0.4851378021721714,0.499211883909886,0.5163512155699308,0.5782336607445959,0.4600903515117361,0.49222129092888733,0.5725942700157581
drift,omd_paper_v2_literal,1,736,4,0,0.060967891219109505,33.32788655482794,0.11477539496377319,0.33582832157098247,0.0,0.0,0.4621100979691702,0.49552989139423376,0.552791674579881,0.486836697978663,0.501358593129061,0.5174737122898055,0.5784220740268403,0.46210054998425476,0.49011895476444783,0.573210487986173
drift,omd_paper_v2_literal,1,737,4,1,0.061211681070796664,33.389098235898736,0.1154310574577245,0.33473083170909723,0.0,0.0,0.46189030662286035,0.4951416892036465,0.5515535522476395,0.48513829359199884,0.49921250492346286,0.5163515403174675,0.5782337152533082,0.46009093285045954,0.4922206827080794,0.5725944483119636
drift,omd_paper_v2_literal,1,738,4,1,0.0614552848703801,33.45055352076911,0.11540765810030137,0.3338575849333998,0.0,0.0,0.46210953477599415,0.49552889669145983,0.5527885029521951,0.4868323457290508,0.5013530942086285,0.5174708371538566,0.5784215914217606,0.4620953991129615,0.4901243396355777,0.5732089097888108
drift,omd_paper_v2_literal,1,739,4,1,0.061698701951824364,33.51225222272094,0.1154001147851954,0.3332065219454961,0.0,0.0,0.4623275298032291,0.495913905851673,0.554015779992995,0.4885170568727048,0.5034814521039369,0.5185835901571677,0.5786083758566218,0.4640896735439329,0.4880402712942173,0.5738196503277735
drift,omd_paper_v2_literal,1,740,4,1,0.061941931650527526,33.57419415437147,0.11540817947603854,0.3327751772621689,0.0,0.0,0.4625443003062761,0.4962967319147657,0.5552354301734234,0.490192453021647,0.5055975901728182,0.5196898369670725,0.5787940765441468,0.4660737545422829,0.48596845819173495,0.5744266970066718
drift,omd_paper_v2_literal,1,741,4,0,0.062184973303325064,33.63637912767479,0.11543159976031192,0.3332203124498404,0.0,0.0,0.4627598548598634,0.49667739006877054,0.5564475004636745,0.4918585612566179,0.5077015222516025,0.5207896153846836,0.5789787014377873,0.4680476424959213,0.4839088787540132,0.575030076813972
drift,omd_paper_v2_literal,1,742,4,0,0.06242782624849441,33.69880695392329,0.11604380495159003,0.3338874960444857,0.0,0.0,0.462538815628333,0.49628704599035955,0.5552045799867883,0.49015006100616204,0.505544051990073,0.5196618501894525,0.578789378412094,0.46602354187307216,0.4860208714183196,0.5744113408980359
drift,omd_paper_v2_literal,1,743,4,0,0.06267048982575907,33.761477443749044,0.11667146242332394,0.33477161871757083,0.0,0.0,0.46231904175184724,0.49589891517039375,0.553968007365689,0.4884514563947538,0.5033985849348934,0.5185402677561662,0.5786011037009742,0.4640120032332497,0.48812140857165515,0.5737958749389569
drift,omd_paper_v2_literal,1,744,1,1,0.0439578078176851,33.80543525156673,0.11731401526941222,0.3339855914702514,0.0,0.0,0.4621005243100814,0.4955129825323651,0.5527377597703105,0.48676271473474025,0.5012651174111565,0.5174248379445381,0.5784138702443317,0.4620129918683448,0.49021049203528005,0.5731836601426037
drift,omd_paper_v2_literal,1,745,1,0,0.04412480884869818,33.84956006041543,0.11715435623147552,0.33475826556698624,0.0,0.0,0.4641012143927762,0.49768021429919124,0.5537080485804914,0.48578170437439633,0.5016513393592393,0.5193050652044258,0.578819593986661,0.46260438389479197,0.4899889501317249,0.5725926948508866
drift,omd_paper_v2_literal,1,746,4,1,0.06339733776912992,33.91295739818456,0.11793715815169624,0.3338834257599906,0.0,0.0,0.4621303326783599,0.4955452807059962,0.5527522233793056,0.48674809353801024,0.5012708734590986,0.5174528635539561,0.5784199177024972,0.46202180486354427,0.49020719027032067,0.573174854255959
drift,omd_paper_v2_literal,1,747,4,0,0.06363923730106802,33.97659663548563,0.11792594167679264,0.33476603654505716,0.0,0.0,0.4623455089946913,0.4959259994999816,0.5539688459157899,0.48841930266789674,0.5033813749843009,0.5185554345089758,0.578604947147565,0.4639991801692858,0.4881405146771979,0.5737808375446917
drift,omd_paper_v2_literal,1,748,1,1,0.04462484793961208,34.021221483425236,0.1185697847897,0.33398548018452806,0.0,0.0,0.46212863140697025,0.49554227050924377,0.5527426014128362,0.4867348809750787,0.5012541861466164,0.5174441452011166,0.5784184546484596,0.4620061750924953,0.4902235322132565,0.5731700620699228
drift,omd_paper_v2_literal,1,749,1,1,0.04479120451638341,34.06601268794162,0.11840923171424371,0.3334303330046805,0.0,0.0,0.4641233969061443,0.4977029938491858,0.5537094350312346,0.48575587007058507,0.5016381950271366,0.5193183220582998,0.5788229000085627,0.4625948236768184,0.49000370090899925,0.5725805013969559
drift,omd_paper_v2_literal,1,750,1,1,0.04495739864336423,34.110970086584985,0.11826073097098896,0.3330978879721017,0.0,0.0,0.46610792488010316,0.49985147946524633,0.5546703519640742,0.48478255096644224,0.5020200119300298,0.5211812714282581,0.5792249339083191,0.4631802185105929,0.4897851271698106,0.5719940986004947
drift,omd_paper_v2_literal,1,751,1,1,0.04512342978878048,34.156093516373765,0.11812414243391674,0.3329850345827211,0.0,0.0,0.4680822151245311,0.501987734881899,0.5556253913430158,0.4838148894127562,0.5023996520220717,0.5230330273193488,0.579624574039044,0.4637623801237122,0.48956780209662587,0.5714108348192234
drift,omd_paper_v2_literal,1,752,1,0,0.04528929742222387,34.20138281379599,0.1179993230484677,0.3331002949133199,0.0,0.0,0.4700462694137954,0.5041117700145019,0.5565745923070606,0.4828528510741612,0.5027771304302805,0.5248736251403101,0.5800218380253366,0.4643413290423358,0.4893517168196283,0.5708306911712633
drift,omd_paper_v2_literal,1,753,1,1,0.045455001014654606,34.24683781481064,0.11875467293616845,0.3329851118549084,0.0,0.0,0.46806098718270217,0.5019647715773048,0.5556151273758013,0.4838252906008965,0.5023955711173759,0.523013125254077,0.5796202786851592,0.46375612168397023,0.4895701381987737,0.5714171056366074
drift,omd_paper_v2_literal,1,754,1,0,0.0456205400384051,34.292458354849046,0.11862954879380597,0.33310269775468954,0.0,0.0,0.4700195514740733,0.5040828834838834,0.5565616857161132,0.48286593417412804,0.5027719966598552,0.5248485970174239,0.5800164358405793,0.4643334545594473,0.4893546556011626,0.5708385825638274
drift,omd_paper_v2_literal,1,755,1,0,0.04578591396718357,34.33824426881623,0.11938488437990706,0.3334382637313741,0.0,0.0,0.4680400152775743,0.5019420851092037,0.5556049871039387,0.48383556640651215,0.5023915394115818,0.5229934630555038,0.5796160351040394,0.4637499387069253,0.4895724461374199,0.5714233008307599
drift,omd_paper_v2_literal,1,756,6,1,0.23522428330034006,34.57346855211657,0.1201493048645686,0.3391731973795108,0.0,0.0,0.4660726698339553,0.4998133217717527,0.5546532894851834,0.4847998362675521,0.5020132308266251,0.5211481901662455,0.5792177946437459,0.4631698209247529,0.48978900903676426,0.5720045149671035
drift,omd_paper_v2_literal,1,757,6,0,0.23611020101693286,34.80957875313351,0.12102576223247438,0.33126987991932944,0.0,0.0,0.46579645552188986,0.5001556144365094,0.5557873473038683,0.48443405910912946,0.5021722691980275,0.5218406157809731,0.5806469168959905,0.46267971395569496,0.48951341011949145,0.5731728630099818
drift,omd_paper_v2_literal,1,758,4,1,0.0662872748193154,34.875866027952824,0.1205629588288715,0.3304680927359061,0.0,0.0,0.46617718574635647,0.4996838094305377,0.5542240499284916,0.4849382386704957,0.501953055791048,0.520886177583269,0.5786767136774159,0.4633552800107414,0.489893288297269,0.5715622400073725
drift,omd_paper_v2_literal,1,759,4,0,0.06652681990789988,34.942392847860724,0.12054832179507233,0.3312795668565649,0.0,0.0,0.46638781988815264,0.5000585664051027,0.5554325614740127,0.4866042024200505,0.5040539040478862,0.5219796208377508,0.578859719480974,0.4653241339069185,0.48783581571540213,0.5721671055085861
drift,omd_paper_v2_literal,1,760,1,1,0.04661028886301488,34.98900313672374,0.12119264812987487,0.3309287802352891,0.0,0.0,0.46617494460732306,0.4996798219170164,0.5542111875680573,0.4849205141034108,0.5019307017000082,0.5208745419591482,0.5786747663302843,0.46333433690936315,0.4899151823220508,0.5715558029230514
drift,omd_paper_v2_literal,1,761,1,0,0.04677466124730356,35.03577779797104,0.12105114798520854,0.33128027475489036,0.0,0.0,0.46813328419322436,0.5017983104355458,0.5551573359948723,0.48396009088348696,0.5023060962683168,0.5227103600318644,0.5790703086942808,0.46391110675092073,0.4897008330667172,0.5709760925659279
drift,omd_paper_v2_literal,1,762,6,0,0.24053384703235964,35.2763116450034,0.12181916110792686,0.3234238182419383,0.0,0.0,0.4661719279033005,0.49967655764939745,0.5542097293974579,0.48492199405200864,0.5019301232743485,0.5208717128049436,0.5786741567837803,0.46333344827322487,0.4899155126033558,0.5715566960142534
drift,omd_paper_v2_literal,1,763,4,0,0.06748299025899085,35.34379463526239,0.12136519992148745,0.3244683570194255,0.0,0.0,0.4665522612180455,0.4992083265260717,0.552653381894091,0.4854238056271948,0.5017127513821514,0.5199229131056725,0.5767106817239855,0.46400702197901933,0.4902929467494269,0.5699516670308942
drift,omd_paper_v2_literal,1,764,1,1,0.047266763899664,35.391061399162055,0.12202960545488803,0.32402989333682913,0.0,0.0,0.4663416054194719,0.49883298498682443,0.5514385682409899,0.48374998469656716,0.499602513038572,0.5188251635691636,0.5765270015380425,0.46203021882593914,0.49236000744100616,0.5693431582529981
drift,omd_paper_v2_literal,1,765,1,1,0.047430458237757156,35.43849185739981,0.12187851235983081,0.3238132958868748,0.0,0.0,0.4682978582077375,0.5009488905442494,0.5523841224145201,0.48279048519524115,0.49997691454603155,0.5206590482315749,0.576922145290866,0.4626057750872696,0.49214646470666834,0.5687628478474823
drift,omd_paper_v2_literal,1,766,1,1,0.04759398178343155,35.48608583918324,0.1217387296103523,0.3238152952182189,0.0,0.0,0.4702440810580907,0.5030528682555966,0.5533239857897143,0.48183650519796695,0.5003492114306423,0.5224820721117769,0.5773149702346498,0.46317819477185074,0.4919341252163992,0.5681856122827174
drift,omd_paper_v2_literal,1,767,1,0,0.047757334027165754,35.53384317321041,0.12161012425999371,0.32381492451781113,0.0,0.0,0.4721802771338091,0.5051449288161721,0.5542581957133347,0.48088801137072873,0.5007194181484905,0.5242942693307443,0.5777054932304801,0.4637474975913164,0.4917229805194884,0.5676114331614472
drift,omd_paper_v2_literal,1,768,1,1,0.047920514460856656,35.58176368767126,0.12237004125818972,0.3238133632878635,0.0,0.0,0.470214904954609,0.5030213352214088,0.553309902258235,0.48185080214025117,0.5003436315833288,0.5224547535975319,0.5773090834389124,0.46316961483538505,0.49193730766149923,0.5681942650488844
drift,omd_paper_v2_literal,1,769,1,1,0.048083522577823,35.62984721024909,0.12224117343497176,0.32402559283456633,0.0,0.0,0.4721457905325194,0.5051076754866135,0.554241562959517,0.4809049006350189,0.5007128256415587,0.5242620038044354,0.5776985397806691,0.4637373588136078,0.4917267404853018,0.5676216595372069
drift,omd_paper_v2_literal,1,770,1,1,0.04824635787280862,35.678093568121895,0.1221232428573642,0.3244476259394191,0.0,0.0,0.4740667107950902,0.5071821784492613,0.5551676386046986,0.4799644217034258,0.5010799554149944,0.5260585230358643,0.578085723576749,0.4643020227687905,0.49151735313055966,0.5670520752312381
drift,omd_paper_v2_literal,1,771,1,1,0.0484090198419852,35.72650258796388,0.12201611389891225,0.3250751381725239,0.0,0.0,0.47597767237402366,0.5092448589210136,0.5560881662070997,0.47902933218083965,0.5014450351548692,0.5278443475584232,0.5784706514136181,0.4648636262210023,0.49130913727678555,0.5664854938727008
drift,omd_paper_v2_literal,1,772,1,1,0.04857150798295584,35.775074095946835,0.12191964889906386,0.3259034969675401,0.0,0.0,0.47787868358671365,0.5112957337358993,0.5570031827570516,0.47809959886119896,0.5018080790675487,0.5296195147946099,0.5788533398081531,0.46542218867134005,0.4911020846347371,0.5659218972017799
drift,omd_paper_v2_literal,1,773,1,0,0.048733821794757715,35.82380791774159,0.12183370830750584,0.3250398160373205,0.0,0.0,0.47976975438755287,0.5133348216875241,0.5579127252127695,0.4771751885068797,0.5021691013124054,0.5313840632773621,0.5792338052056316,0.4659777295977406,0.4908961869474924,0.5653612669615582
drift,omd_paper_v2_literal,1,774,1,0,0.048895960777865066,35.87270387851945,0.12255806759582132,0.3244033300617365,0.0,0.0,0.4777861468901083,0.5111959267689388,0.5569586581908336,0.4781448451288583,0.5017904099147025,0.529533135134385,0.5788347167148605,0.46539500165369607,0.49111216172927397,0.5659493311729455
drift,omd_paper_v2_literal,1,775,1,1,0.04905792443419288,35.92176180295365,0.12329179111273375,0.32500936988120527,0.0,0.0,0.4758142405928692,0.5090684934968291,0.5560094682240783,0.47910928464174884,0.5014138177844634,0.5276916715703674,0.5784377405286407,0.46481560084174023,0.49132694138765065,0.5665339482195343
drift,omd_paper_v2_literal,1,776,1,1,0.0492197122670992,35.97098151522074,0.12319382099189502,0.3258144138089692,0.0,0.0,0.47770533915446367,0.5111087681892919,0.5569197757333783,0.47818435736707127,0.5017749800727597,0.5294577014240092,0.5788184536510835,0.46537126037317256,0.4911209617008862,0.565973287946776
drift,omd_paper_v2_literal,1,777,1,1,0.049381323781388375,36.02036283900213,0.12310618502482149,0.32681365961871556,0.0,0.0,0.47958660884101445,0.5131373876414457,0.5578246677651955,0.47726469581790726,0.5021341422966143,0.5312132291781654,0.579196967452943,0.46592393081866024,0.4909161246421114,0.565415562180785
drift,omd_paper_v2_literal,1,778,1,0,0.04954275848331391,36.069905597485445,0.1230287460533733,0.3257637179664014,0.0,0.0,0.48145806085468723,0.5151543720205022,0.5587241806156806,0.4763502672996443,0.5024913183319917,0.5329582936638738,0.5795732980355759,0.4664736313021429,0.49071242212391325,0.5648607529801402
drift,omd_paper_v2_literal,1,779,1,0,0.04970401588058171,36.11960961336602,0.12374520892832708,0.32493900885077887,0.0,0.0,0.4794806033312763,0.5130231073041074,0.5577736968319861,0.4773165049647066,0.5021139073652103,0.5311143439113701,0.5791756446805991,0.46589279145714446,0.490927664959968,0.5654469885360199
drift,omd_paper_v2_literal,1,780,1,0,0.04986509548235263,36.16947470884838,0.12447097491670664,0.32433753336745724,0.0,0.0,0.47751467843721906,0.510903115394938,0.5568280300532092,0.47827758732857056,0.501738573443277,0.5292797107261427,0.5787800803754432,0.46531524359141435,0.4911417252009942,0.5660298125836977
drift,omd_paper_v2_literal,1,781,6,1,0.25725093504144386,36.42672564388982,0.12520566681882017,0.3301691020787839,0.0,0.0,0.4755602629385461,0.50879440102024,0.555887158778554,0.47923354020687436,0.5013653031116154,0.5274543888398294,0.5783865926180677,0.4647409663015712,0.4913546106492632,0.5666092481845922
drift,omd_paper_v2_literal,1,782,6,0,0.25812660747848265,36.6848522513683,0.1260844105858438,0.32215891112977396,0.0,0.0,0.475275459585634,0.5091270255064956,0.557014600195407,0.47887210520751156,0.5015218628581146,0.5281368735667421,0.5798127376846701,0.46424826350743914,0.49108092921159374,0.5677818008042698
drift,omd_paper_v2_literal,1,783,4,1,0.07221435397997167,36.75706660534827,0.1256122622955022,0.3213003500321667,0.0,0.0,0.4756666922959866,0.5086701039459685,0.5554657082757969,0.47936860677471804,0.5013067998224969,0.5271993315900146,0.5778533338579546,0.46492509711166446,0.49145688121995496,0.566170896690538
drift,omd_paper_v2_literal,1,784,4,1,0.07244870334982767,36.8295153086981,0.1255742184282758,0.320664920162226,0.0,0.0,0.47586822743584717,0.5090337198289637,0.5566651851493292,0.48103306624926195,0.5033997741353915,0.5282794731099497,0.5780334624531186,0.46688663917530354,0.4894062250803002,0.5667780272315242
drift,omd_paper_v2_literal,1,785,4,0,0.07268283697697187,36.90219814567507,0.12555028405340146,0.32131263731373244,0.0,0.0,0.476068644216273,0.509395294393665,0.5578573047071476,0.48268864255819716,0.5054809351558451,0.5293533164324944,0.5782125639271334,0.4688382362178397,0.4873673811340611,0.5673815664526305
drift,omd_paper_v2_literal,1,786,4,1,0.07291675426687894,36.97511489994195,0.12619720858396202,0.32067505142152386,0.0,0.0,0.4758649279492853,0.5090277669844835,0.5566455532496073,0.4810058131379933,0.5033655098637362,0.5282617917278177,0.57803051365328,0.46685451746990486,0.48943979461891285,0.566768089231329
drift,omd_paper_v2_literal,1,787,4,0,0.07315045462662828,37.04826535456858,0.12617262854546576,0.32132484019904056,0.0,0.0,0.4760648000024081,0.5093883592190096,0.5578344452030681,0.4826568836961021,0.5054410185138867,0.5293327218520605,0.5782091288225865,0.4688007939921696,0.487406483922639,0.5673699920017953
drift,omd_paper_v2_literal,1,788,1,0,0.05114727324040713,37.09941262780899,0.1268198156173797,0.32091559743136144,0.0,0.0,0.4758616667007428,0.5090218831217536,0.5566261486793934,0.48097887595922345,0.5033316426309603,0.5282443151758904,0.5780275990200063,0.4668227682754627,0.48947297523206135,0.5667582663444124
drift,omd_paper_v2_literal,1,789,6,0,0.2642443126348902,37.36365694044388,0.1275652170734413,0.31295914263370306,0.0,0.0,0.473917818660056,0.5069241941257235,0.5556921273489707,0.4819322461152442,0.5029629552901476,0.5264295533613564,0.5776370172638119,0.4662532760489558,0.48968205163088274,0.5673360253532351
drift,omd_paper_v2_literal,1,790,4,1,0.07385024821986363,37.437507188663744,0.12710322988776088,0.3122665475501849,0.0,0.0,0.4743077595946844,0.5064703246186081,0.554151011116273,0.4824274628457286,0.5027505494385792,0.5254975553236059,0.5756847159656456,0.46692875048835636,0.49005460516241295,0.5657328551910352
drift,omd_paper_v2_literal,1,791,4,0,0.07408307496198452,37.51159026362573,0.12707036454513576,0.3129702705317329,0.0,0.0,0.47450684200069804,0.5068298758532296,0.5553390323096701,0.48407658933947095,0.5048227875585926,0.5265669577271689,0.5758630252878185,0.46887199471630553,0.4880244076564399,0.566334137522083
drift,omd_paper_v2_literal,1,792,4,1,0.0743156818335281,37.58590594545925,0.1277263135028926,0.31227619200344015,0.0,0.0,0.4743050078478172,0.5064653546966846,0.5541345854007929,0.4824046704982361,0.5027219052322963,0.525482771914992,0.5756822511581668,0.4669018970109187,0.4900826698920833,0.5657245426441648
drift,omd_paper_v2_literal,1,793,4,0,0.07454806825126858,37.66045401371052,0.1276929234476244,0.3129813107820634,0.0,0.0,0.47450354999618916,0.5068239305297787,0.5553193928221595,0.48404931719542216,0.5047885230984779,0.5265492765175721,0.5758600770043446,0.4688398542500864,0.4880579750749403,0.5663241965666902
drift,omd_paper_v2_literal,1,794,1,0,0.05210126999768727,37.712555283708205,0.12834897647139137,0.31282732857788953,0.0,0.0,0.47430228805128655,0.506460442476145,0.5541183502777882,0.48238214285030756,0.5026935935783289,0.5254681601033474,0.5756798149643189,0.46687535550077736,0.4901104088412496,0.5657163265727215
drift,omd_paper_v2_literal,1,795,6,0,0.26947112039357424,37.98202640410178,0.12910968829864458,0.30495130560578027,0.0,0.0,0.4723716046587743,0.5043763413503127,0.5531907819743247,0.4833311102105709,0.5023293395851934,0.5236652254516588,0.5752917733728582,0.46631125120793987,0.4903160834087466,0.5662916644600396
drift,omd_paper_v2_literal,1,796,4,1,0.07524389897382622,38.057270303075605,0.12866265858805526,0.3042016005330031,0.0,0.0,0.4727600826173483,0.5039256000523075,0.5516569430608121,0.48382450355698475,0.5021193135799636,0.5227386985216499,0.5733470009779025,0.46698449999115654,0.49068551318499765,0.5646960850765795
drift,omd_paper_v2_literal,1,797,4,0,0.07547539777666745,38.13274570085227,0.12862128534545805,0.30496103162102783,0.0,0.0,0.47295783528939017,0.504283118626664,0.5528408009118998,0.4854671689387673,0.5041826459824638,0.5238036014778285,0.5735245110874702,0.46891942165131345,0.4886639481594144,0.5652951067971642
drift,omd_paper_v2_literal,1,798,7,0,0.0,38.13274570085227,0.12928551772021235,0.30891266885879093,0.0,0.0,0.47275785580033997,0.5039215740614218,0.5516436084412085,0.48380600765210874,0.5020960781355486,0.5227267056010414,0.5733450019533649,0.4669627166492532,0.4907082796086512,0.564689338496664
drift,omd_paper_v2_literal,1,799,6,0,0.2729468347755203,38.405692535627786,0.13029758665058597,0.30109531033693887,0.0,0.0,0.4720772044017001,0.5034007945241533,0.5510254733170484,0.4823265863692125,0.5002794667785992,0.52181575910663,0.5738812613952228,0.4648775306444947,0.49239637193504765,0.564889769649637
drift,omd_paper_v2_literal,1,800,1,1,0.053048607576520634,38.45874114320431,0.12986226493395905,0.3011106289431808,0.0,0.0,0.47246399570194286,0.5029515030960479,0.5494957842073683,0.48281789758451477,0.5000698942519778,0.5208921034118393,0.5719421114631749,0.4655476480815301,0.4927647755817737,0.5632989896921643
drift,omd_paper_v2_literal,1,801,1,0,0.05320584269590378,38.51194698590021,0.1297144355688357,0.3010967320671738,0.0,0.0,0.4743560429645019,0.5049936080768215,0.5504047899493142,0.4818867537804669,0.5004251002642567,0.5226587470821058,0.57232245726704,0.4660989436264568,0.49256496387028337,0.5627333180910681
drift,omd_paper_v2_literal,1,802,7,0,0.0,38.51194698590021,0.1304884014233439,0.30522790239151326,0.0,0.0,0.4724363861942953,0.502921696814698,0.5494825144219466,0.4828314889217212,0.5000647098684923,0.5208663145223638,0.5719365595244974,0.4655396023095712,0.49276769193554326,0.5633072446931163
drift,omd_paper_v2_literal,1,803,6,0,0.27641540056882735,38.78836238646904,0.13150934331485972,0.2974762153800846,0.0,0.0,0.47176030120490914,0.5024045437372541,0.5488667941315767,0.48135846729093096,0.4982564974224139,0.5199601459709648,0.5724705019279347,0.46346526872687727,0.49444832465289107,0.5635060236883487
drift,omd_paper_v2_literal,1,804,1,1,0.05367641690803637,38.84203880337708,0.13108540663224355,0.29738872994727783,0.0,0.0,0.4721464922552811,0.5019578325802768,0.5473415313355328,0.48184668383281604,0.4980470251750322,0.5190401486444319,0.5705371797605335,0.4641320524024351,0.49481613254037804,0.5619195696686764
drift,omd_paper_v2_literal,1,805,1,0,0.053832896413087084,38.89587169979016,0.13092988398733404,0.29747834092277664,0.0,0.0,0.4740368338459399,0.5039981847151956,0.5482500573547672,0.480915883907642,0.49840120350103884,0.5208054737168252,0.5709173384160936,0.4646820507932905,0.4946171936471684,0.5613536461023501
drift,omd_paper_v2_literal,1,806,7,0,0.0,38.89587169979016,0.1317101621535532,0.3017877743807487,0.0,0.0,0.47212649836912296,0.5019362470805656,0.5473319182764593,0.4818565315168015,0.49804327830700923,0.5190214705247489,0.5705331575892464,0.4641262343940546,0.49481823713806056,0.5619255557561107
drift,omd_paper_v2_literal,1,807,6,1,0.2798767420519899,39.17574844184215,0.13273939517533456,0.3075638644363459,0.0,0.0,0.4714549341843295,0.5014226877904645,0.5467186171351038,0.48038987380856546,0.49624345590168467,0.5181200632096133,0.5710647893456374,0.46206269099531944,0.49649141242461253,0.5621226942392442
drift,omd_paper_v2_literal,1,808,6,1,0.28074093981994225,39.456489381662095,0.13359429104953066,0.313320265977047,0.0,0.0,0.471165335689365,0.5017562912579362,0.5478603352388287,0.48002550199951405,0.4964007122807827,0.5188082544375856,0.57251113694546,0.46156444426329113,0.49621560605044507,0.5633102185203807
drift,omd_paper_v2_literal,1,809,6,0,0.2816046802131977,39.738094061875294,0.13444800319173988,0.3056017163204352,0.0,0.0,0.4708770560652179,0.5020883961054738,0.5489964297217029,0.4796627864374728,0.4965572636690523,0.5194932864908886,0.5739497638167633,0.4610685097031653,0.4959410396626563,0.5644916931626263
drift,omd_paper_v2_literal,1,810,6,0,0.28246796206999003,40.02056202394528,0.13402808063914148,0.2979290873277258,0.0,0.0,0.4712636744845767,0.5016430073838826,0.5474726900005602,0.4801492318891131,0.4963473115641423,0.5185745684580452,0.5720201283904354,0.4617336287890838,0.4963092632767879,0.5629070433812712
drift,omd_paper_v2_literal,1,811,1,0,0.05476776694055685,40.07532979088584,0.13361526819017458,0.2983293523097063,0.0,0.0,0.47164859426169325,0.5011996123810574,0.545954895569972,0.48063353439666984,0.49613830178048623,0.5176598435010142,0.570096963291044,0.4623959020373658,0.496675840425956,0.5613282197551204
drift,omd_paper_v2_literal,1,812,6,0,0.2841931455414906,40.35952293642733,0.13440730411205137,0.2907571168869723,0.0,0.0,0.4697523944008246,0.4991524419813573,0.5450439072425299,0.4815677968630916,0.49578376850433165,0.5158885167941359,0.5697167598756259,0.4618445261183861,0.49687451799383775,0.5618975161630549
drift,omd_paper_v2_literal,1,813,7,1,0.0,40.35952293642733,0.13400748944731744,0.28568265867278764,0.0,0.0,0.470135754724164,0.4987119295923891,0.543532847410757,0.4820494354346192,0.49557594247080833,0.5149786924873335,0.5678010928867417,0.46250357511078577,0.4972391554080862,0.5603258594292374
drift,omd_paper_v2_literal,1,814,7,1,0.0,40.35952293642733,0.13347787495333122,0.28087233273818035,0.0,0.0,0.47091066474986093,0.499305783937301,0.5442452317313952,0.4837453765238337,0.49765741745531844,0.5160224315984776,0.5671884845370572,0.46488881934655163,0.49530372161285974,0.5601007475689743
drift,omd_paper_v2_literal,1,815,7,0,0.0,40.35952293642733,0.13296158320858817,0.28505322794356347,0.0,0.0,0.4716811327027661,0.49989612950349555,0.5449532252114131,0.4854316628742171,0.49972666788500064,0.5170598618686875,0.5665792940957589,0.467261555674808,0.493379869011988,0.5598769420093058
drift,omd_paper_v2_literal,1,816,7,1,0.0,40.35952293642733,0.13399049308299976,0.280290051458771,0.0,0.0,0.4710093440228958,0.4993813994614045,0.5443359265457228,0.48396134803721136,0.4979224585604015,0.5161553208382168,0.5671104664583922,0.46519264959308515,0.49505729212591054,0.5600720823468434
drift,omd_paper_v2_literal,1,817,7,1,0.0,40.35952293642733,0.13347732714299632,0.275798196359025,0.0,0.0,0.4717771217712628,0.4999696707043996,0.5450414094488498,0.4856417527275627,0.49998444282423926,0.517189087603259,0.5665033912485804,0.46755724064256116,0.4931402213956175,0.5598490601613406
drift,omd_paper_v2_literal,1,818,7,1,0.0,40.35952293642733,0.1329772984596188,0.2715851166952512,0.0,0.0,0.47254050985446827,0.5005544772482854,0.5457425580553682,0.4873125821070413,0.5020342831248339,0.5182166199193424,0.56589969366229,0.4699093503389625,0.49123464159629743,0.5596273275759158
drift,omd_paper_v2_literal,1,819,7,1,0.0,40.35952293642733,0.1324903409635852,0.26765796838256917,0.0,0.0,0.47329953310989126,0.5011358410176694,0.5464394010089623,0.48897386070644927,0.5040719935664398,0.5192379530813086,0.5652993546358048,0.4722489449412264,0.4893405274412747,0.559406876183997
drift,omd_paper_v2_literal,1,820,7,0,0.0,40.35952293642733,0.13201638471886418,0.2711721025283875,0.0,0.0,0.47405421650263063,0.5017137839711763,0.5471319669780754,0.4906256143535459,0.5060975905864892,0.520253122614395,0.5647023550178029,0.4745759943831302,0.48745785181072576,0.5591876975779994
drift,omd_paper_v2_literal,1,821,7,1,0.0,40.35952293642733,0.1330256462841602,0.2672849209553065,0.0,0.0,0.47337656557480706,0.5011948375359375,0.5465101063512291,0.4891424611105779,0.5042787735334867,0.5193415888972945,0.5652384216304638,0.4724864363445328,0.48914832936035446,0.5593845035157975
drift,omd_paper_v2_literal,1,822,7,1,0.0,40.35952293642733,0.132554205641465,0.26368943644941134,0.0,0.0,0.47412871019350167,0.5017708266837665,0.5472003133502795,0.490788654028484,0.5062975071239576,0.5203533108570004,0.5646434209867246,0.4748057355682722,0.487272050258876,0.5591660634100408
drift,omd_paper_v2_literal,1,823,7,0,0.0,40.35952293642733,0.1320955707534411,0.26693950120700743,0.0,0.0,0.4748765665530769,0.5023434381085911,0.5478862985492807,0.4924254047349812,0.5083042153511944,0.5213589426057574,0.5640517201195892,0.4771125307928934,0.4854071142710699,0.5589488798100404
drift,omd_paper_v2_literal,1,824,7,0,0.0,40.35952293642733,0.13309665219860298,0.27039019815530346,0.0,0.0,0.47419816666248765,0.5018240113639457,0.5472640356238186,0.4909406685466023,0.506483900819351,0.5204467215564877,0.564588471217163,0.4750199481928361,0.48709881825977674,0.5591458922313743
drift,omd_paper_v2_literal,1,825,3,0,0.11264756801011899,40.47217050443745,0.13410167427446745,0.2721860622686585,0.0,0.0,0.47352382121438474,0.5013076127780723,0.5466452585735642,0.48946475760288066,0.5046740415447952,0.5195396902536706,0.5651219391002491,0.4729404497806376,0.4887809403305448,0.5593417361653775
drift,omd_paper_v2_literal,1,826,7,1,0.0,40.47217050443745,0.13459009709606115,0.26818342971829784,0.0,0.0,0.47435253229517704,0.5022265426729045,0.5463811456313518,0.4874006963114795,0.5030904388813459,0.5197610713787338,0.5655214594543179,0.4714257567174974,0.49038787860546484,0.558769688460329
drift,omd_paper_v2_literal,1,827,7,0,0.0,40.47217050443745,0.13411332630405629,0.27175348481793243,0.0,0.0,0.4751028779554385,0.5028013473165822,0.5470684498105299,0.4890380292829951,0.5050997650271989,0.5207691023347116,0.564929272146954,0.4737339540155928,0.4885203702102597,0.5585513795465769
drift,omd_paper_v2_literal,1,828,1,0,0.05737857913832023,40.52954908357577,0.13512112345781596,0.2720090500799574,0.0,0.0,0.47443135548421705,0.502286929852511,0.546453359656387,0.4875726964325824,0.5033015371647032,0.5198669791358269,0.5654592551798109,0.47166819178236535,0.49019167147788034,0.5587467547897125
drift,omd_paper_v2_literal,1,829,3,1,0.11391462196442692,40.6434637055402,0.13591658742011467,0.27028491872761645,0.0,0.0,0.4725365435500543,0.5002416045940674,0.5455453308505556,0.4885151070776654,0.5029555732797654,0.5181000499604574,0.5650755551038126,0.4711251745777753,0.49038225035633176,0.5593161530706837
drift,omd_paper_v2_literal,1,830,3,0,0.11423072730529427,40.7576944328455,0.13603992389595343,0.27193127806070305,0.0,0.0,0.4716718149468625,0.4992828211438885,0.5458202330257476,0.490665363680931,0.5046043238314479,0.5178680897139759,0.564659971291549,0.47270144499172634,0.4887089751161464,0.5599130132939648
drift,omd_paper_v2_literal,1,831,3,1,0.1145465682146708,40.87224100106017,0.1365223079838616,0.27022289923266485,0.0,0.0,0.4725001806686462,0.5002012902996813,0.5455568903124939,0.4886055116168112,0.5030249003780589,0.5180902968086338,0.5650580827532219,0.4711914411594458,0.4903118890029411,0.5593412529132897
drift,omd_paper_v2_literal,1,832,3,0,0.1148621441094364,40.987103145169606,0.1366460900635935,0.2718548118339682,0.0,0.0,0.4716380280270796,0.4992453555589496,0.5458309746013699,0.49074939514086857,0.5046687489935764,0.5178590254241788,0.5646437299927289,0.47276305095871013,0.4886435947145091,0.5599363328384844
drift,omd_paper_v2_literal,1,833,3,1,0.11517745440823801,41.102280599577846,0.1371275854762233,0.2701619806862324,0.0,0.0,0.47246421684615386,0.5001614181076379,0.5455683229598048,0.4886949254718069,0.5030934670894126,0.5180806506007576,0.5650408018534099,0.4712569820303908,0.49024229964175314,0.5593660772012088
drift,omd_paper_v2_literal,1,834,3,1,0.11549249853148957,41.21777309810933,0.13725180025460781,0.2687387798765488,0.0,0.0,0.47160462408937537,0.4992083143796261,0.5458415944581702,0.49083247523519197,0.5047324442171763,0.5178500637999907,0.5646276725333815,0.4728239598898632,0.488578955301585,0.5599593879671405
drift,omd_paper_v2_literal,1,835,3,0,0.11580727590137607,41.33358037401071,0.13738692786365583,0.270110571014639,0.0,0.0,0.4707499837957048,0.49826052245244057,0.5461133172170781,0.4929584574706145,0.5063621960598765,0.5176207531799306,0.5642167541674714,0.4743827452736672,0.4869251218211089,0.5605492258224684
drift,omd_paper_v2_literal,1,836,7,1,0.0,41.33358037401071,0.13785800933701767,0.26631014656784113,0.0,0.0,0.47157626381500467,0.4991768658365356,0.5458506108526222,0.490903011953219,0.5047865223537495,0.5178424552296254,0.5646140393887964,0.4728756731754064,0.4885240757124996,0.5599789619347139
drift,omd_paper_v2_literal,1,837,7,1,0.0,41.33358037401071,0.13739088224807933,0.26279417459464816,0.0,0.0,0.4723276206979009,0.49975476205239855,0.5465318149750966,0.4925160724254206,0.5067721160819685,0.5188461636469878,0.5640278232318146,0.47515975356676904,0.48667980688113743,0.5597578121633464
drift,omd_paper_v2_literal,1,838,7,0,0.0,41.33358037401071,0.13693585044288434,0.2659768766112224,0.0,0.0,0.4730747654194107,0.5003293235851923,0.547208914823873,0.49411997764883,0.5087460382819718,0.5198439283949319,0.5634448129585614,0.4774316823310031,0.4848465416792387,0.5595379152435218
drift,omd_paper_v2_literal,1,839,3,1,0.11706370635303809,41.450644080363745,0.1379313469763424,0.2647915544224487,0.0,0.0,0.4723960855680723,0.4998074161254555,0.5465938730925409,0.49266305190062454,0.5069530203553734,0.518937607370709,0.5639744022352828,0.47536791673084355,0.486511786777436,0.5597376613028117
drift,omd_paper_v2_literal,1,840,3,0,0.1173771413509731,41.568021221714716,0.13807671249394426,0.26594257705156876,0.0,0.0,0.4715445117693678,0.49886394164863296,0.5468617918307294,0.4947710081655254,0.5085663922054766,0.5187068392127634,0.5635676793566358,0.47691087455031467,0.48487423922246947,0.5603244662628252
drift,omd_paper_v2_literal,1,841,7,1,0.0,41.568021221714716,0.13853697613253735,0.26246979201000803,0.0,0.0,0.4723738423243115,0.4997827746621381,0.5466008708671867,0.4927181039529453,0.5069951599623398,0.5189315803313679,0.563963780646912,0.47540820944314044,0.486469013907808,0.5597529894501201
drift,omd_paper_v2_literal,1,842,7,1,0.0,41.568021221714716,0.13808373023227846,0.25928543367349194,0.0,0.0,0.47312028791177113,0.5003573996519647,0.5472751258998775,0.4943122287503766,0.5089590612891647,0.519926481272688,0.5633835565116126,0.4776693998164717,0.48464536632198585,0.5595325926713235
drift,omd_paper_v2_literal,1,843,7,1,0.0,41.568021221714716,0.13764231954976208,0.25639464708625237,0.0,0.0,0.4738625672745474,0.5009287247593502,0.5479453380537871,0.49589731632409956,0.510911413772449,0.5209155137973481,0.5628064914097027,0.4799185164979043,0.48283259358987346,0.559313437933039
drift,omd_paper_v2_literal,1,844,7,0,0.0,41.568021221714716,0.13721266804030344,0.25906123320001223,0.0,0.0,0.47460070429125567,0.5014967709687662,0.5486115342561853,0.4974733953939066,0.5128522398375396,0.5218987118007503,0.5622325671287022,0.48215554215443823,0.48103066470910044,0.5590955171074095
drift,omd_paper_v2_literal,1,845,7,1,0.0,41.568021221714716,0.13819489362992465,0.25619988634560203,0.0,0.0,0.4739173715057512,0.500970903402061,0.547994810360448,0.4960143408614288,0.5110555359323194,0.5209885238357238,0.5627638821685182,0.4800845934630476,0.48269878092164353,0.5592972576698875
drift,omd_paper_v2_literal,1,846,7,0,0.0,41.568021221714716,0.1377670837409229,0.25884105803822244,0.0,0.0,0.4746531709530737,0.5015371441923666,0.5486588769256912,0.49758541602099987,0.512990168176339,0.5219685853119823,0.5621917696373603,0.4823145649518088,0.48090261252446564,0.5590800277206979
drift,omd_paper_v2_literal,1,847,3,0,0.11956358967818703,41.6875848113929,0.13874748302557816,0.25981599025711305,0.0,0.0,0.47397155712992095,0.5010126054609766,0.5480437227544266,0.496130043585275,0.5111980278704875,0.5210607080630839,0.5627217534522299,0.48024879827655725,0.48256648262215646,0.5592812601012851
drift,omd_paper_v2_literal,1,848,7,0,0.0,41.6875848113929,0.13919684937505114,0.2628394005262628,0.0,0.0,0.4748067350964956,0.501935984951588,0.5477864126220364,0.4940832943886361,0.5096361534008059,0.5212913599177325,0.563115256482463,0.4787560975779159,0.4841525788367087,0.5587074456111429
drift,omd_paper_v2_literal,1,849,1,1,0.06052369479757358,41.748108506190476,0.14018575884447407,0.26273413792986916,0.0,0.0,0.47413027760363463,0.5014151606934495,0.5471767089681641,0.4926428970124423,0.5078607836367235,0.5203911335628552,0.5636399534346189,0.4767111265220373,0.48580099908464996,0.5589075029852726
drift,omd_paper_v2_literal,1,850,1,0,0.06067119858925085,41.808779704779724,0.14000142961921666,0.2628413311032676,0.0,0.0,0.47600140724308576,0.5034348788354384,0.548075605657228,0.49171583310014494,0.5082068026575947,0.5221371992653944,0.5640201040429336,0.47725172576095654,0.4856083890599054,0.5583473175019471
drift,omd_paper_v2_literal,1,851,1,1,0.06081849361163005,41.86959819839135,0.14079649221695356,0.26273394089868524,0.0,0.0,0.4741146263413069,0.5013982630320846,0.5471691873084311,0.4926506532408685,0.5078578887386646,0.5203765234591996,0.5636367727008331,0.47670660398673553,0.48580261051734186,0.5589121889810127
drift,omd_paper_v2_literal,1,852,1,0,0.060965579484899224,41.93056377787625,0.1406124761621741,0.26284325636679207,0.0,0.0,0.4759807729105147,0.5034126104675366,0.548065696367992,0.49172605435352207,0.5082029875890897,0.5221179504946666,0.5640159130160383,0.47724576496919086,0.485610512701978,0.5583534947657536
drift,omd_paper_v2_literal,1,853,7,0,0.0,41.93056377787625,0.14140663531855585,0.2660666658497775,0.0,0.0,0.4740991569051869,0.5013815616196826,0.5471617529852728,0.4926583193907121,0.5078550274618902,0.5203620830053409,0.5636336289034463,0.47670213398062483,0.48580420323489065,0.5589168205425473
drift,omd_paper_v2_literal,1,854,1,1,0.06125912227290409,41.99182290014915,0.14239880115923703,0.2658931917324419,0.0,0.0,0.4734292423059078,0.5008664974455721,0.546556626016802,0.4912249734954995,0.5060900631185108,0.5194692702074937,0.5641557199106925,0.47467034900804944,0.487443263875636,0.5591149426954443
drift,omd_paper_v2_literal,1,855,1,0,0.06140557843606631,42.05322847858522,0.1422136231005541,0.26606848653667353,0.0,0.0,0.47529184934662855,0.5028774015055563,0.5474516622421438,0.49030142334745275,0.5064339710895412,0.521207798976696,0.5645343398470315,0.47520765758886807,0.4872520621700389,0.5585572834967716
drift,omd_paper_v2_literal,1,856,1,1,0.06155182394697378,42.11478030253219,0.14300766718661465,0.26589365509432744,0.0,0.0,0.4734177899648719,0.5008541307266473,0.5465511208267846,0.4912306532935995,0.5060879481508858,0.5194585771809459,0.5641533912592595,0.47466704487255995,0.48744443973053886,0.5591183717024677
drift,omd_paper_v2_literal,1,857,1,1,0.06169785843387299,42.17647816096606,0.1428228394093195,0.2659603998229015,0.0,0.0,0.4752754484315606,0.5028596984144684,0.5474437839392899,0.49030955372892165,0.5064309434520482,0.521192495665272,0.5645310069173136,0.4752029270314977,0.48725374543684186,0.5585621936092884
drift,omd_paper_v2_literal,1,858,1,1,0.061843681526626226,42.23832184249269,0.14264714128860764,0.2662646861978473,0.0,0.0,0.47712384748751485,0.5048544450984255,0.5483313686492202,0.48939344732407347,0.5067720977156067,0.5229166313221669,0.5649065280769721,0.47573599886681467,0.48706407504283317,0.558008845280599
drift,omd_paper_v2_literal,1,859,1,1,0.0619892928567124,42.3003111353494,0.1424804791874334,0.2668019114420506,0.0,0.0,0.47896299335985376,0.5068383816921839,0.5492139065450998,0.4884823058642384,0.5071114231114131,0.5246310142877952,0.5652799691528008,0.4762662776283622,0.48687542165594616,0.5574583102863367
drift,omd_paper_v2_literal,1,860,1,1,0.062134692057228214,42.36244582740663,0.14232275814945577,0.2675669475557414,0.0,0.0,0.48079289371757133,0.5088115208554669,0.5500914292123841,0.48757610107342547,0.5074489317732059,0.5263356757015948,0.5656513445065012,0.4767937805467557,0.48668777840764227,0.5569105721947373
drift,omd_paper_v2_literal,1,861,1,0,0.06227987876288987,42.42472570616952,0.14217388197729935,0.2667770514494172,0.0,0.0,0.48261355763151426,0.5107738769431266,0.550963968225893,0.4866748046229107,0.5077846357969303,0.5280306476694456,0.5660206684451682,0.4773185248300617,0.48650113845424825,0.5563656145760145
drift,omd_paper_v2_literal,1,862,1,0,0.06242485261003339,42.487150558779554,0.14294178786958966,0.26623754506368713,0.0,0.0,0.4807228239337758,0.5087359814613567,0.5500578378818667,0.48761079477126357,0.5074360099626126,0.5262704216925715,0.5656371272991167,0.47677358348900584,0.486694962491114,0.5569315455769066
drift,omd_paper_v2_literal,1,863,1,0,0.06256961323661636,42.54972017201617,0.14371548426767786,0.2659459718104343,0.0,0.0,0.4788426839897725,0.5067086260012094,0.5491561925673947,0.48854189781852303,0.5070892293507138,0.5245189004516756,0.5652555460806975,0.4762315925034488,0.4868877606282999,0.5574943229748022
drift,omd_paper_v2_literal,1,864,7,0,0.0,42.54972017201617,0.14449471313682613,0.2692423672286042,0.0,0.0,0.4769731162381509,0.5046918106417494,0.5482590118808917,0.4894681384259194,0.5067442823253845,0.5227760757867502,0.5648759131719134,0.47569253337861606,0.4870795394623783,0.5580539673152326
drift,omd_paper_v2_literal,1,865,6,0,0.3292095643449677,42.87892973636114,0.14548847380715915,0.26160675525976307,0.0,0.0,0.4763115099554988,0.5041854286179486,0.5476593116290953,0.4880370671212788,0.5049866135554931,0.5218926781482368,0.5653971078307071,0.4736701468707976,0.4887123791665473,0.5582495775137738
drift,omd_paper_v2_literal,1,866,1,1,0.06300261219691894,42.941932348558055,0.14508831685175202,0.26178773884548834,0.0,0.0,0.4766951389602204,0.5037546322994211,0.5461585816374463,0.48848655270199154,0.504755513969607,0.5209892821158271,0.5635028944219478,0.47429829201127316,0.4890980188203614,0.556686743950667
drift,omd_paper_v2_literal,1,867,1,1,0.0631465163532986,43.005078864911354,0.14491525168613498,0.26220388035691455,0.0,0.0,0.47852341717929,0.5057269814907674,0.5470362325859867,0.4875802900414117,0.5050922205666261,0.522693892725604,0.5638742402511873,0.47482476298919685,0.4889111020003564,0.5561387661931145
drift,omd_paper_v2_literal,1,868,1,0,0.06329020550326236,43.06836907041462,0.1447509268431129,0.26178011930717443,0.0,0.0,0.4803425911588247,0.5076887162269867,0.5479089489670468,0.4866789043418215,0.5054271407195257,0.5243889582790783,0.5642435498542306,0.4753485033947129,0.4887251774264807,0.5555935528176377
drift,omd_paper_v2_literal,1,869,1,1,0.06343367929451793,43.13180274970914,0.14552878787976561,0.2621888624482274,0.0,0.0,0.4784765158382412,0.5056763942046874,0.5470137251391781,0.4876035339920316,0.5050835843558559,0.5226501771992955,0.5638647164073636,0.4748112587061374,0.48891589623557885,0.5561528231169284
drift,omd_paper_v2_literal,1,870,1,0,0.06357693737640113,43.19537968708554,0.14536454268356466,0.2617727361689608,0.0,0.0,0.4802910600307649,0.5076331577826234,0.5478842354027724,0.48670443275880376,0.5054176549774876,0.5243409571715715,0.5642330910268281,0.4753336689559717,0.48873044325009013,0.5556089965233544
drift,omd_paper_v2_literal,1,871,7,1,0.0,43.19537968708554,0.14614164496299084,0.25821091282008213,0.0,0.0,0.47843012148197556,0.5056263532299532,0.5469914606205981,0.48762652692259195,0.5050750414273487,0.522606933531005,0.5638552953903305,0.47479790032774133,0.48892063868720015,0.5561667281144519
drift,omd_paper_v2_literal,1,872,7,1,0.0,43.19537968708554,0.14567502512340225,0.25493094269861716,0.0,0.0,0.4791562852110054,0.5061810731860134,0.5476516731481729,0.4892058055640065,0.5070123385690675,0.5235778820240629,0.5632801450532033,0.4770269669094883,0.4871205972539421,0.5559524115184393
drift,omd_paper_v2_literal,1,873,7,1,0.0,43.19537968708554,0.14521946893829904,0.2519383741428984,0.0,0.0,0.4798784312457551,0.506732642189936,0.5483079872334475,0.4907763701884617,0.5089384753796116,0.5245431650218861,0.5627080772739464,0.4792443403432617,0.4853310626592029,0.5557392858206033
drift,omd_paper_v2_literal,1,874,7,1,0.0,43.19537968708554,0.1447749089497938,0.24923811902066964,0.0,0.0,0.4805965825811906,0.5072810801387208,0.5489604284274657,0.49233824617171096,0.5108534719628487,0.5255028151037083,0.5621390746226428,0.4814500032363318,0.4835520066727617,0.5555273433430986
drift,omd_paper_v2_literal,1,875,7,1,0.0,43.19537968708554,0.14434127526743334,0.24683435575646331,0.0,0.0,0.48131076228481273,0.5078264069338608,0.5496090222736623,0.4938914598594842,0.5127573501847349,0.5264568649861762,0.5615731196184278,0.483643941057786,0.48178339969581735,0.5553165764146967
drift,omd_paper_v2_literal,1,876,7,0,0.0,43.19537968708554,0.14391849563441145,0.24908475857632104,0.0,0.0,0.4820209934887966,0.5083686424762593,0.5502537943015363,0.4954360385325344,0.514650133616337,0.5274053475106447,0.5610101947351834,0.48582614206669567,0.4800252108094658,0.5551069773724422
drift,omd_paper_v2_literal,1,877,7,0,0.0,43.19537968708554,0.14489402871515572,0.25156851898521976,0.0,0.0,0.48135369399962175,0.5078591858786421,0.5496480038190065,0.49398482739562394,0.5128717808240693,0.5265142067198477,0.5615390950140275,0.4837758393219678,0.48167710305098954,0.5553039066061779
drift,omd_paper_v2_literal,1,878,7,0,0.0,43.19537968708554,0.1458728502549483,0.25427447076177656,0.0,0.0,0.4806902092499637,0.5073525751478943,0.5490454705697425,0.4925418694103661,0.5111030952868801,0.5256279046885087,0.5620648853857269,0.4817375962126571,0.48332011251781676,0.5554997122967471
drift,omd_paper_v2_literal,1,879,1,1,0.06485649613932742,43.26023618322487,0.146854713966468,0.2548538753647638,0.0,0.0,0.48003051307029654,0.5068487906871495,0.548446173872348,0.49110712718402966,0.5093440533461472,0.5247464131806548,0.5625875887418905,0.47971138662675955,0.4849542651620304,0.5556944027535228
drift,omd_paper_v2_literal,1,880,1,1,0.06499757819988461,43.325233761424755,0.14669182253023055,0.2556647092183985,0.0,0.0,0.48183453366804585,0.5087941948123894,0.5493101241549264,0.49020809388919895,0.5096712904460807,0.5264255107935728,0.5629558745647998,0.48022579432589674,0.4847745362097035,0.5551537431953277
drift,omd_paper_v2_literal,1,881,1,0,0.06513844080150022,43.39037220222625,0.14653736123244412,0.2548274012184965,0.0,0.0,0.4836295490261483,0.5107291169366841,0.5501692418034801,0.4893138454350053,0.5099968005685525,0.5280951965243091,0.5633221571786666,0.48073754179096717,0.48459575515905146,0.5546157937835974
drift,omd_paper_v2_literal,1,882,1,1,0.0652790836131194,43.45565128583937,0.14730503190031197,0.25562703040628737,0.0,0.0,0.4817656446934554,0.5087199211329814,0.5492771427746294,0.49024241908626215,0.5096587962356142,0.5263614112769442,0.5629418141792383,0.48020615275827294,0.48478139843535895,0.555174388724028
drift,omd_paper_v2_literal,1,883,1,1,0.06541950630532634,43.5210707921447,0.1471505048146503,0.2566512711892278,0.0,0.0,0.48355621156802475,0.5106500785892215,0.5501341514829025,0.48935037542316456,0.5099835031929614,0.5280269996053468,0.563307195376396,0.4807166353983801,0.48460305853590446,0.554637772278914
drift,omd_paper_v2_literal,1,884,1,1,0.06555970855034476,43.586630500695044,0.1470042511781332,0.2578938759296914,0.0,0.0,0.4853378312464721,0.5125698246476252,0.5509863821335388,0.4884630652381144,0.5103065032804354,0.5296832565996862,0.563670597134299,0.48122448770091036,0.48442565540657223,0.5541038364030286
drift,omd_paper_v2_literal,1,885,1,0,0.06569969002203935,43.65233019071708,0.14686618119428785,0.2565903620121666,0.0,0.0,0.48711051524313387,0.514479175927792,0.5518338645955116,0.48758046167701086,0.5106278077706916,0.5313302145234453,0.564032032983386,0.4817297259395313,0.4842491827644175,0.5535725654126376
drift,omd_paper_v2_literal,1,886,1,1,0.06583945039591488,43.71816964111299,0.14762125274425472,0.2578177600852239,0.0,0.0,0.485241907807693,0.5124664840055518,0.5509405098521429,0.4885108318034202,0.5102891147790957,0.5295941082801162,0.5636510351289453,0.48119714646154166,0.4844352058090849,0.5541325840461837
drift,omd_paper_v2_literal,1,887,1,0,0.06597898934911828,43.78414863046211,0.1474829085277878,0.25653073741340254,0.0,0.0,0.4870103301633329,0.5143712874592627,0.5517859805538725,0.4876303364096333,0.5106096507876947,0.5312371612584628,0.5640116097183909,0.4817011734525791,0.48425915529271724,0.5536025913029486
drift,omd_paper_v2_literal,1,888,7,1,0.0,43.78414863046211,0.1482375080756984,0.25385080755474715,0.0,0.0,0.4851469946178299,0.5123642295271634,0.5508951193249129,0.4885580960390292,0.5102719091919165,0.5295058960019573,0.563631678734019,0.48117009298113883,0.4844446557461629,0.5541610288884613
drift,omd_paper_v2_literal,1,889,7,1,0.0,43.78414863046211,0.1478001341612791,0.2514580222158976,0.0,0.0,0.48585109088514006,0.5128994524896587,0.5515361945397375,0.49010379993022524,0.5121625155921142,0.5304474458600196,0.5630686051770346,0.48334808076842384,0.4826878531874417,0.5539532659653489
drift,omd_paper_v2_literal,1,890,7,0,0.0,43.78414863046211,0.14737327479126403,0.2536955333696538,0.0,0.0,0.4865513063491381,0.5134316537663753,0.5521735158154136,0.49164104972961836,0.5140422069611196,0.5313835167812215,0.5625085184416521,0.4855145193999572,0.4809412968619048,0.5537466459204651
drift,omd_paper_v2_literal,1,891,7,0,0.0,43.78414863046211,0.14834663634716433,0.2561580452950312,0.0,0.0,0.48589420896868274,0.512932226599651,0.5515754460535467,0.4901984595230713,0.5122782785229019,0.5305050958894629,0.5630341193540916,0.48348147402178465,0.4825802866110446,0.5539405427252738
drift,omd_paper_v2_literal,1,892,1,1,0.06667335162017396,43.85082198208229,0.1493229378867681,0.25738438111438966,0.0,0.0,0.4852408227255685,0.5124355577271067,0.5509805620836632,0.4887640724144464,0.5105238791744253,0.5296313840029577,0.5635566501275506,0.48146030320321104,0.48421051214360006,0.5541333424353775
drift,omd_paper_v2_literal,1,893,1,1,0.06681155536142624,43.91763353744371,0.14918355037976633,0.25882079474250774,0.0,0.0,0.48700385575697863,0.5143348520368869,0.551823050208986,0.48788379187591485,0.5108411568324146,0.5312690458960346,0.5639170554487825,0.48196026214515114,0.4840371799751481,0.5536049608079999
drift,omd_paper_v2_literal,1,894,1,1,0.06694953546804427,43.98458307291176,0.14905208170767797,0.2604604289182397,0.0,0.0,0.48875806616500017,0.5162238853989077,0.5526608738929387,0.4870081512973494,0.5111567803249006,0.5328975464103836,0.5642755246130529,0.4824576639909555,0.48386475057114553,0.5530791993222782
drift,omd_paper_v2_literal,1,895,1,0,0.06708729163032645,44.05167036454209,0.14892844336443642,0.25871449609394603,0.0,0.0,0.4905034675288626,0.5181026768517677,0.5534940624295357,0.4861371241995126,0.511470760583575,0.5345169187864776,0.5646320708484072,0.4829525246161534,0.4836932178781905,0.5525560425861932
drift,omd_paper_v2_literal,1,896,1,0,0.06722482354021753,44.118895188082305,0.14967041622480967,0.25721636166605877,0.0,0.0,0.4886366445803342,0.5160931561949301,0.5526028961312401,0.48706875350539686,0.5111349357189472,0.5327848570327016,0.5642507164542709,0.48242323675191917,0.48387668460798033,0.5531155920916995
drift,omd_paper_v2_literal,1,897,1,0,0.06736213089130838,44.18625731897362,0.15041791278275707,0.25596642974717526,0.0,0.0,0.486779780100994,0.5140935001539052,0.551715998164748,0.4879956591469723,0.5108008357655905,0.5310609586240289,0.5638712567178309,0.48189672234245995,0.4840592078536059,0.5536721174554047
drift,omd_paper_v2_literal,1,898,4,0,0.09761505703579354,44.28387237600941,0.1511707031492455,0.25565539898341005,0.0,0.0,0.4849328600115143,0.5121037155300207,0.5508333505432684,0.48891786337691373,0.5104684503779287,0.5293452205083246,0.563493680972121,0.4813729649252246,0.4842407933980283,0.554225637376204
drift,omd_paper_v2_literal,1,899,6,0,0.3573307104209065,44.641203086430316,0.15180725848972754,0.24797966333284976,0.0,0.0,0.48477384977287563,0.5117741479130705,0.549667951516783,0.4873337814710664,0.5084800689725202,0.5283208098963593,0.5632822389123378,0.47952524132279534,0.4861941718420768,0.5536021114251535
drift,omd_paper_v2_literal,1,900,7,1,0.0,44.641203086430316,0.1513980746823107,0.24508060190863432,0.0,0.0,0.4851630564607919,0.5113542203025252,0.5481776787726763,0.48776870890693313,0.5082431826818661,0.5274281360093603,0.5614000140496134,0.4801437353752749,0.4865849991800186,0.5520416310908862
drift,omd_paper_v2_literal,1,901,7,1,0.0,44.641203086430316,0.15094915334126105,0.24247165614133168,0.0,0.0,0.485860458068514,0.5118831684962645,0.5488143731544073,0.48930857138440675,0.5101242462446942,0.5283622219562257,0.5608379110152683,0.4823099976023311,0.4848367016939197,0.5518353297413542
drift,omd_paper_v2_literal,1,902,7,1,0.0,44.641203086430316,0.15051047621282362,0.24015700381086733,0.0,0.0,0.4865540437678446,0.5124091546834991,0.5494473754770567,0.49084008905116633,0.5119945858791156,0.5292909268973915,0.5602787727675158,0.48446489702408513,0.4830984749917347,0.551630155652869
drift,omd_paper_v2_literal,1,903,7,1,0.0,44.641203086430316,0.1500819773884709,0.23813997972053352,0.0,0.0,0.487243835780762,0.5129321976968553,0.550076709909588,0.49236328698529847,0.5138542239395184,0.5302142822896171,0.5597225824691929,0.48660842344547517,0.4813702899776152,0.5514261015627123
drift,omd_paper_v2_literal,1,904,7,1,0.0,44.641203086430316,0.14966358900138407,0.23642299198318956,0.0,0.0,0.48792985637315206,0.5134523163586205,0.5507024005998806,0.4938781911202787,0.5157031843158006,0.5311323196826983,0.5591693232474586,0.4887405691978305,0.4796521163673789,0.5512231602182691
drift,omd_paper_v2_literal,1,905,7,1,0.0,44.641203086430316,0.14925524128578624,0.2350074509069405,0.0,0.0,0.48861212784816066,0.5139695294765089,0.5513244716693637,0.49538482821395724,0.5175414923828736,0.5320450707086846,0.5586189781987643,0.4908613290739353,0.4779439227313015,0.5510213243784307
drift,omd_paper_v2_literal,1,906,7,1,0.0,44.641203086430316,0.14885686263679945,0.2338937134863303,0.0,0.0,0.48929067253973213,0.5144838558395557,0.5519429472078228,0.49688322581813227,0.5193691749510173,0.5329525670713977,0.5580715303936873,0.4929707002637395,0.4762456765361053,0.5508205868149525
drift,omd_paper_v2_literal,1,907,7,1,0.0,44.641203086430316,0.14846837967077328,0.23308104601751847,0.0,0.0,0.4899655128063298,0.5149953142141429,0.5525578512683743,0.4983734122487152,0.5211862602170932,0.5338548405362471,0.5575269628816336,0.4950686822907469,0.4745573441861398,0.5506209403137695
drift,omd_paper_v2_literal,1,908,7,1,0.0,44.641203086430316,0.14808971728602585,0.23256760668085183,0.0,0.0,0.49063667102483605,0.5155039233401497,0.5531692078626084,0.4998554165564836,0.5229927777166231,0.5347519229203367,0.5569852586954077,0.4971552769491132,0.47287889106375586,0.5504223776762672
drift,omd_paper_v2_literal,1,909,7,1,0.0,44.641203086430316,0.1477207987239422,0.23235044911300617,0.0,0.0,0.49130416958463097,0.5160097019272291,0.5537770409558925,0.501329268498424,0.5247887582767369,0.5356438460828616,0.5564464008556534,0.49923048824147864,0.4712102815688708,0.5502248917205106
drift,omd_paper_v2_literal,1,910,7,0,0.0,44.641203086430316,0.147361545630371,0.23256748838199012,0.0,0.0,0.4919680308818446,0.5165126686512064,0.5543813744628376,0.502794998509662,0.5265742339699959,0.536530641915788,0.5559103723751672,0.5012943223175629,0.4695514791577274,0.550028475282431
drift,omd_paper_v2_literal,1,911,7,0,0.0,44.641203086430316,0.14830170513613777,0.23307340651204847,0.0,0.0,0.4913043855307288,0.5160098655452674,0.5537772375686874,0.5013297452985823,0.5247893391891268,0.5356441345903322,0.5564462265094079,0.49923115959654457,0.47120974186284875,0.5502248278297099
drift,omd_paper_v2_literal,1,912,7,1,0.0,44.641203086430316,0.149245788014849,0.232565392087154,0.0,0.0,0.49064440738672743,0.51550978567992,0.5531762537810373,0.4998724990659787,0.5230135972738593,0.5347622619150139,0.5569790139047607,0.49717932897152345,0.47285954773585054,0.5504200888338829
drift,omd_paper_v2_literal,1,913,7,1,0.0,44.641203086430316,0.1488784518605395,0.23235040591768896,0.0,0.0,0.4913082215916634,0.5160127720509172,0.5537807301900285,0.501338215162752,0.5247996584892644,0.5356492596249299,0.5564431294252983,0.4992430855294724,0.4712001545515051,0.5502236928750507
drift,omd_paper_v2_literal,1,914,7,0,0.0,44.641203086430316,0.14852062235540794,0.23256528767170737,0.0,0.0,0.49196843836432425,0.5165129773585861,0.5543817453494421,0.5027958981525825,0.526575329678823,0.5365311861546606,0.5559100433244384,0.5012955890785088,0.46955046119889937,0.5500283547185635
drift,omd_paper_v2_literal,1,915,7,1,0.0,44.641203086430316,0.14945819351114079,0.2323505770617312,0.0,0.0,0.4913084131329532,0.516012917177823,0.5537809045826099,0.5013386380779327,0.5248001737494976,0.5356495155267156,0.5564429747823316,0.49924368101228167,0.47119967584076033,0.5502236362047566
drift,omd_paper_v2_literal,1,916,7,1,0.0,44.641203086430316,0.1491010496764131,0.23242336461718596,0.0,0.0,0.4919668299479072,0.5165117588275042,0.5543802813839963,0.5027923470783304,0.526571004691054,0.5365290379322923,0.5559113421545105,0.501290588914522,0.46955447929154454,0.5500288306087114
drift,omd_paper_v2_literal,1,917,7,0,0.0,44.641203086430316,0.14875325718416232,0.2323511382358544,0.0,0.0,0.4926216908189037,0.5170078527791008,0.5549762391078747,0.5042380971449261,0.5283315347762748,0.5374035479771285,0.5553824760534728,0.5033263132543594,0.4679188930950868,0.5498350700698643
drift,omd_paper_v2_literal,1,918,7,1,0.0,44.641203086430316,0.1496843680813365,0.2324211024427166,0.0,0.0,0.4919616654995985,0.5165078462559692,0.5543755807444757,0.5027809449648762,0.5265571176007783,0.5365221402157457,0.5559155125508394,0.5012745339323716,0.4695673809748258,0.5500303586393773
drift,omd_paper_v2_literal,1,919,7,0,0.0,44.641203086430316,0.14933713604586352,0.23235171026221565,0.0,0.0,0.4926147699050341,0.517002610074312,0.5549699416610163,0.5042228183273024,0.5283129325422139,0.5373943070709084,0.5553880659364615,0.5033047995311198,0.46793617494755657,0.5498371178718865
drift,omd_paper_v2_literal,1,920,7,1,0.0,44.641203086430316,0.150267043293559,0.23241889454377268,0.0,0.0,0.491956561802322,0.5165039797059804,0.5543709353889682,0.5027696769715111,0.5265433938238209,0.53651532362323,0.5559196338831036,0.5012586678022114,0.46958013093571427,0.5500318686949085
drift,omd_paper_v2_literal,1,921,7,1,0.0,44.641203086430316,0.14992037331493605,0.23276568733727565,0.0,0.0,0.49260791900539097,0.51699742040064,0.5549637079012651,0.5042076940612688,0.528294518409495,0.5373851596196917,0.5553935992588133,0.5032835034270168,0.467953282053884,0.5498391449568357
drift,omd_paper_v2_literal,1,922,7,0,0.0,44.641203086430316,0.14958282660524633,0.23241563309815946,0.0,0.0,0.49325578006640736,0.51748816083007,0.5555531209805522,0.5056378686637099,0.5300354865983248,0.5382500678959792,0.554870285042945,0.5052972866996498,0.4663359028909091,0.5496474481867161
drift,omd_paper_v2_literal,1,923,7,1,0.0,44.641203086430316,0.15050638607127545,0.23275672649214899,0.0,0.0,0.49259761660650875,0.5169896161463907,0.5549543335214763,0.50418495012866,0.5282668270347152,0.5373714036068337,0.5554019202602481,0.5032514782572808,0.4679790079152022,0.5498421932903477
drift,omd_paper_v2_literal,1,924,7,1,0.0,44.641203086430316,0.15016928213152528,0.2333702968707671,0.0,0.0,0.493243772604436,0.5174790659081264,0.5555421984039006,0.5056113630329023,0.5300032265672413,0.5382340400409783,0.5548799850913163,0.5052599652473647,0.4663658725480169,0.5496510011674599
drift,omd_paper_v2_literal,1,925,7,1,0.0,44.641203086430316,0.1498411507960537,0.2342498099738098,0.0,0.0,0.4938864724520173,0.5179658474799094,0.556126744371196,0.5070300063592577,0.5317295582089665,0.5390918054849135,0.554360739616447,0.5072574713912712,0.4647621187359033,0.5494608237691192
drift,omd_paper_v2_literal,1,926,7,1,0.0,44.641203086430316,0.14952191327645567,0.23538797627935393,0.0,0.0,0.49452573744394357,0.5184499784821301,0.5567079939594483,0.5084409113673041,0.5334458567382083,0.5399447303389883,0.5538441676733532,0.5092440100204462,0.4631677085056845,0.5492716543527226
drift,omd_paper_v2_literal,1,927,7,1,0.0,44.641203086430316,0.14921148965138858,0.23677684493891188,0.0,0.0,0.49516158885707023,0.5189314764885361,0.5572859696384386,0.5098441098303094,0.5351521578988225,0.5407928449950591,0.5533302531105676,0.5112195962051467,0.4615826031680784,0.5490834861973136
drift,omd_paper_v2_literal,1,928,7,1,0.0,44.641203086430316,0.1489097989217895,0.23840790366484602,0.0,0.0,0.495794047946023,0.519410359023542,0.5578606938082836,0.5112396340125198,0.5368484983624409,0.5416361798293637,0.5528189797907569,0.5131842467023997,0.4600067633490609,0.5488963126044626
drift,omd_paper_v2_literal,1,929,7,0,0.0,44.641203086430316,0.1486167590659006,0.23669167852281536,0.0,0.0,0.49642313593894477,0.5198866435596383,0.5584321887962039,0.5126275166469608,0.5385349156914976,0.5424747651956242,0.5523103315939302,0.515137979904759,0.458440149020521,0.5487101268991128
drift,omd_paper_v2_literal,1,930,7,1,0.0,44.641203086430316,0.14951258688653596,0.23830448841840013,0.0,0.0,0.4957583375616209,0.519383321222478,0.5578282477525033,0.5111608441639901,0.5367527416576529,0.5415885696300794,0.552847850373203,0.5130733285709422,0.460095717673108,0.5489068811990673
drift,omd_paper_v2_literal,1,931,7,0,0.0,44.641203086430316,0.14921941491567314,0.23660822003531012,0.0,0.0,0.49638588910489345,0.5198584451139681,0.5583983565094526,0.5125453493015053,0.5384350919259411,0.5424251216123727,0.5523404502571649,0.5150223172523946,0.4585328811976973,0.5487211508020512
drift,omd_paper_v2_literal,1,932,7,1,0.0,44.641203086430316,0.15011456270722023,0.2382030025955901,0.0,0.0,0.49572301198383784,0.5193565746303942,0.5577961508033367,0.5110829026965678,0.5366580140231131,0.5415414716630261,0.5528764095369026,0.5129636042677612,0.4601837160539554,0.5489173358781955
drift,omd_paper_v2_literal,1,933,7,1,0.0,44.641203086430316,0.14982127156924407,0.24002952011250367,0.0,0.0,0.4963490337010943,0.5198305428538134,0.5583648791996699,0.5124640447054106,0.5383363140773931,0.5423759988559785,0.5523702520546382,0.5149078684024317,0.45862464177001244,0.5487320588184403
drift,omd_paper_v2_literal,1,934,7,0,0.0,44.641203086430316,0.14953641804637072,0.2380941441531862,0.0,0.0,0.49697173970621833,0.5203019567061946,0.5589304331664215,0.5138376577123621,0.5400048330592606,0.5432058550105426,0.5518666769225871,0.516841352061848,0.45707465658759566,0.5485477530324202
drift,omd_paper_v2_literal,1,935,7,1,0.0,44.641203086430316,0.15042545916632322,0.2399008557460197,0.0,0.0,0.49630915758399485,0.5198003535176337,0.5583286574111155,0.5123760754453238,0.5382294367674223,0.5423228489516932,0.5524024960557361,0.5147840372873296,0.4587239264212879,0.5487438608294778
drift,omd_paper_v2_literal,1,936,7,1,0.0,44.641203086430316,0.15014038993245735,0.24192956019550885,0.0,0.0,0.4969303711335655,0.5202706403573171,0.5588928664155899,0.5137464106616344,0.5398940156373688,0.5431507325187572,0.5519001342654639,0.5167129198385451,0.457177601398973,0.5485599974417512
drift,omd_paper_v2_literal,1,937,7,1,0.0,44.641203086430316,0.1498636135767871,0.24417094930205438,0.0,0.0,0.49754830645788967,0.5207384026751994,0.5594539386314406,0.515109288734286,0.5415489027128558,0.5439739982897476,0.5514003260011227,0.5186311003825108,0.45564027812239205,0.5483770939550958
drift,omd_paper_v2_literal,1,938,7,1,0.0,44.641203086430316,0.14959504833357226,0.24661554123655108,0.0,0.0,0.49816298417253446,0.5212036573616966,0.5600118956246137,0.5164647427676322,0.5431941368901958,0.5447926757804914,0.5509030556002543,0.5205386010787018,0.454111915905593,0.5481951439257956
drift,omd_paper_v2_literal,1,939,7,1,0.0,44.641203086430316,0.14933461167672812,0.2492537667604312,0.0,0.0,0.49877442485301327,0.5216664212482907,0.5605667588797217,0.5178128062423919,0.5448297577985247,0.5456067944616187,0.5504083074280929,0.5224354454877983,0.45259247353635373,0.5480141409355783
drift,omd_paper_v2_literal,1,940,7,0,0.0,44.641203086430316,0.14908222037007152,0.24637183394143275,0.0,0.0,0.49938264903132,0.5221267111054672,0.5611185497974908,0.5191535129966374,0.5464558057679013,0.5464163837529389,0.5499160658801915,0.524321658526307,0.4510819093024218,0.5478340785922828
drift,omd_paper_v2_literal,1,941,7,1,0.0,44.641203086430316,0.14994861543389576,0.2489843615479452,0.0,0.0,0.4987157522827404,0.5216220171352007,0.5605135220752646,0.5176834602368287,0.5446728489148919,0.5455286840901413,0.5504557866185227,0.522253456039128,0.452738237723495,0.54803151010043
drift,omd_paper_v2_literal,1,942,7,1,0.0,44.641203086430316,0.14969560503765225,0.25178087124696097,0.0,0.0,0.49932260995005956,0.5220812766730244,0.5610640881612584,0.5190211812254937,0.5462953389770397,0.546336478496195,0.5499646603475769,0.5241354968173421,0.4512309803454579,0.5478518534480117
drift,omd_paper_v2_literal,1,943,7,1,0.0,44.641203086430316,0.14945049913240305,0.25475191689591936,0.0,0.0,0.49992628720199034,0.5225380907916063,0.5616116179470002,0.5203516166519714,0.5479083455732184,0.5471397947917654,0.5494760129303226,0.5260069882661333,0.44973251438713463,0.5476731265528556
drift,omd_paper_v2_literal,1,944,7,1,0.0,44.641203086430316,0.14921321425346146,0.25788816940087506,0.0,0.0,0.5005268043099048,0.5229924760026533,0.5621561324918234,0.521674800697754,0.5495119099363017,0.5479386620432484,0.5489898289551878,0.5278679575293487,0.4482427976081893,0.5474953231265185
drift,omd_paper_v2_literal,1,945,7,1,0.0,44.641203086430316,0.14898366638322827,0.26118047014673773,0.0,0.0,0.5011241814928659,0.5234444487520895,0.5626976527653692,0.522990767845814,0.5511060739049732,0.5487331092517321,0.548506093047623,0.5297184329661591,0.44676178734542665,0.5473184369081413
drift,omd_paper_v2_literal,1,946,7,1,0.0,44.641203086430316,0.14876177099840537,0.2646198759194043,0.0,0.0,0.5017184389146574,0.5238940254183272,0.5632361996454651,0.524299552863587,0.5526908798950101,0.5495231653481749,0.5480247898723598,0.5315584441093831,0.445289440536264,0.5471424616650045
drift,omd_paper_v2_literal,1,947,7,1,0.0,44.641203086430316,0.14854744311661078,0.26819769567706986,0.0,0.0,0.5023095966809239,0.5243412223106133,0.563771793916098,0.525601190786382,0.5542663708712527,0.5503088591887576,0.5475459041355906,0.5333880216245999,0.4438257137416071,0.5469673911930572
drift,omd_paper_v2_literal,1,948,7,1,0.0,44.641203086430316,0.1483405973423643,0.2719055196957786,0.0,0.0,0.5028976748364157,0.5247860556674476,0.5643044562654805,0.5268957169012177,0.5558325903202537,0.5510902195504086,0.5470694205870673,0.5352071972700504,0.4423705631681366,0.5467932193174224
drift,omd_paper_v2_literal,1,949,7,1,0.0,44.641203086430316,0.14814114791241156,0.275735241728462,0.0,0.0,0.5034826933623391,0.5252285416550715,0.5648342072842083,0.5281831667310735,0.557389582223595,0.5518672751264955,0.5465953240221244,0.5370160038573267,0.44092394469001317,0.546619939892878
drift,omd_paper_v2_literal,1,950,7,0,0.0,44.641203086430316,0.14794900874035835,0.2712971340597561,0.0,0.0,0.5040646721738087,0.5256686963660265,0.5653610674635058,0.5294635760195543,0.558937391031869,0.552640054522683,0.5461235992836256,0.5388144752128463,0.4394858138700106,0.5464475468043137
drift,omd_paper_v2_literal,1,951,7,1,0.0,44.641203086430316,0.14876901045983384,0.2750968386371112,0.0,0.0,0.5033882463985121,0.5251571077343558,0.5647486922967817,0.5279753409648601,0.5571382911677526,0.551741841424413,0.5466718696796402,0.5367240480677706,0.4411574249359574,0.5466479155336426
drift,omd_paper_v2_literal,1,952,7,1,0.0,44.641203086430316,0.14857552112102793,0.2790112683966287,0.0,0.0,0.5039690893976801,0.5255964086125183,0.5652745466916865,0.5292533093204487,0.5586832585829316,0.5525131515280733,0.5462010804860905,0.5385191645509625,0.4397219416545212,0.5464758612005255
drift,omd_paper_v2_literal,1,953,7,1,0.0,44.641203086430316,0.14838921042153483,0.2830329738144571,0.0,0.0,0.5045469261671665,0.5260334045579007,0.5657975433535609,0.5305243063439211,0.5602191315050029,0.5532802330508353,0.5457326373059711,0.5403040324260716,0.43829486144471186,0.5463046831917922
drift,omd_paper_v2_literal,1,954,7,1,0.0,44.641203086430316,0.14820999286087955,0.2871548362324727,0.0,0.0,0.505121776328827,0.5264681113907155,0.5663177024170295,0.5317883678425114,0.561745954800273,0.5540431141891,0.5452665252003264,0.5420786869850304,0.43687613972783634,0.5461343754994229
drift,omd_paper_v2_literal,1,955,7,1,0.0,44.641203086430316,0.14803778274521417,0.29137006988948566,0.0,0.0,0.5056936594325561,0.526900544854616,0.5668350439139989,0.533045529800821,0.5632637737294319,0.5548018230417914,0.5448027292822587,0.5438431644195607,0.43546573167347763,0.5459649321463345
drift,omd_paper_v2_literal,1,956,7,1,0.0,44.641203086430316,0.14787249422810442,0.29567222045963615,0.0,0.0,0.5062625949541378,0.5273307206155196,0.5673495877722414,0.5342958283671924,0.5647726339243165,0.5555563876068559,0.5443412347185775,0.5455975017861149,0.43406359221825097,0.5457963471867466
drift,omd_paper_v2_literal,1,957,7,0,0.0,44.641203086430316,0.14771404135051805,0.2905098133834597,0.0,0.0,0.5068286022931878,0.5277586542604914,0.5678613538140579,0.5355392998404563,0.5662725813652829,0.5563068357779084,0.5438820267313813,0.5473417369715692,0.43266967608403967,0.5456286147065301
drift,omd_paper_v2_literal,1,958,7,0,0.0,44.641203086430316,0.14850474649245315,0.28553055574199654,0.0,0.0,0.5061476963234223,0.5272438473283703,0.5672456842698544,0.5340433573965272,0.5644680064355841,0.5554040193654508,0.5444344424350768,0.5452432927789344,0.4343466782789197,0.5458303947629042
drift,omd_paper_v2_literal,1,959,7,1,0.0,44.641203086430316,0.1493024631891539,0.2896863230679097,0.0,0.0,0.5054702463296428,0.5267316129419648,0.5666329539024777,0.5325544495049317,0.5626709541907988,0.5545054521428587,0.544983927476257,0.5431539730878607,0.4360166059360553,0.5460311290273583
drift,omd_paper_v2_literal,1,960,7,1,0.0,44.641203086430316,0.14913386826510214,0.2939305277971018,0.0,0.0,0.5060371406173972,0.5271602565734508,0.5671457030700259,0.5338004141738982,0.5641748488918219,0.5552574012979963,0.544524123661675,0.5449024307793415,0.4346191032149645,0.5458631548265356
drift,omd_paper_v2_literal,1,961,7,0,0.0,44.641203086430316,0.14897203115795105,0.28885200349569956,0.0,0.0,0.5066011319001357,0.5275866770823784,0.5676556977530097,0.5350396139185211,0.5656699125355268,0.5560052692091987,0.544066586617829,0.5466408844216631,0.4332297495455425,0.5456960258786021
drift,omd_paper_v2_literal,1,962,7,1,0.0,44.641203086430316,0.14976474720013666,0.29306715199856836,0.0,0.0,0.5059245509048774,0.5270751268075867,0.5670438773421119,0.5335529861311128,0.563876253325195,0.5551080766645843,0.5446154513856805,0.5445552562160171,0.43489657933092335,0.5458965170226755
drift,omd_paper_v2_literal,1,963,7,0,0.0,44.641203086430316,0.14960125197460564,0.28803049803231323,0.0,0.0,0.5064875415411055,0.5275007963208987,0.5675529928656537,0.5347900649866669,0.5653688917666698,0.5558546638427823,0.5441587436840114,0.5462908381689722,0.43350949109755743,0.5457296876099246
drift,omd_paper_v2_literal,1,964,7,0,0.0,44.641203086430316,0.1503949108680756,0.28317720729282925,0.0,0.0,0.505813105940364,0.5269908614896706,0.5669430818781912,0.5333080588382847,0.5635806496569111,0.5549602612631812,0.5447058471062581,0.5442115706968063,0.4351712729472039,0.5459295394297891
drift,omd_paper_v2_literal,1,965,7,1,0.0,44.641203086430316,0.15119520354045596,0.28724444122295045,0.0,0.0,0.5051420699334886,0.5264834570470481,0.5663360628461609,0.5318329854441624,0.5617998348097133,0.5540700414293158,0.5452500686646728,0.5421413180905137,0.43682607355238506,0.546128362956685
drift,omd_paper_v2_literal,1,966,7,1,0.0,44.641203086430316,0.1510218920749951,0.29140232737593946,0.0,0.0,0.5057059137216502,0.5269098107021123,0.5668461280400682,0.5330724640309422,0.563296285054094,0.5548180780528766,0.5447927900997674,0.5438809621804087,0.4354355204576213,0.5459613011573031
drift,omd_paper_v2_literal,1,967,7,0,0.0,44.641203086430316,0.15085522323966688,0.28644767184245196,0.0,0.0,0.5062668917716328,0.5273339693581809,0.567353473306061,0.534305269609702,0.5647840250416477,0.5555620854746351,0.5443377489967615,0.5456107471431288,0.4340530065654701,0.5457950739112591
drift,omd_paper_v2_literal,1,968,7,1,0.0,44.641203086430316,0.15165058293868136,0.29057684810850504,0.0,0.0,0.5055966920603887,0.5268272243500393,0.5667473338231664,0.5328323947820873,0.5630064952733544,0.5546731944099049,0.5448813759162878,0.5435440562268168,0.43570480729828115,0.545993663676759
drift,omd_paper_v2_literal,1,969,7,1,0.0,44.641203086430316,0.15148235860223255,0.2947912107373208,0.0,0.0,0.5061566712829206,0.5272506332144759,0.567253800569918,0.534063078981772,0.5644918031848569,0.555415921494691,0.5444271619269131,0.5452709623264267,0.43432456437971617,0.5458277352617334
drift,omd_paper_v2_literal,1,970,7,0,0.0,44.641203086430316,0.15132065922245688,0.2897408033017953,0.0,0.0,0.5067138155024519,0.5276718711802046,0.5677575776418649,0.5352871549257647,0.565968484279104,0.5561546630642672,0.5439751616851505,0.5469880928741434,0.4329522814708767,0.5456626322461946
drift,omd_paper_v2_literal,1,971,7,1,0.0,44.641203086430316,0.15211117975972593,0.29392680216342093,0.0,0.0,0.5060444721518601,0.5271657999524607,0.5671523335057196,0.5338165254830419,0.5641942910638137,0.5552671245923924,0.5445181765287677,0.544925036393542,0.43460103609520523,0.5458609823509336
drift,omd_paper_v2_literal,1,972,7,0,0.0,44.641203086430316,0.15194788398857875,0.28891742398098774,0.0,0.0,0.5066006429375222,0.527586307401275,0.5676552556592901,0.5350385397410885,0.5656686168571983,0.5560046209313874,0.5440669833260462,0.5466393777018835,0.4332309536373595,0.545696170780677
drift,omd_paper_v2_literal,1,973,7,0,0.0,44.641203086430316,0.1527392497567108,0.2840862294119644,0.0,0.0,0.5059334006913309,0.5270818182254157,0.5670518812422752,0.53357243504305,0.5638997251822132,0.5551198142241714,0.5446082729622693,0.544582546366627,0.43487476770338335,0.5458938947058224
drift,omd_paper_v2_literal,1,974,7,1,0.0,44.641203086430316,0.1535369068922099,0.2881289642805808,0.0,0.0,0.5052694829663372,0.5265798036254838,0.5664513346610076,0.5321131054536843,0.5621380871656593,0.554239096883976,0.5451467440275286,0.5425345170553121,0.4365117624604009,0.5460906128920934
drift,omd_paper_v2_literal,1,975,7,0,0.0,44.641203086430316,0.1533641378946302,0.28333776802451216,0.0,0.0,0.505826494877788,0.5270009851372518,0.5669551916555899,0.5333374850534398,0.563616165631376,0.5549780201988201,0.5446949871940794,0.5442528630254538,0.43513826937410605,0.5459255721662217
drift,omd_paper_v2_literal,1,976,4,0,0.11284021405930211,44.75404330048962,0.1541624476045641,0.27657368257133613,0.0,0.0,0.5051646357315002,0.5265005208511387,0.5663564788229211,0.5318825981453534,0.5618597458886146,0.5540999832581536,0.5452317694246631,0.5422109602465567,0.43677040313107074,0.5461216771920079
drift,omd_paper_v2_literal,1,977,7,0,0.0,44.75404330048962,0.15453641136820964,0.2720920861982914,0.0,0.0,0.50505222269911,0.5261863398461565,0.565141164620138,0.5302841149541275,0.5598712847259754,0.5530659764224585,0.5449468491092058,0.5403831860024023,0.438732312171964,0.5454154280476956
drift,omd_paper_v2_literal,1,978,4,1,0.11320734674645982,44.86725064723608,0.15534892013902651,0.2773134379587596,0.0,0.0,0.5043959873498177,0.5256902961649678,0.5645481376112899,0.5288419400541403,0.5581283778896402,0.5521956250493713,0.5454793952714081,0.538357631407419,0.4403517175039284,0.5456106644784887
drift,omd_paper_v2_literal,1,979,4,1,0.11339046532590402,44.98064111256198,0.15553065529982413,0.28255627392451105,0.0,0.0,0.5044837085655534,0.5259366766735892,0.5655026263557562,0.5300967845556769,0.5596902823308997,0.5530074223876574,0.5457036366371691,0.5397926090513522,0.438810640851755,0.5461655829729648
drift,omd_paper_v2_literal,1,980,4,0,0.11357328505963804,45.09421439762162,0.1557182333124071,0.27588916523648277,0.0,0.0,0.5045710168326075,0.5261818855730913,0.5664521427482935,0.531345348092059,0.5612436664487902,0.5538151201741668,0.5459268046766541,0.541220181296293,0.43727798499757914,0.5467177770438983
drift,omd_paper_v2_literal,1,981,4,0,0.11375580569768928,45.207970203319306,0.1560963800938818,0.2693284650538247,0.0,0.0,0.504459859100139,0.525869692411771,0.5652431693739711,0.5297556565924822,0.5592657500765411,0.5527867401189067,0.5456426721134582,0.5394025340914371,0.43922951058617193,0.5460147239862508
drift,omd_paper_v2_literal,1,982,7,1,0.0,45.207970203319306,0.15648598282098652,0.27308575150346526,0.0,0.0,0.5043492230741234,0.5255589456393555,0.5640391037881088,0.5281728326569315,0.5572952547010912,0.551762742030875,0.5453598446936171,0.5375923837223585,0.4411737371828086,0.5453147911292613
drift,omd_paper_v2_literal,1,983,7,1,0.0,45.207970203319306,0.15628903594920837,0.2769467033548227,0.0,0.0,0.5049096790285291,0.5259817953224349,0.5645417924542446,0.5293999700153572,0.5587784875695424,0.5525030951554671,0.5449036870402056,0.5393175668639109,0.43979600636280125,0.5451454247711085
drift,omd_paper_v2_literal,1,984,7,1,0.0,45.207970203319306,0.15609850806831435,0.28090463639062807,0.0,0.0,0.505467339512114,0.5264025081483131,0.5650418531031332,0.5306206607660051,0.560253314288178,0.5532395407006273,0.5444497198581448,0.541033248343359,0.43842603746268094,0.5449768891188279
drift,omd_paper_v2_literal,1,985,7,0,0.0,45.207970203319306,0.15591432704132338,0.2762423055590072,0.0,0.0,0.5060222221349718,0.5268210982646189,0.5655393035816271,0.5318349369296015,0.5617197749792383,0.5539721038031328,0.5439979296896131,0.5427394600851224,0.4370637906907356,0.5448091786812742
drift,omd_paper_v2_literal,1,986,7,1,0.0,45.207970203319306,0.15672142067848832,0.2801724356053308,0.0,0.0,0.5053668687740711,0.5263267125687446,0.5649517687014477,0.5304007598929878,0.5599876777962153,0.5531068750890035,0.544531514985683,0.5407242107647348,0.4386727911843326,0.5450072543489191
drift,omd_paper_v2_literal,1,987,7,1,0.0,45.207970203319306,0.15653596979756063,0.2841938159968921,0.0,0.0,0.505920754579622,0.526744555572986,0.5654483471205176,0.5316129160324988,0.5614516903814035,0.553838161053543,0.5440805517411351,0.5424275273453066,0.4373128276820594,0.5448398478148183
drift,omd_paper_v2_literal,1,988,7,0,0.0,45.207970203319306,0.1563567578283082,0.2794298401789612,0.0,0.0,0.5064718917744891,0.5271602987668316,0.565942343888031,0.5328187183235608,0.5629074149261961,0.5545656058846912,0.5436317428629598,0.5441214517907031,0.4359605121537528,0.5446732576015831
drift,omd_paper_v2_literal,1,989,4,1,0.11520517395205487,45.32317537727136,0.15715918593622616,0.2847136572937181,0.0,0.0,0.5058173124363736,0.5266665224231408,0.5653556165336219,0.5313865627588763,0.5611783531748393,0.5537016043543344,0.5441647787354783,0.542109491602719,0.4375667423037166,0.5448711132766813
drift,omd_paper_v2_literal,1,990,4,0,0.11538499177570938,45.438560369047075,0.1573484053884247,0.2779530630196505,0.0,0.0,0.5059000291885484,0.5269070036528563,0.566295123131528,0.5326174373747301,0.5627094163751116,0.5544982582112896,0.5443897868999522,0.5435139173321248,0.43605533874387586,0.5454209877124554
drift,omd_paper_v2_literal,1,991,7,1,0.0,45.438560369047075,0.15772090727849464,0.2819216858525197,0.0,0.0,0.5057940827371957,0.5265989849881901,0.5650916867642213,0.5310408224815489,0.5607481683569587,0.5534778273996461,0.5441015856403071,0.5417149603326232,0.43799140496113254,0.5447166703298723
drift,omd_paper_v2_literal,1,992,7,0,0.0,45.438560369047075,0.15753749312213072,0.2772337807695451,0.0,0.0,0.5063445428257515,0.5270138338701535,0.5655832524676581,0.5322429898931977,0.562199705894546,0.5542029675424008,0.5436526873026312,0.5434046663127768,0.43664318402553304,0.5445490061773282
drift,omd_paper_v2_literal,1,993,4,0,0.1159226353454339,45.55448300439251,0.158342608360966,0.27059912278353054,0.0,0.0,0.5056926409575654,0.5265225315397325,0.5650010857678689,0.5308192442291529,0.5604805610636704,0.553344171771407,0.5441843019893668,0.5414034710517277,0.4382399591711678,0.5447475668080127
drift,omd_paper_v2_literal,1,994,1,0,0.07957201636325906,45.63405502075577,0.15872748484616592,0.2679398735915351,0.0,0.0,0.5055886704148365,0.5262171447986046,0.5638042681560942,0.5292531293445455,0.5585309954903048,0.5523303460499692,0.5438963835901144,0.5396168613497815,0.4401647168339501,0.5440462446463165
drift,omd_paper_v2_literal,1,995,3,1,0.16238558529469838,45.79644060605047,0.1594596218681192,0.27097662723957106,0.0,0.0,0.5037177305857924,0.524201288736068,0.5629259184907158,0.5302359799281493,0.5582478291226954,0.5506148676467401,0.5434929438510638,0.539143647165504,0.4402992080446724,0.5446102636062631
drift,omd_paper_v2_literal,1,996,3,1,0.16265117534995233,45.95909178140042,0.15974578954060256,0.2741485366634758,0.0,0.0,0.5029040316802602,0.523323827841637,0.5631251056631005,0.5320086361380756,0.5595451959203981,0.5503491602051084,0.5431705729350098,0.5403688072063955,0.43897118501126897,0.5451579350561112
drift,omd_paper_v2_literal,1,997,3,1,0.16291642930580819,46.12200821070623,0.16003742985445943,0.27744833874478936,0.0,0.0,0.5020944047721114,0.5224506315745527,0.5633232720976931,0.533771586717035,0.5608352392694862,0.5500847589163538,0.5428497854193666,0.5415873291271598,0.4376506996506847,0.5457027471059667
drift,omd_paper_v2_literal,1,998,3,1,0.1631813468855028,46.28518955759173,0.1603344170779901,0.2808689673569799,0.0,0.0,0.5012888267553505,0.5215816776491681,0.5635204247810958,0.5355248604065607,0.5621179984242713,0.5498216553581111,0.5425305711890428,0.5427992474121704,0.4363377119679851,0.5462447186535493
drift,omd_paper_v2_literal,1,999,3,0,0.16344592781410272,46.44863548540583,0.16063662697049755,0.2769293500242355,0.0,0.0,0.5004872745348038,0.5207169437460651,0.5637165706632372,0.5372684868540303,0.5633935127921594,0.5495598411434565,0.5422129201691998,0.5440045966837288,0.4350321817916372,0.5467838685187194
drift,omd_paper_v2_literal,1,1000,3,1,0.16371017181850367,46.61234565722433,0.16086555230684932,0.28032239273372506,0.0,0.0,0.5014132902418243,0.5217159409249827,0.5634899657219538,0.5352540333828814,0.561919864112216,0.5498623070544031,0.5425798925273836,0.5426120370410251,0.4365405126190252,0.5461609904078185
