step,select_seconds,update_seconds,logging_seconds,update_linear_solve_seconds,update_other_seconds,projection_inclusive_seconds,array_payload_bytes,projection_active
1,8.499300000153198e-05,0.0003066529999955492,0.00016635800000130985,0.0,0.0003066529999955492,0.0,96,False
2,7.254799999145689e-05,0.00036551700000586607,1.0730000013836616e-05,0.0,0.00036551700000586607,0.0,96,False
3,7.768800000462761e-05,9.414999999535212e-05,1.9133999984433103e-05,0.0,9.414999999535212e-05,0.0,96,False
4,3.709299997467497e-05,7.475999998973748e-05,5.215000015823534e-06,0.0,7.475999998973748e-05,0.0,96,False
5,3.314799999998286e-05,7.040200000574259e-05,5.0709999754872115e-06,0.0,7.040200000574259e-05,0.0,96,False
6,0.00028381900000340465,0.00010628300000803392,6.731000013360244e-06,0.0,0.00010628300000803392,0.0,96,False
7,5.6484999987560514e-05,7.81069999788997e-05,5.571999992071142e-06,0.0,7.81069999788997e-05,0.0,96,False
8,3.245000002038978e-05,6.82929999982207e-05,5.08399998011555e-06,0.0,6.82929999982207e-05,0.0,96,False
9,2.973599998767895e-05,6.597000000851949e-05,4.62700000980476e-06,0.0,6.597000000851949e-05,0.0,96,False
10,2.8663000023243512e-05,6.522299997868686e-05,4.899000003888432e-06,0.0,6.522299997868686e-05,0.0,96,False
11,2.8338000021221887e-05,9.643100000289451e-05,6.66799999748946e-06,0.0,9.643100000289451e-05,0.0,96,False
12,3.421400001002439e-05,6.842400000550697e-05,5.347000012534409e-06,0.0,6.842400000550697e-05,0.0,96,False
13,2.9198999982327223e-05,6.571899999130437e-05,4.873999984056354e-06,0.0,6.571899999130437e-05,0.0,96,False
14,2.8286000002708533e-05,7.645600001637831e-05,5.407000003287976e-06,0.0,7.645600001637831e-05,0.0,96,False
15,2.875500001664477e-05,6.52020000018183e-05,4.813999993302787e-06,0.0,6.52020000018183e-05,0.0,96,False
16,2.8103000005330614e-05,6.359000002476023e-05,4.671999988659081e-06,0.0,6.359000002476023e-05,0.0,96,False
17,2.7722999988100128e-05,6.176899998422414e-05,4.466999996566301e-06,0.0,6.176899998422414e-05,0.0,96,False
18,2.664999999524298e-05,6.134599999541024e-05,4.549999999881038e-06,0.0,6.134599999541024e-05,0.0,96,False
19,2.6313999995863924e-05,6.10499999993408e-05,4.225999987284013e-06,0.0,6.10499999993408e-05,0.0,96,False
20,4.384700000059638e-05,6.548800001837662e-05,4.700999994611266e-06,0.0,6.548800001837662e-05,0.0,96,False
21,2.649099999985083e-05,6.0893000011219556e-05,4.22899998397952e-06,0.0,6.0893000011219556e-05,0.0,96,False
22,2.5504000007003924e-05,7.311999999615182e-05,4.875000001902663e-06,0.0,7.311999999615182e-05,0.0,96,False
23,3.276199998936136e-05,6.303600000023835e-05,4.141000005120077e-06,0.0,6.303600000023835e-05,0.0,96,False
24,2.5285999981861096e-05,5.9570000018993596e-05,4.5769999985623144e-06,0.0,5.9570000018993596e-05,0.0,96,False
25,2.4591999988388125e-05,5.8467999991762554e-05,4.113000017014201e-06,0.0,5.8467999991762554e-05,0.0,96,False
26,2.5002999990419994e-05,5.817500002081033e-05,4.117000003134308e-06,0.0,5.817500002081033e-05,0.0,96,False
27,2.4330999991661884e-05,5.8316999997032326e-05,4.153999981326706e-06,0.0,5.8316999997032326e-05,0.0,96,False
28,2.4856999999656182e-05,5.727199999228105e-05,4.179999990583383e-06,0.0,5.727199999228105e-05,0.0,96,False
29,2.403700000286335e-05,5.820900000230722e-05,4.094000018994848e-06,0.0,5.820900000230722e-05,0.0,96,False
30,2.3886000008133124e-05,5.787099999565726e-05,4.001999997171879e-06,0.0,5.787099999565726e-05,0.0,96,False
31,2.4201000002221917e-05,5.615000000602777e-05,3.9889999925435404e-06,0.0,5.615000000602777e-05,0.0,96,False
32,2.407399998105575e-05,6.736900002124457e-05,4.5429999886437145e-06,0.0,6.736900002124457e-05,0.0,96,False
33,2.5717999989183227e-05,5.953499999122869e-05,4.093000001148539e-06,0.0,5.953499999122869e-05,0.0,96,False
34,2.4897000002965797e-05,5.893699997727708e-05,4.031000003124063e-06,0.0,5.893699997727708e-05,0.0,96,False
35,2.5808999993159887e-05,5.95350000196504e-05,4.0090000084092026e-06,0.0,5.95350000196504e-05,0.0,96,False
36,2.4531999997634557e-05,5.668200000741308e-05,4.125000003796231e-06,0.0,5.668200000741308e-05,0.0,96,False
37,2.4396000014803576e-05,5.687300000545292e-05,4.101000001810462e-06,0.0,5.687300000545292e-05,0.0,96,False
38,2.4807000016835445e-05,5.6072000006679446e-05,4.052999997838924e-06,0.0,5.6072000006679446e-05,0.0,96,False
39,2.4112999994940765e-05,5.783299999961855e-05,4.095000008419447e-06,0.0,5.783299999961855e-05,0.0,96,False
40,2.427900000157024e-05,5.623900000273352e-05,4.060999998500847e-06,0.0,5.623900000273352e-05,0.0,96,False
41,2.3721000019349958e-05,7.949299998699644e-05,4.493000005822978e-06,0.0,7.949299998699644e-05,0.0,96,False
42,2.7246999991348275e-05,6.082199999468685e-05,3.9780000236078195e-06,0.0,6.082199999468685e-05,0.0,96,False
43,2.4833999987095012e-05,5.852000001027591e-05,4.042000000481494e-06,0.0,5.852000001027591e-05,0.0,96,False
44,2.435600001149396e-05,5.736599999295322e-05,3.9569999898958486e-06,0.0,5.736599999295322e-05,0.0,96,False
45,2.3824999999533247e-05,5.6096999998089814e-05,3.6890000103539933e-06,0.0,5.6096999998089814e-05,0.0,96,False
46,2.367499999422762e-05,5.629899999348709e-05,4.101000001810462e-06,0.0,5.629899999348709e-05,0.0,96,False
47,2.3459999994202008e-05,5.719800000747455e-05,4.0959999978440464e-06,0.0,5.719800000747455e-05,0.0,96,False
48,2.384600000482351e-05,8.967299999085299e-05,5.898000011939075e-06,0.0,8.967299999085299e-05,0.0,96,False
49,3.1807999988586744e-05,6.219099998361344e-05,4.185999983974398e-06,0.0,6.219099998361344e-05,0.0,96,False
50,2.64090000143824e-05,9.289799999123716e-05,5.853999994087644e-06,0.0,9.289799999123716e-05,0.0,96,False
51,3.297599999996237e-05,6.553300002565265e-05,4.553999986001145e-06,0.0,6.553300002565265e-05,0.0,96,False
52,2.617100000179562e-05,5.7816999998294705e-05,4.1060000057768775e-06,0.0,5.7816999998294705e-05,0.0,96,False
53,2.4497999987715957e-05,5.743799999891053e-05,4.347000015059166e-06,0.0,5.743799999891053e-05,0.0,96,False
54,2.4319999994304453e-05,5.773099999828446e-05,3.93199999848548e-06,0.0,5.773099999828446e-05,0.0,96,False
55,2.4139000004197442e-05,5.679400001668e-05,3.7269999779709906e-06,0.0,5.679400001668e-05,0.0,96,False
56,2.375200000415134e-05,5.6356999976969746e-05,3.856999995832666e-06,0.0,5.6356999976969746e-05,0.0,96,False
57,2.397199997972166e-05,5.698000001075343e-05,3.6459999819271616e-06,0.0,5.698000001075343e-05,0.0,96,False
58,2.3598000012725606e-05,5.594099999939317e-05,3.523000003724519e-06,0.0,5.594099999939317e-05,0.0,96,False
59,2.3724999977048356e-05,5.5137000003924186e-05,3.4599999878537346e-06,0.0,5.5137000003924186e-05,0.0,96,False
60,2.3852999987639123e-05,5.5652000014561054e-05,3.5340000010819494e-06,0.0,5.5652000014561054e-05,0.0,96,False
61,2.285499999743479e-05,5.430300001307842e-05,3.500999980587949e-06,0.0,5.430300001307842e-05,0.0,96,False
62,2.253400000995498e-05,5.3976000003785884e-05,4.224999997859413e-06,0.0,5.3976000003785884e-05,0.0,96,False
63,3.852499997947234e-05,6.0732999997981096e-05,4.078000017671002e-06,0.0,6.0732999997981096e-05,0.0,96,False
64,2.3978000001534383e-05,5.5957000000717017e-05,0.00033318799998482973,0.0,5.5957000000717017e-05,0.0,96,False
65,0.0001505529999974442,8.891900000662645e-05,7.4939999876733054e-06,0.0,8.891900000662645e-05,0.0,96,False
66,3.37950000073306e-05,9.155399999372094e-05,5.216999994672733e-06,0.0,9.155399999372094e-05,0.0,96,False
67,3.1019999994441605e-05,6.698900000401409e-05,4.388999997217979e-06,0.0,6.698900000401409e-05,0.0,96,False
68,2.786800001786105e-05,6.414899999640511e-05,4.173999997192368e-06,0.0,6.414899999640511e-05,0.0,96,False
69,6.518699998991906e-05,7.853500000010172e-05,5.740000005971524e-06,0.0,7.853500000010172e-05,0.0,96,False
70,2.7598999992051176e-05,5.863000001227192e-05,3.985000006423434e-06,0.0,5.863000001227192e-05,0.0,96,False
71,2.493899998512461e-05,0.00016062399998872934,4.262000004473521e-06,0.0,0.00016062399998872934,0.0,96,False
72,2.7634000019816085e-05,8.193499999720188e-05,5.563999991409219e-06,0.0,8.193499999720188e-05,0.0,96,False
73,3.424799999152128e-05,6.527900001174203e-05,4.206999989264659e-06,0.0,6.527900001174203e-05,0.0,96,False
74,2.5843000003078487e-05,5.662899999947513e-05,4.08289999995759e-05,0.0,5.662899999947513e-05,0.0,96,False
75,4.776800000172443e-05,8.997300000146424e-05,5.456999986108713e-06,0.0,8.997300000146424e-05,0.0,96,False
76,2.9823000005535505e-05,6.075100000657585e-05,4.1149999958634e-06,0.0,6.075100000657585e-05,0.0,96,False
77,2.5433999979895816e-05,5.6973999988940704e-05,3.937999991876495e-06,0.0,5.6973999988940704e-05,0.0,96,False
78,2.43019999857097e-05,8.634299999243922e-05,4.985999993323276e-06,0.0,8.634299999243922e-05,0.0,96,False
79,2.870199998028511e-05,6.0060999999222986e-05,3.8630000176453905e-06,0.0,6.0060999999222986e-05,0.0,96,False
80,2.5114999999686916e-05,5.756799998835049e-05,3.7580000196157926e-06,0.0,5.756799998835049e-05,0.0,96,False
81,2.4762999998984014e-05,5.705600000283084e-05,3.6810000096920703e-06,0.0,5.705600000283084e-05,0.0,96,False
82,2.4170000017420534e-05,5.604500000799817e-05,3.587999998444502e-06,0.0,5.604500000799817e-05,0.0,96,False
83,2.4054999983036396e-05,5.4501999983358473e-05,3.3940000037091522e-06,0.0,5.4501999983358473e-05,0.0,96,False
84,2.3596999994879297e-05,8.006199999499586e-05,5.177000019784828e-06,0.0,8.006199999499586e-05,0.0,96,False
85,3.405399999678593e-05,6.363100001749444e-05,4.00100000774728e-06,0.0,6.363100001749444e-05,0.0,96,False
86,2.4805999998989137e-05,5.75349999962782e-05,3.819999989218559e-06,0.0,5.75349999962782e-05,0.0,96,False
87,2.425400001015987e-05,5.4718000001230394e-05,3.547000005710288e-06,0.0,5.4718000001230394e-05,0.0,96,False
88,2.3692000013397774e-05,5.337599998256337e-05,3.431999999747859e-06,0.0,5.337599998256337e-05,0.0,96,False
89,2.292100001000108e-05,5.3600999990521814e-05,3.448000001071705e-06,0.0,5.3600999990521814e-05,0.0,96,False
90,2.3202999983595873e-05,5.345700000702891e-05,3.5829999944780866e-06,0.0,5.345700000702891e-05,0.0,96,False
91,2.2541999982195193e-05,5.452999999988606e-05,3.5930000024109177e-06,0.0,5.452999999988606e-05,0.0,96,False
92,2.2759999978916312e-05,5.4694999988669224e-05,3.3379999990756914e-06,0.0,5.4694999988669224e-05,0.0,96,False
93,2.272699998684402e-05,5.1753999997572464e-05,3.40799999776209e-06,0.0,5.1753999997572464e-05,0.0,96,False
94,2.21579999788446e-05,7.396399999493042e-05,3.7709999958224216e-06,0.0,7.396399999493042e-05,0.0,96,False
95,2.5790999984565133e-05,5.4718000001230394e-05,4.3729999958941335e-06,0.0,5.4718000001230394e-05,0.0,96,False
96,2.3334000019303858e-05,5.390399999782858e-05,4.355000015721089e-06,0.0,5.390399999782858e-05,0.0,96,False
97,2.34910000074251e-05,5.3794999985257164e-05,3.97799999518611e-06,0.0,5.3794999985257164e-05,0.0,96,False
98,2.2486000005983442e-05,5.223400000886613e-05,3.856999995832666e-06,0.0,5.223400000886613e-05,0.0,96,False
99,2.220199999669603e-05,5.293000000961001e-05,4.136999990578261e-06,0.0,5.293000000961001e-05,0.0,96,False
100,2.25449999788907e-05,5.266700000561286e-05,4.039000003785986e-06,0.0,5.266700000561286e-05,0.0,96,False
101,2.2303999998030122e-05,6.305099998371588e-05,4.084000011062017e-06,0.0,6.305099998371588e-05,0.0,96,False
102,2.2731000001385837e-05,7.685699998205564e-05,4.463000010446194e-06,0.0,7.685699998205564e-05,0.0,96,False
103,2.4741999993693753e-05,5.561099999340513e-05,3.93199999848548e-06,0.0,5.561099999340513e-05,0.0,96,False
104,2.3118000001431938e-05,7.902499999090651e-05,3.937000002451896e-06,0.0,7.902499999090651e-05,0.0,96,False
105,2.4919999987105257e-05,5.502999999862368e-05,3.7529999872276676e-06,0.0,5.502999999862368e-05,0.0,96,False
106,2.333099999418664e-05,5.447899999921901e-05,3.837999997813313e-06,0.0,5.447899999921901e-05,0.0,96,False
107,2.3016000000097847e-05,5.390100000113307e-05,3.866000014340898e-06,0.0,5.390100000113307e-05,0.0,96,False
108,2.2789000013290206e-05,5.2709999977196276e-05,3.8050000057410216e-06,0.0,5.2709999977196276e-05,0.0,96,False
109,2.1981999992704004e-05,5.2834999991091536e-05,3.7400000110210385e-06,0.0,5.2834999991091536e-05,0.0,96,False
110,2.193999998212348e-05,5.1901999995607184e-05,3.7449999865657446e-06,0.0,5.1901999995607184e-05,0.0,96,False
111,2.205399999866131e-05,5.2072000016778475e-05,3.5850000017489947e-06,0.0,5.2072000016778475e-05,0.0,96,False
112,2.215900002511262e-05,5.2826000001005013e-05,3.8029999984701135e-06,0.0,5.2826000001005013e-05,0.0,96,False
113,2.1865000007892377e-05,5.203099999562255e-05,3.492000018923136e-06,0.0,5.203099999562255e-05,0.0,96,False
114,2.1230000015748374e-05,6.788299998561342e-05,4.208000007110968e-06,0.0,6.788299998561342e-05,0.0,96,False
115,2.7883999990763186e-05,5.7214000008798394e-05,4.056999983959031e-06,0.0,5.7214000008798394e-05,0.0,96,False
116,2.3041000019929925e-05,5.3223000008983945e-05,3.861000010374482e-06,0.0,5.3223000008983945e-05,0.0,96,False
117,2.206499999601874e-05,5.2344000010862146e-05,3.877000011698328e-06,0.0,5.2344000010862146e-05,0.0,96,False
118,2.2071000017831466e-05,5.254800001353033e-05,3.603999999768348e-06,0.0,5.254800001353033e-05,0.0,96,False
119,2.1311000011792203e-05,5.236100000161059e-05,3.4210000023904286e-06,0.0,5.236100000161059e-05,0.0,96,False
120,2.198899997551962e-05,5.189200001609606e-05,3.3050000070034002e-06,0.0,5.189200001609606e-05,0.0,96,False
121,2.1699000001262903e-05,5.0680999976293606e-05,3.379000020231615e-06,0.0,5.0680999976293606e-05,0.0,96,False
122,2.1134000007805298e-05,5.0759999993488236e-05,3.3439999924667063e-06,0.0,5.0759999993488236e-05,0.0,96,False
123,2.120999999988271e-05,5.1237999997511e-05,3.2730000043557084e-06,0.0,5.1237999997511e-05,0.0,96,False
124,2.22240000198326e-05,5.1731999974435894e-05,3.187999993770063e-06,0.0,5.1731999974435894e-05,0.0,96,False
125,2.1658999997953288e-05,7.518499998582229e-05,3.5210000248753204e-06,0.0,7.518499998582229e-05,0.0,96,False
126,2.355999998826519e-05,5.538499999602209e-05,3.6730000090301473e-06,0.0,5.538499999602209e-05,0.0,96,False
127,2.2763999993458128e-05,5.282699999042961e-05,3.5120000063670886e-06,0.0,5.282699999042961e-05,0.0,96,False
128,2.2720000004028407e-05,5.238200000690085e-05,3.1920000083118794e-06,0.0,5.238200000690085e-05,0.0,96,False
129,2.1688000003905472e-05,5.203100002404426e-05,3.397999989829259e-06,0.0,5.203100002404426e-05,0.0,96,False
130,2.2347000026456953e-05,5.190400000287809e-05,3.195999994431986e-06,0.0,5.190400000287809e-05,0.0,96,False
131,2.1160000017061975e-05,5.053999998949621e-05,3.0859999924359727e-06,0.0,5.053999998949621e-05,0.0,96,False
132,2.1836000001940192e-05,4.9997999980178065e-05,3.1719999924462172e-06,0.0,4.9997999980178065e-05,0.0,96,False
133,2.0646999985274306e-05,5.034699998418546e-05,3.724999999121792e-06,0.0,5.034699998418546e-05,0.0,96,False
134,2.121399998600282e-05,5.083499999614105e-05,3.152999994426864e-06,0.0,5.083499999614105e-05,0.0,96,False
135,2.1149999980707435e-05,5.1068999994186015e-05,3.1409999792231247e-06,0.0,5.1068999994186015e-05,0.0,96,False
136,4.489400001261856e-05,5.614599999148595e-05,3.5110000169424893e-06,0.0,5.614599999148595e-05,0.0,96,False
137,2.231799999208306e-05,5.2210000006880364e-05,3.8659999859191885e-06,0.0,5.2210000006880364e-05,0.0,96,False
138,2.228200000331526e-05,0.00010763000000224565,4.321000005802489e-06,0.0,0.00010763000000224565,0.0,96,False
139,2.4776000003612353e-05,5.4259999984651586e-05,3.913999989890726e-06,0.0,5.4259999984651586e-05,0.0,96,False
140,2.286300002651842e-05,5.26100000115548e-05,3.313000007665323e-06,0.0,5.26100000115548e-05,0.0,96,False
141,2.2559999990789947e-05,5.1138000003447814e-05,3.2610000175736786e-06,0.0,5.1138000003447814e-05,0.0,96,False
142,3.183300000841882e-05,5.236299998045979e-05,3.4070000083374907e-06,0.0,5.236299998045979e-05,0.0,96,False
143,2.2276000009924246e-05,5.2620999980490524e-05,3.2990000136123854e-06,0.0,5.2620999980490524e-05,0.0,96,False
144,2.285400000801019e-05,5.329900000106136e-05,3.816000003098452e-06,0.0,5.329900000106136e-05,0.0,96,False
145,2.1763999995982886e-05,7.109299997409835e-05,4.436000011764918e-06,0.0,7.109299997409835e-05,0.0,96,False
146,2.659099999391401e-05,5.708300000151212e-05,3.587000009019903e-06,0.0,5.708300000151212e-05,0.0,96,False
147,2.357099998562262e-05,5.181300002732314e-05,3.3780000023853063e-06,0.0,5.181300002732314e-05,0.0,96,False
148,2.231900000992937e-05,5.3224999987833144e-05,3.132000017558312e-06,0.0,5.3224999987833144e-05,0.0,96,False
149,2.4063000012120028e-05,0.0003192409999996926,6.047999988822994e-06,0.0,0.0003192409999996926,0.0,96,False
150,3.219699999590375e-05,5.973699998662596e-05,3.981000020303327e-06,0.0,5.973699998662596e-05,0.0,96,False
151,2.3863999984996553e-05,5.355700000109209e-05,3.7279999958172994e-06,0.0,5.355700000109209e-05,0.0,96,False
152,2.2825999991482604e-05,5.214700001943129e-05,9.451400001125876e-05,0.0,5.214700001943129e-05,0.0,96,False
153,3.661900001361573e-05,5.896400000438007e-05,2.906499997834544e-05,0.0,5.896400000438007e-05,0.0,96,False
154,2.6415000007773415e-05,5.617799999413364e-05,3.771999985247021e-06,0.0,5.617799999413364e-05,0.0,96,False
155,2.330899999947178e-05,5.308199999376484e-05,3.4530000050381204e-06,0.0,5.308199999376484e-05,0.0,96,False
156,2.254699998616161e-05,5.112299999154857e-05,3.4409999898343813e-06,0.0,5.112299999154857e-05,0.0,96,False
157,2.131400000848771e-05,5.092899999681322e-05,1.5074000003778565e-05,0.0,5.092899999681322e-05,0.0,96,False
158,3.2648000001245236e-05,5.5971999984194554e-05,3.957999979320448e-06,0.0,5.5971999984194554e-05,0.0,96,False
159,2.2240999982159337e-05,5.238699998244556e-05,3.6420000242287642e-06,0.0,5.238699998244556e-05,0.0,96,False
160,2.2433999987470088e-05,5.0498999996761995e-05,3.628000001754117e-06,0.0,5.0498999996761995e-05,0.0,96,False
161,2.1672999992006226e-05,5.1307000006772796e-05,3.5019999984342576e-06,0.0,5.1307000006772796e-05,0.0,96,False
162,2.1323999987998832e-05,5.056300000205738e-05,3.6690000229100406e-06,0.0,5.056300000205738e-05,0.0,96,False
163,2.1468000028335155e-05,5.069799999546376e-05,3.737999975328421e-06,0.0,5.069799999546376e-05,0.0,96,False
164,2.212200001849851e-05,5.0180000016553095e-05,3.732999999783715e-06,0.0,5.0180000016553095e-05,0.0,96,False
165,2.1467999999913445e-05,4.964699999732147e-05,3.2270000076550787e-06,0.0,4.964699999732147e-05,0.0,96,False
166,2.0997999996552608e-05,5.0829999992174635e-05,3.7910000116880838e-06,0.0,5.0829999992174635e-05,0.0,96,False
167,2.1537999998599844e-05,4.952799997681723e-05,3.5709999792743474e-06,0.0,4.952799997681723e-05,0.0,96,False
168,2.1687000014480873e-05,6.825200000548648e-05,3.695000003745008e-06,0.0,6.825200000548648e-05,0.0,96,False
169,2.5238000006311267e-05,5.381799999781833e-05,3.2520000274871563e-06,0.0,5.381799999781833e-05,0.0,96,False
170,2.2645000001375593e-05,5.221300000357587e-05,3.4269999957814434e-06,0.0,5.221300000357587e-05,0.0,96,False
171,2.2290999993401783e-05,5.0044999994725003e-05,3.1479999904604483e-06,0.0,5.0044999994725003e-05,0.0,96,False
172,2.1152000016400052e-05,5.0532000017255996e-05,2.96300001423333e-06,0.0,5.0532000017255996e-05,0.0,96,False
173,2.1022999987962976e-05,4.956099999731123e-05,3.695000003745008e-06,0.0,4.956099999731123e-05,0.0,96,False
174,2.133600000320257e-05,5.022799999210292e-05,3.5909999951400096e-06,0.0,5.022799999210292e-05,0.0,96,False
175,2.0991000013736993e-05,5.005699998150703e-05,3.5299999865401332e-06,0.0,5.005699998150703e-05,0.0,96,False
176,2.144100000123217e-05,4.851299999586445e-05,3.3540000003995374e-06,0.0,4.851299999586445e-05,0.0,96,False
177,2.1443000008503077e-05,4.9427000021751155e-05,3.1780000142589415e-06,0.0,4.9427000021751155e-05,0.0,96,False
178,2.0718000001807013e-05,4.8936000013100056e-05,3.3439999924667063e-06,0.0,4.8936000013100056e-05,0.0,96,False
179,2.097300000514224e-05,7.827799998949558e-05,3.6069999964638555e-06,0.0,7.827799998949558e-05,0.0,96,False
180,2.4645999985750677e-05,5.192000000420194e-05,3.2240000109595712e-06,0.0,5.192000000420194e-05,0.0,96,False
181,2.1870000011858792e-05,4.947899998342109e-05,3.525000010995427e-06,0.0,4.947899998342109e-05,0.0,96,False
182,2.17009999801121e-05,4.970599999865044e-05,3.7000000077114237e-06,0.0,4.970599999865044e-05,0.0,96,False
183,2.1722000013824072e-05,5.096800001069823e-05,3.092000014248697e-06,0.0,5.096800001069823e-05,0.0,96,False
184,2.1184999980050634e-05,5.013800000597257e-05,2.991000002339206e-06,0.0,5.013800000597257e-05,0.0,96,False
185,2.085900001702612e-05,4.968499999336018e-05,3.607999985888455e-06,0.0,4.968499999336018e-05,0.0,96,False
186,2.1089000000529268e-05,4.961600001252009e-05,3.7140000017643615e-06,0.0,4.961600001252009e-05,0.0,96,False
187,2.107499997805462e-05,4.921600000784565e-05,3.518999989182703e-06,0.0,4.921600000784565e-05,0.0,96,False
188,2.159799998935341e-05,4.846400000246831e-05,3.478999985873088e-06,0.0,4.846400000246831e-05,0.0,96,False
189,2.0591999998487154e-05,4.839999999717293e-05,3.2910000129504624e-06,0.0,4.839999999717293e-05,0.0,96,False
190,2.067500000180189e-05,7.332800001336182e-05,4.036999996515078e-06,0.0,7.332800001336182e-05,0.0,96,False
191,2.3225000006732444e-05,5.3145000009635623e-05,3.826000011031283e-06,0.0,5.3145000009635623e-05,0.0,96,False
192,2.1493000019745523e-05,5.001799999604373e-05,3.484999979264103e-06,0.0,5.001799999604373e-05,0.0,96,False
193,2.09949999998571e-05,4.822400001103233e-05,3.458000009004536e-06,0.0,4.822400001103233e-05,0.0,96,False
194,2.049200000442397e-05,6.868799999892872e-05,3.913999989890726e-06,0.0,6.868799999892872e-05,0.0,96,False
195,2.2137000001976048e-05,4.9885000009908254e-05,3.347000017583923e-06,0.0,4.9885000009908254e-05,0.0,96,False
196,2.066599998329366e-05,4.811399998061461e-05,3.403999983220274e-06,0.0,4.811399998061461e-05,0.0,96,False
197,2.032300000109899e-05,4.820300000574207e-05,3.4550000123090285e-06,0.0,4.820300000574207e-05,0.0,96,False
198,2.0444000000452434e-05,4.92709999946328e-05,3.5829999944780866e-06,0.0,4.92709999946328e-05,0.0,96,False
199,2.127000001905799e-05,7.253199999013304e-05,4.874000012478064e-06,0.0,7.253199999013304e-05,0.0,96,False
200,2.7190999986714814e-05,7.3219999990215e-05,4.678000010471806e-06,0.0,7.3219999990215e-05,0.0,96,False
201,3.1747999997833176e-05,5.783499997846775e-05,3.860000020949883e-06,0.0,5.783499997846775e-05,0.0,96,False
202,2.2802000017918544e-05,5.1001000002770525e-05,3.294999999070569e-06,0.0,5.1001000002770525e-05,0.0,96,False
203,2.1602999993319827e-05,4.966000000194981e-05,3.765999991856006e-06,0.0,4.966000000194981e-05,0.0,96,False
204,2.1443999997927676e-05,4.90920000117967e-05,3.656999979284592e-06,0.0,4.90920000117967e-05,0.0,96,False
205,2.104000000713313e-05,5.3816000018969135e-05,3.0770000023494504e-06,0.0,5.3816000018969135e-05,0.0,96,False
206,2.1034000013742116e-05,4.935399999794754e-05,3.0870000102822814e-06,0.0,4.935399999794754e-05,0.0,96,False
207,2.1067000005814407e-05,4.887699998334938e-05,3.445999993800797e-06,0.0,4.887699998334938e-05,0.0,96,False
208,2.0910000017693164e-05,4.8151999976653315e-05,3.4859999971104116e-06,0.0,4.8151999976653315e-05,0.0,96,False
209,2.0202000001745546e-05,4.883100001507046e-05,3.5440000090147805e-06,0.0,4.883100001507046e-05,0.0,96,False
210,2.0285000005060283e-05,4.892300000847172e-05,3.502999987858857e-06,0.0,4.892300000847172e-05,0.0,96,False
211,2.002799999445415e-05,0.0004341509999790105,6.883999986939671e-06,0.0,0.0004341509999790105,0.0,96,False
212,4.085200001213707e-05,6.342500000755535e-05,4.3489999939083646e-06,0.0,6.342500000755535e-05,0.0,96,False
213,2.3633000012068806e-05,5.42289999998502e-05,3.837999997813313e-06,0.0,5.42289999998502e-05,0.0,96,False
214,2.2207000000662447e-05,5.0350999998727275e-05,3.63600000241604e-06,0.0,5.0350999998727275e-05,0.0,96,False
215,2.1457999991980614e-05,5.0681999994139915e-05,3.5850000017489947e-06,0.0,5.0681999994139915e-05,0.0,96,False
216,2.0301999995808728e-05,4.9095999997916806e-05,3.545999987863979e-06,0.0,4.9095999997916806e-05,0.0,96,False
217,2.091700000050878e-05,4.8367000005100635e-05,3.458000009004536e-06,0.0,4.8367000005100635e-05,0.0,96,False
218,3.237899997543536e-05,5.333999999379557e-05,4.060999998500847e-06,0.0,5.333999999379557e-05,0.0,96,False
219,2.065300000708703e-05,4.899699999327822e-05,3.5380000156237656e-06,0.0,4.899699999327822e-05,0.0,96,False
220,2.034499999581385e-05,4.766300000369483e-05,3.54499999843938e-06,0.0,4.766300000369483e-05,0.0,96,False
221,1.9861999987824674e-05,4.8208999999133084e-05,3.5299999865401332e-06,0.0,4.8208999999133084e-05,0.0,96,False
222,1.992200000699995e-05,4.8141000007717594e-05,3.17999999310814e-06,0.0,4.8141000007717594e-05,0.0,96,False
223,2.0100000000411455e-05,4.7876999985874136e-05,2.945000005638576e-06,0.0,4.7876999985874136e-05,0.0,96,False
224,2.0204999998441053e-05,4.752799998186674e-05,3.0189999904450815e-06,0.0,4.752799998186674e-05,0.0,96,False
225,1.9949999995105827e-05,4.7797999997101215e-05,3.0710000089584355e-06,0.0,4.7797999997101215e-05,0.0,96,False
226,2.0054999993135425e-05,4.808899998920424e-05,3.399999997100167e-06,0.0,4.808899998920424e-05,0.0,96,False
227,1.970899998582354e-05,4.75109999911183e-05,3.3860000030472293e-06,0.0,4.75109999911183e-05,0.0,96,False
228,2.06770000090728e-05,4.836100001170962e-05,2.582799999117924e-05,0.0,4.836100001170962e-05,0.0,96,False
229,7.681700000716774e-05,5.6504000014001576e-05,3.998000011051772e-06,0.0,5.6504000014001576e-05,0.0,96,False
230,2.136199998403754e-05,4.9154000009821175e-05,3.6250000050586095e-06,0.0,4.9154000009821175e-05,0.0,96,False
231,2.0455999987234463e-05,4.7958000010339674e-05,3.581000015628888e-06,0.0,4.7958000010339674e-05,0.0,96,False
232,2.0067000008339164e-05,4.741999998714164e-05,3.4759999891775806e-06,0.0,4.741999998714164e-05,0.0,96,False
233,1.975199998582866e-05,4.659700002207501e-05,3.38500001362263e-06,0.0,4.659700002207501e-05,0.0,96,False
234,2.0433000003095003e-05,4.781199999115415e-05,3.367000005027876e-06,0.0,4.781199999115415e-05,0.0,96,False
235,2.1174000011114913e-05,4.694000000426968e-05,3.2290000149259868e-06,0.0,4.694000000426968e-05,0.0,96,False
236,2.0057999989830932e-05,4.558000000542961e-05,3.3390000169220002e-06,0.0,4.558000000542961e-05,0.0,96,False
237,1.9714000018211664e-05,4.504599999677339e-05,3.308999993123507e-06,0.0,4.504599999677339e-05,0.0,96,False
238,1.9242000007579918e-05,4.551600000013423e-05,3.268999989813892e-06,0.0,4.551600000013423e-05,0.0,96,False
239,1.9100999992360812e-05,4.5905000007451235e-05,3.357999986519644e-06,0.0,4.5905000007451235e-05,0.0,96,False
240,3.60100000023067e-05,5.202899998835164e-05,3.4189999951195205e-06,0.0,5.202899998835164e-05,0.0,96,False
241,2.1026000013080193e-05,4.7739000024193956e-05,2.9689999792026356e-06,0.0,4.7739000024193956e-05,0.0,96,False
242,2.0245000001750668e-05,4.6839999981784786e-05,2.969000007624345e-06,0.0,4.6839999981784786e-05,0.0,96,False
243,1.9907999984525304e-05,4.687200001285419e-05,2.936000015552054e-06,0.0,4.687200001285419e-05,0.0,96,False
244,1.94120000003295e-05,4.5699999986936746e-05,2.8910000082760234e-06,0.0,4.5699999986936746e-05,0.0,96,False
245,1.8947000000935077e-05,4.547999998294472e-05,3.0630000082965125e-06,0.0,4.547999998294472e-05,0.0,96,False
246,1.9667999993089325e-05,4.508199998554119e-05,2.9989999745794194e-06,0.0,4.508199998554119e-05,0.0,96,False
247,1.9630999986475217e-05,4.699600000890314e-05,2.902999995058053e-06,0.0,4.699600000890314e-05,0.0,96,False
248,1.9589000004316404e-05,4.538899997896806e-05,2.866000016865655e-06,0.0,4.538899997896806e-05,0.0,96,False
249,1.9248999990395532e-05,4.5209999996131955e-05,3.278000008322124e-06,0.0,4.5209999996131955e-05,0.0,96,False
250,1.913899998839952e-05,4.549300001599477e-05,3.3649999977569678e-06,0.0,4.549300001599477e-05,0.0,96,False
251,2.0000000006348273e-05,4.5881999994890066e-05,3.251999999065447e-06,0.0,4.5881999994890066e-05,0.0,96,False
252,3.623799997853894e-05,5.0396000006003305e-05,3.61300001827658e-06,0.0,5.0396000006003305e-05,0.0,96,False
253,2.0798000008426243e-05,4.750599998715188e-05,3.5949999812601163e-06,0.0,4.750599998715188e-05,0.0,96,False
254,1.9710999993094447e-05,4.6350000019401705e-05,3.4570000195799366e-06,0.0,4.6350000019401705e-05,0.0,96,False
255,1.997100000039609e-05,4.653999999959524e-05,3.286000008984047e-06,0.0,4.653999999959524e-05,0.0,96,False
256,1.936399999635796e-05,4.561599999419741e-05,3.2549999957609543e-06,0.0,4.561599999419741e-05,0.0,96,False
257,1.961500001357308e-05,4.584300000942676e-05,3.4530000050381204e-06,0.0,4.584300000942676e-05,0.0,96,False
258,1.9373000014866193e-05,4.5859000010750606e-05,3.3889999997427367e-06,0.0,4.5859000010750606e-05,0.0,96,False
259,1.9197999989728487e-05,4.56120000080773e-05,3.240000012283417e-06,0.0,4.56120000080773e-05,0.0,96,False
260,1.934099998379679e-05,4.53309999954854e-05,3.294999999070569e-06,0.0,4.53309999954854e-05,0.0,96,False
261,1.9156999996994273e-05,4.489399998419685e-05,3.3599999937905523e-06,0.0,4.489399998419685e-05,0.0,96,False
262,1.917299999831812e-05,4.506899998091285e-05,3.1509999871559558e-06,0.0,4.506899998091285e-05,0.0,96,False
263,1.8844000010176387e-05,6.700199998022072e-05,3.7140000017643615e-06,0.0,6.700199998022072e-05,0.0,96,False
264,2.6800000000548607e-05,6.849100000749786e-05,4.928000009840616e-06,0.0,6.849100000749786e-05,0.0,96,False
265,2.5881999988541793e-05,5.022300001655822e-05,3.641999995807055e-06,0.0,5.022300001655822e-05,0.0,96,False
266,2.101799998399656e-05,4.809800000771247e-05,3.230000004350586e-06,0.0,4.809800000771247e-05,0.0,96,False
267,2.0148000004382993e-05,4.703999999833286e-05,3.050000003668174e-06,0.0,4.703999999833286e-05,0.0,96,False
268,1.9770999983848014e-05,4.644699998834767e-05,2.910999995719976e-06,0.0,4.644699998834767e-05,0.0,96,False
269,4.654100001744155e-05,5.728400000748479e-05,4.451999984667054e-06,0.0,5.728400000748479e-05,0.0,96,False
270,2.2494000006645365e-05,4.791699998918375e-05,3.31699999378543e-06,0.0,4.791699998918375e-05,0.0,96,False
271,2.0420999987891264e-05,4.721199999835335e-05,2.971000014895253e-06,0.0,4.721199999835335e-05,0.0,96,False
272,2.012900000636364e-05,4.641099999957987e-05,3.0519999825173727e-06,0.0,4.641099999957987e-05,0.0,96,False
273,1.9882000003690337e-05,4.590100002133113e-05,2.9800000049817754e-06,0.0,4.590100002133113e-05,0.0,96,False
274,1.998099997990721e-05,4.60699999962344e-05,3.1429999864940328e-06,0.0,4.60699999962344e-05,0.0,96,False
275,1.9357000013542347e-05,4.562600000213024e-05,3.6650000083682244e-06,0.0,4.562600000213024e-05,0.0,96,False
276,1.9482999988440497e-05,4.671299998904033e-05,3.5940000202572264e-06,0.0,4.671299998904033e-05,0.0,96,False
277,1.9508999997697174e-05,4.5528000015337966e-05,3.3199999904809374e-06,0.0,4.5528000015337966e-05,0.0,96,False
278,1.93779999904109e-05,4.480900000203292e-05,3.3080000036989077e-06,0.0,4.480900000203292e-05,0.0,96,False
279,1.8781999983730202e-05,4.471600001920706e-05,2.9699999970489444e-06,0.0,4.471600001920706e-05,0.0,96,False
280,1.914800000690775e-05,6.666799998811257e-05,3.3000000030369847e-06,0.0,6.666799998811257e-05,0.0,96,False
281,2.3408000004110363e-05,4.950000001713306e-05,3.0790000096203585e-06,0.0,4.950000001713306e-05,0.0,96,False
282,1.978700001359357e-05,4.653499999562882e-05,3.454999983887319e-06,0.0,4.653499999562882e-05,0.0,96,False
283,1.9926999982544658e-05,4.547500000740001e-05,2.902000005633454e-06,0.0,4.547500000740001e-05,0.0,96,False
284,1.9358000002966946e-05,4.4914999989487114e-05,3.397999989829259e-06,0.0,4.4914999989487114e-05,0.0,96,False
285,1.8871000008857663e-05,4.462000001126398e-05,3.3500000142794306e-06,0.0,4.462000001126398e-05,0.0,96,False
286,1.864699999032382e-05,4.3511000001217326e-05,3.1809999825327395e-06,0.0,4.3511000001217326e-05,0.0,96,False
287,1.829300001077172e-05,4.460300002051554e-05,3.195999994431986e-06,0.0,4.460300002051554e-05,0.0,96,False
288,1.8652999983714835e-05,4.360099998734768e-05,3.1120000016926497e-06,0.0,4.360099998734768e-05,0.0,96,False
289,1.8916000016133694e-05,4.4879999990143915e-05,3.1489999798850477e-06,0.0,4.4879999990143915e-05,0.0,96,False
290,1.901100000623046e-05,4.370099998141086e-05,2.910000006295377e-06,0.0,4.370099998141086e-05,0.0,96,False
291,3.2728999997289066e-05,4.9460000013823446e-05,3.6020000209191494e-06,0.0,4.9460000013823446e-05,0.0,96,False
292,1.9667000003664725e-05,6.339500001217857e-05,3.5840000123243954e-06,0.0,6.339500001217857e-05,0.0,96,False
293,2.2205999982816138e-05,4.851799999983086e-05,3.4699999957865657e-06,0.0,4.851799999983086e-05,0.0,96,False
294,2.039000000308988e-05,4.716100002610801e-05,3.274999983204907e-06,0.0,4.716100002610801e-05,0.0,96,False
295,1.997900000105801e-05,4.603700000416211e-05,3.2899999951041536e-06,0.0,4.603700000416211e-05,0.0,96,False
296,1.9224999988409763e-05,4.5358999983591275e-05,3.2530000169117557e-06,0.0,4.5358999983591275e-05,0.0,96,False
297,1.8969000024071647e-05,4.4801999990795593e-05,3.1479999904604483e-06,0.0,4.4801999990795593e-05,0.0,96,False
298,1.9213000001627734e-05,4.5462000002771674e-05,3.159000016239588e-06,0.0,4.5462000002771674e-05,0.0,96,False
299,1.8983999979127475e-05,4.485200000203804e-05,3.104999990455326e-06,0.0,4.485200000203804e-05,0.0,96,False
300,1.9301999998333486e-05,4.485400000930895e-05,2.983000001677283e-06,0.0,4.485400000930895e-05,0.0,96,False
301,1.8900000014809848e-05,4.469300000664589e-05,3.1350000142538192e-06,0.0,4.469300000664589e-05,0.0,96,False
302,1.9688000008954987e-05,4.450700001257246e-05,3.118000023505374e-06,0.0,4.450700001257246e-05,0.0,96,False
303,1.905700000293109e-05,4.4309999992719895e-05,2.0521999999800755e-05,0.0,4.4309999992719895e-05,0.0,96,False
304,2.1330999999236155e-05,6.799999999884676e-05,3.6330000057205325e-06,0.0,6.799999999884676e-05,0.0,96,False
305,2.137300000981668e-05,4.7558999995089835e-05,3.3299999984137685e-06,0.0,4.7558999995089835e-05,0.0,96,False
306,2.0044000024199704e-05,4.654899998968176e-05,3.1600000056641875e-06,0.0,4.654899998968176e-05,0.0,96,False
307,1.918199998840464e-05,4.5722999999497915e-05,3.2190000069931557e-06,0.0,4.5722999999497915e-05,0.0,96,False
308,1.8844000010176387e-05,4.492999997296465e-05,3.1360000036784186e-06,0.0,4.492999997296465e-05,0.0,96,False
309,1.8971000002920846e-05,5.2059000012150136e-05,3.49900000173875e-06,0.0,5.2059000012150136e-05,0.0,96,False
310,1.8812999996953295e-05,4.500100001791907e-05,2.97500000101536e-06,0.0,4.500100001791907e-05,0.0,96,False
311,1.930999999899541e-05,4.65960000042287e-05,3.1200000023545726e-06,0.0,4.65960000042287e-05,0.0,96,False
312,1.8700999987686373e-05,4.414500000393673e-05,2.9410000195184693e-06,0.0,4.414500000393673e-05,0.0,96,False
313,1.851199999691744e-05,9.7697999990487e-05,4.273000001830951e-06,0.0,9.7697999990487e-05,0.0,96,False
314,2.5584000013623154e-05,4.9733999986756317e-05,3.436000014289675e-06,0.0,4.9733999986756317e-05,0.0,96,False
315,2.0409999990533834e-05,6.348299999103801e-05,3.5649999858833326e-06,0.0,6.348299999103801e-05,0.0,96,False
316,2.2253999986787676e-05,4.7682999991138786e-05,3.1520000050022645e-06,0.0,4.7682999991138786e-05,0.0,96,False
317,2.000500001031469e-05,4.589799999621391e-05,2.967000000353437e-06,0.0,4.589799999621391e-05,0.0,96,False
318,1.950000000761065e-05,4.427999999734311e-05,2.855000019508225e-06,0.0,4.427999999734311e-05,0.0,96,False
319,1.879699999562945e-05,4.441000001520479e-05,2.7929999930620397e-06,0.0,4.441000001520479e-05,0.0,96,False
320,1.8921999981103e-05,4.397699999003635e-05,3.327000001718261e-06,0.0,4.397699999003635e-05,0.0,96,False
321,1.89190000128292e-05,4.3876999995973165e-05,3.1350000142538192e-06,0.0,4.3876999995973165e-05,0.0,96,False
322,1.8741999980420587e-05,4.313200000183315e-05,3.222000003688663e-06,0.0,4.313200000183315e-05,0.0,96,False
323,1.917100001946892e-05,4.396500000325432e-05,3.0310000056488207e-06,0.0,4.396500000325432e-05,0.0,96,False
324,1.8254000025308414e-05,4.302700000380355e-05,3.17999999310814e-06,0.0,4.302700000380355e-05,0.0,96,False
325,1.8559000011464377e-05,4.395299998805058e-05,2.7770000201599032e-06,0.0,4.395299998805058e-05,0.0,96,False
326,1.8642999975782004e-05,4.375399998934881e-05,2.603000012868506e-06,0.0,4.375399998934881e-05,0.0,96,False
327,1.8538000006174116e-05,4.463399997689521e-05,2.6959999956943648e-06,0.0,4.463399997689521e-05,0.0,96,False
328,3.9659000009351075e-05,4.955700001119112e-05,3.7230000202725932e-06,0.0,4.955700001119112e-05,0.0,96,False
329,2.0309000007046052e-05,4.518199997960437e-05,3.2469999950990314e-06,0.0,4.518199997960437e-05,0.0,96,False
330,1.8987000004244692e-05,4.493399998750647e-05,2.813000008927702e-06,0.0,4.493399998750647e-05,0.0,96,False
331,1.8569999980400098e-05,4.4126999995341976e-05,3.1659999990552024e-06,0.0,4.4126999995341976e-05,0.0,96,False
332,1.8355000008796196e-05,4.4503999987455245e-05,2.9720000043198525e-06,0.0,4.4503999987455245e-05,0.0,96,False
333,1.8952000004901493e-05,4.3978999997307255e-05,3.2190000069931557e-06,0.0,4.3978999997307255e-05,0.0,96,False
334,1.86020000114695e-05,4.328199997871707e-05,3.013999986478666e-06,0.0,4.328199997871707e-05,0.0,96,False
335,3.835699999399367e-05,5.835999999703745e-05,4.396000008455303e-06,0.0,5.835999999703745e-05,0.0,96,False
336,2.362899999752699e-05,4.842099997404148e-05,3.3980000182509684e-06,0.0,4.842099997404148e-05,0.0,96,False
337,1.9766999997727908e-05,4.5825000000832006e-05,2.94099999109676e-06,0.0,4.5825000000832006e-05,0.0,96,False
338,1.9108999993022735e-05,4.4664000000693704e-05,2.8719999818349606e-06,0.0,4.4664000000693704e-05,0.0,96,False
339,1.882800000885254e-05,7.368699999688033e-05,4.187999991245306e-06,0.0,7.368699999688033e-05,0.0,96,False
340,2.697900001180642e-05,5.199400001743015e-05,3.0490000142435747e-06,0.0,5.199400001743015e-05,0.0,96,False
341,2.059799999187817e-05,4.6430999987023824e-05,2.8910000082760234e-06,0.0,4.6430999987023824e-05,0.0,96,False
342,4.0102999975033526e-05,5.0920999996151295e-05,3.617999993821286e-06,0.0,5.0920999996151295e-05,0.0,96,False
343,2.0637999995187783e-05,4.604899999094414e-05,3.3179999832100293e-06,0.0,4.604899999094414e-05,0.0,96,False
344,1.9906999995100705e-05,4.5608000021957196e-05,3.0380000168861443e-06,0.0,4.5608000021957196e-05,0.0,96,False
345,1.9698000016887818e-05,4.5266000000765416e-05,2.8690000135611626e-06,0.0,4.5266000000765416e-05,0.0,96,False
346,1.913799999897492e-05,4.447500000992477e-05,2.7319999844621634e-06,0.0,4.447500000992477e-05,0.0,96,False
347,1.905799999235569e-05,4.429200001254685e-05,3.203999995093909e-06,0.0,4.429200001254685e-05,0.0,96,False
348,1.8986000014820092e-05,4.40630000184683e-05,3.268000000389293e-06,0.0,4.40630000184683e-05,0.0,96,False
349,1.8629999999575375e-05,4.432500000461914e-05,3.173000010292526e-06,0.0,4.432500000461914e-05,0.0,96,False
350,1.903300000094532e-05,4.4333000005281065e-05,2.8810000003431924e-06,0.0,4.4333000005281065e-05,0.0,96,False
351,3.253900001709553e-05,5.00069999986863e-05,3.4050000010665826e-06,0.0,5.00069999986863e-05,0.0,96,False
352,1.998199999775352e-05,4.629500000419284e-05,3.0879999997068808e-06,0.0,4.629500000419284e-05,0.0,96,False
353,1.901099997780875e-05,4.4991999999410837e-05,3.6170000043966866e-06,0.0,4.4991999999410837e-05,0.0,96,False
354,1.8936000003577647e-05,4.4365999997353356e-05,3.2629999964228773e-06,0.0,4.4365999997353356e-05,0.0,96,False
355,1.9152999982452457e-05,4.9133000004530913e-05,3.2479999845236307e-06,0.0,4.9133000004530913e-05,0.0,96,False
356,2.0420999987891264e-05,4.364500000519911e-05,3.2819999944422307e-06,0.0,4.364500000519911e-05,0.0,96,False
357,1.889900002538525e-05,4.338299999062656e-05,3.1800000215298496e-06,0.0,4.338299999062656e-05,0.0,96,False
358,1.8982000000278276e-05,4.326499998796862e-05,3.021999987140589e-06,0.0,4.326499998796862e-05,0.0,96,False
359,1.854399999956513e-05,4.331400000978647e-05,2.762999997685256e-06,0.0,4.331400000978647e-05,0.0,96,False
360,1.8129000011413154e-05,4.217699998321223e-05,2.679999994370519e-06,0.0,4.217699998321223e-05,0.0,96,False
361,1.826999999821055e-05,4.370399997810637e-05,2.886000004309608e-06,0.0,4.370399997810637e-05,0.0,96,False
362,1.8436000004840025e-05,4.377999999860549e-05,3.1270000135918963e-06,0.0,4.377999999860549e-05,0.0,96,False
363,1.855600001476887e-05,6.374300002676137e-05,3.4329999891724583e-06,0.0,6.374300002676137e-05,0.0,96,False
364,2.1125000017718776e-05,4.5951999993576464e-05,3.222000003688663e-06,0.0,4.5951999993576464e-05,0.0,96,False
365,1.8775999990339187e-05,4.372499998339663e-05,2.9730000221661612e-06,0.0,4.372499998339663e-05,0.0,96,False
366,1.8343999983017056e-05,4.452999999671192e-05,3.345000010313015e-06,0.0,4.452999999671192e-05,0.0,96,False
367,1.951499999108819e-05,4.5951000004151865e-05,3.0269999911070045e-06,0.0,4.5951000004151865e-05,0.0,96,False
368,1.8823999994310725e-05,4.359999999792308e-05,2.936000015552054e-06,0.0,4.359999999792308e-05,0.0,96,False
369,1.835200001210069e-05,4.358999998999025e-05,2.7439999996659026e-06,0.0,4.358999998999025e-05,0.0,96,False
370,1.84970000134399e-05,4.384499999332547e-05,2.7600000009897485e-06,0.0,4.384499999332547e-05,0.0,96,False
371,1.865999999495216e-05,4.401699999334596e-05,2.7450000175122113e-06,0.0,4.401699999334596e-05,0.0,96,False
372,1.83949999836841e-05,4.3750999992653306e-05,2.738999995699487e-06,0.0,4.3750999992653306e-05,0.0,96,False
373,1.839500001210581e-05,4.373799998802497e-05,2.6369999943653966e-06,0.0,4.373799998802497e-05,0.0,96,False
374,1.846699998964141e-05,4.4252999998661835e-05,2.6970000135406735e-06,0.0,4.4252999998661835e-05,0.0,96,False
375,4.577699999686047e-05,6.833200001210571e-05,3.185999986499155e-06,0.0,6.833200001210571e-05,0.0,96,False
376,2.1113000002515037e-05,4.491699999675802e-05,2.706000003627196e-06,0.0,4.491699999675802e-05,0.0,96,False
377,1.8633999985695482e-05,4.388400000721049e-05,2.8320000069470552e-06,0.0,4.388400000721049e-05,0.0,96,False
378,1.8154000002823523e-05,4.250000000638465e-05,2.708000010898104e-06,0.0,4.250000000638465e-05,0.0,96,False
379,1.7969999987599294e-05,4.428500000130953e-05,2.773000005618087e-06,0.0,4.428500000130953e-05,0.0,96,False
380,1.8707999998923697e-05,4.3762000018432445e-05,2.0814999999174688e-05,0.0,4.3762000018432445e-05,0.0,96,False
381,2.1205999985340895e-05,4.5199999988199124e-05,2.9500000096049916e-06,0.0,4.5199999988199124e-05,0.0,96,False
382,1.882999998770174e-05,4.369000001247514e-05,3.042000003006251e-06,0.0,4.369000001247514e-05,0.0,96,False
383,1.8849000014142803e-05,4.416400000195608e-05,2.870000002985762e-06,0.0,4.416400000195608e-05,0.0,96,False
384,1.865700002667836e-05,4.447599999934937e-05,2.7499999930569174e-06,0.0,4.447599999934937e-05,0.0,96,False
385,1.825999999027772e-05,4.418800000394185e-05,2.754999997023333e-06,0.0,4.418800000394185e-05,0.0,96,False
386,1.8677999975125203e-05,4.374400000983769e-05,2.6329999798235804e-06,0.0,4.374400000983769e-05,0.0,96,False
387,1.84970000134399e-05,0.00039462499998421663,6.185999978924883e-06,0.0,0.00039462499998421663,0.0,96,False
388,3.5510000003569075e-05,6.075400000327136e-05,3.7620000057358993e-06,0.0,6.075400000327136e-05,0.0,96,False
389,2.2427000004654474e-05,5.027899999276997e-05,3.284999991137738e-06,0.0,5.027899999276997e-05,0.0,96,False
390,2.059499999518266e-05,4.586700001141253e-05,2.9420000089430687e-06,0.0,4.586700001141253e-05,0.0,96,False
391,1.9350000002305023e-05,4.6031000010771095e-05,2.8169999950478086e-06,0.0,4.6031000010771095e-05,0.0,96,False
392,1.9710000003669848e-05,4.630200001543017e-05,3.0569999864837882e-06,0.0,4.630200001543017e-05,0.0,96,False
393,1.948999999967782e-05,4.51890000192634e-05,3.011000018204868e-06,0.0,4.51890000192634e-05,0.0,96,False
394,1.9145999999636842e-05,4.4399000017847357e-05,2.7170000009846262e-06,0.0,4.4399000017847357e-05,0.0,96,False
395,3.116499999578082e-05,5.066499997496976e-05,3.062999979874803e-06,0.0,5.066499997496976e-05,0.0,96,False
396,2.037900000573245e-05,4.6292999996921935e-05,2.9480000023340835e-06,0.0,4.6292999996921935e-05,0.0,96,False
397,1.9486000013557714e-05,4.447599999934937e-05,2.854000001661916e-06,0.0,4.447599999934937e-05,0.0,96,False
398,1.9111000000293643e-05,4.383899999993446e-05,2.8329999963716546e-06,0.0,4.383899999993446e-05,0.0,96,False
399,1.8883000024061403e-05,5.320599998981379e-05,2.8739999891058687e-06,0.0,5.320599998981379e-05,0.0,96,False
400,1.94129999897541e-05,4.4368000004624264e-05,2.821000009589625e-06,0.0,4.4368000004624264e-05,0.0,96,False
401,1.8781000022727312e-05,4.438499999537271e-05,2.916999989110991e-06,0.0,4.438499999537271e-05,0.0,96,False
402,1.8729999993638557e-05,4.4664999990118304e-05,2.770999998347179e-06,0.0,4.4664999990118304e-05,0.0,96,False
403,1.913799999897492e-05,4.478399998220084e-05,2.7979999970284553e-06,0.0,4.478399998220084e-05,0.0,96,False
404,1.8672999999580497e-05,4.403200000524521e-05,2.710000018169012e-06,0.0,4.403200000524521e-05,0.0,96,False
405,1.8608999994285114e-05,4.423200002179328e-05,2.795999989757547e-06,0.0,4.423200002179328e-05,0.0,96,False
406,1.8618000012793345e-05,4.3682000011813216e-05,2.6489999811474263e-06,0.0,4.3682000011813216e-05,0.0,96,False
407,1.859099998569036e-05,6.598300001314783e-05,3.039999995735343e-06,0.0,6.598300001314783e-05,0.0,96,False
408,2.0707999993874182e-05,4.576599999950304e-05,2.8970000016670383e-06,0.0,4.576599999950304e-05,0.0,96,False
409,1.929699999436707e-05,4.4139999999970314e-05,2.6890000128787506e-06,0.0,4.4139999999970314e-05,0.0,96,False
410,1.885300000026291e-05,4.3991000012510995e-05,2.670000014859397e-06,0.0,4.3991000012510995e-05,0.0,96,False
411,1.9003999994993137e-05,4.291500002295834e-05,2.799000014874764e-06,0.0,4.291500002295834e-05,0.0,96,False
412,1.8560000000888977e-05,4.380100000389575e-05,2.7800000168554106e-06,0.0,4.380100000389575e-05,0.0,96,False
413,1.8758999999590742e-05,4.4720000005327165e-05,2.8500000155418093e-06,0.0,4.4720000005327165e-05,0.0,96,False
414,1.9040000012182645e-05,4.360599999131409e-05,2.6970000135406735e-06,0.0,4.360599999131409e-05,0.0,96,False
415,1.8630999988999974e-05,4.393599999730213e-05,2.687999995032442e-06,0.0,4.393599999730213e-05,0.0,96,False
416,1.8699999998261774e-05,4.419100000063736e-05,2.663999993046673e-06,0.0,4.419100000063736e-05,0.0,96,False
417,1.8541999992294222e-05,4.4584999983499074e-05,2.5920000155110756e-06,0.0,4.4584999983499074e-05,0.0,96,False
418,1.8632000006846283e-05,4.3285999993258883e-05,2.7749999844672857e-06,0.0,4.3285999993258883e-05,0.0,96,False
419,1.844099998038473e-05,4.347400002302493e-05,2.7030000069316884e-06,0.0,4.347400002302493e-05,0.0,96,False
420,3.438999999616499e-05,4.714300001751326e-05,2.977000008286268e-06,0.0,4.714300001751326e-05,0.0,96,False
421,1.8710000006194605e-05,4.4593000012582706e-05,2.87200001025667e-06,0.0,4.4593000012582706e-05,0.0,96,False
422,1.8335999982355133e-05,4.354199998601871e-05,2.702999978509979e-06,0.0,4.354199998601871e-05,0.0,96,False
423,1.8484999998236162e-05,4.4299999984787064e-05,2.8009999937239627e-06,0.0,4.4299999984787064e-05,0.0,96,False
424,1.8299999993587335e-05,4.292400001304486e-05,2.762999997685256e-06,0.0,4.292400001304486e-05,0.0,96,False
425,1.8519000008154762e-05,4.275799997799368e-05,2.6790000049459195e-06,0.0,4.275799997799368e-05,0.0,96,False
426,1.8222999983663613e-05,4.37460000171086e-05,2.617000006921444e-06,0.0,4.37460000171086e-05,0.0,96,False
427,1.8482000001540655e-05,4.451099999869257e-05,2.767000012227072e-06,0.0,4.451099999869257e-05,0.0,96,False
428,1.8242999999529275e-05,4.390799998077455e-05,2.654999974538441e-06,0.0,4.390799998077455e-05,0.0,96,False
429,1.8038999996861094e-05,4.3591999997261155e-05,2.7310000234592735e-06,0.0,4.3591999997261155e-05,0.0,96,False
430,1.7686999996158193e-05,4.344199999195553e-05,2.7009999996607803e-06,0.0,4.344199999195553e-05,0.0,96,False
431,1.8160999985639137e-05,4.484999999476713e-05,2.8049999798440695e-06,0.0,4.484999999476713e-05,0.0,96,False
432,1.8444000005501948e-05,6.210000000805849e-05,3.1140000089635578e-06,0.0,6.210000000805849e-05,0.0,96,False
433,2.1297999978742155e-05,4.643599999099024e-05,2.8639999811730377e-06,0.0,4.643599999099024e-05,0.0,96,False
434,1.9347000005609516e-05,4.3844000003900874e-05,2.7370000168502884e-06,0.0,4.3844000003900874e-05,0.0,96,False
435,1.8928999992340323e-05,4.356100001245977e-05,3.5360000083528575e-06,0.0,4.356100001245977e-05,0.0,96,False
436,1.9129000008888397e-05,4.414700001120764e-05,3.3000000030369847e-06,0.0,4.414700001120764e-05,0.0,96,False
437,1.8616000005522437e-05,4.427900000791851e-05,3.2129999851804314e-06,0.0,4.427900000791851e-05,0.0,96,False
438,1.834999997640807e-05,4.333199998995951e-05,3.1040000010307267e-06,0.0,4.333199998995951e-05,0.0,96,False
439,1.819199999886223e-05,4.345900001112568e-05,2.7849999924001168e-06,0.0,4.345900001112568e-05,0.0,96,False
440,1.781400001732436e-05,5.7986000001619686e-05,4.711000002544097e-06,0.0,5.7986000001619686e-05,0.0,96,False
441,3.253399998470741e-05,5.601899999874149e-05,3.4690000063619664e-06,0.0,5.601899999874149e-05,0.0,96,False
442,2.0874000000503656e-05,4.670999999234482e-05,3.525000010995427e-06,0.0,4.670999999234482e-05,0.0,96,False
443,1.9420000000991422e-05,4.5129999989512726e-05,3.2579999924564618e-06,0.0,4.5129999989512726e-05,0.0,96,False
444,1.917000000162261e-05,8.12359999997625e-05,4.558000000542961e-06,0.0,8.12359999997625e-05,0.0,96,False
445,2.318500000342283e-05,4.8537999987274816e-05,3.7599999984649912e-06,0.0,4.8537999987274816e-05,0.0,96,False
446,1.9858999991129167e-05,4.577400000016496e-05,3.2819999944422307e-06,0.0,4.577400000016496e-05,0.0,96,False
447,1.9186000002946457e-05,4.5323000023245186e-05,3.2430000089789246e-06,0.0,4.5323000023245186e-05,0.0,96,False
448,1.927599998907681e-05,5.598599997824749e-05,3.284999991137738e-06,0.0,5.598599997824749e-05,0.0,96,False
449,1.9323000003623747e-05,4.4274000003952096e-05,2.9779999977108673e-06,0.0,4.4274000003952096e-05,0.0,96,False
450,3.0633000022817214e-05,4.993199999603348e-05,3.185999986499155e-06,0.0,4.993199999603348e-05,0.0,96,False
451,1.9483999977865096e-05,4.509400000074493e-05,3.304999978581691e-06,0.0,4.509400000074493e-05,0.0,96,False
452,1.9165999987080795e-05,4.381599998737329e-05,2.7450000175122113e-06,0.0,4.381599998737329e-05,0.0,96,False
453,1.8560999990313576e-05,4.327499999590145e-05,2.7819999957046093e-06,0.0,4.327499999590145e-05,0.0,96,False
454,1.8149999988281706e-05,4.2772999989892924e-05,2.734999981157671e-06,0.0,4.2772999989892924e-05,0.0,96,False
455,1.8014000005450725e-05,4.3912999984740964e-05,3.2270000076550787e-06,0.0,4.3912999984740964e-05,0.0,96,False
456,3.634699999111035e-05,5.0111000007291295e-05,3.4730000209037826e-06,0.0,5.0111000007291295e-05,0.0,96,False
457,1.9598000022824635e-05,4.4915000017908824e-05,3.7309999925128068e-06,0.0,4.4915000017908824e-05,0.0,96,False
458,1.9463000000996544e-05,4.4264999985443865e-05,3.1739999997171253e-06,0.0,4.4264999985443865e-05,0.0,96,False
459,1.8678000003546913e-05,4.439699998215474e-05,2.8789999930722843e-06,0.0,4.439699998215474e-05,0.0,96,False
460,1.8321999988302196e-05,4.444499998612628e-05,2.3807999980363093e-05,0.0,4.444499998612628e-05,0.0,96,False
461,2.2243999978854845e-05,4.538900000738977e-05,3.4790000142947974e-06,0.0,4.538900000738977e-05,0.0,96,False
462,1.8958999987717107e-05,4.415499998344785e-05,3.375000005689799e-06,0.0,4.415499998344785e-05,0.0,96,False
463,1.863499997512008e-05,4.428400001188493e-05,3.322999987176445e-06,0.0,4.428400001188493e-05,0.0,96,False
464,1.8736000015451282e-05,4.465600000003178e-05,3.1499999977313564e-06,0.0,4.465600000003178e-05,0.0,96,False
465,1.8675999996276005e-05,4.343500000913991e-05,3.1419999970694334e-06,0.0,4.343500000913991e-05,0.0,96,False
466,1.8697000001566266e-05,4.359700000122757e-05,3.116000016234466e-06,0.0,4.359700000122757e-05,0.0,96,False
467,1.8275000002176967e-05,4.36779999972714e-05,3.0329999844980193e-06,0.0,4.36779999972714e-05,0.0,96,False
468,1.8164000010756354e-05,4.329800000846262e-05,3.0690000016875274e-06,0.0,4.329800000846262e-05,0.0,96,False
469,1.8085999982986323e-05,4.325300000118659e-05,3.2110000063312327e-06,0.0,4.325300000118659e-05,0.0,96,False
470,1.8162999992910045e-05,4.370199999925717e-05,3.179000003683541e-06,0.0,4.370199999925717e-05,0.0,96,False
471,1.848700000550707e-05,4.355199999395154e-05,3.3119999898190144e-06,0.0,4.355199999395154e-05,0.0,96,False
472,1.823799999556286e-05,4.2884999999159845e-05,3.0859999924359727e-06,0.0,4.2884999999159845e-05,0.0,96,False
473,1.804499999025211e-05,4.367599999000049e-05,2.910999995719976e-06,0.0,4.367599999000049e-05,0.0,96,False
474,1.8291000003500812e-05,6.637800001385585e-05,3.5559999957968103e-06,0.0,6.637800001385585e-05,0.0,96,False
475,2.1672000002581626e-05,4.643500000156564e-05,3.294999999070569e-06,0.0,4.643500000156564e-05,0.0,96,False
476,1.9417999993720514e-05,4.4094000003269684e-05,3.0140000149003754e-06,0.0,4.4094000003269684e-05,0.0,96,False
477,1.8820999997615218e-05,4.403999997748542e-05,3.2739999937803077e-06,0.0,4.403999997748542e-05,0.0,96,False
478,1.8562000008159885e-05,4.3054999991909426e-05,3.0509999930927734e-06,0.0,4.3054999991909426e-05,0.0,96,False
479,1.8126000014717647e-05,4.292299999519855e-05,3.1880000221917726e-06,0.0,4.292299999519855e-05,0.0,96,False
480,1.8364999988307318e-05,4.3339999990621436e-05,3.027000019528714e-06,0.0,4.3339999990621436e-05,0.0,96,False
481,1.8151000006128015e-05,4.361999998536703e-05,3.2139999746050307e-06,0.0,4.361999998536703e-05,0.0,96,False
482,1.8200999988948752e-05,4.2792000016333986e-05,3.1239999884746794e-06,0.0,4.2792000016333986e-05,0.0,96,False
483,1.841799999624527e-05,4.3386999976746665e-05,3.2430000089789246e-06,0.0,4.3386999976746665e-05,0.0,96,False
484,1.8570999998246407e-05,4.2952999990575336e-05,3.1479999904604483e-06,0.0,4.2952999990575336e-05,0.0,96,False
485,1.832799998169321e-05,4.312900000513764e-05,3.2240000109595712e-06,0.0,4.312900000513764e-05,0.0,96,False
486,1.8388000000868487e-05,4.326699999523953e-05,3.0899999785560794e-06,0.0,4.326699999523953e-05,0.0,96,False
487,1.8302999990282842e-05,5.362699999977849e-05,3.507000002400673e-06,0.0,5.362699999977849e-05,0.0,96,False
488,2.0309000007046052e-05,4.427100000725659e-05,3.219999996417755e-06,0.0,4.427100000725659e-05,0.0,96,False
489,1.8722999982401234e-05,4.424799999469542e-05,3.195999994431986e-06,0.0,4.424799999469542e-05,0.0,96,False
490,1.8530000005512193e-05,4.380500001843757e-05,3.10099997591351e-06,0.0,4.380500001843757e-05,0.0,96,False
491,1.8667000006189483e-05,4.3966000021100626e-05,3.141000007644834e-06,0.0,4.3966000021100626e-05,0.0,96,False
492,1.8491999981051777e-05,4.338300001904827e-05,3.005999985816743e-06,0.0,4.338300001904827e-05,0.0,96,False
493,1.8299000004162735e-05,4.3169999997871855e-05,3.207999981214016e-06,0.0,4.3169999997871855e-05,0.0,96,False
494,1.8262999986973227e-05,4.39949999986311e-05,3.2810000050176313e-06,0.0,4.39949999986311e-05,0.0,96,False
495,1.844199999823104e-05,4.4344000002638495e-05,3.1820000003790483e-06,0.0,4.4344000002638495e-05,0.0,96,False
496,1.8666999977767773e-05,4.646700000421333e-05,3.1400000182202348e-06,0.0,4.646700000421333e-05,0.0,96,False
497,1.916200000096069e-05,5.1205999994863305e-05,3.3070000142743083e-06,0.0,5.1205999994863305e-05,0.0,96,False
498,1.908100000491686e-05,4.4626000004655e-05,3.141000007644834e-06,0.0,4.4626000004655e-05,0.0,96,False
499,1.8872999987706862e-05,5.8773000006340226e-05,3.536999997777457e-06,0.0,5.8773000006340226e-05,0.0,96,False
500,2.2139999998671556e-05,4.6179999998230414e-05,2.9420000089430687e-06,0.0,4.6179999998230414e-05,0.0,96,False
501,1.9220000012865057e-05,4.3933000000606626e-05,3.1549999732760625e-06,0.0,4.3933000000606626e-05,0.0,96,False
502,1.8549000003531546e-05,4.444100000000617e-05,3.1159999878127564e-06,0.0,4.444100000000617e-05,0.0,96,False
503,1.8439000001535533e-05,4.383499998539264e-05,3.1329999785612017e-06,0.0,4.383499998539264e-05,0.0,96,False
504,1.857800000948373e-05,4.4182999999975436e-05,3.0770000023494504e-06,0.0,4.4182999999975436e-05,0.0,96,False
505,1.8775999990339187e-05,4.315600000381892e-05,2.8979999910916376e-06,0.0,4.315600000381892e-05,0.0,96,False
506,3.119800001627482e-05,4.7946999984560534e-05,3.15700000896868e-06,0.0,4.7946999984560534e-05,0.0,96,False
507,1.967399998648034e-05,4.426800001056108e-05,2.918999996381899e-06,0.0,4.426800001056108e-05,0.0,96,False
508,1.8640999996932806e-05,4.388199999993958e-05,2.825999985134331e-06,0.0,4.388199999993958e-05,0.0,96,False
509,1.8427000014753503e-05,4.302499999653264e-05,2.6369999943653966e-06,0.0,4.302499999653264e-05,0.0,96,False
510,1.9167999994351703e-05,4.382599999530612e-05,2.9729999937444518e-06,0.0,4.382599999530612e-05,0.0,96,False
511,5.153899999754685e-05,6.920399999899018e-05,3.3289999805674597e-06,0.0,6.920399999899018e-05,0.0,96,False
512,2.1069000013085315e-05,4.587999998761916e-05,2.9320000010102376e-06,0.0,4.587999998761916e-05,0.0,96,False
513,1.9167000004927104e-05,4.480900000203292e-05,2.857999987782023e-06,0.0,4.480900000203292e-05,0.0,96,False
514,1.924000000030901e-05,4.4330999998010157e-05,2.74699999636141e-06,0.0,4.4330999998010157e-05,0.0,96,False
515,1.88859999923352e-05,4.5438000000785905e-05,2.9139999924154836e-06,0.0,4.5438000000785905e-05,0.0,96,False
516,1.881899999034431e-05,4.509199999347402e-05,2.7210000155264424e-06,0.0,4.509199999347402e-05,0.0,96,False
517,1.845200000616387e-05,4.306499999984226e-05,2.7899999963665323e-06,0.0,4.306499999984226e-05,0.0,96,False
518,1.8937000021423955e-05,4.3739999995295875e-05,2.684000008912335e-06,0.0,4.3739999995295875e-05,0.0,96,False
519,1.871399999231471e-05,4.2860999997174076e-05,2.751000010903226e-06,0.0,4.2860999997174076e-05,0.0,96,False
520,1.8345999990287964e-05,4.302499999653264e-05,2.785000020821826e-06,0.0,4.302499999653264e-05,0.0,96,False
521,1.860000000419859e-05,4.292500000246946e-05,2.6810000122168276e-06,0.0,4.292500000246946e-05,0.0,96,False
522,1.832800001011492e-05,4.2793999995183185e-05,2.6970000135406735e-06,0.0,4.2793999995183185e-05,0.0,96,False
523,1.872500001809385e-05,4.3259000022999317e-05,1.3792999993711419e-05,0.0,4.3259000022999317e-05,0.0,96,False
524,2.7383000002600966e-05,4.753000001755936e-05,2.9900000129146065e-06,0.0,4.753000001755936e-05,0.0,96,False
525,1.887400000555317e-05,4.483199998617238e-05,2.857999987782023e-06,0.0,4.483199998617238e-05,0.0,96,False
526,1.8724999989672142e-05,4.352700000254117e-05,2.7520000003278255e-06,0.0,4.352700000254117e-05,0.0,96,False
527,1.8319000020028398e-05,4.254099999911887e-05,2.6970000135406735e-06,0.0,4.254099999911887e-05,0.0,96,False
528,1.844100000880644e-05,4.296899999189918e-05,2.7560000148696417e-06,0.0,4.296899999189918e-05,0.0,96,False
529,1.7912000004116635e-05,6.2354999982972e-05,4.635000010466683e-06,0.0,6.2354999982972e-05,0.0,96,False
530,3.049100001817351e-05,5.4443000010451215e-05,3.40799999776209e-06,0.0,5.4443000010451215e-05,0.0,96,False
531,2.1595999982082503e-05,4.6634000000267406e-05,2.938999983825852e-06,0.0,4.6634000000267406e-05,0.0,96,False
532,1.9451000014214515e-05,4.461500000729757e-05,3.5380000156237656e-06,0.0,4.461500000729757e-05,0.0,96,False
533,1.9143000002941335e-05,4.4196000004603775e-05,3.219999996417755e-06,0.0,4.4196000004603775e-05,0.0,96,False
534,1.9094000009545198e-05,4.380499999001586e-05,3.3320000056846766e-06,0.0,4.380499999001586e-05,0.0,96,False
535,1.8434000025990827e-05,6.712600000469138e-05,2.4830000000974906e-05,0.0,6.712600000469138e-05,0.0,96,False
536,3.069799998911549e-05,5.2951000014900274e-05,3.84100002293053e-06,0.0,5.2951000014900274e-05,0.0,96,False
537,2.0588000012367047e-05,4.57870000047933e-05,3.1190000129299733e-06,0.0,4.57870000047933e-05,0.0,96,False
538,1.9097999995665305e-05,4.3750000003228706e-05,2.9980000135765295e-06,0.0,4.3750000003228706e-05,0.0,96,False
539,1.8984000007549184e-05,4.400400001713933e-05,2.8329999963716546e-06,0.0,4.400400001713933e-05,0.0,96,False
540,1.9242999997004517e-05,4.3362000013758006e-05,2.876999985801376e-06,0.0,4.3362000013758006e-05,0.0,96,False
541,1.8893000003572524e-05,4.3865000009191135e-05,2.8089999943858857e-06,0.0,4.3865000009191135e-05,0.0,96,False
542,1.855400000749796e-05,4.480799998418661e-05,2.6730000115549046e-06,0.0,4.480799998418661e-05,0.0,96,False
543,1.8358000005491704e-05,4.403899998806082e-05,2.6029999844467966e-06,0.0,4.403899998806082e-05,0.0,96,False
544,1.897699999631186e-05,4.403999997748542e-05,2.768999991076271e-06,0.0,4.403999997748542e-05,0.0,96,False
545,2.6085999991209974e-05,4.507899998884568e-05,2.9660000109288376e-06,0.0,4.507899998884568e-05,0.0,96,False
546,1.8662999991647666e-05,4.374499999926229e-05,2.7639999871098553e-06,0.0,4.374499999926229e-05,0.0,96,False
547,1.8826000001581633e-05,7.064700000114499e-05,3.04300002085256e-06,0.0,7.064700000114499e-05,0.0,96,False
548,2.0476000003100125e-05,4.5642999992878686e-05,2.8569999983574235e-06,0.0,4.5642999992878686e-05,0.0,96,False
549,1.9334000000981177e-05,4.6155999996244645e-05,2.9170000175327004e-06,0.0,4.6155999996244645e-05,0.0,96,False
550,1.954699999373588e-05,4.615200001012454e-05,2.8430000043044856e-06,0.0,4.615200001012454e-05,0.0,96,False
551,1.920599999039041e-05,4.4287999998005034e-05,2.989999984492897e-06,0.0,4.4287999998005034e-05,0.0,96,False
552,1.884099998505917e-05,4.382600002372783e-05,2.8229999884388235e-06,0.0,4.382600002372783e-05,0.0,96,False
553,1.8581000006179238e-05,4.454200001191566e-05,2.775000012888995e-06,0.0,4.454200001191566e-05,0.0,96,False
554,1.8438000012110933e-05,4.440600000066297e-05,2.7819999957046093e-06,0.0,4.440600000066297e-05,0.0,96,False
555,1.873700000487588e-05,4.434199999536759e-05,2.6749999904041033e-06,0.0,4.434199999536759e-05,0.0,96,False
556,1.8506999992951023e-05,4.3022999989261734e-05,2.7220000049510418e-06,0.0,4.3022999989261734e-05,0.0,96,False
557,1.8252000018037506e-05,4.2941000003793306e-05,2.870000002985762e-06,0.0,4.2941000003793306e-05,0.0,96,False
558,1.796300000478368e-05,4.3376999997235544e-05,2.663999993046673e-06,0.0,4.3376999997235544e-05,0.0,96,False
559,1.823599998829195e-05,5.4306999999198524e-05,3.371999980572582e-06,0.0,5.4306999999198524e-05,0.0,96,False
560,2.6481999981342597e-05,4.853600000842562e-05,3.5010000090096582e-06,0.0,4.853600000842562e-05,0.0,96,False
561,1.88859999923352e-05,7.14570000184267e-05,3.654000011010794e-06,0.0,7.14570000184267e-05,0.0,96,False
562,2.0976000001837747e-05,4.5961000012084696e-05,3.356999997095045e-06,0.0,4.5961000012084696e-05,0.0,96,False
563,1.9374000004290792e-05,4.5403999990867305e-05,3.19100001888728e-06,0.0,4.5403999990867305e-05,0.0,96,False
564,1.94110000109049e-05,4.4628000011925906e-05,3.126000024167297e-06,0.0,4.4628000011925906e-05,0.0,96,False
565,1.873700000487588e-05,4.334300001573865e-05,3.286999998408646e-06,0.0,4.334300001573865e-05,0.0,96,False
566,1.852099998700396e-05,4.357800000320822e-05,3.1769999964126328e-06,0.0,4.357800000320822e-05,0.0,96,False
567,1.8366000006153627e-05,4.305999999587584e-05,3.2979999957660766e-06,0.0,4.305999999587584e-05,0.0,96,False
568,1.8823000004886126e-05,4.463700000201243e-05,3.108000015572543e-06,0.0,4.463700000201243e-05,0.0,96,False
569,1.8915999987711984e-05,4.433700001982288e-05,2.6769999976750114e-06,0.0,4.433700001982288e-05,0.0,96,False
570,1.854300001014053e-05,4.370900001049449e-05,2.8309999891007465e-06,0.0,4.370900001049449e-05,0.0,96,False
571,1.8151999995552615e-05,4.367800002569311e-05,9.774899999115405e-05,0.0,4.367800002569311e-05,0.0,96,False
572,0.00018910999997956424,0.00012026399997466797,5.235000003267487e-06,0.0,0.00012026399997466797,0.0,96,False
573,2.6902000001882698e-05,5.1274000014700505e-05,3.221000014264064e-06,0.0,5.1274000014700505e-05,0.0,96,False
574,2.0923000022321503e-05,4.735699999969256e-05,2.9619999963870214e-06,0.0,4.735699999969256e-05,0.0,96,False
575,2.0031000019571366e-05,4.632100001344952e-05,2.8120000195031025e-06,0.0,4.632100001344952e-05,0.0,96,False
576,1.9301999998333486e-05,4.5827000008102914e-05,2.9070000095998694e-06,0.0,4.5827000008102914e-05,0.0,96,False
577,1.9157999986418872e-05,4.43460000099094e-05,2.7909999857911316e-06,0.0,4.43460000099094e-05,0.0,96,False
578,8.023500001286266e-05,5.411799998000788e-05,3.3119999898190144e-06,0.0,5.411799998000788e-05,0.0,96,False
579,2.097099999787133e-05,4.618799999889234e-05,2.757000004294241e-06,0.0,4.618799999889234e-05,0.0,96,False
580,1.9145999999636842e-05,4.454099999406935e-05,2.733000002308472e-06,0.0,4.454099999406935e-05,0.0,96,False
581,1.8741000019417697e-05,4.4981999991478006e-05,2.6670000181638898e-06,0.0,4.4981999991478006e-05,0.0,96,False
582,1.9359000020813255e-05,4.5040000003382374e-05,2.8180000128941174e-06,0.0,4.5040000003382374e-05,0.0,96,False
583,1.9028999986403505e-05,4.423600000791339e-05,3.5580000030677184e-06,0.0,4.423600000791339e-05,0.0,96,False
584,1.919400000360838e-05,4.438400000594811e-05,3.3099999825481063e-06,0.0,4.438400000594811e-05,0.0,96,False
585,1.926100000559927e-05,4.4342999984792186e-05,3.0610000010256044e-06,0.0,4.4342999984792186e-05,0.0,96,False
586,1.9350999991729623e-05,4.461300000002666e-05,3.090999996402388e-06,0.0,4.461300000002666e-05,0.0,96,False
587,2.8283000006013026e-05,4.625599999030783e-05,3.2570000030318624e-06,0.0,4.625599999030783e-05,0.0,96,False
588,1.904700002341997e-05,4.454300000134026e-05,3.2670000109646935e-06,0.0,4.454300000134026e-05,0.0,96,False
589,1.8742000008842297e-05,6.318999999166408e-05,3.7049999832561298e-06,0.0,6.318999999166408e-05,0.0,96,False
590,2.1567999993976628e-05,4.7203999997691426e-05,3.3100000109698158e-06,0.0,4.7203999997691426e-05,0.0,96,False
591,1.9223999998985164e-05,4.567300001667718e-05,3.211999995755832e-06,0.0,4.567300001667718e-05,0.0,96,False
592,1.958100000365448e-05,4.545300001268515e-05,3.2549999957609543e-06,0.0,4.545300001268515e-05,0.0,96,False
593,1.956899998845074e-05,4.420399997684399e-05,3.1339999964075105e-06,0.0,4.420399997684399e-05,0.0,96,False
594,1.8763000014132558e-05,4.408499998476145e-05,3.1689999957507098e-06,0.0,4.408499998476145e-05,0.0,96,False
595,1.84649999823705e-05,4.378099998803009e-05,2.9560000029960065e-06,0.0,4.378099998803009e-05,0.0,96,False
596,1.8233999981021043e-05,4.443299999934425e-05,3.1440000043403415e-06,0.0,4.443299999934425e-05,0.0,96,False
597,1.8572000016092716e-05,4.3752000010499614e-05,2.9859999983727903e-06,0.0,4.3752000010499614e-05,0.0,96,False
598,1.8401000005496826e-05,4.3009999984633396e-05,3.125000006320988e-06,0.0,4.3009999984633396e-05,0.0,96,False
599,1.803099999619917e-05,4.288899998527995e-05,3.0070000036630518e-06,0.0,4.288899998527995e-05,0.0,96,False
600,1.822599998035912e-05,4.391400000258727e-05,3.2330000010460935e-06,0.0,4.391400000258727e-05,0.0,96,False
601,1.8470000014758625e-05,4.345299998931296e-05,3.0550000076345896e-06,0.0,4.345299998931296e-05,0.0,96,False
602,3.338700000199424e-05,4.924899999991794e-05,3.211999995755832e-06,0.0,4.924899999991794e-05,0.0,96,False
603,1.903399999036992e-05,4.4389999999339125e-05,3.120999991779172e-06,0.0,4.4389999999339125e-05,0.0,96,False
604,1.8562000008159885e-05,4.398499999069827e-05,2.880000010918593e-06,0.0,4.398499999069827e-05,0.0,96,False
605,1.8664999998918574e-05,4.355599998007165e-05,2.786999999671025e-06,0.0,4.355599998007165e-05,0.0,96,False
606,1.8764999992981757e-05,4.383899999993446e-05,2.7860000102464255e-06,0.0,4.383899999993446e-05,0.0,96,False
607,1.7915999990236742e-05,4.292799999916497e-05,2.672999983133195e-06,0.0,4.292799999916497e-05,0.0,96,False
608,1.7908999978999418e-05,4.3055000020331136e-05,2.742999981819594e-06,0.0,4.3055000020331136e-05,0.0,96,False
609,1.8267999990939643e-05,4.327500002432316e-05,2.6599999785048567e-06,0.0,4.327500002432316e-05,0.0,96,False
610,1.8171000021993677e-05,4.229799998256567e-05,2.762999997685256e-06,0.0,4.229799998256567e-05,0.0,96,False
611,1.8027999999503663e-05,4.3363000003182606e-05,2.7039999963562877e-06,0.0,4.3363000003182606e-05,0.0,96,False
612,1.8083000014712525e-05,4.301600000644612e-05,3.0779999917740497e-06,0.0,4.301600000644612e-05,0.0,96,False
613,1.8002000018668696e-05,4.242200000703633e-05,2.4355999983072252e-05,0.0,4.242200000703633e-05,0.0,96,False
614,2.141599998140009e-05,0.0001336750000007214,7.6190000015685655e-06,0.0,0.0001336750000007214,0.0,96,False
615,4.2522000001099514e-05,6.887799997912225e-05,4.67300000650539e-06,0.0,6.887799997912225e-05,0.0,96,False
616,2.6862999987997682e-05,5.5057000025726666e-05,4.063000005771755e-06,0.0,5.5057000025726666e-05,0.0,96,False
617,2.3954999988973213e-05,5.085699999085591e-05,3.881999987243034e-06,0.0,5.085699999085591e-05,0.0,96,False
618,2.1995999986756942e-05,4.8960000015085825e-05,3.6170000043966866e-06,0.0,4.8960000015085825e-05,0.0,96,False
619,2.0867000017688042e-05,4.795399999579786e-05,3.5060000129760738e-06,0.0,4.795399999579786e-05,0.0,96,False
620,2.050600002689862e-05,4.6795000002930465e-05,3.3609999832151516e-06,0.0,4.6795000002930465e-05,0.0,96,False
621,1.992499997527375e-05,4.615000000285363e-05,3.058000004330097e-06,0.0,4.615000000285363e-05,0.0,96,False
622,1.9301999998333486e-05,4.636700001015015e-05,3.0910000248240976e-06,0.0,4.636700001015015e-05,0.0,96,False
623,1.9620000017539496e-05,4.5233999998117724e-05,2.942999998367668e-06,0.0,4.5233999998117724e-05,0.0,96,False
624,1.946800000496296e-05,4.562300000543473e-05,2.991999991763805e-06,0.0,4.562300000543473e-05,0.0,96,False
625,1.9086000008883275e-05,4.449499999736872e-05,2.7539999791770242e-06,0.0,4.449499999736872e-05,0.0,96,False
626,1.916200000096069e-05,4.5347000025230955e-05,2.8309999891007465e-06,0.0,4.5347000025230955e-05,0.0,96,False
627,1.9016999999621476e-05,4.4673000019201936e-05,2.819999991743316e-06,0.0,4.4673000019201936e-05,0.0,96,False
628,2.0000999995772872e-05,4.544300000475232e-05,3.1350000142538192e-06,0.0,4.544300000475232e-05,0.0,96,False
629,1.928499997916333e-05,4.5163999999431326e-05,3.055999997059189e-06,0.0,4.5163999999431326e-05,0.0,96,False
630,1.8798000013475757e-05,4.431899998280642e-05,3.5680000110005494e-06,0.0,4.431899998280642e-05,0.0,96,False
631,1.887500002339948e-05,4.406299999004659e-05,3.227999997079678e-06,0.0,4.406299999004659e-05,0.0,96,False
632,1.8711999985043803e-05,4.366400000321846e-05,2.9059999917535606e-06,0.0,4.366400000321846e-05,0.0,96,False
633,3.9979000007406285e-05,5.857299998979215e-05,3.284999991137738e-06,0.0,5.857299998979215e-05,0.0,96,False
634,2.027700000439836e-05,4.590300000018033e-05,2.96399997523622e-06,0.0,4.590300000018033e-05,0.0,96,False
635,1.9326999989743854e-05,4.511000000206877e-05,3.0000000208474376e-06,0.0,4.511000000206877e-05,0.0,96,False
636,1.9476000005624883e-05,4.553799999484909e-05,2.829999999676147e-06,0.0,4.553799999484909e-05,0.0,96,False
637,1.9213000001627734e-05,4.433600000197657e-05,2.83800000033807e-06,0.0,4.433600000197657e-05,0.0,96,False
638,1.880800002140859e-05,4.532200000539888e-05,3.0970000182151125e-06,0.0,4.532200000539888e-05,0.0,96,False
639,1.8820999997615218e-05,4.3761000000586137e-05,2.9740000115907606e-06,0.0,4.3761000000586137e-05,0.0,96,False
640,1.8582000024025547e-05,4.2999999976700565e-05,2.9689999792026356e-06,0.0,4.2999999976700565e-05,0.0,96,False
641,1.81460000021616e-05,4.389700001183883e-05,2.9099999778736674e-06,0.0,4.389700001183883e-05,0.0,96,False
642,1.7976999998836618e-05,4.3957999992016994e-05,2.892999987125222e-06,0.0,4.3957999992016994e-05,0.0,96,False
643,1.837300001739095e-05,4.27639999998064e-05,2.92900000431473e-06,0.0,4.27639999998064e-05,0.0,96,False
644,1.822400000150992e-05,4.235800000174095e-05,2.8160000056232093e-06,0.0,4.235800000174095e-05,0.0,96,False
645,1.8342000004167858e-05,4.2828999994526384e-05,2.7290000161883654e-06,0.0,4.2828999994526384e-05,0.0,96,False
646,1.846600000021681e-05,4.299099998661404e-05,3.052000010939082e-06,0.0,4.299099998661404e-05,0.0,96,False
647,1.7976999998836618e-05,4.3490999985351664e-05,3.4960000050432427e-06,0.0,4.3490999985351664e-05,0.0,96,False
648,1.8229000005476337e-05,4.372399999397203e-05,3.5900000057154102e-06,0.0,4.372399999397203e-05,0.0,96,False
649,1.8584000002874745e-05,4.421299999535222e-05,3.399999997100167e-06,0.0,4.421299999535222e-05,0.0,96,False
650,1.8607000015435915e-05,4.417700000658442e-05,3.2650000036937854e-06,0.0,4.417700000658442e-05,0.0,96,False
651,1.9121999997651073e-05,4.285800000047857e-05,3.104999990455326e-06,0.0,4.285800000047857e-05,0.0,96,False
652,1.7909999996845727e-05,4.36429999979282e-05,3.241999991132616e-06,0.0,4.36429999979282e-05,0.0,96,False
653,1.8242000010104675e-05,4.218799998056966e-05,3.2369999871662003e-06,0.0,4.218799998056966e-05,0.0,96,False
654,1.7842000005430236e-05,4.102200000488665e-05,3.0790000096203585e-06,0.0,4.102200000488665e-05,0.0,96,False
655,1.7721000006076792e-05,4.1199000008873554e-05,2.9960000063056214e-06,0.0,4.1199000008873554e-05,0.0,96,False
656,1.7513000017288505e-05,4.133699999897544e-05,3.132000017558312e-06,0.0,4.133699999897544e-05,0.0,96,False
657,1.7692999989549207e-05,4.122899997582863e-05,2.9809999944063748e-06,0.0,4.122899997582863e-05,0.0,96,False
658,1.7823999996835482e-05,6.15430000152628e-05,3.528999997115534e-06,0.0,6.15430000152628e-05,0.0,96,False
659,1.9686999991108678e-05,4.369899997413995e-05,3.106999997726234e-06,0.0,4.369899997413995e-05,0.0,96,False
660,2.073400000313086e-05,6.159900001989627e-05,4.700999994611266e-06,0.0,6.159900001989627e-05,0.0,96,False
661,2.3792000007460956e-05,4.568300002461001e-05,3.5770000010870717e-06,0.0,4.568300002461001e-05,0.0,96,False
662,1.9875000020874722e-05,4.3981000004578163e-05,3.24800001294534e-06,0.0,4.3981000004578163e-05,0.0,96,False
663,1.861499998767613e-05,4.305900000645124e-05,3.118999984508264e-06,0.0,4.305900000645124e-05,0.0,96,False
664,1.8404999991616933e-05,4.2316999980585024e-05,3.161999984513386e-06,0.0,4.2316999980585024e-05,0.0,96,False
665,1.7640000010032963e-05,4.278899999121677e-05,3.197000012278295e-06,0.0,4.278899999121677e-05,0.0,96,False
666,1.787300001865333e-05,4.137299998774324e-05,3.2180000175685564e-06,0.0,4.137299998774324e-05,0.0,96,False
667,1.7456999984233335e-05,4.1335999981129135e-05,3.1070000261479436e-06,0.0,4.1335999981129135e-05,0.0,96,False
668,1.729000001660097e-05,4.2163000017581e-05,3.0429999924308504e-06,0.0,4.2163000017581e-05,0.0,96,False
669,1.816700000745186e-05,7.406699998568911e-05,4.323000013073397e-06,0.0,7.406699998568911e-05,0.0,96,False
670,2.378799999291914e-05,4.70870000128798e-05,3.375000005689799e-06,0.0,4.70870000128798e-05,0.0,96,False
671,1.9795999975258383e-05,4.382899999200163e-05,3.3359999918047833e-06,0.0,4.382899999200163e-05,0.0,96,False
672,1.8787000016118327e-05,4.352700000254117e-05,3.199999980552093e-06,0.0,4.352700000254117e-05,0.0,96,False
673,1.8581000006179238e-05,4.424799999469542e-05,3.116000016234466e-06,0.0,4.424799999469542e-05,0.0,96,False
674,1.8904000000929955e-05,4.289199998197546e-05,2.8999999983625457e-06,0.0,4.289199998197546e-05,0.0,96,False
675,1.8709000016770005e-05,4.2659000001776803e-05,2.749000003632318e-06,0.0,4.2659000001776803e-05,0.0,96,False
676,1.8585000020721054e-05,4.3443999999226435e-05,2.8409999970335775e-06,0.0,4.3443999999226435e-05,0.0,96,False
677,1.8310000001520166e-05,4.213900001559523e-05,2.7559999864479323e-06,0.0,4.213900001559523e-05,0.0,96,False
678,1.742599999943195e-05,4.220599998916441e-05,2.9279999864684214e-06,0.0,4.220599998916441e-05,0.0,96,False
679,1.8399999987650517e-05,4.348199999526514e-05,1.1981999989529868e-05,0.0,4.348199999526514e-05,0.0,96,False
680,2.604299999120485e-05,4.5951999993576464e-05,2.7119999970182107e-06,0.0,4.5951999993576464e-05,0.0,96,False
681,1.8199999999524152e-05,4.2976999992561105e-05,2.7819999957046093e-06,0.0,4.2976999992561105e-05,0.0,96,False
682,1.8082999986290815e-05,4.2122999985849674e-05,2.801000022145672e-06,0.0,4.2122999985849674e-05,0.0,96,False
683,1.786199999287419e-05,4.9335999989352786e-05,2.696999985118964e-06,0.0,4.9335999989352786e-05,0.0,96,False
684,1.8901000004234447e-05,4.3615000009822325e-05,2.585000004273752e-06,0.0,4.3615000009822325e-05,0.0,96,False
685,1.8025000002808156e-05,4.2122999985849674e-05,2.6849999983369344e-06,0.0,4.2122999985849674e-05,0.0,96,False
686,1.830600001540006e-05,4.3057999988604934e-05,2.7339999917330715e-06,0.0,4.3057999988604934e-05,0.0,96,False
687,1.7560999992838333e-05,4.2669000009709634e-05,2.6410000089072128e-06,0.0,4.2669000009709634e-05,0.0,96,False
688,1.7898000010063697e-05,4.2180000008329444e-05,3.195999994431986e-06,0.0,4.2180000008329444e-05,0.0,96,False
689,1.755400001002272e-05,4.289299999982177e-05,2.7929999930620397e-06,0.0,4.289299999982177e-05,0.0,96,False
690,1.7669000015985148e-05,4.259199999978591e-05,2.4980999995705133e-05,0.0,4.259199999978591e-05,0.0,96,False
691,2.0523999978649954e-05,4.424499999799991e-05,3.090999996402388e-06,0.0,4.424499999799991e-05,0.0,96,False
692,1.8380999989631164e-05,4.413100000988379e-05,3.096999989793403e-06,0.0,4.413100000988379e-05,0.0,96,False
693,1.9020000024738692e-05,4.406200000062199e-05,2.7459999785151012e-06,0.0,4.406200000062199e-05,0.0,96,False
694,1.8277999998872474e-05,4.225300000371135e-05,2.6390000016363047e-06,0.0,4.225300000371135e-05,0.0,96,False
695,1.843000001144901e-05,4.218300000502495e-05,2.56499998840809e-06,0.0,4.218300000502495e-05,0.0,96,False
696,1.784799999882125e-05,4.2919999998503044e-05,2.5880000009692594e-06,0.0,4.2919999998503044e-05,0.0,96,False
697,1.819099998101592e-05,4.2041000000381246e-05,2.5539999910506594e-06,0.0,4.2041000000381246e-05,0.0,96,False
698,1.774699998691176e-05,5.914600001233339e-05,4.193999984636321e-06,0.0,5.914600001233339e-05,0.0,96,False
699,2.2916999995459264e-05,4.584100000215585e-05,3.0779999917740497e-06,0.0,4.584100000215585e-05,0.0,96,False
700,1.893199998903583e-05,4.382200000918601e-05,2.8240000062851323e-06,0.0,4.382200000918601e-05,0.0,96,False
701,1.8879000009519586e-05,7.577399998126566e-05,3.5219999858782103e-06,0.0,7.577399998126566e-05,0.0,96,False
702,2.3827000006804155e-05,4.823400001896516e-05,3.6129999898548704e-06,0.0,4.823400001896516e-05,0.0,96,False
703,1.9224999988409763e-05,4.393800000457304e-05,2.89499999439613e-06,0.0,4.393800000457304e-05,0.0,96,False
704,1.840699999888784e-05,4.253800000242336e-05,2.87200001025667e-06,0.0,4.253800000242336e-05,0.0,96,False
705,1.8312999998215673e-05,4.192500000499422e-05,2.7680000016516715e-06,0.0,4.192500000499422e-05,0.0,96,False
706,1.7740999993520745e-05,4.341899997939436e-05,2.668000007588489e-06,0.0,4.341899997939436e-05,0.0,96,False
707,1.7536000001427965e-05,4.0959000017437575e-05,2.8350000036425627e-06,0.0,4.0959000017437575e-05,0.0,96,False
708,1.7970999977023894e-05,4.174899999043191e-05,2.545000000964137e-06,0.0,4.174899999043191e-05,0.0,96,False
709,1.789699999221739e-05,4.259300001763222e-05,2.684000008912335e-06,0.0,4.259300001763222e-05,0.0,96,False
710,1.7853999992212266e-05,4.2430000007698254e-05,2.6230000003124587e-06,0.0,4.2430000007698254e-05,0.0,96,False
711,1.7842999994854836e-05,4.1869000000360757e-05,2.6080000168349216e-06,0.0,4.1869000000360757e-05,0.0,96,False
712,1.7753999998149084e-05,4.214800000568175e-05,3.147000001035849e-06,0.0,4.214800000568175e-05,0.0,96,False
713,1.833799998962604e-05,4.2291999989174656e-05,3.044000010277159e-06,0.0,4.2291999989174656e-05,0.0,96,False
714,1.7716000002110377e-05,4.2337000024872395e-05,2.8659999884439458e-06,0.0,4.2337000024872395e-05,0.0,96,False
715,1.7535000012003366e-05,4.16049999785173e-05,2.8399999791872688e-06,0.0,4.16049999785173e-05,0.0,96,False
716,1.773399998228342e-05,4.1723999999021544e-05,2.6959999956943648e-06,0.0,4.1723999999021544e-05,0.0,96,False
717,1.7866999996840605e-05,4.202799999575291e-05,3.0019999996966362e-06,0.0,4.202799999575291e-05,0.0,96,False
718,1.7099000018561128e-05,4.19209999904524e-05,2.9320000010102376e-06,0.0,4.19209999904524e-05,0.0,96,False
719,1.6735000002654488e-05,4.0892000015446683e-05,2.819999991743316e-06,0.0,4.0892000015446683e-05,0.0,96,False
720,1.757399999746667e-05,4.207099999575803e-05,3.0589999937546963e-06,0.0,4.207099999575803e-05,0.0,96,False
721,1.7493000001422843e-05,4.126100000689803e-05,2.6400000194826134e-06,0.0,4.126100000689803e-05,0.0,96,False
722,1.9207999997661318e-05,4.278000000113025e-05,2.6550000029601506e-06,0.0,4.278000000113025e-05,0.0,96,False
723,1.7567000014651057e-05,4.106999998043648e-05,3.0610000010256044e-06,0.0,4.106999998043648e-05,0.0,96,False
724,1.78270000219527e-05,4.107899999894471e-05,3.0160000221712835e-06,0.0,4.107899999894471e-05,0.0,96,False
725,1.799800000412688e-05,4.1143000004240093e-05,2.6360000049407972e-06,0.0,4.1143000004240093e-05,0.0,96,False
726,1.7718000009381285e-05,4.168300000628733e-05,2.7980000254501647e-06,0.0,4.168300000628733e-05,0.0,96,False
727,1.7315999997435938e-05,5.425500000910688e-05,4.815000011149095e-06,0.0,5.425500000910688e-05,0.0,96,False
728,3.585900000757647e-05,5.354799998258386e-05,3.6899999997785926e-06,0.0,5.354799998258386e-05,0.0,96,False
729,1.981100001557934e-05,4.497499998024068e-05,3.2739999937803077e-06,0.0,4.497499998024068e-05,0.0,96,False
730,1.9016999999621476e-05,4.331099998466925e-05,3.280000015593032e-06,0.0,4.331099998466925e-05,0.0,96,False
731,1.848900001277798e-05,4.258199999185308e-05,2.979000015557176e-06,0.0,4.258199999185308e-05,0.0,96,False
732,1.852200000485027e-05,4.216199999973469e-05,2.841999986458177e-06,0.0,4.216199999973469e-05,0.0,96,False
733,1.7796999998154206e-05,4.2486000012331715e-05,2.7359999990039796e-06,0.0,4.2486000012331715e-05,0.0,96,False
734,2.5271000026805268e-05,4.3704000006528076e-05,2.8430000043044856e-06,0.0,4.3704000006528076e-05,0.0,96,False
735,1.7544000002089888e-05,4.24119999991035e-05,2.8109999732350843e-06,0.0,4.24119999991035e-05,0.0,96,False
736,1.8346000018709674e-05,4.1895000009617434e-05,2.6810000122168276e-06,0.0,4.1895000009617434e-05,0.0,96,False
737,1.7625999987558316e-05,4.1803000016216174e-05,2.6830000194877357e-06,0.0,4.1803000016216174e-05,0.0,96,False
738,1.7514999996137703e-05,4.164899999636873e-05,2.6460000128736283e-06,0.0,4.164899999636873e-05,0.0,96,False
739,1.7627000005404625e-05,4.204799998319686e-05,2.6480000201445364e-06,0.0,4.204799998319686e-05,0.0,96,False
740,1.73720000020694e-05,4.136100000096121e-05,3.171000003021618e-06,0.0,4.136100000096121e-05,0.0,96,False
741,1.7991000021311265e-05,4.113800000027368e-05,3.1980000017028942e-06,0.0,4.113800000027368e-05,0.0,96,False
742,1.7646999992848578e-05,4.183999999440857e-05,3.090000006977789e-06,0.0,4.183999999440857e-05,0.0,96,False
743,1.751700000340861e-05,4.2155000016919075e-05,3.0460000175480673e-06,0.0,4.2155000016919075e-05,0.0,96,False
744,1.7982000002803034e-05,4.171699998778422e-05,3.0879999997068808e-06,0.0,4.171699998778422e-05,0.0,96,False
745,1.832699999226861e-05,4.3476999991298726e-05,3.29400000964597e-06,0.0,4.3476999991298726e-05,0.0,96,False
746,1.797300001271651e-05,4.288700000643075e-05,3.233999990470693e-06,0.0,4.288700000643075e-05,0.0,96,False
747,1.8217000018694307e-05,4.192599999441882e-05,2.9059999917535606e-06,0.0,4.192599999441882e-05,0.0,96,False
748,1.8173000000842876e-05,4.256099998656282e-05,3.0000000208474376e-06,0.0,4.256099998656282e-05,0.0,96,False
749,1.7741999982945345e-05,4.139899999699992e-05,3.0879999997068808e-06,0.0,4.139899999699992e-05,0.0,96,False
750,1.7714999984264068e-05,4.090999999561973e-05,2.821999999014224e-06,0.0,4.090999999561973e-05,0.0,96,False
751,1.7819000021290776e-05,4.1014999993649326e-05,2.6040000022931054e-06,0.0,4.1014999993649326e-05,0.0,96,False
752,1.7842999994854836e-05,4.0845000000899745e-05,2.674000000979504e-06,0.0,4.0845000000899745e-05,0.0,96,False
753,1.7590999988215117e-05,5.641699999614502e-05,3.1780000142589415e-06,0.0,5.641699999614502e-05,0.0,96,False
754,2.21559999999954e-05,4.5369000019945815e-05,3.152999994426864e-06,0.0,4.5369000019945815e-05,0.0,96,False
755,1.840799998831244e-05,4.261500001234708e-05,3.2430000089789246e-06,0.0,4.261500001234708e-05,0.0,96,False
756,1.838400001474838e-05,4.251400000043759e-05,2.989000023490007e-06,0.0,4.251400000043759e-05,0.0,96,False
757,1.7830000018648207e-05,5.826800000363619e-05,3.28299998386683e-06,0.0,5.826800000363619e-05,0.0,96,False
758,2.0215000006373884e-05,4.417700000658442e-05,2.706000003627196e-06,0.0,4.417700000658442e-05,0.0,96,False
759,1.8250000010766598e-05,4.243699999051387e-05,3.0550000076345896e-06,0.0,4.243699999051387e-05,0.0,96,False
760,1.816799999687646e-05,4.1949000006979986e-05,3.092000014248697e-06,0.0,4.1949000006979986e-05,0.0,96,False
761,1.7754999987573683e-05,4.15330000009817e-05,3.0200000082913903e-06,0.0,4.15330000009817e-05,0.0,96,False
762,1.8000000011397788e-05,4.3500000003859896e-05,3.24800001294534e-06,0.0,4.3500000003859896e-05,0.0,96,False
763,1.81460000021616e-05,4.3967000010525226e-05,3.112999991117249e-06,0.0,4.3967000010525226e-05,0.0,96,False
764,1.8205999992915167e-05,4.3422000004511574e-05,2.9359999871303444e-06,0.0,4.3422000004511574e-05,0.0,96,False
765,1.8127000004142246e-05,4.155499999569656e-05,3.230000004350586e-06,0.0,4.155499999569656e-05,0.0,96,False
766,1.8208000000186075e-05,4.248300001563621e-05,3.13400002482922e-06,0.0,4.248300001563621e-05,0.0,96,False
767,1.9118000011530967e-05,4.266199999847231e-05,2.040100000044731e-05,0.0,4.266199999847231e-05,0.0,96,False
768,2.0589000001791646e-05,4.3660000017098355e-05,3.195999994431986e-06,0.0,4.3660000017098355e-05,0.0,96,False
769,1.8090999986952738e-05,4.2188000008991366e-05,3.112999991117249e-06,0.0,4.2188000008991366e-05,0.0,96,False
770,1.8173000000842876e-05,4.216199999973469e-05,3.4800000037193968e-06,0.0,4.216199999973469e-05,0.0,96,False
771,1.7890999998826373e-05,4.142299999898569e-05,3.0870000102822814e-06,0.0,4.142299999898569e-05,0.0,96,False
772,1.7482000004065412e-05,4.202100001293729e-05,3.1690000241724192e-06,0.0,4.202100001293729e-05,0.0,96,False
773,1.757699999416218e-05,4.135099999302838e-05,3.0829999957404652e-06,0.0,4.135099999302838e-05,0.0,96,False
774,1.7196000015928803e-05,4.170599999042679e-05,3.0200000082913903e-06,0.0,4.170599999042679e-05,0.0,96,False
775,1.7503000009355674e-05,4.129699999566583e-05,2.7520000003278255e-06,0.0,4.129699999566583e-05,0.0,96,False
776,3.374199999939265e-05,4.69130000055884e-05,3.1350000142538192e-06,0.0,4.69130000055884e-05,0.0,96,False
777,1.8541000002869623e-05,4.2704000009052834e-05,2.5740000069163216e-06,0.0,4.2704000009052834e-05,0.0,96,False
778,1.7891999988250973e-05,4.168600000298284e-05,2.5549999804752588e-06,0.0,4.168600000298284e-05,0.0,96,False
779,1.7651999996814993e-05,4.202299999178649e-05,2.56499998840809e-06,0.0,4.202299999178649e-05,0.0,96,False
780,1.7714999984264068e-05,4.282300000113537e-05,2.660000006926566e-06,0.0,4.282300000113537e-05,0.0,96,False
781,1.7983000020649342e-05,4.221800000436815e-05,2.851999994391008e-06,0.0,4.221800000436815e-05,0.0,96,False
782,1.7976999998836618e-05,4.2669000009709634e-05,2.700000010236181e-06,0.0,4.2669000009709634e-05,0.0,96,False
783,1.7673000002105255e-05,4.2043000007652154e-05,2.5960000016311824e-06,0.0,4.2043000007652154e-05,0.0,96,False
784,1.7559999974992024e-05,4.1519000006928763e-05,2.674000000979504e-06,0.0,4.1519000006928763e-05,0.0,96,False
785,1.704199999608136e-05,4.881500001374661e-05,2.8109999732350843e-06,0.0,4.881500001374661e-05,0.0,96,False
786,1.8084999993561723e-05,4.263200000309553e-05,2.5939999943602743e-06,0.0,4.263200000309553e-05,0.0,96,False
787,1.8014000005450725e-05,4.2510000014317484e-05,2.666000000317581e-06,0.0,4.2510000014317484e-05,0.0,96,False
788,1.8075000014050602e-05,4.275799997799368e-05,2.5859999936983513e-06,0.0,4.275799997799368e-05,0.0,96,False
789,1.8218999997543506e-05,4.188700000895551e-05,2.633999997669889e-06,0.0,4.188700000895551e-05,0.0,96,False
790,1.813299999753326e-05,4.1766999999026666e-05,2.581999979156535e-06,0.0,4.1766999999026666e-05,0.0,96,False
791,1.7570000011346565e-05,4.2018000016241785e-05,2.5410000148440304e-06,0.0,4.2018000016241785e-05,0.0,96,False
792,1.7744999979640852e-05,4.17429999970409e-05,2.725000001646549e-06,0.0,4.17429999970409e-05,0.0,96,False
793,1.7408000019258907e-05,4.1584999991073346e-05,3.1530000228485733e-06,0.0,4.1584999991073346e-05,0.0,96,False
794,1.7377000006035814e-05,4.142399998841029e-05,3.116000016234466e-06,0.0,4.142399998841029e-05,0.0,96,False
795,1.7591000016636826e-05,4.120100001614446e-05,3.167999977904401e-06,0.0,4.120100001614446e-05,0.0,96,False
796,1.780400000939153e-05,4.129600000624123e-05,2.6939999884234567e-06,0.0,4.129600000624123e-05,0.0,96,False
797,1.738299999942683e-05,4.14639999917199e-05,2.6029999844467966e-06,0.0,4.14639999917199e-05,0.0,96,False
798,1.7659999997476916e-05,4.0866999995614606e-05,2.5719999996454135e-06,0.0,4.0866999995614606e-05,0.0,96,False
799,3.291800001647971e-05,4.71230000016476e-05,2.829999999676147e-06,0.0,4.71230000016476e-05,0.0,96,False
800,1.8675000006851405e-05,4.3410999978732434e-05,2.6909999917279492e-06,0.0,4.3410999978732434e-05,0.0,96,False
801,1.781499997832725e-05,4.265199999053948e-05,3.0770000023494504e-06,0.0,4.265199999053948e-05,0.0,96,False
802,1.795200000742625e-05,4.205799999112969e-05,3.2290000149259868e-06,0.0,4.205799999112969e-05,0.0,96,False
803,1.7694999996820115e-05,4.276800001434822e-05,3.108000015572543e-06,0.0,4.276800001434822e-05,0.0,96,False
804,1.8049999994218524e-05,4.27639999998064e-05,3.0579999759083876e-06,0.0,4.27639999998064e-05,0.0,96,False
805,1.814399999489069e-05,4.170400001157759e-05,3.1540000122731726e-06,0.0,4.170400001157759e-05,0.0,96,False
806,1.7557000006718226e-05,4.1689999989102944e-05,3.0009999818503275e-06,0.0,4.1689999989102944e-05,0.0,96,False
807,1.806500000611777e-05,4.152200000362427e-05,2.983999991101882e-06,0.0,4.152200000362427e-05,0.0,96,False
808,1.8151999995552615e-05,4.2089000004352783e-05,3.0790000096203585e-06,0.0,4.2089000004352783e-05,0.0,96,False
809,1.7694999996820115e-05,4.3816000015795e-05,3.1769999964126328e-06,0.0,4.3816000015795e-05,0.0,96,False
810,1.869200002602156e-05,4.3056999999180334e-05,3.397999989829259e-06,0.0,4.3056999999180334e-05,0.0,96,False
811,1.8375999985664748e-05,4.3707000003223584e-05,3.2289999865042773e-06,0.0,4.3707000003223584e-05,0.0,96,False
812,1.905700000293109e-05,6.782899998825087e-05,3.4419999792589806e-06,0.0,6.782899998825087e-05,0.0,96,False
813,2.221500000132437e-05,4.699000001551212e-05,5.835700000034194e-05,0.0,4.699000001551212e-05,0.0,96,False
814,7.235199998945063e-05,7.58580000024267e-05,4.952000011826385e-06,0.0,7.58580000024267e-05,0.0,96,False
815,2.7406000015162135e-05,5.435999997871477e-05,4.065000013042663e-06,0.0,5.435999997871477e-05,0.0,96,False
816,2.3204000001442182e-05,5.0683000011986223e-05,4.106999995201477e-06,0.0,5.0683000011986223e-05,0.0,96,False
817,2.1129999993263482e-05,0.0001406700000075034,4.279000023643675e-06,0.0,0.0001406700000075034,0.0,96,False
818,2.4042999996254366e-05,5.0442000002703935e-05,3.5239999931491184e-06,0.0,5.0442000002703935e-05,0.0,96,False
819,2.2058000013203127e-05,4.8708000008446106e-05,3.3000000030369847e-06,0.0,4.8708000008446106e-05,0.0,96,False
820,2.0774000006440474e-05,4.767499999047686e-05,3.165000009630603e-06,0.0,4.767499999047686e-05,0.0,96,False
821,2.0239000008359653e-05,5.437199999391851e-05,3.953999993200341e-06,0.0,5.437199999391851e-05,0.0,96,False
822,2.1419999995941907e-05,4.725900001290029e-05,3.0610000010256044e-06,0.0,4.725900001290029e-05,0.0,96,False
823,1.9917000003033536e-05,4.559499998890715e-05,3.4509999977672123e-06,0.0,4.559499998890715e-05,0.0,96,False
824,2.0090000020900334e-05,4.531499999416155e-05,2.922000021499116e-06,0.0,4.531499999416155e-05,0.0,96,False
825,1.951400000166359e-05,4.6177999990959506e-05,3.0690000016875274e-06,0.0,4.6177999990959506e-05,0.0,96,False
826,1.9428999991077944e-05,4.4458000019176325e-05,2.8609999844775302e-06,0.0,4.4458000019176325e-05,0.0,96,False
827,1.920400001154121e-05,4.460399998151843e-05,3.304999978581691e-06,0.0,4.460399998151843e-05,0.0,96,False
828,1.905700000293109e-05,4.37470000065332e-05,2.8009999937239627e-06,0.0,4.37470000065332e-05,0.0,96,False
829,1.8930000010186632e-05,4.422700001782687e-05,2.7179999904092256e-06,0.0,4.422700001782687e-05,0.0,96,False
830,1.8859000022075634e-05,4.4504000015876954e-05,2.75800002214055e-06,0.0,4.4504000015876954e-05,0.0,96,False
831,1.8939000000273154e-05,4.4548000005306676e-05,2.817999984472408e-06,0.0,4.4548000005306676e-05,0.0,96,False
832,2.846000000999993e-05,4.440300000396746e-05,3.3679999944524752e-06,0.0,4.440300000396746e-05,0.0,96,False
833,1.8971000002920846e-05,8.114199999909033e-05,4.8720000052071555e-06,0.0,8.114199999909033e-05,0.0,96,False
834,2.526899999111265e-05,4.876099998796235e-05,3.6579999971309007e-06,0.0,4.876099998796235e-05,0.0,96,False
835,2.0817000006445596e-05,4.614700000615812e-05,3.418000005694921e-06,0.0,4.614700000615812e-05,0.0,96,False
836,1.967499997590494e-05,4.567099998098456e-05,3.3379999990756914e-06,0.0,4.567099998098456e-05,0.0,96,False
837,1.9439999988435375e-05,4.512799998224182e-05,3.280000015593032e-06,0.0,4.512799998224182e-05,0.0,96,False
838,1.926199999502387e-05,4.446600001983825e-05,2.9660000109288376e-06,0.0,4.446600001983825e-05,0.0,96,False
839,1.934400000891401e-05,4.4801000001370994e-05,3.3299999984137685e-06,0.0,4.4801000001370994e-05,0.0,96,False
840,1.89900000009402e-05,4.537599997433972e-05,3.2080000096357253e-06,0.0,4.537599997433972e-05,0.0,96,False
841,1.8951999976479783e-05,8.283900001515576e-05,4.834999998593048e-06,0.0,8.283900001515576e-05,0.0,96,False
842,2.5940000000446162e-05,5.047299998750532e-05,3.2879999878332455e-06,0.0,5.047299998750532e-05,0.0,96,False
843,2.0748999986608396e-05,0.00016752199999814366,6.468000009363095e-06,0.0,0.00016752199999814366,0.0,96,False
844,3.461599999354803e-05,5.9036999999761974e-05,0.0001820960000031846,0.0,5.9036999999761974e-05,0.0,96,False
845,3.6797000007027236e-05,5.842800001687465e-05,4.106999995201477e-06,0.0,5.842800001687465e-05,0.0,96,False
846,2.3682999994889542e-05,5.178000000682914e-05,3.5219999858782103e-06,0.0,5.178000000682914e-05,0.0,96,False
847,2.1863999990046068e-05,4.872700000646546e-05,3.402000004371075e-06,0.0,4.872700000646546e-05,0.0,96,False
848,2.0951999999851978e-05,4.8709000026292415e-05,3.2529999884900462e-06,0.0,4.8709000026292415e-05,0.0,96,False
849,1.9965999996429673e-05,4.601599999887185e-05,2.967000000353437e-06,0.0,4.601599999887185e-05,0.0,96,False
850,1.940000001354747e-05,4.4981999991478006e-05,2.9500000096049916e-06,0.0,4.4981999991478006e-05,0.0,96,False
851,1.954799998316048e-05,4.423499999006708e-05,2.9179999785355903e-06,0.0,4.423499999006708e-05,0.0,96,False
852,1.9110000010869044e-05,4.428000002576482e-05,2.999999992425728e-06,0.0,4.428000002576482e-05,0.0,96,False
853,1.878399999100111e-05,4.383600000323895e-05,2.9180000069572998e-06,0.0,4.383600000323895e-05,0.0,96,False
854,1.8664000009493975e-05,4.393099999333572e-05,2.7620000082606566e-06,0.0,4.393099999333572e-05,0.0,96,False
855,1.896500000952983e-05,4.433699999140117e-05,2.7780000095845025e-06,0.0,4.433699999140117e-05,0.0,96,False
856,1.848599998766076e-05,4.2863999993869584e-05,2.738999995699487e-06,0.0,4.2863999993869584e-05,0.0,96,False
857,1.8140999998195184e-05,4.293300000313138e-05,2.7270000089174573e-06,0.0,4.293300000313138e-05,0.0,96,False
858,1.82150000114234e-05,4.484299998352981e-05,3.6389999991115474e-06,0.0,4.484299998352981e-05,0.0,96,False
859,1.884299999233008e-05,4.312999999456224e-05,3.5399999944729643e-06,0.0,4.312999999456224e-05,0.0,96,False
860,1.84999999817137e-05,4.351900000187925e-05,3.399999997100167e-06,0.0,4.351900000187925e-05,0.0,96,False
861,1.8049000004793925e-05,4.305900000645124e-05,3.5580000030677184e-06,0.0,4.305900000645124e-05,0.0,96,False
862,1.8764000003557157e-05,4.391400000258727e-05,3.3050000070034002e-06,0.0,4.391400000258727e-05,0.0,96,False
863,1.8154999992248122e-05,7.548499999643354e-05,3.1729999818708166e-06,0.0,7.548499999643354e-05,0.0,96,False
864,2.0535999993853693e-05,4.499100000998624e-05,2.8000000042993634e-06,0.0,4.499100000998624e-05,0.0,96,False
865,1.8662999991647666e-05,4.4572999996717044e-05,3.3809999990808137e-06,0.0,4.4572999996717044e-05,0.0,96,False
866,1.8492999998898085e-05,4.3841999996629966e-05,3.0699999911121267e-06,0.0,4.3841999996629966e-05,0.0,96,False
867,1.8496000024015302e-05,4.331400000978647e-05,3.042000003006251e-06,0.0,4.331400000978647e-05,0.0,96,False
868,1.838599999359758e-05,4.2167000003701105e-05,3.2639999858474766e-06,0.0,4.2167000003701105e-05,0.0,96,False
869,1.83949999836841e-05,4.348400000253605e-05,3.25999999972737e-06,0.0,4.348400000253605e-05,0.0,96,False
870,1.9146999989061442e-05,4.259300001763222e-05,3.0530000003636815e-06,0.0,4.259300001763222e-05,0.0,96,False
871,1.8649999987019328e-05,4.274199997666983e-05,3.203999995093909e-06,0.0,4.274199997666983e-05,0.0,96,False
872,1.816700000745186e-05,4.3433999991293604e-05,3.217999989146847e-06,0.0,4.3433999991293604e-05,0.0,96,False
873,1.7840000026581038e-05,0.0002015439999922819,6.154000004698901e-06,0.0,0.0002015439999922819,0.0,96,False
874,3.419199998688782e-05,5.8294000012892866e-05,4.157000006443923e-06,0.0,5.8294000012892866e-05,0.0,96,False
875,2.271500000006199e-05,4.98329999913949e-05,3.835999990542405e-06,0.0,4.98329999913949e-05,0.0,96,False
876,2.0941000002494548e-05,4.737399999044101e-05,3.5829999944780866e-06,0.0,4.737399999044101e-05,0.0,96,False
877,2.0280999990518467e-05,4.6918999998979416e-05,3.7220000024262845e-06,0.0,4.6918999998979416e-05,0.0,96,False
878,2.000200001361918e-05,4.625500000088323e-05,3.4050000010665826e-06,0.0,4.625500000088323e-05,0.0,96,False
879,1.9452000003639114e-05,4.498600000601982e-05,3.165000009630603e-06,0.0,4.498600000601982e-05,0.0,96,False
880,1.90250000002834e-05,4.443899999273526e-05,3.0249999838360964e-06,0.0,4.443899999273526e-05,0.0,96,False
881,1.9381000015528116e-05,4.518399998687528e-05,2.870000002985762e-06,0.0,4.518399998687528e-05,0.0,96,False
882,2.334399999881498e-05,4.4925999986844545e-05,3.254000006336355e-06,0.0,4.4925999986844545e-05,0.0,96,False
883,1.900099999829763e-05,5.257899999833171e-05,3.5850000017489947e-06,0.0,5.257899999833171e-05,0.0,96,False
884,2.1409000027006186e-05,4.5666000005439855e-05,3.211999995755832e-06,0.0,4.5666000005439855e-05,0.0,96,False
885,1.9041999991031844e-05,4.4696000003341396e-05,3.0009999818503275e-06,0.0,4.4696000003341396e-05,0.0,96,False
886,1.9304999995028993e-05,4.412100000195096e-05,2.8120000195031025e-06,0.0,4.412100000195096e-05,0.0,96,False
887,1.8297999986316427e-05,4.396400001382972e-05,3.1700000135970186e-06,0.0,4.396400001382972e-05,0.0,96,False
888,1.8597000007503084e-05,4.367400001115129e-05,3.2899999951041536e-06,0.0,4.367400001115129e-05,0.0,96,False
889,1.885399998968751e-05,4.3807999986711366e-05,3.0429999924308504e-06,0.0,4.3807999986711366e-05,0.0,96,False
890,1.8394000022681212e-05,4.377099998009726e-05,3.0710000089584355e-06,0.0,4.377099998009726e-05,0.0,96,False
891,1.8628999981729066e-05,4.3169999997871855e-05,3.3400000063465995e-06,0.0,4.3169999997871855e-05,0.0,96,False
892,1.8262999986973227e-05,4.30129999813289e-05,3.0779999917740497e-06,0.0,4.30129999813289e-05,0.0,96,False
893,1.800800001205971e-05,4.330999999524465e-05,2.934999997705745e-06,0.0,4.330999999524465e-05,0.0,96,False
894,1.7922000012049466e-05,4.295899998396635e-05,3.025000012257806e-06,0.0,4.295899998396635e-05,0.0,96,False
895,1.8001000000822387e-05,5.564700001059464e-05,3.1219999812037713e-06,0.0,5.564700001059464e-05,0.0,96,False
896,2.2069999999985157e-05,4.5142999994141064e-05,2.7439999996659026e-06,0.0,4.5142999994141064e-05,0.0,96,False
897,1.8492999998898085e-05,4.292600002031577e-05,3.0339999739226187e-06,0.0,4.292600002031577e-05,0.0,96,False
898,1.7799000005425114e-05,4.2097000005014706e-05,2.9809999944063748e-06,0.0,4.2097000005014706e-05,0.0,96,False
899,1.7363000011982876e-05,4.201199999442906e-05,2.679999994370519e-06,0.0,4.201199999442906e-05,0.0,96,False
900,1.8597000007503084e-05,4.393000000391112e-05,2.80399999041947e-06,0.0,4.393000000391112e-05,0.0,96,False
901,1.8057000005455848e-05,4.2587000024241206e-05,2.8160000056232093e-06,0.0,4.2587000024241206e-05,0.0,96,False
902,1.776799999220202e-05,4.187899997987188e-05,2.74699999636141e-06,0.0,4.187899997987188e-05,0.0,96,False
903,1.7567999975653947e-05,4.3911999995316364e-05,2.811999991081393e-06,0.0,4.3911999995316364e-05,0.0,96,False
904,1.8331000006810427e-05,4.467800002316835e-05,2.706000003627196e-06,0.0,4.467800002316835e-05,0.0,96,False
905,1.839699999095501e-05,0.0010282809999750953,6.261999999424006e-06,0.0,0.0010282809999750953,0.0,96,False
906,3.1178000000409156e-05,5.305400000565896e-05,3.509000009671581e-06,0.0,5.305400000565896e-05,0.0,96,False
907,2.0844000005126873e-05,4.577300001074036e-05,3.0029999891212356e-06,0.0,4.577300001074036e-05,0.0,96,False
908,1.9425999994382437e-05,5.6072000006679446e-05,3.247000023520741e-06,0.0,5.6072000006679446e-05,0.0,96,False
909,2.0785999993222504e-05,5.615899999611429e-05,4.362299998206254e-05,0.0,5.615899999611429e-05,0.0,96,False
910,3.1064000012293036e-05,4.935699999464305e-05,3.246000005674432e-06,0.0,4.935699999464305e-05,0.0,96,False
911,1.935500000627144e-05,4.477900000665613e-05,2.762999997685256e-06,0.0,4.477900000665613e-05,0.0,96,False
912,1.8756000002895235e-05,4.371900001842732e-05,2.7099999897473026e-06,0.0,4.371900001842732e-05,0.0,96,False
913,1.8321999988302196e-05,4.4026000011854194e-05,2.728999987766656e-06,0.0,4.4026000011854194e-05,0.0,96,False
914,1.8740999990995988e-05,4.463199999804601e-05,2.7009999996607803e-06,0.0,4.463199999804601e-05,0.0,96,False
915,1.923900001088441e-05,4.3625000017755156e-05,2.6959999956943648e-06,0.0,4.3625000017755156e-05,0.0,96,False
916,1.8927999974494014e-05,4.363099998272446e-05,3.482000010990305e-06,0.0,4.363099998272446e-05,0.0,96,False
917,1.8460999996250393e-05,4.4059999993351084e-05,3.3160000043608306e-06,0.0,4.4059999993351084e-05,0.0,96,False
918,1.870599999165279e-05,4.3740999984720474e-05,3.1720000208679267e-06,0.0,4.3740999984720474e-05,0.0,96,False
919,1.858900000684116e-05,0.00011917099999436687,4.052000008414325e-06,0.0,0.00011917099999436687,0.0,96,False
920,2.8761999999460386e-05,4.8996000003853624e-05,3.3129999792436138e-06,0.0,4.8996000003853624e-05,0.0,96,False
921,1.960299999836934e-05,4.560499999683998e-05,2.8738999986899216e-05,0.0,4.560499999683998e-05,0.0,96,False
922,2.13810000104786e-05,4.647899999099536e-05,3.445999993800797e-06,0.0,4.647899999099536e-05,0.0,96,False
923,9.794799998985582e-05,8.862300001055701e-05,8.40000001289809e-06,0.0,8.862300001055701e-05,0.0,96,False
924,2.977200000486846e-05,5.7408000003533743e-05,4.459999985328977e-06,0.0,5.7408000003533743e-05,0.0,96,False
925,2.455199998507851e-05,5.186399999956848e-05,4.173000007767769e-06,0.0,5.186399999956848e-05,0.0,96,False
926,2.198500001782122e-05,4.915099998470396e-05,3.729000013663608e-06,0.0,4.915099998470396e-05,0.0,96,False
927,2.131499999791231e-05,4.689499999699365e-05,3.5219999858782103e-06,0.0,4.689499999699365e-05,0.0,96,False
928,2.0728000009739844e-05,0.00015253199998710443,4.24000000975866e-06,0.0,0.00015253199998710443,0.0,96,False
929,2.3932999994258353e-05,4.8241000001780776e-05,3.687000003083085e-06,0.0,4.8241000001780776e-05,0.0,96,False
930,2.0473999995829217e-05,4.566900000213536e-05,3.3359999918047833e-06,0.0,4.566900000213536e-05,0.0,96,False
931,1.971900002217808e-05,4.5813000014049976e-05,3.4859999971104116e-06,0.0,4.5813000014049976e-05,0.0,96,False
932,1.960299999836934e-05,4.538499999284795e-05,3.2549999957609543e-06,0.0,4.538499999284795e-05,0.0,96,False
933,1.9048000012844568e-05,4.4516000002658984e-05,3.0960000003688037e-06,0.0,4.4516000002658984e-05,0.0,96,False
934,1.888799999960611e-05,4.383999998935906e-05,3.195000005007387e-06,0.0,4.383999998935906e-05,0.0,96,False
935,1.8804000006866772e-05,4.4653000003336274e-05,3.078999981198649e-06,0.0,4.4653000003336274e-05,0.0,96,False
936,1.8650999976443927e-05,4.324300002167547e-05,3.2500000202162482e-06,0.0,4.324300002167547e-05,0.0,96,False
937,1.84299999830273e-05,4.346000000055028e-05,3.1680000063261105e-06,0.0,4.346000000055028e-05,0.0,96,False
938,1.8674000017426806e-05,4.296100001965897e-05,3.319000001056338e-06,0.0,4.296100001965897e-05,0.0,96,False
939,1.8741999980420587e-05,6.352099998707672e-05,3.302999999732492e-06,0.0,6.352099998707672e-05,0.0,96,False
940,2.0759999983965827e-05,4.523100000142222e-05,3.1940000155827875e-06,0.0,4.523100000142222e-05,0.0,96,False
941,1.885399998968751e-05,4.342600001905339e-05,3.1190000129299733e-06,0.0,4.342600001905339e-05,0.0,96,False
942,1.8345000000863365e-05,4.280999999650703e-05,3.125000006320988e-06,0.0,4.280999999650703e-05,0.0,96,False
943,1.8288999996229904e-05,4.3160000018360734e-05,3.090999996402388e-06,0.0,4.3160000018360734e-05,0.0,96,False
944,1.8075000014050602e-05,4.317200000514276e-05,2.9150000102617923e-06,0.0,4.317200000514276e-05,0.0,96,False
945,1.796300000478368e-05,4.274500000178705e-05,2.9740000115907606e-06,0.0,4.274500000178705e-05,0.0,96,False
946,1.8310999990944765e-05,4.3454999996583865e-05,3.187000004345464e-06,0.0,4.3454999996583865e-05,0.0,96,False
947,1.8221999994239013e-05,4.1769999995722173e-05,2.7470000247831194e-06,0.0,4.1769999995722173e-05,0.0,96,False
948,1.8046000008098417e-05,4.286000000774948e-05,2.8329999963716546e-06,0.0,4.286000000774948e-05,0.0,96,False
949,1.820299999621966e-05,4.307399998992878e-05,2.595000012206583e-06,0.0,4.307399998992878e-05,0.0,96,False
950,1.7880999990893542e-05,4.259499999648142e-05,2.603000012868506e-06,0.0,4.259499999648142e-05,0.0,96,False
951,1.8130000000837754e-05,4.2109999981221335e-05,2.62199998246615e-06,0.0,4.2109999981221335e-05,0.0,96,False
952,1.771300000541487e-05,4.1450999987091564e-05,2.9859999983727903e-06,0.0,4.1450999987091564e-05,0.0,96,False
953,1.8161000014060846e-05,4.390700001977166e-05,6.494000018619772e-06,0.0,4.390700001977166e-05,0.0,96,False
954,3.705100002093786e-05,7.901600000081999e-05,3.468000016937367e-06,0.0,7.901600000081999e-05,0.0,96,False
955,1.9667999993089325e-05,4.4309999992719895e-05,2.8260000135560404e-06,0.0,4.4309999992719895e-05,0.0,96,False
956,1.872600000751845e-05,4.350800000452182e-05,2.5810000181536452e-06,0.0,4.350800000452182e-05,0.0,96,False
957,1.8228999977054627e-05,4.206600002021332e-05,2.607999988413212e-06,0.0,4.206600002021332e-05,0.0,96,False
958,1.8017999991570832e-05,4.239800000505056e-05,2.605999981142304e-06,0.0,4.239800000505056e-05,0.0,96,False
959,1.7694000007395516e-05,4.3183000002500194e-05,2.7270000089174573e-06,0.0,4.3183000002500194e-05,0.0,96,False
960,1.8046000008098417e-05,4.230999999776941e-05,2.599999987751289e-06,0.0,4.230999999776941e-05,0.0,96,False
961,2.539400000500791e-05,6.119799999737552e-05,4.270999994560043e-06,0.0,6.119799999737552e-05,0.0,96,False
962,2.2999999998774e-05,4.556700000080127e-05,3.082000006315866e-06,0.0,4.556700000080127e-05,0.0,96,False
963,1.912700000161749e-05,4.339199998071308e-05,2.728999987766656e-06,0.0,4.339199998071308e-05,0.0,96,False
964,4.45919999947364e-05,5.285199998183998e-05,3.843999991204328e-06,0.0,5.285199998183998e-05,0.0,96,False
965,2.1313999980066e-05,4.540100002259351e-05,3.1139999805418483e-06,0.0,4.540100002259351e-05,0.0,96,False
966,1.9713999989789954e-05,4.421100001650302e-05,2.679999994370519e-06,0.0,4.421100001650302e-05,0.0,96,False
967,1.8222999983663613e-05,4.2999000015697675e-05,3.3620000010614604e-06,0.0,4.2999000015697675e-05,0.0,96,False
968,1.84649999823705e-05,4.235499997662373e-05,3.1889999831946625e-06,0.0,4.235499997662373e-05,0.0,96,False
969,1.8049000004793925e-05,4.1207999998960076e-05,3.1509999871559558e-06,0.0,4.1207999998960076e-05,0.0,96,False
970,1.7377999995460414e-05,4.184100001225488e-05,3.052000010939082e-06,0.0,4.184100001225488e-05,0.0,96,False
971,1.731499997958963e-05,4.1780000003655005e-05,3.058000004330097e-06,0.0,4.1780000003655005e-05,0.0,96,False
972,1.7775000003439345e-05,4.252799999449053e-05,3.0939999930978956e-06,0.0,4.252799999449053e-05,0.0,96,False
973,2.0262999981923713e-05,4.3226000002505316e-05,3.515000003062596e-06,0.0,4.3226000002505316e-05,0.0,96,False
974,1.842000000351618e-05,4.2202999992468904e-05,2.892999987125222e-06,0.0,4.2202999992468904e-05,0.0,96,False
975,1.7717000019956686e-05,4.287699999849792e-05,2.9499999811832822e-06,0.0,4.287699999849792e-05,0.0,96,False
976,1.7844000012701144e-05,4.259400000705682e-05,3.1200000023545726e-06,0.0,4.259400000705682e-05,0.0,96,False
977,1.7830999979651097e-05,4.2131999975936196e-05,3.1179999950836645e-06,0.0,4.2131999975936196e-05,0.0,96,False
978,1.7741000021942455e-05,4.2054000005009584e-05,3.0919999858269875e-06,0.0,4.2054000005009584e-05,0.0,96,False
979,1.874000000157139e-05,4.331400000978647e-05,3.2189999785714463e-06,0.0,4.331400000978647e-05,0.0,96,False
980,1.798699997834774e-05,4.348400000253605e-05,3.1440000043403415e-06,0.0,4.348400000253605e-05,0.0,96,False
981,1.8425999996907194e-05,4.3876999995973165e-05,3.0960000003688037e-06,0.0,4.3876999995973165e-05,0.0,96,False
982,1.828100002398969e-05,4.30829999800153e-05,3.1520000050022645e-06,0.0,4.30829999800153e-05,0.0,96,False
983,1.8786999987696618e-05,4.365300000586103e-05,3.086000020857682e-06,0.0,4.365300000586103e-05,0.0,96,False
984,1.982300000236137e-05,4.632299999229872e-05,3.234999979895292e-06,0.0,4.632299999229872e-05,0.0,96,False
985,1.836100000218721e-05,4.330300001242904e-05,3.314999986514522e-06,0.0,4.330300001242904e-05,0.0,96,False
986,1.799799997570517e-05,4.449700000463963e-05,3.3230000155981543e-06,0.0,4.449700000463963e-05,0.0,96,False
987,1.8041000004132002e-05,4.2918000019653846e-05,3.1219999812037713e-06,0.0,4.2918000019653846e-05,0.0,96,False
988,1.8057999994880447e-05,4.266400000574322e-05,3.0460000175480673e-06,0.0,4.266400000574322e-05,0.0,96,False
989,1.8001000000822387e-05,6.764799999814386e-05,3.4979999838924414e-06,0.0,6.764799999814386e-05,0.0,96,False
990,2.1307999986674986e-05,4.6611000016127946e-05,2.9640000036579295e-06,0.0,4.6611000016127946e-05,0.0,96,False
991,2.1363000001883847e-05,4.4650999996065366e-05,3.2979999957660766e-06,0.0,4.4650999996065366e-05,0.0,96,False
992,1.880899998241148e-05,4.4731999992109195e-05,3.2069999917894165e-06,0.0,4.4731999992109195e-05,0.0,96,False
993,1.836100000218721e-05,4.4721999984176364e-05,3.2149999924513395e-06,0.0,4.4721999984176364e-05,0.0,96,False
994,1.844000001938184e-05,4.439699998215474e-05,3.169999985175309e-06,0.0,4.439699998215474e-05,0.0,96,False
995,1.8627000002879868e-05,4.357599999593731e-05,2.9130000029908842e-06,0.0,4.357599999593731e-05,0.0,96,False
996,1.867000000288499e-05,4.3671000014455785e-05,2.2994999994807586e-05,0.0,4.3671000014455785e-05,0.0,96,False
997,2.0467000013013603e-05,4.4573999986141644e-05,2.9599999891161133e-06,0.0,4.4573999986141644e-05,0.0,96,False
998,1.8518999979733053e-05,4.367399998272958e-05,2.8910000082760234e-06,0.0,4.367399998272958e-05,0.0,96,False
999,1.81100000133938e-05,4.4572000007292445e-05,2.9499999811832822e-06,0.0,4.4572000007292445e-05,0.0,96,False
1000,1.8824999983735324e-05,4.349599998931808e-05,3.1409999792231247e-06,0.0,4.349599998931808e-05,0.0,96,False
