step,select_seconds,update_seconds,logging_seconds,update_linear_solve_seconds,update_other_seconds,projection_inclusive_seconds,array_payload_bytes,projection_active
1,1.1966000016627731e-05,3.4300001061637886e-07,6.3640000007580966e-06,0.0,3.4300001061637886e-07,0.0,0,False
2,3.3160000043608306e-06,1.69999992749581e-07,3.5780000189333805e-06,0.0,1.69999992749581e-07,0.0,0,False
3,1.9499999837080395e-06,1.41000015219106e-07,2.7339999917330715e-06,0.0,1.41000015219106e-07,0.0,0,False
4,1.570999984323862e-06,9.300001124756818e-08,3.106000008301635e-06,0.0,9.300001124756818e-08,0.0,0,False
5,1.3419999902453128e-06,2.810000125919032e-07,6.642999977657382e-06,0.0,2.810000125919032e-07,0.0,0,False
6,5.718000011256663e-06,3.590000119402248e-07,8.814000011625467e-06,0.0,3.590000119402248e-07,0.0,0,False
7,7.554999996273182e-06,1.5599999869664316e-07,3.7380000037501304e-06,0.0,1.5599999869664316e-07,0.0,0,False
8,2.2950000015953265e-06,1.1000000199601345e-07,3.1769999964126328e-06,0.0,1.1000000199601345e-07,0.0,0,False
9,1.5959999757342302e-06,6.700000199089118e-08,2.8180000128941174e-06,0.0,6.700000199089118e-08,0.0,0,False
10,1.4029999988451891e-06,8.000000661922968e-08,3.0470000069726666e-06,0.0,8.000000661922968e-08,0.0,0,False
11,1.4210000074399431e-06,7.899998877292091e-08,3.1290000208628044e-06,0.0,7.899998877292091e-08,0.0,0,False
12,1.2009999750262068e-06,8.800000728115265e-08,2.971000014895253e-06,0.0,8.800000728115265e-08,0.0,0,False
13,1.1950000100569014e-06,5.999999075356754e-08,2.983000001677283e-06,0.0,5.999999075356754e-08,0.0,0,False
14,1.178000019308456e-06,5.900000132896821e-08,2.2890000082043116e-06,0.0,5.900000132896821e-08,0.0,0,False
15,1.1799999981576548e-06,6.299998744907498e-08,2.56499998840809e-06,0.0,6.299998744907498e-08,0.0,0,False
16,1.1029999882339325e-06,3.309999954126397e-07,7.871999997632884e-06,0.0,3.309999954126397e-07,0.0,0,False
17,6.532999975661369e-06,1.5800000596755126e-07,3.916999986586234e-06,0.0,1.5800000596755126e-07,0.0,0,False
18,4.74400000030073e-05,2.289999940785492e-07,4.682999986016512e-06,0.0,2.289999940785492e-07,0.0,0,False
19,2.304000020103558e-06,1.4700000861012086e-07,3.4710000136328745e-06,0.0,1.4700000861012086e-07,0.0,0,False
20,1.881999992292549e-06,1.1599999538702832e-07,2.890000018851424e-06,0.0,1.1599999538702832e-07,0.0,0,False
21,1.471000018682389e-06,6.299998744907498e-08,3.197000012278295e-06,0.0,6.299998744907498e-08,0.0,0,False
22,1.3559999842982506e-06,8.699998943484388e-08,2.8329999963716546e-06,0.0,8.699998943484388e-08,0.0,0,False
23,1.186999980973269e-06,3.6099999078942346e-07,6.251000002066576e-06,0.0,3.6099999078942346e-07,0.0,0,False
24,5.318000006582224e-06,1.2300000662435195e-07,3.6379999812652386e-06,0.0,1.2300000662435195e-07,0.0,0,False
25,2.023000007511655e-06,7.400001322821481e-08,2.9240000003483146e-06,0.0,7.400001322821481e-08,0.0,0,False
26,1.6299999856528302e-06,7.699998150201282e-08,2.294500001198685e-05,0.0,7.699998150201282e-08,0.0,0,False
27,1.2831999981699482e-05,3.6000000136482413e-07,7.962000012184944e-06,0.0,3.6000000136482413e-07,0.0,0,False
28,3.090000006977789e-06,1.8200000795332016e-07,4.2839999991883815e-06,0.0,1.8200000795332016e-07,0.0,0,False
29,2.2160000128224056e-06,1.5300000200113573e-07,3.5989999958019325e-06,0.0,1.5300000200113573e-07,0.0,0,False
30,1.722000007475799e-06,1.2300000662435195e-07,3.0150000043249747e-06,0.0,1.2300000662435195e-07,0.0,0,False
31,1.4570000246294512e-06,1.0900001257141412e-07,3.0330000129197288e-06,0.0,1.0900001257141412e-07,0.0,0,False
32,1.489999988280033e-06,9.399997225045809e-08,3.1200000023545726e-06,0.0,9.399997225045809e-08,0.0,0,False
33,1.3940000087586668e-06,6.499999471998308e-08,3.0349999917689274e-06,0.0,6.499999471998308e-08,0.0,0,False
34,1.3160000094103452e-06,5.900000132896821e-08,2.9809999944063748e-06,0.0,5.900000132896821e-08,0.0,0,False
35,1.2689999948634068e-06,5.6000004633460776e-08,2.6669999897421803e-06,0.0,5.6000004633460776e-08,0.0,0,False
36,1.2659999981678993e-06,6.099998017816688e-08,2.6189999857706425e-06,0.0,6.099998017816688e-08,0.0,0,False
37,1.1710000080711325e-06,9.300001124756818e-08,2.5310000069111993e-06,0.0,9.300001124756818e-08,0.0,0,False
38,1.0779999968235643e-06,8.000000661922968e-08,3.2049999845185084e-06,0.0,8.000000661922968e-08,0.0,0,False
39,1.303999994206606e-06,8.099999604382901e-08,2.8629999917484383e-06,0.0,8.099999604382901e-08,0.0,0,False
40,1.3190000061058527e-06,5.6000004633460776e-08,2.7439999996659026e-06,0.0,5.6000004633460776e-08,0.0,0,False
41,1.2050000179897324e-06,6.400000529538374e-08,2.759000011565149e-06,0.0,6.400000529538374e-08,0.0,0,False
42,1.1150000034376717e-06,7.200000595730671e-08,2.9219999930774065e-06,0.0,7.200000595730671e-08,0.0,0,False
43,1.1759999836158386e-06,7.400001322821481e-08,2.827999992405239e-06,0.0,7.400001322821481e-08,0.0,0,False
44,1.0640000027706265e-06,1.1899999208253575e-07,2.64400000560272e-06,0.0,1.1899999208253575e-07,0.0,0,False
45,1.1090000100466568e-06,7.899998877292091e-08,2.754999997023333e-06,0.0,7.899998877292091e-08,0.0,0,False
46,1.0139999915281805e-06,7.699998150201282e-08,2.641999998331812e-06,0.0,7.699998150201282e-08,0.0,0,False
47,9.739999882185657e-07,7.799999934832158e-08,2.5960000016311824e-06,0.0,7.799999934832158e-08,0.0,0,False
48,1.0539999948377954e-06,8.699998943484388e-08,2.26800000291405e-06,0.0,8.699998943484388e-08,0.0,0,False
49,1.0200000133409048e-06,7.599999207741348e-08,2.556999987746167e-06,0.0,7.599999207741348e-08,0.0,0,False
50,1.1630000074092095e-06,6.100000859987631e-08,2.4770000095486466e-06,0.0,6.100000859987631e-08,0.0,0,False
51,1.0029999941707501e-06,6.199999802447564e-08,2.4999999936881068e-06,0.0,6.199999802447564e-08,0.0,0,False
52,1.053000005413196e-06,7.099998811099795e-08,2.569000002949906e-06,0.0,7.099998811099795e-08,0.0,0,False
53,1.131999994186117e-06,7.699998150201282e-08,2.9379999944012525e-06,0.0,7.699998150201282e-08,0.0,0,False
54,1.1019999988093332e-06,5.700002247976954e-08,2.6099999956841202e-06,0.0,5.700002247976954e-08,0.0,0,False
55,1.0849999796391785e-06,5.999999075356754e-08,2.548999987084244e-06,0.0,5.999999075356754e-08,0.0,0,False
56,1.061000006075119e-06,5.8000011904368876e-08,2.7610000188360573e-06,0.0,5.8000011904368876e-08,0.0,0,False
57,1.0379999935139494e-06,6.000001917527698e-08,2.6970000135406735e-06,0.0,6.000001917527698e-08,0.0,0,False
58,1.0779999968235643e-06,6.000001917527698e-08,2.892999987125222e-06,0.0,6.000001917527698e-08,0.0,0,False
59,1.1280000080660102e-06,8.500001058564521e-08,2.6189999857706425e-06,0.0,8.500001058564521e-08,0.0,0,False
60,1.1799999981576548e-06,6.100000859987631e-08,2.528999999640291e-06,0.0,6.100000859987631e-08,0.0,0,False
61,1.0759999895526562e-06,7.500000265281415e-08,2.47300002342854e-06,0.0,7.500000265281415e-08,0.0,0,False
62,1.0229999816147028e-06,6.100000859987631e-08,2.2360000002663583e-06,0.0,6.100000859987631e-08,0.0,0,False
63,1.0869999869100866e-06,5.7999983482659445e-08,2.5330000141821074e-06,0.0,5.7999983482659445e-08,0.0,0,False
64,1.0420000080557656e-06,6.000001917527698e-08,2.924999989772914e-06,0.0,6.000001917527698e-08,0.0,0,False
65,1.0900000120273035e-06,5.900000132896821e-08,2.5340000036067067e-06,0.0,5.900000132896821e-08,0.0,0,False
66,1.0939999981474102e-06,9.299998282585875e-08,2.574999996340921e-06,0.0,9.299998282585875e-08,0.0,0,False
67,1.0669999994661339e-06,8.699998943484388e-08,2.2709999996095576e-06,0.0,8.699998943484388e-08,0.0,0,False
68,1.0180000060699967e-06,9.300001124756818e-08,2.7009999996607803e-06,0.0,9.300001124756818e-08,0.0,0,False
69,1.0409999902094569e-06,6.999999868639861e-08,2.4450000069009548e-06,0.0,6.999999868639861e-08,0.0,0,False
70,1.0930000087228109e-06,5.900000132896821e-08,2.645000023449029e-06,0.0,5.900000132896821e-08,0.0,0,False
71,3.2491000013123994e-05,2.009999775509641e-07,4.332999992584519e-06,0.0,2.009999775509641e-07,0.0,0,False
72,3.1219999812037713e-06,1.610000026630587e-07,3.12299999905008e-06,0.0,1.610000026630587e-07,0.0,0,False
73,1.7110000101183687e-06,9.800001521398372e-08,2.9420000089430687e-06,0.0,9.800001521398372e-08,0.0,0,False
74,1.588999992918616e-06,7.500000265281415e-08,2.803000000994871e-06,0.0,7.500000265281415e-08,0.0,0,False
75,1.5269999948941404e-06,5.700002247976954e-08,2.7220000049510418e-06,0.0,5.700002247976954e-08,0.0,0,False
76,1.2719999915589142e-06,5.900000132896821e-08,3.1620000129350956e-06,0.0,5.900000132896821e-08,0.0,0,False
77,1.202999982297115e-06,7.599999207741348e-08,2.9240000003483146e-06,0.0,7.599999207741348e-08,0.0,0,False
78,1.338000004125206e-06,6.199999802447564e-08,2.5860000221200607e-06,0.0,6.199999802447564e-08,0.0,0,False
79,1.4519999922413263e-06,3.1499999408879376e-07,5.6980000238127104e-06,0.0,3.1499999408879376e-07,0.0,0,False
80,4.18299998727889e-06,1.4999997688391886e-07,4.131999986611845e-06,0.0,1.4999997688391886e-07,0.0,0,False
81,2.1859999890239123e-06,9.500001851847628e-08,3.719000005730777e-06,0.0,9.500001851847628e-08,0.0,0,False
82,1.6559999949095072e-06,9.499999009676685e-08,3.603999999768348e-06,0.0,9.499999009676685e-08,0.0,0,False
83,1.7130000173892768e-06,8.300000331473711e-08,2.8059999976903782e-06,0.0,8.300000331473711e-08,0.0,0,False
84,1.3899999942168506e-06,7.400001322821481e-08,3.3279999911428604e-06,0.0,7.400001322821481e-08,0.0,0,False
85,1.309000026594731e-06,6.400000529538374e-08,2.684000008912335e-06,0.0,6.400000529538374e-08,0.0,0,False
86,1.2250000054336851e-06,6.199999802447564e-08,2.7700000089225796e-06,0.0,6.199999802447564e-08,0.0,0,False
87,1.077000007398965e-06,5.999999075356754e-08,2.3940000062339095e-06,0.0,5.999999075356754e-08,0.0,0,False
88,1.1559999961718859e-06,5.900000132896821e-08,2.605999981142304e-06,0.0,5.900000132896821e-08,0.0,0,False
89,1.0400000007848575e-06,9.300001124756818e-08,2.6609999963511655e-06,0.0,9.300001124756818e-08,0.0,0,False
90,1.1649999862584082e-06,6.300001587078441e-08,2.8200000201650255e-06,0.0,6.300001587078441e-08,0.0,0,False
91,1.1369999981525325e-06,5.899997290725878e-08,2.6060000095640135e-06,0.0,5.899997290725878e-08,0.0,0,False
92,1.0830000007899798e-06,6.199999802447564e-08,3.0850000030113733e-06,0.0,6.199999802447564e-08,0.0,0,False
93,1.1870000093949784e-06,6.400000529538374e-08,2.6410000089072128e-06,0.0,6.400000529538374e-08,0.0,0,False
94,1.1099999994712562e-06,9.900000463858305e-08,2.5789999824610277e-06,0.0,9.900000463858305e-08,0.0,0,False
95,1.1980000067524088e-06,8.000000661922968e-08,2.5230000062492763e-06,0.0,8.000000661922968e-08,0.0,0,False
96,1.1830000232748716e-06,8.999998613035132e-08,2.6019999950221973e-06,0.0,8.999998613035132e-08,0.0,0,False
97,1.1439999809681467e-06,6.099998017816688e-08,0.00035215200000493496,0.0,6.099998017816688e-08,0.0,0,False
98,9.828999992578247e-06,3.4499998946557753e-07,7.262000025320958e-06,0.0,3.4499998946557753e-07,0.0,0,False
99,4.899000003888432e-06,1.589999953921506e-07,4.059999980654538e-06,0.0,1.589999953921506e-07,0.0,0,False
100,2.2440000009282812e-06,1.5599999869664316e-07,3.2549999957609543e-06,0.0,1.5599999869664316e-07,0.0,0,False
101,1.7049999883056444e-06,1.2299997820264252e-07,3.2109999779095233e-06,0.0,1.2299997820264252e-07,0.0,0,False
102,1.4759999942270952e-06,1.199999815071351e-07,3.0790000096203585e-06,0.0,1.199999815071351e-07,0.0,0,False
103,1.267000016014208e-06,6.599998414458241e-08,2.8629999917484383e-06,0.0,6.599998414458241e-08,0.0,0,False
104,1.2680000054388074e-06,6.100000859987631e-08,3.2250000003841706e-06,0.0,6.100000859987631e-08,0.0,0,False
105,1.1749999941912392e-06,5.900000132896821e-08,2.5839999864274432e-06,0.0,5.900000132896821e-08,0.0,0,False
106,1.142000002118948e-06,6.999999868639861e-08,2.5219999884029676e-06,0.0,6.999999868639861e-08,0.0,0,False
107,1.0849999796391785e-06,6.000001917527698e-08,2.684000008912335e-06,0.0,6.000001917527698e-08,0.0,0,False
108,1.2280000021291926e-06,7.799999934832158e-08,2.619999975195242e-06,0.0,7.799999934832158e-08,0.0,0,False
109,1.382999982979527e-06,5.999999075356754e-08,2.590999997664767e-06,0.0,5.999999075356754e-08,0.0,0,False
110,1.176000012037548e-06,6.100000859987631e-08,2.770999998347179e-06,0.0,6.100000859987631e-08,0.0,0,False
111,1.3009999975110986e-06,6.100000859987631e-08,2.5660000062543986e-06,0.0,6.100000859987631e-08,0.0,0,False
112,1.1679999829539156e-06,5.699999405806011e-08,2.5090000121963385e-06,0.0,5.699999405806011e-08,0.0,0,False
113,1.0459999941758724e-06,5.699999405806011e-08,2.6280000042788743e-06,0.0,5.699999405806011e-08,0.0,0,False
114,1.0629999849243177e-06,5.999999075356754e-08,2.7439999996659026e-06,0.0,5.999999075356754e-08,0.0,0,False
115,1.0259999783102103e-06,7.299999538190605e-08,2.577000003611829e-06,0.0,7.299999538190605e-08,0.0,0,False
116,1.0010000153215515e-06,6.300001587078441e-08,2.5039999798082135e-06,0.0,6.300001587078441e-08,0.0,0,False
117,1.0410000186311663e-06,5.999999075356754e-08,2.2970000088662346e-06,0.0,5.999999075356754e-08,0.0,0,False
118,1.0750000001280569e-06,6.199999802447564e-08,2.5800000003073364e-06,0.0,6.199999802447564e-08,0.0,0,False
119,1.1419999736972386e-06,5.700002247976954e-08,2.4999999936881068e-06,0.0,5.700002247976954e-08,0.0,0,False
120,1.0020000047461508e-06,5.6000004633460776e-08,2.480000006244154e-06,0.0,5.6000004633460776e-08,0.0,0,False
121,1.0760000179743656e-06,9.699999736767495e-08,2.4329999916972156e-06,0.0,9.699999736767495e-08,0.0,0,False
122,1.0500000087176886e-06,5.6000004633460776e-08,2.6230000003124587e-06,0.0,5.6000004633460776e-08,0.0,0,False
123,1.0859999974854873e-06,6.499999471998308e-08,2.7649999765344546e-06,0.0,6.499999471998308e-08,0.0,0,False
124,1.1209999968286866e-06,7.400001322821481e-08,2.692000009574258e-06,0.0,7.400001322821481e-08,0.0,0,False
125,1.077000007398965e-06,2.3399999804496474e-07,5.341999980146284e-06,0.0,2.3399999804496474e-07,0.0,0,False
126,5.23100001714738e-06,2.1200000333010394e-07,4.287999985308488e-06,0.0,2.1200000333010394e-07,0.0,0,False
127,2.8590000056283316e-06,1.899999801935337e-07,4.3830000038269645e-06,0.0,1.899999801935337e-07,0.0,0,False
128,2.146000014136007e-06,1.8200000795332016e-07,4.02300000246214e-06,0.0,1.8200000795332016e-07,0.0,0,False
129,1.905999994278318e-06,1.0700000530050602e-07,3.7980000229254074e-06,0.0,1.0700000530050602e-07,0.0,0,False
130,1.865999990968703e-06,1.4500000133921276e-07,4.0809999859448e-06,0.0,1.4500000133921276e-07,0.0,0,False
131,1.6329999823483377e-06,8.300000331473711e-08,3.7519999978030683e-06,0.0,8.300000331473711e-08,0.0,0,False
132,1.6689999995378457e-06,8.499998216393578e-08,3.8470000163215445e-06,0.0,8.499998216393578e-08,0.0,0,False
133,1.7180000213556923e-06,7.799999934832158e-08,2.7480000142077188e-06,0.0,7.799999934832158e-08,0.0,0,False
134,1.0859999974854873e-06,5.499998678715201e-08,2.2179999916716042e-06,0.0,5.499998678715201e-08,0.0,0,False
135,1.0759999895526562e-06,6.700000199089118e-08,2.4280000161525095e-06,0.0,6.700000199089118e-08,0.0,0,False
136,1.0260000067319197e-06,6.799999141549051e-08,2.4549999864120764e-06,0.0,6.799999141549051e-08,0.0,0,False
137,1.0820000113653805e-06,8.899999670575198e-08,2.5639999989834905e-06,0.0,8.899999670575198e-08,0.0,0,False
138,1.1070000027757487e-06,8.199998546842835e-08,2.577000003611829e-06,0.0,8.199998546842835e-08,0.0,0,False
139,1.087000015331796e-06,7.299999538190605e-08,2.2650000062185427e-06,0.0,7.299999538190605e-08,0.0,0,False
140,1.0630000133460271e-06,5.3999997362552676e-08,2.433000020118925e-06,0.0,5.3999997362552676e-08,0.0,0,False
141,1.0880000047563954e-06,5.999999075356754e-08,2.435999988392723e-06,0.0,5.999999075356754e-08,0.0,0,False
142,9.999999974752427e-07,5.499998678715201e-08,2.4109999969823548e-06,0.0,5.499998678715201e-08,0.0,0,False
143,1.0630000133460271e-06,5.699999405806011e-08,2.3919999989630014e-06,0.0,5.699999405806011e-08,0.0,0,False
144,1.0139999915281805e-06,6.000001917527698e-08,2.2309999962999427e-06,0.0,6.000001917527698e-08,0.0,0,False
145,9.869999928469042e-07,5.499998678715201e-08,2.4850000102105696e-06,0.0,5.499998678715201e-08,0.0,0,False
146,9.979999902043346e-07,5.3999997362552676e-08,3.787999986570867e-06,0.0,5.3999997362552676e-08,0.0,0,False
147,3.557000013643119e-06,2.1900001456742757e-07,3.901000013684097e-06,0.0,2.1900001456742757e-07,0.0,0,False
148,2.1289999949658522e-06,1.1600002380873775e-07,3.117000005659065e-06,0.0,1.1600002380873775e-07,0.0,0,False
149,1.5640000015082478e-06,1.2500001389526005e-07,2.851999994391008e-06,0.0,1.2500001389526005e-07,0.0,0,False
150,1.3979999948787736e-06,9.799998679227429e-08,2.809999983810485e-06,0.0,9.799998679227429e-08,0.0,0,False
151,1.2380000100620236e-06,9.899997621687362e-08,2.494000000297092e-06,0.0,9.899997621687362e-08,0.0,0,False
152,1.388000015367652e-06,1.239999960489513e-07,2.910999995719976e-06,0.0,1.239999960489513e-07,0.0,0,False
153,1.186999980973269e-06,7.700000992372225e-08,2.5639999989834905e-06,0.0,7.700000992372225e-08,0.0,0,False
154,1.1779999908867467e-06,8.300000331473711e-08,2.3199999930056947e-06,0.0,8.300000331473711e-08,0.0,0,False
155,1.1410000126943487e-06,7.500000265281415e-08,2.4510000002919696e-06,0.0,7.500000265281415e-08,0.0,0,False
156,1.0440000153266737e-06,9.900000463858305e-08,2.4670000016158156e-06,0.0,9.900000463858305e-08,0.0,0,False
157,9.489999968081975e-07,6.799999141549051e-08,2.4360000168144325e-06,0.0,6.799999141549051e-08,0.0,0,False
158,9.96000011355136e-07,5.7999983482659445e-08,2.3860000055719865e-06,0.0,5.7999983482659445e-08,0.0,0,False
159,9.56000008045521e-07,5.8000011904368876e-08,2.381000001605571e-06,0.0,5.8000011904368876e-08,0.0,0,False
160,9.869999928469042e-07,6.000001917527698e-08,2.0079999956124084e-06,0.0,6.000001917527698e-08,0.0,0,False
161,1.073999982281748e-06,5.3999997362552676e-08,2.5679999851035973e-06,0.0,5.3999997362552676e-08,0.0,0,False
162,1.0180000060699967e-06,5.499998678715201e-08,2.5810000181536452e-06,0.0,5.499998678715201e-08,0.0,0,False
163,1.0359999862430413e-06,5.699999405806011e-08,2.124000019421146e-06,0.0,5.699999405806011e-08,0.0,0,False
164,9.180000120068144e-07,5.700002247976954e-08,2.3510000062287872e-06,0.0,5.700002247976954e-08,0.0,0,False
165,1.0079999981371657e-06,5.900000132896821e-08,2.360000024737019e-06,0.0,5.900000132896821e-08,0.0,0,False
166,9.809999994558893e-07,5.499998678715201e-08,2.3800000121809717e-06,0.0,5.499998678715201e-08,0.0,0,False
167,9.939999756625184e-07,5.300000793795334e-08,2.4549999864120764e-06,0.0,5.300000793795334e-08,0.0,0,False
168,1.0180000060699967e-06,5.699999405806011e-08,2.4449999784792453e-06,0.0,5.699999405806011e-08,0.0,0,False
169,9.54000000774613e-07,5.900000132896821e-08,2.2950000015953265e-06,0.0,5.900000132896821e-08,0.0,0,False
170,1.0210000027655042e-06,5.499998678715201e-08,2.3729999725219386e-06,0.0,5.499998678715201e-08,0.0,0,False
171,9.610000120119366e-07,5.999999075356754e-08,2.2570000055566197e-06,0.0,5.999999075356754e-08,0.0,0,False
172,9.270000020933367e-07,5.500001520886144e-08,2.350000016804188e-06,0.0,5.500001520886144e-08,0.0,0,False
173,1.0239999994610116e-06,5.700002247976954e-08,2.3720000115190487e-06,0.0,5.700002247976954e-08,0.0,0,False
174,9.500000146545062e-07,5.6000004633460776e-08,2.562000020134292e-06,0.0,5.6000004633460776e-08,0.0,0,False
175,1.1129999961667636e-06,8.799997885944322e-08,2.3550000207706034e-06,0.0,8.799997885944322e-08,0.0,0,False
176,9.599999941656279e-07,5.700002247976954e-08,2.4450000069009548e-06,0.0,5.700002247976954e-08,0.0,0,False
177,9.4600000011269e-07,6.100000859987631e-08,2.5019999725373054e-06,0.0,6.100000859987631e-08,0.0,0,False
178,9.480000073835981e-07,7.299999538190605e-08,2.328000022089327e-06,0.0,7.299999538190605e-08,0.0,0,False
179,9.609999835902272e-07,5.5999976211751346e-08,2.3759999976391555e-06,0.0,5.5999976211751346e-08,0.0,0,False
180,1.008999987561765e-06,5.5999976211751346e-08,2.2469999976237887e-06,0.0,5.5999976211751346e-08,0.0,0,False
181,1.026999996156519e-06,7.100001653270738e-08,2.609000006259521e-06,0.0,7.100001653270738e-08,0.0,0,False
182,1.0539999948377954e-06,7.299999538190605e-08,2.383000008876479e-06,0.0,7.299999538190605e-08,0.0,0,False
183,9.770000133357826e-07,5.500001520886144e-08,2.117999997608422e-06,0.0,5.500001520886144e-08,0.0,0,False
184,9.439999928417819e-07,5.999999075356754e-08,2.3879999844211852e-06,0.0,5.999999075356754e-08,0.0,0,False
185,8.969999782948435e-07,5.700002247976954e-08,2.3249999969721102e-06,0.0,5.700002247976954e-08,0.0,0,False
186,1.1539999889009778e-06,5.699999405806011e-08,2.4409999923591386e-06,0.0,5.699999405806011e-08,0.0,0,False
187,1.0199999849191954e-06,5.999999075356754e-08,2.304999981106448e-06,0.0,5.999999075356754e-08,0.0,0,False
188,1.0170000166453974e-06,5.699999405806011e-08,2.5420000042686297e-06,0.0,5.699999405806011e-08,0.0,0,False
189,1.0929999803011015e-06,9.199999340125942e-08,2.4189999976442778e-06,0.0,9.199999340125942e-08,0.0,0,False
190,1.5074999993203164e-05,2.2300000068753434e-07,4.685000021709129e-06,0.0,2.2300000068753434e-07,0.0,0,False
191,2.778999999009102e-06,1.3600001125269046e-07,3.2590000103027705e-06,0.0,1.3600001125269046e-07,0.0,0,False
192,1.6039999763961532e-06,1.1000000199601345e-07,2.5939999943602743e-06,0.0,1.1000000199601345e-07,0.0,0,False
193,1.309999987597621e-06,8.099999604382901e-08,2.803800001061063e-05,0.0,8.099999604382901e-08,0.0,0,False
194,1.816999997572566e-06,6.999999868639861e-08,2.7960000181792566e-06,0.0,6.999999868639861e-08,0.0,0,False
195,1.1690000008002244e-06,6.299998744907498e-08,2.613999981804227e-06,0.0,6.299998744907498e-08,0.0,0,False
196,1.0839999902145792e-06,5.699999405806011e-08,2.6730000115549046e-06,0.0,5.699999405806011e-08,0.0,0,False
197,1.1019999988093332e-06,6.099998017816688e-08,2.4080000002868474e-06,0.0,6.099998017816688e-08,0.0,0,False
198,1.0539999948377954e-06,5.499998678715201e-08,2.3620000035862176e-06,0.0,5.499998678715201e-08,0.0,0,False
199,1.0820000113653805e-06,5.900000132896821e-08,2.516999984436552e-06,0.0,5.900000132896821e-08,0.0,0,False
200,1.050999998142288e-06,5.6000004633460776e-08,2.476999981126937e-06,0.0,5.6000004633460776e-08,0.0,0,False
201,1.0960000054183183e-06,5.6000004633460776e-08,2.6000000161729986e-06,0.0,5.6000004633460776e-08,0.0,0,False
202,1.1289999974906095e-06,8.800000728115265e-08,2.4160000009487703e-06,0.0,8.800000728115265e-08,0.0,0,False
203,1.0900000120273035e-06,7.100001653270738e-08,2.524000024095585e-06,0.0,7.100001653270738e-08,0.0,0,False
204,1.0299999928520265e-06,5.499998678715201e-08,2.494000000297092e-06,0.0,5.499998678715201e-08,0.0,0,False
205,1.0380000219356589e-06,5.3999997362552676e-08,2.5359999824559054e-06,0.0,5.3999997362552676e-08,0.0,0,False
206,9.82000017302198e-07,7.400001322821481e-08,2.368999986401832e-06,0.0,7.400001322821481e-08,0.0,0,False
207,1.0740000107034575e-06,5.699999405806011e-08,2.4279999877308e-06,0.0,5.699999405806011e-08,0.0,0,False
208,9.88000010693213e-07,5.499998678715201e-08,2.4690000088867237e-06,0.0,5.499998678715201e-08,0.0,0,False
209,1.0340000073938427e-06,7.299999538190605e-08,2.43900001350994e-06,0.0,7.299999538190605e-08,0.0,0,False
210,9.630000192828447e-07,5.6000004633460776e-08,2.2409999758110644e-06,0.0,5.6000004633460776e-08,0.0,0,False
211,9.990000080506434e-07,5.6000004633460776e-08,2.2709999996095576e-06,0.0,5.6000004633460776e-08,0.0,0,False
212,9.64000008707444e-07,6.300001587078441e-08,2.475999991702338e-06,0.0,6.300001587078441e-08,0.0,0,False
213,1.0230000100364123e-06,5.8000011904368876e-08,2.5570000161678763e-06,0.0,5.8000011904368876e-08,0.0,0,False
214,1.0180000060699967e-06,5.499998678715201e-08,2.603000012868506e-06,0.0,5.499998678715201e-08,0.0,0,False
215,1.0150000093744893e-06,5.3999997362552676e-08,2.3430000055668643e-06,0.0,5.3999997362552676e-08,0.0,0,False
216,1.0149999809527799e-06,5.900000132896821e-08,2.3339999870586325e-06,0.0,5.900000132896821e-08,0.0,0,False
217,1.0370000040893501e-06,5.7999983482659445e-08,2.3560000101952028e-06,0.0,5.7999983482659445e-08,0.0,0,False
218,9.82000017302198e-07,8.600000001024455e-08,2.480000006244154e-06,0.0,8.600000001024455e-08,0.0,0,False
219,9.849999855759961e-07,7.599999207741348e-08,2.5539999910506594e-06,0.0,7.599999207741348e-08,0.0,0,False
220,1.0599999882288103e-06,5.900000132896821e-08,2.318000014156496e-06,0.0,5.900000132896821e-08,0.0,0,False
221,1.0370000040893501e-06,6.100000859987631e-08,2.4510000002919696e-06,0.0,6.100000859987631e-08,0.0,0,False
222,1.016999988223688e-06,6.999999868639861e-08,2.514999977165644e-06,0.0,6.999999868639861e-08,0.0,0,False
223,1.0409999902094569e-06,5.5999976211751346e-08,2.383000008876479e-06,0.0,5.5999976211751346e-08,0.0,0,False
224,1.0500000087176886e-06,5.7999983482659445e-08,2.378999994334663e-06,0.0,5.7999983482659445e-08,0.0,0,False
225,1.0100000054080738e-06,5.900000132896821e-08,2.4320000022726163e-06,0.0,5.900000132896821e-08,0.0,0,False
226,1.0390000113602582e-06,7.500000265281415e-08,2.550999994355152e-06,0.0,7.500000265281415e-08,0.0,0,False
227,1.018999995494596e-06,5.699999405806011e-08,2.1209999943039293e-06,0.0,5.699999405806011e-08,0.0,0,False
228,1.0949999875720096e-06,5.900000132896821e-08,2.3979999923540163e-06,0.0,5.900000132896821e-08,0.0,0,False
229,1.058999998804211e-06,5.999999075356754e-08,2.4510000002919696e-06,0.0,5.999999075356754e-08,0.0,0,False
230,1.1109999888958555e-06,5.8000011904368876e-08,2.4240000016106933e-06,0.0,5.8000011904368876e-08,0.0,0,False
231,9.88000010693213e-07,5.999999075356754e-08,2.4930000108724926e-06,0.0,5.999999075356754e-08,0.0,0,False
232,9.90999978967011e-07,6.900000926179928e-08,2.3669999791309237e-06,0.0,6.900000926179928e-08,0.0,0,False
233,9.949999935088272e-07,5.900000132896821e-08,2.394999995658509e-06,0.0,5.900000132896821e-08,0.0,0,False
234,1.1249999829487933e-06,5.999999075356754e-08,2.6280000042788743e-06,0.0,5.999999075356754e-08,0.0,0,False
235,1.030000021273736e-06,5.7999983482659445e-08,2.2060000048895745e-06,0.0,5.7999983482659445e-08,0.0,0,False
236,1.0020000047461508e-06,8.999998613035132e-08,2.0989999995890685e-06,0.0,8.999998613035132e-08,0.0,0,False
237,1.0499999802959792e-06,9.900000463858305e-08,2.367000007552633e-06,0.0,9.900000463858305e-08,0.0,0,False
238,1.0280000140028278e-06,7.500000265281415e-08,2.330999990363125e-06,0.0,7.500000265281415e-08,0.0,0,False
239,9.770000133357826e-07,6.800001983719994e-08,2.43900001350994e-06,0.0,6.800001983719994e-08,0.0,0,False
240,9.920000252350292e-07,7.400001322821481e-08,2.4580000115292933e-06,0.0,7.400001322821481e-08,0.0,0,False
241,1.1189999895577785e-06,5.6000004633460776e-08,2.342000016142265e-06,0.0,5.6000004633460776e-08,0.0,0,False
242,1.1329999836107163e-06,5.500001520886144e-08,2.1550000042225292e-06,0.0,5.500001520886144e-08,0.0,0,False
243,1.1339999730353156e-06,5.699999405806011e-08,2.332999997634033e-06,0.0,5.699999405806011e-08,0.0,0,False
244,1.0410000186311663e-06,5.8000011904368876e-08,2.417999979797969e-06,0.0,5.8000011904368876e-08,0.0,0,False
245,1.0340000073938427e-06,5.6000004633460776e-08,4.047999993872509e-06,0.0,5.6000004633460776e-08,0.0,0,False
246,1.212999990229946e-06,6.199999802447564e-08,2.5570000161678763e-06,0.0,6.199999802447564e-08,0.0,0,False
247,1.0339999789721332e-06,5.999999075356754e-08,2.465999983769507e-06,0.0,5.999999075356754e-08,0.0,0,False
248,1.0420000080557656e-06,5.499998678715201e-08,2.490000014176985e-06,0.0,5.499998678715201e-08,0.0,0,False
249,1.0130000021035812e-06,5.3999997362552676e-08,2.5230000062492763e-06,0.0,5.3999997362552676e-08,0.0,0,False
250,9.910000073887204e-07,5.7999983482659445e-08,2.1479999929852056e-06,0.0,5.7999983482659445e-08,0.0,0,False
251,1.0459999941758724e-06,5.699999405806011e-08,2.374000018789957e-06,0.0,5.699999405806011e-08,0.0,0,False
252,1.0209999743437947e-06,5.999999075356754e-08,2.3380000016004487e-06,0.0,5.999999075356754e-08,0.0,0,False
253,1.0390000113602582e-06,6.100000859987631e-08,2.498000014838908e-06,0.0,6.100000859987631e-08,0.0,0,False
254,9.860000034223049e-07,5.699999405806011e-08,2.441999981783738e-06,0.0,5.699999405806011e-08,0.0,0,False
255,1.0250000173073204e-06,5.999999075356754e-08,2.494000000297092e-06,0.0,5.999999075356754e-08,0.0,0,False
256,1.0580000093796116e-06,5.900000132896821e-08,2.4320000022726163e-06,0.0,5.900000132896821e-08,0.0,0,False
257,1.034999996818442e-06,5.6000004633460776e-08,2.4629999870739994e-06,0.0,5.6000004633460776e-08,0.0,0,False
258,1.1690000008002244e-06,5.6000004633460776e-08,2.9179999785355903e-06,0.0,5.6000004633460776e-08,0.0,0,False
259,1.1369999981525325e-06,5.5999976211751346e-08,2.5379999897268135e-06,0.0,5.5999976211751346e-08,0.0,0,False
260,1.0650000206169352e-06,5.900000132896821e-08,2.4619999976494e-06,0.0,5.900000132896821e-08,0.0,0,False
261,1.0560000021087035e-06,5.499998678715201e-08,2.4569999936829845e-06,0.0,5.499998678715201e-08,0.0,0,False
262,1.0980000126892264e-06,6.299998744907498e-08,2.4069999824405386e-06,0.0,6.299998744907498e-08,0.0,0,False
263,9.839999961513968e-07,6.199999802447564e-08,2.542999993693229e-06,0.0,6.199999802447564e-08,0.0,0,False
264,1.115999992862271e-06,6.000001917527698e-08,2.314999989039279e-06,0.0,6.000001917527698e-08,0.0,0,False
265,1.0449999763295637e-06,6.100000859987631e-08,2.2849999936624954e-06,0.0,6.100000859987631e-08,0.0,0,False
266,1.1309999763398082e-06,5.7999983482659445e-08,2.4280000161525095e-06,0.0,5.7999983482659445e-08,0.0,0,False
267,1.1080000206220575e-06,5.900000132896821e-08,2.570000020796215e-06,0.0,5.900000132896821e-08,0.0,0,False
268,1.085000008060888e-06,6.000001917527698e-08,2.609000006259521e-06,0.0,6.000001917527698e-08,0.0,0,False
269,1.107999992200348e-06,7.200000595730671e-08,2.437000006239032e-06,0.0,7.200000595730671e-08,0.0,0,False
270,1.1390000054234406e-06,5.6000004633460776e-08,2.5900000082401675e-06,0.0,5.6000004633460776e-08,0.0,0,False
271,1.1280000080660102e-06,5.699999405806011e-08,2.4670000016158156e-06,0.0,5.699999405806011e-08,0.0,0,False
272,1.0380000219356589e-06,5.999999075356754e-08,2.429999995001708e-06,0.0,5.999999075356754e-08,0.0,0,False
273,1.0920000192982116e-06,5.899997290725878e-08,2.423999973188984e-06,0.0,5.899997290725878e-08,0.0,0,False
274,1.0280000140028278e-06,6.799999141549051e-08,2.091999988351745e-06,0.0,6.799999141549051e-08,0.0,0,False
275,1.1019999988093332e-06,5.499998678715201e-08,2.4799999778224446e-06,0.0,5.499998678715201e-08,0.0,0,False
276,9.849999855759961e-07,5.900000132896821e-08,2.2919999764781096e-06,0.0,5.900000132896821e-08,0.0,0,False
277,1.0740000107034575e-06,5.8000011904368876e-08,2.1299999843904516e-06,0.0,5.8000011904368876e-08,0.0,0,False
278,1.045000004751273e-06,5.900000132896821e-08,2.4830000029396615e-06,0.0,5.900000132896821e-08,0.0,0,False
279,1.0110000232543825e-06,6.199999802447564e-08,2.171000005546375e-06,0.0,6.199999802447564e-08,0.0,0,False
280,1.024999988885611e-06,6.100000859987631e-08,2.425000019457002e-06,0.0,6.100000859987631e-08,0.0,0,False
281,1.107999992200348e-06,7.699998150201282e-08,2.4809999956687534e-06,0.0,7.699998150201282e-08,0.0,0,False
282,1.0020000047461508e-06,5.699999405806011e-08,2.3300000009385258e-06,0.0,5.699999405806011e-08,0.0,0,False
283,1.0059999908662576e-06,5.699999405806011e-08,2.3659999897063244e-06,0.0,5.699999405806011e-08,0.0,0,False
284,9.849999855759961e-07,5.500001520886144e-08,2.4479999751747528e-06,0.0,5.500001520886144e-08,0.0,0,False
285,9.890000001178123e-07,5.8000011904368876e-08,2.3940000062339095e-06,0.0,5.8000011904368876e-08,0.0,0,False
286,9.750000060648745e-07,6.499999471998308e-08,2.356999999619802e-06,0.0,6.499999471998308e-08,0.0,0,False
287,1.0599999882288103e-06,5.999999075356754e-08,3.6859999852367764e-06,0.0,5.999999075356754e-08,0.0,0,False
288,1.1140000140130724e-06,5.899997290725878e-08,2.4469999857501534e-06,0.0,5.899997290725878e-08,0.0,0,False
289,1.0230000100364123e-06,6.300001587078441e-08,2.075999987027899e-06,0.0,6.300001587078441e-08,0.0,0,False
290,9.430000034171826e-07,5.900000132896821e-08,1.697299998681956e-05,0.0,5.900000132896821e-08,0.0,0,False
291,1.4100000100825127e-06,7.400001322821481e-08,2.4999999936881068e-06,0.0,7.400001322821481e-08,0.0,0,False
292,1.1410000126943487e-06,6.600001256629184e-08,2.4240000016106933e-06,0.0,6.600001256629184e-08,0.0,0,False
293,1.0740000107034575e-06,5.900000132896821e-08,2.550999994355152e-06,0.0,5.900000132896821e-08,0.0,0,False
294,1.058999998804211e-06,8.099999604382901e-08,2.431000012848017e-06,0.0,8.099999604382901e-08,0.0,0,False
295,1.045000004751273e-06,6.099998017816688e-08,2.4510000002919696e-06,0.0,6.099998017816688e-08,0.0,0,False
296,1.026999996156519e-06,5.899997290725878e-08,2.06300001082127e-06,0.0,5.899997290725878e-08,0.0,0,False
297,1.0020000047461508e-06,6.000001917527698e-08,2.090000009502546e-06,0.0,6.000001917527698e-08,0.0,0,False
298,9.949999935088272e-07,5.6000004633460776e-08,2.3719999830973393e-06,0.0,5.6000004633460776e-08,0.0,0,False
299,9.750000060648745e-07,5.900000132896821e-08,2.4619999976494e-06,0.0,5.900000132896821e-08,0.0,0,False
300,1.0400000007848575e-06,5.999999075356754e-08,2.4580000115292933e-06,0.0,5.999999075356754e-08,0.0,0,False
301,1.1790000087330554e-06,5.699999405806011e-08,2.3439999949914636e-06,0.0,5.699999405806011e-08,0.0,0,False
302,1.0239999994610116e-06,5.900000132896821e-08,2.373000000943648e-06,0.0,5.900000132896821e-08,0.0,0,False
303,1.0769999789772555e-06,5.900000132896821e-08,2.4600000188002014e-06,0.0,5.900000132896821e-08,0.0,0,False
304,1.0279999855811184e-06,5.900000132896821e-08,2.3940000062339095e-06,0.0,5.900000132896821e-08,0.0,0,False
305,9.799999816095806e-07,5.700002247976954e-08,3.026000001682405e-06,0.0,5.700002247976954e-08,0.0,0,False
306,1.1820000054285629e-06,3.2199997690440796e-07,5.785000013247554e-06,0.0,3.2199997690440796e-07,0.0,0,False
307,4.46700002498801e-06,2.1200000333010394e-07,4.512999993266931e-06,0.0,2.1200000333010394e-07,0.0,0,False
308,2.5299999890648905e-06,1.549999808503344e-07,4.21699999719749e-06,0.0,1.549999808503344e-07,0.0,0,False
309,2.0840000161115313e-06,1.520000125765364e-07,3.814999985252143e-06,0.0,1.520000125765364e-07,0.0,0,False
310,1.8780000061724422e-06,1.1400001653782965e-07,3.7890000044171757e-06,0.0,1.1400001653782965e-07,0.0,0,False
311,1.6449999975520768e-06,1.3100000728627492e-07,3.6069999964638555e-06,0.0,1.3100000728627492e-07,0.0,0,False
312,1.5550000114217255e-06,8.899999670575198e-08,3.5399999944729643e-06,0.0,8.899999670575198e-08,0.0,0,False
313,1.615000002175293e-06,1.0299999075868982e-07,3.8470000163215445e-06,0.0,1.0299999075868982e-07,0.0,0,False
314,1.6649999849960295e-06,8.500001058564521e-08,3.5770000010870717e-06,0.0,8.500001058564521e-08,0.0,0,False
315,1.6729999856579525e-06,8.099999604382901e-08,3.876000022273729e-06,0.0,8.099999604382901e-08,0.0,0,False
316,1.5569999902709242e-06,8.600000001024455e-08,3.5460000162856886e-06,0.0,8.600000001024455e-08,0.0,0,False
317,1.5669999982037552e-06,8.299997489302768e-08,3.409000015608399e-06,0.0,8.299997489302768e-08,0.0,0,False
318,1.3529999876027432e-06,8.100002446553844e-08,3.3990000076755678e-06,0.0,8.100002446553844e-08,0.0,0,False
319,1.3780000074348209e-06,9.499999009676685e-08,3.460000016275444e-06,0.0,9.499999009676685e-08,0.0,0,False
320,1.3789999968594202e-06,8.499998216393578e-08,3.6249999766369e-06,0.0,8.499998216393578e-08,0.0,0,False
321,1.4100000100825127e-06,8.500001058564521e-08,3.595999999106425e-06,0.0,8.500001058564521e-08,0.0,0,False
322,1.4839999948890181e-06,2.6899999738816405e-07,3.922999979977249e-06,0.0,2.6899999738816405e-07,0.0,0,False
323,3.144999993764941e-06,1.5599999869664316e-07,3.096999989793403e-06,0.0,1.5599999869664316e-07,0.0,0,False
324,1.6580000021804153e-06,1.2999998943996616e-07,2.6429999877564114e-06,0.0,1.2999998943996616e-07,0.0,0,False
325,1.3869999975213432e-06,9.299998282585875e-08,2.7739999950426864e-06,0.0,9.299998282585875e-08,0.0,0,False
326,1.2989999902401905e-06,9.000001455206075e-08,2.3700000042481406e-06,0.0,9.000001455206075e-08,0.0,0,False
327,1.247000000148546e-06,8.300000331473711e-08,2.6230000003124587e-06,0.0,8.300000331473711e-08,0.0,0,False
328,1.1310000047615176e-06,7.400001322821481e-08,2.5299999890648905e-06,0.0,7.400001322821481e-08,0.0,0,False
329,1.1080000206220575e-06,7.200000595730671e-08,2.569000002949906e-06,0.0,7.200000595730671e-08,0.0,0,False
330,1.0619999954997184e-06,6.900000926179928e-08,2.7199999976801337e-06,0.0,6.900000926179928e-08,0.0,0,False
331,1.1989999961770081e-06,6.100000859987631e-08,2.5889999903938588e-06,0.0,6.100000859987631e-08,0.0,0,False
332,1.1369999981525325e-06,5.899997290725878e-08,2.4959999791462906e-06,0.0,5.899997290725878e-08,0.0,0,False
333,1.1570000140181946e-06,5.699999405806011e-08,2.4899999857552757e-06,0.0,5.699999405806011e-08,0.0,0,False
334,1.1310000047615176e-06,5.900000132896821e-08,2.474999973856029e-06,0.0,5.900000132896821e-08,0.0,0,False
335,1.0669999994661339e-06,6.100000859987631e-08,2.558999995017075e-06,0.0,6.100000859987631e-08,0.0,0,False
336,1.0720000034325494e-06,5.999999075356754e-08,2.138000013474084e-06,0.0,5.999999075356754e-08,0.0,0,False
337,1.063999974348917e-06,5.999999075356754e-08,2.1699999877000664e-06,0.0,5.999999075356754e-08,0.0,0,False
338,1.0310000106983352e-06,7.299999538190605e-08,2.425000019457002e-06,0.0,7.299999538190605e-08,0.0,0,False
339,1.0379999935139494e-06,5.8000011904368876e-08,2.4690000088867237e-06,0.0,5.8000011904368876e-08,0.0,0,False
340,1.0059999908662576e-06,5.900000132896821e-08,2.4260000088816014e-06,0.0,5.900000132896821e-08,0.0,0,False
341,1.0190000239163055e-06,5.6000004633460776e-08,2.516999984436552e-06,0.0,5.6000004633460776e-08,0.0,0,False
342,1.0130000021035812e-06,6.100000859987631e-08,2.5159999950119527e-06,0.0,6.100000859987631e-08,0.0,0,False
343,9.910000073887204e-07,5.3999997362552676e-08,4.192999995211721e-06,0.0,5.3999997362552676e-08,0.0,0,False
344,1.160000010713702e-06,5.900000132896821e-08,2.5129999983164453e-06,0.0,5.900000132896821e-08,0.0,0,False
345,1.131999994186117e-06,6.000001917527698e-08,2.51899999170746e-06,0.0,6.000001917527698e-08,0.0,0,False
346,1.0199999849191954e-06,5.699999405806011e-08,2.5760000141872297e-06,0.0,5.699999405806011e-08,0.0,0,False
347,9.70000002098459e-07,5.7999983482659445e-08,2.4260000088816014e-06,0.0,5.7999983482659445e-08,0.0,0,False
348,1.0500000087176886e-06,5.8000011904368876e-08,2.4429999996300467e-06,0.0,5.8000011904368876e-08,0.0,0,False
349,1.0889999941809947e-06,5.999999075356754e-08,2.4660000121912162e-06,0.0,5.999999075356754e-08,0.0,0,False
350,1.1150000034376717e-06,9.000001455206075e-08,2.516999984436552e-06,0.0,9.000001455206075e-08,0.0,0,False
351,1.050999998142288e-06,6.599998414458241e-08,2.510000001620938e-06,0.0,6.599998414458241e-08,0.0,0,False
352,1.0480000014467805e-06,5.900000132896821e-08,2.4750000022777385e-06,0.0,5.900000132896821e-08,0.0,0,False
353,1.01400001994989e-06,5.999999075356754e-08,2.496000007568e-06,0.0,5.999999075356754e-08,0.0,0,False
354,1.1719999974957318e-06,9.799998679227429e-08,2.6550000029601506e-06,0.0,9.799998679227429e-08,0.0,0,False
355,1.2299999809783912e-06,7.299999538190605e-08,2.6120000029550283e-06,0.0,7.299999538190605e-08,0.0,0,False
356,1.0170000166453974e-06,8.199998546842835e-08,2.397000002929417e-06,0.0,8.199998546842835e-08,0.0,0,False
357,1.1000000199601345e-06,8.699998943484388e-08,2.5479999976596446e-06,0.0,8.699998943484388e-08,0.0,0,False
358,1.0079999981371657e-06,6.000001917527698e-08,2.389000002267494e-06,0.0,6.000001917527698e-08,0.0,0,False
359,1.0669999994661339e-06,9.100000397666008e-08,2.556999987746167e-06,0.0,9.100000397666008e-08,0.0,0,False
360,1.073999982281748e-06,7.499997423110472e-08,2.6109999851087196e-06,0.0,7.499997423110472e-08,0.0,0,False
361,1.1360000087279332e-06,5.7999983482659445e-08,2.572999989070013e-06,0.0,5.7999983482659445e-08,0.0,0,False
362,1.0360000146647508e-06,9.000001455206075e-08,2.4999999936881068e-06,0.0,9.000001455206075e-08,0.0,0,False
363,1.0689999783153326e-06,5.7999983482659445e-08,2.5809999897319358e-06,0.0,5.7999983482659445e-08,0.0,0,False
364,9.519999935037049e-07,5.900000132896821e-08,2.4879999784843676e-06,0.0,5.900000132896821e-08,0.0,0,False
365,1.0930000087228109e-06,6.400000529538374e-08,2.572999989070013e-06,0.0,6.400000529538374e-08,0.0,0,False
366,9.709999915230583e-07,6.400000529538374e-08,2.702000017507089e-06,0.0,6.400000529538374e-08,0.0,0,False
367,1.0549999842623947e-06,5.8000011904368876e-08,2.7130000148645195e-06,0.0,5.8000011904368876e-08,0.0,0,False
368,1.3180000166812533e-06,5.900000132896821e-08,2.6220000108878594e-06,0.0,5.900000132896821e-08,0.0,0,False
369,1.0059999908662576e-06,5.900000132896821e-08,2.5740000069163216e-06,0.0,5.900000132896821e-08,0.0,0,False
370,1.1779999908867467e-06,7.100001653270738e-08,2.5840000148491526e-06,0.0,7.100001653270738e-08,0.0,0,False
371,1.1090000100466568e-06,8.899999670575198e-08,2.6049999917177047e-06,0.0,8.899999670575198e-08,0.0,0,False
372,1.0409999902094569e-06,5.699999405806011e-08,2.556999987746167e-06,0.0,5.699999405806011e-08,0.0,0,False
373,1.0150000093744893e-06,5.900000132896821e-08,2.4789999883978453e-06,0.0,5.900000132896821e-08,0.0,0,False
374,1.0669999994661339e-06,5.999999075356754e-08,2.489000024752386e-06,0.0,5.999999075356754e-08,0.0,0,False
375,1.0910000014519028e-06,1.3100000728627492e-07,2.6280000042788743e-06,0.0,1.3100000728627492e-07,0.0,0,False
376,1.7259999935959058e-06,8.499998216393578e-08,2.6970000135406735e-06,0.0,8.499998216393578e-08,0.0,0,False
377,1.2680000054388074e-06,9.000001455206075e-08,2.219000009517913e-06,0.0,9.000001455206075e-08,0.0,0,False
378,1.1440000093898561e-06,7.500000265281415e-08,2.5219999884029676e-06,0.0,7.500000265281415e-08,0.0,0,False
379,1.0239999994610116e-06,6.799999141549051e-08,3.885000012360251e-06,0.0,6.799999141549051e-08,0.0,0,False
380,1.0729999928571488e-06,5.699999405806011e-08,2.6220000108878594e-06,0.0,5.699999405806011e-08,0.0,0,False
381,1.0480000014467805e-06,6.199999802447564e-08,2.358000017466111e-06,0.0,6.199999802447564e-08,0.0,0,False
382,1.0649999921952258e-06,8.499998216393578e-08,2.3679999969772325e-06,0.0,8.499998216393578e-08,0.0,0,False
383,1.016999988223688e-06,6.099998017816688e-08,2.7220000049510418e-06,0.0,6.099998017816688e-08,0.0,0,False
384,1.0149999809527799e-06,5.999999075356754e-08,2.556000026743277e-06,0.0,5.999999075356754e-08,0.0,0,False
385,1.0809999935190717e-06,5.8000011904368876e-08,2.59899999832669e-06,0.0,5.8000011904368876e-08,0.0,0,False
386,1.0320000001229346e-06,6.299998744907498e-08,2.5260000029447838e-06,0.0,6.299998744907498e-08,0.0,0,False
387,1.1040000060802413e-06,5.900000132896821e-08,1.8895000010843432e-05,0.0,5.900000132896821e-08,0.0,0,False
388,1.4930000133972499e-06,7.200000595730671e-08,2.6490000095691357e-06,0.0,7.200000595730671e-08,0.0,0,False
389,1.147999995509963e-06,7.499997423110472e-08,2.5629999811371817e-06,0.0,7.499997423110472e-08,0.0,0,False
390,1.2030000107188243e-06,6.199999802447564e-08,2.5549999804752588e-06,0.0,6.199999802447564e-08,0.0,0,False
391,1.1180000001331791e-06,6.199999802447564e-08,2.4180000082196784e-06,0.0,6.199999802447564e-08,0.0,0,False
392,1.0889999941809947e-06,5.6000004633460776e-08,2.4520000181382784e-06,0.0,5.6000004633460776e-08,0.0,0,False
393,1.0159999987990886e-06,6.799999141549051e-08,2.2769999930005724e-06,0.0,6.799999141549051e-08,0.0,0,False
394,1.2069999968389311e-06,6.199999802447564e-08,2.464000004920308e-06,0.0,6.199999802447564e-08,0.0,0,False
395,9.860000034223049e-07,5.900000132896821e-08,2.4809999956687534e-06,0.0,5.900000132896821e-08,0.0,0,False
396,1.0070000087125663e-06,5.699999405806011e-08,2.5900000082401675e-06,0.0,5.699999405806011e-08,0.0,0,False
397,1.0729999928571488e-06,5.999999075356754e-08,2.4850000102105696e-06,0.0,5.999999075356754e-08,0.0,0,False
398,1.0459999941758724e-06,5.8000011904368876e-08,2.4830000029396615e-06,0.0,5.8000011904368876e-08,0.0,0,False
399,1.0949999875720096e-06,5.7999983482659445e-08,2.455000014833786e-06,0.0,5.7999983482659445e-08,0.0,0,False
400,1.0020000047461508e-06,5.899997290725878e-08,2.545000000964137e-06,0.0,5.899997290725878e-08,0.0,0,False
401,1.0720000034325494e-06,5.900000132896821e-08,2.4729999950068304e-06,0.0,5.900000132896821e-08,0.0,0,False
402,1.0919999908765021e-06,5.6000004633460776e-08,2.4830000029396615e-06,0.0,5.6000004633460776e-08,0.0,0,False
403,1.0480000014467805e-06,6.599998414458241e-08,2.7499999930569174e-06,0.0,6.599998414458241e-08,0.0,0,False
404,1.1040000060802413e-06,6.400000529538374e-08,2.6470000022982276e-06,0.0,6.400000529538374e-08,0.0,0,False
405,1.0439999869049643e-06,5.900000132896821e-08,2.4739999844314298e-06,0.0,5.900000132896821e-08,0.0,0,False
406,1.0679999888907332e-06,5.699999405806011e-08,2.417000018795079e-06,0.0,5.699999405806011e-08,0.0,0,False
407,1.0130000021035812e-06,5.900000132896821e-08,2.198999993652251e-06,0.0,5.900000132896821e-08,0.0,0,False
408,9.590000047410285e-07,5.7999983482659445e-08,2.4440000174763554e-06,0.0,5.7999983482659445e-08,0.0,0,False
409,1.0099999769863643e-06,6.700000199089118e-08,2.0749999976032996e-06,0.0,6.700000199089118e-08,0.0,0,False
410,9.940000040842278e-07,6.100000859987631e-08,2.4580000115292933e-06,0.0,6.100000859987631e-08,0.0,0,False
411,1.024999988885611e-06,6.100000859987631e-08,2.2759999751542637e-06,0.0,6.100000859987631e-08,0.0,0,False
412,1.004000012017059e-06,7.399998480650538e-08,2.5839999864274432e-06,0.0,7.399998480650538e-08,0.0,0,False
413,1.0320000001229346e-06,5.900000132896821e-08,2.162000015459853e-06,0.0,5.900000132896821e-08,0.0,0,False
414,1.2190000120426703e-06,5.900000132896821e-08,2.4510000002919696e-06,0.0,5.900000132896821e-08,0.0,0,False
415,1.0640000027706265e-06,6.099998017816688e-08,2.4089999897114467e-06,0.0,6.099998017816688e-08,0.0,0,False
416,1.0149999809527799e-06,5.900000132896821e-08,2.477999998973246e-06,0.0,5.900000132896821e-08,0.0,0,False
417,1.0290000034274271e-06,5.699999405806011e-08,2.376999987063755e-06,0.0,5.699999405806011e-08,0.0,0,False
418,1.1269999902197014e-06,5.699999405806011e-08,2.500999983112706e-06,0.0,5.699999405806011e-08,0.0,0,False
419,1.0210000027655042e-06,5.8000011904368876e-08,2.332000008209434e-06,0.0,5.8000011904368876e-08,0.0,0,False
420,9.88000010693213e-07,5.8000011904368876e-08,2.5420000042686297e-06,0.0,5.8000011904368876e-08,0.0,0,False
421,1.0139999915281805e-06,5.699999405806011e-08,2.485999999635169e-06,0.0,5.699999405806011e-08,0.0,0,False
422,9.860000034223049e-07,5.699999405806011e-08,2.4930000108724926e-06,0.0,5.699999405806011e-08,0.0,0,False
423,1.0230000100364123e-06,6.000001917527698e-08,2.574999996340921e-06,0.0,6.000001917527698e-08,0.0,0,False
424,1.0150000093744893e-06,5.900000132896821e-08,2.31399999961468e-06,0.0,5.900000132896821e-08,0.0,0,False
425,9.799999816095806e-07,5.999999075356754e-08,2.37099999367274e-06,0.0,5.999999075356754e-08,0.0,0,False
426,1.1119999783204548e-06,6.999999868639861e-08,2.4969999969925993e-06,0.0,6.999999868639861e-08,0.0,0,False
427,1.0320000001229346e-06,5.900000132896821e-08,2.281999996966988e-06,0.0,5.900000132896821e-08,0.0,0,False
428,1.147999995509963e-06,6.000001917527698e-08,2.6300000115497824e-06,0.0,6.000001917527698e-08,0.0,0,False
429,1.0619999954997184e-06,6.099998017816688e-08,2.4409999923591386e-06,0.0,6.099998017816688e-08,0.0,0,False
430,1.1190000179794879e-06,6.099998017816688e-08,2.8850000148850086e-06,0.0,6.099998017816688e-08,0.0,0,False
431,1.0470000120221812e-06,5.7999983482659445e-08,2.43999997451283e-06,0.0,5.7999983482659445e-08,0.0,0,False
432,1.0859999974854873e-06,7.100001653270738e-08,2.5619999917125824e-06,0.0,7.100001653270738e-08,0.0,0,False
433,1.053000005413196e-06,5.999999075356754e-08,2.4040000141667406e-06,0.0,5.999999075356754e-08,0.0,0,False
434,1.0109999948326731e-06,5.999999075356754e-08,2.437999995663631e-06,0.0,5.999999075356754e-08,0.0,0,False
435,1.0649999921952258e-06,5.900000132896821e-08,2.3359999943295406e-06,0.0,5.900000132896821e-08,0.0,0,False
436,1.0460000225975818e-06,5.700002247976954e-08,2.340000008871357e-06,0.0,5.700002247976954e-08,0.0,0,False
437,1.0179999776482873e-06,5.699999405806011e-08,2.128000005541253e-06,0.0,5.699999405806011e-08,0.0,0,False
438,1.0640000027706265e-06,5.700002247976954e-08,2.5459999903887365e-06,0.0,5.700002247976954e-08,0.0,0,False
439,1.0379999935139494e-06,5.8000011904368876e-08,2.4680000194621243e-06,0.0,5.8000011904368876e-08,0.0,0,False
440,1.0699999961616413e-06,5.699999405806011e-08,2.5740000069163216e-06,0.0,5.699999405806011e-08,0.0,0,False
441,1.0459999941758724e-06,7.099998811099795e-08,2.4850000102105696e-06,0.0,7.099998811099795e-08,0.0,0,False
442,1.0460000225975818e-06,6.000001917527698e-08,2.496000007568e-06,0.0,6.000001917527698e-08,0.0,0,False
443,1.1099999994712562e-06,7.199997753559728e-08,2.8009999937239627e-06,0.0,7.199997753559728e-08,0.0,0,False
444,1.2330000060956081e-06,5.699999405806011e-08,2.5980000089020905e-06,0.0,5.699999405806011e-08,0.0,0,False
445,1.042999997480365e-06,5.999999075356754e-08,2.4670000016158156e-06,0.0,5.999999075356754e-08,0.0,0,False
446,1.0459999941758724e-06,5.7999983482659445e-08,2.3839999983010784e-06,0.0,5.7999983482659445e-08,0.0,0,False
447,9.959999829334265e-07,5.900000132896821e-08,2.3940000062339095e-06,0.0,5.900000132896821e-08,0.0,0,False
448,1.0029999941707501e-06,6.699997356918175e-08,2.4189999976442778e-06,0.0,6.699997356918175e-08,0.0,0,False
449,1.0830000007899798e-06,5.700002247976954e-08,2.5660000062543986e-06,0.0,5.700002247976954e-08,0.0,0,False
450,1.0869999869100866e-06,5.8000011904368876e-08,2.170000016121776e-06,0.0,5.8000011904368876e-08,0.0,0,False
451,1.0050000014416582e-06,5.900000132896821e-08,2.496000007568e-06,0.0,5.900000132896821e-08,0.0,0,False
452,1.0539999948377954e-06,6.299998744907498e-08,2.590999997664767e-06,0.0,6.299998744907498e-08,0.0,0,False
453,1.0839999902145792e-06,5.900000132896821e-08,2.3679999969772325e-06,0.0,5.900000132896821e-08,0.0,0,False
454,1.0520000159885967e-06,6.099998017816688e-08,2.0909999989271455e-06,0.0,6.099998017816688e-08,0.0,0,False
455,1.085000008060888e-06,1.0400000860499858e-07,2.4830000029396615e-06,0.0,1.0400000860499858e-07,0.0,0,False
456,1.053000005413196e-06,5.900000132896821e-08,2.3909999811166927e-06,0.0,5.900000132896821e-08,0.0,0,False
457,1.0119999842572724e-06,6.499999471998308e-08,2.3599999963153095e-06,0.0,6.499999471998308e-08,0.0,0,False
458,1.1459999882390548e-06,6.100000859987631e-08,3.824000003760375e-06,0.0,6.100000859987631e-08,0.0,0,False
459,1.0180000060699967e-06,5.900000132896821e-08,2.1559999936471286e-06,0.0,5.900000132896821e-08,0.0,0,False
460,1.0759999895526562e-06,5.900000132896821e-08,2.490000014176985e-06,0.0,5.900000132896821e-08,0.0,0,False
461,9.840000245731062e-07,5.8000011904368876e-08,2.4789999883978453e-06,0.0,5.8000011904368876e-08,0.0,0,False
462,1.0079999981371657e-06,1.9999998812636477e-07,3.985000006423434e-06,0.0,1.9999998812636477e-07,0.0,0,False
463,2.876999985801376e-06,1.4699998018841143e-07,2.83800000033807e-06,0.0,1.4699998018841143e-07,0.0,0,False
464,1.6429999902811687e-06,1.3599998283098103e-07,2.8420000148798863e-06,0.0,1.3599998283098103e-07,0.0,0,False
465,1.3940000087586668e-06,8.699998943484388e-08,2.8089999943858857e-06,0.0,8.699998943484388e-08,0.0,0,False
466,1.2609999942014838e-06,6.100000859987631e-08,2.6609999963511655e-06,0.0,6.100000859987631e-08,0.0,0,False
467,1.228999991553792e-06,6.099998017816688e-08,2.649999998993735e-06,0.0,6.099998017816688e-08,0.0,0,False
468,1.0679999888907332e-06,6.499999471998308e-08,2.532999985760398e-06,0.0,6.499999471998308e-08,0.0,0,False
469,1.131999994186117e-06,5.7999983482659445e-08,2.3630000214325264e-06,0.0,5.7999983482659445e-08,0.0,0,False
470,1.0010000153215515e-06,5.999999075356754e-08,2.273999996305065e-06,0.0,5.999999075356754e-08,0.0,0,False
471,1.0629999849243177e-06,6.000001917527698e-08,2.502000000959015e-06,0.0,6.000001917527698e-08,0.0,0,False
472,1.0190000239163055e-06,6.300001587078441e-08,2.314999989039279e-06,0.0,6.300001587078441e-08,0.0,0,False
473,1.158000003442794e-06,5.900000132896821e-08,2.542999993693229e-06,0.0,5.900000132896821e-08,0.0,0,False
474,1.0539999948377954e-06,6.100000859987631e-08,2.5420000042686297e-06,0.0,6.100000859987631e-08,0.0,0,False
475,1.0400000007848575e-06,6.100000859987631e-08,2.109999996946499e-06,0.0,6.100000859987631e-08,0.0,0,False
476,1.042999997480365e-06,5.699999405806011e-08,2.1910000214120373e-06,0.0,5.699999405806011e-08,0.0,0,False
477,1.0729999928571488e-06,5.8000011904368876e-08,2.555000008896968e-06,0.0,5.8000011904368876e-08,0.0,0,False
478,1.0230000100364123e-06,6.600001256629184e-08,2.4790000168195547e-06,0.0,6.600001256629184e-08,0.0,0,False
479,1.004000012017059e-06,6.300001587078441e-08,2.7079999824763945e-06,0.0,6.300001587078441e-08,0.0,0,False
480,1.0120000126789819e-06,6.400000529538374e-08,2.8839999970387e-06,0.0,6.400000529538374e-08,0.0,0,False
481,1.0620000239214278e-06,6.100000859987631e-08,2.415000011524171e-06,0.0,6.100000859987631e-08,0.0,0,False
482,9.849999855759961e-07,6.199999802447564e-08,2.1559999936471286e-06,0.0,6.199999802447564e-08,0.0,0,False
483,1.0539999948377954e-06,5.699999405806011e-08,1.618699999994533e-05,0.0,5.699999405806011e-08,0.0,0,False
484,1.3840000008258357e-06,6.199999802447564e-08,2.7800000168554106e-06,0.0,6.199999802447564e-08,0.0,0,False
485,1.115999992862271e-06,5.8000011904368876e-08,2.528000010215692e-06,0.0,5.8000011904368876e-08,0.0,0,False
486,1.0709999855862407e-06,9.100000397666008e-08,2.537000000302214e-06,0.0,9.100000397666008e-08,0.0,0,False
487,1.0259999783102103e-06,7.799999934832158e-08,2.4429999996300467e-06,0.0,7.799999934832158e-08,0.0,0,False
488,9.940000040842278e-07,5.699999405806011e-08,2.597000019477491e-06,0.0,5.699999405806011e-08,0.0,0,False
489,1.016999988223688e-06,5.699999405806011e-08,2.5900000082401675e-06,0.0,5.699999405806011e-08,0.0,0,False
490,1.0210000027655042e-06,5.699999405806011e-08,2.437999995663631e-06,0.0,5.699999405806011e-08,0.0,0,False
491,1.0020000047461508e-06,6.700000199089118e-08,2.477999998973246e-06,0.0,6.700000199089118e-08,0.0,0,False
492,1.0359999862430413e-06,2.330000086203654e-07,4.3830000038269645e-06,0.0,2.330000086203654e-07,0.0,0,False
493,2.9469999844877748e-06,2.0300001324358163e-07,3.1140000089635578e-06,0.0,2.0300001324358163e-07,0.0,0,False
494,2.2720000174558663e-06,9.900000463858305e-08,2.6360000049407972e-06,0.0,9.900000463858305e-08,0.0,0,False
495,1.354000005449052e-06,5.700002247976954e-08,2.6280000042788743e-06,0.0,5.700002247976954e-08,0.0,0,False
496,1.1690000008002244e-06,7.900001719463035e-08,2.5900000082401675e-06,0.0,7.900001719463035e-08,0.0,0,False
497,1.1329999836107163e-06,8.299997489302768e-08,2.6380000122117053e-06,0.0,8.299997489302768e-08,0.0,0,False
498,1.194999981635192e-06,7.399998480650538e-08,2.649999998993735e-06,0.0,7.399998480650538e-08,0.0,0,False
499,1.07100001400795e-06,7.299999538190605e-08,2.2609999916767265e-06,0.0,7.299999538190605e-08,0.0,0,False
500,1.0649999921952258e-06,6.499999471998308e-08,2.590999997664767e-06,0.0,6.499999471998308e-08,0.0,0,False
501,1.1049999955048406e-06,9.600000794307562e-08,2.5359999824559054e-06,0.0,9.600000794307562e-08,0.0,0,False
502,1.061000006075119e-06,5.8000011904368876e-08,2.4949999897216912e-06,0.0,5.8000011904368876e-08,0.0,0,False
503,1.0600000166505197e-06,1.0299999075868982e-07,2.225999992333527e-06,0.0,1.0299999075868982e-07,0.0,0,False
504,1.099999991538425e-06,6.100000859987631e-08,2.4060000214376487e-06,0.0,6.100000859987631e-08,0.0,0,False
505,1.0229999816147028e-06,5.699999405806011e-08,2.1430000174404995e-06,0.0,5.699999405806011e-08,0.0,0,False
506,1.0380000219356589e-06,7.200000595730671e-08,2.464000004920308e-06,0.0,7.200000595730671e-08,0.0,0,False
507,1.077000007398965e-06,5.699999405806011e-08,2.1830000207501143e-06,0.0,5.699999405806011e-08,0.0,0,False
508,1.004000012017059e-06,6.099998017816688e-08,2.510999991045537e-06,0.0,6.099998017816688e-08,0.0,0,False
509,1.1410000126943487e-06,5.8000011904368876e-08,2.6169999784997344e-06,0.0,5.8000011904368876e-08,0.0,0,False
510,1.0640000027706265e-06,6.199999802447564e-08,2.5580000055924756e-06,0.0,6.199999802447564e-08,0.0,0,False
511,1.1099999994712562e-06,6.199999802447564e-08,2.5730000174917222e-06,0.0,6.199999802447564e-08,0.0,0,False
512,1.1309999763398082e-06,5.899997290725878e-08,2.4489999930210615e-06,0.0,5.899997290725878e-08,0.0,0,False
513,1.032999989547534e-06,6.999999868639861e-08,2.3960000135048176e-06,0.0,6.999999868639861e-08,0.0,0,False
514,1.0859999974854873e-06,5.900000132896821e-08,2.407000010862248e-06,0.0,5.900000132896821e-08,0.0,0,False
515,1.087000015331796e-06,6.100000859987631e-08,2.4329999916972156e-06,0.0,6.100000859987631e-08,0.0,0,False
516,9.96000011355136e-07,5.900000132896821e-08,2.561000002287983e-06,0.0,5.900000132896821e-08,0.0,0,False
517,1.0939999981474102e-06,5.900000132896821e-08,2.411999986406954e-06,0.0,5.900000132896821e-08,0.0,0,False
518,1.0400000007848575e-06,5.899997290725878e-08,2.4910000036015845e-06,0.0,5.899997290725878e-08,0.0,0,False
519,1.022000020611813e-06,6.100000859987631e-08,2.544000011539538e-06,0.0,6.100000859987631e-08,0.0,0,False
520,1.0170000166453974e-06,7.100001653270738e-08,2.5110000194672466e-06,0.0,7.100001653270738e-08,0.0,0,False
521,1.0660000100415346e-06,6.299998744907498e-08,2.6490000095691357e-06,0.0,6.299998744907498e-08,0.0,0,False
522,1.0800000040944724e-06,5.8000011904368876e-08,2.582999997002844e-06,0.0,5.8000011904368876e-08,0.0,0,False
523,1.0620000239214278e-06,6.299998744907498e-08,2.5779999930364284e-06,0.0,6.299998744907498e-08,0.0,0,False
524,1.0100000054080738e-06,6.099998017816688e-08,2.732000012883873e-06,0.0,6.099998017816688e-08,0.0,0,False
525,1.085000008060888e-06,6.099998017816688e-08,2.738999995699487e-06,0.0,6.099998017816688e-08,0.0,0,False
526,1.1129999961667636e-06,6.099998017816688e-08,2.5299999890648905e-06,0.0,6.099998017816688e-08,0.0,0,False
527,1.186999980973269e-06,8.399999273933645e-08,2.448000003596462e-06,0.0,8.399999273933645e-08,0.0,0,False
528,1.1129999961667636e-06,6.299998744907498e-08,2.9050000023289613e-06,0.0,6.299998744907498e-08,0.0,0,False
529,1.058999998804211e-06,5.699999405806011e-08,2.402999996320432e-06,0.0,5.699999405806011e-08,0.0,0,False
530,1.0809999935190717e-06,6.299998744907498e-08,2.6449999950273195e-06,0.0,6.299998744907498e-08,0.0,0,False
531,1.1070000027757487e-06,8.399999273933645e-08,2.2199999989425123e-06,0.0,8.399999273933645e-08,0.0,0,False
532,1.0840000186362886e-06,6.100000859987631e-08,2.6269999864325655e-06,0.0,6.100000859987631e-08,0.0,0,False
533,1.0720000034325494e-06,6.299998744907498e-08,2.5840000148491526e-06,0.0,6.299998744907498e-08,0.0,0,False
534,1.0420000080557656e-06,5.999999075356754e-08,2.2320000141462515e-06,0.0,5.999999075356754e-08,0.0,0,False
535,1.004000012017059e-06,5.699999405806011e-08,2.5900000082401675e-06,0.0,5.699999405806011e-08,0.0,0,False
536,1.1049999955048406e-06,6.200002644618507e-08,2.2049999870432657e-06,0.0,6.200002644618507e-08,0.0,0,False
537,1.1070000027757487e-06,6.100000859987631e-08,2.483999992364261e-06,0.0,6.100000859987631e-08,0.0,0,False
538,1.0359999862430413e-06,5.999999075356754e-08,2.1390000028986833e-06,0.0,5.999999075356754e-08,0.0,0,False
539,1.0290000034274271e-06,6.299998744907498e-08,2.1110000147928076e-06,0.0,6.299998744907498e-08,0.0,0,False
540,1.0260000067319197e-06,7.200000595730671e-08,2.4440000174763554e-06,0.0,7.200000595730671e-08,0.0,0,False
541,1.024999988885611e-06,6.400000529538374e-08,2.5010000115344155e-06,0.0,6.400000529538374e-08,0.0,0,False
542,1.283000017338054e-06,5.999999075356754e-08,2.8520000228127174e-06,0.0,5.999999075356754e-08,0.0,0,False
543,1.1070000027757487e-06,5.7999983482659445e-08,2.5969999910557817e-06,0.0,5.7999983482659445e-08,0.0,0,False
544,1.2799999922208372e-06,6.799999141549051e-08,2.4169999903733697e-06,0.0,6.799999141549051e-08,0.0,0,False
545,1.0459999941758724e-06,5.899997290725878e-08,2.4910000036015845e-06,0.0,5.899997290725878e-08,0.0,0,False
546,1.1470000060853636e-06,6.199999802447564e-08,2.5340000036067067e-06,0.0,6.199999802447564e-08,0.0,0,False
547,1.0379999935139494e-06,6.199999802447564e-08,2.4489999930210615e-06,0.0,6.199999802447564e-08,0.0,0,False
548,1.0079999981371657e-06,6.499999471998308e-08,2.5129999983164453e-06,0.0,6.499999471998308e-08,0.0,0,False
549,1.07100001400795e-06,5.900000132896821e-08,2.389000002267494e-06,0.0,5.900000132896821e-08,0.0,0,False
550,1.0180000060699967e-06,6.499999471998308e-08,2.1339999989322678e-06,0.0,6.499999471998308e-08,0.0,0,False
551,1.0640000027706265e-06,6.100000859987631e-08,2.483999992364261e-06,0.0,6.100000859987631e-08,0.0,0,False
552,1.0750000001280569e-06,6.099998017816688e-08,2.6200000036169513e-06,0.0,6.099998017816688e-08,0.0,0,False
553,1.0920000192982116e-06,6.300001587078441e-08,2.6870000056078425e-06,0.0,6.300001587078441e-08,0.0,0,False
554,1.0409999902094569e-06,6.700000199089118e-08,2.6790000049459195e-06,0.0,6.700000199089118e-08,0.0,0,False
555,1.0640000027706265e-06,6.100000859987631e-08,2.556999987746167e-06,0.0,6.100000859987631e-08,0.0,0,False
556,1.1320000226078264e-06,7.799999934832158e-08,2.555000008896968e-06,0.0,7.799999934832158e-08,0.0,0,False
557,1.111000017317565e-06,6.400000529538374e-08,2.538999979151413e-06,0.0,6.400000529538374e-08,0.0,0,False
558,1.061000006075119e-06,6.100000859987631e-08,2.429000005577109e-06,0.0,6.100000859987631e-08,0.0,0,False
559,1.0320000001229346e-06,7.699998150201282e-08,2.722999994375641e-06,0.0,7.699998150201282e-08,0.0,0,False
560,1.1289999974906095e-06,6.200002644618507e-08,2.666000000317581e-06,0.0,6.200002644618507e-08,0.0,0,False
561,1.0800000040944724e-06,6.000001917527698e-08,2.647999991722827e-06,0.0,6.000001917527698e-08,0.0,0,False
562,1.103000016655642e-06,5.8000011904368876e-08,2.4750000022777385e-06,0.0,5.8000011904368876e-08,0.0,0,False
563,1.0340000073938427e-06,6.700000199089118e-08,2.536000010877615e-06,0.0,6.700000199089118e-08,0.0,0,False
564,1.0649999921952258e-06,6.700000199089118e-08,2.528999999640291e-06,0.0,6.700000199089118e-08,0.0,0,False
565,1.085000008060888e-06,6.199999802447564e-08,2.4249999910352926e-06,0.0,6.199999802447564e-08,0.0,0,False
566,1.0480000014467805e-06,6.199999802447564e-08,2.5270000207910925e-06,0.0,6.199999802447564e-08,0.0,0,False
567,1.0600000166505197e-06,6.299998744907498e-08,2.48499998178886e-06,0.0,6.299998744907498e-08,0.0,0,False
568,1.0630000133460271e-06,6.199999802447564e-08,2.5340000036067067e-06,0.0,6.199999802447564e-08,0.0,0,False
569,1.022000020611813e-06,6.199999802447564e-08,2.5390000075731223e-06,0.0,6.199999802447564e-08,0.0,0,False
570,9.8000001003129e-07,6.299998744907498e-08,2.545000000964137e-06,0.0,6.299998744907498e-08,0.0,0,False
571,1.058999998804211e-06,6.199999802447564e-08,2.496000007568e-06,0.0,6.199999802447564e-08,0.0,0,False
572,1.0500000087176886e-06,7.799999934832158e-08,2.5070000049254304e-06,0.0,7.799999934832158e-08,0.0,0,False
573,1.0750000001280569e-06,6.900000926179928e-08,2.69000000230335e-06,0.0,6.900000926179928e-08,0.0,0,False
574,1.0939999981474102e-06,2.1700000729651947e-07,4.208999996535567e-06,0.0,2.1700000729651947e-07,0.0,0,False
575,2.999000003001129e-06,1.5099999473022763e-07,3.0080000215093605e-06,0.0,1.5099999473022763e-07,0.0,0,False
576,1.8359999955919193e-06,9.999999406318238e-08,3.0569999864837882e-06,0.0,9.999999406318238e-08,0.0,0,False
577,1.5829999995276012e-06,7.899998877292091e-08,2.4690000088867237e-06,0.0,7.899998877292091e-08,0.0,0,False
578,1.3850000186721445e-06,7.799999934832158e-08,2.722999994375641e-06,0.0,7.799999934832158e-08,0.0,0,False
579,1.1959999994815007e-06,8.200001389013778e-08,2.1913000011863915e-05,0.0,8.200001389013778e-08,0.0,0,False
580,1.6720000246550626e-06,1.349999934063817e-07,2.7170000009846262e-06,0.0,1.349999934063817e-07,0.0,0,False
581,1.267000016014208e-06,7.699998150201282e-08,2.8329999963716546e-06,0.0,7.699998150201282e-08,0.0,0,False
582,1.1280000080660102e-06,8.600000001024455e-08,2.7170000009846262e-06,0.0,8.600000001024455e-08,0.0,0,False
583,1.1300000153369183e-06,7.700000992372225e-08,2.631999990398981e-06,0.0,7.700000992372225e-08,0.0,0,False
584,1.1250000113705028e-06,7.299999538190605e-08,2.502999990383614e-06,0.0,7.299999538190605e-08,0.0,0,False
585,1.0660000100415346e-06,6.000001917527698e-08,2.4709999877359223e-06,0.0,6.000001917527698e-08,0.0,0,False
586,1.0540000232595048e-06,6.199999802447564e-08,2.550999994355152e-06,0.0,6.199999802447564e-08,0.0,0,False
587,1.079000014669873e-06,5.999999075356754e-08,2.494000000297092e-06,0.0,5.999999075356754e-08,0.0,0,False
588,1.0420000080557656e-06,5.999999075356754e-08,2.6249999791616574e-06,0.0,5.999999075356754e-08,0.0,0,False
589,1.045000004751273e-06,6.100000859987631e-08,2.5520000122014608e-06,0.0,6.100000859987631e-08,0.0,0,False
590,1.0560000021087035e-06,6.299998744907498e-08,2.532000024757508e-06,0.0,6.299998744907498e-08,0.0,0,False
591,1.10599998492944e-06,5.900000132896821e-08,2.4850000102105696e-06,0.0,5.900000132896821e-08,0.0,0,False
592,1.0500000087176886e-06,6.299998744907498e-08,2.563000009558891e-06,0.0,6.299998744907498e-08,0.0,0,False
593,1.0720000034325494e-06,6.000001917527698e-08,2.4670000016158156e-06,0.0,6.000001917527698e-08,0.0,0,False
594,1.1810000160039635e-06,6.600001256629184e-08,2.5639999989834905e-06,0.0,6.600001256629184e-08,0.0,0,False
595,1.0649999921952258e-06,6.199999802447564e-08,2.4619999976494e-06,0.0,6.199999802447564e-08,0.0,0,False
596,1.0729999928571488e-06,5.699999405806011e-08,2.8180000128941174e-06,0.0,5.699999405806011e-08,0.0,0,False
597,1.2029000004076806e-05,2.260000258047512e-07,4.406000016388134e-06,0.0,2.260000258047512e-07,0.0,0,False
598,2.294000012170727e-06,1.2900000001536682e-07,2.894000004971531e-06,0.0,1.2900000001536682e-07,0.0,0,False
599,1.5530000041508174e-06,9.699999736767495e-08,2.8270000029806397e-06,0.0,9.699999736767495e-08,0.0,0,False
600,1.4010000199959904e-06,1.0900001257141412e-07,2.6329999798235804e-06,0.0,1.0900001257141412e-07,0.0,0,False
601,1.2669999875924987e-06,7.299999538190605e-08,2.6260000254296756e-06,0.0,7.299999538190605e-08,0.0,0,False
602,1.2019999928725156e-06,6.299998744907498e-08,2.386999994996586e-06,0.0,6.299998744907498e-08,0.0,0,False
603,1.099999991538425e-06,8.399999273933645e-08,2.448000003596462e-06,0.0,8.399999273933645e-08,0.0,0,False
604,1.1710000080711325e-06,6.299998744907498e-08,2.5399999969977216e-06,0.0,6.299998744907498e-08,0.0,0,False
605,1.1409999842726393e-06,6.300001587078441e-08,2.4420000102054473e-06,0.0,6.300001587078441e-08,0.0,0,False
606,1.0900000120273035e-06,6.700000199089118e-08,2.599999987751289e-06,0.0,6.700000199089118e-08,0.0,0,False
607,1.0849999796391785e-06,6.199999802447564e-08,2.555000008896968e-06,0.0,6.199999802447564e-08,0.0,0,False
608,1.0919999908765021e-06,5.900000132896821e-08,2.5519999837797513e-06,0.0,5.900000132896821e-08,0.0,0,False
609,1.0409999902094569e-06,6.099998017816688e-08,2.595000012206583e-06,0.0,6.099998017816688e-08,0.0,0,False
610,1.0230000100364123e-06,5.900000132896821e-08,2.488000006906077e-06,0.0,5.900000132896821e-08,0.0,0,False
611,1.0740000107034575e-06,9.299998282585875e-08,2.4910000036015845e-06,0.0,9.299998282585875e-08,0.0,0,False
612,1.0779999968235643e-06,9.199999340125942e-08,2.555000008896968e-06,0.0,9.199999340125942e-08,0.0,0,False
613,1.0910000014519028e-06,8.899999670575198e-08,2.193000000261236e-06,0.0,8.899999670575198e-08,0.0,0,False
614,9.830000067267974e-07,6.000001917527698e-08,2.5399999969977216e-06,0.0,6.000001917527698e-08,0.0,0,False
615,1.0010000153215515e-06,5.6000004633460776e-08,2.518000002282861e-06,0.0,5.6000004633460776e-08,0.0,0,False
616,1.0029999941707501e-06,5.999999075356754e-08,2.447000014171863e-06,0.0,5.999999075356754e-08,0.0,0,False
617,1.0919999908765021e-06,1.1000000199601345e-07,3.2970000063414773e-06,0.0,1.1000000199601345e-07,0.0,0,False
618,1.1539999889009778e-06,6.100000859987631e-08,2.694000016845166e-06,0.0,6.100000859987631e-08,0.0,0,False
619,1.1089999816249474e-06,1.0599998745419725e-07,2.163000004884452e-06,0.0,1.0599998745419725e-07,0.0,0,False
620,1.0539999948377954e-06,7.399998480650538e-08,2.6810000122168276e-06,0.0,7.399998480650538e-08,0.0,0,False
621,1.050999998142288e-06,6.899998084008985e-08,2.6069999989886128e-06,0.0,6.899998084008985e-08,0.0,0,False
622,1.1369999981525325e-06,6.300001587078441e-08,2.3559999817734933e-06,0.0,6.300001587078441e-08,0.0,0,False
623,1.123999993524194e-06,5.7999983482659445e-08,2.582999997002844e-06,0.0,5.7999983482659445e-08,0.0,0,False
624,1.0560000021087035e-06,7.100001653270738e-08,2.5300000174866e-06,0.0,7.100001653270738e-08,0.0,0,False
625,1.0779999968235643e-06,7.200000595730671e-08,2.389000002267494e-06,0.0,7.200000595730671e-08,0.0,0,False
626,1.0150000093744893e-06,5.8000011904368876e-08,2.457999983107584e-06,0.0,5.8000011904368876e-08,0.0,0,False
627,1.004000012017059e-06,5.999999075356754e-08,2.4889999963306764e-06,0.0,5.999999075356754e-08,0.0,0,False
628,1.0579999809579022e-06,5.900000132896821e-08,2.4109999969823548e-06,0.0,5.900000132896821e-08,0.0,0,False
629,1.061000006075119e-06,6.100000859987631e-08,2.399000010200325e-06,0.0,6.100000859987631e-08,0.0,0,False
630,1.053000005413196e-06,6.400000529538374e-08,2.4409999923591386e-06,0.0,6.400000529538374e-08,0.0,0,False
631,1.0849999796391785e-06,6.199999802447564e-08,2.453999996987477e-06,0.0,6.199999802447564e-08,0.0,0,False
632,1.0889999941809947e-06,5.999999075356754e-08,2.421000004915186e-06,0.0,5.999999075356754e-08,0.0,0,False
633,1.0619999954997184e-06,5.999999075356754e-08,2.4610000082248007e-06,0.0,5.999999075356754e-08,0.0,0,False
634,1.0489999908713799e-06,8.899999670575198e-08,2.4269999983062007e-06,0.0,8.899999670575198e-08,0.0,0,False
635,1.0649999921952258e-06,5.900000132896821e-08,2.421999994339785e-06,0.0,5.900000132896821e-08,0.0,0,False
636,1.1380000159988413e-06,6.300001587078441e-08,2.4869999890597683e-06,0.0,6.300001587078441e-08,0.0,0,False
637,1.0090000159834744e-06,5.8000011904368876e-08,2.35900000689071e-06,0.0,5.8000011904368876e-08,0.0,0,False
638,1.085000008060888e-06,8.999998613035132e-08,2.5719999996454135e-06,0.0,8.999998613035132e-08,0.0,0,False
639,1.0469999836004718e-06,6.000001917527698e-08,2.4529999791411683e-06,0.0,6.000001917527698e-08,0.0,0,False
640,1.0480000014467805e-06,6.000001917527698e-08,2.5319999963357986e-06,0.0,6.000001917527698e-08,0.0,0,False
641,1.069000006737042e-06,5.900000132896821e-08,2.4930000108724926e-06,0.0,5.900000132896821e-08,0.0,0,False
642,1.0459999941758724e-06,5.999999075356754e-08,2.5399999969977216e-06,0.0,5.999999075356754e-08,0.0,0,False
643,9.54000000774613e-07,5.699999405806011e-08,2.5780000214581378e-06,0.0,5.699999405806011e-08,0.0,0,False
644,1.0179999776482873e-06,5.900000132896821e-08,2.591999987089366e-06,0.0,5.900000132896821e-08,0.0,0,False
645,1.0170000166453974e-06,6.299998744907498e-08,2.4520000181382784e-06,0.0,6.299998744907498e-08,0.0,0,False
646,1.050999998142288e-06,5.8000011904368876e-08,2.524999985098475e-06,0.0,5.8000011904368876e-08,0.0,0,False
647,1.0520000159885967e-06,5.900000132896821e-08,2.5800000003073364e-06,0.0,5.900000132896821e-08,0.0,0,False
648,1.0320000001229346e-06,5.900000132896821e-08,2.4280000161525095e-06,0.0,5.900000132896821e-08,0.0,0,False
649,1.0090000159834744e-06,6.000001917527698e-08,2.3940000062339095e-06,0.0,6.000001917527698e-08,0.0,0,False
650,1.0239999994610116e-06,5.8000011904368876e-08,2.322999989701202e-06,0.0,5.8000011904368876e-08,0.0,0,False
651,1.000999986899842e-06,6.100000859987631e-08,2.5159999950119527e-06,0.0,6.100000859987631e-08,0.0,0,False
652,1.10599998492944e-06,6.400000529538374e-08,2.4200000154905865e-06,0.0,6.400000529538374e-08,0.0,0,False
653,1.0389999829385488e-06,5.500001520886144e-08,2.4009999890495237e-06,0.0,5.500001520886144e-08,0.0,0,False
654,1.050999998142288e-06,6.299998744907498e-08,2.498000014838908e-06,0.0,6.299998744907498e-08,0.0,0,False
655,1.0939999981474102e-06,6.400000529538374e-08,2.4619999976494e-06,0.0,6.400000529538374e-08,0.0,0,False
656,1.0800000040944724e-06,5.699999405806011e-08,2.356999999619802e-06,0.0,5.699999405806011e-08,0.0,0,False
657,1.0370000040893501e-06,5.900000132896821e-08,2.477999998973246e-06,0.0,5.900000132896821e-08,0.0,0,False
658,1.0230000100364123e-06,6.000001917527698e-08,2.425000019457002e-06,0.0,6.000001917527698e-08,0.0,0,False
659,1.0949999875720096e-06,5.699999405806011e-08,2.0589999962794536e-06,0.0,5.699999405806011e-08,0.0,0,False
660,1.0699999961616413e-06,9.999999406318238e-08,2.485999999635169e-06,0.0,9.999999406318238e-08,0.0,0,False
661,1.0939999981474102e-06,8.699998943484388e-08,2.4760000201240473e-06,0.0,8.699998943484388e-08,0.0,0,False
662,1.0480000014467805e-06,6.299998744907498e-08,2.3999999996249244e-06,0.0,6.299998744907498e-08,0.0,0,False
663,1.0119999842572724e-06,5.7999983482659445e-08,2.403999985745031e-06,0.0,5.7999983482659445e-08,0.0,0,False
664,1.0859999974854873e-06,5.999999075356754e-08,2.3999999996249244e-06,0.0,5.999999075356754e-08,0.0,0,False
665,1.050999998142288e-06,6.400000529538374e-08,2.4680000194621243e-06,0.0,6.400000529538374e-08,0.0,0,False
666,1.1270000186414109e-06,5.8000011904368876e-08,2.4530000075628777e-06,0.0,5.8000011904368876e-08,0.0,0,False
667,1.0659999816198251e-06,6.100000859987631e-08,2.496000007568e-06,0.0,6.100000859987631e-08,0.0,0,False
668,1.0729999928571488e-06,6.100000859987631e-08,2.5159999950119527e-06,0.0,6.100000859987631e-08,0.0,0,False
669,1.166000004104717e-06,7.599999207741348e-08,2.5639999989834905e-06,0.0,7.599999207741348e-08,0.0,0,False
670,1.1249999829487933e-06,9.300001124756818e-08,2.5859999936983513e-06,0.0,9.300001124756818e-08,0.0,0,False
671,1.1639999968338088e-06,6.100000859987631e-08,2.5549999804752588e-06,0.0,6.100000859987631e-08,0.0,0,False
672,1.1850000021240703e-06,8.199998546842835e-08,2.7249999732248398e-06,0.0,8.199998546842835e-08,0.0,0,False
673,1.1470000060853636e-06,6.099998017816688e-08,2.58700001154466e-06,0.0,6.099998017816688e-08,0.0,0,False
674,1.1509999922054703e-06,9.400000067216752e-08,2.714000004289119e-06,0.0,9.400000067216752e-08,0.0,0,False
675,1.1850000021240703e-06,8.999998613035132e-08,1.3072000001557171e-05,0.0,8.999998613035132e-08,0.0,0,False
676,1.60700000151337e-06,6.600001256629184e-08,3.0320000234951294e-06,0.0,6.600001256629184e-08,0.0,0,False
677,1.222999998162777e-06,6.700000199089118e-08,2.854000001661916e-06,0.0,6.700000199089118e-08,0.0,0,False
678,1.1510000206271798e-06,6.600001256629184e-08,2.89499999439613e-06,0.0,6.600001256629184e-08,0.0,0,False
679,1.0629999849243177e-06,6.400000529538374e-08,2.64400000560272e-06,0.0,6.400000529538374e-08,0.0,0,False
680,1.1440000093898561e-06,6.499999471998308e-08,2.7499999930569174e-06,0.0,6.499999471998308e-08,0.0,0,False
681,1.150000002780871e-06,8.999998613035132e-08,2.5129999983164453e-06,0.0,8.999998613035132e-08,0.0,0,False
682,1.1619999895629007e-06,6.999999868639861e-08,2.950999999029591e-06,0.0,6.999999868639861e-08,0.0,0,False
683,1.1559999961718859e-06,6.100000859987631e-08,2.6449999950273195e-06,0.0,6.100000859987631e-08,0.0,0,False
684,1.0820000113653805e-06,6.100000859987631e-08,2.6320000188206905e-06,0.0,6.100000859987631e-08,0.0,0,False
685,1.0619999954997184e-06,6.700000199089118e-08,2.6000000161729986e-06,0.0,6.700000199089118e-08,0.0,0,False
686,1.1019999988093332e-06,6.599998414458241e-08,2.6209999930415506e-06,0.0,6.599998414458241e-08,0.0,0,False
687,1.0569999915333028e-06,6.900000926179928e-08,2.649999998993735e-06,0.0,6.900000926179928e-08,0.0,0,False
688,1.0569999915333028e-06,6.599998414458241e-08,2.710000018169012e-06,0.0,6.599998414458241e-08,0.0,0,False
689,1.1189999895577785e-06,6.400000529538374e-08,2.6689999970130884e-06,0.0,6.400000529538374e-08,0.0,0,False
690,1.0900000120273035e-06,6.300001587078441e-08,2.623999989737058e-06,0.0,6.300001587078441e-08,0.0,0,False
691,1.079000014669873e-06,6.499999471998308e-08,2.7700000089225796e-06,0.0,6.499999471998308e-08,0.0,0,False
692,1.0600000166505197e-06,6.800001983719994e-08,2.654999974538441e-06,0.0,6.800001983719994e-08,0.0,0,False
693,1.0549999842623947e-06,6.199999802447564e-08,2.733000002308472e-06,0.0,6.199999802447564e-08,0.0,0,False
694,1.0969999948429177e-06,6.199999802447564e-08,2.566999995678998e-06,0.0,6.199999802447564e-08,0.0,0,False
695,1.0840000186362886e-06,6.400000529538374e-08,2.625000007583367e-06,0.0,6.400000529538374e-08,0.0,0,False
696,1.099999991538425e-06,6.599998414458241e-08,2.6390000016363047e-06,0.0,6.599998414458241e-08,0.0,0,False
697,1.1249999829487933e-06,6.599998414458241e-08,2.4320000022726163e-06,0.0,6.599998414458241e-08,0.0,0,False
698,1.1559999961718859e-06,8.200001389013778e-08,2.71299998644281e-06,0.0,8.200001389013778e-08,0.0,0,False
699,1.0619999954997184e-06,7.699998150201282e-08,2.6839999804906256e-06,0.0,7.699998150201282e-08,0.0,0,False
700,1.1019999988093332e-06,6.999999868639861e-08,5.501000003960144e-06,0.0,6.999999868639861e-08,0.0,0,False
701,5.286999993359132e-06,2.3299998019865598e-07,4.928999999265216e-06,0.0,2.3299998019865598e-07,0.0,0,False
702,2.4510000002919696e-06,1.349999934063817e-07,2.9880000056436984e-06,0.0,1.349999934063817e-07,0.0,0,False
703,1.7239999863249977e-06,1.1599999538702832e-07,2.950999999029591e-06,0.0,1.1599999538702832e-07,0.0,0,False
704,1.5370000028269715e-06,1.1099999142061279e-07,2.8590000056283316e-06,0.0,1.1099999142061279e-07,0.0,0,False
705,1.3289999856169743e-06,8.700001785655331e-08,2.7589999831434397e-06,0.0,8.700001785655331e-08,0.0,0,False
706,1.1879999988195777e-06,6.700000199089118e-08,2.5699999923745054e-06,0.0,6.700000199089118e-08,0.0,0,False
707,1.1829999948531622e-06,6.499999471998308e-08,2.6909999917279492e-06,0.0,6.499999471998308e-08,0.0,0,False
708,1.1019999988093332e-06,6.400000529538374e-08,2.777999981162793e-06,0.0,6.400000529538374e-08,0.0,0,False
709,1.2650000087433e-06,6.100000859987631e-08,2.2810000075423886e-06,0.0,6.100000859987631e-08,0.0,0,False
710,1.1250000113705028e-06,8.099999604382901e-08,2.619000014192352e-06,0.0,8.099999604382901e-08,0.0,0,False
711,1.0750000001280569e-06,5.999999075356754e-08,2.619000014192352e-06,0.0,5.999999075356754e-08,0.0,0,False
712,1.0930000087228109e-06,7.599999207741348e-08,2.1740000022418826e-06,0.0,7.599999207741348e-08,0.0,0,False
713,1.0420000080557656e-06,6.700000199089118e-08,2.69000000230335e-06,0.0,6.700000199089118e-08,0.0,0,False
714,1.07100001400795e-06,6.199999802447564e-08,2.662999975200364e-06,0.0,6.199999802447564e-08,0.0,0,False
715,1.0470000120221812e-06,9.800001521398372e-08,2.672999983133195e-06,0.0,9.800001521398372e-08,0.0,0,False
716,1.0709999855862407e-06,8.099999604382901e-08,2.8260000135560404e-06,0.0,8.099999604382901e-08,0.0,0,False
717,1.0830000007899798e-06,6.499999471998308e-08,2.289999997628911e-06,0.0,6.499999471998308e-08,0.0,0,False
718,1.1060000133511494e-06,6.799999141549051e-08,2.6710000042839965e-06,0.0,6.799999141549051e-08,0.0,0,False
719,1.042999997480365e-06,6.100000859987631e-08,2.698000002965273e-06,0.0,6.100000859987631e-08,0.0,0,False
720,1.2829999889163446e-06,7.500000265281415e-08,2.7350000095793803e-06,0.0,7.500000265281415e-08,0.0,0,False
721,1.0720000034325494e-06,6.100000859987631e-08,2.2700000101849582e-06,0.0,6.100000859987631e-08,0.0,0,False
722,1.0370000040893501e-06,6.299998744907498e-08,2.910000006295377e-06,0.0,6.299998744907498e-08,0.0,0,False
723,1.0199999849191954e-06,1.789999828361033e-07,2.7190000082555343e-06,0.0,1.789999828361033e-07,0.0,0,False
724,1.3110000054439297e-06,6.499999471998308e-08,2.6320000188206905e-06,0.0,6.499999471998308e-08,0.0,0,False
725,1.0569999915333028e-06,7.700000992372225e-08,2.6959999956943648e-06,0.0,7.700000992372225e-08,0.0,0,False
726,1.1289999974906095e-06,6.199999802447564e-08,2.8190000023187167e-06,0.0,6.199999802447564e-08,0.0,0,False
727,1.13999999484804e-06,6.400000529538374e-08,2.570000020796215e-06,0.0,6.400000529538374e-08,0.0,0,False
728,1.111000017317565e-06,6.499999471998308e-08,2.7620000082606566e-06,0.0,6.499999471998308e-08,0.0,0,False
729,1.0969999948429177e-06,6.199999802447564e-08,2.5559999983215675e-06,0.0,6.199999802447564e-08,0.0,0,False
730,1.000999986899842e-06,6.100000859987631e-08,2.692000009574258e-06,0.0,6.100000859987631e-08,0.0,0,False
731,1.0230000100364123e-06,7.899998877292091e-08,2.5379999897268135e-06,0.0,7.899998877292091e-08,0.0,0,False
732,1.0859999974854873e-06,6.199999802447564e-08,2.7279999983420566e-06,0.0,6.199999802447564e-08,0.0,0,False
733,1.0730000212788582e-06,6.599998414458241e-08,2.7210000155264424e-06,0.0,6.599998414458241e-08,0.0,0,False
734,1.4758000020265172e-05,2.4900000994421134e-07,5.070000014484322e-06,0.0,2.4900000994421134e-07,0.0,0,False
735,2.9050000023289613e-06,1.2300000662435195e-07,2.9740000115907606e-06,0.0,1.2300000662435195e-07,0.0,0,False
736,1.790999988315889e-06,1.349999934063817e-07,3.074000005653943e-06,0.0,1.349999934063817e-07,0.0,0,False
737,1.544000014064295e-06,8.899999670575198e-08,2.8639999811730377e-06,0.0,8.899999670575198e-08,0.0,0,False
738,1.327999996192375e-06,6.199999802447564e-08,2.500000022109816e-06,0.0,6.199999802447564e-08,0.0,0,False
739,1.1429999915435474e-06,1.0100001190949115e-07,2.8329999963716546e-06,0.0,1.0100001190949115e-07,0.0,0,False
740,1.2299999809783912e-06,6.299998744907498e-08,2.8959999838207295e-06,0.0,6.299998744907498e-08,0.0,0,False
741,1.1939999922105926e-06,6.299998744907498e-08,2.6490000095691357e-06,0.0,6.299998744907498e-08,0.0,0,False
742,1.218000022618071e-06,6.100000859987631e-08,3.0589999937546963e-06,0.0,6.100000859987631e-08,0.0,0,False
743,1.1599999822919926e-06,8.899999670575198e-08,3.03199999507342e-06,0.0,8.899999670575198e-08,0.0,0,False
744,1.2060000074143318e-06,8.399999273933645e-08,2.8569999983574235e-06,0.0,8.399999273933645e-08,0.0,0,False
745,1.2140000080762547e-06,6.199999802447564e-08,2.7159999831383175e-06,0.0,6.199999802447564e-08,0.0,0,False
746,1.1959999994815007e-06,6.099998017816688e-08,2.6099999956841202e-06,0.0,6.099998017816688e-08,0.0,0,False
747,1.0729999928571488e-06,7.500000265281415e-08,2.6810000122168276e-06,0.0,7.500000265281415e-08,0.0,0,False
748,1.1099999994712562e-06,6.099998017816688e-08,2.421000004915186e-06,0.0,6.099998017816688e-08,0.0,0,False
749,1.0660000100415346e-06,9.900000463858305e-08,2.403999985745031e-06,0.0,9.900000463858305e-08,0.0,0,False
750,1.0750000001280569e-06,6.199999802447564e-08,2.6669999897421803e-06,0.0,6.199999802447564e-08,0.0,0,False
751,1.0789999862481636e-06,9.699999736767495e-08,2.7279999983420566e-06,0.0,9.699999736767495e-08,0.0,0,False
752,1.0560000021087035e-06,6.099998017816688e-08,2.8950000228178396e-06,0.0,6.099998017816688e-08,0.0,0,False
753,1.0699999961616413e-06,6.599998414458241e-08,2.7719999877717783e-06,0.0,6.599998414458241e-08,0.0,0,False
754,1.0420000080557656e-06,7.200000595730671e-08,2.545000000964137e-06,0.0,7.200000595730671e-08,0.0,0,False
755,1.0290000034274271e-06,6.399997687367431e-08,2.619000014192352e-06,0.0,6.399997687367431e-08,0.0,0,False
756,1.1200000074040872e-06,6.199999802447564e-08,2.6929999989988573e-06,0.0,6.199999802447564e-08,0.0,0,False
757,1.0839999902145792e-06,6.400000529538374e-08,2.6490000095691357e-06,0.0,6.400000529538374e-08,0.0,0,False
758,1.0940000265691197e-06,6.100000859987631e-08,2.749000003632318e-06,0.0,6.100000859987631e-08,0.0,0,False
759,1.1579999750210845e-06,9.900000463858305e-08,2.659000017501967e-06,0.0,9.900000463858305e-08,0.0,0,False
760,1.1120000067421643e-06,8.399999273933645e-08,2.7090000003227033e-06,0.0,8.399999273933645e-08,0.0,0,False
761,1.1269999902197014e-06,6.100000859987631e-08,2.752999989752425e-06,0.0,6.100000859987631e-08,0.0,0,False
762,1.2610000226231932e-06,7.599999207741348e-08,2.7640000155315647e-06,0.0,7.599999207741348e-08,0.0,0,False
763,1.0859999974854873e-06,6.700000199089118e-08,2.8770000142230856e-06,0.0,6.700000199089118e-08,0.0,0,False
764,1.17400000476664e-06,7.699998150201282e-08,2.819999991743316e-06,0.0,7.699998150201282e-08,0.0,0,False
765,1.170999979649423e-06,6.299998744907498e-08,2.83800000033807e-06,0.0,6.299998744907498e-08,0.0,0,False
766,1.0910000014519028e-06,9.900000463858305e-08,2.652000006264643e-06,0.0,9.900000463858305e-08,0.0,0,False
767,1.0760000179743656e-06,8.000000661922968e-08,2.734000020154781e-06,0.0,8.000000661922968e-08,0.0,0,False
768,1.006999980290857e-06,7.599999207741348e-08,2.759000011565149e-06,0.0,7.599999207741348e-08,0.0,0,False
769,1.1120000067421643e-06,6.600001256629184e-08,2.6230000003124587e-06,0.0,6.600001256629184e-08,0.0,0,False
770,1.0489999908713799e-06,6.400000529538374e-08,2.789000006941933e-06,0.0,6.400000529538374e-08,0.0,0,False
771,1.0570000199550122e-06,6.400000529538374e-08,1.8604000018740408e-05,0.0,6.400000529538374e-08,0.0,0,False
772,1.526000005469541e-06,1.0000002248489182e-07,2.9800000049817754e-06,0.0,1.0000002248489182e-07,0.0,0,False
773,1.2060000074143318e-06,8.299997489302768e-08,2.807000015536687e-06,0.0,8.299997489302768e-08,0.0,0,False
774,1.1150000034376717e-06,1.0199997291238105e-07,2.7190000082555343e-06,0.0,1.0199997291238105e-07,0.0,0,False
775,1.0659999816198251e-06,6.299998744907498e-08,2.5399999969977216e-06,0.0,6.299998744907498e-08,0.0,0,False
776,1.0649999921952258e-06,9.999999406318238e-08,2.6640000214683823e-06,0.0,9.999999406318238e-08,0.0,0,False
777,1.0320000001229346e-06,6.499999471998308e-08,2.5730000174917222e-06,0.0,6.499999471998308e-08,0.0,0,False
778,1.0859999974854873e-06,6.500002314169251e-08,2.714000004289119e-06,0.0,6.500002314169251e-08,0.0,0,False
779,1.121999986253286e-06,7.299999538190605e-08,2.5800000003073364e-06,0.0,7.299999538190605e-08,0.0,0,False
780,1.1190000179794879e-06,6.399997687367431e-08,2.643000016178121e-06,0.0,6.399997687367431e-08,0.0,0,False
781,1.085000008060888e-06,7.600002049912291e-08,2.720999987104733e-06,0.0,7.600002049912291e-08,0.0,0,False
782,1.1639999968338088e-06,8.899999670575198e-08,2.4590000009538926e-06,0.0,8.899999670575198e-08,0.0,0,False
783,1.1199999789823778e-06,6.499999471998308e-08,2.603000012868506e-06,0.0,6.499999471998308e-08,0.0,0,False
784,1.2090000041098392e-06,8.100002446553844e-08,2.7290000161883654e-06,0.0,8.100002446553844e-08,0.0,0,False
785,1.0920000192982116e-06,8.499998216393578e-08,2.8930000155469315e-06,0.0,8.499998216393578e-08,0.0,0,False
786,1.1289999974906095e-06,6.400000529538374e-08,2.2970000088662346e-06,0.0,6.400000529538374e-08,0.0,0,False
787,1.2139999796545453e-06,9.799998679227429e-08,2.708000010898104e-06,0.0,9.799998679227429e-08,0.0,0,False
788,1.1670000219510257e-06,1.1200000926692155e-07,2.829999999676147e-06,0.0,1.1200000926692155e-07,0.0,0,False
789,1.079000014669873e-06,6.400000529538374e-08,2.5539999910506594e-06,0.0,6.400000529538374e-08,0.0,0,False
790,1.097999984267517e-06,6.600001256629184e-08,2.6699999864376878e-06,0.0,6.600001256629184e-08,0.0,0,False
791,1.0420000080557656e-06,6.499999471998308e-08,2.571000010220814e-06,0.0,6.499999471998308e-08,0.0,0,False
792,1.0869999869100866e-06,6.499999471998308e-08,2.5570000161678763e-06,0.0,6.499999471998308e-08,0.0,0,False
793,1.0969999948429177e-06,6.099998017816688e-08,2.2970000088662346e-06,0.0,6.099998017816688e-08,0.0,0,False
794,1.077000007398965e-06,1.0899998414970469e-07,2.5960000016311824e-06,0.0,1.0899998414970469e-07,0.0,0,False
795,1.107999992200348e-06,8.499998216393578e-08,2.67800001552132e-06,0.0,8.499998216393578e-08,0.0,0,False
796,1.1679999829539156e-06,9.499999009676685e-08,2.734999981157671e-06,0.0,9.499999009676685e-08,0.0,0,False
797,1.034999996818442e-06,9.299998282585875e-08,2.835999993067162e-06,0.0,9.299998282585875e-08,0.0,0,False
798,1.123999993524194e-06,9.499999009676685e-08,2.71299998644281e-06,0.0,9.499999009676685e-08,0.0,0,False
799,1.107999992200348e-06,1.0799999472510535e-07,2.2000000114985596e-06,0.0,1.0799999472510535e-07,0.0,0,False
800,1.0250000173073204e-06,6.300001587078441e-08,2.8850000148850086e-06,0.0,6.300001587078441e-08,0.0,0,False
801,1.0840000186362886e-06,6.100000859987631e-08,2.706000003627196e-06,0.0,6.100000859987631e-08,0.0,0,False
802,1.1339999730353156e-06,1.0000002248489182e-07,2.590999997664767e-06,0.0,1.0000002248489182e-07,0.0,0,False
803,1.1540000173226872e-06,9.799998679227429e-08,2.5820000075782445e-06,0.0,9.799998679227429e-08,0.0,0,False
804,1.1509999922054703e-06,8.099999604382901e-08,2.78100000628001e-06,0.0,8.099999604382901e-08,0.0,0,False
805,1.2900000001536682e-06,9.199999340125942e-08,2.786999999671025e-06,0.0,9.199999340125942e-08,0.0,0,False
806,1.2879999928827601e-06,9.900000463858305e-08,2.8369999824917613e-06,0.0,9.900000463858305e-08,0.0,0,False
807,1.1859999915486696e-06,1.0899998414970469e-07,2.595000012206583e-06,0.0,1.0899998414970469e-07,0.0,0,False
808,1.17400000476664e-06,6.499999471998308e-08,2.7009999996607803e-06,0.0,6.499999471998308e-08,0.0,0,False
809,1.1809999875822541e-06,9.300001124756818e-08,2.660000006926566e-06,0.0,9.300001124756818e-08,0.0,0,False
810,1.142000002118948e-06,5.900000132896821e-08,2.6849999983369344e-06,0.0,5.900000132896821e-08,0.0,0,False
811,1.1540000173226872e-06,8.600000001024455e-08,2.734999981157671e-06,0.0,8.600000001024455e-08,0.0,0,False
812,1.1060000133511494e-06,1.0099998348778172e-07,2.6800000227922283e-06,0.0,1.0099998348778172e-07,0.0,0,False
813,1.0619999954997184e-06,6.499999471998308e-08,2.819999991743316e-06,0.0,6.499999471998308e-08,0.0,0,False
814,1.1140000140130724e-06,9.600000794307562e-08,2.682000001641427e-06,0.0,9.600000794307562e-08,0.0,0,False
815,1.131999994186117e-06,8.800000728115265e-08,2.6310000009743817e-06,0.0,8.800000728115265e-08,0.0,0,False
816,1.126000000795102e-06,8.999998613035132e-08,2.733000002308472e-06,0.0,8.999998613035132e-08,0.0,0,False
817,1.1320000226078264e-06,1.0099998348778172e-07,2.5590000234387844e-06,0.0,1.0099998348778172e-07,0.0,0,False
818,1.1189999895577785e-06,8.099999604382901e-08,2.6550000029601506e-06,0.0,8.099999604382901e-08,0.0,0,False
819,1.1360000087279332e-06,6.599998414458241e-08,2.6220000108878594e-06,0.0,6.599998414458241e-08,0.0,0,False
820,1.1299999869152089e-06,6.499999471998308e-08,2.7079999824763945e-06,0.0,6.499999471998308e-08,0.0,0,False
821,1.1049999955048406e-06,6.900000926179928e-08,2.6189999857706425e-06,0.0,6.900000926179928e-08,0.0,0,False
822,1.1209999968286866e-06,1.0200000133409048e-07,2.6169999784997344e-06,0.0,1.0200000133409048e-07,0.0,0,False
823,1.1559999961718859e-06,6.400000529538374e-08,2.714999993713718e-06,0.0,6.400000529538374e-08,0.0,0,False
824,1.1209999968286866e-06,6.400000529538374e-08,2.3350000049049413e-06,0.0,6.400000529538374e-08,0.0,0,False
825,1.2060000074143318e-06,6.499999471998308e-08,2.867999995714854e-06,0.0,6.499999471998308e-08,0.0,0,False
826,1.1280000080660102e-06,6.799999141549051e-08,2.749000003632318e-06,0.0,6.799999141549051e-08,0.0,0,False
827,1.1829999948531622e-06,6.399997687367431e-08,2.672999983133195e-06,0.0,6.399997687367431e-08,0.0,0,False
828,1.2749999882544216e-06,6.699997356918175e-08,2.706999993051795e-06,0.0,6.699997356918175e-08,0.0,0,False
829,1.1470000060853636e-06,6.799999141549051e-08,2.7079999824763945e-06,0.0,6.799999141549051e-08,0.0,0,False
830,1.0910000014519028e-06,6.600001256629184e-08,2.6759999798287026e-06,0.0,6.600001256629184e-08,0.0,0,False
831,1.1699999902248237e-06,6.600001256629184e-08,2.2870000009334035e-06,0.0,6.600001256629184e-08,0.0,0,False
832,1.1060000133511494e-06,6.700000199089118e-08,2.6669999897421803e-06,0.0,6.700000199089118e-08,0.0,0,False
833,1.2080000146852399e-06,6.899998084008985e-08,2.7350000095793803e-06,0.0,6.899998084008985e-08,0.0,0,False
834,1.2170000047717622e-06,7.799999934832158e-08,0.00048131799999850955,0.0,7.799999934832158e-08,0.0,0,False
835,1.4848000006395523e-05,3.639999874849309e-07,1.0420000023714238e-05,0.0,3.639999874849309e-07,0.0,0,False
836,6.9030000133807334e-06,3.339999921081471e-07,8.120000018152496e-06,0.0,3.339999921081471e-07,0.0,0,False
837,3.827999989880482e-06,2.680000079635647e-07,5.803000021842308e-06,0.0,2.680000079635647e-07,0.0,0,False
838,2.725000001646549e-06,1.5099999473022763e-07,4.313999994565165e-06,0.0,1.5099999473022763e-07,0.0,0,False
839,2.090000009502546e-06,1.479999980347202e-07,4.265000001169028e-06,0.0,1.479999980347202e-07,0.0,0,False
840,1.8909999823790713e-06,1.4400001191461342e-07,3.450000008342613e-06,0.0,1.4400001191461342e-07,0.0,0,False
841,1.5140000186875113e-06,8.300000331473711e-08,3.49900000173875e-06,0.0,8.300000331473711e-08,0.0,0,False
842,1.4980000173636654e-06,7.899998877292091e-08,2.875999996376777e-06,0.0,7.899998877292091e-08,0.0,0,False
843,1.3819999935549276e-06,9.999999406318238e-08,3.268000000389293e-06,0.0,9.999999406318238e-08,0.0,0,False
844,1.32200000280136e-06,8.200001389013778e-08,3.4169999878486124e-06,0.0,8.200001389013778e-08,0.0,0,False
845,1.3159999809886358e-06,6.700000199089118e-08,3.187999993770063e-06,0.0,6.700000199089118e-08,0.0,0,False
846,1.2579999975059764e-06,6.800001983719994e-08,3.1739999997171253e-06,0.0,6.800001983719994e-08,0.0,0,False
847,1.2079999862635304e-06,6.199999802447564e-08,3.160999995088787e-06,0.0,6.199999802447564e-08,0.0,0,False
848,1.188999988244177e-06,6.600001256629184e-08,3.569999989849748e-06,0.0,6.600001256629184e-08,0.0,0,False
849,1.3129999842931284e-06,1.0100001190949115e-07,2.8910000082760234e-06,0.0,1.0100001190949115e-07,0.0,0,False
850,1.3830000114012364e-06,7.799999934832158e-08,2.532999985760398e-06,0.0,7.799999934832158e-08,0.0,0,False
851,1.1829999948531622e-06,6.499999471998308e-08,3.086999981860572e-06,0.0,6.499999471998308e-08,0.0,0,False
852,1.2370000206374243e-06,1.280000105907675e-07,2.9800000049817754e-06,0.0,1.280000105907675e-07,0.0,0,False
853,1.170999979649423e-06,6.799999141549051e-08,2.9699999970489444e-06,0.0,6.799999141549051e-08,0.0,0,False
854,1.3209999849550513e-06,6.499999471998308e-08,2.9379999944012525e-06,0.0,6.499999471998308e-08,0.0,0,False
855,1.1989999961770081e-06,9.199999340125942e-08,3.112999991117249e-06,0.0,9.199999340125942e-08,0.0,0,False
856,1.1220000146749953e-06,6.600001256629184e-08,3.08899998913148e-06,0.0,6.600001256629184e-08,0.0,0,False
857,1.126000000795102e-06,6.700000199089118e-08,2.8370000109134708e-06,0.0,6.700000199089118e-08,0.0,0,False
858,1.7639999896346126e-06,7.899998877292091e-08,3.5680000110005494e-06,0.0,7.899998877292091e-08,0.0,0,False
859,1.7739999975674436e-06,1.2100002777515328e-07,3.0369999990398355e-06,0.0,1.2100002777515328e-07,0.0,0,False
860,1.2739999988298223e-06,6.799999141549051e-08,2.90699998117816e-06,0.0,6.799999141549051e-08,0.0,0,False
861,1.1669999935293163e-06,6.800001983719994e-08,2.4949999897216912e-06,0.0,6.800001983719994e-08,0.0,0,False
862,1.3769999895885121e-06,1.199999815071351e-07,3.1140000089635578e-06,0.0,1.199999815071351e-07,0.0,0,False
863,1.2060000074143318e-06,7.700000992372225e-08,2.983999991101882e-06,0.0,7.700000992372225e-08,0.0,0,False
864,1.3140000021394371e-06,6.700000199089118e-08,3.3960000109800603e-06,0.0,6.700000199089118e-08,0.0,0,False
865,1.2510000146903621e-06,9.600000794307562e-08,2.8850000148850086e-06,0.0,9.600000794307562e-08,0.0,0,False
866,1.142000002118948e-06,7.600002049912291e-08,2.9299999937393295e-06,0.0,7.600002049912291e-08,0.0,0,False
867,1.1779999908867467e-06,6.600001256629184e-08,2.983899997843764e-05,0.0,6.600001256629184e-08,0.0,0,False
868,5.3109999953449005e-06,2.2399999011213367e-07,5.879000013919722e-06,0.0,2.2399999011213367e-07,0.0,0,False
869,2.7899999963665323e-06,2.0300001324358163e-07,3.918999993857142e-06,0.0,2.0300001324358163e-07,0.0,0,False
870,1.9150000127865496e-06,1.4099998679739656e-07,3.4089999871866894e-06,0.0,1.4099998679739656e-07,0.0,0,False
871,1.523999998198633e-06,8.200001389013778e-08,3.2539999779146456e-06,0.0,8.200001389013778e-08,0.0,0,False
872,1.3819999935549276e-06,9.600000794307562e-08,3.147000001035849e-06,0.0,9.600000794307562e-08,0.0,0,False
873,1.2479999895731453e-06,2.3699999474047218e-07,4.970999981424029e-06,0.0,2.3699999474047218e-07,0.0,0,False
874,3.3439999924667063e-06,1.8000000068241206e-07,3.5399999944729643e-06,0.0,1.8000000068241206e-07,0.0,0,False
875,2.1170000081838225e-06,1.199999815071351e-07,3.159000016239588e-06,0.0,1.199999815071351e-07,0.0,0,False
876,1.539999999522479e-06,7.500000265281415e-08,3.1840000076499564e-06,0.0,7.500000265281415e-08,0.0,0,False
877,1.3330000001587905e-06,1.4700000861012086e-07,2.809999983810485e-06,0.0,1.4700000861012086e-07,0.0,0,False
878,1.2109999829590379e-06,1.3800001852359856e-07,2.827999992405239e-06,0.0,1.3800001852359856e-07,0.0,0,False
879,1.3049999836312054e-06,6.499999471998308e-08,3.037999988464435e-06,0.0,6.499999471998308e-08,0.0,0,False
880,1.176000012037548e-06,6.700000199089118e-08,2.647999991722827e-06,0.0,6.700000199089118e-08,0.0,0,False
881,1.2250000054336851e-06,6.799999141549051e-08,2.843999993729085e-06,0.0,6.799999141549051e-08,0.0,0,False
882,1.309000026594731e-06,8.899999670575198e-08,2.8289999818298384e-06,0.0,8.899999670575198e-08,0.0,0,False
883,1.158000003442794e-06,6.500002314169251e-08,3.2110000063312327e-06,0.0,6.500002314169251e-08,0.0,0,False
884,1.3330000001587905e-06,6.900000926179928e-08,2.8670000062902545e-06,0.0,6.900000926179928e-08,0.0,0,False
885,1.3069999909021135e-06,6.700000199089118e-08,2.854000001661916e-06,0.0,6.700000199089118e-08,0.0,0,False
886,1.2659999981678993e-06,6.400000529538374e-08,3.327000001718261e-06,0.0,6.400000529538374e-08,0.0,0,False
887,1.3549999948736513e-06,8.300000331473711e-08,2.722999994375641e-06,0.0,8.300000331473711e-08,0.0,0,False
888,1.2540000113858696e-06,7.899998877292091e-08,3.2109999779095233e-06,0.0,7.899998877292091e-08,0.0,0,False
889,1.3240000100722682e-06,8.099999604382901e-08,3.0449999997017585e-06,0.0,8.099999604382901e-08,0.0,0,False
890,1.222999998162777e-06,6.600001256629184e-08,2.6289999937034736e-06,0.0,6.600001256629184e-08,0.0,0,False
891,1.1630000074092095e-06,6.700000199089118e-08,2.799000014874764e-06,0.0,6.700000199089118e-08,0.0,0,False
892,1.6090000087842782e-06,6.800001983719994e-08,3.0570000149054977e-06,0.0,6.800001983719994e-08,0.0,0,False
893,1.2630000014723919e-06,1.0599998745419725e-07,3.0409999851599423e-06,0.0,1.0599998745419725e-07,0.0,0,False
894,1.2400000173329317e-06,6.399997687367431e-08,2.8510000049664086e-06,0.0,6.399997687367431e-08,0.0,0,False
895,1.2379999816403142e-06,6.700000199089118e-08,2.8080000049612863e-06,0.0,6.700000199089118e-08,0.0,0,False
896,1.184000012699471e-06,6.800001983719994e-08,2.7319999844621634e-06,0.0,6.800001983719994e-08,0.0,0,False
897,1.1189999895577785e-06,6.400000529538374e-08,2.8449999831536843e-06,0.0,6.400000529538374e-08,0.0,0,False
898,1.2760000061007304e-06,6.800001983719994e-08,2.5579999771707662e-06,0.0,6.800001983719994e-08,0.0,0,False
899,1.2239999875873764e-06,6.700000199089118e-08,2.851999994391008e-06,0.0,6.700000199089118e-08,0.0,0,False
900,1.1470000060853636e-06,6.700000199089118e-08,2.6369999943653966e-06,0.0,6.700000199089118e-08,0.0,0,False
901,1.2120000008053466e-06,6.700000199089118e-08,2.8590000056283316e-06,0.0,6.700000199089118e-08,0.0,0,False
902,1.1429999915435474e-06,6.800001983719994e-08,2.787999989095624e-06,0.0,6.800001983719994e-08,0.0,0,False
903,1.2440000034530385e-06,6.299998744907498e-08,2.700000010236181e-06,0.0,6.299998744907498e-08,0.0,0,False
904,1.1630000074092095e-06,1.349999934063817e-07,2.924999989772914e-06,0.0,1.349999934063817e-07,0.0,0,False
905,1.214999997500854e-06,6.700000199089118e-08,2.9330000188565464e-06,0.0,6.700000199089118e-08,0.0,0,False
906,1.142000002118948e-06,6.400000529538374e-08,2.7300000056129647e-06,0.0,6.400000529538374e-08,0.0,0,False
907,1.1959999994815007e-06,8.700001785655331e-08,2.851999994391008e-06,0.0,8.700001785655331e-08,0.0,0,False
908,1.2120000008053466e-06,6.599998414458241e-08,2.803000000994871e-06,0.0,6.599998414458241e-08,0.0,0,False
909,1.1610000001383014e-06,6.400000529538374e-08,2.730999995037564e-06,0.0,6.400000529538374e-08,0.0,0,False
910,1.2499999968440534e-06,6.700000199089118e-08,2.7739999950426864e-06,0.0,6.700000199089118e-08,0.0,0,False
911,1.222999998162777e-06,6.700000199089118e-08,2.74699999636141e-06,0.0,6.700000199089118e-08,0.0,0,False
912,1.1639999968338088e-06,6.599998414458241e-08,2.63300000824529e-06,0.0,6.599998414458241e-08,0.0,0,False
913,1.2120000008053466e-06,6.499999471998308e-08,2.855000019508225e-06,0.0,6.499999471998308e-08,0.0,0,False
914,1.247000000148546e-06,7.300002380361548e-08,2.714000004289119e-06,0.0,7.300002380361548e-08,0.0,0,False
915,1.202000021294225e-06,1.1500000596242899e-07,2.733000002308472e-06,0.0,1.1500000596242899e-07,0.0,0,False
916,1.1180000001331791e-06,6.499999471998308e-08,2.7159999831383175e-06,0.0,6.499999471998308e-08,0.0,0,False
917,1.2769999955253297e-06,6.800001983719994e-08,2.9400000016721606e-06,0.0,6.800001983719994e-08,0.0,0,False
918,1.166000004104717e-06,6.600001256629184e-08,2.459999990378492e-06,0.0,6.600001256629184e-08,0.0,0,False
919,1.2250000054336851e-06,6.500002314169251e-08,2.9619999963870214e-06,0.0,6.500002314169251e-08,0.0,0,False
920,1.1969999889061e-06,6.600001256629184e-08,2.778999999009102e-06,0.0,6.600001256629184e-08,0.0,0,False
921,1.1969999889061e-06,6.199999802447564e-08,2.376999987063755e-06,0.0,6.199999802447564e-08,0.0,0,False
922,1.1820000054285629e-06,6.800001983719994e-08,2.7600000009897485e-06,0.0,6.800001983719994e-08,0.0,0,False
923,1.1649999862584082e-06,6.700000199089118e-08,2.429999995001708e-06,0.0,6.700000199089118e-08,0.0,0,False
924,1.3110000054439297e-06,6.599998414458241e-08,3.2049999845185084e-06,0.0,6.599998414458241e-08,0.0,0,False
925,1.3150000199857459e-06,8.099999604382901e-08,3.0409999851599423e-06,0.0,8.099999604382901e-08,0.0,0,False
926,1.5100000041456951e-06,8.099999604382901e-08,3.0759999845031416e-06,0.0,8.099999604382901e-08,0.0,0,False
927,1.3349999790079892e-06,8.000000661922968e-08,2.3579999890444014e-06,0.0,8.000000661922968e-08,0.0,0,False
928,1.1639999968338088e-06,6.399997687367431e-08,2.7760000023135945e-06,0.0,6.399997687367431e-08,0.0,0,False
929,1.1690000008002244e-06,6.900000926179928e-08,2.805000008265779e-06,0.0,6.900000926179928e-08,0.0,0,False
930,1.166000004104717e-06,6.300001587078441e-08,2.710000018169012e-06,0.0,6.300001587078441e-08,0.0,0,False
931,1.2479999895731453e-06,1.2099999935344385e-07,2.305999998952757e-06,0.0,1.2099999935344385e-07,0.0,0,False
932,1.1700000186465331e-06,1.3800001852359856e-07,2.8979999910916376e-06,0.0,1.3800001852359856e-07,0.0,0,False
933,1.1950000100569014e-06,1.1599999538702832e-07,2.894000004971531e-06,0.0,1.1599999538702832e-07,0.0,0,False
934,1.2200000014672696e-06,6.799999141549051e-08,2.8479999798491917e-06,0.0,6.799999141549051e-08,0.0,0,False
935,1.1809999875822541e-06,6.899998084008985e-08,1.5722000000550906e-05,0.0,6.899998084008985e-08,0.0,0,False
936,4.261000015048921e-06,2.8200000201650255e-07,3.4970000228895515e-06,0.0,2.8200000201650255e-07,0.0,0,False
937,2.332000008209434e-06,1.5800000596755126e-07,3.2100000169066334e-06,0.0,1.5800000596755126e-07,0.0,0,False
938,1.7830000160756754e-06,6.599998414458241e-08,3.1579999983932794e-06,0.0,6.599998414458241e-08,0.0,0,False
939,1.4949999922464485e-06,6.600001256629184e-08,2.9299999937393295e-06,0.0,6.600001256629184e-08,0.0,0,False
940,1.2650000087433e-06,8.600000001024455e-08,3.0690000016875274e-06,0.0,8.600000001024455e-08,0.0,0,False
941,1.1439999809681467e-06,6.700000199089118e-08,2.892999987125222e-06,0.0,6.700000199089118e-08,0.0,0,False
942,1.2799999922208372e-06,8.800000728115265e-08,2.7860000102464255e-06,0.0,8.800000728115265e-08,0.0,0,False
943,1.126000000795102e-06,7.799999934832158e-08,2.848000008270901e-06,0.0,7.799999934832158e-08,0.0,0,False
944,1.2010000034479162e-06,6.900000926179928e-08,2.9339999798594363e-06,0.0,6.900000926179928e-08,0.0,0,False
945,1.1080000206220575e-06,6.700000199089118e-08,3.003999978545835e-06,0.0,6.700000199089118e-08,0.0,0,False
946,1.2309999988247e-06,6.799999141549051e-08,2.8089999943858857e-06,0.0,6.799999141549051e-08,0.0,0,False
947,1.1839999842777615e-06,6.700000199089118e-08,2.859999995052931e-06,0.0,6.700000199089118e-08,0.0,0,False
948,1.1610000001383014e-06,6.700000199089118e-08,2.6609999963511655e-06,0.0,6.700000199089118e-08,0.0,0,False
949,1.1049999955048406e-06,6.799999141549051e-08,2.9179999785355903e-06,0.0,6.799999141549051e-08,0.0,0,False
950,1.1820000054285629e-06,6.700000199089118e-08,2.8549999910865154e-06,0.0,6.700000199089118e-08,0.0,0,False
951,1.228999991553792e-06,6.599998414458241e-08,2.7130000148645195e-06,0.0,6.599998414458241e-08,0.0,0,False
952,1.158000003442794e-06,6.399997687367431e-08,2.835999993067162e-06,0.0,6.399997687367431e-08,0.0,0,False
953,1.2109999829590379e-06,6.600001256629184e-08,2.8110000016567938e-06,0.0,6.600001256629184e-08,0.0,0,False
954,1.1240000219459034e-06,6.299998744907498e-08,2.833999985796254e-06,0.0,6.299998744907498e-08,0.0,0,False
955,1.2099999935344385e-06,6.299998744907498e-08,2.819999991743316e-06,0.0,6.299998744907498e-08,0.0,0,False
956,1.1529999994763784e-06,6.700000199089118e-08,2.932999990434837e-06,0.0,6.700000199089118e-08,0.0,0,False
957,1.204999989568023e-06,8.399999273933645e-08,3.0449999997017585e-06,0.0,8.399999273933645e-08,0.0,0,False
958,1.1230000040995947e-06,7.699998150201282e-08,2.773000005618087e-06,0.0,7.699998150201282e-08,0.0,0,False
959,1.3050000120529148e-06,7.900001719463035e-08,3.3640000083323685e-06,0.0,7.900001719463035e-08,0.0,0,False
960,1.3499999909072358e-06,8.299997489302768e-08,3.0269999911070045e-06,0.0,8.299997489302768e-08,0.0,0,False
961,1.275999977679021e-06,6.900000926179928e-08,3.0670000228383287e-06,0.0,6.900000926179928e-08,0.0,0,False
962,1.2240000160090858e-06,6.700000199089118e-08,2.9190000248036085e-06,0.0,6.700000199089118e-08,0.0,0,False
963,1.1480000239316723e-06,6.599998414458241e-08,2.163499999596752e-05,0.0,6.599998414458241e-08,0.0,0,False
964,1.8300000022009044e-06,6.799999141549051e-08,3.114999998388157e-06,0.0,6.799999141549051e-08,0.0,0,False
965,1.3789999968594202e-06,7.399998480650538e-08,2.9820000122526835e-06,0.0,7.399998480650538e-08,0.0,0,False
966,1.255000000810469e-06,7.599999207741348e-08,2.6230000003124587e-06,0.0,7.599999207741348e-08,0.0,0,False
967,1.2619999836260831e-06,6.300001587078441e-08,2.7669999838053627e-06,0.0,6.300001587078441e-08,0.0,0,False
968,1.255000000810469e-06,1.589999953921506e-07,2.8229999884388235e-06,0.0,1.589999953921506e-07,0.0,0,False
969,1.1999999856016075e-06,6.500002314169251e-08,2.9869999877973896e-06,0.0,6.500002314169251e-08,0.0,0,False
970,1.2010000034479162e-06,6.900000926179928e-08,2.9480000023340835e-06,0.0,6.900000926179928e-08,0.0,0,False
971,1.3590000094154675e-06,6.700000199089118e-08,2.841999986458177e-06,0.0,6.700000199089118e-08,0.0,0,False
972,1.2990000186619e-06,6.799999141549051e-08,2.597000019477491e-06,0.0,6.799999141549051e-08,0.0,0,False
973,1.192000013361394e-06,6.300001587078441e-08,2.694000016845166e-06,0.0,6.300001587078441e-08,0.0,0,False
974,1.2780000133716385e-06,6.700000199089118e-08,2.8349999752208532e-06,0.0,6.700000199089118e-08,0.0,0,False
975,1.1579999750210845e-06,6.700000199089118e-08,2.8140000267740106e-06,0.0,6.700000199089118e-08,0.0,0,False
976,1.1719999974957318e-06,7.599999207741348e-08,2.738999995699487e-06,0.0,7.599999207741348e-08,0.0,0,False
977,1.1879999988195777e-06,4.7599999675185245e-07,1.2942000012117205e-05,0.0,4.7599999675185245e-07,0.0,0,False
978,1.1199999988775744e-05,4.28999982204914e-07,8.620000016890117e-06,0.0,4.28999982204914e-07,0.0,0,False
979,6.149000000732485e-06,2.0800001720999717e-07,3.6439999746562535e-06,0.0,2.0800001720999717e-07,0.0,0,False
980,2.0870000128070387e-06,1.0700000530050602e-07,3.434000007018767e-06,0.0,1.0700000530050602e-07,0.0,0,False
981,2.251099999739381e-05,2.3800001258678094e-07,8.710000003020468e-06,0.0,2.3800001258678094e-07,0.0,0,False
982,3.322800000660209e-05,3.209999874798086e-07,8.640999993758669e-06,0.0,3.209999874798086e-07,0.0,0,False
983,4.622999995262944e-06,1.430000224900141e-07,3.915000007737035e-06,0.0,1.430000224900141e-07,0.0,0,False
984,2.2099999910096813e-06,1.6800001390038233e-07,3.5010000090096582e-06,0.0,1.6800001390038233e-07,0.0,0,False
985,1.6980000054900302e-06,3.749999848423613e-07,7.527999997591905e-06,0.0,3.749999848423613e-07,0.0,0,False
986,4.634999982044974e-06,1.96000002006258e-07,3.5059999845543643e-06,0.0,1.96000002006258e-07,0.0,0,False
987,2.0850000055361306e-06,1.0299999075868982e-07,3.466000009666459e-06,0.0,1.0299999075868982e-07,0.0,0,False
988,1.6189999882953998e-06,6.300001587078441e-08,3.187000004345464e-06,0.0,6.300001587078441e-08,0.0,0,False
989,1.6689999995378457e-06,6.599998414458241e-08,3.098999997064311e-06,0.0,6.599998414458241e-08,0.0,0,False
990,1.35600001271996e-06,7.699998150201282e-08,2.964999993082529e-06,0.0,7.699998150201282e-08,0.0,0,False
991,1.3040000226283155e-06,8.400002116104588e-08,2.884999986463299e-06,0.0,8.400002116104588e-08,0.0,0,False
992,1.303999994206606e-06,8.200001389013778e-08,2.9340000082811457e-06,0.0,8.200001389013778e-08,0.0,0,False
993,1.1739999763449305e-06,6.999999868639861e-08,2.827999992405239e-06,0.0,6.999999868639861e-08,0.0,0,False
994,1.3009999975110986e-06,7.500000265281415e-08,2.882000018189501e-06,0.0,7.500000265281415e-08,0.0,0,False
995,1.2010000034479162e-06,6.600001256629184e-08,2.811999991081393e-06,0.0,6.600001256629184e-08,0.0,0,False
996,1.184000012699471e-06,6.700000199089118e-08,2.9619999963870214e-06,0.0,6.700000199089118e-08,0.0,0,False
997,1.1950000100569014e-06,6.400000529538374e-08,2.449999982445661e-06,0.0,6.400000529538374e-08,0.0,0,False
998,1.2030000107188243e-06,6.199999802447564e-08,2.811999991081393e-06,0.0,6.199999802447564e-08,0.0,0,False
999,1.1759999836158386e-06,6.899998084008985e-08,3.0779999917740497e-06,0.0,6.899998084008985e-08,0.0,0,False
1000,1.3169999988349446e-06,6.900000926179928e-08,2.9059999917535606e-06,0.0,6.900000926179928e-08,0.0,0,False
