step,select_seconds,update_seconds,logging_seconds,update_linear_solve_seconds,update_other_seconds,projection_inclusive_seconds,array_payload_bytes,projection_active
1,0.0001055719999953908,0.00014821800002096097,1.013299998930961e-05,0.0,0.00014821800002096097,0.0,96,False
2,5.4261999991922494e-05,9.764199998585354e-05,7.0670000127392996e-06,0.0,9.764199998585354e-05,0.0,96,False
3,4.282399999055997e-05,9.03489999757312e-05,7.209999978385895e-06,0.0,9.03489999757312e-05,0.0,96,False
4,3.884799997422306e-05,0.00010443100001111816,6.744000017988583e-06,0.0,0.00010443100001111816,0.0,96,False
5,3.816099999198741e-05,8.602799999835042e-05,6.419000015966958e-06,0.0,8.602799999835042e-05,0.0,96,False
6,3.7792000000536063e-05,8.333600001719788e-05,6.076000005350579e-06,0.0,8.333600001719788e-05,0.0,96,False
7,3.5908000000972606e-05,8.136100001365776e-05,6.673999990880475e-06,0.0,8.136100001365776e-05,0.0,96,False
8,3.529899998966357e-05,9.438300000397248e-05,7.225999979709741e-06,0.0,9.438300000397248e-05,0.0,96,False
9,3.776500000185479e-05,8.138200001894802e-05,6.716999990885597e-06,0.0,8.138200001894802e-05,0.0,96,False
10,3.566799998111492e-05,7.989099998439997e-05,6.6570000001320295e-06,0.0,7.989099998439997e-05,0.0,96,False
11,3.5044000014750054e-05,8.625200001688427e-05,7.47700002534657e-06,0.0,8.625200001688427e-05,0.0,96,False
12,3.926700000533856e-05,7.94760000246697e-05,6.186000007346593e-06,0.0,7.94760000246697e-05,0.0,96,False
13,3.3927999993466074e-05,7.719699999597651e-05,6.0300000086499495e-06,0.0,7.719699999597651e-05,0.0,96,False
14,3.31600000151866e-05,7.414599997446203e-05,5.457000014530422e-06,0.0,7.414599997446203e-05,0.0,96,False
15,3.2580999999254345e-05,7.401599998502206e-05,5.7659999868064915e-06,0.0,7.401599998502206e-05,0.0,96,False
16,3.173100000708473e-05,7.506599999373975e-05,5.51600001585939e-06,0.0,7.506599999373975e-05,0.0,96,False
17,3.184499999520085e-05,7.426199999827077e-05,5.314999981465007e-06,0.0,7.426199999827077e-05,0.0,96,False
18,3.187799998727314e-05,9.91690000091694e-05,5.829999992101875e-06,0.0,9.91690000091694e-05,0.0,96,False
19,3.689400000439491e-05,7.765200001585981e-05,4.94700000785997e-06,0.0,7.765200001585981e-05,0.0,96,False
20,3.249600001709041e-05,7.572500001629123e-05,4.813999993302787e-06,0.0,7.572500001629123e-05,0.0,96,False
21,3.246200000717181e-05,7.449299999962022e-05,4.726000014443343e-06,0.0,7.449299999962022e-05,0.0,96,False
22,4.546899998558729e-05,8.260599997811369e-05,6.124999998746716e-06,0.0,8.260599997811369e-05,0.0,96,False
23,3.3265999974219085e-05,7.517800000300667e-05,5.2720000098815945e-06,0.0,7.517800000300667e-05,0.0,96,False
24,3.249900001378592e-05,7.339500001535271e-05,5.102999978134903e-06,0.0,7.339500001535271e-05,0.0,96,False
25,3.066299998977229e-05,0.00011894000002143912,5.44799999602219e-06,0.0,0.00011894000002143912,0.0,96,False
26,3.565000000094187e-05,9.12579999976515e-05,5.474000005278867e-06,0.0,9.12579999976515e-05,0.0,96,False
27,3.736200000048484e-05,9.057500000153595e-05,5.504000000655651e-06,0.0,9.057500000153595e-05,0.0,96,False
28,3.392400000734597e-05,7.647999998994237e-05,4.7149999886642036e-06,0.0,7.647999998994237e-05,0.0,96,False
29,3.21420000091166e-05,7.678800000121555e-05,4.751999995278311e-06,0.0,7.678800000121555e-05,0.0,96,False
30,3.2107999999198e-05,7.526399997459521e-05,4.630000006500268e-06,0.0,7.526399997459521e-05,0.0,96,False
31,3.240600000253835e-05,0.00013102400001230308,5.6380000046374334e-06,0.0,0.00013102400001230308,0.0,96,False
32,3.565699998375749e-05,7.867900001201633e-05,5.9150000026875205e-06,0.0,7.867900001201633e-05,0.0,96,False
33,3.2433000001219625e-05,7.681099998535501e-05,5.390000012539531e-06,0.0,7.681099998535501e-05,0.0,96,False
34,3.1589000002441026e-05,7.60640000123658e-05,5.627999996704602e-06,0.0,7.60640000123658e-05,0.0,96,False
35,3.164399998922818e-05,9.815800001433672e-05,6.215999974301667e-06,0.0,9.815800001433672e-05,0.0,96,False
36,4.0558000023338536e-05,8.040499997719053e-05,4.950999993980076e-06,0.0,8.040499997719053e-05,0.0,96,False
37,3.222600000185594e-05,7.607099999518141e-05,4.681999996591912e-06,0.0,7.607099999518141e-05,0.0,96,False
38,3.19349999813312e-05,7.516899998449844e-05,4.835999988017647e-06,0.0,7.516899998449844e-05,0.0,96,False
39,3.121599999644786e-05,7.382699999425313e-05,4.784999987350602e-06,0.0,7.382699999425313e-05,0.0,96,False
40,3.1667999991213946e-05,7.458100000690138e-05,5.718000011256663e-06,0.0,7.458100000690138e-05,0.0,96,False
41,3.1270999983235015e-05,7.513299999573064e-05,4.740000008496281e-06,0.0,7.513299999573064e-05,0.0,96,False
42,3.100000000699765e-05,8.989300002326672e-05,8.16000002146211e-06,0.0,8.989300002326672e-05,0.0,96,False
43,6.300600000486156e-05,9.356099999990874e-05,5.627000007280003e-06,0.0,9.356099999990874e-05,0.0,96,False
44,3.6295999990443306e-05,7.984399999827474e-05,5.450999992717698e-06,0.0,7.984399999827474e-05,0.0,96,False
45,3.299799999467723e-05,7.837900000140507e-05,5.111999996643135e-06,0.0,7.837900000140507e-05,0.0,96,False
46,3.250500000717693e-05,7.660800000053314e-05,4.8459999959504785e-06,0.0,7.660800000053314e-05,0.0,96,False
47,3.122799998322989e-05,7.549299999709547e-05,5.886999986159935e-06,0.0,7.549299999709547e-05,0.0,96,False
48,3.2001000022319204e-05,7.664899999326735e-05,5.303000023104687e-06,0.0,7.664899999326735e-05,0.0,96,False
49,3.205300001241085e-05,0.00010980299998664123,7.8070000029129e-06,0.0,0.00010980299998664123,0.0,96,False
50,5.073500000207787e-05,9.080699999231001e-05,6.662000004098445e-06,0.0,9.080699999231001e-05,0.0,96,False
51,3.5738999997647625e-05,8.01459999877352e-05,6.085999984861701e-06,0.0,8.01459999877352e-05,0.0,96,False
52,3.5168000010799005e-05,7.881400000542271e-05,6.1679999987518386e-06,0.0,7.881400000542271e-05,0.0,96,False
53,3.3537999996724466e-05,7.729300000391959e-05,5.981000015253812e-06,0.0,7.729300000391959e-05,0.0,96,False
54,3.313700000262543e-05,0.0007939260000000559,1.5259999997851992e-05,0.0,0.0007939260000000559,0.0,96,False
55,6.684000001655477e-05,0.0003295459999890227,2.8351999986853116e-05,0.0,0.0003295459999890227,0.0,96,False
56,7.845100000736238e-05,0.00011222300000213181,8.060999988401818e-06,0.0,0.00011222300000213181,0.0,96,False
57,4.5644000010724994e-05,9.41429999841148e-05,6.6990000107125525e-06,0.0,9.41429999841148e-05,0.0,96,False
58,4.084799999759525e-05,8.820700000455872e-05,5.91599999211212e-06,0.0,8.820700000455872e-05,0.0,96,False
59,3.800299998601986e-05,8.547000001613014e-05,5.63099999340011e-06,0.0,8.547000001613014e-05,0.0,96,False
60,3.550899998572277e-05,8.133899999052119e-05,5.313000002615809e-06,0.0,8.133899999052119e-05,0.0,96,False
61,3.394099999809441e-05,0.00011143800000468218,5.821999991439952e-06,0.0,0.00011143800000468218,0.0,96,False
62,3.906899999606139e-05,8.447300001535041e-05,5.286000003934532e-06,0.0,8.447300001535041e-05,0.0,96,False
63,3.5157000013441575e-05,7.975599999099359e-05,4.9919999867142906e-06,0.0,7.975599999099359e-05,0.0,96,False
64,3.423600000473925e-05,8.047400001487404e-05,5.09500000589469e-06,0.0,8.047400001487404e-05,0.0,96,False
65,3.391299998156683e-05,8.00760000174705e-05,4.887000017106402e-06,0.0,8.00760000174705e-05,0.0,96,False
66,3.354500000796179e-05,8.02140000075724e-05,4.9429999933181534e-06,0.0,8.02140000075724e-05,0.0,96,False
67,3.404600002454572e-05,7.774199997356845e-05,5.0780000151462446e-06,0.0,7.774199997356845e-05,0.0,96,False
68,3.345299998613882e-05,0.00011155300001064461,5.410999989408083e-06,0.0,0.00011155300001064461,0.0,96,False
69,3.5774000025412533e-05,7.894399999486268e-05,4.818000007844603e-06,0.0,7.894399999486268e-05,0.0,96,False
70,3.3835000010640215e-05,7.793300000003e-05,5.044999994652244e-06,0.0,7.793300000003e-05,0.0,96,False
71,3.3586000000696004e-05,7.774799999538118e-05,4.75299998470291e-06,0.0,7.774799999538118e-05,0.0,96,False
72,3.3357999996042054e-05,7.984900000224116e-05,5.100000009861105e-06,0.0,7.984900000224116e-05,0.0,96,False
73,3.347399999142908e-05,7.753600002047278e-05,5.036999993990321e-06,0.0,7.753600002047278e-05,0.0,96,False
74,3.3653999992111494e-05,8.048099999768965e-05,5.2740000171525026e-06,0.0,8.048099999768965e-05,0.0,96,False
75,3.30560000065816e-05,9.306999999125765e-05,5.769000011923708e-06,0.0,9.306999999125765e-05,0.0,96,False
76,3.647300002285192e-05,7.923600000481201e-05,5.681999994067155e-06,0.0,7.923600000481201e-05,0.0,96,False
77,3.410400000802838e-05,0.00013499099998171005,5.638499999349733e-05,0.0,0.00013499099998171005,0.0,96,False
78,4.343699998798911e-05,8.681400001364636e-05,6.586000012021032e-06,0.0,8.681400001364636e-05,0.0,96,False
79,3.515199998105345e-05,8.135799998854054e-05,6.375999987540126e-06,0.0,8.135799998854054e-05,0.0,96,False
80,3.357800000003408e-05,7.799899998417459e-05,6.118000015931102e-06,0.0,7.799899998417459e-05,0.0,96,False
81,6.191800000010517e-05,8.84780000092178e-05,6.541000004745001e-06,0.0,8.84780000092178e-05,0.0,96,False
82,3.540400001611488e-05,7.774999997423038e-05,5.2010000217705965e-06,0.0,7.774999997423038e-05,0.0,96,False
83,3.318899999271707e-05,7.552100001362305e-05,4.87799999859817e-06,0.0,7.552100001362305e-05,0.0,96,False
84,3.2876000005899186e-05,7.654500001308406e-05,4.982999996627768e-06,0.0,7.654500001308406e-05,0.0,96,False
85,3.275699998539494e-05,7.699300002173004e-05,5.724999994072277e-06,0.0,7.699300002173004e-05,0.0,96,False
86,3.2217000011769414e-05,7.607899999584333e-05,5.883000000039829e-06,0.0,7.607899999584333e-05,0.0,96,False
87,3.308099999799197e-05,7.902999999487292e-05,4.937999989351738e-06,0.0,7.902999999487292e-05,0.0,96,False
88,5.905099999381491e-05,8.557799998243354e-05,6.2889999981052824e-06,0.0,8.557799998243354e-05,0.0,96,False
89,3.515500000617067e-05,8.798000001775108e-05,6.935000016028425e-06,0.0,8.798000001775108e-05,0.0,96,False
90,3.7402000003794456e-05,0.00011396799999374707,9.216999984573704e-06,0.0,0.00011396799999374707,0.0,96,False
91,5.7279999992942976e-05,0.00010696300000745396,8.165000025428526e-06,0.0,0.00010696300000745396,0.0,96,False
92,4.007900000146947e-05,9.511900000802598e-05,6.80400000874215e-06,0.0,9.511900000802598e-05,0.0,96,False
93,3.9044999994075624e-05,0.00011815600001341409,7.959000015489437e-06,0.0,0.00011815600001341409,0.0,96,False
94,4.773599999907674e-05,8.859700000130033e-05,6.447000004072834e-06,0.0,8.859700000130033e-05,0.0,96,False
95,3.493799999887415e-05,7.81779999954324e-05,5.920999996078535e-06,0.0,7.81779999954324e-05,0.0,96,False
96,3.321700000924466e-05,7.582599999977901e-05,5.598000001327819e-06,0.0,7.582599999977901e-05,0.0,96,False
97,3.24269999794069e-05,7.82810000146128e-05,5.831999999372783e-06,0.0,7.82810000146128e-05,0.0,96,False
98,3.2922999992024415e-05,7.663300002036522e-05,5.661000017198603e-06,0.0,7.663300002036522e-05,0.0,96,False
99,3.246400001444272e-05,7.498599998712052e-05,5.532999978186126e-06,0.0,7.498599998712052e-05,0.0,96,False
100,5.550800000264644e-05,9.140799997453541e-05,6.307999996124636e-06,0.0,9.140799997453541e-05,0.0,96,False
101,3.466399999751957e-05,7.777700000133336e-05,5.9070000020255975e-06,0.0,7.777700000133336e-05,0.0,96,False
102,3.2332000017731843e-05,9.27730000057636e-05,6.151999997427993e-06,0.0,9.27730000057636e-05,0.0,96,False
103,3.251100000056795e-05,7.551999999577674e-05,5.40299998874616e-06,0.0,7.551999999577674e-05,0.0,96,False
104,3.313100000923441e-05,7.520299999441704e-05,5.118000018455859e-06,0.0,7.520299999441704e-05,0.0,96,False
105,3.145899998457935e-05,7.502200000431003e-05,5.338999983450776e-06,0.0,7.502200000431003e-05,0.0,96,False
106,3.14389999971354e-05,7.51860000036686e-05,5.372000003944777e-06,0.0,7.51860000036686e-05,0.0,96,False
107,3.066900001158501e-05,9.183399998846653e-05,5.8809999927689205e-06,0.0,9.183399998846653e-05,0.0,96,False
108,3.383300000336931e-05,7.732000000260086e-05,5.243999993354009e-06,0.0,7.732000000260086e-05,0.0,96,False
109,3.2055999980684646e-05,7.538299999509945e-05,5.336000015176978e-06,0.0,7.538299999509945e-05,0.0,96,False
110,3.139100002158557e-05,7.359600002132538e-05,5.4079999927125755e-06,0.0,7.359600002132538e-05,0.0,96,False
111,3.178599999387188e-05,7.542099999113816e-05,5.560000005289112e-06,0.0,7.542099999113816e-05,0.0,96,False
112,3.214599999523671e-05,7.50840000023345e-05,5.487999999331805e-06,0.0,7.50840000023345e-05,0.0,96,False
113,3.232700001376543e-05,7.611199998791562e-05,5.354999984774622e-06,0.0,7.611199998791562e-05,0.0,96,False
114,3.096599999707905e-05,7.479499998908068e-05,5.3800000046067e-06,0.0,7.479499998908068e-05,0.0,96,False
115,3.171099999121907e-05,7.478800000626507e-05,5.346999984112699e-06,0.0,7.478800000626507e-05,0.0,96,False
116,3.0883999983188914e-05,7.123299999989285e-05,5.485000002636298e-06,0.0,7.123299999989285e-05,0.0,96,False
117,3.0035999998290208e-05,7.282300001065778e-05,4.8820000131399865e-06,0.0,7.282300001065778e-05,0.0,96,False
118,3.0276999979150787e-05,0.0003975589999924978,1.2924000003522451e-05,0.0,0.0003975589999924978,0.0,96,False
119,6.807799999819508e-05,0.00010105999999154847,6.697000003441644e-06,0.0,0.00010105999999154847,0.0,96,False
120,0.0002085370000202147,0.00017181399999799396,1.1513999993439938e-05,0.0,0.00017181399999799396,0.0,96,False
121,6.477299999119168e-05,0.00010087600000474595,6.597000009378462e-06,0.0,0.00010087600000474595,0.0,96,False
122,3.844500000127482e-05,7.827100000667997e-05,5.146000006561735e-06,0.0,7.827100000667997e-05,0.0,96,False
123,3.3141000017167244e-05,7.567200000835328e-05,4.724999996597035e-06,0.0,7.567200000835328e-05,0.0,96,False
124,3.1339000003072215e-05,7.428600000025654e-05,4.739999980074572e-06,0.0,7.428600000025654e-05,0.0,96,False
125,0.00016081300000791998,9.269099999187347e-05,5.90400000533009e-06,0.0,9.269099999187347e-05,0.0,96,False
126,3.596000001948596e-05,0.00010369500000706466,7.21400002134942e-06,0.0,0.00010369500000706466,0.0,96,False
127,3.9557999997441584e-05,7.866100000342158e-05,5.432999984122944e-06,0.0,7.866100000342158e-05,0.0,96,False
128,3.31999999900745e-05,7.469199999832199e-05,6.3150000073619594e-06,0.0,7.469199999832199e-05,0.0,96,False
129,3.205200002298625e-05,7.433599998307727e-05,5.9150000026875205e-06,0.0,7.433599998307727e-05,0.0,96,False
130,3.2091999997874154e-05,7.270699998684904e-05,5.885000007310737e-06,0.0,7.270699998684904e-05,0.0,96,False
131,3.140199999052129e-05,7.435699998836753e-05,5.702000009932817e-06,0.0,7.435699998836753e-05,0.0,96,False
132,3.12999999891872e-05,7.150599998340113e-05,5.404999996017068e-06,0.0,7.150599998340113e-05,0.0,96,False
133,3.056799999967552e-05,8.774700000913072e-05,6.039000027158181e-06,0.0,8.774700000913072e-05,0.0,96,False
134,3.3892999994122874e-05,7.494999999835272e-05,4.759999995940234e-06,0.0,7.494999999835272e-05,0.0,96,False
135,3.141300001630043e-05,7.168000001911423e-05,4.63899999658679e-06,0.0,7.168000001911423e-05,0.0,96,False
136,3.0996999981880435e-05,7.069800000181203e-05,4.543000017065424e-06,0.0,7.069800000181203e-05,0.0,96,False
137,3.112699999974211e-05,7.114999999657812e-05,4.708000005848589e-06,0.0,7.114999999657812e-05,0.0,96,False
138,3.0597999995052305e-05,7.267499998420135e-05,4.525999997895269e-06,0.0,7.267499998420135e-05,0.0,96,False
139,3.0812999995077917e-05,7.284500000537264e-05,4.848000003221387e-06,0.0,7.284500000537264e-05,0.0,96,False
140,3.049900001883543e-05,9.352799997941474e-05,5.203000000619795e-06,0.0,9.352799997941474e-05,0.0,96,False
141,4.783400001429072e-05,8.356699999012562e-05,6.217999981572575e-06,0.0,8.356699999012562e-05,0.0,96,False
142,3.317700000593504e-05,7.56780000017443e-05,5.512000001317574e-06,0.0,7.56780000017443e-05,0.0,96,False
143,3.1898000003138804e-05,7.41329999982554e-05,4.6889999794075266e-06,0.0,7.41329999982554e-05,0.0,96,False
144,3.029599997717014e-05,7.3783999994248e-05,4.4619999925998854e-06,0.0,7.3783999994248e-05,0.0,96,False
145,3.0391000024110326e-05,7.082000001901179e-05,4.528000005166177e-06,0.0,7.082000001901179e-05,0.0,96,False
146,2.9753000006849106e-05,7.16350000118382e-05,4.8299999946266325e-06,0.0,7.16350000118382e-05,0.0,96,False
147,3.0304999995678372e-05,7.168700000192985e-05,4.457999978058069e-06,0.0,7.168700000192985e-05,0.0,96,False
148,6.989499999576765e-05,0.00017959400000222558,6.534999982932277e-06,0.0,0.00017959400000222558,0.0,96,False
149,4.40999999966607e-05,0.00011129799997888767,5.885000007310737e-06,0.0,0.00011129799997888767,0.0,96,False
150,4.311899999720481e-05,0.0001217470000085541,1.9997000009652766e-05,0.0,0.0001217470000085541,0.0,96,False
151,6.94900000155485e-05,9.805400000573172e-05,6.623999979638029e-06,0.0,9.805400000573172e-05,0.0,96,False
152,3.622500000233231e-05,7.778899998811539e-05,5.135999998628904e-06,0.0,7.778899998811539e-05,0.0,96,False
153,3.234599998336307e-05,7.354799998893213e-05,3.9772999997467195e-05,0.0,7.354799998893213e-05,0.0,96,False
154,9.160300001553878e-05,0.00019476800000006733,7.247000013421712e-06,0.0,0.00019476800000006733,0.0,96,False
155,6.187700000737095e-05,8.727099998395715e-05,6.134999978257838e-06,0.0,8.727099998395715e-05,0.0,96,False
156,3.394699999148543e-05,7.474800000295545e-05,6.206999984215145e-06,0.0,7.474800000295545e-05,0.0,96,False
157,3.125099999579106e-05,7.272100000932369e-05,5.465000015192345e-06,0.0,7.272100000932369e-05,0.0,96,False
158,3.0747000010933334e-05,7.141199998272896e-05,5.332999990059761e-06,0.0,7.141199998272896e-05,0.0,96,False
159,3.0155999979797343e-05,7.01600000070357e-05,5.241999986083101e-06,0.0,7.01600000070357e-05,0.0,96,False
160,5.546400001321672e-05,9.217900000635382e-05,7.164999999531574e-06,0.0,9.217900000635382e-05,0.0,96,False
161,3.5577999994984566e-05,7.381499997904939e-05,5.764000007957293e-06,0.0,7.381499997904939e-05,0.0,96,False
162,3.127599998720143e-05,7.217200001718993e-05,5.510999983471265e-06,0.0,7.217200001718993e-05,0.0,96,False
163,3.1497000009039766e-05,7.158199997547854e-05,5.151000010528151e-06,0.0,7.158199997547854e-05,0.0,96,False
164,2.9926999985718794e-05,7.112500000516775e-05,5.156999975497456e-06,0.0,7.112500000516775e-05,0.0,96,False
165,3.0054000006884962e-05,6.965500000433167e-05,4.886999988684693e-06,0.0,6.965500000433167e-05,0.0,96,False
166,2.9786999988345997e-05,7.049099997402664e-05,5.160000000614673e-06,0.0,7.049099997402664e-05,0.0,96,False
167,2.9283999992912868e-05,0.00010325499999908061,5.6849999907626625e-06,0.0,0.00010325499999908061,0.0,96,False
168,3.218899999524183e-05,7.112900001970957e-05,4.693999983373942e-06,0.0,7.112900001970957e-05,0.0,96,False
169,3.0118000012180346e-05,7.011499999975968e-05,4.9429999933181534e-06,0.0,7.011499999975968e-05,0.0,96,False
170,2.9906000008850242e-05,6.983699998386328e-05,5.127000008542382e-06,0.0,6.983699998386328e-05,0.0,96,False
171,3.0235999986416573e-05,6.955300000299758e-05,4.984000014474077e-06,0.0,6.955300000299758e-05,0.0,96,False
172,3.014600000028622e-05,7.051700001170502e-05,5.2219999986391485e-06,0.0,7.051700001170502e-05,0.0,96,False
173,3.022900000360096e-05,7.233200000200668e-05,5.076999997299936e-06,0.0,7.233200000200668e-05,0.0,96,False
174,3.090099997393736e-05,7.045799998195434e-05,5.07199999333352e-06,0.0,7.045799998195434e-05,0.0,96,False
175,4.713300000958043e-05,8.022100001880972e-05,5.548999979509972e-06,0.0,8.022100001880972e-05,0.0,96,False
176,6.956800001489682e-05,8.033399998907953e-05,5.264999998644271e-06,0.0,8.033399998907953e-05,0.0,96,False
177,3.1976000002487126e-05,7.232300001192016e-05,4.7569999992447265e-06,0.0,7.232300001192016e-05,0.0,96,False
178,3.0540999972572536e-05,9.668999999234984e-05,7.024000012734177e-06,0.0,9.668999999234984e-05,0.0,96,False
179,3.6810000011655575e-05,7.530700000302204e-05,5.2119999907063175e-06,0.0,7.530700000302204e-05,0.0,96,False
180,3.1918000019004467e-05,7.38509999962389e-05,4.670999999234482e-06,0.0,7.38509999962389e-05,0.0,96,False
181,3.0304000006253773e-05,7.006600000636354e-05,7.826000000932254e-06,0.0,7.006600000636354e-05,0.0,96,False
182,6.366899998511144e-05,8.763200000316829e-05,5.58499999669948e-06,0.0,8.763200000316829e-05,0.0,96,False
183,3.335399998150024e-05,7.453900002474256e-05,4.893000010497417e-06,0.0,7.453900002474256e-05,0.0,96,False
184,3.1156000005694295e-05,0.00011203399998294117,4.979999999932261e-06,0.0,0.00011203399998294117,0.0,96,False
185,3.1839000001809836e-05,7.167900000126792e-05,4.574000001866807e-06,0.0,7.167900000126792e-05,0.0,96,False
186,2.972799998701703e-05,7.066599999916434e-05,4.66200000914796e-06,0.0,7.066599999916434e-05,0.0,96,False
187,2.9062000010071642e-05,7.025300001828327e-05,4.455999999208871e-06,0.0,7.025300001828327e-05,0.0,96,False
188,4.617199999756849e-05,7.80000000020209e-05,4.620999987992036e-06,0.0,7.80000000020209e-05,0.0,96,False
189,3.092299999707393e-05,6.968499999970845e-05,4.235000005792244e-06,0.0,6.968499999970845e-05,0.0,96,False
190,2.84150000027239e-05,6.904200000690253e-05,4.326999999193504e-06,0.0,6.904200000690253e-05,0.0,96,False
191,2.8582999988202573e-05,6.81890000180374e-05,4.278000005797367e-06,0.0,6.81890000180374e-05,0.0,96,False
192,2.961399999890091e-05,6.89299999976356e-05,4.171000000496861e-06,0.0,6.89299999976356e-05,0.0,96,False
193,2.8896999992866768e-05,6.74489999994421e-05,4.339000014397243e-06,0.0,6.74489999994421e-05,0.0,96,False
194,2.867899999614565e-05,6.817499999556276e-05,4.385000011097873e-06,0.0,6.817499999556276e-05,0.0,96,False
195,2.9239000014058547e-05,6.734999999480351e-05,4.200999995873644e-06,0.0,6.734999999480351e-05,0.0,96,False
196,4.4151999986752344e-05,7.82470000046942e-05,4.703999991306773e-06,0.0,7.82470000046942e-05,0.0,96,False
197,3.04209999910654e-05,6.862400002205504e-05,4.187999991245306e-06,0.0,6.862400002205504e-05,0.0,96,False
198,2.886000001467437e-05,6.916899999964699e-05,4.138999997849169e-06,0.0,6.916899999964699e-05,0.0,96,False
199,2.8308999986847994e-05,6.852500001741646e-05,4.261000015048921e-06,0.0,6.852500001741646e-05,0.0,96,False
200,2.8852000014012447e-05,6.838600000946826e-05,4.209999985960167e-06,0.0,6.838600000946826e-05,0.0,96,False
201,2.8692999990198587e-05,6.709400000204369e-05,4.181999997854291e-06,0.0,6.709400000204369e-05,0.0,96,False
202,2.9221999994888392e-05,6.678900001588772e-05,4.244999985303366e-06,0.0,6.678900001588772e-05,0.0,96,False
203,2.76760000019749e-05,6.632299999864699e-05,5.369999996673869e-06,0.0,6.632299999864699e-05,0.0,96,False
204,2.7861999996048326e-05,8.119200001033278e-05,6.000000013273166e-06,0.0,8.119200001033278e-05,0.0,96,False
205,4.732300001819567e-05,7.82820000040374e-05,5.483000023787099e-06,0.0,7.82820000040374e-05,0.0,96,False
206,3.239299999791001e-05,7.590900000309375e-05,5.5859999861240794e-06,0.0,7.590900000309375e-05,0.0,96,False
207,3.2443999998577056e-05,7.238099999540282e-05,4.859000000578817e-06,0.0,7.238099999540282e-05,0.0,96,False
208,2.7659000011226453e-05,6.743399998754285e-05,4.756000009820127e-06,0.0,6.743399998754285e-05,0.0,96,False
209,2.8170000007321505e-05,6.694100000004255e-05,4.743999994616388e-06,0.0,6.694100000004255e-05,0.0,96,False
210,2.8544000002739267e-05,6.676900000002206e-05,4.672999978083681e-06,0.0,6.676900000002206e-05,0.0,96,False
211,2.7826999996705126e-05,8.677799999645686e-05,5.206999986739902e-06,0.0,8.677799999645686e-05,0.0,96,False
212,3.675599998587131e-05,7.277399998883993e-05,4.96999999199943e-06,0.0,7.277399998883993e-05,0.0,96,False
213,2.848200000471479e-05,6.900200000359291e-05,4.8720000052071555e-06,0.0,6.900200000359291e-05,0.0,96,False
214,2.957800001013311e-05,6.797599999686099e-05,4.9369999999271386e-06,0.0,6.797599999686099e-05,0.0,96,False
215,2.905200000213881e-05,6.752500001994122e-05,4.7309999899880495e-06,0.0,6.752500001994122e-05,0.0,96,False
216,2.8773999986242416e-05,6.778900001336297e-05,4.888000006531001e-06,0.0,6.778900001336297e-05,0.0,96,False
217,2.8555999989521297e-05,6.662499998810745e-05,4.209000024957277e-06,0.0,6.662499998810745e-05,0.0,96,False
218,2.8718999999455264e-05,6.629500001054112e-05,4.2839999991883815e-06,0.0,6.629500001054112e-05,0.0,96,False
219,2.769899998611436e-05,0.0005567569999982425,9.75599999719634e-06,0.0,0.0005567569999982425,0.0,96,False
220,7.479499998908068e-05,8.77779999939321e-05,6.550999984256123e-06,0.0,8.77779999939321e-05,0.0,96,False
221,3.177699997536365e-05,7.060300001171527e-05,5.16399998673478e-06,0.0,7.060300001171527e-05,0.0,96,False
222,3.024099999038299e-05,6.810299998960545e-05,5.171999987396703e-06,0.0,6.810299998960545e-05,0.0,96,False
223,2.798099998813086e-05,8.442000000741245e-05,5.4969999894183275e-06,0.0,8.442000000741245e-05,0.0,96,False
224,3.070400001092821e-05,6.91740000036134e-05,4.43400000449401e-06,0.0,6.91740000036134e-05,0.0,96,False
225,2.9038999997510473e-05,6.80480000028183e-05,4.2470000209959835e-06,0.0,6.80480000028183e-05,0.0,96,False
226,2.8481000015290192e-05,6.820299998366863e-05,4.837000005863956e-06,0.0,6.820299998366863e-05,0.0,96,False
227,2.841700000999481e-05,6.637300000988944e-05,4.62700000980476e-06,0.0,6.637300000988944e-05,0.0,96,False
228,2.770700001519799e-05,6.55500000164011e-05,4.676999992625497e-06,0.0,6.55500000164011e-05,0.0,96,False
229,2.7611999996679515e-05,8.38400000020556e-05,3.457100001469371e-05,0.0,8.38400000020556e-05,0.0,96,False
230,3.637300000036703e-05,7.131399999593668e-05,1.789300000609728e-05,0.0,7.131399999593668e-05,0.0,96,False
231,4.16029999996681e-05,8.678899999381429e-05,5.031999990023905e-06,0.0,8.678899999381429e-05,0.0,96,False
232,2.9802000000245243e-05,6.570200000055593e-05,5.11799999003415e-06,0.0,6.570200000055593e-05,0.0,96,False
233,2.8490000005376714e-05,6.615399999532201e-05,4.766999978755848e-06,0.0,6.615399999532201e-05,0.0,96,False
234,2.7679999988095005e-05,6.5409000001182e-05,4.8039999853699555e-06,0.0,6.5409000001182e-05,0.0,96,False
235,2.7131999985385846e-05,6.378000000495376e-05,4.569999987324991e-06,0.0,6.378000000495376e-05,0.0,96,False
236,2.6631999986648225e-05,6.153000001063447e-05,4.669999981388173e-06,0.0,6.153000001063447e-05,0.0,96,False
237,2.7381000023751767e-05,6.403200001159348e-05,4.587999995919745e-06,0.0,6.403200001159348e-05,0.0,96,False
238,2.8285000013283934e-05,6.575699998734308e-05,4.3729999958941335e-06,0.0,6.575699998734308e-05,0.0,96,False
239,5.090600001267376e-05,7.081399999719906e-05,4.663999987997158e-06,0.0,7.081399999719906e-05,0.0,96,False
240,2.8474999993477468e-05,6.589000000190026e-05,4.165999996530445e-06,0.0,6.589000000190026e-05,0.0,96,False
241,2.7635000009240684e-05,6.454900000107955e-05,4.040000021632295e-06,0.0,6.454900000107955e-05,0.0,96,False
242,2.7783000007275405e-05,6.418999998913932e-05,4.0639999951963546e-06,0.0,6.418999998913932e-05,0.0,96,False
243,2.756099999601247e-05,6.402400001093156e-05,4.00000001832268e-06,0.0,6.402400001093156e-05,0.0,96,False
244,2.6254000005110356e-05,6.36190000022907e-05,3.888999998480358e-06,0.0,6.36190000022907e-05,0.0,96,False
245,2.6746999992610654e-05,6.334900001547794e-05,3.81800001036936e-06,0.0,6.334900001547794e-05,0.0,96,False
246,2.6575000021011874e-05,6.331500000555934e-05,4.106999995201477e-06,0.0,6.331500000555934e-05,0.0,96,False
247,2.6937000001225897e-05,6.362999999964813e-05,3.896999999142281e-06,0.0,6.362999999964813e-05,0.0,96,False
248,2.7541000008568517e-05,6.369900000890993e-05,3.856000006408067e-06,0.0,6.369900000890993e-05,0.0,96,False
249,2.6767999997900915e-05,6.303200001411824e-05,3.886000001784851e-06,0.0,6.303200001411824e-05,0.0,96,False
250,2.7011000014454112e-05,6.311500001743298e-05,4.006999972716585e-06,0.0,6.311500001743298e-05,0.0,96,False
251,2.647799999522249e-05,6.271599997376143e-05,3.862999989223681e-06,0.0,6.271599997376143e-05,0.0,96,False
252,4.758400001492191e-05,9.996699998282566e-05,6.6309999908753525e-06,0.0,9.996699998282566e-05,0.0,96,False
253,4.1551999999001055e-05,7.714800000258037e-05,4.8800000058690784e-06,0.0,7.714800000258037e-05,0.0,96,False
254,3.1111000026839974e-05,6.81880000001911e-05,4.310999997869658e-06,0.0,6.81880000001911e-05,0.0,96,False
255,2.7928000008614617e-05,6.593200001248078e-05,4.307000011749551e-06,0.0,6.593200001248078e-05,0.0,96,False
256,2.7461999991373887e-05,6.447200001957754e-05,4.149999995206599e-06,0.0,6.447200001957754e-05,0.0,96,False
257,2.6789999992615776e-05,6.327599999167433e-05,4.1769999938878755e-06,0.0,6.327599999167433e-05,0.0,96,False
258,2.7249999988043783e-05,6.231399999023779e-05,4.048000022294218e-06,0.0,6.231399999023779e-05,0.0,96,False
259,2.6880999996592436e-05,6.384100001355364e-05,3.887999980634049e-06,0.0,6.384100001355364e-05,0.0,96,False
260,6.13679999901251e-05,8.248299999991104e-05,5.788999999367661e-06,0.0,8.248299999991104e-05,0.0,96,False
261,3.1988999978693755e-05,6.711000000336753e-05,4.250000017691491e-06,0.0,6.711000000336753e-05,0.0,96,False
262,2.955400000814734e-05,6.550300000185416e-05,4.113999978017091e-06,0.0,6.550300000185416e-05,0.0,96,False
263,2.732099997615478e-05,6.4145000010285e-05,4.015999991224817e-06,0.0,6.4145000010285e-05,0.0,96,False
264,2.60220000143363e-05,7.510500000762477e-05,3.888999998480358e-06,0.0,7.510500000762477e-05,0.0,96,False
265,2.673899999194873e-05,0.00012538999999378575,4.7129999813932955e-06,0.0,0.00012538999999378575,0.0,96,False
266,3.16150000116977e-05,6.60430000039014e-05,3.975999987915202e-06,0.0,6.60430000039014e-05,0.0,96,False
267,2.7431999995997103e-05,9.611999999492582e-05,4.359999991265795e-06,0.0,9.611999999492582e-05,0.0,96,False
268,2.9286999989608375e-05,6.49540000097204e-05,3.987000013694342e-06,0.0,6.49540000097204e-05,0.0,96,False
269,2.6800999989973207e-05,6.292899999493784e-05,3.957999979320448e-06,0.0,6.292899999493784e-05,0.0,96,False
270,2.628500001833345e-05,6.156399999213136e-05,4.074999992553785e-06,0.0,6.156399999213136e-05,0.0,96,False
271,2.6365999985955568e-05,6.166099998949903e-05,3.822999985914066e-06,0.0,6.166099998949903e-05,0.0,96,False
272,2.6458999997203136e-05,6.061799999201867e-05,3.783000011026161e-06,0.0,6.061799999201867e-05,0.0,96,False
273,2.5697000012314675e-05,6.046400000059293e-05,3.956000000471249e-06,0.0,6.046400000059293e-05,0.0,96,False
274,2.7221999999937907e-05,0.00012845500000935317,6.3410000166186364e-06,0.0,0.00012845500000935317,0.0,96,False
275,4.992699999206707e-05,0.00010590400000864975,5.242999975507701e-06,0.0,0.00010590400000864975,0.0,96,False
276,6.302300002403172e-05,0.00011725699999942663,5.713999996714847e-06,0.0,0.00011725699999942663,0.0,96,False
277,3.81920000052105e-05,7.930999998961852e-05,4.674999985354589e-06,0.0,7.930999998961852e-05,0.0,96,False
278,3.266400000256908e-05,6.810499999687636e-05,4.1149999958634e-06,0.0,6.810499999687636e-05,0.0,96,False
279,2.833599998552927e-05,0.00015836800000101903,5.998000006002258e-06,0.0,0.00015836800000101903,0.0,96,False
280,4.7808000005034046e-05,8.28910000052474e-05,5.842000007305614e-06,0.0,8.28910000052474e-05,0.0,96,False
281,3.171199998064367e-05,6.677499999341308e-05,4.458999995904378e-06,0.0,6.677499999341308e-05,0.0,96,False
282,2.8395999976282837e-05,6.438700000899189e-05,4.259000007778013e-06,0.0,6.438700000899189e-05,0.0,96,False
283,2.693300001510579e-05,6.279600000880237e-05,4.165999996530445e-06,0.0,6.279600000880237e-05,0.0,96,False
284,2.6791000010462085e-05,6.40039999950659e-05,4.085000000486616e-06,0.0,6.40039999950659e-05,0.0,96,False
285,2.6662999999871317e-05,6.451799998785646e-05,4.413999988628348e-06,0.0,6.451799998785646e-05,0.0,96,False
286,2.7528999993364778e-05,0.0001090180000176133,5.8860000251570455e-06,0.0,0.0001090180000176133,0.0,96,False
287,3.403400000934198e-05,6.837900002665265e-05,5.347000012534409e-06,0.0,6.837900002665265e-05,0.0,96,False
288,2.869099998292768e-05,8.59140000102343e-05,5.366999999978361e-06,0.0,8.59140000102343e-05,0.0,96,False
289,3.2478999997920255e-05,6.693500000665153e-05,4.649000004519621e-06,0.0,6.693500000665153e-05,0.0,96,False
290,2.7020000004540634e-05,6.330799999432202e-05,4.860000018425126e-06,0.0,6.330799999432202e-05,0.0,96,False
291,2.6491999989275428e-05,6.279999999492247e-05,4.691000015100144e-06,0.0,6.279999999492247e-05,0.0,96,False
292,2.6150999985929957e-05,6.285599999955593e-05,4.595999996581668e-06,0.0,6.285599999955593e-05,0.0,96,False
293,5.567599998812511e-05,8.027999999171698e-05,5.067999978791704e-06,0.0,8.027999999171698e-05,0.0,96,False
294,2.8216000004022135e-05,6.359100001418483e-05,4.833000019743849e-06,0.0,6.359100001418483e-05,0.0,96,False
295,2.6187999992544064e-05,6.287599998699989e-05,4.638000007162191e-06,0.0,6.287599998699989e-05,0.0,96,False
296,2.6320000017676648e-05,6.275399999822184e-05,4.388999997217979e-06,0.0,6.275399999822184e-05,0.0,96,False
297,2.62029999760216e-05,6.316400001082911e-05,4.44500000185144e-06,0.0,6.316400001082911e-05,0.0,96,False
298,2.64090000143824e-05,6.274100002201521e-05,4.324000002497996e-06,0.0,6.274100002201521e-05,0.0,96,False
299,2.666100002102212e-05,6.208499999615924e-05,4.466000007141702e-06,0.0,6.208499999615924e-05,0.0,96,False
300,2.5495000016917402e-05,6.0563000005231515e-05,4.2919999998503044e-06,0.0,6.0563000005231515e-05,0.0,96,False
301,2.5613000019575338e-05,8.705099997996513e-05,4.773999989993172e-06,0.0,8.705099997996513e-05,0.0,96,False
302,2.8946000014684614e-05,6.392899999241308e-05,4.372000006469534e-06,0.0,6.392899999241308e-05,0.0,96,False
303,2.6035000018964638e-05,6.090299999073068e-05,4.168000003801353e-06,0.0,6.090299999073068e-05,0.0,96,False
304,2.6531999992585042e-05,5.975100000910061e-05,4.220999983317597e-06,0.0,5.975100000910061e-05,0.0,96,False
305,2.5504999996428523e-05,5.9480000004441536e-05,4.225000026281123e-06,0.0,5.9480000004441536e-05,0.0,96,False
306,2.5923999999122316e-05,6.042999999067433e-05,4.55999997939216e-06,0.0,6.042999999067433e-05,0.0,96,False
307,2.6141000006418835e-05,9.486400000469075e-05,3.249899998536421e-05,0.0,9.486400000469075e-05,0.0,96,False
308,4.772500000171931e-05,7.474399998841363e-05,5.711999989443939e-06,0.0,7.474399998841363e-05,0.0,96,False
309,2.9490999992276556e-05,9.302899999852343e-05,5.3109999953449005e-06,0.0,9.302899999852343e-05,0.0,96,False
310,3.056900001752183e-05,6.466299998919567e-05,4.735999993954465e-06,0.0,6.466299998919567e-05,0.0,96,False
311,2.6879000017743238e-05,6.305100001213759e-05,4.505000021026717e-06,0.0,6.305100001213759e-05,0.0,96,False
312,2.6779999984682945e-05,6.261299998300274e-05,4.321000005802489e-06,0.0,6.261299998300274e-05,0.0,96,False
313,2.6394000002483153e-05,6.056799998077622e-05,4.300999989936827e-06,0.0,6.056799998077622e-05,0.0,96,False
314,2.550700000369943e-05,5.913100000043414e-05,4.2579999899317045e-06,0.0,5.913100000043414e-05,0.0,96,False
315,2.4424000002909452e-05,5.899899997530156e-05,4.22899998397952e-06,0.0,5.899899997530156e-05,0.0,96,False
316,2.482699997585769e-05,5.873500001030152e-05,4.423999996561179e-06,0.0,5.873500001030152e-05,0.0,96,False
317,2.474300001154006e-05,5.873799997857532e-05,4.109000002472385e-06,0.0,5.873799997857532e-05,0.0,96,False
318,2.4320000022726163e-05,8.434200000806413e-05,4.692000004524743e-06,0.0,8.434200000806413e-05,0.0,96,False
319,2.693499999395499e-05,6.098299999734991e-05,4.00000001832268e-06,0.0,6.098299999734991e-05,0.0,96,False
320,2.611400000773756e-05,5.911200000241479e-05,4.115999985287999e-06,0.0,5.911200000241479e-05,0.0,96,False
321,2.4798999987751813e-05,5.873499998187981e-05,4.3750000031650416e-06,0.0,5.873499998187981e-05,0.0,96,False
322,2.4316000008184346e-05,5.922799999780182e-05,4.187999991245306e-06,0.0,5.922799999780182e-05,0.0,96,False
323,2.4752000001626584e-05,5.793799999764815e-05,4.299000011087628e-06,0.0,5.793799999764815e-05,0.0,96,False
324,2.4499000005562266e-05,0.0003168240000093192,1.0516999992660203e-05,0.0,0.0003168240000093192,0.0,96,False
325,0.00012116699997477554,0.00012066400000776412,7.904999989705175e-06,0.0,0.00012066400000776412,0.0,96,False
326,4.3820999991339704e-05,8.810500000322463e-05,6.654000003436522e-06,0.0,8.810500000322463e-05,0.0,96,False
327,3.7813999995250924e-05,7.416500000090309e-05,5.736000019851417e-06,0.0,7.416500000090309e-05,0.0,96,False
328,3.14039999977922e-05,6.771599998955935e-05,5.200999993348887e-06,0.0,6.771599998955935e-05,0.0,96,False
329,2.9331999996884406e-05,6.5409000001182e-05,5.087000005232767e-06,0.0,6.5409000001182e-05,0.0,96,False
330,2.808500002515757e-05,6.420699997988777e-05,4.966999995303922e-06,0.0,6.420699997988777e-05,0.0,96,False
331,2.7546000012534932e-05,6.444499999247455e-05,4.883999991989185e-06,0.0,6.444499999247455e-05,0.0,96,False
332,2.7041999999255495e-05,6.23150000080841e-05,4.628999988653959e-06,0.0,6.23150000080841e-05,0.0,96,False
333,2.7862000024470035e-05,6.197999999812964e-05,4.444000012426841e-06,0.0,6.197999999812964e-05,0.0,96,False
334,2.6118999983282265e-05,6.151700000600613e-05,4.219000004468398e-06,0.0,6.151700000600613e-05,0.0,96,False
335,2.5960000016311824e-05,6.059500000787921e-05,4.060999998500847e-06,0.0,6.059500000787921e-05,0.0,96,False
336,2.5219000008291914e-05,6.017900000188092e-05,4.125000003796231e-06,0.0,6.017900000188092e-05,0.0,96,False
337,2.5640000018256615e-05,0.0002446280000185652,1.0128000013764904e-05,0.0,0.0002446280000185652,0.0,96,False
338,5.826899999306079e-05,0.0001012109999862787,6.807000005437658e-06,0.0,0.0001012109999862787,0.0,96,False
339,4.382499997745981e-05,9.225299999116032e-05,6.382000009352851e-06,0.0,9.225299999116032e-05,0.0,96,False
340,4.101100000752922e-05,8.611600000563158e-05,6.67899999484689e-06,0.0,8.611600000563158e-05,0.0,96,False
341,3.8566999990052864e-05,8.6372999987816e-05,7.959000015489437e-06,0.0,8.6372999987816e-05,0.0,96,False
342,5.386500001236527e-05,8.550899997317174e-05,6.483999982265232e-06,0.0,8.550899997317174e-05,0.0,96,False
343,3.443700001071193e-05,7.255799999938972e-05,5.693999980849185e-06,0.0,7.255799999938972e-05,0.0,96,False
344,3.132500000901928e-05,9.678899999698842e-05,1.0415000019747822e-05,0.0,9.678899999698842e-05,0.0,96,False
345,5.799099997716439e-05,7.180700001185869e-05,5.070000014484322e-06,0.0,7.180700001185869e-05,0.0,96,False
346,2.925799998365619e-05,6.6816000014569e-05,5.2219999986391485e-06,0.0,6.6816000014569e-05,0.0,96,False
347,2.8390000011313532e-05,0.00012095700000713805,6.912000003467256e-06,0.0,0.00012095700000713805,0.0,96,False
348,3.617900000563168e-05,7.02279999984512e-05,5.342000008567993e-06,0.0,7.02279999984512e-05,0.0,96,False
349,2.9637000011462078e-05,6.511800000907897e-05,5.051999977467858e-06,0.0,6.511800000907897e-05,0.0,96,False
350,2.831200001196521e-05,6.425500001228102e-05,5.009000005884445e-06,0.0,6.425500001228102e-05,0.0,96,False
351,2.7645999978176405e-05,6.353400002012677e-05,4.654999997910636e-06,0.0,6.353400002012677e-05,0.0,96,False
352,4.094199999826742e-05,6.61130000025878e-05,4.34200001109275e-06,0.0,6.61130000025878e-05,0.0,96,False
353,2.7170000009846262e-05,6.247199999620534e-05,4.517000007808747e-06,0.0,6.247199999620534e-05,0.0,96,False
354,2.737899998805915e-05,6.204799998954513e-05,4.382000014402365e-06,0.0,6.204799998954513e-05,0.0,96,False
355,2.6685000023007888e-05,6.159699998420365e-05,4.632000013771176e-06,0.0,6.159699998420365e-05,0.0,96,False
356,2.6498000011088152e-05,6.239799998297713e-05,4.708000005848589e-06,0.0,6.239799998297713e-05,0.0,96,False
357,2.7453000001287364e-05,6.190400000605223e-05,4.553999986001145e-06,0.0,6.190400000605223e-05,0.0,96,False
358,2.6413000000502507e-05,6.079899998212568e-05,4.563999993933976e-06,0.0,6.079899998212568e-05,0.0,96,False
359,2.6426999994555445e-05,6.156500000997767e-05,4.466999996566301e-06,0.0,6.156500000997767e-05,0.0,96,False
360,2.594200000771707e-05,6.219100001203515e-05,4.522000011775162e-06,0.0,6.219100001203515e-05,0.0,96,False
361,2.6023999993185498e-05,6.118199999605167e-05,4.00100000774728e-06,0.0,6.118199999605167e-05,0.0,96,False
362,2.6634000022340842e-05,6.03830000045491e-05,3.7700000063978223e-06,0.0,6.03830000045491e-05,0.0,96,False
363,2.6002999987895237e-05,8.86589999993248e-05,4.4330000150694104e-06,0.0,8.86589999993248e-05,0.0,96,False
364,2.874499998029023e-05,7.620299999189228e-05,4.796000013129742e-06,0.0,7.620299999189228e-05,0.0,96,False
365,2.8652999986888972e-05,6.360399999039146e-05,4.244000024300476e-06,0.0,6.360399999039146e-05,0.0,96,False
366,2.7404000007891227e-05,6.403400001886439e-05,4.665000005843467e-06,0.0,6.403400001886439e-05,0.0,96,False
367,2.6235000007091003e-05,6.170300000007956e-05,4.6259999919584516e-06,0.0,6.170300000007956e-05,0.0,96,False
368,2.670699998930104e-05,6.128300000796116e-05,4.4070000058127334e-06,0.0,6.128300000796116e-05,0.0,96,False
369,2.5751000009677227e-05,6.123299999671872e-05,4.278000005797367e-06,0.0,6.123299999671872e-05,0.0,96,False
370,2.617199999122022e-05,6.148500000335844e-05,4.5870000064951455e-06,0.0,6.148500000335844e-05,0.0,96,False
371,2.618000002030385e-05,6.146300000864358e-05,4.20599999984006e-06,0.0,6.146300000864358e-05,0.0,96,False
372,2.691200000981553e-05,9.990099999868107e-05,6.247999976949359e-06,0.0,9.990099999868107e-05,0.0,96,False
373,3.465000000346663e-05,6.874499999298678e-05,4.759000006515635e-06,0.0,6.874499999298678e-05,0.0,96,False
374,2.9645000012124e-05,6.476499999052976e-05,5.199000014499688e-06,0.0,6.476499999052976e-05,0.0,96,False
375,6.258199999820135e-05,6.743800000208466e-05,5.247999979474116e-06,0.0,6.743800000208466e-05,0.0,96,False
376,2.791399998613997e-05,6.265499999358326e-05,4.934000003231631e-06,0.0,6.265499999358326e-05,0.0,96,False
377,2.6689999998552594e-05,6.424399998650188e-05,4.9580000052174e-06,0.0,6.424399998650188e-05,0.0,96,False
378,2.6585999989947595e-05,6.260300000349162e-05,4.5970000144279766e-06,0.0,6.260300000349162e-05,0.0,96,False
379,2.6539000003822366e-05,6.378100002280007e-05,4.307000011749551e-06,0.0,6.378100002280007e-05,0.0,96,False
380,2.7410000001282242e-05,6.228500001270731e-05,4.033999999819571e-06,0.0,6.228500001270731e-05,0.0,96,False
381,6.378700001619109e-05,8.245999998734987e-05,3.689899997993962e-05,0.0,8.245999998734987e-05,0.0,96,False
382,3.520800001410862e-05,7.072900001503513e-05,4.919000019754094e-06,0.0,7.072900001503513e-05,0.0,96,False
383,2.973600001610066e-05,6.673900000464528e-05,4.3830000038269645e-06,0.0,6.673900000464528e-05,0.0,96,False
384,2.847400000405287e-05,6.490699999517346e-05,5.100999999285705e-06,0.0,6.490699999517346e-05,0.0,96,False
385,5.9035000020912776e-05,8.37009999941074e-05,6.091000017249826e-06,0.0,8.37009999941074e-05,0.0,96,False
386,3.2488000016428487e-05,6.857800002535441e-05,4.5950000071570685e-06,0.0,6.857800002535441e-05,0.0,96,False
387,2.9011999998829197e-05,6.69590000086373e-05,4.350000011754673e-06,0.0,6.69590000086373e-05,0.0,96,False
388,2.774300000396579e-05,6.383500002016262e-05,4.259000007778013e-06,0.0,6.383500002016262e-05,0.0,96,False
389,2.7216000006546892e-05,6.434699997726057e-05,4.199000017024446e-06,0.0,6.434699997726057e-05,0.0,96,False
390,2.7841000019179774e-05,6.399099999043756e-05,4.3100000084450585e-06,0.0,6.399099999043756e-05,0.0,96,False
391,2.7577999986760915e-05,6.420100001491846e-05,3.963000011708573e-06,0.0,6.420100001491846e-05,0.0,96,False
392,2.6869999999235006e-05,6.292200001212223e-05,5.113000014489444e-06,0.0,6.292200001212223e-05,0.0,96,False
393,2.68320000031963e-05,6.423400000699075e-05,4.815000011149095e-06,0.0,6.423400000699075e-05,0.0,96,False
394,2.6697999999214517e-05,6.296000000816093e-05,4.834999998593048e-06,0.0,6.296000000816093e-05,0.0,96,False
395,2.7679999988095005e-05,6.28099999744336e-05,4.582999991953329e-06,0.0,6.28099999744336e-05,0.0,96,False
396,2.6563000005808135e-05,6.499600002030093e-05,2.231799999208306e-05,0.0,6.499600002030093e-05,0.0,96,False
397,6.605199999398792e-05,0.00010599000000865999,8.21800000494477e-06,0.0,0.00010599000000865999,0.0,96,False
398,3.601700001354402e-05,7.04750000011245e-05,5.36800001782467e-06,0.0,7.04750000011245e-05,0.0,96,False
399,2.9426999986981173e-05,6.862500001147964e-05,5.121000015151367e-06,0.0,6.862500001147964e-05,0.0,96,False
400,2.904000001535678e-05,6.675500000596912e-05,4.770999993297664e-06,0.0,6.675500000596912e-05,0.0,96,False
401,2.835800000866584e-05,6.665000000793952e-05,4.739999980074572e-06,0.0,6.665000000793952e-05,0.0,96,False
402,2.842600000008133e-05,6.667499999934989e-05,4.792999988012525e-06,0.0,6.667499999934989e-05,0.0,96,False
403,2.8432999982896945e-05,6.547999998929299e-05,4.975000024387555e-06,0.0,6.547999998929299e-05,0.0,96,False
404,2.768699999933233e-05,6.718099999147853e-05,4.907000004550355e-06,0.0,6.718099999147853e-05,0.0,96,False
405,2.742399999533518e-05,6.519100000446088e-05,4.252999985965289e-06,0.0,6.519100000446088e-05,0.0,96,False
406,2.761900000791684e-05,6.490100000178245e-05,4.5029999853341e-06,0.0,6.490100000178245e-05,0.0,96,False
407,4.221899999379275e-05,7.632599999851664e-05,4.758000017091035e-06,0.0,7.632599999851664e-05,0.0,96,False
408,2.976999999759755e-05,6.75910000040858e-05,4.392000022335196e-06,0.0,6.75910000040858e-05,0.0,96,False
409,2.895200000807563e-05,6.585900001709888e-05,4.248000010420583e-06,0.0,6.585900001709888e-05,0.0,96,False
410,2.805200000466357e-05,6.450600000107443e-05,4.792999988012525e-06,0.0,6.450600000107443e-05,0.0,96,False
411,2.836900000602327e-05,6.670700000199759e-05,4.913999987365969e-06,0.0,6.670700000199759e-05,0.0,96,False
412,2.7763999980834342e-05,9.599399999160596e-05,5.269000013186087e-06,0.0,9.599399999160596e-05,0.0,96,False
413,3.261899999529305e-05,6.821799999556788e-05,4.960000012488308e-06,0.0,6.821799999556788e-05,0.0,96,False
414,0.00012182899999402252,9.865199999126162e-05,5.759999993415477e-06,0.0,9.865199999126162e-05,0.0,96,False
415,3.230299998335795e-05,8.226299999591902e-05,5.235999992692086e-06,0.0,8.226299999591902e-05,0.0,96,False
416,3.0266999999639665e-05,6.814599998961057e-05,5.199000014499688e-06,0.0,6.814599998961057e-05,0.0,96,False
417,2.8740999994170124e-05,6.805900000017573e-05,4.509999996571423e-06,0.0,6.805900000017573e-05,0.0,96,False
418,2.858799999216899e-05,6.70990000060101e-05,5.001000005222522e-06,0.0,6.70990000060101e-05,0.0,96,False
419,2.825699999675635e-05,6.736999998224746e-05,4.418000003170164e-06,0.0,6.736999998224746e-05,0.0,96,False
420,2.847199999678196e-05,6.873099999893384e-05,5.045999984076843e-06,0.0,6.873099999893384e-05,0.0,96,False
421,2.866799999878822e-05,6.747300000142786e-05,4.429000000527594e-06,0.0,6.747300000142786e-05,0.0,96,False
422,2.8420000006690316e-05,6.623799998806135e-05,4.5140000111132395e-06,0.0,6.623799998806135e-05,0.0,96,False
423,2.9140999998844563e-05,6.9809999985182e-05,4.729000011138851e-06,0.0,6.9809999985182e-05,0.0,96,False
424,2.8594999974984603e-05,6.624200000260316e-05,5.00400000191803e-06,0.0,6.624200000260316e-05,0.0,96,False
425,2.7942000002667555e-05,6.608999999002663e-05,5.2219999986391485e-06,0.0,6.608999999002663e-05,0.0,96,False
426,2.8103999994755213e-05,6.596099999001126e-05,5.019000013817276e-06,0.0,6.596099999001126e-05,0.0,96,False
427,2.775300001189862e-05,9.029400001736576e-05,5.477999991398974e-06,0.0,9.029400001736576e-05,0.0,96,False
428,3.470599997967838e-05,7.151799999860486e-05,5.146000006561735e-06,0.0,7.151799999860486e-05,0.0,96,False
429,2.985199998306598e-05,0.00010508899998740162,7.422000010137708e-06,0.0,0.00010508899998740162,0.0,96,False
430,3.965700000208017e-05,7.980800000950694e-05,5.752999982178153e-06,0.0,7.980800000950694e-05,0.0,96,False
431,3.1910000018342544e-05,7.26210000152605e-05,5.385000008573115e-06,0.0,7.26210000152605e-05,0.0,96,False
432,3.058499999042397e-05,7.159300000125768e-05,4.687000000558328e-06,0.0,7.159300000125768e-05,0.0,96,False
433,2.9467999979715387e-05,7.106200001771867e-05,4.385000011097873e-06,0.0,7.106200001771867e-05,0.0,96,False
434,2.9724000000896922e-05,6.958500000564527e-05,5.3370000046015775e-06,0.0,6.958500000564527e-05,0.0,96,False
435,2.853099999811093e-05,7.017299998324233e-05,4.509000007146824e-06,0.0,7.017299998324233e-05,0.0,96,False
436,2.9389000019364175e-05,6.90690000055838e-05,4.367999991927718e-06,0.0,6.90690000055838e-05,0.0,96,False
437,2.9751999989002798e-05,6.941399999504938e-05,4.55999997939216e-06,0.0,6.941399999504938e-05,0.0,96,False
438,2.9249000021991378e-05,6.876499998043073e-05,5.109999989372227e-06,0.0,6.876499998043073e-05,0.0,96,False
439,2.89070000007996e-05,6.978199999707613e-05,5.275000006577102e-06,0.0,6.978199999707613e-05,0.0,96,False
440,2.942999998367668e-05,7.009000000834931e-05,5.0499999986186594e-06,0.0,7.009000000834931e-05,0.0,96,False
441,2.888099999154292e-05,6.923899999833338e-05,5.044999994652244e-06,0.0,6.923899999833338e-05,0.0,96,False
442,2.9228000016701117e-05,6.89309999870602e-05,4.96999999199943e-06,0.0,6.89309999870602e-05,0.0,96,False
443,5.986299998994582e-05,9.464499999012332e-05,7.293999999546941e-06,0.0,9.464499999012332e-05,0.0,96,False
444,3.519899999560039e-05,0.0001306129999818495,8.030999993025034e-06,0.0,0.0001306129999818495,0.0,96,False
445,4.9050000001216176e-05,0.00010724600002731677,6.919000014704579e-06,0.0,0.00010724600002731677,0.0,96,False
446,3.9056000019854764e-05,8.148700001697762e-05,6.0929999960990244e-06,0.0,8.148700001697762e-05,0.0,96,False
447,3.118800000834199e-05,7.264399999939997e-05,4.807999999911772e-06,0.0,7.264399999939997e-05,0.0,96,False
448,3.1521000011025535e-05,7.221900000331516e-05,4.644000000553206e-06,0.0,7.221900000331516e-05,0.0,96,False
449,3.0484000006936185e-05,7.222600001455248e-05,4.3729999958941335e-06,0.0,7.222600001455248e-05,0.0,96,False
450,3.099200000633573e-05,7.200199999601864e-05,4.4359999833432084e-06,0.0,7.200199999601864e-05,0.0,96,False
451,3.027400001087699e-05,7.197899998345747e-05,5.291000007900948e-06,0.0,7.197899998345747e-05,0.0,96,False
452,3.0036000026711918e-05,0.00017225800002051983,1.0720999995328384e-05,0.0,0.00017225800002051983,0.0,96,False
453,6.876799997712624e-05,0.00011200900001995251,6.951999978355161e-06,0.0,0.00011200900001995251,0.0,96,False
454,4.134899998575747e-05,8.948699999677956e-05,5.908999980874796e-06,0.0,8.948699999677956e-05,0.0,96,False
455,3.5945000007586714e-05,7.52919999911228e-05,4.700000005186666e-06,0.0,7.52919999911228e-05,0.0,96,False
456,3.0871000006982285e-05,0.00011272300000086943,5.490999996027313e-06,0.0,0.00011272300000086943,0.0,96,False
457,3.399999999942338e-05,7.62420000057773e-05,4.1301999999632244e-05,0.0,7.62420000057773e-05,0.0,96,False
458,3.637999998318264e-05,7.701300000917399e-05,5.966999992779165e-06,0.0,7.701300000917399e-05,0.0,96,False
459,3.223500002036417e-05,7.475700002146368e-05,5.525999995370512e-06,0.0,7.475700002146368e-05,0.0,96,False
460,3.171099999121907e-05,7.389099999954851e-05,5.5229999986750045e-06,0.0,7.389099999954851e-05,0.0,96,False
461,3.139000000373926e-05,7.231300000398733e-05,5.420999997340914e-06,0.0,7.231300000398733e-05,0.0,96,False
462,3.1112999977267464e-05,7.224899999869194e-05,5.5670000165264355e-06,0.0,7.224899999869194e-05,0.0,96,False
463,3.0510000016192862e-05,8.894399999803682e-05,5.964999985508257e-06,0.0,8.894399999803682e-05,0.0,96,False
464,3.34770000165463e-05,7.482000000891276e-05,5.4260000013073295e-06,0.0,7.482000000891276e-05,0.0,96,False
465,3.138800002489006e-05,7.2235000004639e-05,5.2460000006249174e-06,0.0,7.2235000004639e-05,0.0,96,False
466,3.0984999995098406e-05,7.336899997767432e-05,5.351999988079115e-06,0.0,7.336899997767432e-05,0.0,96,False
467,3.0470000012883247e-05,7.333299998890652e-05,5.000000015797923e-06,0.0,7.333299998890652e-05,0.0,96,False
468,3.08070000016869e-05,7.323799999880976e-05,5.215999976826424e-06,0.0,7.323799999880976e-05,0.0,96,False
469,3.166000001897373e-05,7.411699999693155e-05,5.483000023787099e-06,0.0,7.411699999693155e-05,0.0,96,False
470,3.0687000020179767e-05,9.676400000557805e-05,5.63099999340011e-06,0.0,9.676400000557805e-05,0.0,96,False
471,3.62210000162122e-05,7.615999999188716e-05,5.111000007218536e-06,0.0,7.615999999188716e-05,0.0,96,False
472,3.143300000374438e-05,8.87289999980112e-05,5.3269999966687465e-06,0.0,8.87289999980112e-05,0.0,96,False
473,3.1554000003097826e-05,7.414299997776652e-05,5.3710000145201775e-06,0.0,7.414299997776652e-05,0.0,96,False
474,3.1462999999121166e-05,7.316100001730774e-05,5.252000022437642e-06,0.0,7.316100001730774e-05,0.0,96,False
475,3.0574999982491136e-05,6.965299999706076e-05,5.108999999947628e-06,0.0,6.965299999706076e-05,0.0,96,False
476,3.076100000498627e-05,7.012800000438801e-05,4.848999992645986e-06,0.0,7.012800000438801e-05,0.0,96,False
477,3.019299998641145e-05,7.098000000382854e-05,5.153999978801949e-06,0.0,7.098000000382854e-05,0.0,96,False
478,5.5298000006587245e-05,8.016999998972096e-05,5.713000007290248e-06,0.0,8.016999998972096e-05,0.0,96,False
479,3.215399999589863e-05,7.318899997699191e-05,4.966000005879323e-06,0.0,7.318899997699191e-05,0.0,96,False
480,3.0199000008224175e-05,7.154199997216892e-05,5.084000008537259e-06,0.0,7.154199997216892e-05,0.0,96,False
481,3.0360000010887234e-05,7.128800001510172e-05,4.893999999922016e-06,0.0,7.128800001510172e-05,0.0,96,False
482,3.0222999981788234e-05,7.249899999806075e-05,5.225999984759255e-06,0.0,7.249899999806075e-05,0.0,96,False
483,3.060700001356054e-05,7.014999999910287e-05,5.08300001911266e-06,0.0,7.014999999910287e-05,0.0,96,False
484,2.9788999995616905e-05,7.20589999900767e-05,4.8560000038833095e-06,0.0,7.20589999900767e-05,0.0,96,False
485,2.9686000004858215e-05,9.812100000772261e-05,5.509000004622067e-06,0.0,9.812100000772261e-05,0.0,96,False
486,3.452699999684228e-05,7.459799999764982e-05,4.927999981418907e-06,0.0,7.459799999764982e-05,0.0,96,False
487,3.050300000495554e-05,7.253000001128385e-05,5.3450000052635005e-06,0.0,7.253000001128385e-05,0.0,96,False
488,3.088799999773073e-05,7.090999997672043e-05,4.869999997936247e-06,0.0,7.090999997672043e-05,0.0,96,False
489,3.0031000022745502e-05,7.103199999392018e-05,4.671999988659081e-06,0.0,7.103199999392018e-05,0.0,96,False
490,2.9660999985026137e-05,0.00010055000001329972,5.5539999834763876e-06,0.0,0.00010055000001329972,0.0,96,False
491,3.392200000007506e-05,7.433199999695717e-05,4.71900000320602e-06,0.0,7.433199999695717e-05,0.0,96,False
492,3.026100000624865e-05,7.176300002242897e-05,1.6507999987425137e-05,0.0,7.176300002242897e-05,0.0,96,False
493,4.229499998587016e-05,7.801099999937833e-05,4.77599999726408e-06,0.0,7.801099999937833e-05,0.0,96,False
494,3.0721999991101256e-05,0.0001013520000014978,7.61399999760215e-06,0.0,0.0001013520000014978,0.0,96,False
495,4.8600000013721e-05,8.47549999889452e-05,5.350999998654515e-06,0.0,8.47549999889452e-05,0.0,96,False
496,3.2833999995318663e-05,7.590199999185643e-05,5.151000010528151e-06,0.0,7.590199999185643e-05,0.0,96,False
497,3.132999998456398e-05,7.373899998697198e-05,4.7389999906499725e-06,0.0,7.373899998697198e-05,0.0,96,False
498,3.103699998519005e-05,7.229900000993439e-05,4.931999995960723e-06,0.0,7.229900000993439e-05,0.0,96,False
499,3.096600002550076e-05,9.89979999985735e-05,7.0389999962117145e-06,0.0,9.89979999985735e-05,0.0,96,False
500,5.149599999754173e-05,8.611999999175168e-05,6.296999998767205e-06,0.0,8.611999999175168e-05,0.0,96,False
501,3.331499999603693e-05,8.860700000923316e-05,5.16299999731018e-06,0.0,8.860700000923316e-05,0.0,96,False
502,3.225799997608192e-05,7.337599998891164e-05,5.4989999966892356e-06,0.0,7.337599998891164e-05,0.0,96,False
503,3.062500002215529e-05,7.229400000596797e-05,4.9630000091838156e-06,0.0,7.229400000596797e-05,0.0,96,False
504,2.9995000005555994e-05,7.028599998193386e-05,5.293000015171856e-06,0.0,7.028599998193386e-05,0.0,96,False
505,2.9756999992969213e-05,7.02279999984512e-05,4.682999986016512e-06,0.0,7.02279999984512e-05,0.0,96,False
506,2.9218999998192885e-05,6.953700000167373e-05,4.685000021709129e-06,0.0,6.953700000167373e-05,0.0,96,False
507,4.354099999659411e-05,7.494499999438631e-05,4.972999988694937e-06,0.0,7.494499999438631e-05,0.0,96,False
508,3.0471000002307846e-05,7.042499998988205e-05,4.3809999965560564e-06,0.0,7.042499998988205e-05,0.0,96,False
509,2.956600002335108e-05,6.93150000188325e-05,4.511000014417732e-06,0.0,6.93150000188325e-05,0.0,96,False
510,2.932600000349339e-05,6.905699999038006e-05,4.444000012426841e-06,0.0,6.905699999038006e-05,0.0,96,False
511,2.85530000212475e-05,6.916999998907158e-05,4.384999982676163e-06,0.0,6.916999998907158e-05,0.0,96,False
512,2.92940000008457e-05,6.883599999696344e-05,4.340000003821842e-06,0.0,6.883599999696344e-05,0.0,96,False
513,2.857600000538696e-05,6.881999999563959e-05,4.558000000542961e-06,0.0,6.881999999563959e-05,0.0,96,False
514,2.938299999755145e-05,0.0010276360000034401,9.903000005806462e-06,0.0,0.0010276360000034401,0.0,96,False
515,4.9872999994704514e-05,8.722900000179834e-05,6.283999994138867e-06,0.0,8.722900000179834e-05,0.0,96,False
516,3.616899999769885e-05,7.865899999615067e-05,5.578999974886756e-06,0.0,7.865899999615067e-05,0.0,96,False
517,3.4016999990171826e-05,0.0003031399999997575,9.737999988601587e-06,0.0,0.0003031399999997575,0.0,96,False
518,5.312800001888718e-05,0.0001253030000043509,6.3439999848924344e-06,0.0,0.0001253030000043509,0.0,96,False
519,0.0001652480000018386,0.0001017409999803931,6.939999991573131e-06,0.0,0.0001017409999803931,0.0,96,False
520,7.832899999016263e-05,9.69900000029611e-05,7.019999998192361e-06,0.0,9.69900000029611e-05,0.0,96,False
521,3.747300002032716e-05,7.869099999879836e-05,5.203000000619795e-06,0.0,7.869099999879836e-05,0.0,96,False
522,3.351000000861859e-05,7.464600000162136e-05,4.751000005853712e-06,0.0,7.464600000162136e-05,0.0,96,False
523,3.107399999180416e-05,8.978600001796622e-05,5.5069999973511585e-06,0.0,8.978600001796622e-05,0.0,96,False
524,4.186800001093616e-05,9.146799999371069e-05,5.122000004575966e-06,0.0,9.146799999371069e-05,0.0,96,False
525,3.868799998940631e-05,7.473499999832711e-05,4.5769999985623144e-06,0.0,7.473499999832711e-05,0.0,96,False
526,3.0280999993692603e-05,6.926200001089455e-05,4.248999999845182e-06,0.0,6.926200001089455e-05,0.0,96,False
527,2.9869999991660734e-05,6.884300000820076e-05,4.323000013073397e-06,0.0,6.884300000820076e-05,0.0,96,False
528,2.92240000021593e-05,6.812500001274202e-05,4.5160000183841476e-06,0.0,6.812500001274202e-05,0.0,96,False
529,2.8262999990147364e-05,6.795100000545062e-05,5.654999995385879e-06,0.0,6.795100000545062e-05,0.0,96,False
530,2.9506999993600402e-05,6.814000002464127e-05,5.189000006566857e-06,0.0,6.814000002464127e-05,0.0,96,False
531,2.900999999155829e-05,0.00010062600000537714,5.568000005951035e-06,0.0,0.00010062600000537714,0.0,96,False
532,3.172399999584741e-05,7.066199998462253e-05,5.216999994672733e-06,0.0,7.066199998462253e-05,0.0,96,False
533,2.9982000000927655e-05,6.831299998566465e-05,3.9111000006641916e-05,0.0,6.831299998566465e-05,0.0,96,False
534,3.3092999984773996e-05,7.654399999523775e-05,6.2830000047142676e-06,0.0,7.654399999523775e-05,0.0,96,False
535,3.326099999867438e-05,7.70559999807574e-05,5.8910000007017516e-06,0.0,7.70559999807574e-05,0.0,96,False
536,3.0041000002256624e-05,6.969000000367487e-05,4.732000007834358e-06,0.0,6.969000000367487e-05,0.0,96,False
537,2.876800002127311e-05,6.79420000153641e-05,4.915999994636877e-06,0.0,6.79420000153641e-05,0.0,96,False
538,2.8947999993533813e-05,8.871200000726276e-05,4.955000008521893e-06,0.0,8.871200000726276e-05,0.0,96,False
539,3.543699997976546e-05,7.184000000393098e-05,4.5189999866579456e-06,0.0,7.184000000393098e-05,0.0,96,False
540,2.9506000004175803e-05,6.898200001614896e-05,4.220999983317597e-06,0.0,6.898200001614896e-05,0.0,96,False
541,2.8338000021221887e-05,6.763400000409092e-05,4.9999999873762135e-06,0.0,6.763400000409092e-05,0.0,96,False
542,2.78899999841542e-05,6.659799998942617e-05,4.877000009173571e-06,0.0,6.659799998942617e-05,0.0,96,False
543,2.8127999996740982e-05,6.804499997770108e-05,5.047000001923152e-06,0.0,6.804499997770108e-05,0.0,96,False
544,2.8752999980952154e-05,6.753700000672325e-05,4.201999985298244e-06,0.0,6.753700000672325e-05,0.0,96,False
545,2.9197000003478024e-05,6.645700000262877e-05,4.155999988597614e-06,0.0,6.645700000262877e-05,0.0,96,False
546,2.8442000001405177e-05,0.00013513400000420006,5.296000011867363e-06,0.0,0.00013513400000420006,0.0,96,False
547,4.2075000010299846e-05,7.529500001624001e-05,4.4090000130836415e-06,0.0,7.529500001624001e-05,0.0,96,False
548,0.0005064930000173717,0.00011778000001072542,6.972999983645423e-06,0.0,0.00011778000001072542,0.0,96,False
549,3.8085999989334596e-05,0.00011687999997889165,7.023999984312468e-06,0.0,0.00011687999997889165,0.0,96,False
550,3.8942000003316934e-05,7.728599999268226e-05,5.586000014545789e-06,0.0,7.728599999268226e-05,0.0,96,False
551,3.1374999991840014e-05,6.979200000500896e-05,5.055999992009674e-06,0.0,6.979200000500896e-05,0.0,96,False
552,2.886100000409897e-05,6.794600000148421e-05,5.0179999959709676e-06,0.0,6.794600000148421e-05,0.0,96,False
553,4.86729999806812e-05,7.845499999348249e-05,5.48299999536539e-06,0.0,7.845499999348249e-05,0.0,96,False
554,3.064199998448203e-05,6.733800000802148e-05,4.993999993985199e-06,0.0,6.733800000802148e-05,0.0,96,False
555,2.8033999996068815e-05,6.772499997964587e-05,4.455999999208871e-06,0.0,6.772499997964587e-05,0.0,96,False
556,2.8275999994775702e-05,6.457499998191452e-05,4.3389999859755335e-06,0.0,6.457499998191452e-05,0.0,96,False
557,2.8524000015295314e-05,6.46020000090175e-05,4.200000006449045e-06,0.0,6.46020000090175e-05,0.0,96,False
558,2.7953999989449585e-05,6.442299999775969e-05,4.26299999389812e-06,0.0,6.442299999775969e-05,0.0,96,False
559,2.7451999983441056e-05,6.338500000424574e-05,4.03499998924417e-06,0.0,6.338500000424574e-05,0.0,96,False
560,2.752699998609387e-05,6.334500000093612e-05,4.108000013047786e-06,0.0,6.334500000093612e-05,0.0,96,False
561,2.7963999997382416e-05,9.677200000623998e-05,4.779000022381297e-06,0.0,9.677200000623998e-05,0.0,96,False
562,3.031900001815302e-05,6.778200000212564e-05,4.0410000110568944e-06,0.0,6.778200000212564e-05,0.0,96,False
563,2.8372000002718778e-05,6.525399999190995e-05,3.93199999848548e-06,0.0,6.525399999190995e-05,0.0,96,False
564,2.8248000006669827e-05,6.55160000064825e-05,3.9569999898958486e-06,0.0,6.55160000064825e-05,0.0,96,False
565,2.8020999991440476e-05,9.054800000285468e-05,4.90100001115934e-06,0.0,9.054800000285468e-05,0.0,96,False
566,3.7711999993916834e-05,7.159200001183308e-05,4.3729999958941335e-06,0.0,7.159200001183308e-05,0.0,96,False
567,2.888299999881383e-05,6.719499998553147e-05,3.985999995848033e-06,0.0,6.719499998553147e-05,0.0,96,False
568,2.8350000008003917e-05,6.74869999954808e-05,4.052999997838924e-06,0.0,6.74869999954808e-05,0.0,96,False
569,2.865600001200619e-05,6.635599999071928e-05,4.074000003129186e-06,0.0,6.635599999071928e-05,0.0,96,False
570,2.821000001063112e-05,6.444600001032086e-05,3.988000003118941e-06,0.0,6.444600001032086e-05,0.0,96,False
571,2.740100001119572e-05,6.552300001771982e-05,3.914000018312436e-06,0.0,6.552300001771982e-05,0.0,96,False
572,2.7746999990085897e-05,6.49569999779942e-05,6.536799998002607e-05,0.0,6.49569999779942e-05,0.0,96,False
573,4.401800001119227e-05,9.64669999916623e-05,4.575999980716006e-06,0.0,9.64669999916623e-05,0.0,96,False
574,3.1018000015592406e-05,6.882799999630151e-05,4.348000004483765e-06,0.0,6.882799999630151e-05,0.0,96,False
575,2.886999999418549e-05,7.55730000037147e-05,4.329999995889011e-06,0.0,7.55730000037147e-05,0.0,96,False
576,2.875599997764766e-05,6.517100001701692e-05,4.093000001148539e-06,0.0,6.517100001701692e-05,0.0,96,False
577,2.8475999982902067e-05,6.422399999905792e-05,4.195999991907229e-06,0.0,6.422399999905792e-05,0.0,96,False
578,2.8065000009291907e-05,6.479800001102376e-05,4.140999976698367e-06,0.0,6.479800001102376e-05,0.0,96,False
579,2.7159000012488832e-05,6.46389999872099e-05,3.993999996509956e-06,0.0,6.46389999872099e-05,0.0,96,False
580,2.6950999995278835e-05,6.454900000107955e-05,4.0639999951963546e-06,0.0,6.454900000107955e-05,0.0,96,False
581,2.687599999262602e-05,9.146000002147048e-05,4.574999991291406e-06,0.0,9.146000002147048e-05,0.0,96,False
582,3.148400000441143e-05,6.841700002269135e-05,4.087000007757524e-06,0.0,6.841700002269135e-05,0.0,96,False
583,2.8662999994821803e-05,6.677499999341308e-05,3.996000003780864e-06,0.0,6.677499999341308e-05,0.0,96,False
584,2.7794000004632835e-05,6.316799999694922e-05,3.967999987253279e-06,0.0,6.316799999694922e-05,0.0,96,False
585,2.743300001384341e-05,6.348800002342614e-05,4.039000003785986e-06,0.0,6.348800002342614e-05,0.0,96,False
586,2.679499999658219e-05,6.363700001088546e-05,4.109000002472385e-06,0.0,6.363700001088546e-05,0.0,96,False
587,2.678699999592027e-05,6.416400000830436e-05,4.929999988689815e-06,0.0,6.416400000830436e-05,0.0,96,False
588,2.6576999999861073e-05,6.368100000031518e-05,4.8219999939647096e-06,0.0,6.368100000031518e-05,0.0,96,False
589,2.7158999984067123e-05,6.20670000159862e-05,4.519999976082545e-06,0.0,6.20670000159862e-05,0.0,96,False
590,4.367800002569311e-05,7.201400001122238e-05,5.369000007249269e-06,0.0,7.201400001122238e-05,0.0,96,False
591,3.065900000365218e-05,6.612299998209892e-05,4.3280000170398125e-06,0.0,6.612299998209892e-05,0.0,96,False
592,2.7541999997993116e-05,6.387999999901695e-05,3.864999996494589e-06,0.0,6.387999999901695e-05,0.0,96,False
593,2.7289999991353397e-05,6.307699999297256e-05,3.880000008393836e-06,0.0,6.307699999297256e-05,0.0,96,False
594,2.6620999989290794e-05,0.00010445399999525762,6.191000011313008e-06,0.0,0.00010445399999525762,0.0,96,False
595,3.4677000002147906e-05,6.91399999936948e-05,4.517999997233346e-06,0.0,6.91399999936948e-05,0.0,96,False
596,2.88039999816192e-05,6.503699998461343e-05,4.085000000486616e-06,0.0,6.503699998461343e-05,0.0,96,False
597,2.7392000021109197e-05,6.476800001564698e-05,3.960000015013065e-06,0.0,6.476800001564698e-05,0.0,96,False
598,6.340900000623151e-05,7.942999999954736e-05,6.909000006771748e-06,0.0,7.942999999954736e-05,0.0,96,False
599,3.053600002544954e-05,6.679899999539884e-05,5.23100001714738e-06,0.0,6.679899999539884e-05,0.0,96,False
600,2.8122999992774567e-05,6.485099999054e-05,4.982000007203169e-06,0.0,6.485099999054e-05,0.0,96,False
601,2.762900001584967e-05,6.33719999996174e-05,4.341999982671041e-06,0.0,6.33719999996174e-05,0.0,96,False
602,2.7063000004545756e-05,6.470699997862539e-05,4.415999995899256e-06,0.0,6.470699997862539e-05,0.0,96,False
603,2.7011000014454112e-05,6.356800000162366e-05,4.189999998516214e-06,0.0,6.356800000162366e-05,0.0,96,False
604,2.7722999988100128e-05,6.265100000746315e-05,4.230000001825829e-06,0.0,6.265100000746315e-05,0.0,96,False
605,2.7235000004566245e-05,6.328599999960716e-05,4.339000014397243e-06,0.0,6.328599999960716e-05,0.0,96,False
606,2.652399999192312e-05,7.28270000251996e-05,4.493999995247577e-06,0.0,7.28270000251996e-05,0.0,96,False
607,2.933999999754633e-05,6.621299999665098e-05,4.391999993913487e-06,0.0,6.621299999665098e-05,0.0,96,False
608,2.8068999995412014e-05,7.531499997526225e-05,4.404000009117226e-06,0.0,7.531499997526225e-05,0.0,96,False
609,2.8726000010692587e-05,8.712900000773516e-05,4.475999986652823e-06,0.0,8.712900000773516e-05,0.0,96,False
610,3.106799999841314e-05,6.734000001529239e-05,4.491999987976669e-06,0.0,6.734000001529239e-05,0.0,96,False
611,2.8229999998075073e-05,6.506400001171642e-05,5.06099999597609e-06,0.0,6.506400001171642e-05,0.0,96,False
612,2.6781999991953853e-05,6.289800001013646e-05,3.266699999926459e-05,0.0,6.289800001013646e-05,0.0,96,False
613,3.056899998910012e-05,6.574900001510287e-05,5.151000010528151e-06,0.0,6.574900001510287e-05,0.0,96,False
614,5.374399998459012e-05,6.982900001162307e-05,5.461000000650529e-06,0.0,6.982900001162307e-05,0.0,96,False
615,2.8374999999414285e-05,6.554000000846827e-05,4.872999994631755e-06,0.0,6.554000000846827e-05,0.0,96,False
616,2.7009000007183204e-05,6.526100000314727e-05,4.273000001830951e-06,0.0,6.526100000314727e-05,0.0,96,False
617,2.8036000003339723e-05,6.294799999295719e-05,4.13700001899997e-06,0.0,6.294799999295719e-05,0.0,96,False
618,2.6629000018374427e-05,6.339000000821216e-05,4.0119999766830006e-06,0.0,6.339000000821216e-05,0.0,96,False
619,2.6047999995171267e-05,6.208799999285475e-05,4.012999994529309e-06,0.0,6.208799999285475e-05,0.0,96,False
620,2.6388999998516738e-05,6.179000001793611e-05,4.667000013114375e-06,0.0,6.179000001793611e-05,0.0,96,False
621,2.6482000009764306e-05,6.146900000203459e-05,4.633000003195775e-06,0.0,6.146900000203459e-05,0.0,96,False
622,2.6516000019682906e-05,0.0001655330000005506,5.568999995375634e-06,0.0,0.0001655330000005506,0.0,96,False
623,3.1452999991188335e-05,6.651900000065325e-05,4.883000002564586e-06,0.0,6.651900000065325e-05,0.0,96,False
624,2.729700000259072e-05,6.434499999841137e-05,4.726000014443343e-06,0.0,6.434499999841137e-05,0.0,96,False
625,2.63750000044638e-05,6.169599998884223e-05,4.085000000486616e-06,0.0,6.169599998884223e-05,0.0,96,False
626,2.6015000003098976e-05,6.197899998028333e-05,3.993999996509956e-06,0.0,6.197899998028333e-05,0.0,96,False
627,2.6472999991256074e-05,6.166000000007443e-05,4.9313999994637925e-05,0.0,6.166000000007443e-05,0.0,96,False
628,0.00022520000001691187,9.170900000299298e-05,8.016999998972096e-06,0.0,9.170900000299298e-05,0.0,96,False
629,3.472600002396575e-05,6.850299999427989e-05,5.397999984779744e-06,0.0,6.850299999427989e-05,0.0,96,False
630,2.8761999999460386e-05,6.537900000580521e-05,4.802000006520757e-06,0.0,6.537900000580521e-05,0.0,96,False
631,2.8526999983569112e-05,6.395099998712794e-05,4.563999993933976e-06,0.0,6.395099998712794e-05,0.0,96,False
632,2.7471999999306718e-05,6.35129999864148e-05,4.5999999827017746e-06,0.0,6.35129999864148e-05,0.0,96,False
633,5.8067000026085225e-05,6.891099999961625e-05,4.9630000091838156e-06,0.0,6.891099999961625e-05,0.0,96,False
634,2.7351999989377873e-05,6.336600000622639e-05,4.442999994580532e-06,0.0,6.336600000622639e-05,0.0,96,False
635,2.7304000013828045e-05,6.118100000662707e-05,2.285100001131468e-05,0.0,6.118100000662707e-05,0.0,96,False
636,7.871700000805504e-05,0.00016199099999880673,6.545999980289707e-06,0.0,0.00016199099999880673,0.0,96,False
637,3.476699998827826e-05,6.564699998534707e-05,5.057000009855983e-06,0.0,6.564699998534707e-05,0.0,96,False
638,2.7998000007301016e-05,6.333100000688319e-05,4.576000009137715e-06,0.0,6.333100000688319e-05,0.0,96,False
639,2.7450000004591857e-05,6.144400001062422e-05,4.573000012442208e-06,0.0,6.144400001062422e-05,0.0,96,False
640,2.607899997997265e-05,6.162500000073123e-05,4.3729999958941335e-06,0.0,6.162500000073123e-05,0.0,96,False
641,2.6906000016424514e-05,6.16849999914848e-05,4.6499999939442205e-06,0.0,6.16849999914848e-05,0.0,96,False
642,2.636300001768177e-05,6.143300001326679e-05,4.402999991270917e-06,0.0,6.143300001326679e-05,0.0,96,False
643,5.5752999998048836e-05,6.640299997684451e-05,4.888999995955601e-06,0.0,6.640299997684451e-05,0.0,96,False
644,2.6684999994586178e-05,6.262000002266177e-05,4.263999983322719e-06,0.0,6.262000002266177e-05,0.0,96,False
645,2.6290999983302754e-05,6.162799999742674e-05,4.453000002513363e-06,0.0,6.162799999742674e-05,0.0,96,False
646,2.636199999983546e-05,6.253099999753431e-05,4.394000001184395e-06,0.0,6.253099999753431e-05,0.0,96,False
647,2.5687000004381844e-05,7.268500002055589e-05,4.842000009830372e-06,0.0,7.268500002055589e-05,0.0,96,False
648,2.8087999993431367e-05,6.375099999900158e-05,4.3649999952322105e-06,0.0,6.375099999900158e-05,0.0,96,False
649,2.607999999781896e-05,6.230599998957587e-05,3.918999993857142e-06,0.0,6.230599998957587e-05,0.0,96,False
650,2.5353000012273696e-05,5.928999999582629e-05,3.8919999951758655e-06,0.0,5.928999999582629e-05,0.0,96,False
651,2.5559999983215675e-05,5.8749999993779056e-05,4.392999983338086e-06,0.0,5.8749999993779056e-05,0.0,96,False
652,2.5501000010308417e-05,8.018999997716492e-05,4.709999984697788e-06,0.0,8.018999997716492e-05,0.0,96,False
653,2.8833000015993093e-05,6.247299998562994e-05,4.727000003867943e-06,0.0,6.247299998562994e-05,0.0,96,False
654,2.6014000013674377e-05,6.0789999992039156e-05,3.963000011708573e-06,0.0,6.0789999992039156e-05,0.0,96,False
655,2.6042000001780252e-05,6.1009000006606584e-05,4.027000017003957e-06,0.0,6.1009000006606584e-05,0.0,96,False
656,4.715099998975347e-05,6.651500001453314e-05,4.184000005125199e-06,0.0,6.651500001453314e-05,0.0,96,False
657,2.63409999945452e-05,6.226400000741705e-05,3.816000003098452e-06,0.0,6.226400000741705e-05,0.0,96,False
658,2.6458999997203136e-05,6.081999998741594e-05,4.3389999859755335e-06,0.0,6.081999998741594e-05,0.0,96,False
659,2.5138000012248085e-05,6.031699999198281e-05,4.420000010441072e-06,0.0,6.031699999198281e-05,0.0,96,False
660,2.5424000000384694e-05,6.014600000980863e-05,4.292999989274904e-06,0.0,6.014600000980863e-05,0.0,96,False
661,2.5101000005633978e-05,5.859399999508241e-05,4.072999985282877e-06,0.0,5.859399999508241e-05,0.0,96,False
662,2.619200000708588e-05,5.908700001100442e-05,4.270000005135444e-06,0.0,5.908700001100442e-05,0.0,96,False
663,2.5549999975282844e-05,5.877899999973124e-05,4.254999993236197e-06,0.0,5.877899999973124e-05,0.0,96,False
664,2.5295000000369328e-05,5.9629000020322565e-05,4.180000019005092e-06,0.0,5.9629000020322565e-05,0.0,96,False
665,8.469200000149613e-05,9.557199999221666e-05,8.019999995667604e-06,0.0,9.557199999221666e-05,0.0,96,False
666,3.8052000007837705e-05,7.53250000116168e-05,5.9719999967455806e-06,0.0,7.53250000116168e-05,0.0,96,False
667,2.807199999210752e-05,6.297499999163847e-05,4.7100000131194975e-06,0.0,6.297499999163847e-05,0.0,96,False
668,2.6971000011144497e-05,6.0849999982792724e-05,4.804000013791665e-06,0.0,6.0849999982792724e-05,0.0,96,False
669,2.5866000015639656e-05,5.898700001694124e-05,4.199000017024446e-06,0.0,5.898700001694124e-05,0.0,96,False
670,2.5217000001021006e-05,0.00010268100001553648,5.917999999383028e-06,0.0,0.00010268100001553648,0.0,96,False
671,3.1669999998484855e-05,6.468499998391053e-05,4.485999994585654e-06,0.0,6.468499998391053e-05,0.0,96,False
672,2.773299999603296e-05,8.878199997752745e-05,4.842999999254971e-06,0.0,8.878199997752745e-05,0.0,96,False
673,2.7620999986766037e-05,6.176399998025772e-05,4.311999987294257e-06,0.0,6.176399998025772e-05,0.0,96,False
674,2.583900001695838e-05,6.067399999665213e-05,4.085999989911215e-06,0.0,6.067399999665213e-05,0.0,96,False
675,2.547599999047634e-05,6.022400000915695e-05,4.281000002492874e-06,0.0,6.022400000915695e-05,0.0,96,False
676,2.5655000001734152e-05,5.889599998454287e-05,4.21799998662209e-06,0.0,5.889599998454287e-05,0.0,96,False
677,2.5591999985863367e-05,5.808400001683367e-05,4.377999999860549e-06,0.0,5.808400001683367e-05,0.0,96,False
678,2.4582999998301602e-05,5.8398000021497865e-05,4.110999981321584e-06,0.0,5.8398000021497865e-05,0.0,96,False
679,2.51799999944069e-05,5.747699998437383e-05,4.179999990583383e-06,0.0,5.747699998437383e-05,0.0,96,False
680,2.5001000011570795e-05,5.801400001814727e-05,4.297999993241319e-06,0.0,5.801400001814727e-05,0.0,96,False
681,2.5184000008948715e-05,8.499699998765209e-05,4.371000017044935e-06,0.0,8.499699998765209e-05,0.0,96,False
682,2.7314999982763766e-05,6.135600000334307e-05,3.767999999126914e-06,0.0,6.135600000334307e-05,0.0,96,False
683,2.563499998586849e-05,5.965899998727764e-05,3.7540000050739764e-06,0.0,5.965899998727764e-05,0.0,96,False
684,2.491500001156055e-05,5.885699999907956e-05,4.050000001143417e-06,0.0,5.885699999907956e-05,0.0,96,False
685,2.46520000075634e-05,5.8627000015576414e-05,3.7709999958224216e-06,0.0,5.8627000015576414e-05,0.0,96,False
686,2.460999999698288e-05,5.7406999985687435e-05,3.2250999993266305e-05,0.0,5.7406999985687435e-05,0.0,96,False
687,3.007800000887073e-05,6.237600001668397e-05,3.988000003118941e-06,0.0,6.237600001668397e-05,0.0,96,False
688,2.5596000000405184e-05,5.956900000114729e-05,3.7439999971411453e-06,0.0,5.956900000114729e-05,0.0,96,False
689,2.5195999995730745e-05,5.8695000006991904e-05,3.6710000017592392e-06,0.0,5.8695000006991904e-05,0.0,96,False
690,2.479099998708989e-05,8.683300001166572e-05,4.076999999824693e-06,0.0,8.683300001166572e-05,0.0,96,False
691,2.7119999998603816e-05,6.0622000006560484e-05,4.574000001866807e-06,0.0,6.0622000006560484e-05,0.0,96,False
692,2.5448999991795063e-05,5.960200002164129e-05,4.303999986632334e-06,0.0,5.960200002164129e-05,0.0,96,False
693,2.5378000003684065e-05,5.9561000000485365e-05,4.3020000077831355e-06,0.0,5.9561000000485365e-05,0.0,96,False
694,2.4634999988393247e-05,5.779899998969995e-05,4.2239999800131045e-06,0.0,5.779899998969995e-05,0.0,96,False
695,2.4058000008153613e-05,5.7486999992306664e-05,3.8679999931900966e-06,0.0,5.7486999992306664e-05,0.0,96,False
696,2.373000000943648e-05,5.791199998839147e-05,4.199000017024446e-06,0.0,5.791199998839147e-05,0.0,96,False
697,2.4578000022756896e-05,5.816199998776028e-05,4.17199998992146e-06,0.0,5.816199998776028e-05,0.0,96,False
698,2.5037000000338594e-05,6.0550999990027776e-05,4.5349999879817915e-06,0.0,6.0550999990027776e-05,0.0,96,False
699,2.4989000024788766e-05,8.749200000579549e-05,4.958999994641999e-06,0.0,8.749200000579549e-05,0.0,96,False
700,3.0838000014909994e-05,6.501799998659408e-05,3.86400000706999e-06,0.0,6.501799998659408e-05,0.0,96,False
701,2.6082999994514466e-05,6.051300002241078e-05,3.7829999826044514e-06,0.0,6.051300002241078e-05,0.0,96,False
702,2.5821999997788225e-05,6.0984000015196216e-05,3.662000011672717e-06,0.0,6.0984000015196216e-05,0.0,96,False
703,2.464400000690148e-05,5.974799998398339e-05,3.816000003098452e-06,0.0,5.974799998398339e-05,0.0,96,False
704,2.484600000229875e-05,5.794800000558098e-05,4.281000002492874e-06,0.0,5.794800000558098e-05,0.0,96,False
705,2.450499999895328e-05,5.866499998319341e-05,4.386000000522472e-06,0.0,5.866499998319341e-05,0.0,96,False
706,3.320499999404092e-05,5.7816999998294705e-05,4.042000000481494e-06,0.0,5.7816999998294705e-05,0.0,96,False
707,2.382099998499143e-05,5.606599998486672e-05,4.103999998505969e-06,0.0,5.606599998486672e-05,0.0,96,False
708,2.432299999099996e-05,7.042199999318655e-05,4.45699998863347e-06,0.0,7.042199999318655e-05,0.0,96,False
709,0.00026299500001414344,9.095900000488655e-05,5.759999993415477e-06,0.0,9.095900000488655e-05,0.0,96,False
710,3.4916999993583886e-05,0.00010593299998618022,5.241999986083101e-06,0.0,0.00010593299998618022,0.0,96,False
711,3.1258999996452985e-05,6.426999999575855e-05,4.060000009076248e-06,0.0,6.426999999575855e-05,0.0,96,False
712,2.635399999917354e-05,5.984300000250187e-05,4.238000002487752e-06,0.0,5.984300000250187e-05,0.0,96,False
713,2.5276999991774574e-05,5.8695999996416504e-05,3.8210000070648675e-06,0.0,5.8695999996416504e-05,0.0,96,False
714,2.4134000000231026e-05,9.045900000614893e-05,4.3020000077831355e-06,0.0,9.045900000614893e-05,0.0,96,False
715,2.9957999998941887e-05,6.197499999416323e-05,3.606000007039256e-06,0.0,6.197499999416323e-05,0.0,96,False
716,2.5419999985842878e-05,5.987700001242047e-05,3.840000005084221e-06,0.0,5.987700001242047e-05,0.0,96,False
717,2.5332999996408034e-05,5.760900000950642e-05,4.309999980023349e-06,0.0,5.760900000950642e-05,0.0,96,False
718,2.4486000000933927e-05,5.7553000004872956e-05,4.295000024967521e-06,0.0,5.7553000004872956e-05,0.0,96,False
719,2.447200000688099e-05,5.793500000095264e-05,4.290999982003996e-06,0.0,5.793500000095264e-05,0.0,96,False
720,2.4089999982379595e-05,5.776300000093215e-05,3.7209999845799757e-06,0.0,5.776300000093215e-05,0.0,96,False
721,2.441500001282293e-05,5.6516999990208205e-05,3.5669999931542407e-06,0.0,5.6516999990208205e-05,0.0,96,False
722,0.0001002240000218535,5.867800001624346e-05,3.800000001774606e-06,0.0,5.867800001624346e-05,0.0,96,False
723,2.4610999986407478e-05,8.458199999950011e-05,4.014000012375618e-06,0.0,8.458199999950011e-05,0.0,96,False
724,2.584000000638298e-05,5.723800001078416e-05,4.074000003129186e-06,0.0,5.723800001078416e-05,0.0,96,False
725,2.410600001212515e-05,5.665099999418999e-05,4.2759999985264585e-06,0.0,5.665099999418999e-05,0.0,96,False
726,2.3659000021325483e-05,5.632899998886387e-05,4.184000005125199e-06,0.0,5.632899998886387e-05,0.0,96,False
727,2.361800000016956e-05,5.6586999988894604e-05,4.2470000209959835e-06,0.0,5.6586999988894604e-05,0.0,96,False
728,2.39830000055008e-05,5.6653000001460896e-05,3.904999999804204e-06,0.0,5.6653000001460896e-05,0.0,96,False
729,2.3687999998855958e-05,5.537200001981546e-05,4.162000010410338e-06,0.0,5.537200001981546e-05,0.0,96,False
730,2.333299997303584e-05,5.509000001779896e-05,3.937999991876495e-06,0.0,5.509000001779896e-05,0.0,96,False
731,2.4099000000887827e-05,5.5685000006633345e-05,3.57900000835798e-06,0.0,5.5685000006633345e-05,0.0,96,False
732,2.3827000006804155e-05,5.4943999998613435e-05,3.67000001233464e-06,0.0,5.4943999998613435e-05,0.0,96,False
733,3.9657999991504767e-05,6.262200000151097e-05,3.945999992538418e-06,0.0,6.262200000151097e-05,0.0,96,False
734,3.6398999981201996e-05,7.549199997924916e-05,5.325000017819548e-06,0.0,7.549199997924916e-05,0.0,96,False
735,2.907800001139549e-05,5.96790000031433e-05,4.504999992605008e-06,0.0,5.96790000031433e-05,0.0,96,False
736,2.6092000013022698e-05,5.874499998981264e-05,4.364000005807611e-06,0.0,5.874499998981264e-05,0.0,96,False
737,2.504200000430501e-05,5.771200000026511e-05,4.381999985980656e-06,0.0,5.771200000026511e-05,0.0,96,False
738,2.4922000022797874e-05,5.699399997638466e-05,3.7810000037552527e-06,0.0,5.699399997638466e-05,0.0,96,False
739,3.308099999799197e-05,7.542800000237548e-05,5.272999999306194e-06,0.0,7.542800000237548e-05,0.0,96,False
740,2.896399999485766e-05,6.0837000006586095e-05,4.017999998495725e-06,0.0,6.0837000006586095e-05,0.0,96,False
741,2.549900000303751e-05,8.201100001770101e-05,4.397999987304502e-06,0.0,8.201100001770101e-05,0.0,96,False
742,2.7463999998644795e-05,5.9572999987267394e-05,3.900999985262388e-06,0.0,5.9572999987267394e-05,0.0,96,False
743,2.5226999980532128e-05,5.788800001482741e-05,4.321000005802489e-06,0.0,5.788800001482741e-05,0.0,96,False
744,2.4866000018164414e-05,5.6937000010748307e-05,4.2579999899317045e-06,0.0,5.6937000010748307e-05,0.0,96,False
745,2.425400001015987e-05,7.155200000852346e-05,4.931999995960723e-06,0.0,7.155200000852346e-05,0.0,96,False
746,3.020599999103979e-05,6.078500001649445e-05,4.146000009086492e-06,0.0,6.078500001649445e-05,0.0,96,False
747,2.4750999983780275e-05,5.740200001014273e-05,4.297999993241319e-06,0.0,5.740200001014273e-05,0.0,96,False
748,2.4201000002221917e-05,5.582500000400614e-05,4.310999997869658e-06,0.0,5.582500000400614e-05,0.0,96,False
749,2.3973999986992567e-05,5.58129999888024e-05,4.055000005109832e-06,0.0,5.58129999888024e-05,0.0,96,False
750,2.325200000541372e-05,5.467399998337896e-05,1.3999999993075107e-05,0.0,5.467399998337896e-05,0.0,96,False
751,3.497000000152184e-05,6.293699999559976e-05,4.73000000056345e-06,0.0,6.293699999559976e-05,0.0,96,False
752,2.477900000030786e-05,5.6678000021292974e-05,4.351999990603872e-06,0.0,5.6678000021292974e-05,0.0,96,False
753,2.4032999988321535e-05,5.589799999938805e-05,4.1060000057768775e-06,0.0,5.589799999938805e-05,0.0,96,False
754,2.415400001609669e-05,5.589499997427083e-05,3.7709999958224216e-06,0.0,5.589499997427083e-05,0.0,96,False
755,2.3314999992862795e-05,5.558799998084396e-05,3.5409999838975637e-06,0.0,5.558799998084396e-05,0.0,96,False
756,2.3303999995505364e-05,5.547200001387864e-05,4.195999991907229e-06,0.0,5.547200001387864e-05,0.0,96,False
757,2.297800000405914e-05,5.580500001656219e-05,3.860999981952773e-06,0.0,5.580500001656219e-05,0.0,96,False
758,2.4240000016106933e-05,5.318500001294524e-05,3.523000003724519e-06,0.0,5.318500001294524e-05,0.0,96,False
759,2.2862000008672112e-05,5.368399999383655e-05,3.4610000057000434e-06,0.0,5.368399999383655e-05,0.0,96,False
760,2.2539000013921395e-05,6.961200000432655e-05,4.462999982024485e-06,0.0,6.961200000432655e-05,0.0,96,False
761,2.8477000000748376e-05,5.8193999990407974e-05,3.993999996509956e-06,0.0,5.8193999990407974e-05,0.0,96,False
762,2.4115999991636272e-05,5.5024000005232665e-05,2.713899999662317e-05,0.0,5.5024000005232665e-05,0.0,96,False
763,2.632800001833857e-05,5.5731999992758574e-05,3.864999996494589e-06,0.0,5.5731999992758574e-05,0.0,96,False
764,2.329900001996066e-05,5.4796000000578715e-05,4.238000002487752e-06,0.0,5.4796000000578715e-05,0.0,96,False
765,2.343299999552073e-05,5.315200002087295e-05,4.004999993867386e-06,0.0,5.315200002087295e-05,0.0,96,False
766,2.240899999605972e-05,5.331899998850531e-05,3.7789999964843446e-06,0.0,5.331899998850531e-05,0.0,96,False
767,2.2266999991416014e-05,5.5125000017142156e-05,3.9829999991525256e-06,0.0,5.5125000017142156e-05,0.0,96,False
768,2.31399999961468e-05,5.396200000973295e-05,3.8189999997939594e-06,0.0,5.396200000973295e-05,0.0,96,False
769,2.258099999608021e-05,0.00020159300001409974,1.0507000013149081e-05,0.0,0.00020159300001409974,0.0,96,False
770,4.846699999916382e-05,6.891399999631176e-05,4.708999995273189e-06,0.0,6.891399999631176e-05,0.0,96,False
771,2.8078999974923136e-05,6.179199999678531e-05,4.35399999787478e-06,0.0,6.179199999678531e-05,0.0,96,False
772,2.6149000007080758e-05,5.9549000013703335e-05,3.935999984605587e-06,0.0,5.9549000013703335e-05,0.0,96,False
773,2.545099999906597e-05,5.718099998830439e-05,4.039000003785986e-06,0.0,5.718099998830439e-05,0.0,96,False
774,3.5169000000223605e-05,5.776399999035675e-05,3.993999996509956e-06,0.0,5.776399999035675e-05,0.0,96,False
775,2.3294000015994243e-05,5.530199999270735e-05,3.7340000176300236e-06,0.0,5.530199999270735e-05,0.0,96,False
776,2.388999999425323e-05,5.476800001247284e-05,3.53300001165735e-06,0.0,5.476800001247284e-05,0.0,96,False
777,2.3155000008046045e-05,0.00019913899998869056,8.803000014268036e-06,0.0,0.00019913899998869056,0.0,96,False
778,5.548799998678078e-05,7.759000001783534e-05,4.441000015731333e-06,0.0,7.759000001783534e-05,0.0,96,False
779,2.6657999995904902e-05,5.9584000013046534e-05,4.630000006500268e-06,0.0,5.9584000013046534e-05,0.0,96,False
780,2.4454999987710835e-05,5.674199999816665e-05,4.175000015038677e-06,0.0,5.674199999816665e-05,0.0,96,False
781,2.319499998293395e-05,5.5583000005299255e-05,3.942999995842911e-06,0.0,5.5583000005299255e-05,0.0,96,False
782,2.3226999985581642e-05,5.422300000645919e-05,3.827999989880482e-06,0.0,5.422300000645919e-05,0.0,96,False
783,2.2685000004685207e-05,5.365299998061346e-05,3.7990000123500067e-06,0.0,5.365299998061346e-05,0.0,96,False
784,2.2611999980881592e-05,5.3121000007649855e-05,3.37399998784349e-06,0.0,5.3121000007649855e-05,0.0,96,False
785,2.3040000002083616e-05,5.447099999855709e-05,3.415999998424013e-06,0.0,5.447099999855709e-05,0.0,96,False
786,2.2736999994776852e-05,5.558999998811487e-05,3.2779999799004145e-06,0.0,5.558999998811487e-05,0.0,96,False
787,2.3813000012751218e-05,5.4019999993215606e-05,3.3700000017233833e-06,0.0,5.4019999993215606e-05,0.0,96,False
788,2.2881999996116065e-05,5.269500002214045e-05,3.853999999137159e-06,0.0,5.269500002214045e-05,0.0,96,False
789,2.240899999605972e-05,5.2186000004894595e-05,3.816000003098452e-06,0.0,5.2186000004894595e-05,0.0,96,False
790,2.2121000000652202e-05,8.871500000395827e-05,4.451999984667054e-06,0.0,8.871500000395827e-05,0.0,96,False
791,2.4864000010893506e-05,5.5240999984107475e-05,3.881999987243034e-06,0.0,5.5240999984107475e-05,0.0,96,False
792,2.295699999876888e-05,7.640800001240677e-05,4.174999986616967e-06,0.0,7.640800001240677e-05,0.0,96,False
793,2.51780000155577e-05,5.65139999935127e-05,3.89799998856688e-06,0.0,5.65139999935127e-05,0.0,96,False
794,2.324100000805629e-05,5.387499999187639e-05,3.949999978658525e-06,0.0,5.387499999187639e-05,0.0,96,False
795,2.363800001603522e-05,5.473499999197884e-05,4.06899999916277e-06,0.0,5.473499999197884e-05,0.0,96,False
796,2.3152000011350538e-05,5.516300001318086e-05,3.984000016998834e-06,0.0,5.516300001318086e-05,0.0,96,False
797,4.791700001760546e-05,7.025499999713247e-05,5.974999993441088e-06,0.0,7.025499999713247e-05,0.0,96,False
798,2.7291999998624306e-05,5.735300001674659e-05,4.26299999389812e-06,0.0,5.735300001674659e-05,0.0,96,False
799,2.447099998903468e-05,0.00013604299999769864,5.595000004632311e-06,0.0,0.00013604299999769864,0.0,96,False
800,3.0286999987083618e-05,6.002500001045519e-05,4.219000004468398e-06,0.0,6.002500001045519e-05,0.0,96,False
801,2.509800000893847e-05,5.657200000541707e-05,3.7650000024314068e-06,0.0,5.657200000541707e-05,0.0,96,False
802,2.4365000001580484e-05,5.652400000144553e-05,3.833000022268607e-06,0.0,5.652400000144553e-05,0.0,96,False
803,2.412800000684001e-05,5.5002000010517804e-05,3.939999999147403e-06,0.0,5.5002000010517804e-05,0.0,96,False
804,2.3198999997475767e-05,5.498499999134765e-05,3.996000003780864e-06,0.0,5.498499999134765e-05,0.0,96,False
805,2.303700000538811e-05,5.4694999988669224e-05,4.165999996530445e-06,0.0,5.4694999988669224e-05,0.0,96,False
806,2.2878999999420557e-05,5.4784999974799575e-05,3.811999988556636e-06,0.0,5.4784999974799575e-05,0.0,96,False
807,2.3403999989568547e-05,5.4054999992558805e-05,3.882000015664744e-06,0.0,5.4054999992558805e-05,0.0,96,False
808,2.2628000010627147e-05,7.76460000224688e-05,4.200000006449045e-06,0.0,7.76460000224688e-05,0.0,96,False
809,2.6335999990578784e-05,6.808899999555251e-05,3.9100000037706195e-06,0.0,6.808899999555251e-05,0.0,96,False
810,2.414200000089295e-05,5.5422999992060795e-05,3.819999989218559e-06,0.0,5.5422999992060795e-05,0.0,96,False
811,2.3555000012720484e-05,5.4887000004555375e-05,4.18399997670349e-06,0.0,5.4887000004555375e-05,0.0,96,False
812,2.3391000013361918e-05,5.4931000022406806e-05,3.913999989890726e-06,0.0,5.4931000022406806e-05,0.0,96,False
813,2.3463000019319225e-05,5.4977000019107436e-05,4.05800000180534e-06,0.0,5.4977000019107436e-05,0.0,96,False
814,2.426800000421281e-05,5.410800000049676e-05,4.02300000246214e-06,0.0,5.410800000049676e-05,0.0,96,False
815,2.2764999982882728e-05,5.263499997454346e-05,3.920000011703451e-06,0.0,5.263499997454346e-05,0.0,96,False
816,2.2457000000031258e-05,5.199500000685475e-05,3.9020000031086965e-06,0.0,5.199500000685475e-05,0.0,96,False
817,2.2458000017877566e-05,5.2597000006926464e-05,3.488999993805919e-06,0.0,5.2597000006926464e-05,0.0,96,False
818,2.253399998153327e-05,7.69829999853755e-05,4.268999987289135e-06,0.0,7.69829999853755e-05,0.0,96,False
819,2.5914999980614084e-05,5.6039999975610044e-05,3.7309999925128068e-06,0.0,5.6039999975610044e-05,0.0,96,False
820,2.3439000017333456e-05,5.3611999987879244e-05,3.842000012355129e-06,0.0,5.3611999987879244e-05,0.0,96,False
821,2.3031000011997094e-05,5.2611999990404e-05,3.7270000063927e-06,0.0,5.2611999990404e-05,0.0,96,False
822,2.2470999994084195e-05,5.293000000961001e-05,3.7010000255577324e-06,0.0,5.293000000961001e-05,0.0,96,False
823,2.2233000009919124e-05,5.293300000630552e-05,3.771999985247021e-06,0.0,5.293300000630552e-05,0.0,96,False
824,2.195199999732722e-05,5.279900000232374e-05,3.900999985262388e-06,0.0,5.279900000232374e-05,0.0,96,False
825,2.2771000004695452e-05,5.241699997782234e-05,3.7519999978030683e-06,0.0,5.241699997782234e-05,0.0,96,False
826,2.2426000015229874e-05,8.282900000722293e-05,5.661999978201493e-06,0.0,8.282900000722293e-05,0.0,96,False
827,2.9871999998931642e-05,5.976200000645804e-05,4.20599999984006e-06,0.0,5.976200000645804e-05,0.0,96,False
828,2.532700000301702e-05,7.367000000613189e-05,5.177000019784828e-06,0.0,7.367000000613189e-05,0.0,96,False
829,2.8525999994144513e-05,5.704400001604881e-05,4.270999994560043e-06,0.0,5.704400001604881e-05,0.0,96,False
830,2.4149000012130273e-05,5.487100000323153e-05,4.208000007110968e-06,0.0,5.487100000323153e-05,0.0,96,False
831,2.277199999412005e-05,5.3840000020954903e-05,3.9280000123653735e-06,0.0,5.3840000020954903e-05,0.0,96,False
832,2.3603000016692022e-05,5.3769999993846795e-05,3.630000009025025e-06,0.0,5.3769999993846795e-05,0.0,96,False
833,2.2417999986146242e-05,5.215999999563792e-05,3.7160000090352696e-06,0.0,5.215999999563792e-05,0.0,96,False
834,2.244300000597832e-05,5.150600000547456e-05,3.603999999768348e-06,0.0,5.150600000547456e-05,0.0,96,False
835,2.1995999986756942e-05,5.133699997372787e-05,3.7810000037552527e-06,0.0,5.133699997372787e-05,0.0,96,False
836,2.186200001119687e-05,5.1124999998819476e-05,2.70459999853756e-05,0.0,5.1124999998819476e-05,0.0,96,False
837,2.5545999989162738e-05,5.368800000837837e-05,4.116000013709709e-06,0.0,5.368800000837837e-05,0.0,96,False
838,4.483699999013879e-05,5.809299997849848e-05,4.22899998397952e-06,0.0,5.809299997849848e-05,0.0,96,False
839,2.3566000010077914e-05,5.2917000004981674e-05,4.031999992548663e-06,0.0,5.2917000004981674e-05,0.0,96,False
840,2.2326999982169582e-05,5.194999999957872e-05,3.599999985226532e-06,0.0,5.194999999957872e-05,0.0,96,False
841,2.2050000012541204e-05,5.1500000012083547e-05,3.448000001071705e-06,0.0,5.1500000012083547e-05,0.0,96,False
842,2.2024999992709127e-05,7.411000001411594e-05,4.04600001502331e-06,0.0,7.411000001411594e-05,0.0,96,False
843,2.730900001779446e-05,5.639700000870107e-05,3.5609999997632258e-06,0.0,5.639700000870107e-05,0.0,96,False
844,2.244199998813201e-05,5.266900001288377e-05,3.391999996438244e-06,0.0,5.266900001288377e-05,0.0,96,False
845,2.258099999608021e-05,5.228099999499136e-05,3.2709999970848003e-06,0.0,5.228099999499136e-05,0.0,96,False
846,2.1443000008503077e-05,5.1866000006839386e-05,3.483000000414904e-06,0.0,5.1866000006839386e-05,0.0,96,False
847,2.2241000010581047e-05,5.2611999990404e-05,3.2530000169117557e-06,0.0,5.2611999990404e-05,0.0,96,False
848,3.87170000237802e-05,5.749400000354399e-05,3.6670000156391325e-06,0.0,5.749400000354399e-05,0.0,96,False
849,3.136600000175349e-05,5.4090999981326604e-05,3.3570000255167542e-06,0.0,5.4090999981326604e-05,0.0,96,False
850,2.2393999984160473e-05,5.1629000012098913e-05,3.288999977257845e-06,0.0,5.1629000012098913e-05,0.0,96,False
851,2.1915000019134823e-05,5.224800000291907e-05,3.1579999983932794e-06,0.0,5.224800000291907e-05,0.0,96,False
852,2.1696999993991994e-05,5.182399999625886e-05,3.3160000043608306e-06,0.0,5.182399999625886e-05,0.0,96,False
853,2.2303000008605522e-05,5.159100001606021e-05,3.9620000222839735e-06,0.0,5.159100001606021e-05,0.0,96,False
854,2.205699999535682e-05,5.1547999987633375e-05,3.6469999997734703e-06,0.0,5.1547999987633375e-05,0.0,96,False
855,2.150699998537675e-05,5.077700001265839e-05,3.6160000149720872e-06,0.0,5.077700001265839e-05,0.0,96,False
856,2.1101999976735897e-05,5.001299999207731e-05,3.5600000103386265e-06,0.0,5.001299999207731e-05,0.0,96,False
857,2.101600000514736e-05,5.0259999994750615e-05,3.5860000195953035e-06,0.0,5.0259999994750615e-05,0.0,96,False
858,2.1191999991287958e-05,7.108099998731632e-05,4.248999999845182e-06,0.0,7.108099998731632e-05,0.0,96,False
859,2.442600001018036e-05,5.362699999977849e-05,3.626999983907808e-06,0.0,5.362699999977849e-05,0.0,96,False
860,2.1978999996008497e-05,5.221699998969598e-05,3.6750000163010554e-06,0.0,5.221699998969598e-05,0.0,96,False
861,2.157800000190946e-05,5.176199999823439e-05,3.822999985914066e-06,0.0,5.176199999823439e-05,0.0,96,False
862,2.1704000005229318e-05,5.132700002263846e-05,3.861999999799082e-06,0.0,5.132700002263846e-05,0.0,96,False
863,2.156600001512743e-05,5.10649999796442e-05,3.7189999773090676e-06,0.0,5.10649999796442e-05,0.0,96,False
864,2.160099998604892e-05,5.1193999979659566e-05,3.641999995807055e-06,0.0,5.1193999979659566e-05,0.0,96,False
865,2.1500000002561137e-05,5.0659000010000454e-05,3.605000017614657e-06,0.0,5.0659000010000454e-05,0.0,96,False
866,2.131400000848771e-05,5.043800001658383e-05,3.6590000149772095e-06,0.0,5.043800001658383e-05,0.0,96,False
867,2.1196999995254373e-05,4.9928000009913376e-05,3.6499999964689778e-06,0.0,4.9928000009913376e-05,0.0,96,False
868,2.086899999653724e-05,5.05360000033761e-05,3.732999999783715e-06,0.0,5.05360000033761e-05,0.0,96,False
869,2.074399998264198e-05,7.442499997978302e-05,4.052999997838924e-06,0.0,7.442499997978302e-05,0.0,96,False
870,2.4086999985684088e-05,5.303699998648881e-05,3.5079999918252724e-06,0.0,5.303699998648881e-05,0.0,96,False
871,2.1785000001273147e-05,5.163599999491453e-05,3.5319999938110413e-06,0.0,5.163599999491453e-05,0.0,96,False
872,2.1239999995259495e-05,5.1673000001528635e-05,3.393000014284553e-06,0.0,5.1673000001528635e-05,0.0,96,False
873,2.084800001966869e-05,5.126800002130949e-05,3.599999985226532e-06,0.0,5.126800002130949e-05,0.0,96,False
874,2.125599999658334e-05,5.065600001330495e-05,3.523000003724519e-06,0.0,5.065600001330495e-05,0.0,96,False
875,2.0965999993904916e-05,5.0773999987541174e-05,3.552999999101303e-06,0.0,5.0773999987541174e-05,0.0,96,False
876,2.0657000021628846e-05,5.047800001989344e-05,3.6250000050586095e-06,0.0,5.047800001989344e-05,0.0,96,False
877,2.0933999991257224e-05,4.969599999071761e-05,3.6250000050586095e-06,0.0,4.969599999071761e-05,0.0,96,False
878,2.0840000019006766e-05,4.982899997685308e-05,3.238000005012509e-06,0.0,4.982899997685308e-05,0.0,96,False
879,2.0747000007759198e-05,5.099699998822871e-05,3.7769999892134365e-06,0.0,5.099699998822871e-05,0.0,96,False
880,2.1083000007138253e-05,5.9481000022287844e-05,4.088000025603833e-06,0.0,5.9481000022287844e-05,0.0,96,False
881,2.3070999986885e-05,5.2299000003586116e-05,3.856999995832666e-06,0.0,5.2299000003586116e-05,0.0,96,False
882,2.1465999992642537e-05,5.0580999982230423e-05,3.6410000063824555e-06,0.0,5.0580999982230423e-05,0.0,96,False
883,2.133899999989808e-05,5.146600000216495e-05,3.5820000050534873e-06,0.0,5.146600000216495e-05,0.0,96,False
884,2.129300000319745e-05,5.047900000931804e-05,3.2590000103027705e-06,0.0,5.047900000931804e-05,0.0,96,False
885,2.116599998203128e-05,5.0464999986843395e-05,3.160999995088787e-06,0.0,5.0464999986843395e-05,0.0,96,False
886,2.0581000001129723e-05,5.0156000014567326e-05,3.53300001165735e-06,0.0,5.0156000014567326e-05,0.0,96,False
887,2.116499999260668e-05,5.056000000536187e-05,3.1760000069880334e-06,0.0,5.056000000536187e-05,0.0,96,False
888,2.1069000013085315e-05,5.0965999975005616e-05,3.1239999884746794e-06,0.0,5.0965999975005616e-05,0.0,96,False
889,2.081100001305458e-05,4.962799999930212e-05,3.149000008306757e-06,0.0,4.962799999930212e-05,0.0,96,False
890,2.2380000018529245e-05,4.9711000002616856e-05,3.106999997726234e-06,0.0,4.9711000002616856e-05,0.0,96,False
891,9.103100001084385e-05,6.275199999095094e-05,3.87500000442742e-06,0.0,6.275199999095094e-05,0.0,96,False
892,2.4399000011499083e-05,5.440099999987069e-05,3.1700000135970186e-06,0.0,5.440099999987069e-05,0.0,96,False
893,2.2299999983488306e-05,5.18720000002304e-05,3.203999995093909e-06,0.0,5.18720000002304e-05,0.0,96,False
894,2.146200000652243e-05,5.171199998699194e-05,3.2169999997222476e-06,0.0,5.171199998699194e-05,0.0,96,False
895,2.2618000002694316e-05,7.247899998219509e-05,3.6249999766369e-06,0.0,7.247899998219509e-05,0.0,96,False
896,2.3566000010077914e-05,5.1158999980316366e-05,3.7939999799618818e-06,0.0,5.1158999980316366e-05,0.0,96,False
897,2.1471000025030662e-05,5.019599998945523e-05,3.745000014987454e-06,0.0,5.019599998945523e-05,0.0,96,False
898,2.1023000016384685e-05,4.9359999991338555e-05,3.4210000023904286e-06,0.0,4.9359999991338555e-05,0.0,96,False
899,2.1012000019027255e-05,4.950199999598226e-05,3.4359999858679657e-06,0.0,4.950199999598226e-05,0.0,96,False
900,2.163499999596752e-05,6.434599998783597e-05,4.003999976021078e-06,0.0,6.434599998783597e-05,0.0,96,False
901,2.661599998532438e-05,5.322100000171304e-05,3.4310000103232596e-06,0.0,5.322100000171304e-05,0.0,96,False
902,2.136099999461294e-05,5.027899999276997e-05,3.1719999924462172e-06,0.0,5.027899999276997e-05,0.0,96,False
903,2.0684999981313013e-05,5.036800001789743e-05,3.195999994431986e-06,0.0,5.036800001789743e-05,0.0,96,False
904,2.0589999991216246e-05,4.950100000655766e-05,3.0939999930978956e-06,0.0,4.950100000655766e-05,0.0,96,False
905,2.0884999997861087e-05,4.987799999867093e-05,3.0200000082913903e-06,0.0,4.987799999867093e-05,0.0,96,False
906,2.0785999993222504e-05,5.0135000009277064e-05,3.1559999911223713e-06,0.0,5.0135000009277064e-05,0.0,96,False
907,2.0681000023614615e-05,5.044700000667035e-05,3.1099999944217416e-06,0.0,5.044700000667035e-05,0.0,96,False
908,2.036699999052871e-05,4.8833000022341366e-05,2.9900000129146065e-06,0.0,4.8833000022341366e-05,0.0,96,False
909,2.002700000502955e-05,4.941299999927651e-05,3.0040000069675443e-06,0.0,4.941299999927651e-05,0.0,96,False
910,2.0637000005763184e-05,4.9166999986027804e-05,3.0859999924359727e-06,0.0,4.9166999986027804e-05,0.0,96,False
911,2.0234999993817837e-05,4.97629999927085e-05,3.17999999310814e-06,0.0,4.97629999927085e-05,0.0,96,False
912,3.1704999997828054e-05,5.423100000712111e-05,3.2739999937803077e-06,0.0,5.423100000712111e-05,0.0,96,False
913,2.2001999980147957e-05,5.077800000208299e-05,2.469800000426403e-05,0.0,5.077800000208299e-05,0.0,96,False
914,2.4282999987690346e-05,0.00013716800000906915,7.3809999889817846e-06,0.0,0.00013716800000906915,0.0,96,False
915,3.983799999218718e-05,6.165700000337893e-05,4.363000016383012e-06,0.0,6.165700000337893e-05,0.0,96,False
916,2.39820000160762e-05,5.342500000438122e-05,3.687000003083085e-06,0.0,5.342500000438122e-05,0.0,96,False
917,2.228500000001077e-05,5.0613000013299825e-05,3.4839999898395035e-06,0.0,5.0613000013299825e-05,0.0,96,False
918,2.3030999983575384e-05,5.057399999941481e-05,3.2659999931183847e-06,0.0,5.057399999941481e-05,0.0,96,False
919,2.0998999985977207e-05,5.059899999082518e-05,3.183000018225357e-06,0.0,5.059899999082518e-05,0.0,96,False
920,2.149599998801932e-05,4.9794000005931593e-05,3.997000021627173e-06,0.0,4.9794000005931593e-05,0.0,96,False
921,2.1035999992591314e-05,5.026599998814163e-05,3.7560000123448845e-06,0.0,5.026599998814163e-05,0.0,96,False
922,2.125800000385425e-05,5.022199999871191e-05,3.824000003760375e-06,0.0,5.022199999871191e-05,0.0,96,False
923,2.1055999980035267e-05,4.93740000138132e-05,3.6499999964689778e-06,0.0,4.93740000138132e-05,0.0,96,False
924,2.108699999325836e-05,4.9551999978802996e-05,3.5660000037296413e-06,0.0,4.9551999978802996e-05,0.0,96,False
925,2.05720000110432e-05,4.8642999985304414e-05,3.6059999786175467e-06,0.0,4.8642999985304414e-05,0.0,96,False
926,2.033500001630273e-05,4.881500001374661e-05,3.5440000090147805e-06,0.0,4.881500001374661e-05,0.0,96,False
927,2.038099998458165e-05,4.868999999985135e-05,3.5660000037296413e-06,0.0,4.868999999985135e-05,0.0,96,False
928,2.0359000018288498e-05,4.8504999995202525e-05,3.391999996438244e-06,0.0,4.8504999995202525e-05,0.0,96,False
929,1.967299999705574e-05,4.853599998000391e-05,3.270000007660201e-06,0.0,4.853599998000391e-05,0.0,96,False
930,2.049299999384857e-05,4.845500001238179e-05,3.3199999904809374e-06,0.0,4.845500001238179e-05,0.0,96,False
931,2.0531000018308987e-05,4.908900001510119e-05,3.3439999924667063e-06,0.0,4.908900001510119e-05,0.0,96,False
932,3.888099999471706e-05,0.00019185099998253463,7.724999989022763e-06,0.0,0.00019185099998253463,0.0,96,False
933,4.2886000017006154e-05,7.07220000037978e-05,4.838999984713155e-06,0.0,7.07220000037978e-05,0.0,96,False
934,2.768400000263682e-05,5.3804999993189995e-05,3.4890000222276285e-06,0.0,5.3804999993189995e-05,0.0,96,False
935,2.2231000002648216e-05,4.998399998612513e-05,3.826000011031283e-06,0.0,4.998399998612513e-05,0.0,96,False
936,2.1866000025738686e-05,5.018199999540229e-05,3.668000005063732e-06,0.0,5.018199999540229e-05,0.0,96,False
937,2.3155999997470644e-05,5.345900001429982e-05,3.536999997777457e-06,0.0,5.345900001429982e-05,0.0,96,False
938,2.1761999988711977e-05,4.945599999928163e-05,3.6840000063875777e-06,0.0,4.945599999928163e-05,0.0,96,False
939,2.1339999989322678e-05,4.88839999945867e-05,3.0570000149054977e-06,0.0,4.88839999945867e-05,0.0,96,False
940,2.0739000007097275e-05,4.902500000980581e-05,3.1969999838565855e-06,0.0,4.902500000980581e-05,0.0,96,False
941,4.677999999103122e-05,0.00014525800000342315,6.8710000107330416e-06,0.0,0.00014525800000342315,0.0,96,False
942,3.4189999979616914e-05,6.598499999199703e-05,4.012999994529309e-06,0.0,6.598499999199703e-05,0.0,96,False
943,2.6611999999204272e-05,5.849600000829014e-05,3.792000001112683e-06,0.0,5.849600000829014e-05,0.0,96,False
944,2.4600000017471757e-05,6.778200000212564e-05,4.329000006464412e-06,0.0,6.778200000212564e-05,0.0,96,False
945,3.368200000863908e-05,5.4865999999265114e-05,3.2049999845185084e-06,0.0,5.4865999999265114e-05,0.0,96,False
946,2.1766000003253794e-05,5.18360000114626e-05,3.155000001697772e-06,0.0,5.18360000114626e-05,0.0,96,False
947,2.145099998074329e-05,5.058600001461855e-05,3.08899998913148e-06,0.0,5.058600001461855e-05,0.0,96,False
948,2.043700001763682e-05,4.982000001518827e-05,3.0530000003636815e-06,0.0,4.982000001518827e-05,0.0,96,False
949,2.090200001703124e-05,4.967500001384906e-05,3.0220000155622984e-06,0.0,4.967500001384906e-05,0.0,96,False
950,2.1500999991985736e-05,4.9131999986684605e-05,3.1380000109493267e-06,0.0,4.9131999986684605e-05,0.0,96,False
951,2.1000999993248115e-05,4.917900000123154e-05,3.1030000116061274e-06,0.0,4.917900000123154e-05,0.0,96,False
952,2.0451000011689757e-05,4.893000001970904e-05,3.0870000102822814e-06,0.0,4.893000001970904e-05,0.0,96,False
953,2.0758000005116628e-05,4.8857999985330025e-05,2.9809999944063748e-06,0.0,4.8857999985330025e-05,0.0,96,False
954,2.0498999987239586e-05,4.860999999323212e-05,3.1820000003790483e-06,0.0,4.860999999323212e-05,0.0,96,False
955,1.9858000001704568e-05,4.800099998192309e-05,3.1749999891417247e-06,0.0,4.800099998192309e-05,0.0,96,False
956,2.0849999998517887e-05,4.836400000840513e-05,2.987000016219099e-06,0.0,4.836400000840513e-05,0.0,96,False
957,1.996800000370058e-05,6.333100000688319e-05,6.969999986949915e-06,0.0,6.333100000688319e-05,0.0,96,False
958,8.08480000102918e-05,0.00012991799999895193,3.543000019590181e-06,0.0,0.00012991799999895193,0.0,96,False
959,2.2905000008677234e-05,8.538000000157808e-05,5.651000009265772e-06,0.0,8.538000000157808e-05,0.0,96,False
960,2.7985999992097277e-05,5.684100000280523e-05,4.286999995883889e-06,0.0,5.684100000280523e-05,0.0,96,False
961,2.3083999991513338e-05,5.394900000510461e-05,4.2599999972026126e-06,0.0,5.394900000510461e-05,0.0,96,False
962,2.2114999978839478e-05,5.1557999995566206e-05,3.7730000030933297e-06,0.0,5.1557999995566206e-05,0.0,96,False
963,2.2070999989409756e-05,5.226299998639661e-05,3.8730000255782215e-06,0.0,5.226299998639661e-05,0.0,96,False
964,2.195199999732722e-05,5.065099998091682e-05,4.020000005766633e-06,0.0,5.065099998091682e-05,0.0,96,False
965,2.1186999987321542e-05,5.035799998154289e-05,3.827999989880482e-06,0.0,5.035799998154289e-05,0.0,96,False
966,2.0906999992575948e-05,4.9828000015850193e-05,3.480999993143996e-06,0.0,4.9828000015850193e-05,0.0,96,False
967,2.215899999669091e-05,5.084399998622757e-05,3.615999986550378e-06,0.0,5.084399998622757e-05,0.0,96,False
968,2.4682999992364785e-05,5.217199998241995e-05,1.4047999997046645e-05,0.0,5.217199998241995e-05,0.0,96,False
969,4.406200000062199e-05,7.194599999138518e-05,4.367000002503119e-06,0.0,7.194599999138518e-05,0.0,96,False
970,2.5198999992426252e-05,5.3449999995791586e-05,3.589000016290811e-06,0.0,5.3449999995791586e-05,0.0,96,False
971,2.2336000000677814e-05,5.260399998974208e-05,3.924999987248157e-06,0.0,5.260399998974208e-05,0.0,96,False
972,2.1847999988722222e-05,5.121299997767892e-05,3.7259999885463913e-06,0.0,5.121299997767892e-05,0.0,96,False
973,5.825499999900785e-05,6.293399999890426e-05,5.514000008588482e-06,0.0,6.293399999890426e-05,0.0,96,False
974,2.4424000002909452e-05,5.379600000310347e-05,3.945000003113819e-06,0.0,5.379600000310347e-05,0.0,96,False
975,2.2873999995454142e-05,5.223499999829073e-05,3.654000011010794e-06,0.0,5.223499999829073e-05,0.0,96,False
976,2.214600002048428e-05,6.766999999285872e-05,4.256000011082506e-06,0.0,6.766999999285872e-05,0.0,96,False
977,2.8657999990855387e-05,5.584999999541651e-05,3.6899999997785926e-06,0.0,5.584999999541651e-05,0.0,96,False
978,2.2724000018570223e-05,5.179200002203288e-05,3.7429999792948365e-06,0.0,5.179200002203288e-05,0.0,96,False
979,2.126900000121168e-05,5.067899999744441e-05,3.4610000057000434e-06,0.0,5.067899999744441e-05,0.0,96,False
980,3.9148000013256024e-05,6.317499997976483e-05,4.964999988033014e-06,0.0,6.317499997976483e-05,0.0,96,False
981,2.484899999899426e-05,5.44380000064848e-05,3.821999996489467e-06,0.0,5.44380000064848e-05,0.0,96,False
982,2.2354999998697167e-05,5.168199999161516e-05,3.8109999991320365e-06,0.0,5.168199999161516e-05,0.0,96,False
983,2.1363999991308447e-05,5.033200000070792e-05,3.5969999885310244e-06,0.0,5.033200000070792e-05,0.0,96,False
984,2.133700002104888e-05,5.079300001398224e-05,3.230000004350586e-06,0.0,5.079300001398224e-05,0.0,96,False
985,2.2290000003977184e-05,5.042499998353378e-05,3.1769999964126328e-06,0.0,5.042499998353378e-05,0.0,96,False
986,2.416399999560781e-05,5.0075999979526387e-05,3.664999979946515e-06,0.0,5.0075999979526387e-05,0.0,96,False
987,2.1091999997224775e-05,5.0762000000759144e-05,3.3180000116317387e-06,0.0,5.0762000000759144e-05,0.0,96,False
988,2.075700001569203e-05,5.025699999805511e-05,3.2500000202162482e-06,0.0,5.025699999805511e-05,0.0,96,False
989,2.072200001634883e-05,5.058500002519395e-05,3.1460000116112496e-06,0.0,5.058500002519395e-05,0.0,96,False
990,2.1059000005152484e-05,5.0807999997459774e-05,2.6493999996546336e-05,0.0,5.0807999997459774e-05,0.0,96,False
991,4.373499999132946e-05,6.443300000569252e-05,5.332000000635162e-06,0.0,6.443300000569252e-05,0.0,96,False
992,2.46879999963312e-05,5.511300000193842e-05,4.195999991907229e-06,0.0,5.511300000193842e-05,0.0,96,False
993,2.2357999995392674e-05,5.239600000095379e-05,3.9909999998144485e-06,0.0,5.239600000095379e-05,0.0,96,False
994,2.2050000012541204e-05,5.048400001328446e-05,3.794000008383591e-06,0.0,5.048400001328446e-05,0.0,96,False
995,2.12789999807228e-05,7.136499999660373e-05,5.0760000078753365e-06,0.0,7.136499999660373e-05,0.0,96,False
996,2.6758999979392684e-05,8.03949999976794e-05,5.57399999934205e-06,0.0,8.03949999976794e-05,0.0,96,False
997,3.350199997953496e-05,6.069400001251779e-05,3.999999989900971e-06,0.0,6.069400001251779e-05,0.0,96,False
998,2.3972999997567968e-05,5.379500001367887e-05,3.5200000070290116e-06,0.0,5.379500001367887e-05,0.0,96,False
999,2.2711000013941884e-05,5.299099998978818e-05,3.4050000010665826e-06,0.0,5.299099998978818e-05,0.0,96,False
1000,2.2526000009293057e-05,5.186300001014388e-05,3.440000000409782e-06,0.0,5.186300001014388e-05,0.0,96,False
