step,select_seconds,update_seconds,logging_seconds,update_linear_solve_seconds,update_other_seconds,projection_inclusive_seconds,array_payload_bytes,projection_active
1,5.8079999973870144e-06,2.7100000465907215e-07,2.964999993082529e-06,0.0,2.7100000465907215e-07,0.0,0,False
2,2.4100000075577555e-06,1.43999983492904e-07,3.5120000063670886e-06,0.0,1.43999983492904e-07,0.0,0,False
3,1.669999988962445e-06,9.300001124756818e-08,2.937000004976653e-06,0.0,9.300001124756818e-08,0.0,0,False
4,1.5090000147210958e-06,8.700001785655331e-08,2.637999983789996e-06,0.0,8.700001785655331e-08,0.0,0,False
5,1.370000006772898e-06,5.499998678715201e-08,2.0280000114780705e-06,0.0,5.499998678715201e-08,0.0,0,False
6,1.058999998804211e-06,5.999999075356754e-08,2.3880000128428946e-06,0.0,5.999999075356754e-08,0.0,0,False
7,9.879999822715035e-07,7.400001322821481e-08,2.589000018815568e-06,0.0,7.400001322821481e-08,0.0,0,False
8,1.0410000186311663e-06,5.900000132896821e-08,2.4269999983062007e-06,0.0,5.900000132896821e-08,0.0,0,False
9,1.0359999862430413e-06,7.799999934832158e-08,2.472000005582231e-06,0.0,7.799999934832158e-08,0.0,0,False
10,8.920000027501374e-07,6.999999868639861e-08,2.577000003611829e-06,0.0,6.999999868639861e-08,0.0,0,False
11,9.78000002760382e-07,6.300001587078441e-08,2.5260000029447838e-06,0.0,6.300001587078441e-08,0.0,0,False
12,9.649999981320434e-07,8.600000001024455e-08,2.2440000009282812e-06,0.0,8.600000001024455e-08,0.0,0,False
13,9.690000126738596e-07,5.200001851335401e-08,2.241000004232774e-06,0.0,5.200001851335401e-08,0.0,0,False
14,9.229999875515205e-07,5.900000132896821e-08,1.9039999870074098e-06,0.0,5.900000132896821e-08,0.0,0,False
15,8.989999855657516e-07,6.199999802447564e-08,2.378999994334663e-06,0.0,6.199999802447564e-08,0.0,0,False
16,9.579999868947198e-07,5.499998678715201e-08,2.2220000062134204e-06,0.0,5.499998678715201e-08,0.0,0,False
17,1.0109999948326731e-06,6.600001256629184e-08,2.356999999619802e-06,0.0,6.600001256629184e-08,0.0,0,False
18,9.290000093642448e-07,5.3999997362552676e-08,2.2529999910148035e-06,0.0,5.3999997362552676e-08,0.0,0,False
19,9.600000225873373e-07,5.000001124244591e-08,2.1239999909994367e-06,0.0,5.000001124244591e-08,0.0,0,False
20,9.719999809476576e-07,5.199999009164458e-08,2.249999994319296e-06,0.0,5.199999009164458e-08,0.0,0,False
21,1.0119999842572724e-06,7.299999538190605e-08,1.9350000002305023e-06,0.0,7.299999538190605e-08,0.0,0,False
22,9.470000179589988e-07,6.199999802447564e-08,2.12000000487933e-06,0.0,6.199999802447564e-08,0.0,0,False
23,1.0200000133409048e-06,4.999998282073648e-08,2.2380000075372664e-06,0.0,4.999998282073648e-08,0.0,0,False
24,8.970000067165529e-07,5.6000004633460776e-08,2.3430000055668643e-06,0.0,5.6000004633460776e-08,0.0,0,False
25,8.850000199345232e-07,5.200001851335401e-08,2.1500000002561137e-06,0.0,5.200001851335401e-08,0.0,0,False
26,9.78000002760382e-07,7.200000595730671e-08,2.2039999976186664e-06,0.0,7.200000595730671e-08,0.0,0,False
27,9.350000027552596e-07,5.100000066704524e-08,2.251000012165605e-06,0.0,5.100000066704524e-08,0.0,0,False
28,9.180000120068144e-07,7.899998877292091e-08,2.1740000022418826e-06,0.0,7.899998877292091e-08,0.0,0,False
29,8.859999809374131e-07,8.799997885944322e-08,2.201000000923159e-06,0.0,8.799997885944322e-08,0.0,0,False
30,9.519999935037049e-07,5.000001124244591e-08,2.1779999883619894e-06,0.0,5.000001124244591e-08,0.0,0,False
31,8.880000166300306e-07,4.800000397153781e-08,2.116999979762113e-06,0.0,4.800000397153781e-08,0.0,0,False
32,8.659999934934604e-07,1.9000000861524313e-07,3.7099999872225453e-06,0.0,1.9000000861524313e-07,0.0,0,False
33,2.5699999923745054e-06,1.3599998283098103e-07,2.8449999831536843e-06,0.0,1.3599998283098103e-07,0.0,0,False
34,1.416999992898127e-06,1.1200000926692155e-07,2.6380000122117053e-06,0.0,1.1200000926692155e-07,0.0,0,False
35,1.2210000193135784e-06,6.999999868639861e-08,2.1450000247114076e-06,0.0,6.999999868639861e-08,0.0,0,False
36,1.2189999836209608e-06,6.199999802447564e-08,2.4760000201240473e-06,0.0,6.199999802447564e-08,0.0,0,False
37,1.2309999988247e-06,1.1399998811612022e-07,2.3030000022572494e-06,0.0,1.1399998811612022e-07,0.0,0,False
38,1.0619999954997184e-06,8.699998943484388e-08,2.3380000016004487e-06,0.0,8.699998943484388e-08,0.0,0,False
39,1.0489999908713799e-06,5.199999009164458e-08,2.354999992348894e-06,0.0,5.199999009164458e-08,0.0,0,False
40,9.35999992179859e-07,5.100000066704524e-08,2.399000010200325e-06,0.0,5.100000066704524e-08,0.0,0,False
41,9.510000040791056e-07,9.600000794307562e-08,2.3099999850728636e-06,0.0,9.600000794307562e-08,0.0,0,False
42,9.550000186209218e-07,5.6000004633460776e-08,2.206999994314174e-06,0.0,5.6000004633460776e-08,0.0,0,False
43,9.260000126687373e-07,5.100000066704524e-08,2.340000008871357e-06,0.0,5.100000066704524e-08,0.0,0,False
44,9.869999928469042e-07,5.100000066704524e-08,2.1070000002509914e-06,0.0,5.100000066704524e-08,0.0,0,False
45,8.909999849038286e-07,5.199999009164458e-08,2.205000015464975e-06,0.0,5.199999009164458e-08,0.0,0,False
46,8.799999875463982e-07,5.199999009164458e-08,2.2589999844058184e-06,0.0,5.199999009164458e-08,0.0,0,False
47,8.590000106778461e-07,6.099998017816688e-08,2.193000000261236e-06,0.0,6.099998017816688e-08,0.0,0,False
48,9.299999987888441e-07,5.299997951624391e-08,2.265999995643142e-06,0.0,5.299997951624391e-08,0.0,0,False
49,9.239999769761198e-07,6.499999471998308e-08,3.767000009702315e-06,0.0,6.499999471998308e-08,0.0,0,False
50,1.0229999816147028e-06,6.199999802447564e-08,2.3560000101952028e-06,0.0,6.199999802447564e-08,0.0,0,False
51,9.409999961462745e-07,7.799999934832158e-08,2.2120000267022988e-06,0.0,7.799999934832158e-08,0.0,0,False
52,9.270000020933367e-07,5.199999009164458e-08,2.2689999923386495e-06,0.0,5.199999009164458e-08,0.0,0,False
53,9.320000060597522e-07,5.300000793795334e-08,2.7170000009846262e-06,0.0,5.300000793795334e-08,0.0,0,False
54,2.3249999969721102e-06,7.499997423110472e-08,2.516000023433662e-06,0.0,7.499997423110472e-08,0.0,0,False
55,1.1379999875771318e-06,5.199999009164458e-08,2.2720000174558663e-06,0.0,5.199999009164458e-08,0.0,0,False
56,1.0280000140028278e-06,4.800000397153781e-08,2.221000016788821e-06,0.0,4.800000397153781e-08,0.0,0,False
57,1.0340000073938427e-06,4.899999339613714e-08,2.1980000042276515e-06,0.0,4.899999339613714e-08,0.0,0,False
58,9.519999935037049e-07,4.899999339613714e-08,2.1070000002509914e-06,0.0,4.899999339613714e-08,0.0,0,False
59,8.850000199345232e-07,5.300000793795334e-08,2.19999998307685e-06,0.0,5.300000793795334e-08,0.0,0,False
60,9.78000002760382e-07,5.299997951624391e-08,2.1680000088508677e-06,0.0,5.299997951624391e-08,0.0,0,False
61,9.64000008707444e-07,5.199999009164458e-08,2.231999985724542e-06,0.0,5.199999009164458e-08,0.0,0,False
62,9.420000139925833e-07,5.3999997362552676e-08,2.2620000095230353e-06,0.0,5.3999997362552676e-08,0.0,0,False
63,1.0409999902094569e-06,5.199999009164458e-08,2.150999989680713e-06,0.0,5.199999009164458e-08,0.0,0,False
64,9.549999901992123e-07,5.100000066704524e-08,2.40500000359134e-06,0.0,5.100000066704524e-08,0.0,0,False
65,9.220000265486306e-07,5.100000066704524e-08,2.1779999883619894e-06,0.0,5.100000066704524e-08,0.0,0,False
66,9.750000060648745e-07,5.199999009164458e-08,2.196000025378453e-06,0.0,5.199999009164458e-08,0.0,0,False
67,9.679999948275508e-07,6.400000529538374e-08,2.106000010826392e-06,0.0,6.400000529538374e-08,0.0,0,False
68,8.909999849038286e-07,5.000001124244591e-08,2.0740000081787002e-06,0.0,5.000001124244591e-08,0.0,0,False
69,8.879999882083212e-07,5.3999997362552676e-08,2.1399999923232826e-06,0.0,5.3999997362552676e-08,0.0,0,False
70,9.249999948224286e-07,4.999998282073648e-08,2.109999996946499e-06,0.0,4.999998282073648e-08,0.0,0,False
71,9.149999868895975e-07,4.900002181784657e-08,2.1470000035606063e-06,0.0,4.900002181784657e-08,0.0,0,False
72,9.340000133306603e-07,5.199999009164458e-08,2.1390000028986833e-06,0.0,5.199999009164458e-08,0.0,0,False
73,9.270000020933367e-07,4.999998282073648e-08,2.1510000181024225e-06,0.0,4.999998282073648e-08,0.0,0,False
74,8.739999941553833e-07,5.999999075356754e-08,2.071000011483193e-06,0.0,5.999999075356754e-08,0.0,0,False
75,2.271999989034157e-06,5.199999009164458e-08,2.012999999578824e-06,0.0,5.199999009164458e-08,0.0,0,False
76,9.569999974701204e-07,7.299999538190605e-08,2.5849999758520426e-06,0.0,7.299999538190605e-08,0.0,0,False
77,9.469999895372894e-07,4.999998282073648e-08,2.138000013474084e-06,0.0,4.999998282073648e-08,0.0,0,False
78,9.680000232492603e-07,5.100000066704524e-08,2.2220000062134204e-06,0.0,5.100000066704524e-08,0.0,0,False
79,9.139999974649982e-07,5.100000066704524e-08,2.1299999843904516e-06,0.0,5.100000066704524e-08,0.0,0,False
80,9.519999935037049e-07,5.000001124244591e-08,2.049999977771222e-06,0.0,5.000001124244591e-08,0.0,0,False
81,9.440000212634914e-07,4.899999339613714e-08,2.148999982409805e-06,0.0,4.899999339613714e-08,0.0,0,False
82,8.73000004730784e-07,5.999999075356754e-08,2.2039999976186664e-06,0.0,5.999999075356754e-08,0.0,0,False
83,8.559999855606293e-07,5.100000066704524e-08,3.2240000109595712e-06,0.0,5.100000066704524e-08,0.0,0,False
84,8.929999921747367e-07,5.100000066704524e-08,2.2289999890290346e-06,0.0,5.100000066704524e-08,0.0,0,False
85,9.890000001178123e-07,7.899998877292091e-08,2.308000006223665e-06,0.0,7.899998877292091e-08,0.0,0,False
86,9.679999948275508e-07,6.099998017816688e-08,2.0580000068548543e-06,0.0,6.099998017816688e-08,0.0,0,False
87,9.420000139925833e-07,5.8000011904368876e-08,1.8199999942680734e-06,0.0,5.8000011904368876e-08,0.0,0,False
88,8.670000113397691e-07,7.500000265281415e-08,2.125999998270345e-06,0.0,7.500000265281415e-08,0.0,0,False
89,9.719999809476576e-07,6.799999141549051e-08,2.15400001479793e-06,0.0,6.799999141549051e-08,0.0,0,False
90,9.139999974649982e-07,5.000001124244591e-08,2.101999996284576e-06,0.0,5.000001124244591e-08,0.0,0,False
91,8.920000027501374e-07,6.399997687367431e-08,2.0649999896704685e-06,0.0,6.399997687367431e-08,0.0,0,False
92,9.039999895321671e-07,5.5999976211751346e-08,2.330999990363125e-06,0.0,5.5999976211751346e-08,0.0,0,False
93,9.169999941605056e-07,6.199999802447564e-08,2.025000014782563e-06,0.0,6.199999802447564e-08,0.0,0,False
94,9.679999948275508e-07,6.000001917527698e-08,2.1190000154547306e-06,0.0,6.000001917527698e-08,0.0,0,False
95,8.680000007643685e-07,6.299998744907498e-08,2.089000020077947e-06,0.0,6.299998744907498e-08,0.0,0,False
96,8.359999981166766e-07,5.200001851335401e-08,1.894400000423957e-05,0.0,5.200001851335401e-08,0.0,0,False
97,1.5299999915896478e-06,1.4700000861012086e-07,2.308000006223665e-06,0.0,1.4700000861012086e-07,0.0,0,False
98,1.0139999915281805e-06,5.999999075356754e-08,2.437999995663631e-06,0.0,5.999999075356754e-08,0.0,0,False
99,9.599999941656279e-07,4.899999339613714e-08,2.2669999850677414e-06,0.0,4.899999339613714e-08,0.0,0,False
100,9.750000060648745e-07,4.899999339613714e-08,1.865999990968703e-06,0.0,4.899999339613714e-08,0.0,0,False
101,9.210000087023218e-07,5.299997951624391e-08,2.2149999949760968e-06,0.0,5.299997951624391e-08,0.0,0,False
102,9.339999849089509e-07,5.100000066704524e-08,2.158999990342636e-06,0.0,5.100000066704524e-08,0.0,0,False
103,9.350000027552596e-07,4.899999339613714e-08,2.114000011488315e-06,0.0,4.899999339613714e-08,0.0,0,False
104,8.519999994405225e-07,4.999998282073648e-08,2.1600000081889448e-06,0.0,4.999998282073648e-08,0.0,0,False
105,8.91000013325538e-07,4.999998282073648e-08,2.233000003570851e-06,0.0,4.999998282073648e-08,0.0,0,False
106,8.439999987785995e-07,5.100000066704524e-08,2.1920000108366366e-06,0.0,5.100000066704524e-08,0.0,0,False
107,8.879999882083212e-07,4.800000397153781e-08,2.104000003555484e-06,0.0,4.800000397153781e-08,0.0,0,False
108,8.5499999613603e-07,4.800000397153781e-08,2.0429999949556077e-06,0.0,4.800000397153781e-08,0.0,0,False
109,8.700000080352766e-07,1.8000000068241206e-07,3.5600000103386265e-06,0.0,1.8000000068241206e-07,0.0,0,False
110,2.7279999983420566e-06,1.2099999935344385e-07,2.5539999910506594e-06,0.0,1.2099999935344385e-07,0.0,0,False
111,1.667999981691537e-06,1.0200000133409048e-07,2.6649999824712722e-06,0.0,1.0200000133409048e-07,0.0,0,False
112,1.2979999723938818e-06,6.999999868639861e-08,2.3940000062339095e-06,0.0,6.999999868639861e-08,0.0,0,False
113,1.1629999789875e-06,1.0300001918039925e-07,2.3430000055668643e-06,0.0,1.0300001918039925e-07,0.0,0,False
114,1.0960000054183183e-06,7.799999934832158e-08,2.0829999982652225e-06,0.0,7.799999934832158e-08,0.0,0,False
115,9.789999921849812e-07,5.499998678715201e-08,2.1209999943039293e-06,0.0,5.499998678715201e-08,0.0,0,False
116,9.659999875566427e-07,4.7000014546938473e-08,2.206999994314174e-06,0.0,4.7000014546938473e-08,0.0,0,False
117,9.270000020933367e-07,5.000001124244591e-08,2.1980000042276515e-06,0.0,5.000001124244591e-08,0.0,0,False
118,9.709999915230583e-07,9.300001124756818e-08,1.8670000088150118e-06,0.0,9.300001124756818e-08,0.0,0,False
119,8.920000027501374e-07,4.999998282073648e-08,2.0420000055310084e-06,0.0,4.999998282073648e-08,0.0,0,False
120,8.559999855606293e-07,5.100000066704524e-08,2.05100002403924e-06,0.0,5.100000066704524e-08,0.0,0,False
121,9.259999842470279e-07,5.499998678715201e-08,2.104000003555484e-06,0.0,5.499998678715201e-08,0.0,0,False
122,8.600000001024455e-07,6.099998017816688e-08,1.988999997593055e-06,0.0,6.099998017816688e-08,0.0,0,False
123,8.2099998621743e-07,5.000001124244591e-08,2.1619999870381434e-06,0.0,5.000001124244591e-08,0.0,0,False
124,8.270000080301543e-07,4.800000397153781e-08,2.1129999936420063e-06,0.0,4.800000397153781e-08,0.0,0,False
125,8.460000060495076e-07,4.899999339613714e-08,2.0260000042071624e-06,0.0,4.899999339613714e-08,0.0,0,False
126,8.149999928264151e-07,5.200001851335401e-08,2.118999987033021e-06,0.0,5.200001851335401e-08,0.0,0,False
127,8.400000126584928e-07,5.100000066704524e-08,2.1580000009180367e-06,0.0,5.100000066704524e-08,0.0,0,False
128,8.669999829180597e-07,4.800000397153781e-08,2.0920000167734543e-06,0.0,4.800000397153781e-08,0.0,0,False
129,8.640000146442617e-07,5.100000066704524e-08,2.1570000114934373e-06,0.0,5.100000066704524e-08,0.0,0,False
130,9.690000126738596e-07,5.699999405806011e-08,2.0770000048742077e-06,0.0,5.699999405806011e-08,0.0,0,False
131,9.919999968133197e-07,5.000001124244591e-08,2.1820000029038056e-06,0.0,5.000001124244591e-08,0.0,0,False
132,8.390000232338934e-07,4.800000397153781e-08,2.0239999969362543e-06,0.0,4.800000397153781e-08,0.0,0,False
133,8.080000100108009e-07,7.700000992372225e-08,2.033000015444486e-06,0.0,7.700000992372225e-08,0.0,0,False
134,8.590000106778461e-07,1.4400001191461342e-07,3.456000001733628e-06,0.0,1.4400001191461342e-07,0.0,0,False
135,3.306999985852599e-06,1.3800001852359856e-07,2.9629999858116207e-06,0.0,1.3800001852359856e-07,0.0,0,False
136,5.468999998470281e-05,1.8699998349802627e-07,3.88699999120945e-06,0.0,1.8699998349802627e-07,0.0,0,False
137,2.569000002949906e-06,1.1700001323333709e-07,2.6939999884234567e-06,0.0,1.1700001323333709e-07,0.0,0,False
138,1.6300000140745396e-06,2.900000026784255e-07,7.3500000041804014e-06,0.0,2.900000026784255e-07,0.0,0,False
139,2.850799998554976e-05,2.0799998878828774e-07,4.499999988638592e-06,0.0,2.0799998878828774e-07,0.0,0,False
140,2.8240000062851323e-06,1.1599999538702832e-07,3.046999978550957e-06,0.0,1.1599999538702832e-07,0.0,0,False
141,1.64100001143197e-06,1.0299999075868982e-07,2.4209999764934764e-06,0.0,1.0299999075868982e-07,0.0,0,False
142,1.2819999994917453e-06,1.0499999802959792e-07,2.1190000154547306e-06,0.0,1.0499999802959792e-07,0.0,0,False
143,1.1719999974957318e-06,1.610000026630587e-07,3.173000010292526e-06,0.0,1.610000026630587e-07,0.0,0,False
144,2.7749999844672857e-06,2.5399998548891745e-07,7.108999994898113e-06,0.0,2.5399998548891745e-07,0.0,0,False
145,5.709000021170141e-06,1.569999881212425e-07,3.240000012283417e-06,0.0,1.569999881212425e-07,0.0,0,False
146,1.9109999982447334e-06,1.0000002248489182e-07,2.7359999990039796e-06,0.0,1.0000002248489182e-07,0.0,0,False
147,1.3899999942168506e-06,4.899999339613714e-08,2.613999981804227e-06,0.0,4.899999339613714e-08,0.0,0,False
148,1.2350000133665162e-06,5.900000132896821e-08,2.257999994981219e-06,0.0,5.900000132896821e-08,0.0,0,False
149,1.2479999895731453e-06,6.300001587078441e-08,2.338999991025048e-06,0.0,6.300001587078441e-08,0.0,0,False
150,1.0569999915333028e-06,6.700000199089118e-08,6.295999980920897e-06,0.0,6.700000199089118e-08,0.0,0,False
151,6.326999994143989e-06,2.0600000993908907e-07,2.926999997043822e-06,0.0,2.0600000993908907e-07,0.0,0,False
152,1.9150000127865496e-06,1.0899998414970469e-07,2.6209999930415506e-06,0.0,1.0899998414970469e-07,0.0,0,False
153,1.2790000027962378e-06,9.500001851847628e-08,2.358000017466111e-06,0.0,9.500001851847628e-08,0.0,0,False
154,1.0600000166505197e-06,4.4500001195046934e-07,8.567000008952164e-06,0.0,4.4500001195046934e-07,0.0,0,False
155,7.4519999770927825e-06,1.7499999671599653e-07,9.54099999717073e-06,0.0,1.7499999671599653e-07,0.0,0,False
156,2.512000008891846e-06,8.890000060546299e-07,5.843999986154813e-06,0.0,8.890000060546299e-07,0.0,0,False
157,5.424999983461021e-06,2.1200000333010394e-07,4.4811000009303825e-05,0.0,2.1200000333010394e-07,0.0,0,False
158,7.492999998248706e-06,3.6899999145134643e-07,6.5339999935076776e-06,0.0,3.6899999145134643e-07,0.0,0,False
159,5.372000003944777e-06,1.239999960489513e-07,2.833999985796254e-06,0.0,1.239999960489513e-07,0.0,0,False
160,3.834000011693206e-06,2.749999907791789e-07,6.961999986287992e-06,0.0,2.749999907791789e-07,0.0,0,False
161,1.9075000011525844e-05,1.829999973779195e-07,4.3180000091069815e-06,0.0,1.829999973779195e-07,0.0,0,False
162,2.1910000214120373e-06,1.4000002579450666e-07,3.1579999983932794e-06,0.0,1.4000002579450666e-07,0.0,0,False
163,1.6349999896192458e-06,9.999999406318238e-08,2.733000002308472e-06,0.0,9.999999406318238e-08,0.0,0,False
164,1.3449999869408202e-06,1.1000000199601345e-07,2.5570000161678763e-06,0.0,1.1000000199601345e-07,0.0,0,False
165,1.1719999974957318e-06,7.400001322821481e-08,2.4500000108673703e-06,0.0,7.400001322821481e-08,0.0,0,False
166,1.1539999889009778e-06,4.800000397153781e-08,2.4320000022726163e-06,0.0,4.800000397153781e-08,0.0,0,False
167,9.529999829283042e-07,4.899999339613714e-08,2.429999995001708e-06,0.0,4.899999339613714e-08,0.0,0,False
168,9.860000034223049e-07,6.199999802447564e-08,2.3070000167990656e-06,0.0,6.199999802447564e-08,0.0,0,False
169,1.0480000014467805e-06,5.199999009164458e-08,2.197000014803052e-06,0.0,5.199999009164458e-08,0.0,0,False
170,1.0859999974854873e-06,8.500001058564521e-08,2.308000006223665e-06,0.0,8.500001058564521e-08,0.0,0,False
171,1.026999996156519e-06,5.3999997362552676e-08,2.4109999969823548e-06,0.0,5.3999997362552676e-08,0.0,0,False
172,1.0810000219407812e-06,4.800000397153781e-08,2.421000004915186e-06,0.0,4.800000397153781e-08,0.0,0,False
173,8.819999948173063e-07,5.300000793795334e-08,2.625999997007966e-06,0.0,5.300000793795334e-08,0.0,0,False
174,1.1799999981576548e-06,4.900002181784657e-08,2.239999986386465e-06,0.0,4.900002181784657e-08,0.0,0,False
175,1.0150000093744893e-06,9.200002182296885e-08,2.1770000273590995e-06,0.0,9.200002182296885e-08,0.0,0,False
176,9.129999796186894e-07,4.800000397153781e-08,1.8460000035247504e-06,0.0,4.800000397153781e-08,0.0,0,False
177,8.83000012663615e-07,5.100000066704524e-08,2.2730000068804657e-06,0.0,5.100000066704524e-08,0.0,0,False
178,8.529999888651218e-07,5.100000066704524e-08,2.2890000082043116e-06,0.0,5.100000066704524e-08,0.0,0,False
179,8.289999868793529e-07,6.700000199089118e-08,2.1879999962948204e-06,0.0,6.700000199089118e-08,0.0,0,False
180,9.430000034171826e-07,6.399997687367431e-08,2.257999994981219e-06,0.0,6.399997687367431e-08,0.0,0,False
181,9.389999888753664e-07,5.100000066704524e-08,2.125999998270345e-06,0.0,5.100000066704524e-08,0.0,0,False
182,1.0149999809527799e-06,6.300001587078441e-08,2.198999993652251e-06,0.0,6.300001587078441e-08,0.0,0,False
183,1.0750000001280569e-06,7.299999538190605e-08,2.201000000923159e-06,0.0,7.299999538190605e-08,0.0,0,False
184,9.840000245731062e-07,4.900002181784657e-08,2.0780000227205164e-06,0.0,4.900002181784657e-08,0.0,0,False
185,8.83000012663615e-07,5.3999997362552676e-08,2.106000010826392e-06,0.0,5.3999997362552676e-08,0.0,0,False
186,9.230000159732299e-07,4.999998282073648e-08,2.101999996284576e-06,0.0,4.999998282073648e-08,0.0,0,False
187,8.65000004068861e-07,5.300000793795334e-08,1.8329999988964119e-06,0.0,5.300000793795334e-08,0.0,0,False
188,9.130000080403988e-07,4.899999339613714e-08,2.3610000141616183e-06,0.0,4.899999339613714e-08,0.0,0,False
189,8.970000067165529e-07,7.799999934832158e-08,2.381000001605571e-06,0.0,7.799999934832158e-08,0.0,0,False
190,9.249999948224286e-07,5.6000004633460776e-08,2.089000020077947e-06,0.0,5.6000004633460776e-08,0.0,0,False
191,9.350000027552596e-07,4.800000397153781e-08,2.125999998270345e-06,0.0,4.800000397153781e-08,0.0,0,False
192,9.450000106880907e-07,4.900002181784657e-08,1.9140000233619503e-06,0.0,4.900002181784657e-08,0.0,0,False
193,9.469999895372894e-07,4.899999339613714e-08,2.4883999998337458e-05,0.0,4.899999339613714e-08,0.0,0,False
194,1.3049999836312054e-06,7.199997753559728e-08,2.0649999896704685e-06,0.0,7.199997753559728e-08,0.0,0,False
195,1.1879999988195777e-06,4.900002181784657e-08,2.280999979120679e-06,0.0,4.900002181784657e-08,0.0,0,False
196,1.0270000245782285e-06,4.699998612522904e-08,2.2049999870432657e-06,0.0,4.699998612522904e-08,0.0,0,False
197,8.749999835799827e-07,8.300000331473711e-08,2.2360000002663583e-06,0.0,8.300000331473711e-08,0.0,0,False
198,9.039999895321671e-07,4.899999339613714e-08,2.17699999893739e-06,0.0,4.899999339613714e-08,0.0,0,False
199,9.390000172970758e-07,4.899999339613714e-08,2.297999998290834e-06,0.0,4.899999339613714e-08,0.0,0,False
200,9.399999782999657e-07,5.400002578426211e-08,2.1670000194262684e-06,0.0,5.400002578426211e-08,0.0,0,False
201,1.050999998142288e-06,5.500001520886144e-08,2.170000016121776e-06,0.0,5.500001520886144e-08,0.0,0,False
202,9.899999895424116e-07,6.900000926179928e-08,2.3089999956482643e-06,0.0,6.900000926179928e-08,0.0,0,False
203,1.0469999836004718e-06,8.600000001024455e-08,2.1390000028986833e-06,0.0,8.600000001024455e-08,0.0,0,False
204,8.709999974598759e-07,4.999998282073648e-08,2.24599997977748e-06,0.0,4.999998282073648e-08,0.0,0,False
205,9.270000020933367e-07,9.600000794307562e-08,2.057999978433145e-06,0.0,9.600000794307562e-08,0.0,0,False
206,8.909999849038286e-07,7.299999538190605e-08,2.089000020077947e-06,0.0,7.299999538190605e-08,0.0,0,False
207,9.310000166351529e-07,3.6999998087594577e-07,8.520000022826935e-06,0.0,3.6999998087594577e-07,0.0,0,False
208,5.555999990747296e-06,1.280000105907675e-07,3.3789999918099056e-06,0.0,1.280000105907675e-07,0.0,0,False
209,2.0040000094923016e-06,1.9099999803984247e-07,3.2149999924513395e-06,0.0,1.9099999803984247e-07,0.0,0,False
210,1.5599999869664316e-06,9.999999406318238e-08,3.183000018225357e-06,0.0,9.999999406318238e-08,0.0,0,False
211,1.2790000027962378e-06,5.499998678715201e-08,2.5359999824559054e-06,0.0,5.499998678715201e-08,0.0,0,False
212,1.2109999829590379e-06,7.899998877292091e-08,2.848000008270901e-06,0.0,7.899998877292091e-08,0.0,0,False
213,1.0919999908765021e-06,6.300001587078441e-08,2.749000003632318e-06,0.0,6.300001587078441e-08,0.0,0,False
214,1.1939999922105926e-06,5.3999997362552676e-08,2.556999987746167e-06,0.0,5.3999997362552676e-08,0.0,0,False
215,1.1010000093847339e-06,5.900000132896821e-08,2.3640000108571257e-06,0.0,5.900000132896821e-08,0.0,0,False
216,1.1799999981576548e-06,5.499998678715201e-08,2.4530000075628777e-06,0.0,5.499998678715201e-08,0.0,0,False
217,1.1730000153420406e-06,5.300000793795334e-08,2.2039999976186664e-06,0.0,5.300000793795334e-08,0.0,0,False
218,9.480000073835981e-07,4.999998282073648e-08,2.19999998307685e-06,0.0,4.999998282073648e-08,0.0,0,False
219,9.54000000774613e-07,1.0599998745419725e-07,2.061999992974961e-06,0.0,1.0599998745419725e-07,0.0,0,False
220,9.270000020933367e-07,6.100000859987631e-08,2.0610000035503617e-06,0.0,6.100000859987631e-08,0.0,0,False
221,8.640000146442617e-07,5.000001124244591e-08,2.221999977791711e-06,0.0,5.000001124244591e-08,0.0,0,False
222,9.19999990856013e-07,6.700000199089118e-08,2.217000002247005e-06,0.0,6.700000199089118e-08,0.0,0,False
223,9.90999978967011e-07,6.900000926179928e-08,2.5809999897319358e-06,0.0,6.900000926179928e-08,0.0,0,False
224,1.3629999955355743e-06,6.999999868639861e-08,2.354999992348894e-06,0.0,6.999999868639861e-08,0.0,0,False
225,9.390000172970758e-07,5.000001124244591e-08,2.152999996951621e-06,0.0,5.000001124244591e-08,0.0,0,False
226,8.819999948173063e-07,4.7000014546938473e-08,2.3050000095281575e-06,0.0,4.7000014546938473e-08,0.0,0,False
227,9.290000093642448e-07,8.300000331473711e-08,2.21100000885599e-06,0.0,8.300000331473711e-08,0.0,0,False
228,9.409999961462745e-07,5.000001124244591e-08,2.205000015464975e-06,0.0,5.000001124244591e-08,0.0,0,False
229,9.500000146545062e-07,5.000001124244591e-08,2.206999994314174e-06,0.0,5.000001124244591e-08,0.0,0,False
230,8.769999908508908e-07,5.100000066704524e-08,2.2429999830819725e-06,0.0,5.100000066704524e-08,0.0,0,False
231,8.2099998621743e-07,5.199999009164458e-08,2.2509999837438954e-06,0.0,5.199999009164458e-08,0.0,0,False
232,8.73000004730784e-07,4.899999339613714e-08,2.1579999724963272e-06,0.0,4.899999339613714e-08,0.0,0,False
233,8.289999868793529e-07,5.700002247976954e-08,2.172000023392684e-06,0.0,5.700002247976954e-08,0.0,0,False
234,9.480000073835981e-07,4.999998282073648e-08,2.3610000141616183e-06,0.0,4.999998282073648e-08,0.0,0,False
235,8.899999954792293e-07,6.599998414458241e-08,2.118999987033021e-06,0.0,6.599998414458241e-08,0.0,0,False
236,9.190000014314137e-07,5.100000066704524e-08,2.015000006849732e-06,0.0,5.100000066704524e-08,0.0,0,False
237,8.940000100210455e-07,4.800000397153781e-08,1.9940000015594705e-06,0.0,4.800000397153781e-08,0.0,0,False
238,9.169999941605056e-07,1.0400000860499858e-07,2.12000000487933e-06,0.0,1.0400000860499858e-07,0.0,0,False
239,1.016999988223688e-06,4.999998282073648e-08,2.012999999578824e-06,0.0,4.999998282073648e-08,0.0,0,False
240,8.91000013325538e-07,5.000001124244591e-08,2.0519999992529847e-05,0.0,5.000001124244591e-08,0.0,0,False
241,3.3860000030472293e-06,1.659999782077648e-07,3.3609999832151516e-06,0.0,1.659999782077648e-07,0.0,0,False
242,1.5930000074604322e-06,6.499999471998308e-08,2.5090000121963385e-06,0.0,6.499999471998308e-08,0.0,0,False
243,1.1060000133511494e-06,5.5999976211751346e-08,2.3070000167990656e-06,0.0,5.5999976211751346e-08,0.0,0,False
244,1.147999995509963e-06,6.400000529538374e-08,1.974000014115518e-06,0.0,6.400000529538374e-08,0.0,0,False
245,2.558999995017075e-06,5.199999009164458e-08,2.3470000201086805e-06,0.0,5.199999009164458e-08,0.0,0,False
246,9.910000073887204e-07,4.999998282073648e-08,2.40500000359134e-06,0.0,4.999998282073648e-08,0.0,0,False
247,9.210000087023218e-07,4.699998612522904e-08,2.1129999936420063e-06,0.0,4.699998612522904e-08,0.0,0,False
248,8.83000012663615e-07,5.8000011904368876e-08,2.08599999496073e-06,0.0,5.8000011904368876e-08,0.0,0,False
249,9.110000007694907e-07,5.100000066704524e-08,3.306999985852599e-06,0.0,5.100000066704524e-08,0.0,0,False
250,8.270000080301543e-07,5.499998678715201e-08,2.037999990989192e-06,0.0,5.499998678715201e-08,0.0,0,False
251,8.83000012663615e-07,4.999998282073648e-08,2.0949999850472523e-06,0.0,4.999998282073648e-08,0.0,0,False
252,9.030000001075678e-07,4.900002181784657e-08,1.8409999995583348e-06,0.0,4.900002181784657e-08,0.0,0,False
253,9.379999994507671e-07,4.800000397153781e-08,1.982000014777441e-06,0.0,4.800000397153781e-08,0.0,0,False
254,8.340000192674779e-07,4.800000397153781e-08,1.7799999909584585e-06,0.0,4.800000397153781e-08,0.0,0,False
255,8.749999835799827e-07,5.000001124244591e-08,2.0729999903323915e-06,0.0,5.000001124244591e-08,0.0,0,False
256,8.73000004730784e-07,5.300000793795334e-08,1.9909999764422537e-06,0.0,5.300000793795334e-08,0.0,0,False
257,9.110000007694907e-07,6.100000859987631e-08,2.3089999956482643e-06,0.0,6.100000859987631e-08,0.0,0,False
258,9.860000034223049e-07,5.300000793795334e-08,2.1900000035657285e-06,0.0,5.300000793795334e-08,0.0,0,False
259,9.190000014314137e-07,5.999999075356754e-08,1.9780000002356246e-06,0.0,5.999999075356754e-08,0.0,0,False
260,8.530000172868313e-07,4.999998282073648e-08,2.0660000075167773e-06,0.0,4.999998282073648e-08,0.0,0,False
261,8.10000017281709e-07,4.900002181784657e-08,1.9780000002356246e-06,0.0,4.900002181784657e-08,0.0,0,False
262,8.279999974547536e-07,4.800000397153781e-08,1.9699999995737016e-06,0.0,4.800000397153781e-08,0.0,0,False
263,7.76000007363109e-07,4.7000014546938473e-08,1.8589999797313794e-06,0.0,4.7000014546938473e-08,0.0,0,False
264,8.600000001024455e-07,4.899999339613714e-08,2.01700001412064e-06,0.0,4.899999339613714e-08,0.0,0,False
265,8.380000053875847e-07,4.899999339613714e-08,2.1719999949709745e-06,0.0,4.899999339613714e-08,0.0,0,False
266,8.370000159629853e-07,5.200001851335401e-08,1.7879999916203815e-06,0.0,5.200001851335401e-08,0.0,0,False
267,8.459999776277982e-07,5.199999009164458e-08,2.1010000068599766e-06,0.0,5.199999009164458e-08,0.0,0,False
268,8.739999941553833e-07,6.299998744907498e-08,1.999000005525886e-06,0.0,6.299998744907498e-08,0.0,0,False
269,8.750000120016921e-07,5.7999983482659445e-08,1.9800000075065327e-06,0.0,5.7999983482659445e-08,0.0,0,False
270,8.73000004730784e-07,7.099998811099795e-08,2.649999998993735e-06,0.0,7.099998811099795e-08,0.0,0,False
271,8.579999928315374e-07,4.999998282073648e-08,2.0349999942936847e-06,0.0,4.999998282073648e-08,0.0,0,False
272,8.719999868844752e-07,5.100000066704524e-08,1.996999998254978e-06,0.0,5.100000066704524e-08,0.0,0,False
273,8.929999921747367e-07,4.800000397153781e-08,2.10899997910019e-06,0.0,4.800000397153781e-08,0.0,0,False
274,8.789999981217989e-07,5.100000066704524e-08,2.162000015459853e-06,0.0,5.100000066704524e-08,0.0,0,False
275,8.079999815890915e-07,5.100000066704524e-08,2.118999987033021e-06,0.0,5.100000066704524e-08,0.0,0,False
276,8.540000067114306e-07,6.999999868639861e-08,2.2070000227358832e-06,0.0,6.999999868639861e-08,0.0,0,False
277,8.659999934934604e-07,7.399998480650538e-08,2.053999992313038e-06,0.0,7.399998480650538e-08,0.0,0,False
278,8.340000192674779e-07,6.900000926179928e-08,2.049000016768332e-06,0.0,6.900000926179928e-08,0.0,0,False
279,8.680000007643685e-07,5.6000004633460776e-08,1.9979999876795773e-06,0.0,5.6000004633460776e-08,0.0,0,False
280,8.510000100159232e-07,5.100000066704524e-08,2.1519999791053124e-06,0.0,5.100000066704524e-08,0.0,0,False
281,8.439999987785995e-07,5.3999997362552676e-08,1.975000003540117e-06,0.0,5.3999997362552676e-08,0.0,0,False
282,8.470000238958164e-07,8.099999604382901e-08,1.9880000081684557e-06,0.0,8.099999604382901e-08,0.0,0,False
283,3.397999989829259e-06,5.000001124244591e-08,1.9899999870176543e-06,0.0,5.000001124244591e-08,0.0,0,False
284,8.459999776277982e-07,4.900002181784657e-08,2.043999984380207e-06,0.0,4.900002181784657e-08,0.0,0,False
285,8.220000040637387e-07,4.7000014546938473e-08,1.8490000002202578e-06,0.0,4.7000014546938473e-08,0.0,0,False
286,8.940000100210455e-07,4.899999339613714e-08,2.381000001605571e-06,0.0,4.899999339613714e-08,0.0,0,False
287,8.310000225719705e-07,7.799999934832158e-08,2.045999991651115e-06,0.0,7.799999934832158e-08,0.0,0,False
288,8.439999987785995e-07,4.800000397153781e-08,2.010999992307916e-06,0.0,4.800000397153781e-08,0.0,0,False
289,8.259999901838455e-07,5.299997951624391e-08,2.0869999843853293e-06,0.0,5.299997951624391e-08,0.0,0,False
290,8.149999928264151e-07,4.899999339613714e-08,3.491299997904207e-05,0.0,4.899999339613714e-08,0.0,0,False
291,1.3549999948736513e-06,8.800000728115265e-08,2.2389999969618657e-06,0.0,8.800000728115265e-08,0.0,0,False
292,1.0029999941707501e-06,9.199999340125942e-08,2.5379999897268135e-06,0.0,9.199999340125942e-08,0.0,0,False
293,1.0480000014467805e-06,5.200001851335401e-08,2.3089999956482643e-06,0.0,5.200001851335401e-08,0.0,0,False
294,9.25000023244138e-07,6.199999802447564e-08,2.072000000907792e-06,0.0,6.199999802447564e-08,0.0,0,False
295,9.350000027552596e-07,4.7000014546938473e-08,2.083999987689822e-06,0.0,4.7000014546938473e-08,0.0,0,False
296,8.949999994456448e-07,4.899999339613714e-08,2.171000005546375e-06,0.0,4.899999339613714e-08,0.0,0,False
297,8.509999815942138e-07,4.899999339613714e-08,2.0600000141257624e-06,0.0,4.899999339613714e-08,0.0,0,False
298,8.899999954792293e-07,4.899999339613714e-08,2.002999991645993e-06,0.0,4.899999339613714e-08,0.0,0,False
299,8.300000047256617e-07,5.999999075356754e-08,2.1959999969567434e-06,0.0,5.999999075356754e-08,0.0,0,False
300,8.890000060546299e-07,4.800000397153781e-08,2.069999993636884e-06,0.0,4.800000397153781e-08,0.0,0,False
301,8.38999994812184e-07,4.799997554982838e-08,2.136999995627775e-06,0.0,4.799997554982838e-08,0.0,0,False
302,8.420000199294009e-07,4.7000014546938473e-08,2.0930000061980536e-06,0.0,4.7000014546938473e-08,0.0,0,False
303,8.529999888651218e-07,6.700000199089118e-08,2.0139999890034233e-06,0.0,6.700000199089118e-08,0.0,0,False
304,8.970000067165529e-07,7.500000265281415e-08,1.996999998254978e-06,0.0,7.500000265281415e-08,0.0,0,False
305,9.190000014314137e-07,4.7000014546938473e-08,2.090000009502546e-06,0.0,4.7000014546938473e-08,0.0,0,False
306,8.600000001024455e-07,6.300001587078441e-08,1.8240000088098896e-06,0.0,6.300001587078441e-08,0.0,0,False
307,9.079999756522739e-07,5.699999405806011e-08,2.1699999877000664e-06,0.0,5.699999405806011e-08,0.0,0,False
308,8.109999782845989e-07,5.100000066704524e-08,1.8040000213659368e-06,0.0,5.100000066704524e-08,0.0,0,False
309,8.799999875463982e-07,5.7999983482659445e-08,2.122000012150238e-06,0.0,5.7999983482659445e-08,0.0,0,False
310,8.779999802754901e-07,4.899999339613714e-08,1.9980000161012867e-06,0.0,4.899999339613714e-08,0.0,0,False
311,8.859999809374131e-07,5.000001124244591e-08,2.0569999890085455e-06,0.0,5.000001124244591e-08,0.0,0,False
312,8.330000014211691e-07,5.100000066704524e-08,2.1500000002561137e-06,0.0,5.100000066704524e-08,0.0,0,False
313,7.939999875361536e-07,7.399998480650538e-08,2.0320000260198867e-06,0.0,7.399998480650538e-08,0.0,0,False
314,8.400000126584928e-07,5.100000066704524e-08,1.7350000121041376e-06,0.0,5.100000066704524e-08,0.0,0,False
315,8.279999974547536e-07,4.999998282073648e-08,2.292000004899819e-06,0.0,4.999998282073648e-08,0.0,0,False
316,8.659999934934604e-07,5.300000793795334e-08,2.109999996946499e-06,0.0,5.300000793795334e-08,0.0,0,False
317,9.219999981269211e-07,5.000001124244591e-08,2.055999999583946e-06,0.0,5.000001124244591e-08,0.0,0,False
318,8.289999868793529e-07,4.899999339613714e-08,1.9780000002356246e-06,0.0,4.899999339613714e-08,0.0,0,False
319,8.289999868793529e-07,8.499998216393578e-08,2.0769999764524982e-06,0.0,8.499998216393578e-08,0.0,0,False
320,8.960000172919536e-07,6.600001256629184e-08,2.02900000090267e-06,0.0,6.600001256629184e-08,0.0,0,False
321,8.949999994456448e-07,4.800000397153781e-08,2.0349999942936847e-06,0.0,4.800000397153781e-08,0.0,0,False
322,8.510000100159232e-07,6.199999802447564e-08,1.956999994945363e-06,0.0,6.199999802447564e-08,0.0,0,False
323,8.689999901889678e-07,5.699999405806011e-08,2.1550000042225292e-06,0.0,5.699999405806011e-08,0.0,0,False
324,8.640000146442617e-07,4.899999339613714e-08,2.1170000081838225e-06,0.0,4.899999339613714e-08,0.0,0,False
325,8.460000060495076e-07,5.300000793795334e-08,1.938000025347719e-06,0.0,5.300000793795334e-08,0.0,0,False
326,8.350000086920772e-07,5.100000066704524e-08,2.2260000207552366e-06,0.0,5.100000066704524e-08,0.0,0,False
327,9.009999928366597e-07,1.589999953921506e-07,3.557999974646009e-06,0.0,1.589999953921506e-07,0.0,0,False
328,2.6909999917279492e-06,1.1000000199601345e-07,2.257999994981219e-06,0.0,1.1000000199601345e-07,0.0,0,False
329,1.6660000028423383e-06,1.0200000133409048e-07,2.4140000220995717e-06,0.0,1.0200000133409048e-07,0.0,0,False
330,1.1550000067472865e-06,9.600000794307562e-08,1.9819999863557314e-06,0.0,9.600000794307562e-08,0.0,0,False
331,1.0490000192930893e-06,8.099999604382901e-08,2.2629999989476346e-06,0.0,8.099999604382901e-08,0.0,0,False
332,9.940000040842278e-07,7.699998150201282e-08,2.1299999843904516e-06,0.0,7.699998150201282e-08,0.0,0,False
333,9.770000133357826e-07,5.699999405806011e-08,2.1650000121553603e-06,0.0,5.699999405806011e-08,0.0,0,False
334,9.09999982923182e-07,5.100000066704524e-08,2.0669999969413766e-06,0.0,5.100000066704524e-08,0.0,0,False
335,8.279999974547536e-07,5.100000066704524e-08,2.0840000161115313e-06,0.0,5.100000066704524e-08,0.0,0,False
336,1.008999987561765e-06,5.300000793795334e-08,2.072000000907792e-06,0.0,5.300000793795334e-08,0.0,0,False
337,8.5499999613603e-07,6.100000859987631e-08,1.3417000019444458e-05,0.0,6.100000859987631e-08,0.0,0,False
338,3.0569999864837882e-06,1.8200000795332016e-07,2.7279999983420566e-06,0.0,1.8200000795332016e-07,0.0,0,False
339,1.5779999955611856e-06,9.599997952136619e-08,2.3439999949914636e-06,0.0,9.599997952136619e-08,0.0,0,False
340,1.1690000008002244e-06,6.700000199089118e-08,2.2769999930005724e-06,0.0,6.700000199089118e-08,0.0,0,False
341,1.0459999941758724e-06,5.299997951624391e-08,2.136000006203176e-06,0.0,5.299997951624391e-08,0.0,0,False
342,9.949999935088272e-07,7.200000595730671e-08,2.171000005546375e-06,0.0,7.200000595730671e-08,0.0,0,False
343,9.190000014314137e-07,6.299998744907498e-08,2.3230000181229116e-06,0.0,6.299998744907498e-08,0.0,0,False
344,9.179999835851049e-07,8.700001785655331e-08,2.088000002231638e-06,0.0,8.700001785655331e-08,0.0,0,False
345,9.72000009369367e-07,4.599999670062971e-08,2.2049999870432657e-06,0.0,4.599999670062971e-08,0.0,0,False
346,8.989999855657516e-07,4.999998282073648e-08,2.225000002908928e-06,0.0,4.999998282073648e-08,0.0,0,False
347,9.329999954843515e-07,4.999998282073648e-08,2.0190000213915482e-06,0.0,4.999998282073648e-08,0.0,0,False
348,8.5499999613603e-07,5.100000066704524e-08,1.905999994278318e-06,0.0,5.100000066704524e-08,0.0,0,False
349,8.530000172868313e-07,5.3999997362552676e-08,2.0420000055310084e-06,0.0,5.3999997362552676e-08,0.0,0,False
350,8.170000000973232e-07,5.300000793795334e-08,1.8140000008770585e-06,0.0,5.300000793795334e-08,0.0,0,False
351,9.089999934985826e-07,4.999998282073648e-08,3.3720000089942914e-06,0.0,4.999998282073648e-08,0.0,0,False
352,8.659999934934604e-07,5.6000004633460776e-08,2.1980000042276515e-06,0.0,5.6000004633460776e-08,0.0,0,False
353,9.320000060597522e-07,6.599998414458241e-08,2.2000000114985596e-06,0.0,6.599998414458241e-08,0.0,0,False
354,1.0079999981371657e-06,4.900002181784657e-08,2.019999982394438e-06,0.0,4.900002181784657e-08,0.0,0,False
355,8.65000004068861e-07,6.799999141549051e-08,2.2020000187694677e-06,0.0,6.799999141549051e-08,0.0,0,False
356,2.3630000214325264e-06,5.300000793795334e-08,2.047000009497424e-06,0.0,5.300000793795334e-08,0.0,0,False
357,8.899999954792293e-07,5.500001520886144e-08,2.0809999909943144e-06,0.0,5.500001520886144e-08,0.0,0,False
358,8.929999921747367e-07,4.900002181784657e-08,2.0059999883415003e-06,0.0,4.900002181784657e-08,0.0,0,False
359,8.46999995474107e-07,5.100000066704524e-08,2.136000006203176e-06,0.0,5.100000066704524e-08,0.0,0,False
360,8.369999875412759e-07,5.100000066704524e-08,2.055000010159347e-06,0.0,5.100000066704524e-08,0.0,0,False
361,8.859999809374131e-07,5.199999009164458e-08,2.0509999956175307e-06,0.0,5.199999009164458e-08,0.0,0,False
362,8.270000080301543e-07,5.099997224533581e-08,2.037000001564593e-06,0.0,5.099997224533581e-08,0.0,0,False
363,8.480000133204157e-07,5.100000066704524e-08,2.0189999929698388e-06,0.0,5.100000066704524e-08,0.0,0,False
364,8.38999994812184e-07,5.100000066704524e-08,2.1079999896755908e-06,0.0,5.100000066704524e-08,0.0,0,False
365,8.529999888651218e-07,5.199999009164458e-08,2.099999989013668e-06,0.0,5.199999009164458e-08,0.0,0,False
366,8.780000086971995e-07,1.1500000596242899e-07,1.9970000266766874e-06,0.0,1.1500000596242899e-07,0.0,0,False
367,8.490000027450151e-07,5.3999997362552676e-08,2.116999979762113e-06,0.0,5.3999997362552676e-08,0.0,0,False
368,9.050000073784759e-07,5.3999997362552676e-08,2.015000006849732e-06,0.0,5.3999997362552676e-08,0.0,0,False
369,8.379999769658752e-07,5.100000066704524e-08,2.1949999791104347e-06,0.0,5.100000066704524e-08,0.0,0,False
370,8.270000080301543e-07,5.199999009164458e-08,1.8120000220278598e-06,0.0,5.199999009164458e-08,0.0,0,False
371,8.290000153010624e-07,4.800000397153781e-08,1.9439999903170246e-06,0.0,4.800000397153781e-08,0.0,0,False
372,8.57000003406938e-07,4.899999339613714e-08,2.0319999975981773e-06,0.0,4.899999339613714e-08,0.0,0,False
373,8.439999987785995e-07,4.800000397153781e-08,2.0709999830614834e-06,0.0,4.800000397153781e-08,0.0,0,False
374,9.530000113500137e-07,5.300000793795334e-08,2.0340000048690854e-06,0.0,5.300000793795334e-08,0.0,0,False
375,9.869999928469042e-07,6.400000529538374e-08,2.0580000068548543e-06,0.0,6.400000529538374e-08,0.0,0,False
376,8.359999981166766e-07,5.100000066704524e-08,2.1980000042276515e-06,0.0,5.100000066704524e-08,0.0,0,False
377,8.819999948173063e-07,5.499998678715201e-08,2.2950000015953265e-06,0.0,5.499998678715201e-08,0.0,0,False
378,9.27999991517936e-07,5.000001124244591e-08,1.9599999916408706e-06,0.0,5.000001124244591e-08,0.0,0,False
379,8.629999967979529e-07,5.300000793795334e-08,2.0549999817376374e-06,0.0,5.300000793795334e-08,0.0,0,False
380,8.199999967928306e-07,5.100000066704524e-08,2.106000010826392e-06,0.0,5.100000066704524e-08,0.0,0,False
381,8.28000025876463e-07,5.100000066704524e-08,2.037000001564593e-06,0.0,5.100000066704524e-08,0.0,0,False
382,8.460000060495076e-07,5.100000066704524e-08,1.7590000140899065e-06,0.0,5.100000066704524e-08,0.0,0,False
383,8.019999881980766e-07,5.100000066704524e-08,1.839999981712026e-06,0.0,5.100000066704524e-08,0.0,0,False
384,9.110000007694907e-07,5.100000066704524e-08,2.049000016768332e-06,0.0,5.100000066704524e-08,0.0,0,False
385,8.819999948173063e-07,5.000001124244591e-08,2.047000009497424e-06,0.0,5.000001124244591e-08,0.0,0,False
386,8.81000005392707e-07,6.100000859987631e-08,2.0219999896653462e-06,0.0,6.100000859987631e-08,0.0,0,False
387,8.400000126584928e-07,5.099997224533581e-08,1.1359999973592494e-05,0.0,5.099997224533581e-08,0.0,0,False
388,1.2520000041149615e-06,6.600001256629184e-08,2.213000016126898e-06,0.0,6.600001256629184e-08,0.0,0,False
389,1.0260000067319197e-06,6.799999141549051e-08,2.255999987710311e-06,0.0,6.799999141549051e-08,0.0,0,False
390,1.000999986899842e-06,5.199999009164458e-08,2.1889999857194198e-06,0.0,5.199999009164458e-08,0.0,0,False
391,9.58999976319319e-07,4.800000397153781e-08,2.1230000015748374e-06,0.0,4.800000397153781e-08,0.0,0,False
392,8.920000027501374e-07,6.399997687367431e-08,1.736000001528737e-06,0.0,6.399997687367431e-08,0.0,0,False
393,9.219999981269211e-07,5.100000066704524e-08,2.229000017450744e-06,0.0,5.100000066704524e-08,0.0,0,False
394,9.870000212686136e-07,6.400000529538374e-08,2.0689999757905753e-06,0.0,6.400000529538374e-08,0.0,0,False
395,9.489999968081975e-07,5.300000793795334e-08,2.110999986371098e-06,0.0,5.300000793795334e-08,0.0,0,False
396,8.720000153061847e-07,5.8000011904368876e-08,1.724999975749597e-06,0.0,5.8000011904368876e-08,0.0,0,False
397,9.649999981320434e-07,4.899999339613714e-08,2.1219999837285286e-06,0.0,4.899999339613714e-08,0.0,0,False
398,9.139999974649982e-07,4.999998282073648e-08,2.0580000068548543e-06,0.0,4.999998282073648e-08,0.0,0,False
399,8.860000093591225e-07,5.100000066704524e-08,2.007000006187809e-06,0.0,5.100000066704524e-08,0.0,0,False
400,9.259999842470279e-07,5.100000066704524e-08,2.1270000161166536e-06,0.0,5.100000066704524e-08,0.0,0,False
401,9.590000047410285e-07,5.100000066704524e-08,1.7109999816966592e-06,0.0,5.100000066704524e-08,0.0,0,False
402,9.78000002760382e-07,5.100000066704524e-08,1.9720000068446097e-06,0.0,5.100000066704524e-08,0.0,0,False
403,9.679999948275508e-07,5.100000066704524e-08,2.055999999583946e-06,0.0,5.100000066704524e-08,0.0,0,False
404,7.980000020779698e-07,5.100000066704524e-08,2.093999995622653e-06,0.0,5.100000066704524e-08,0.0,0,False
405,8.099999888599996e-07,5.100000066704524e-08,2.0660000075167773e-06,0.0,5.100000066704524e-08,0.0,0,False
406,9.62000001436536e-07,4.800000397153781e-08,2.0040000094923016e-06,0.0,4.800000397153781e-08,0.0,0,False
407,8.569999749852286e-07,4.999998282073648e-08,2.061999992974961e-06,0.0,4.999998282073648e-08,0.0,0,False
408,8.289999868793529e-07,4.800000397153781e-08,1.92600001014398e-06,0.0,4.800000397153781e-08,0.0,0,False
409,8.5499999613603e-07,4.999998282073648e-08,2.0089999850370077e-06,0.0,4.999998282073648e-08,0.0,0,False
410,8.680000007643685e-07,5.100000066704524e-08,2.1419999995941907e-06,0.0,5.100000066704524e-08,0.0,0,False
411,8.979999961411522e-07,5.200001851335401e-08,2.099999989013668e-06,0.0,5.200001851335401e-08,0.0,0,False
412,8.99000013987461e-07,5.300000793795334e-08,2.2449999903528806e-06,0.0,5.300000793795334e-08,0.0,0,False
413,9.649999981320434e-07,4.899999339613714e-08,2.187000006870221e-06,0.0,4.899999339613714e-08,0.0,0,False
414,8.99000013987461e-07,5.299997951624391e-08,2.0690000042122847e-06,0.0,5.299997951624391e-08,0.0,0,False
415,9.100000113448914e-07,4.999998282073648e-08,2.1050000214017928e-06,0.0,4.999998282073648e-08,0.0,0,False
416,8.81000005392707e-07,5.199999009164458e-08,2.096000002893561e-06,0.0,5.199999009164458e-08,0.0,0,False
417,8.080000100108009e-07,5.100000066704524e-08,2.0159999962743314e-06,0.0,5.100000066704524e-08,0.0,0,False
418,8.780000086971995e-07,5.199999009164458e-08,2.2000000114985596e-06,0.0,5.199999009164458e-08,0.0,0,False
419,9.379999994507671e-07,4.899999339613714e-08,2.045999991651115e-06,0.0,4.899999339613714e-08,0.0,0,False
420,9.19999990856013e-07,6.199999802447564e-08,2.166999991004559e-06,0.0,6.199999802447564e-08,0.0,0,False
421,8.670000113397691e-07,5.199999009164458e-08,2.114000011488315e-06,0.0,5.199999009164458e-08,0.0,0,False
422,9.179999835851049e-07,5.100000066704524e-08,2.073999979756991e-06,0.0,5.100000066704524e-08,0.0,0,False
423,9.789999921849812e-07,5.000001124244591e-08,2.1559999936471286e-06,0.0,5.000001124244591e-08,0.0,0,False
424,8.410000020830921e-07,5.000001124244591e-08,2.2000000114985596e-06,0.0,5.000001124244591e-08,0.0,0,False
425,9.110000007694907e-07,4.800000397153781e-08,2.1580000009180367e-06,0.0,4.800000397153781e-08,0.0,0,False
426,9.270000020933367e-07,5.100000066704524e-08,2.1139999830666056e-06,0.0,5.100000066704524e-08,0.0,0,False
427,8.540000067114306e-07,4.999998282073648e-08,2.0660000075167773e-06,0.0,4.999998282073648e-08,0.0,0,False
428,8.590000106778461e-07,5.199999009164458e-08,2.2480000154700974e-06,0.0,5.199999009164458e-08,0.0,0,False
429,8.769999908508908e-07,5.300000793795334e-08,2.101999996284576e-06,0.0,5.300000793795334e-08,0.0,0,False
430,8.709999974598759e-07,4.999998282073648e-08,2.164999983733651e-06,0.0,4.999998282073648e-08,0.0,0,False
431,9.149999868895975e-07,5.100000066704524e-08,2.1210000227256387e-06,0.0,5.100000066704524e-08,0.0,0,False
432,9.160000047359063e-07,5.100000066704524e-08,2.0489999883466226e-06,0.0,5.100000066704524e-08,0.0,0,False
433,8.339999908457685e-07,5.100000066704524e-08,2.1820000029038056e-06,0.0,5.100000066704524e-08,0.0,0,False
434,9.54000000774613e-07,5.199999009164458e-08,2.0530000028884388e-06,0.0,5.199999009164458e-08,0.0,0,False
435,8.589999822561367e-07,5.200001851335401e-08,2.106000010826392e-06,0.0,5.200001851335401e-08,0.0,0,False
436,1.0340000073938427e-06,5.100000066704524e-08,2.1830000207501143e-06,0.0,5.100000066704524e-08,0.0,0,False
437,8.600000001024455e-07,7.900001719463035e-08,2.1170000081838225e-06,0.0,7.900001719463035e-08,0.0,0,False
438,8.979999961411522e-07,5.000001124244591e-08,2.136000006203176e-06,0.0,5.000001124244591e-08,0.0,0,False
439,1.018999995494596e-06,4.899999339613714e-08,2.1290000233875617e-06,0.0,4.899999339613714e-08,0.0,0,False
440,8.709999974598759e-07,7.799999934832158e-08,2.037999990989192e-06,0.0,7.799999934832158e-08,0.0,0,False
441,8.559999855606293e-07,5.100000066704524e-08,2.1680000088508677e-06,0.0,5.100000066704524e-08,0.0,0,False
442,8.879999882083212e-07,7.799999934832158e-08,2.0669999969413766e-06,0.0,7.799999934832158e-08,0.0,0,False
443,9.09999982923182e-07,5.099997224533581e-08,2.2060000048895745e-06,0.0,5.099997224533581e-08,0.0,0,False
444,8.170000000973232e-07,5.000001124244591e-08,2.1100000253682083e-06,0.0,5.000001124244591e-08,0.0,0,False
445,8.5499999613603e-07,5.000001124244591e-08,2.1379999850523745e-06,0.0,5.000001124244591e-08,0.0,0,False
446,8.199999967928306e-07,5.000001124244591e-08,2.0100000028833165e-06,0.0,5.000001124244591e-08,0.0,0,False
447,9.498999986590206e-06,6.499999471998308e-08,2.146000014136007e-06,0.0,6.499999471998308e-08,0.0,0,False
448,8.73000004730784e-07,4.999998282073648e-08,2.239999986386465e-06,0.0,4.999998282073648e-08,0.0,0,False
449,8.529999888651218e-07,5.200001851335401e-08,2.1150000009129144e-06,0.0,5.200001851335401e-08,0.0,0,False
450,8.81000005392707e-07,5.100000066704524e-08,2.1459999857142975e-06,0.0,5.100000066704524e-08,0.0,0,False
451,8.289999868793529e-07,4.800000397153781e-08,2.209000001585082e-06,0.0,4.800000397153781e-08,0.0,0,False
452,7.92000008686955e-07,4.900002181784657e-08,2.252000001590204e-06,0.0,4.900002181784657e-08,0.0,0,False
453,8.269999796084448e-07,5.100000066704524e-08,2.1150000009129144e-06,0.0,5.100000066704524e-08,0.0,0,False
454,8.430000093540002e-07,5.100000066704524e-08,3.5299999865401332e-06,0.0,5.100000066704524e-08,0.0,0,False
455,8.769999908508908e-07,5.100000066704524e-08,2.1239999909994367e-06,0.0,5.100000066704524e-08,0.0,0,False
456,8.30999994150261e-07,4.999998282073648e-08,2.1879999962948204e-06,0.0,4.999998282073648e-08,0.0,0,False
457,8.689999901889678e-07,5.100000066704524e-08,2.1250000088457455e-06,0.0,5.100000066704524e-08,0.0,0,False
458,9.000000034120603e-07,6.100000859987631e-08,2.0239999969362543e-06,0.0,6.100000859987631e-08,0.0,0,False
459,9.319999776380428e-07,5.199999009164458e-08,2.0509999956175307e-06,0.0,5.199999009164458e-08,0.0,0,False
460,8.039999954689847e-07,6.300001587078441e-08,2.045999991651115e-06,0.0,6.300001587078441e-08,0.0,0,False
461,9.240000053978292e-07,5.100000066704524e-08,2.0789999837234063e-06,0.0,5.100000066704524e-08,0.0,0,False
462,8.419999915076914e-07,5.199999009164458e-08,2.12000000487933e-06,0.0,5.199999009164458e-08,0.0,0,False
463,9.110000007694907e-07,5.100000066704524e-08,2.069999993636884e-06,0.0,5.100000066704524e-08,0.0,0,False
464,8.539999782897212e-07,5.000001124244591e-08,2.2509999837438954e-06,0.0,5.000001124244591e-08,0.0,0,False
465,2.2380000075372664e-06,6.999999868639861e-08,2.308000006223665e-06,0.0,6.999999868639861e-08,0.0,0,False
466,9.039999895321671e-07,5.100000066704524e-08,2.267000013489451e-06,0.0,5.100000066704524e-08,0.0,0,False
467,9.009999928366597e-07,5.200001851335401e-08,2.082000008840623e-06,0.0,5.200001851335401e-08,0.0,0,False
468,8.410000020830921e-07,7.700000992372225e-08,2.057000017430255e-06,0.0,7.700000992372225e-08,0.0,0,False
469,9.819999888804887e-07,4.899999339613714e-08,2.0500000061929313e-06,0.0,4.899999339613714e-08,0.0,0,False
470,8.229999934883381e-07,4.899999339613714e-08,2.1719999949709745e-06,0.0,4.899999339613714e-08,0.0,0,False
471,9.320000060597522e-07,5.3999997362552676e-08,2.029999990327269e-06,0.0,5.3999997362552676e-08,0.0,0,False
472,8.899999954792293e-07,5.199999009164458e-08,2.1129999936420063e-06,0.0,5.199999009164458e-08,0.0,0,False
473,8.029999776226759e-07,4.800000397153781e-08,2.055999999583946e-06,0.0,4.800000397153781e-08,0.0,0,False
474,8.170000000973232e-07,4.7000014546938473e-08,2.1010000068599766e-06,0.0,4.7000014546938473e-08,0.0,0,False
475,7.669999888548773e-07,5.000001124244591e-08,2.1859999890239123e-06,0.0,5.000001124244591e-08,0.0,0,False
476,8.229999934883381e-07,4.900002181784657e-08,2.055000010159347e-06,0.0,4.900002181784657e-08,0.0,0,False
477,8.550000245577394e-07,5.100000066704524e-08,2.0479999989220232e-06,0.0,5.100000066704524e-08,0.0,0,False
478,8.800000159681076e-07,4.999998282073648e-08,2.043999984380207e-06,0.0,4.999998282073648e-08,0.0,0,False
479,8.519999994405225e-07,4.899999339613714e-08,2.0380000194109016e-06,0.0,4.899999339613714e-08,0.0,0,False
480,8.519999994405225e-07,6.300001587078441e-08,2.148000021406915e-06,0.0,6.300001587078441e-08,0.0,0,False
481,8.700000080352766e-07,5.100000066704524e-08,2.0809999909943144e-06,0.0,5.100000066704524e-08,0.0,0,False
482,8.819999948173063e-07,5.200001851335401e-08,1.3920000014877587e-05,0.0,5.200001851335401e-08,0.0,0,False
483,1.1019999988093332e-06,9.499999009676685e-08,2.2629999989476346e-06,0.0,9.499999009676685e-08,0.0,0,False
484,1.2780000133716385e-06,5.3999997362552676e-08,2.187000006870221e-06,0.0,5.3999997362552676e-08,0.0,0,False
485,9.840000245731062e-07,4.800000397153781e-08,2.1980000042276515e-06,0.0,4.800000397153781e-08,0.0,0,False
486,8.439999987785995e-07,5.000001124244591e-08,2.037999990989192e-06,0.0,5.000001124244591e-08,0.0,0,False
487,7.919999802652455e-07,5.200001851335401e-08,2.125999998270345e-06,0.0,5.200001851335401e-08,0.0,0,False
488,8.359999981166766e-07,5.900000132896821e-08,1.8700000055105193e-06,0.0,5.900000132896821e-08,0.0,0,False
489,8.510000100159232e-07,4.899999339613714e-08,2.0589999962794536e-06,0.0,4.899999339613714e-08,0.0,0,False
490,8.689999901889678e-07,4.899999339613714e-08,2.122000012150238e-06,0.0,4.899999339613714e-08,0.0,0,False
491,8.269999796084448e-07,5.199999009164458e-08,2.2180000200933137e-06,0.0,5.199999009164458e-08,0.0,0,False
492,9.010000212583691e-07,6.500002314169251e-08,1.9350000002305023e-06,0.0,6.500002314169251e-08,0.0,0,False
493,8.849999915128137e-07,5.100000066704524e-08,2.1419999995941907e-06,0.0,5.100000066704524e-08,0.0,0,False
494,8.399999842367833e-07,5.300000793795334e-08,2.2129999877051887e-06,0.0,5.300000793795334e-08,0.0,0,False
495,8.809999769709975e-07,7.299999538190605e-08,2.029999990327269e-06,0.0,7.299999538190605e-08,0.0,0,False
496,8.46999995474107e-07,5.199999009164458e-08,2.09700002073987e-06,0.0,5.199999009164458e-08,0.0,0,False
497,8.2099998621743e-07,5.000001124244591e-08,2.128000005541253e-06,0.0,5.000001124244591e-08,0.0,0,False
498,8.589999822561367e-07,4.800000397153781e-08,2.0899999810808367e-06,0.0,4.800000397153781e-08,0.0,0,False
499,8.719999868844752e-07,4.999998282073648e-08,2.0989999995890685e-06,0.0,4.999998282073648e-08,0.0,0,False
500,8.230000219100475e-07,5.199999009164458e-08,2.041999977109299e-06,0.0,5.199999009164458e-08,0.0,0,False
501,8.720000153061847e-07,5.100000066704524e-08,2.1719999949709745e-06,0.0,5.100000066704524e-08,0.0,0,False
502,8.890000060546299e-07,5.199999009164458e-08,2.126999987694944e-06,0.0,5.199999009164458e-08,0.0,0,False
503,8.819999948173063e-07,5.199999009164458e-08,2.1759999810910813e-06,0.0,5.199999009164458e-08,0.0,0,False
504,8.680000007643685e-07,1.69999992749581e-07,3.4890000222276285e-06,0.0,1.69999992749581e-07,0.0,0,False
505,2.7279999983420566e-06,1.3199999671087426e-07,2.5639999989834905e-06,0.0,1.3199999671087426e-07,0.0,0,False
506,1.44799997769951e-06,8.899999670575198e-08,2.284000004237896e-06,0.0,8.899999670575198e-08,0.0,0,False
507,1.058999998804211e-06,6.100000859987631e-08,2.3470000201086805e-06,0.0,6.100000859987631e-08,0.0,0,False
508,1.0370000040893501e-06,6.100000859987631e-08,2.271000028031267e-06,0.0,6.100000859987631e-08,0.0,0,False
509,1.0010000153215515e-06,6.400000529538374e-08,2.2360000002663583e-06,0.0,6.400000529538374e-08,0.0,0,False
510,9.549999901992123e-07,4.999998282073648e-08,2.2099999910096813e-06,0.0,4.999998282073648e-08,0.0,0,False
511,9.130000080403988e-07,5.300000793795334e-08,2.179000006208298e-06,0.0,5.300000793795334e-08,0.0,0,False
512,9.040000179538765e-07,4.999998282073648e-08,2.1330000095076684e-06,0.0,4.999998282073648e-08,0.0,0,False
513,8.83000012663615e-07,5.900000132896821e-08,2.096000002893561e-06,0.0,5.900000132896821e-08,0.0,0,False
514,8.840000020882144e-07,6.700000199089118e-08,2.1650000121553603e-06,0.0,6.700000199089118e-08,0.0,0,False
515,8.12999985555507e-07,5.499998678715201e-08,2.064000000245869e-06,0.0,5.499998678715201e-08,0.0,0,False
516,8.83000012663615e-07,4.999998282073648e-08,2.1839999817530042e-06,0.0,4.999998282073648e-08,0.0,0,False
517,8.799999875463982e-07,6.400000529538374e-08,2.1419999995941907e-06,0.0,6.400000529538374e-08,0.0,0,False
518,8.060000027398928e-07,5.199999009164458e-08,2.2180000200933137e-06,0.0,5.199999009164458e-08,0.0,0,False
519,8.560000139823387e-07,6.900000926179928e-08,1.8820000207142584e-06,0.0,6.900000926179928e-08,0.0,0,False
520,2.496000007568e-06,6.499999471998308e-08,2.1419999995941907e-06,0.0,6.499999471998308e-08,0.0,0,False
521,8.73000004730784e-07,5.000001124244591e-08,2.1550000042225292e-06,0.0,5.000001124244591e-08,0.0,0,False
522,9.169999941605056e-07,5.100000066704524e-08,1.9249999922976713e-06,0.0,5.100000066704524e-08,0.0,0,False
523,8.10000017281709e-07,6.300001587078441e-08,2.3470000201086805e-06,0.0,6.300001587078441e-08,0.0,0,False
524,8.83000012663615e-07,5.299997951624391e-08,2.193000000261236e-06,0.0,5.299997951624391e-08,0.0,0,False
525,1.000999986899842e-06,4.900002181784657e-08,2.0740000081787002e-06,0.0,4.900002181784657e-08,0.0,0,False
526,8.709999974598759e-07,4.999998282073648e-08,2.045000002226516e-06,0.0,4.999998282073648e-08,0.0,0,False
527,9.35999992179859e-07,6.100000859987631e-08,2.1840000101747137e-06,0.0,6.100000859987631e-08,0.0,0,False
528,9.230000159732299e-07,5.000001124244591e-08,2.144000006865099e-06,0.0,5.000001124244591e-08,0.0,0,False
529,9.249999948224286e-07,5.300000793795334e-08,1.8439999962538423e-06,0.0,5.300000793795334e-08,0.0,0,False
530,8.30999994150261e-07,4.999998282073648e-08,2.1209999943039293e-06,0.0,4.999998282073648e-08,0.0,0,False
531,9.27999991517936e-07,5.100000066704524e-08,2.273999996305065e-06,0.0,5.100000066704524e-08,0.0,0,False
532,1.0039999835953495e-06,4.999998282073648e-08,2.1820000029038056e-06,0.0,4.999998282073648e-08,0.0,0,False
533,9.559999796238117e-07,5.300000793795334e-08,2.1090000075218995e-06,0.0,5.300000793795334e-08,0.0,0,False
534,8.610000179487542e-07,6.599998414458241e-08,1.843000006829243e-06,0.0,6.599998414458241e-08,0.0,0,False
535,8.560000139823387e-07,5.100000066704524e-08,2.17699999893739e-06,0.0,5.100000066704524e-08,0.0,0,False
536,8.060000027398928e-07,4.800000397153781e-08,1.7549999995480903e-06,0.0,4.800000397153781e-08,0.0,0,False
537,8.410000020830921e-07,5.000001124244591e-08,2.0840000161115313e-06,0.0,5.000001124244591e-08,0.0,0,False
538,1.9699999995737016e-06,5.300000793795334e-08,2.1419999995941907e-06,0.0,5.300000793795334e-08,0.0,0,False
539,9.439999928417819e-07,6.100000859987631e-08,1.9570000233670726e-06,0.0,6.100000859987631e-08,0.0,0,False
540,8.559999855606293e-07,7.300002380361548e-08,2.1570000114934373e-06,0.0,7.300002380361548e-08,0.0,0,False
541,8.899999954792293e-07,5.499998678715201e-08,1.7689999936010281e-06,0.0,5.499998678715201e-08,0.0,0,False
542,8.840000020882144e-07,5.8000011904368876e-08,2.0729999903323915e-06,0.0,5.8000011904368876e-08,0.0,0,False
543,8.380000053875847e-07,5.499998678715201e-08,2.023000007511655e-06,0.0,5.499998678715201e-08,0.0,0,False
544,8.5499999613603e-07,5.000001124244591e-08,2.146999975138897e-06,0.0,5.000001124244591e-08,0.0,0,False
545,9.249999948224286e-07,8.099999604382901e-08,2.2440000009282812e-06,0.0,8.099999604382901e-08,0.0,0,False
546,1.0199999849191954e-06,5.100000066704524e-08,2.096000002893561e-06,0.0,5.100000066704524e-08,0.0,0,False
547,1.061000006075119e-06,5.200001851335401e-08,2.184999999599313e-06,0.0,5.200001851335401e-08,0.0,0,False
548,9.409999961462745e-07,5.3999997362552676e-08,1.9959999804086692e-06,0.0,5.3999997362552676e-08,0.0,0,False
549,8.83000012663615e-07,4.999998282073648e-08,2.1470000035606063e-06,0.0,4.999998282073648e-08,0.0,0,False
550,9.19999990856013e-07,5.000001124244591e-08,2.0329999870227766e-06,0.0,5.000001124244591e-08,0.0,0,False
551,8.600000001024455e-07,5.8000011904368876e-08,2.3919999989630014e-06,0.0,5.8000011904368876e-08,0.0,0,False
552,1.0159999987990886e-06,5.500001520886144e-08,2.37099999367274e-06,0.0,5.500001520886144e-08,0.0,0,False
553,9.499999862327968e-07,5.900000132896821e-08,2.0850000055361306e-06,0.0,5.900000132896821e-08,0.0,0,False
554,9.530000113500137e-07,4.899999339613714e-08,2.1299999843904516e-06,0.0,4.899999339613714e-08,0.0,0,False
555,9.230000159732299e-07,5.300000793795334e-08,2.064000000245869e-06,0.0,5.300000793795334e-08,0.0,0,False
556,8.210000146391394e-07,6.199999802447564e-08,2.080000001569715e-06,0.0,6.199999802447564e-08,0.0,0,False
557,1.0340000073938427e-06,5.199999009164458e-08,1.8649999731223943e-06,0.0,5.199999009164458e-08,0.0,0,False
558,9.430000034171826e-07,5.100000066704524e-08,2.1319999916613597e-06,0.0,5.100000066704524e-08,0.0,0,False
559,8.750000120016921e-07,5.100000066704524e-08,2.205000015464975e-06,0.0,5.100000066704524e-08,0.0,0,False
560,9.400000067216752e-07,5.100000066704524e-08,2.117999997608422e-06,0.0,5.100000066704524e-08,0.0,0,False
561,8.519999994405225e-07,5.299997951624391e-08,1.7490000061570754e-06,0.0,5.299997951624391e-08,0.0,0,False
562,8.739999941553833e-07,4.899999339613714e-08,2.0629999823995604e-06,0.0,4.899999339613714e-08,0.0,0,False
563,8.449999882031989e-07,4.899999339613714e-08,2.150999989680713e-06,0.0,4.899999339613714e-08,0.0,0,False
564,8.720000153061847e-07,4.899999339613714e-08,2.0870000128070387e-06,0.0,4.899999339613714e-08,0.0,0,False
565,9.069999862276745e-07,8.099999604382901e-08,3.1300000102874037e-06,0.0,8.099999604382901e-08,0.0,0,False
566,9.629999908611353e-07,4.900002181784657e-08,2.055999999583946e-06,0.0,4.900002181784657e-08,0.0,0,False
567,9.190000014314137e-07,5.100000066704524e-08,2.213000016126898e-06,0.0,5.100000066704524e-08,0.0,0,False
568,8.57000003406938e-07,6.199999802447564e-08,2.1190000154547306e-06,0.0,6.199999802447564e-08,0.0,0,False
569,8.470000238958164e-07,5.100000066704524e-08,2.0380000194109016e-06,0.0,5.100000066704524e-08,0.0,0,False
570,9.27999991517936e-07,4.999998282073648e-08,2.098000010164469e-06,0.0,4.999998282073648e-08,0.0,0,False
571,8.73000004730784e-07,8.899999670575198e-08,3.732999999783715e-06,0.0,8.899999670575198e-08,0.0,0,False
572,1.491999995550941e-06,8.600000001024455e-08,3.6949999753232987e-06,0.0,8.600000001024455e-08,0.0,0,False
573,1.4880000094308343e-06,1.1200000926692155e-07,3.6239999872123008e-06,0.0,1.1200000926692155e-07,0.0,0,False
574,1.497999988941956e-06,8.899999670575198e-08,3.7509999799567595e-06,0.0,8.899999670575198e-08,0.0,0,False
575,1.5450000034888944e-06,9.200002182296885e-08,3.879999979972126e-06,0.0,9.200002182296885e-08,0.0,0,False
576,1.6290000246499403e-06,8.600000001024455e-08,3.84100002293053e-06,0.0,8.600000001024455e-08,0.0,0,False
577,1.5569999902709242e-06,9.100000397666008e-08,3.6920000070495007e-06,0.0,9.100000397666008e-08,0.0,0,False
578,1.6090000087842782e-06,9.100000397666008e-08,2.1487000026354508e-05,0.0,9.100000397666008e-08,0.0,0,False
579,1.1759999836158386e-06,1.0600001587590668e-07,2.2960000194416352e-06,0.0,1.0600001587590668e-07,0.0,0,False
580,1.0230000100364123e-06,6.199999802447564e-08,2.241000004232774e-06,0.0,6.199999802447564e-08,0.0,0,False
581,1.026999996156519e-06,4.999998282073648e-08,2.2389999969618657e-06,0.0,4.999998282073648e-08,0.0,0,False
582,8.73000004730784e-07,5.199999009164458e-08,2.2750000141513738e-06,0.0,5.199999009164458e-08,0.0,0,False
583,9.129999796186894e-07,5.400002578426211e-08,2.1070000002509914e-06,0.0,5.400002578426211e-08,0.0,0,False
584,9.299999987888441e-07,5.300000793795334e-08,2.0709999830614834e-06,0.0,5.300000793795334e-08,0.0,0,False
585,9.719999809476576e-07,5.100000066704524e-08,2.251000012165605e-06,0.0,5.100000066704524e-08,0.0,0,False
586,9.450000106880907e-07,6.300001587078441e-08,2.1299999843904516e-06,0.0,6.300001587078441e-08,0.0,0,False
587,9.039999895321671e-07,5.199999009164458e-08,2.174999991666482e-06,0.0,5.199999009164458e-08,0.0,0,False
588,9.149999868895975e-07,5.199999009164458e-08,2.3090000240699737e-06,0.0,5.199999009164458e-08,0.0,0,False
589,1.016999988223688e-06,5.3999997362552676e-08,2.2189999810962036e-06,0.0,5.3999997362552676e-08,0.0,0,False
590,9.309999882134434e-07,5.6000004633460776e-08,2.184999999599313e-06,0.0,5.6000004633460776e-08,0.0,0,False
591,8.760000014262914e-07,5.100000066704524e-08,1.865999990968703e-06,0.0,5.100000066704524e-08,0.0,0,False
592,8.780000086971995e-07,5.100000066704524e-08,2.5570000161678763e-06,0.0,5.100000066704524e-08,0.0,0,False
593,9.430000034171826e-07,7.599999207741348e-08,2.273999996305065e-06,0.0,7.599999207741348e-08,0.0,0,False
594,9.300000272105535e-07,6.199999802447564e-08,2.2080000121604826e-06,0.0,6.199999802447564e-08,0.0,0,False
595,9.98000018626044e-07,5.500001520886144e-08,2.318000014156496e-06,0.0,5.500001520886144e-08,0.0,0,False
596,9.419999855708738e-07,5.3999997362552676e-08,2.197000014803052e-06,0.0,5.3999997362552676e-08,0.0,0,False
597,9.430000034171826e-07,6.899998084008985e-08,2.2220000062134204e-06,0.0,6.899998084008985e-08,0.0,0,False
598,8.869999987837218e-07,5.200001851335401e-08,2.2469999976237887e-06,0.0,5.200001851335401e-08,0.0,0,False
599,8.890000060546299e-07,5.300000793795334e-08,2.1969999863813428e-06,0.0,5.300000793795334e-08,0.0,0,False
600,9.110000007694907e-07,5.500001520886144e-08,2.2360000002663583e-06,0.0,5.500001520886144e-08,0.0,0,False
601,9.119999901940901e-07,1.0600001587590668e-07,1.916000002211149e-06,0.0,1.0600001587590668e-07,0.0,0,False
602,9.479999789618887e-07,5.200001851335401e-08,1.929999996264087e-06,0.0,5.200001851335401e-08,0.0,0,False
603,8.769999908508908e-07,5.000001124244591e-08,2.326999975821309e-06,0.0,5.000001124244591e-08,0.0,0,False
604,9.080000040739833e-07,5.8000011904368876e-08,2.136999995627775e-06,0.0,5.8000011904368876e-08,0.0,0,False
605,9.240000053978292e-07,5.200001851335401e-08,2.184999999599313e-06,0.0,5.200001851335401e-08,0.0,0,False
606,8.460000060495076e-07,5.300000793795334e-08,2.1889999857194198e-06,0.0,5.300000793795334e-08,0.0,0,False
607,8.739999941553833e-07,5.199999009164458e-08,2.150999989680713e-06,0.0,5.199999009164458e-08,0.0,0,False
608,8.719999868844752e-07,6.500002314169251e-08,1.9029999975828105e-06,0.0,6.500002314169251e-08,0.0,0,False
609,8.639999862225523e-07,5.500001520886144e-08,2.1410000101695914e-06,0.0,5.500001520886144e-08,0.0,0,False
610,9.139999974649982e-07,5.299997951624391e-08,2.0790000121451158e-06,0.0,5.299997951624391e-08,0.0,0,False
611,9.870000212686136e-07,5.500001520886144e-08,2.3030000022572494e-06,0.0,5.500001520886144e-08,0.0,0,False
612,8.699999796135671e-07,5.300000793795334e-08,2.2650000062185427e-06,0.0,5.300000793795334e-08,0.0,0,False
613,8.779999802754901e-07,5.000001124244591e-08,2.2480000154700974e-06,0.0,5.000001124244591e-08,0.0,0,False
614,8.689999901889678e-07,5.300000793795334e-08,2.184999999599313e-06,0.0,5.300000793795334e-08,0.0,0,False
615,8.949999994456448e-07,5.3999997362552676e-08,2.2289999890290346e-06,0.0,5.3999997362552676e-08,0.0,0,False
616,9.160000047359063e-07,5.000001124244591e-08,2.1719999949709745e-06,0.0,5.000001124244591e-08,0.0,0,False
617,8.860000093591225e-07,5.299997951624391e-08,2.1900000035657285e-06,0.0,5.299997951624391e-08,0.0,0,False
618,8.900000239009387e-07,5.199999009164458e-08,2.136999995627775e-06,0.0,5.199999009164458e-08,0.0,0,False
619,9.110000007694907e-07,5.300000793795334e-08,2.2820000253886974e-06,0.0,5.300000793795334e-08,0.0,0,False
620,8.819999948173063e-07,5.199999009164458e-08,2.1760000095127907e-06,0.0,5.199999009164458e-08,0.0,0,False
621,9.020000106829684e-07,5.199999009164458e-08,2.2609999916767265e-06,0.0,5.199999009164458e-08,0.0,0,False
622,9.129999796186894e-07,6.100000859987631e-08,2.289999997628911e-06,0.0,6.100000859987631e-08,0.0,0,False
623,9.020000106829684e-07,5.100000066704524e-08,2.2199999989425123e-06,0.0,5.100000066704524e-08,0.0,0,False
624,9.320000060597522e-07,7.500000265281415e-08,1.8140000008770585e-06,0.0,7.500000265281415e-08,0.0,0,False
625,9.039999895321671e-07,5.499998678715201e-08,1.816999997572566e-06,0.0,5.499998678715201e-08,0.0,0,False
626,9.849999855759961e-07,7.100001653270738e-08,2.2000000114985596e-06,0.0,7.100001653270738e-08,0.0,0,False
627,8.600000001024455e-07,5.300000793795334e-08,2.2039999976186664e-06,0.0,5.300000793795334e-08,0.0,0,False
628,8.499999921696144e-07,5.3999997362552676e-08,2.4009999890495237e-06,0.0,5.3999997362552676e-08,0.0,0,False
629,1.9599999916408706e-06,6.599998414458241e-08,2.27999998969608e-06,0.0,6.599998414458241e-08,0.0,0,False
630,9.420000139925833e-07,5.299997951624391e-08,2.2229999956380198e-06,0.0,5.299997951624391e-08,0.0,0,False
631,9.160000047359063e-07,5.100000066704524e-08,2.2549999982857116e-06,0.0,5.100000066704524e-08,0.0,0,False
632,9.009999928366597e-07,5.499998678715201e-08,2.3860000055719865e-06,0.0,5.499998678715201e-08,0.0,0,False
633,9.70000002098459e-07,5.500001520886144e-08,2.3249999969721102e-06,0.0,5.500001520886144e-08,0.0,0,False
634,1.0669999994661339e-06,5.300000793795334e-08,2.184999999599313e-06,0.0,5.300000793795334e-08,0.0,0,False
635,9.439999928417819e-07,5.200001851335401e-08,2.2360000002663583e-06,0.0,5.200001851335401e-08,0.0,0,False
636,1.0310000106983352e-06,5.299997951624391e-08,2.1919999824149272e-06,0.0,5.299997951624391e-08,0.0,0,False
637,9.509999756573961e-07,5.100000066704524e-08,2.1760000095127907e-06,0.0,5.100000066704524e-08,0.0,0,False
638,8.709999974598759e-07,5.300000793795334e-08,2.225000002908928e-06,0.0,5.300000793795334e-08,0.0,0,False
639,9.180000120068144e-07,5.300000793795334e-08,2.1900000035657285e-06,0.0,5.300000793795334e-08,0.0,0,False
640,9.200000192777225e-07,5.100000066704524e-08,2.332000008209434e-06,0.0,5.100000066704524e-08,0.0,0,False
641,8.780000086971995e-07,5.200001851335401e-08,2.198999993652251e-06,0.0,5.200001851335401e-08,0.0,0,False
642,8.899999954792293e-07,5.300000793795334e-08,2.193000000261236e-06,0.0,5.300000793795334e-08,0.0,0,False
643,9.689999842521502e-07,5.100000066704524e-08,3.3800000096562144e-06,0.0,5.100000066704524e-08,0.0,0,False
644,8.829999842419056e-07,5.300000793795334e-08,2.152999996951621e-06,0.0,5.300000793795334e-08,0.0,0,False
645,9.4600000011269e-07,5.000001124244591e-08,1.8629999942731956e-06,0.0,5.000001124244591e-08,0.0,0,False
646,9.000000034120603e-07,5.200001851335401e-08,2.2019999903477583e-06,0.0,5.200001851335401e-08,0.0,0,False
647,9.130000080403988e-07,5.200001851335401e-08,2.213000016126898e-06,0.0,5.200001851335401e-08,0.0,0,False
648,9.849999855759961e-07,5.300000793795334e-08,2.1799999956328975e-06,0.0,5.300000793795334e-08,0.0,0,False
649,9.000000034120603e-07,5.199999009164458e-08,2.180999985057497e-06,0.0,5.199999009164458e-08,0.0,0,False
650,8.709999974598759e-07,5.300000793795334e-08,2.1310000022367603e-06,0.0,5.300000793795334e-08,0.0,0,False
651,8.589999822561367e-07,5.199999009164458e-08,2.2620000095230353e-06,0.0,5.199999009164458e-08,0.0,0,False
652,8.940000100210455e-07,6.600001256629184e-08,2.1599999797672353e-06,0.0,6.600001256629184e-08,0.0,0,False
653,9.080000040739833e-07,5.200001851335401e-08,2.2080000121604826e-06,0.0,5.200001851335401e-08,0.0,0,False
654,9.949999935088272e-07,5.199999009164458e-08,1.8940000074962882e-06,0.0,5.199999009164458e-08,0.0,0,False
655,9.340000133306603e-07,5.100000066704524e-08,2.249999994319296e-06,0.0,5.100000066704524e-08,0.0,0,False
656,8.920000027501374e-07,5.199999009164458e-08,2.196000025378453e-06,0.0,5.199999009164458e-08,0.0,0,False
657,8.890000060546299e-07,5.299997951624391e-08,2.1600000081889448e-06,0.0,5.299997951624391e-08,0.0,0,False
658,9.440000212634914e-07,5.3999997362552676e-08,2.225999992333527e-06,0.0,5.3999997362552676e-08,0.0,0,False
659,8.829999842419056e-07,5.199999009164458e-08,2.1779999883619894e-06,0.0,5.199999009164458e-08,0.0,0,False
660,9.320000060597522e-07,5.300000793795334e-08,2.2759999751542637e-06,0.0,5.300000793795334e-08,0.0,0,False
661,8.699999796135671e-07,5.199999009164458e-08,1.2741999995569131e-05,0.0,5.199999009164458e-08,0.0,0,False
662,3.311000000394415e-06,2.1200000333010394e-07,3.1419999970694334e-06,0.0,2.1200000333010394e-07,0.0,0,False
663,1.6139999843289843e-06,1.1200000926692155e-07,2.4830000029396615e-06,0.0,1.1200000926692155e-07,0.0,0,False
664,1.1560000245935953e-06,7.999997819752025e-08,2.3019999844109407e-06,0.0,7.999997819752025e-08,0.0,0,False
665,1.0939999981474102e-06,7.999997819752025e-08,2.9720000043198525e-06,0.0,7.999997819752025e-08,0.0,0,False
666,1.168000011375625e-06,7.700000992372225e-08,2.389000002267494e-06,0.0,7.700000992372225e-08,0.0,0,False
667,1.2499999968440534e-06,6.999999868639861e-08,2.080000001569715e-06,0.0,6.999999868639861e-08,0.0,0,False
668,1.1859999915486696e-06,5.199999009164458e-08,2.2740000247267744e-06,0.0,5.199999009164458e-08,0.0,0,False
669,9.329999954843515e-07,5.499998678715201e-08,2.1740000022418826e-06,0.0,5.499998678715201e-08,0.0,0,False
670,9.219999981269211e-07,1.7700000398690463e-07,3.599999985226532e-06,0.0,1.7700000398690463e-07,0.0,0,False
671,2.597000019477491e-06,1.0599998745419725e-07,2.627000014854275e-06,0.0,1.0599998745419725e-07,0.0,0,False
672,1.4679999935651722e-06,1.1299999869152089e-07,2.5379999897268135e-06,0.0,1.1299999869152089e-07,0.0,0,False
673,1.2900000001536682e-06,7.799999934832158e-08,2.5439999831178284e-06,0.0,7.799999934832158e-08,0.0,0,False
674,1.1999999856016075e-06,5.200001851335401e-08,1.4539000005697744e-05,0.0,5.200001851335401e-08,0.0,0,False
675,1.4309999869510648e-06,7.400001322821481e-08,2.534999993031306e-06,0.0,7.400001322821481e-08,0.0,0,False
676,1.2179999941963615e-06,6.299998744907498e-08,2.39300001680931e-06,0.0,6.299998744907498e-08,0.0,0,False
677,1.0689999783153326e-06,5.6000004633460776e-08,2.3099999850728636e-06,0.0,5.6000004633460776e-08,0.0,0,False
678,9.930000146596285e-07,5.199999009164458e-08,2.1860000174456218e-06,0.0,5.199999009164458e-08,0.0,0,False
679,1.0180000060699967e-06,5.200001851335401e-08,2.2449999903528806e-06,0.0,5.200001851335401e-08,0.0,0,False
680,9.690000126738596e-07,7.400001322821481e-08,2.1319999916613597e-06,0.0,7.400001322821481e-08,0.0,0,False
681,1.0120000126789819e-06,7.299999538190605e-08,2.2830000148132967e-06,0.0,7.299999538190605e-08,0.0,0,False
682,1.0550000126841041e-06,5.100000066704524e-08,2.136000006203176e-06,0.0,5.100000066704524e-08,0.0,0,False
683,1.0759999895526562e-06,5.400002578426211e-08,2.2300000068753434e-06,0.0,5.400002578426211e-08,0.0,0,False
684,1.01400001994989e-06,5.100000066704524e-08,2.2529999910148035e-06,0.0,5.100000066704524e-08,0.0,0,False
685,9.629999908611353e-07,5.3999997362552676e-08,2.2709999996095576e-06,0.0,5.3999997362552676e-08,0.0,0,False
686,9.919999968133197e-07,6.300001587078441e-08,2.190999992990328e-06,0.0,6.300001587078441e-08,0.0,0,False
687,9.219999981269211e-07,6.700000199089118e-08,2.162000015459853e-06,0.0,6.700000199089118e-08,0.0,0,False
688,9.799999816095806e-07,5.3999997362552676e-08,2.1660000015799596e-06,0.0,5.3999997362552676e-08,0.0,0,False
689,9.549999901992123e-07,5.3999997362552676e-08,2.1399999923232826e-06,0.0,5.3999997362552676e-08,0.0,0,False
690,9.259999842470279e-07,6.999999868639861e-08,2.2529999910148035e-06,0.0,6.999999868639861e-08,0.0,0,False
691,9.329999954843515e-07,7.200000595730671e-08,2.267000013489451e-06,0.0,7.200000595730671e-08,0.0,0,False
692,9.409999961462745e-07,7.400001322821481e-08,2.257999994981219e-06,0.0,7.400001322821481e-08,0.0,0,False
693,1.0219999921901035e-06,7.799999934832158e-08,2.160999997613544e-06,0.0,7.799999934832158e-08,0.0,0,False
694,9.690000126738596e-07,5.100000066704524e-08,2.2389999969618657e-06,0.0,5.100000066704524e-08,0.0,0,False
695,9.970000007797353e-07,5.300000793795334e-08,2.3199999930056947e-06,0.0,5.300000793795334e-08,0.0,0,False
696,9.350000027552596e-07,7.599999207741348e-08,1.9590000022162712e-06,0.0,7.599999207741348e-08,0.0,0,False
697,9.930000146596285e-07,7.200000595730671e-08,1.9310000141103956e-06,0.0,7.200000595730671e-08,0.0,0,False
698,9.289999809425353e-07,6.799999141549051e-08,2.0529999744667293e-06,0.0,6.799999141549051e-08,0.0,0,False
699,8.719999868844752e-07,7.500000265281415e-08,2.4450000069009548e-06,0.0,7.500000265281415e-08,0.0,0,False
700,8.760000014262914e-07,7.200000595730671e-08,2.276000003575973e-06,0.0,7.200000595730671e-08,0.0,0,False
701,9.19999990856013e-07,6.700000199089118e-08,2.237000018112667e-06,0.0,6.700000199089118e-08,0.0,0,False
702,2.0649999896704685e-06,5.3999997362552676e-08,2.280999979120679e-06,0.0,5.3999997362552676e-08,0.0,0,False
703,1.0029999941707501e-06,5.299997951624391e-08,2.2429999830819725e-06,0.0,5.299997951624391e-08,0.0,0,False
704,9.299999987888441e-07,5.3999997362552676e-08,2.1390000028986833e-06,0.0,5.3999997362552676e-08,0.0,0,False
705,9.360000206015684e-07,5.300000793795334e-08,2.195000007532144e-06,0.0,5.300000793795334e-08,0.0,0,False
706,9.19999990856013e-07,5.499998678715201e-08,2.1419999995941907e-06,0.0,5.499998678715201e-08,0.0,0,False
707,9.089999934985826e-07,5.300000793795334e-08,2.2480000154700974e-06,0.0,5.300000793795334e-08,0.0,0,False
708,9.069999862276745e-07,5.6000004633460776e-08,2.096000002893561e-06,0.0,5.6000004633460776e-08,0.0,0,False
709,9.200000192777225e-07,7.099998811099795e-08,2.2209999883671117e-06,0.0,7.099998811099795e-08,0.0,0,False
710,8.770000192726002e-07,5.3999997362552676e-08,2.297999998290834e-06,0.0,5.3999997362552676e-08,0.0,0,False
711,9.750000060648745e-07,6.100000859987631e-08,2.233000003570851e-06,0.0,6.100000859987631e-08,0.0,0,False
712,9.219999981269211e-07,6.199999802447564e-08,2.417000018795079e-06,0.0,6.199999802447564e-08,0.0,0,False
713,1.0260000067319197e-06,5.700002247976954e-08,2.5070000049254304e-06,0.0,5.700002247976954e-08,0.0,0,False
714,9.74999977643165e-07,5.199999009164458e-08,2.286000011508804e-06,0.0,5.199999009164458e-08,0.0,0,False
715,9.239999769761198e-07,5.200001851335401e-08,2.1550000042225292e-06,0.0,5.200001851335401e-08,0.0,0,False
716,9.580000153164292e-07,6.199999802447564e-08,2.2740000247267744e-06,0.0,6.199999802447564e-08,0.0,0,False
717,9.529999829283042e-07,5.3999997362552676e-08,2.104000003555484e-06,0.0,5.3999997362552676e-08,0.0,0,False
718,9.400000067216752e-07,5.300000793795334e-08,2.19999998307685e-06,0.0,5.300000793795334e-08,0.0,0,False
719,9.230000159732299e-07,5.000001124244591e-08,2.213000016126898e-06,0.0,5.000001124244591e-08,0.0,0,False
720,1.034999996818442e-06,6.400000529538374e-08,2.1260000266920542e-06,0.0,6.400000529538374e-08,0.0,0,False
721,9.649999981320434e-07,7.300002380361548e-08,1.8510000074911659e-06,0.0,7.300002380361548e-08,0.0,0,False
722,9.56000008045521e-07,7.300002380361548e-08,2.187000006870221e-06,0.0,7.300002380361548e-08,0.0,0,False
723,1.0929999803011015e-06,9.400000067216752e-08,2.2950000015953265e-06,0.0,9.400000067216752e-08,0.0,0,False
724,1.1019999988093332e-06,8.000000661922968e-08,2.1799999956328975e-06,0.0,8.000000661922968e-08,0.0,0,False
725,8.899999954792293e-07,5.6000004633460776e-08,2.163000004884452e-06,0.0,5.6000004633460776e-08,0.0,0,False
726,9.309999882134434e-07,5.700002247976954e-08,2.2380000075372664e-06,0.0,5.700002247976954e-08,0.0,0,False
727,9.119999901940901e-07,5.3999997362552676e-08,2.187000006870221e-06,0.0,5.3999997362552676e-08,0.0,0,False
728,9.35999992179859e-07,5.299997951624391e-08,1.8890000035298726e-06,0.0,5.299997951624391e-08,0.0,0,False
729,9.480000073835981e-07,5.499998678715201e-08,2.1470000035606063e-06,0.0,5.499998678715201e-08,0.0,0,False
730,9.259999842470279e-07,5.3999997362552676e-08,2.227000010179836e-06,0.0,5.3999997362552676e-08,0.0,0,False
731,8.719999868844752e-07,5.499998678715201e-08,2.247999987048388e-06,0.0,5.499998678715201e-08,0.0,0,False
732,9.549999901992123e-07,5.300000793795334e-08,2.2640000167939434e-06,0.0,5.300000793795334e-08,0.0,0,False
733,8.81000005392707e-07,5.200001851335401e-08,2.1799999956328975e-06,0.0,5.200001851335401e-08,0.0,0,False
734,9.290000093642448e-07,5.6000004633460776e-08,2.0589999962794536e-06,0.0,5.6000004633460776e-08,0.0,0,False
735,9.480000073835981e-07,5.3999997362552676e-08,2.184999999599313e-06,0.0,5.3999997362552676e-08,0.0,0,False
736,9.729999987939664e-07,5.199999009164458e-08,2.27999998969608e-06,0.0,5.199999009164458e-08,0.0,0,False
737,8.83000012663615e-07,5.3999997362552676e-08,2.278000010846881e-06,0.0,5.3999997362552676e-08,0.0,0,False
738,1.1510000206271798e-06,7.500000265281415e-08,2.516000023433662e-06,0.0,7.500000265281415e-08,0.0,0,False
739,1.2929999968491757e-06,5.500001520886144e-08,2.3030000022572494e-06,0.0,5.500001520886144e-08,0.0,0,False
740,9.70000002098459e-07,5.299997951624391e-08,2.1699999877000664e-06,0.0,5.299997951624391e-08,0.0,0,False
741,8.840000020882144e-07,5.500001520886144e-08,2.3560000101952028e-06,0.0,5.500001520886144e-08,0.0,0,False
742,9.62000001436536e-07,5.500001520886144e-08,2.2000000114985596e-06,0.0,5.500001520886144e-08,0.0,0,False
743,9.88000010693213e-07,6.400000529538374e-08,2.172999984395574e-06,0.0,6.400000529538374e-08,0.0,0,False
744,8.530000172868313e-07,5.3999997362552676e-08,2.1079999896755908e-06,0.0,5.3999997362552676e-08,0.0,0,False
745,9.319999776380428e-07,5.5999976211751346e-08,1.8620000048485963e-06,0.0,5.5999976211751346e-08,0.0,0,False
746,8.510000100159232e-07,5.100000066704524e-08,2.1049999929800833e-06,0.0,5.100000066704524e-08,0.0,0,False
747,8.83000012663615e-07,5.199999009164458e-08,2.084999977114421e-06,0.0,5.199999009164458e-08,0.0,0,False
748,8.350000086920772e-07,5.300000793795334e-08,2.180999985057497e-06,0.0,5.300000793795334e-08,0.0,0,False
749,9.4600000011269e-07,5.200001851335401e-08,2.195000007532144e-06,0.0,5.200001851335401e-08,0.0,0,False
750,9.219999981269211e-07,5.000001124244591e-08,2.144000006865099e-06,0.0,5.000001124244591e-08,0.0,0,False
751,8.629999967979529e-07,5.100000066704524e-08,3.147000001035849e-06,0.0,5.100000066704524e-08,0.0,0,False
752,9.150000153113069e-07,6.700000199089118e-08,2.1490000108315144e-06,0.0,6.700000199089118e-08,0.0,0,False
753,9.819999888804887e-07,5.5999976211751346e-08,2.1310000022367603e-06,0.0,5.5999976211751346e-08,0.0,0,False
754,8.799999875463982e-07,5.000001124244591e-08,2.243000011503682e-06,0.0,5.000001124244591e-08,0.0,0,False
755,8.519999994405225e-07,5.300000793795334e-08,1.921999995602164e-06,0.0,5.300000793795334e-08,0.0,0,False
756,9.01999982261259e-07,5.500001520886144e-08,2.1299999843904516e-06,0.0,5.500001520886144e-08,0.0,0,False
757,8.969999782948435e-07,5.500001520886144e-08,1.8160000081479666e-06,0.0,5.500001520886144e-08,0.0,0,False
758,8.769999908508908e-07,5.000001124244591e-08,2.1799999956328975e-06,0.0,5.000001124244591e-08,0.0,0,False
759,1.0200000133409048e-06,5.3999997362552676e-08,2.231999985724542e-06,0.0,5.3999997362552676e-08,0.0,0,False
760,9.680000232492603e-07,6.700000199089118e-08,2.0260000042071624e-06,0.0,6.700000199089118e-08,0.0,0,False
761,9.62000001436536e-07,5.300000793795334e-08,2.259000012827528e-06,0.0,5.300000793795334e-08,0.0,0,False
762,9.770000133357826e-07,5.500001520886144e-08,2.17699999893739e-06,0.0,5.500001520886144e-08,0.0,0,False
763,1.0290000034274271e-06,5.400002578426211e-08,2.0770000048742077e-06,0.0,5.400002578426211e-08,0.0,0,False
764,9.329999954843515e-07,5.699999405806011e-08,2.2019999903477583e-06,0.0,5.699999405806011e-08,0.0,0,False
765,9.450000106880907e-07,7.799999934832158e-08,2.088000002231638e-06,0.0,7.799999934832158e-08,0.0,0,False
766,9.159999763141968e-07,5.199999009164458e-08,2.2709999996095576e-06,0.0,5.199999009164458e-08,0.0,0,False
767,8.799999875463982e-07,5.3999997362552676e-08,2.365000000281725e-06,0.0,5.3999997362552676e-08,0.0,0,False
768,9.229999875515205e-07,6.400000529538374e-08,2.2480000154700974e-06,0.0,6.400000529538374e-08,0.0,0,False
769,9.70000002098459e-07,6.300001587078441e-08,2.1910000214120373e-06,0.0,6.300001587078441e-08,0.0,0,False
770,9.489999968081975e-07,5.500001520886144e-08,1.3367000008202012e-05,0.0,5.500001520886144e-08,0.0,0,False
771,1.0680000173124427e-06,7.600002049912291e-08,2.378999994334663e-06,0.0,7.600002049912291e-08,0.0,0,False
772,9.649999981320434e-07,6.799999141549051e-08,2.0500000061929313e-06,0.0,6.799999141549051e-08,0.0,0,False
773,9.64000008707444e-07,8.899999670575198e-08,2.3560000101952028e-06,0.0,8.899999670575198e-08,0.0,0,False
774,9.559999796238117e-07,7.099998811099795e-08,2.0260000042071624e-06,0.0,7.099998811099795e-08,0.0,0,False
775,9.599999941656279e-07,5.300000793795334e-08,2.2220000062134204e-06,0.0,5.300000793795334e-08,0.0,0,False
776,9.70000002098459e-07,5.900000132896821e-08,2.284000004237896e-06,0.0,5.900000132896821e-08,0.0,0,False
777,9.680000232492603e-07,6.299998744907498e-08,2.3039999916818488e-06,0.0,6.299998744907498e-08,0.0,0,False
778,9.54000000774613e-07,5.3999997362552676e-08,2.2449999903528806e-06,0.0,5.3999997362552676e-08,0.0,0,False
779,9.049999789567664e-07,5.500001520886144e-08,2.2960000194416352e-06,0.0,5.500001520886144e-08,0.0,0,False
780,9.890000001178123e-07,7.099998811099795e-08,2.2220000062134204e-06,0.0,7.099998811099795e-08,0.0,0,False
781,9.160000047359063e-07,5.300000793795334e-08,2.209000001585082e-06,0.0,5.300000793795334e-08,0.0,0,False
782,1.0130000021035812e-06,5.100000066704524e-08,2.2509999837438954e-06,0.0,5.100000066704524e-08,0.0,0,False
783,9.670000054029515e-07,5.500001520886144e-08,2.1719999949709745e-06,0.0,5.500001520886144e-08,0.0,0,False
784,9.979999902043346e-07,5.499998678715201e-08,2.1830000207501143e-06,0.0,5.499998678715201e-08,0.0,0,False
785,9.819999888804887e-07,6.800001983719994e-08,2.1289999949658522e-06,0.0,6.800001983719994e-08,0.0,0,False
786,9.860000034223049e-07,5.300000793795334e-08,2.340999998295956e-06,0.0,5.300000793795334e-08,0.0,0,False
787,9.299999987888441e-07,5.499998678715201e-08,2.366000018128034e-06,0.0,5.499998678715201e-08,0.0,0,False
788,9.839999961513968e-07,5.8000011904368876e-08,2.2420000220790826e-06,0.0,5.8000011904368876e-08,0.0,0,False
789,9.599999941656279e-07,7.099998811099795e-08,2.287999990358003e-06,0.0,7.099998811099795e-08,0.0,0,False
790,9.410000245679839e-07,6.900000926179928e-08,2.365000000281725e-06,0.0,6.900000926179928e-08,0.0,0,False
791,9.210000087023218e-07,6.499999471998308e-08,1.9860000008975476e-06,0.0,6.499999471998308e-08,0.0,0,False
792,9.379999994507671e-07,6.699997356918175e-08,2.2599999738304177e-06,0.0,6.699997356918175e-08,0.0,0,False
793,2.2120000267022988e-06,5.3999997362552676e-08,2.2200000273642218e-06,0.0,5.3999997362552676e-08,0.0,0,False
794,9.82000017302198e-07,6.199999802447564e-08,2.289999997628911e-06,0.0,6.199999802447564e-08,0.0,0,False
795,9.290000093642448e-07,5.6000004633460776e-08,2.2750000141513738e-06,0.0,5.6000004633460776e-08,0.0,0,False
796,9.240000053978292e-07,5.900000132896821e-08,2.259000012827528e-06,0.0,5.900000132896821e-08,0.0,0,False
797,1.0699999961616413e-06,5.7999983482659445e-08,2.383000008876479e-06,0.0,5.7999983482659445e-08,0.0,0,False
798,9.940000040842278e-07,6.399997687367431e-08,2.0219999896653462e-06,0.0,6.399997687367431e-08,0.0,0,False
799,9.09999982923182e-07,5.700002247976954e-08,2.289999997628911e-06,0.0,5.700002247976954e-08,0.0,0,False
800,9.139999974649982e-07,5.500001520886144e-08,2.3939999778122e-06,0.0,5.500001520886144e-08,0.0,0,False
801,9.649999981320434e-07,8.500001058564521e-08,2.305999998952757e-06,0.0,8.500001058564521e-08,0.0,0,False
802,9.869999928469042e-07,6.600001256629184e-08,2.3519999956533866e-06,0.0,6.600001256629184e-08,0.0,0,False
803,8.800000159681076e-07,5.300000793795334e-08,2.3929999883876008e-06,0.0,5.300000793795334e-08,0.0,0,False
804,9.430000034171826e-07,5.7999983482659445e-08,2.239000025383575e-06,0.0,5.7999983482659445e-08,0.0,0,False
805,9.869999928469042e-07,5.3999997362552676e-08,2.203000008194067e-06,0.0,5.3999997362552676e-08,0.0,0,False
806,9.030000001075678e-07,5.199999009164458e-08,2.2160000128224056e-06,0.0,5.199999009164458e-08,0.0,0,False
807,9.979999902043346e-07,5.3999997362552676e-08,2.128000005541253e-06,0.0,5.3999997362552676e-08,0.0,0,False
808,9.479999789618887e-07,5.8000011904368876e-08,1.900000000887303e-06,0.0,5.8000011904368876e-08,0.0,0,False
809,9.270000020933367e-07,5.200001851335401e-08,1.8709999949351186e-06,0.0,5.200001851335401e-08,0.0,0,False
810,8.970000067165529e-07,5.500001520886144e-08,2.146000014136007e-06,0.0,5.500001520886144e-08,0.0,0,False
811,9.759999954894738e-07,5.3999997362552676e-08,2.3279999936676177e-06,0.0,5.3999997362552676e-08,0.0,0,False
812,1.1220000146749953e-06,5.199999009164458e-08,2.2360000002663583e-06,0.0,5.199999009164458e-08,0.0,0,False
813,9.420000139925833e-07,5.3999997362552676e-08,2.260000002252127e-06,0.0,5.3999997362552676e-08,0.0,0,False
814,9.159999763141968e-07,5.900000132896821e-08,2.1730000128172833e-06,0.0,5.900000132896821e-08,0.0,0,False
815,9.139999974649982e-07,5.499998678715201e-08,2.0329999870227766e-06,0.0,5.499998678715201e-08,0.0,0,False
816,9.339999849089509e-07,5.300000793795334e-08,1.1996000012004515e-05,0.0,5.300000793795334e-08,0.0,0,False
817,3.3780000023853063e-06,1.809999901070114e-07,3.4349999964433664e-06,0.0,1.809999901070114e-07,0.0,0,False
818,1.5229999803523242e-06,8.600000001024455e-08,2.627999975857165e-06,0.0,8.600000001024455e-08,0.0,0,False
819,1.200000014023317e-06,1.3199999671087426e-07,2.463000015495709e-06,0.0,1.3199999671087426e-07,0.0,0,False
820,1.238999999486623e-06,8.000000661922968e-08,2.2929999943244184e-06,0.0,8.000000661922968e-08,0.0,0,False
821,1.1269999902197014e-06,6.900000926179928e-08,2.4009999890495237e-06,0.0,6.900000926179928e-08,0.0,0,False
822,1.0020000047461508e-06,6.799999141549051e-08,2.31399999961468e-06,0.0,6.799999141549051e-08,0.0,0,False
823,9.370000100261677e-07,5.500001520886144e-08,2.3370000121758494e-06,0.0,5.500001520886144e-08,0.0,0,False
824,9.310000166351529e-07,5.300000793795334e-08,2.3089999956482643e-06,0.0,5.300000793795334e-08,0.0,0,False
825,8.799999875463982e-07,6.400000529538374e-08,2.209000001585082e-06,0.0,6.400000529538374e-08,0.0,0,False
826,9.930000146596285e-07,8.300000331473711e-08,2.273999996305065e-06,0.0,8.300000331473711e-08,0.0,0,False
827,8.750000120016921e-07,6.499999471998308e-08,2.205999976467865e-06,0.0,6.499999471998308e-08,0.0,0,False
828,9.729999987939664e-07,6.300001587078441e-08,2.1590000187643454e-06,0.0,6.300001587078441e-08,0.0,0,False
829,9.439999928417819e-07,5.499998678715201e-08,2.2870000009334035e-06,0.0,5.499998678715201e-08,0.0,0,False
830,1.006000019287967e-06,5.500001520886144e-08,2.397000002929417e-06,0.0,5.500001520886144e-08,0.0,0,False
831,9.369999816044583e-07,8.699998943484388e-08,2.579000010882737e-06,0.0,8.699998943484388e-08,0.0,0,False
832,1.1379999875771318e-06,5.3999997362552676e-08,2.33699998375414e-06,0.0,5.3999997362552676e-08,0.0,0,False
833,1.0919999908765021e-06,8.099999604382901e-08,3.517000010333504e-06,0.0,8.099999604382901e-08,0.0,0,False
834,9.710000199447677e-07,6.399997687367431e-08,2.3510000062287872e-06,0.0,6.399997687367431e-08,0.0,0,False
835,1.0029999941707501e-06,5.400002578426211e-08,2.344999984416063e-06,0.0,5.400002578426211e-08,0.0,0,False
836,9.069999862276745e-07,5.500001520886144e-08,2.2380000075372664e-06,0.0,5.500001520886144e-08,0.0,0,False
837,1.0820000113653805e-06,1.500000053056283e-07,2.510000001620938e-06,0.0,1.500000053056283e-07,0.0,0,False
838,1.1169999822868704e-06,5.300000793795334e-08,2.304000020103558e-06,0.0,5.300000793795334e-08,0.0,0,False
839,9.439999928417819e-07,5.200001851335401e-08,2.0159999962743314e-06,0.0,5.200001851335401e-08,0.0,0,False
840,9.439999928417819e-07,5.3999997362552676e-08,1.967000002878194e-06,0.0,5.3999997362552676e-08,0.0,0,False
841,9.709999915230583e-07,5.299997951624391e-08,2.2769999930005724e-06,0.0,5.299997951624391e-08,0.0,0,False
842,9.679999948275508e-07,5.200001851335401e-08,2.23399999299545e-06,0.0,5.200001851335401e-08,0.0,0,False
843,9.670000054029515e-07,5.6000004633460776e-08,2.203000008194067e-06,0.0,5.6000004633460776e-08,0.0,0,False
844,9.07000014649384e-07,5.3999997362552676e-08,2.1719999949709745e-06,0.0,5.3999997362552676e-08,0.0,0,False
845,9.139999974649982e-07,5.200001851335401e-08,2.2469999976237887e-06,0.0,5.200001851335401e-08,0.0,0,False
846,1.0239999994610116e-06,5.3999997362552676e-08,1.958000012791672e-06,0.0,5.3999997362552676e-08,0.0,0,False
847,9.770000133357826e-07,5.3999997362552676e-08,2.4269999983062007e-06,0.0,5.3999997362552676e-08,0.0,0,False
848,9.82999978305088e-07,6.499999471998308e-08,2.2309999962999427e-06,0.0,6.499999471998308e-08,0.0,0,False
849,9.599999941656279e-07,6.700000199089118e-08,2.1490000108315144e-06,0.0,6.700000199089118e-08,0.0,0,False
850,9.030000001075678e-07,7.200000595730671e-08,2.2300000068753434e-06,0.0,7.200000595730671e-08,0.0,0,False
851,8.930000205964461e-07,7.200000595730671e-08,1.910000008820134e-06,0.0,7.200000595730671e-08,0.0,0,False
852,9.160000047359063e-07,7.299999538190605e-08,2.297999998290834e-06,0.0,7.299999538190605e-08,0.0,0,False
853,9.559999796238117e-07,6.700000199089118e-08,2.148999982409805e-06,0.0,6.700000199089118e-08,0.0,0,False
854,9.350000027552596e-07,7.999997819752025e-08,2.196000025378453e-06,0.0,7.999997819752025e-08,0.0,0,False
855,9.480000073835981e-07,7.900001719463035e-08,2.2549999982857116e-06,0.0,7.900001719463035e-08,0.0,0,False
856,9.35999992179859e-07,6.999999868639861e-08,2.2380000075372664e-06,0.0,6.999999868639861e-08,0.0,0,False
857,9.92999986237919e-07,6.700000199089118e-08,2.193000000261236e-06,0.0,6.700000199089118e-08,0.0,0,False
858,9.379999994507671e-07,8.499998216393578e-08,2.1570000114934373e-06,0.0,8.499998216393578e-08,0.0,0,False
859,9.009999928366597e-07,7.099998811099795e-08,2.140000020744992e-06,0.0,7.099998811099795e-08,0.0,0,False
860,9.069999862276745e-07,5.500001520886144e-08,2.229999978453634e-06,0.0,5.500001520886144e-08,0.0,0,False
861,9.329999954843515e-07,5.499998678715201e-08,2.2120000267022988e-06,0.0,5.499998678715201e-08,0.0,0,False
862,9.90000017964121e-07,5.6000004633460776e-08,2.338999991025048e-06,0.0,5.6000004633460776e-08,0.0,0,False
863,9.030000001075678e-07,7.200000595730671e-08,2.3780000049100636e-06,0.0,7.200000595730671e-08,0.0,0,False
864,9.169999941605056e-07,5.3999997362552676e-08,2.1660000015799596e-06,0.0,5.3999997362552676e-08,0.0,0,False
865,1.0620000239214278e-06,5.300000793795334e-08,2.2289999890290346e-06,0.0,5.300000793795334e-08,0.0,0,False
866,1.9089999909738253e-06,5.3999997362552676e-08,1.988999997593055e-05,0.0,5.3999997362552676e-08,0.0,0,False
867,3.6589999865555e-06,1.720000000204891e-07,3.5809999872071785e-06,0.0,1.720000000204891e-07,0.0,0,False
868,1.67500002135057e-06,1.0700000530050602e-07,2.528999999640291e-06,0.0,1.0700000530050602e-07,0.0,0,False
869,1.346000004787129e-06,8.500001058564521e-08,2.550999994355152e-06,0.0,8.500001058564521e-08,0.0,0,False
870,1.2440000034530385e-06,7.799999934832158e-08,2.443999989054646e-06,0.0,7.799999934832158e-08,0.0,0,False
871,1.2419999961821304e-06,5.299997951624391e-08,2.3270000042430183e-06,0.0,5.299997951624391e-08,0.0,0,False
872,1.0400000007848575e-06,5.3999997362552676e-08,2.1150000009129144e-06,0.0,5.3999997362552676e-08,0.0,0,False
873,9.970000007797353e-07,5.500001520886144e-08,2.5300000174866e-06,0.0,5.500001520886144e-08,0.0,0,False
874,9.729999987939664e-07,5.700002247976954e-08,2.2790000002714805e-06,0.0,5.700002247976954e-08,0.0,0,False
875,1.0229999816147028e-06,5.6000004633460776e-08,2.3460000022623717e-06,0.0,5.6000004633460776e-08,0.0,0,False
876,9.88000010693213e-07,5.100000066704524e-08,2.3929999883876008e-06,0.0,5.100000066704524e-08,0.0,0,False
877,1.034999996818442e-06,5.500001520886144e-08,2.284000004237896e-06,0.0,5.500001520886144e-08,0.0,0,False
878,9.299999987888441e-07,5.299997951624391e-08,2.1580000009180367e-06,0.0,5.299997951624391e-08,0.0,0,False
879,8.949999994456448e-07,5.3999997362552676e-08,2.2440000009282812e-06,0.0,5.3999997362552676e-08,0.0,0,False
880,9.059999968030752e-07,5.3999997362552676e-08,2.249999994319296e-06,0.0,5.3999997362552676e-08,0.0,0,False
881,1.0390000113602582e-06,5.3999997362552676e-08,2.2220000062134204e-06,0.0,5.3999997362552676e-08,0.0,0,False
882,9.390000172970758e-07,5.499998678715201e-08,2.26800000291405e-06,0.0,5.499998678715201e-08,0.0,0,False
883,8.949999994456448e-07,8.499998216393578e-08,2.225000002908928e-06,0.0,8.499998216393578e-08,0.0,0,False
884,1.10500002392655e-06,5.3999997362552676e-08,2.1799999956328975e-06,0.0,5.3999997362552676e-08,0.0,0,False
885,9.940000040842278e-07,5.499998678715201e-08,2.233000003570851e-06,0.0,5.499998678715201e-08,0.0,0,False
886,9.049999789567664e-07,5.199999009164458e-08,2.350000016804188e-06,0.0,5.199999009164458e-08,0.0,0,False
887,9.150000153113069e-07,5.100000066704524e-08,2.3009999949863413e-06,0.0,5.100000066704524e-08,0.0,0,False
888,9.069999862276745e-07,6.299998744907498e-08,2.1419999995941907e-06,0.0,6.299998744907498e-08,0.0,0,False
889,9.119999901940901e-07,5.3999997362552676e-08,2.1659999731582502e-06,0.0,5.3999997362552676e-08,0.0,0,False
890,9.000000034120603e-07,6.800001983719994e-08,2.1439999784433894e-06,0.0,6.800001983719994e-08,0.0,0,False
891,9.190000014314137e-07,5.199999009164458e-08,2.2709999996095576e-06,0.0,5.199999009164458e-08,0.0,0,False
892,9.309999882134434e-07,5.3999997362552676e-08,2.260000002252127e-06,0.0,5.3999997362552676e-08,0.0,0,False
893,9.320000060597522e-07,9.099997555495065e-08,2.1580000009180367e-06,0.0,9.099997555495065e-08,0.0,0,False
894,9.19999990856013e-07,5.5999976211751346e-08,1.8389999922874267e-06,0.0,5.5999976211751346e-08,0.0,0,False
895,9.110000007694907e-07,5.3999997362552676e-08,2.217000002247005e-06,0.0,5.3999997362552676e-08,0.0,0,False
896,9.510000040791056e-07,5.3999997362552676e-08,1.924000002873072e-06,0.0,5.3999997362552676e-08,0.0,0,False
897,1.0800000040944724e-06,5.3999997362552676e-08,2.190999992990328e-06,0.0,5.3999997362552676e-08,0.0,0,False
898,9.020000106829684e-07,5.300000793795334e-08,2.1250000088457455e-06,0.0,5.300000793795334e-08,0.0,0,False
899,9.440000212634914e-07,5.300000793795334e-08,2.3599999963153095e-06,0.0,5.300000793795334e-08,0.0,0,False
900,9.280000199396454e-07,5.3999997362552676e-08,2.1419999995941907e-06,0.0,5.3999997362552676e-08,0.0,0,False
901,9.240000053978292e-07,5.3999997362552676e-08,2.2220000062134204e-06,0.0,5.3999997362552676e-08,0.0,0,False
902,9.729999987939664e-07,5.6000004633460776e-08,2.276000003575973e-06,0.0,5.6000004633460776e-08,0.0,0,False
903,9.239999769761198e-07,5.300000793795334e-08,2.1889999857194198e-06,0.0,5.300000793795334e-08,0.0,0,False
904,9.870000212686136e-07,5.300000793795334e-08,2.328999983092217e-06,0.0,5.300000793795334e-08,0.0,0,False
905,9.510000040791056e-07,6.700000199089118e-08,2.1680000088508677e-06,0.0,6.700000199089118e-08,0.0,0,False
906,9.480000073835981e-07,6.499999471998308e-08,2.2100000194313907e-06,0.0,6.499999471998308e-08,0.0,0,False
907,9.240000053978292e-07,5.299997951624391e-08,2.2950000015953265e-06,0.0,5.299997951624391e-08,0.0,0,False
908,9.220000265486306e-07,5.499998678715201e-08,2.241000004232774e-06,0.0,5.499998678715201e-08,0.0,0,False
909,9.039999895321671e-07,5.199999009164458e-08,2.2229999956380198e-06,0.0,5.199999009164458e-08,0.0,0,False
910,9.54000000774613e-07,5.6000004633460776e-08,2.2669999850677414e-06,0.0,5.6000004633460776e-08,0.0,0,False
911,9.660000159783522e-07,5.499998678715201e-08,2.144000006865099e-06,0.0,5.499998678715201e-08,0.0,0,False
912,9.759999954894738e-07,5.300000793795334e-08,2.088000002231638e-06,0.0,5.300000793795334e-08,0.0,0,False
913,9.890000001178123e-07,5.300000793795334e-08,2.1510000181024225e-06,0.0,5.300000793795334e-08,0.0,0,False
914,9.440000212634914e-07,5.299997951624391e-08,2.1230000015748374e-06,0.0,5.299997951624391e-08,0.0,0,False
915,9.890000001178123e-07,6.600001256629184e-08,2.1959999969567434e-06,0.0,6.600001256629184e-08,0.0,0,False
916,9.329999954843515e-07,5.500001520886144e-08,2.259000012827528e-06,0.0,5.500001520886144e-08,0.0,0,False
917,9.530000113500137e-07,5.500001520886144e-08,1.9479999764371314e-06,0.0,5.500001520886144e-08,0.0,0,False
918,9.139999974649982e-07,6.800001983719994e-08,2.193000000261236e-06,0.0,6.800001983719994e-08,0.0,0,False
919,8.330000014211691e-07,5.300000793795334e-08,2.4260000088816014e-06,0.0,5.300000793795334e-08,0.0,0,False
920,9.910000073887204e-07,6.700000199089118e-08,2.180999985057497e-06,0.0,6.700000199089118e-08,0.0,0,False
921,9.4600000011269e-07,5.900000132896821e-08,2.225999992333527e-06,0.0,5.900000132896821e-08,0.0,0,False
922,9.479999789618887e-07,5.400002578426211e-08,2.1470000035606063e-06,0.0,5.400002578426211e-08,0.0,0,False
923,9.470000179589988e-07,5.199999009164458e-08,2.2749999857296643e-06,0.0,5.199999009164458e-08,0.0,0,False
924,9.710000199447677e-07,5.199999009164458e-08,2.292000004899819e-06,0.0,5.199999009164458e-08,0.0,0,False
925,9.160000047359063e-07,5.3999997362552676e-08,2.1379999850523745e-06,0.0,5.3999997362552676e-08,0.0,0,False
926,9.039999895321671e-07,5.299997951624391e-08,2.292000004899819e-06,0.0,5.299997951624391e-08,0.0,0,False
927,9.169999941605056e-07,5.3999997362552676e-08,2.009000013458717e-06,0.0,5.3999997362552676e-08,0.0,0,False
928,1.018999995494596e-06,5.500001520886144e-08,2.3230000181229116e-06,0.0,5.500001520886144e-08,0.0,0,False
929,1.0619999954997184e-06,8.500001058564521e-08,2.168999998275467e-06,0.0,8.500001058564521e-08,0.0,0,False
930,9.970000007797353e-07,5.199999009164458e-08,2.2490000048946968e-06,0.0,5.199999009164458e-08,0.0,0,False
931,9.789999921849812e-07,5.300000793795334e-08,2.4440000174763554e-06,0.0,5.300000793795334e-08,0.0,0,False
932,9.779999743386725e-07,5.299997951624391e-08,2.2349999824200495e-06,0.0,5.299997951624391e-08,0.0,0,False
933,9.879999822715035e-07,5.199999009164458e-08,2.206999994314174e-06,0.0,5.199999009164458e-08,0.0,0,False
934,9.339999849089509e-07,5.200001851335401e-08,2.1920000108366366e-06,0.0,5.200001851335401e-08,0.0,0,False
935,9.719999809476576e-07,5.500001520886144e-08,2.1250000088457455e-06,0.0,5.500001520886144e-08,0.0,0,False
936,9.320000060597522e-07,5.499998678715201e-08,2.292000004899819e-06,0.0,5.499998678715201e-08,0.0,0,False
937,1.2169999763500527e-06,5.300000793795334e-08,2.310000013494573e-06,0.0,5.300000793795334e-08,0.0,0,False
938,9.569999974701204e-07,5.3999997362552676e-08,2.284000004237896e-06,0.0,5.3999997362552676e-08,0.0,0,False
939,9.690000126738596e-07,5.499998678715201e-08,2.0989999995890685e-06,0.0,5.499998678715201e-08,0.0,0,False
940,9.740000166402751e-07,6.499999471998308e-08,3.608999975313054e-06,0.0,6.499999471998308e-08,0.0,0,False
941,9.340000133306603e-07,5.499998678715201e-08,2.2790000002714805e-06,0.0,5.499998678715201e-08,0.0,0,False
942,9.630000192828447e-07,5.400002578426211e-08,2.2279999996044353e-06,0.0,5.400002578426211e-08,0.0,0,False
943,9.419999855708738e-07,5.3999997362552676e-08,2.2629999989476346e-06,0.0,5.3999997362552676e-08,0.0,0,False
944,9.320000060597522e-07,6.499999471998308e-08,2.14299998901879e-06,0.0,6.499999471998308e-08,0.0,0,False
945,9.249999948224286e-07,5.200001851335401e-08,2.162000015459853e-06,0.0,5.200001851335401e-08,0.0,0,False
946,9.489999968081975e-07,5.8000011904368876e-08,2.2810000075423886e-06,0.0,5.8000011904368876e-08,0.0,0,False
947,9.599999941656279e-07,5.100000066704524e-08,1.9870000187438563e-06,0.0,5.100000066704524e-08,0.0,0,False
948,9.530000113500137e-07,5.299997951624391e-08,2.190999992990328e-06,0.0,5.299997951624391e-08,0.0,0,False
949,9.78000002760382e-07,5.499998678715201e-08,2.312000020765481e-06,0.0,5.499998678715201e-08,0.0,0,False
950,8.959999888702441e-07,5.499998678715201e-08,1.873999991630626e-06,0.0,5.499998678715201e-08,0.0,0,False
951,9.499999862327968e-07,8.400002116104588e-08,2.1940000181075447e-06,0.0,8.400002116104588e-08,0.0,0,False
952,9.169999941605056e-07,6.400000529538374e-08,2.1680000088508677e-06,0.0,6.400000529538374e-08,0.0,0,False
953,9.19999990856013e-07,5.6000004633460776e-08,1.9940000015594705e-06,0.0,5.6000004633460776e-08,0.0,0,False
954,9.830000067267974e-07,5.500001520886144e-08,1.8959999863454868e-06,0.0,5.500001520886144e-08,0.0,0,False
955,9.370000100261677e-07,5.200001851335401e-08,2.146000014136007e-06,0.0,5.200001851335401e-08,0.0,0,False
956,9.270000020933367e-07,5.499998678715201e-08,2.305999998952757e-06,0.0,5.499998678715201e-08,0.0,0,False
957,2.5730000174917222e-06,8.899999670575198e-08,2.3880000128428946e-06,0.0,8.899999670575198e-08,0.0,0,False
958,9.569999974701204e-07,7.199997753559728e-08,2.451999989716569e-06,0.0,7.199997753559728e-08,0.0,0,False
959,9.949999935088272e-07,5.499998678715201e-08,2.6390000016363047e-06,0.0,5.499998678715201e-08,0.0,0,False
960,9.940000040842278e-07,5.300000793795334e-08,2.205999976467865e-06,0.0,5.300000793795334e-08,0.0,0,False
961,1.0920000192982116e-06,5.500001520886144e-08,2.312999981768371e-06,0.0,5.500001520886144e-08,0.0,0,False
962,9.420000139925833e-07,5.300000793795334e-08,1.1929999999438223e-05,0.0,5.300000793795334e-08,0.0,0,False
963,1.1639999968338088e-06,7.299999538190605e-08,2.3310000187848345e-06,0.0,7.299999538190605e-08,0.0,0,False
964,9.56000008045521e-07,5.299997951624391e-08,2.2380000075372664e-06,0.0,5.299997951624391e-08,0.0,0,False
965,8.970000067165529e-07,6.299998744907498e-08,2.3130000101900805e-06,0.0,6.299998744907498e-08,0.0,0,False
966,9.649999981320434e-07,5.100000066704524e-08,2.0319999975981773e-06,0.0,5.100000066704524e-08,0.0,0,False
967,1.1359999803062237e-06,1.0899998414970469e-07,3.808000002436529e-06,0.0,1.0899998414970469e-07,0.0,0,False
968,1.5250000160449417e-06,9.000001455206075e-08,3.775000010364238e-06,0.0,9.000001455206075e-08,0.0,0,False
969,1.8369000002849134e-05,2.879999954075174e-07,5.797999989454183e-06,0.0,2.879999954075174e-07,0.0,0,False
970,3.025000012257806e-06,1.7499999671599653e-07,4.3569999945702875e-06,0.0,1.7499999671599653e-07,0.0,0,False
971,2.322000000276603e-06,1.630000099339668e-07,4.024999981311339e-06,0.0,1.630000099339668e-07,0.0,0,False
972,2.0180000035452395e-06,1.370000006772898e-07,3.980000002457018e-06,0.0,1.370000006772898e-07,0.0,0,False
973,1.8650000015441037e-06,1.7499999671599653e-07,3.827999989880482e-06,0.0,1.7499999671599653e-07,0.0,0,False
974,1.8149999903016578e-06,8.900002512746141e-08,3.980000002457018e-06,0.0,8.900002512746141e-08,0.0,0,False
975,4.047999993872509e-06,9.400000067216752e-08,3.846999987899835e-06,0.0,9.400000067216752e-08,0.0,0,False
976,1.657000012755816e-06,8.000000661922968e-08,2.328000022089327e-06,0.0,8.000000661922968e-08,0.0,0,False
977,1.0370000040893501e-06,6.999999868639861e-08,2.494000000297092e-06,0.0,6.999999868639861e-08,0.0,0,False
978,1.0600000166505197e-06,8.400002116104588e-08,2.2950000015953265e-06,0.0,8.400002116104588e-08,0.0,0,False
979,1.0320000001229346e-06,5.699999405806011e-08,2.3929999883876008e-06,0.0,5.699999405806011e-08,0.0,0,False
980,1.0020000047461508e-06,5.7999983482659445e-08,2.367000007552633e-06,0.0,5.7999983482659445e-08,0.0,0,False
981,1.0769999789772555e-06,5.500001520886144e-08,2.3169999963101873e-06,0.0,5.500001520886144e-08,0.0,0,False
982,1.024999988885611e-06,5.699999405806011e-08,2.1190000154547306e-06,0.0,5.699999405806011e-08,0.0,0,False
983,1.0199999849191954e-06,5.900000132896821e-08,2.3860000055719865e-06,0.0,5.900000132896821e-08,0.0,0,False
984,1.073999982281748e-06,5.3999997362552676e-08,2.40500000359134e-06,0.0,5.3999997362552676e-08,0.0,0,False
985,1.0109999948326731e-06,5.7999983482659445e-08,2.289999997628911e-06,0.0,5.7999983482659445e-08,0.0,0,False
986,1.0020000047461508e-06,5.6000004633460776e-08,2.360999985739909e-06,0.0,5.6000004633460776e-08,0.0,0,False
987,9.610000120119366e-07,5.699999405806011e-08,2.469999998311323e-06,0.0,5.699999405806011e-08,0.0,0,False
988,9.92999986237919e-07,5.500001520886144e-08,2.4750000022777385e-06,0.0,5.500001520886144e-08,0.0,0,False
989,1.0380000219356589e-06,5.7999983482659445e-08,2.3929999883876008e-06,0.0,5.7999983482659445e-08,0.0,0,False
990,9.8000001003129e-07,5.7999983482659445e-08,2.344000023413173e-06,0.0,5.7999983482659445e-08,0.0,0,False
991,9.62000001436536e-07,5.699999405806011e-08,2.3359999943295406e-06,0.0,5.699999405806011e-08,0.0,0,False
992,9.869999928469042e-07,5.8000011904368876e-08,2.374000018789957e-06,0.0,5.8000011904368876e-08,0.0,0,False
993,1.006999980290857e-06,5.900000132896821e-08,2.350000016804188e-06,0.0,5.900000132896821e-08,0.0,0,False
994,9.769999849140731e-07,5.3999997362552676e-08,2.360999985739909e-06,0.0,5.3999997362552676e-08,0.0,0,False
995,9.379999994507671e-07,5.699999405806011e-08,2.465999983769507e-06,0.0,5.699999405806011e-08,0.0,0,False
996,9.479999789618887e-07,5.499998678715201e-08,2.4269999983062007e-06,0.0,5.499998678715201e-08,0.0,0,False
997,9.860000034223049e-07,5.7999983482659445e-08,2.286000011508804e-06,0.0,5.7999983482659445e-08,0.0,0,False
998,9.919999968133197e-07,6.000001917527698e-08,2.4620000260711095e-06,0.0,6.000001917527698e-08,0.0,0,False
999,1.07100001400795e-06,5.5999976211751346e-08,2.373000000943648e-06,0.0,5.5999976211751346e-08,0.0,0,False
1000,9.4600000011269e-07,2.159999894502107e-07,4.429000000527594e-06,0.0,2.159999894502107e-07,0.0,0,False
