step,select_seconds,update_seconds,logging_seconds,update_linear_solve_seconds,update_other_seconds,projection_inclusive_seconds,array_payload_bytes,projection_active
1,6.817999999952917e-05,0.0002122349999922335,5.33400000790607e-06,2.042699998128228e-05,0.00019180800001095122,9.667000000490589e-06,96,False
2,3.510700000219913e-05,6.671700000993042e-05,4.44500000185144e-06,6.227000000080807e-06,6.049000000984961e-05,2.9529999778787897e-06,96,False
3,2.7700000003960668e-05,5.8193999990407974e-05,4.1269999826454296e-06,5.194000010533273e-06,5.29999999798747e-05,2.225000002908928e-06,96,False
4,2.5399000008974326e-05,5.628299999216324e-05,3.947999999809326e-06,4.755999981398418e-06,5.152700001076482e-05,2.163000004884452e-06,96,False
5,2.4669999987736446e-05,5.405800001767602e-05,3.851000002441651e-06,4.528000005166177e-06,4.9530000012509845e-05,1.999000005525886e-06,96,False
6,2.4274999987028423e-05,9.967899998741814e-05,5.797000000029584e-06,9.156999993820136e-06,9.0521999993598e-05,4.8539999966124014e-06,96,False
7,3.8383000003250345e-05,6.212400001004426e-05,4.3649999952322105e-06,5.833000017219092e-06,5.6290999992825164e-05,2.72400001222195e-06,96,False
8,2.5595000010980584e-05,5.5330000009234936e-05,4.43400000449401e-06,4.701999984035865e-06,5.062800002519907e-05,2.2060000048895745e-06,96,False
9,2.443700000753779e-05,0.00012693700000454555,7.90999999367159e-06,1.4536999998426836e-05,0.00011240000000611872,5.8469999828503205e-06,96,False
10,4.261899999846719e-05,6.867799999099589e-05,4.869000008511648e-06,6.982999991578254e-06,6.169499999941763e-05,2.6650000108929817e-06,96,False
11,2.8262000000722765e-05,5.874600000765895e-05,4.415000006474656e-06,5.498000007264636e-06,5.324800000039431e-05,2.2480000154700974e-06,96,False
12,2.5643000014952122e-05,5.627299998423041e-05,4.25199999654069e-06,4.6760000032008975e-06,5.159699998102951e-05,2.204000026040376e-06,96,False
13,2.464199999963057e-05,5.498699999861856e-05,4.1870000018207065e-06,4.7149999886642036e-06,5.0272000009954354e-05,2.1940000181075447e-06,96,False
14,2.43709999949715e-05,5.2871000008281044e-05,4.238000002487752e-06,4.431000007798502e-06,4.844000000048254e-05,2.1419999995941907e-06,96,False
15,2.3359000010714226e-05,5.26479999791718e-05,4.051999979992615e-06,4.379999978709748e-06,4.826800000046205e-05,2.0580000068548543e-06,96,False
16,2.312699999151846e-05,5.1671999983682326e-05,4.139999987273768e-06,4.358000012416596e-06,4.731399997126573e-05,2.049000016768332e-06,96,False
17,2.2483000009287935e-05,5.0588000021889457e-05,4.135000011729062e-06,4.318999998531581e-06,4.6269000023357876e-05,2.098000010164469e-06,96,False
18,2.2811999997429666e-05,4.9927999981491666e-05,3.886000001784851e-06,4.181000008429692e-06,4.5746999973061975e-05,2.0740000081787002e-06,96,False
19,2.139599999395614e-05,0.0001269159999992553,7.2479999744246015e-06,3.84099999450882e-06,0.00012307500000474647,1.968999981727393e-06,96,False
20,4.2815999989898046e-05,8.939800000007381e-05,4.6680000025389745e-06,8.398000005627182e-06,8.099999999444663e-05,3.5110000169424893e-06,96,False
21,4.3137000005799564e-05,6.152099999212624e-05,4.302999997207735e-06,5.818999994744445e-06,5.570199999738179e-05,2.593000004935675e-06,96,False
22,2.5477999997747247e-05,9.629100000552171e-05,4.359000001841196e-06,6.815000006099581e-06,8.947599999942213e-05,2.741000002970395e-06,96,False
23,2.5488999995104678e-05,5.45070000157466e-05,4.038000014361387e-06,4.655999987335235e-06,4.985100002841136e-05,2.190999992990328e-06,96,False
24,2.3419000001467793e-05,5.337400000371417e-05,4.178000011734184e-06,4.282999981342073e-06,4.90910000223721e-05,1.9259999817222706e-06,96,False
25,3.5657000012179196e-05,5.5433999989418226e-05,4.145000019661893e-06,4.852000017763203e-06,5.058199997165502e-05,2.3540000029242947e-06,96,False
26,2.298900000141657e-05,5.0944999998137064e-05,3.775000010364238e-06,4.206999989264659e-06,4.6738000008872405e-05,1.9850000114729482e-06,96,False
27,2.2674000007327777e-05,6.561000000715467e-05,3.8659999859191885e-06,4.1529999919021066e-06,6.145700001525256e-05,1.940000004196918e-06,96,False
28,2.3881000004166708e-05,5.204499998967549e-05,3.7039999938315304e-06,4.5019999959095e-06,4.754299999376599e-05,2.2000000114985596e-06,96,False
29,2.2059000002627727e-05,5.0067000017861574e-05,3.640999977960746e-06,4.20599999984006e-06,4.5861000018021514e-05,1.952999980403547e-06,96,False
30,2.1333999995931663e-05,5.685700000412908e-05,3.7320000103591155e-06,5.374000011215685e-06,5.148299999291339e-05,2.346999991686971e-06,96,False
31,2.3032999990846292e-05,5.116299999485818e-05,3.6049999891929474e-06,4.159000013714831e-06,4.700399998114335e-05,2.144999996289698e-06,96,False
32,2.1731999993335194e-05,4.922800002304939e-05,3.904000010379605e-06,4.218000015043799e-06,4.501000000800559e-05,2.0920000167734543e-06,96,False
33,2.1572000008518444e-05,6.341200000292702e-05,3.751000008378469e-06,4.168000003801353e-06,5.924399999912566e-05,1.9860000008975476e-06,96,False
34,2.3631000004797897e-05,5.016200000795834e-05,3.6069999964638555e-06,4.154000009748415e-06,4.6007999998209925e-05,1.9009999903119024e-06,96,False
35,2.0841000008431365e-05,4.7729000016261125e-05,3.5560000242185197e-06,4.1950000024826295e-06,4.3534000013778495e-05,1.9250000207193807e-06,96,False
36,2.0222000017611208e-05,6.554099999789287e-05,3.7129999839180527e-06,3.803000026891823e-06,6.173799997100105e-05,1.8599999975776882e-06,96,False
37,2.193000000261236e-05,4.776800000172443e-05,9.544999983290836e-06,3.958000007742157e-06,4.3809999993982274e-05,1.9770000108110253e-06,96,False
38,2.9025999992882134e-05,5.56349999953909e-05,4.107999984626076e-06,4.4330000150694104e-06,5.120199998032149e-05,2.061999992974961e-06,96,False
39,2.837099998487247e-05,5.0384999980224165e-05,3.152999994426864e-06,4.321999995227088e-06,4.606299998499708e-05,2.1539999863762205e-06,96,False
40,2.0194999990508222e-05,6.299099999296232e-05,3.6210000189385028e-06,3.965999979982371e-06,5.9025000012979945e-05,1.921999995602164e-06,96,False
41,2.2570999988147378e-05,5.373100000838349e-05,3.4970000228895515e-06,5.1330000019333966e-06,4.859800000645009e-05,2.2380000075372664e-06,96,False
42,2.109899998004039e-05,4.7593000005008435e-05,3.1629999739379855e-06,3.9569999898958486e-06,4.3636000015112586e-05,1.9459999975879327e-06,96,False
43,1.9688999998379586e-05,4.610600001342391e-05,3.221000014264064e-06,3.680000020267471e-06,4.242599999315644e-05,1.8770000167478429e-06,96,False
44,1.9690999977228785e-05,5.290800001489515e-05,3.431999999747859e-06,5.1590000111900736e-06,4.774900000370508e-05,2.2689999923386495e-06,96,False
45,2.115399999524925e-05,4.676800000424919e-05,3.256000013607263e-06,3.7990000123500067e-06,4.296899999189918e-05,2.0089999850370077e-06,96,False
46,1.9848999983196336e-05,4.622199998038923e-05,3.3250000228690624e-06,3.828999979305081e-06,4.239300000108415e-05,1.8019999856733193e-06,96,False
47,1.9323999993048346e-05,4.6166000004177477e-05,3.0470000069726666e-06,3.907000007075112e-06,4.2258999997102364e-05,1.9439999903170246e-06,96,False
48,1.9003000005568538e-05,4.482800000005227e-05,3.0829999957404652e-06,3.440000000409782e-06,4.138799999964249e-05,1.8700000055105193e-06,96,False
49,1.910299999963172e-05,4.446300002314274e-05,3.132000017558312e-06,3.4939999977723346e-06,4.0969000025370406e-05,1.7870000021957821e-06,96,False
50,1.8993999987060306e-05,4.488199999741482e-05,3.0330000129197288e-06,3.4509999977672123e-06,4.143099999964761e-05,1.7469999988861673e-06,96,False
51,1.935299999900053e-05,4.549199999814846e-05,3.0779999917740497e-06,3.732999999783715e-06,4.175899999836474e-05,1.912000016091042e-06,96,False
52,1.881800000091971e-05,5.252200000427365e-05,3.6490000070443784e-06,5.051000016464968e-06,4.747099998780868e-05,2.1719999949709745e-06,96,False
53,2.0829000021649335e-05,4.621700000484452e-05,3.159000016239588e-06,3.8210000070648675e-06,4.2395999997779654e-05,1.780000019380168e-06,96,False
54,1.9621999996388695e-05,4.534900000408015e-05,3.222000003688663e-06,3.641999995807055e-06,4.17070000082731e-05,1.8300000022009044e-06,96,False
55,1.9772000001694323e-05,4.627399999890258e-05,3.3340000129555847e-06,3.822999985914066e-06,4.2451000012988516e-05,1.8279999949299963e-06,96,False
56,1.94110000109049e-05,4.618899998831694e-05,3.22599998980877e-06,3.7180000163061777e-06,4.247099997201076e-05,1.9009999903119024e-06,96,False
57,1.9129000008888397e-05,4.628900001080183e-05,3.19100001888728e-06,3.7310000209345162e-06,4.255799998986731e-05,1.7610000213608146e-06,96,False
58,1.9721999990451877e-05,4.5998000018698804e-05,3.160999995088787e-06,3.800000001774606e-06,4.21980000169242e-05,1.7899999988912896e-06,96,False
59,1.933100000428567e-05,4.582799999752751e-05,3.0870000102822814e-06,3.828000018302191e-06,4.199999997922532e-05,1.8300000022009044e-06,96,False
60,1.913899998839952e-05,4.61380000160716e-05,3.1740000281388348e-06,3.6810000096920703e-06,4.245700000637953e-05,1.9679999923027935e-06,96,False
61,1.911499998641375e-05,4.548100000079103e-05,3.3339999845338752e-06,3.687000003083085e-06,4.179399999770794e-05,1.871999984359718e-06,96,False
62,1.920500000096581e-05,4.4949999988830314e-05,3.230000004350586e-06,3.6129999898548704e-06,4.133699999897544e-05,1.881999992292549e-06,96,False
63,1.8935000014153047e-05,4.544399999417692e-05,3.375000005689799e-06,3.833999983271497e-06,4.1610000010905424e-05,1.780000019380168e-06,96,False
64,1.9303000016179794e-05,5.3336999997100065e-05,3.70400002225324e-06,5.052999995314167e-06,4.82840000017859e-05,2.3370000121758494e-06,96,False
65,2.0794000022306136e-05,5.2689000000327724e-05,3.3199999904809374e-06,3.7789999964843446e-06,4.891000000384338e-05,1.9579999843699625e-06,96,False
66,4.0820999998913976e-05,5.128000000809152e-05,3.421999991815028e-06,4.7469999913118954e-06,4.6533000016779624e-05,2.206999994314174e-06,96,False
67,2.0340000020269144e-05,4.650599998967664e-05,3.2399999838617077e-06,3.878999990547527e-06,4.262699999912911e-05,2.06300001082127e-06,96,False
68,1.9119000000955566e-05,4.500099998949736e-05,3.235999997741601e-06,3.553999988525902e-06,4.144700000097146e-05,1.913999994940241e-06,96,False
69,2.011899999843081e-05,4.583099999422302e-05,3.3420000136175076e-06,3.6399999885361467e-06,4.2191000005686874e-05,1.9780000002356246e-06,96,False
70,1.9271999974534992e-05,4.5975000006137634e-05,2.9866000005540627e-05,4.036000007090479e-06,4.1938999999047155e-05,1.8909999823790713e-06,96,False
71,2.2906999987526433e-05,4.774699999643417e-05,3.391999996438244e-06,3.913999989890726e-06,4.383300000654344e-05,1.9880000081684557e-06,96,False
72,1.9565000002330635e-05,4.533200001333171e-05,3.3240000050227536e-06,3.846999987899835e-06,4.148500002543187e-05,1.746000009461568e-06,96,False
73,2.003599999511607e-05,4.5733999996855346e-05,3.4370000037142745e-06,3.7240000096971926e-06,4.200999998715815e-05,1.8740000200523355e-06,96,False
74,2.0202999991170145e-05,4.653999999959524e-05,3.286999998408646e-06,3.814999985252143e-06,4.2725000014343095e-05,1.8859999784126558e-06,96,False
75,1.9059999999626598e-05,7.344899998429355e-05,3.5829999944780866e-06,6.04100000600738e-06,6.740799997828617e-05,2.3839999983010784e-06,96,False
76,2.1009000022331747e-05,4.733299999770679e-05,3.379999981234505e-06,4.026999988582247e-06,4.3306000009124546e-05,2.0239999969362543e-06,96,False
77,1.984300001822703e-05,4.6200000014096076e-05,3.375999995114398e-06,3.7810000037552527e-06,4.2419000010340824e-05,1.7450000200369686e-06,96,False
78,1.9734999995080216e-05,4.589199997440119e-05,3.223999982537862e-06,3.49900000173875e-06,4.239299997266244e-05,1.8469999929493497e-06,96,False
79,1.9495000003644236e-05,4.539799999747629e-05,3.3240000050227536e-06,3.684999995812177e-06,4.171300000166411e-05,1.7490000061570754e-06,96,False
80,1.9117000022106367e-05,4.412599997749567e-05,3.2250000003841706e-06,3.528999997115534e-06,4.059699998038013e-05,1.7759999764166423e-06,96,False
81,1.8562999997584484e-05,5.406899998661174e-05,3.456999991158227e-06,5.234000013842888e-06,4.8834999972768856e-05,2.255999987710311e-06,96,False
82,2.0612999975355706e-05,4.6462999989671516e-05,3.324999994447353e-06,4.044000007752402e-06,4.2418999981919114e-05,1.8940000074962882e-06,96,False
83,1.9097999995665305e-05,4.584499998827596e-05,3.1720000208679267e-06,4.050000001143417e-06,4.179499998713254e-05,1.7659999969055207e-06,96,False
84,1.9259999987752963e-05,4.527600000869825e-05,3.260999989151969e-06,3.466000009666459e-06,4.180999999903179e-05,1.6969999876437214e-06,96,False
85,1.8901000004234447e-05,4.478100001392704e-05,3.3500000142794306e-06,3.6490000070443784e-06,4.113200000688266e-05,1.843000006829243e-06,96,False
86,1.935499997784973e-05,4.556600001137667e-05,3.0919999858269875e-06,3.7389999931747298e-06,4.182700001820194e-05,1.8130000114524591e-06,96,False
87,1.905599998508478e-05,4.502400000205853e-05,3.268000000389293e-06,3.641999995807055e-06,4.1382000006251474e-05,1.881999992292549e-06,96,False
88,1.9221000002289657e-05,4.5255999992832585e-05,3.1559999911223713e-06,3.741000000445638e-06,4.151499999238695e-05,1.8409999995583348e-06,96,False
89,1.903599999764083e-05,4.49449999848639e-05,3.207999981214016e-06,3.737000014325531e-06,4.120799997053837e-05,1.7419999949197518e-06,96,False
90,1.9177999973862825e-05,4.4903999992129684e-05,3.039999995735343e-06,3.6190000116675947e-06,4.128499998046209e-05,1.8700000055105193e-06,96,False
91,1.8729999993638557e-05,4.5357999994166676e-05,3.173000010292526e-06,3.7230000202725932e-06,4.163499997389408e-05,1.736000001528737e-06,96,False
92,3.270299998803239e-05,4.8434999996516126e-05,3.4089999871866894e-06,4.2599999972026126e-06,4.4174999999313513e-05,2.1210000227256387e-06,96,False
93,1.9414000007600407e-05,5.296799997722701e-05,3.464000002395551e-06,5.11799999003415e-06,4.784999998719286e-05,2.1839999817530042e-06,96,False
94,2.0843000015702273e-05,4.6645999987049436e-05,3.187999993770063e-06,3.953000003775742e-06,4.2692999983273694e-05,1.9439999903170246e-06,96,False
95,1.94120000003295e-05,8.036300002345342e-05,4.910000001245862e-06,9.206000015637983e-06,7.115700000781544e-05,3.4050000010665826e-06,96,False
96,2.5970999985247545e-05,5.0100999999358464e-05,3.57900000835798e-06,4.255999982660796e-06,4.584500001669767e-05,2.125999998270345e-06,96,False
97,2.1454000005860507e-05,4.70539999923858e-05,3.337000009651092e-06,3.949000017655635e-06,4.310499997473016e-05,1.8949999969208875e-06,96,False
98,2.001400000040121e-05,4.658400001744667e-05,3.1090000049971422e-06,3.9100000037706195e-06,4.267400001367605e-05,2.010999992307916e-06,96,False
99,2.0347999992509358e-05,4.577300001074036e-05,3.262000006998278e-06,3.835000001117805e-06,4.1938000009622556e-05,1.8789999955970416e-06,96,False
100,1.9511000004968082e-05,4.551099999616781e-05,3.2020000162447104e-06,3.7099999872225453e-06,4.1801000008945266e-05,1.8670000088150118e-06,96,False
101,1.8995999994331214e-05,4.547999998294472e-05,3.222000003688663e-06,3.7220000024262845e-06,4.1757999980518434e-05,1.7899999988912896e-06,96,False
102,1.8904000000929955e-05,4.544299997633061e-05,3.2029999772476003e-06,3.837999997813313e-06,4.16049999785173e-05,1.742999984344351e-06,96,False
103,1.867000000288499e-05,4.489799999873867e-05,3.1909999904655706e-06,3.819999989218559e-06,4.107800000952011e-05,1.7159999856630748e-06,96,False
104,1.860199998304779e-05,7.337200000279154e-05,4.5349999879817915e-06,3.7589999806186825e-06,6.961300002217286e-05,1.6790000074706768e-06,96,False
105,2.5972999992518453e-05,5.2618000012216726e-05,3.7889999759954662e-06,4.408999984661932e-06,4.8209000027554794e-05,2.201000000923159e-06,96,False
106,2.0829999982652225e-05,9.545900002194685e-05,4.119999999829815e-06,3.985999995848033e-06,9.147300002609882e-05,1.999000005525886e-06,96,False
107,2.4648999982446185e-05,4.996100000198567e-05,3.2670000109646935e-06,4.316999991260673e-06,4.5644000010724994e-05,2.305999998952757e-06,96,False
108,2.0168000020248655e-05,4.652800001281321e-05,3.1769999964126328e-06,3.848999995170743e-06,4.2679000017642466e-05,1.9650000240289955e-06,96,False
109,1.953700001422476e-05,4.556900000807218e-05,3.1649999812088936e-06,3.6650000083682244e-06,4.1903999999703956e-05,1.8940000074962882e-06,96,False
110,1.926100000559927e-05,5.352500002686611e-05,3.290999984528753e-06,3.579999997782579e-06,4.994500002908353e-05,1.7230000253221078e-06,96,False
111,1.9986000012295335e-05,4.657499999893844e-05,3.462999984549242e-06,4.050999990568016e-06,4.252400000837042e-05,1.942000011467826e-06,96,False
112,1.9691999995075093e-05,4.561800000146832e-05,3.2710000255065097e-06,3.7150000196106703e-06,4.190299998185765e-05,1.9020000081582111e-06,96,False
113,1.8896000000268032e-05,4.5370000009370415e-05,3.114999998388157e-06,3.6270000123295176e-06,4.17429999970409e-05,1.7839999770785653e-06,96,False
114,1.8917999994982893e-05,4.601000000548083e-05,3.110999983846341e-06,3.809000020282838e-06,4.2200999985197996e-05,1.8000000068241206e-06,96,False
115,1.9460000004301037e-05,0.00010134599997968508,3.82999999715139e-06,7.193000016059159e-06,9.415299996362592e-05,3.018000001020482e-06,96,False
116,2.1744000008538933e-05,4.7650999988491094e-05,3.1840000076499564e-06,4.020000005766633e-06,4.363099998272446e-05,2.025000014782563e-06,96,False
117,2.0360999997137696e-05,4.777800000965726e-05,3.128999992441095e-06,3.8189999997939594e-06,4.39590000098633e-05,1.92600001014398e-06,96,False
118,1.9670999989784832e-05,4.703199999767094e-05,3.456999991158227e-06,4.020999995191232e-06,4.3011000002479705e-05,1.7659999969055207e-06,96,False
119,1.9507000018847975e-05,4.708400001618429e-05,3.1399999897985253e-06,3.889999987904957e-06,4.3194000028279333e-05,2.015000006849732e-06,96,False
120,1.989000000435226e-05,4.693500000030326e-05,3.149000008306757e-06,3.958000007742157e-06,4.2976999992561105e-05,2.0009999843750848e-06,96,False
121,1.892100002010011e-05,7.556599999247737e-05,1.5737000012450153e-05,5.135999998628904e-06,7.042999999384847e-05,2.2800000181177893e-06,96,False
122,4.08630000094945e-05,5.7315000020707885e-05,4.262000004473521e-06,5.200999993348887e-06,5.2114000027359e-05,2.7829999851292087e-06,96,False
123,2.2051000001965804e-05,4.953900000259637e-05,3.5600000103386265e-06,4.21699999719749e-06,4.532200000539888e-05,2.073000018754101e-06,96,False
124,2.0236000011664146e-05,4.764199999840457e-05,3.3359999918047833e-06,3.6710000017592392e-06,4.397099999664533e-05,1.8339999883210112e-06,96,False
125,1.9428999991077944e-05,4.6556999990343684e-05,3.367000005027876e-06,3.6190000116675947e-06,4.293799997867609e-05,1.8380000028628274e-06,96,False
126,1.9476000005624883e-05,4.567999999949279e-05,3.1589999878178787e-06,3.486999986535011e-06,4.219300001295778e-05,1.908000001549226e-06,96,False
127,1.8632000006846283e-05,8.627400001159913e-05,4.504000003180408e-06,8.066000020789943e-06,7.820799999080918e-05,3.151999976580555e-06,96,False
128,2.3644999998850835e-05,4.9085999989983975e-05,3.46499999182015e-06,4.054000015685233e-06,4.503199997429874e-05,2.096000002893561e-06,96,False
129,2.085700000975521e-05,4.72990000162099e-05,3.2289999865042773e-06,3.896999999142281e-06,4.340200001706762e-05,2.104000003555484e-06,96,False
130,2.017500000306427e-05,4.5768999996198545e-05,3.2250000003841706e-06,3.7080000083733466e-06,4.20609999878252e-05,1.8359999955919193e-06,96,False
131,1.985599999443366e-05,4.516100000273582e-05,3.0930000036732963e-06,3.6920000070495007e-06,4.146899999568632e-05,1.8119999936061504e-06,96,False
132,1.868100000024242e-05,4.479400001855538e-05,3.0770000023494504e-06,3.872999997156512e-06,4.092100002139887e-05,1.76699998633012e-06,96,False
133,1.8597000007503084e-05,4.477400000268972e-05,3.22599998980877e-06,3.843999991204328e-06,4.093000001148539e-05,1.808999996910643e-06,96,False
134,1.8672999999580497e-05,4.509900000471134e-05,3.1989999911274936e-06,3.7259999885463913e-06,4.137300001616495e-05,1.8179999869971653e-06,96,False
135,1.921500000889864e-05,4.44850000178576e-05,3.4120000123039063e-06,3.7949999978081905e-06,4.069000002004941e-05,1.8609999870022875e-06,96,False
136,1.9166000015502505e-05,4.5107999994797865e-05,3.0189999904450815e-06,3.6810000096920703e-06,4.1426999985105795e-05,1.831999981050103e-06,96,False
137,1.8744000016113205e-05,4.485400000930895e-05,3.082000006315866e-06,3.456000001733628e-06,4.139800000757532e-05,1.8540000041866733e-06,96,False
138,1.8758000010166143e-05,4.544200001532772e-05,3.147000001035849e-06,3.468000016937367e-06,4.1973999998390354e-05,1.7590000140899065e-06,96,False
139,1.9050999981118366e-05,0.000107364000001553,3.6739999984547467e-06,5.268999984764378e-06,0.00010209500001678862,2.1600000081889448e-06,96,False
140,2.2256999983483183e-05,4.8083999985237824e-05,2.3179000010031814e-05,3.969000005099588e-06,4.4114999980138236e-05,1.996999998254978e-06,96,False
141,2.2402000013244106e-05,5.0076000007948096e-05,3.8159999746767426e-06,4.515000000537839e-06,4.556100000741026e-05,2.1539999863762205e-06,96,False
142,2.0965999993904916e-05,4.6942000011540586e-05,3.484000018261213e-06,4.054000015685233e-06,4.288799999585535e-05,2.0530000028884388e-06,96,False
143,2.035700001101759e-05,7.282600000735329e-05,3.946000020960128e-06,4.0150000018002174e-06,6.881100000555307e-05,2.130000012812161e-06,96,False
144,2.3238000011360782e-05,4.885199999193901e-05,3.2810000050176313e-06,4.192999995211721e-06,4.465899999672729e-05,2.0360000121399935e-06,96,False
145,1.9653999999036387e-05,4.6647999994320344e-05,3.1509999871559558e-06,3.867000003765497e-06,4.2780999990554847e-05,1.913999994940241e-06,96,False
146,1.98330000102942e-05,4.5494999994843965e-05,3.3420000136175076e-06,3.6920000070495007e-06,4.1802999987794465e-05,1.8309999916255038e-06,96,False
147,1.8984999996973784e-05,4.5244999995475155e-05,3.355000018245846e-06,3.642999985231654e-06,4.16020000102435e-05,1.7499999955816747e-06,96,False
148,1.9076000000950444e-05,4.490799997824979e-05,3.2479999845236307e-06,3.5569999852214096e-06,4.135099999302838e-05,1.8210000121143821e-06,96,False
149,1.937599998313999e-05,6.151899998485533e-05,3.6049999891929474e-06,3.743000007716546e-06,5.777599997713878e-05,1.8929999896499794e-06,96,False
150,2.2491000009949857e-05,4.957100000524406e-05,3.340999995771199e-06,4.371000017044935e-06,4.5199999988199124e-05,2.1679999804291583e-06,96,False
151,1.9554000004973204e-05,4.6089999983678354e-05,3.0790000096203585e-06,3.945000003113819e-06,4.2144999980564535e-05,1.8810000028679497e-06,96,False
152,2.734399998871595e-05,4.670600000622471e-05,3.436000014289675e-06,4.187999991245306e-06,4.251800001497941e-05,1.7240000147467072e-06,96,False
153,1.9128999980466688e-05,4.561500000477281e-05,3.039999995735343e-06,3.723999981275483e-06,4.189100002349733e-05,1.7919999777404882e-06,96,False
154,1.910299999963172e-05,4.462100000068858e-05,3.1140000089635578e-06,3.502999987858857e-06,4.1118000012829725e-05,1.748999977735366e-06,96,False
155,1.908999999500338e-05,4.535200000077566e-05,3.0730000162293436e-06,3.555000006372211e-06,4.179699999440345e-05,1.8490000002202578e-06,96,False
156,1.8812000007528695e-05,4.4287999998005034e-05,2.9800000049817754e-06,3.779000024906054e-06,4.050899997309898e-05,1.8389999922874267e-06,96,False
157,1.8961999984412614e-05,4.557200000476769e-05,3.240000012283417e-06,3.7609999878895906e-06,4.18110000168781e-05,1.9470000154342415e-06,96,False
158,1.8960000005563415e-05,4.441999999471591e-05,3.2529999884900462e-06,3.880999997818435e-06,4.0538999996897473e-05,1.8570000008821808e-06,96,False
159,1.9289999983129746e-05,4.446200000529643e-05,3.1680000063261105e-06,3.838999987237912e-06,4.062300001805852e-05,1.754000010123491e-06,96,False
160,1.8672999999580497e-05,4.3887000003905996e-05,3.079999999044958e-06,3.528999997115534e-06,4.035800000679046e-05,1.6840000114370923e-06,96,False
161,1.8439000001535533e-05,5.874499998981264e-05,3.6160000149720872e-06,3.7869999971462676e-06,5.495799999266637e-05,1.790999988315889e-06,96,False
162,2.4147999994283964e-05,4.738999999176485e-05,3.2819999944422307e-06,3.958999997166757e-06,4.3430999994598096e-05,2.1439999784433894e-06,96,False
163,2.0099000010986856e-05,4.642300001478361e-05,3.1600000056641875e-06,3.644000003077963e-06,4.277900001170565e-05,1.7860000127711828e-06,96,False
164,1.9254999983786547e-05,4.5653999990236116e-05,3.238000005012509e-06,3.789999993841775e-06,4.186399999639434e-05,1.827000005505397e-06,96,False
165,1.8912999991016477e-05,4.575500000214561e-05,3.2810000050176313e-06,3.85200002028796e-06,4.190299998185765e-05,1.8369999850165186e-06,96,False
166,1.927499999965221e-05,4.528099998424295e-05,3.1360000036784186e-06,3.6069999964638555e-06,4.16739999877791e-05,1.7459999810398585e-06,96,False
167,1.9471999991083067e-05,4.611299999623952e-05,3.21400000302674e-06,3.722999991850884e-06,4.239000000438864e-05,1.7549999995480903e-06,96,False
168,1.894400000423957e-05,4.45910000053118e-05,3.1419999970694334e-06,3.714999991188961e-06,4.087600001412284e-05,1.6569999843341066e-06,96,False
169,1.8746000023384113e-05,4.4867000013937286e-05,3.074000005653943e-06,3.466000009666459e-06,4.140100000427083e-05,1.6479999942475843e-06,96,False
170,1.9222999981138855e-05,4.4276000011223005e-05,3.098000007639712e-06,3.547000005710288e-06,4.0729000005512717e-05,1.7600000035145058e-06,96,False
171,1.888700001018151e-05,4.521700000736928e-05,3.177999985837232e-06,3.7480000116829615e-06,4.146899999568632e-05,1.8220000015389815e-06,96,False
172,1.8663000020069376e-05,4.5733999996855346e-05,3.0380000168861443e-06,3.6399999885361467e-06,4.20940000083192e-05,1.8669999803933024e-06,96,False
173,1.8957999998292507e-05,4.513299998620823e-05,1.1749999998755811e-05,3.7099999872225453e-06,4.142299999898569e-05,1.9450000081633334e-06,96,False
174,2.8498999995463237e-05,4.937299999596689e-05,3.2529999884900462e-06,4.400000022997119e-06,4.4972999972969774e-05,2.1799999956328975e-06,96,False
175,1.960299999836934e-05,4.571499999883599e-05,3.1409999792231247e-06,3.993999996509956e-06,4.1721000002326036e-05,1.8549999936112727e-06,96,False
176,1.881800000091971e-05,6.865199998173921e-05,4.769000014448466e-06,3.926999994519065e-06,6.472499998722014e-05,1.6999999843392288e-06,96,False
177,2.6629000018374427e-05,5.239300000425828e-05,3.735000007054623e-06,4.687000000558328e-06,4.7706000003699955e-05,2.3820000194518798e-06,96,False
178,2.154299997414455e-05,4.8289000005752314e-05,3.6199999726704846e-06,4.16000000313943e-06,4.4129000002612884e-05,1.9720000068446097e-06,96,False
179,2.0211999981256668e-05,4.58229999935611e-05,3.359000004365953e-06,3.622000008363102e-06,4.2200999985197996e-05,1.9029999975828105e-06,96,False
180,1.9007000020110354e-05,4.60690000068098e-05,3.2149999924513395e-06,3.8109999991320365e-06,4.2258000007677765e-05,1.8209999836926727e-06,96,False
181,1.9403999999667576e-05,4.5473999989553704e-05,3.4419999792589806e-06,3.7929999905372824e-06,4.168099999901642e-05,1.9230000134484726e-06,96,False
182,1.9089000005578782e-05,4.613599998037898e-05,3.262000006998278e-06,3.8919999951758655e-06,4.224399998520312e-05,1.863999983697795e-06,96,False
183,1.9223000009560565e-05,4.5711000012715886e-05,3.163000002359695e-06,3.642999985231654e-06,4.206800002748423e-05,1.881999992292549e-06,96,False
184,1.888799999960611e-05,4.48399999868343e-05,3.010000000358559e-06,3.5400000228946737e-06,4.1299999963939626e-05,1.8609999870022875e-06,96,False
185,1.8858000004229325e-05,8.166300000311821e-05,4.4679999859909e-06,8.24099998908423e-06,7.342200001403398e-05,3.072999987807634e-06,96,False
186,2.447200000688099e-05,4.9939000007270806e-05,3.444000014951598e-06,4.339999975400133e-06,4.5599000031870673e-05,2.1339999989322678e-06,96,False
187,2.1065999987968098e-05,4.690000000096006e-05,3.3230000155981543e-06,3.895999981295972e-06,4.300400001966409e-05,1.9900000154393638e-06,96,False
188,2.0167000002402347e-05,4.5985000014070465e-05,4.025999999157648e-06,3.6379999812652386e-06,4.2347000032805227e-05,1.9029999975828105e-06,96,False
189,2.1434999979419445e-05,4.6179999998230414e-05,3.3390000169220002e-06,3.6650000083682244e-06,4.251499998986219e-05,1.9599999916408706e-06,96,False
190,1.9242999997004517e-05,4.5518000007405135e-05,3.0530000003636815e-06,3.4779999964484887e-06,4.2040000010956646e-05,1.8140000008770585e-06,96,False
191,1.8843000020751788e-05,4.477400000268972e-05,3.144999993764941e-06,3.5429999911684718e-06,4.1231000011521246e-05,1.7890000094666902e-06,96,False
192,1.8980999982431968e-05,4.534100000341823e-05,3.1769999964126328e-06,3.4959999766215333e-06,4.18450000267967e-05,1.8759999989015341e-06,96,False
193,1.9405000017513885e-05,5.2290000013499593e-05,3.769000016973223e-06,4.839000013134864e-06,4.745100000036473e-05,1.934000010805903e-06,96,False
194,2.088299999059018e-05,4.6109999999544016e-05,3.3520000215503387e-06,3.7700000063978223e-06,4.2339999993146193e-05,1.6950000087945227e-06,96,False
195,1.9768999976577106e-05,4.5883000012736375e-05,3.249999991794539e-06,3.816999992523051e-06,4.206600002021332e-05,1.7250000041713065e-06,96,False
196,1.9141999985095026e-05,4.790299999513081e-05,1.219699998955548e-05,3.94399998526751e-06,4.39590000098633e-05,1.8160000081479666e-06,96,False
197,2.879099997699086e-05,4.9759999996012994e-05,3.391000007013645e-06,4.533999998557192e-06,4.52259999974558e-05,2.2929999943244184e-06,96,False
198,2.957899999955771e-05,5.977399999324007e-05,3.5840000123243954e-06,5.107000021098429e-06,5.466699997214164e-05,2.2540000088611123e-06,96,False
199,2.105199999391516e-05,4.682099998376543e-05,3.173000010292526e-06,3.838999987237912e-06,4.298199999652752e-05,2.065000018092178e-06,96,False
200,1.9893000001047767e-05,4.660499999431522e-05,3.0509999930927734e-06,4.0430000183278025e-06,4.256199997598742e-05,1.9090000193955348e-06,96,False
201,2.0177999999759777e-05,4.6579000013480254e-05,3.2330000010460935e-06,3.7629999951604987e-06,4.2816000018319755e-05,1.96000002006258e-06,96,False
202,1.9678999990446755e-05,4.61059999850022e-05,3.0779999917740497e-06,3.642999985231654e-06,4.2462999999770545e-05,1.972999996269209e-06,96,False
203,1.933299998313487e-05,4.457500000398795e-05,3.1800000215298496e-06,3.5629999786124245e-06,4.101200002537553e-05,1.8940000074962882e-06,96,False
204,1.9085999980461565e-05,4.514500000141197e-05,3.1450000221866503e-06,3.5280000076909346e-06,4.161699999372104e-05,1.8039999929442274e-06,96,False
205,1.8753999995624326e-05,4.554799997436021e-05,3.2959999884951685e-06,3.5149999746408866e-06,4.203299999971932e-05,1.8320000094718125e-06,96,False
206,1.9016000010196876e-05,4.4172000002618006e-05,3.0999999864889105e-06,3.3379999990756914e-06,4.0834000003542315e-05,1.8220000015389815e-06,96,False
207,1.9006000002264045e-05,4.39249999999447e-05,3.0300000162242213e-06,3.5300000149618427e-06,4.039499998498286e-05,1.7490000061570754e-06,96,False
208,1.8353000001525288e-05,6.230800002526848e-05,3.520999996453611e-06,3.4230000096613367e-06,5.888500001560715e-05,1.7440000021906599e-06,96,False
209,2.1801999992021592e-05,4.7593000005008435e-05,3.072999987807634e-06,4.005000022289096e-06,4.358799998271934e-05,1.9539999982498557e-06,96,False
210,1.9358999992391546e-05,4.5086000000083004e-05,2.4032999988321535e-05,3.8919999951758655e-06,4.119400000490714e-05,1.7870000021957821e-06,96,False
211,2.164600002174666e-05,4.654700001083256e-05,3.217999989146847e-06,3.5820000050534873e-06,4.2965000005779075e-05,1.8279999949299963e-06,96,False
212,1.9644999980528155e-05,4.457800000068346e-05,3.1900000010409713e-06,3.547000005710288e-06,4.103099999497317e-05,1.7410000054951524e-06,96,False
213,1.9258000008903764e-05,4.548100000079103e-05,3.2289999865042773e-06,3.551000020252104e-06,4.1929999980538923e-05,1.7230000253221078e-06,96,False
214,1.9155999979147964e-05,4.521599998952297e-05,3.2030000056693098e-06,3.6000000136482413e-06,4.161599997587473e-05,1.8160000081479666e-06,96,False
215,1.937800001883261e-05,4.496300002188036e-05,3.0730000162293436e-06,3.617999993821286e-06,4.1345000028059076e-05,1.7750000154137524e-06,96,False
216,3.800300001444157e-05,4.878199999325261e-05,3.4429999971052894e-06,4.189999998516214e-06,4.45919999947364e-05,2.12000000487933e-06,96,False
217,2.0397000014327205e-05,4.600100001539431e-05,3.05499997921288e-06,3.741000000445638e-06,4.226000001494867e-05,1.910000008820134e-06,96,False
218,1.8983000018124585e-05,7.814699998220931e-05,3.472999992482073e-06,6.721000005427413e-06,7.14259999767819e-05,2.589999979818458e-06,96,False
219,2.1345999982713693e-05,6.28800000015417e-05,3.4960000050432427e-06,4.208999996535567e-06,5.8671000005006135e-05,1.928000017414888e-06,96,False
220,2.2809999990158758e-05,4.8491999990574186e-05,3.254000006336355e-06,4.082999993215708e-06,4.440899999735848e-05,2.109999996946499e-06,96,False
221,1.9345999987763207e-05,4.68089999969834e-05,3.1469999726141396e-06,3.796999976657389e-06,4.301200002032601e-05,1.86900001608592e-06,96,False
222,1.9436999991739867e-05,4.521900001464019e-05,3.517000010333504e-06,3.6819999991166696e-06,4.153700001552352e-05,1.8480000107956585e-06,96,False
223,1.9369999989748976e-05,4.532699998094358e-05,3.254000006336355e-06,3.6920000070495007e-06,4.163499997389408e-05,1.7650000074809213e-06,96,False
224,1.9384000012223623e-05,4.5972999998866726e-05,3.2250000003841706e-06,3.6980000004405156e-06,4.227499999842621e-05,1.83500000616732e-06,96,False
225,1.9895999997743274e-05,4.675299999234994e-05,3.108999976575433e-06,3.9280000123653735e-06,4.282499997998457e-05,1.7990000173995213e-06,96,False
226,1.9401999992396668e-05,4.5541000019966305e-05,3.254000006336355e-06,3.7279999958172994e-06,4.1813000024149005e-05,1.8150000187233672e-06,96,False
227,1.9221999991714256e-05,4.5690000007425624e-05,3.2659999931183847e-06,3.7080000083733466e-06,4.198199999905228e-05,1.8680000266613206e-06,96,False
228,1.9006000002264045e-05,4.546700000673809e-05,3.24800001294534e-06,3.7650000024314068e-06,4.170200000430668e-05,1.6719999962333532e-06,96,False
229,1.938900001619004e-05,4.6077000007471725e-05,3.3560000076704455e-06,3.905999989228803e-06,4.217100001824292e-05,1.900000000887303e-06,96,False
230,1.922699999568067e-05,4.4994999996106344e-05,2.8350000036425627e-06,3.612000000430271e-06,4.138299999567607e-05,1.784999994924874e-06,96,False
231,1.9188999999641965e-05,5.889199999842276e-05,3.3359999918047833e-06,3.8470000163215445e-06,5.504499998210122e-05,1.792999995586797e-06,96,False
232,2.30349999981172e-05,4.871400000183712e-05,2.9050000023289613e-06,4.336999978704625e-06,4.4377000023132496e-05,2.072000000907792e-06,96,False
233,1.9670999989784832e-05,4.5701999994207654e-05,3.0839999851650646e-06,3.836000018964114e-06,4.186599997524354e-05,1.756999978397289e-06,96,False
234,1.9618999999693187e-05,4.540999998425832e-05,2.945000005638576e-06,3.885000012360251e-06,4.152499997189807e-05,1.6989999949146295e-06,96,False
235,1.9098999985089904e-05,4.436200001123325e-05,2.813999998352301e-06,3.641999995807055e-06,4.0720000015426194e-05,1.711999999542968e-06,96,False
236,1.8587999988994852e-05,4.478299999277624e-05,2.65599999238475e-06,3.6080000143101643e-06,4.1174999978466076e-05,1.7150000246601849e-06,96,False
237,1.8823999994310725e-05,4.5459999995500766e-05,2.8939999765498214e-06,3.6020000209191494e-06,4.185799997458162e-05,1.7369999909533362e-06,96,False
238,1.921800000559415e-05,4.4925999986844545e-05,2.8360000214888714e-06,3.634999984569731e-06,4.1291000002274814e-05,1.8229999909635808e-06,96,False
239,1.9050999981118366e-05,4.546699997831638e-05,2.6300000115497824e-06,3.7429999792948365e-06,4.1723999999021544e-05,1.918000009482057e-06,96,False
240,1.8971999992345445e-05,4.444200001785248e-05,2.6280000042788743e-06,3.7309999925128068e-06,4.071100002533967e-05,1.6810000147415849e-06,96,False
241,1.868300000751333e-05,4.496500000072956e-05,2.7270000089174573e-06,3.5850000017489947e-06,4.1379999998980566e-05,1.6520000087894005e-06,96,False
242,1.8713000002890112e-05,4.448900000397771e-05,2.8549999910865154e-06,3.5749999938161636e-06,4.0914000010161544e-05,1.6609999988759228e-06,96,False
243,1.890900000489637e-05,4.432400001519454e-05,2.8320000069470552e-06,3.3889999997427367e-06,4.0935000015451806e-05,1.6360000074655545e-06,96,False
244,3.2752999999274834e-05,5.0683000011986223e-05,2.987999977221989e-06,4.812999975456478e-06,4.5870000036529746e-05,2.1119999757956975e-06,96,False
245,1.9869999988486597e-05,5.2788999994390906e-05,3.3519999931286293e-06,3.900999985262388e-06,4.888800000912852e-05,1.8019999856733193e-06,96,False
246,1.918399999567555e-05,4.558300000212512e-05,2.9079999990244687e-06,3.843000001779728e-06,4.174000000034539e-05,1.7780000121092598e-06,96,False
247,1.8939000000273154e-05,4.50480000040443e-05,2.6650000108929817e-06,3.8999999958377884e-06,4.114800000820651e-05,1.7110000101183687e-06,96,False
248,1.90930000201206e-05,4.5185999994146187e-05,2.6849999983369344e-06,3.678000012996563e-06,4.1507999981149624e-05,1.7719999902965355e-06,96,False
249,1.905799999235569e-05,4.4765999973606085e-05,2.8059999976903782e-06,3.7480000116829615e-06,4.1017999961923124e-05,1.736000001528737e-06,96,False
250,1.8471999993607824e-05,4.4228999996676066e-05,2.831000017522456e-06,3.5140000136379967e-06,4.071499998303807e-05,1.728000000866814e-06,96,False
251,1.857899999890833e-05,4.601700001671816e-05,2.8830000076141005e-06,3.884999983938542e-06,4.2132000032779615e-05,1.8510000074911659e-06,96,False
252,1.9064000014168414e-05,4.50470000146197e-05,2.7680000016516715e-06,3.6080000143101643e-06,4.1439000000309534e-05,1.7090000028474606e-06,96,False
253,1.9885999989810443e-05,5.2449000008891744e-05,3.0150000043249747e-06,5.3189999960068235e-06,4.713000001288492e-05,2.0840000161115313e-06,96,False
254,2.0564000010381278e-05,4.593799999952353e-05,2.6929999989988573e-06,3.879000018969236e-06,4.205899998055429e-05,1.8669999803933024e-06,96,False
255,1.9038999994336336e-05,4.528200000208926e-05,2.8100000122321944e-06,3.706999990527038e-06,4.1575000011562224e-05,1.8440000246755517e-06,96,False
256,3.568900001482689e-05,4.99369999999999e-05,3.5300000149618427e-06,4.225999987284013e-06,4.5711000012715886e-05,2.1230000015748374e-06,96,False
257,1.9796000003680092e-05,4.6852999986413124e-05,3.3519999931286293e-06,4.004000004442787e-06,4.284899998197034e-05,1.970999988998301e-06,96,False
258,1.9795000014255493e-05,4.655300000422358e-05,3.296000016916878e-06,3.7869999971462676e-06,4.276600000707731e-05,1.790999988315889e-06,96,False
259,1.977599998781443e-05,4.7138000013546844e-05,3.2630000248445867e-06,3.991999989239048e-06,4.3146000024307796e-05,1.7899999988912896e-06,96,False
260,2.001300001097661e-05,4.629099998965103e-05,2.999000003001129e-06,3.975999987915202e-06,4.2315000001735825e-05,1.883999999563457e-06,96,False
261,1.93070000022999e-05,4.6520000012151286e-05,2.8819999897677917e-06,3.872999997156512e-06,4.2647000014994774e-05,1.976999982389316e-06,96,False
262,1.9283000000314132e-05,4.6451999992314086e-05,2.8350000036425627e-06,3.961999993862264e-06,4.248999999845182e-05,1.8039999929442274e-06,96,False
263,1.906899998971312e-05,4.617199999756849e-05,2.8839999970387e-06,3.8029999984701135e-06,4.236899999909838e-05,1.7130000173892768e-06,96,False
264,1.897700002473357e-05,4.455299998085138e-05,3.230000004350586e-06,3.4730000209037826e-06,4.10799999599476e-05,1.7650000074809213e-06,96,False
265,1.8820000008190618e-05,4.572800000346433e-05,2.9039999844826525e-06,3.7449999865657446e-06,4.1983000016898586e-05,1.740000016070553e-06,96,False
266,1.8957999998292507e-05,4.4355999989420525e-05,2.868999985139453e-06,3.605000017614657e-06,4.075099997180587e-05,1.6280000068036315e-06,96,False
267,1.8893000003572524e-05,4.444299997885537e-05,2.9320000010102376e-06,3.630000009025025e-06,4.0812999969830344e-05,1.6429999902811687e-06,96,False
268,1.8672999999580497e-05,4.437500001586159e-05,2.7030000069316884e-06,3.4120000123039063e-06,4.096300000355768e-05,1.6460000153983856e-06,96,False
269,1.893099999961123e-05,4.5096999997440435e-05,2.694000016845166e-06,3.7019999865606223e-06,4.139500001087981e-05,1.762000010785414e-06,96,False
270,1.8916999977136584e-05,4.4560999981513305e-05,3.2250000003841706e-06,3.5569999852214096e-06,4.1003999996291896e-05,1.6649999849960295e-06,96,False
271,1.9344999998338608e-05,4.5413999998800136e-05,2.7690000194979802e-06,3.7179999878844683e-06,4.169600001091567e-05,1.7979999995532125e-06,96,False
272,1.879699999562945e-05,4.477900000665613e-05,2.7889999785202235e-06,3.5740000043915643e-06,4.120500000226457e-05,1.792999995586797e-06,96,False
273,1.9032000011520722e-05,4.5118999992155295e-05,2.7439999996659026e-06,3.641999995807055e-06,4.147699999634824e-05,1.7510000134279835e-06,96,False
274,1.8649999987019328e-05,7.058600002096682e-05,3.541000012319273e-06,6.3330000159567135e-06,6.425300000501011e-05,2.528000010215692e-06,96,False
275,2.110899998797322e-05,4.698600000097031e-05,3.017000011595883e-06,4.187999991245306e-06,4.2798000009725e-05,1.928000017414888e-06,96,False
276,1.967200000763114e-05,4.699699999832774e-05,3.4230000096613367e-06,3.870000000461005e-06,4.312699999786673e-05,1.8049999823688267e-06,96,False
277,1.9145000010212243e-05,4.6579999974483144e-05,3.3129999792436138e-06,3.9520000143511425e-06,4.2627999960132e-05,1.754000010123491e-06,96,False
278,1.9089000005578782e-05,4.5849000002817775e-05,3.1220000096254807e-06,3.920000011703451e-06,4.1928999991114324e-05,1.7549999995480903e-06,96,False
279,1.9189999989066564e-05,4.51579999776186e-05,3.2129999851804314e-06,3.561999989187825e-06,4.1595999988430776e-05,1.8040000213659368e-06,96,False
280,1.913799999897492e-05,4.538800001796517e-05,3.1900000010409713e-06,3.6260000229049183e-06,4.176199999506025e-05,1.7970000101286132e-06,96,False
281,1.8672999999580497e-05,4.4399000017847357e-05,3.4150000089994137e-06,3.71599998061356e-06,4.0683000037233796e-05,1.7890000094666902e-06,96,False
282,1.8309000012095566e-05,4.482900001789858e-05,3.235999997741601e-06,3.816000003098452e-06,4.101300001480013e-05,1.808999996910643e-06,96,False
283,1.8460999996250393e-05,4.496500000072956e-05,3.102999983184418e-06,3.6330000057205325e-06,4.133199999500903e-05,1.7229999969003984e-06,96,False
284,1.8702000005532682e-05,4.4296999988091557e-05,3.1569999805469706e-06,3.684999995812177e-06,4.061199999227938e-05,1.7790000015338592e-06,96,False
285,1.8436999994264625e-05,4.445300001520991e-05,2.8636999985565126e-05,3.5690000004251488e-06,4.088400001478476e-05,1.7810000088047673e-06,96,False
286,2.155499998934829e-05,5.701499998167492e-05,3.4070000083374907e-06,5.728000019189494e-06,5.1286999962485424e-05,2.3940000062339095e-06,96,False
287,2.1255000007158742e-05,4.8297999995838836e-05,3.1579999983932794e-06,4.329000006464412e-06,4.3968999989374424e-05,1.8320000094718125e-06,96,False
288,1.9771000012269724e-05,4.664200000092933e-05,2.950999999029591e-06,3.942000006418311e-06,4.269999999451102e-05,1.7310000259840308e-06,96,False
289,1.977400000896523e-05,4.662000000621447e-05,2.9860000267944997e-06,3.78400000045076e-06,4.283600000576371e-05,1.8640000121195044e-06,96,False
290,1.9441000006281683e-05,4.491799998618262e-05,2.8999999983625457e-06,3.6229999977877014e-06,4.129499998839492e-05,1.920999977755855e-06,96,False
291,1.8780000004881003e-05,4.477999999608073e-05,2.7680000016516715e-06,3.7209999845799757e-06,4.105900001150076e-05,1.6469999764012755e-06,96,False
292,1.8194999995557737e-05,4.5211000013978264e-05,2.768999991076271e-06,3.739000021596439e-06,4.1471999992381825e-05,1.6660000028423383e-06,96,False
293,1.8411000013429657e-05,5.0554000011970857e-05,2.7979999970284553e-06,3.575000022237873e-06,4.6978999989732984e-05,1.673000014079662e-06,96,False
294,1.8838999977788262e-05,4.489600001988947e-05,2.8510000049664086e-06,3.581000015628888e-06,4.131500000426058e-05,1.8189999764217646e-06,96,False
295,1.880700000356228e-05,4.545400000210975e-05,2.7690000194979802e-06,3.902999992533296e-06,4.1551000009576455e-05,1.8100000147569517e-06,96,False
296,1.8960999994988015e-05,4.548799998360664e-05,2.7620000082606566e-06,3.549000012981196e-06,4.1938999970625446e-05,1.7209999896294903e-06,96,False
297,1.9065000003593013e-05,4.457999997953266e-05,2.813999998352301e-06,3.722999991850884e-06,4.0856999987681775e-05,1.7870000021957821e-06,96,False
298,1.8882000006215094e-05,5.959200001370846e-05,3.942000006418311e-06,5.918999988807627e-06,5.367300002490083e-05,2.5579999771707662e-06,96,False
299,2.2779999994781974e-05,4.910500001642504e-05,3.35100000370403e-06,4.392999983338086e-06,4.471200003308695e-05,2.065000018092178e-06,96,False
300,2.041599998392485e-05,4.6796000020776773e-05,3.2149999924513395e-06,3.935999984605587e-06,4.2860000036171186e-05,1.999000005525886e-06,96,False
301,2.0167000002402347e-05,4.716600000165272e-05,3.110999983846341e-06,3.986999985272632e-06,4.317900001638009e-05,1.9359999896551017e-06,96,False
302,1.9757000018216786e-05,4.7773999995115446e-05,3.197000012278295e-06,3.888999998480358e-06,4.388499999663509e-05,2.0850000055361306e-06,96,False
303,2.029800000968862e-05,4.7226000020827996e-05,3.2629999964228773e-06,3.7599999984649912e-06,4.3466000022363005e-05,1.8830000101388578e-06,96,False
304,2.01510000010785e-05,4.733600002282401e-05,3.1820000003790483e-06,4.0959999978440464e-06,4.324000002497996e-05,1.970999988998301e-06,96,False
305,2.0325000008369898e-05,4.7546999979886095e-05,3.232000011621494e-06,3.888000009055759e-06,4.365899997083034e-05,1.9979999876795773e-06,96,False
306,1.9371000007595285e-05,4.602600000680468e-05,2.9640000036579295e-06,3.929999991214572e-06,4.209600001559011e-05,1.8189999764217646e-06,96,False
307,1.8923999988373907e-05,4.538400000342335e-05,3.482000010990305e-06,3.7599999984649912e-06,4.162400000495836e-05,1.816999997572566e-06,96,False
308,1.9027000007554307e-05,6.015800002501237e-05,3.4999999911633495e-06,3.7669999812806054e-06,5.6391000043731765e-05,1.7330000048332295e-06,96,False
309,8.322900001189737e-05,5.480499999066524e-05,4.487000012431963e-06,5.034999986719413e-06,4.9770000003945825e-05,2.455000014833786e-06,96,False
310,2.1080999999867345e-05,4.594400002133625e-05,3.440000000409782e-06,3.7720000136687304e-06,4.217200000766752e-05,1.956999994945363e-06,96,False
311,1.9495000003644236e-05,4.548100000079103e-05,3.219999996417755e-06,3.7020000149823318e-06,4.1778999985808696e-05,1.8940000074962882e-06,96,False
312,1.9168000022773413e-05,4.626300000154515e-05,3.1669999884798017e-06,3.8050000057410216e-06,4.245799999580413e-05,1.8050000107905362e-06,96,False
313,1.927499999965221e-05,4.5561999996834857e-05,3.3269999732965516e-06,3.5380000156237656e-06,4.202399998121109e-05,1.7579999962435977e-06,96,False
314,1.879499998835854e-05,4.568099998891739e-05,3.1829999898036476e-06,3.5629999786124245e-06,4.211800001030497e-05,1.7369999909533362e-06,96,False
315,1.886200001877114e-05,4.461400001787297e-05,3.0669999944166193e-06,3.6699999839129305e-06,4.094400003396004e-05,1.8159999797262572e-06,96,False
316,1.870399998438188e-05,4.501099999743019e-05,3.1989999911274936e-06,3.861999999799082e-06,4.114899999763111e-05,1.7959999922823044e-06,96,False
317,1.869100000817525e-05,4.5518000007405135e-05,3.2350000083170016e-06,3.961000004437665e-06,4.155700000296747e-05,1.7149999962384754e-06,96,False
318,1.8820999997615218e-05,4.513400000405454e-05,3.268000000389293e-06,3.5429999911684718e-06,4.159100001288607e-05,1.7499999955816747e-06,96,False
319,1.979699999310469e-05,4.5381000006727845e-05,3.1299999818656943e-06,3.716999998459869e-06,4.1664000008267976e-05,1.8140000008770585e-06,96,False
320,1.882999998770174e-05,0.00014781499999116932,3.9520000143511425e-06,3.4069999799157813e-06,0.00014440800001125353,1.7949999744359957e-06,96,False
321,2.626299999519688e-05,5.043900000600843e-05,3.4200000129658292e-06,4.200999995873644e-06,4.623800001013478e-05,2.475999991702338e-06,96,False
322,1.9291999990400654e-05,4.6088999994253754e-05,3.233999990470693e-06,3.960000015013065e-06,4.212899997924069e-05,1.7919999777404882e-06,96,False
323,1.8929999981764922e-05,4.4856000016579856e-05,3.163000002359695e-06,3.5690000004251488e-06,4.128700001615471e-05,1.7379999803779356e-06,96,False
324,1.918299997782924e-05,4.670900000292022e-05,3.222000003688663e-06,3.8099999812857277e-06,4.289900002163449e-05,1.6920000120990153e-06,96,False
325,1.946899999438756e-05,4.558200001270052e-05,3.1140000089635578e-06,3.7709999958224216e-06,4.18110000168781e-05,1.7920000061621977e-06,96,False
326,1.8687999983058035e-05,4.504300000007788e-05,3.1719999924462172e-06,3.803999987894713e-06,4.123900001218317e-05,1.8249999982344889e-06,96,False
327,1.8618000012793345e-05,4.5131000007359034e-05,2.7659999943807634e-06,3.583999983902686e-06,4.154700002345635e-05,1.7970000101286132e-06,96,False
328,1.8860000011500233e-05,4.499100000998624e-05,3.1419999970694334e-06,3.6929999964741e-06,4.129800001351214e-05,1.940000004196918e-06,96,False
329,1.8506000003526424e-05,4.443099999207334e-05,3.159000016239588e-06,3.5219999858782103e-06,4.090900000619513e-05,1.6920000120990153e-06,96,False
330,1.8721000003552035e-05,4.482999997890147e-05,2.78100000628001e-06,3.5089999812498718e-06,4.13209999976516e-05,1.6580000021804153e-06,96,False
331,1.8948000018781386e-05,5.8807999977261716e-05,3.565000014305042e-06,3.5059999845543643e-06,5.530199999270735e-05,1.6099999982088775e-06,96,False
332,2.351300000213996e-05,4.887800000119569e-05,3.1769999964126328e-06,4.273000001830951e-06,4.4604999999364736e-05,2.1390000028986833e-06,96,False
333,1.9419000011566823e-05,4.6100000020032894e-05,3.298000024187786e-06,3.931000009060881e-06,4.216900001097201e-05,1.8609999870022875e-06,96,False
334,1.8952000004901493e-05,4.634600000485989e-05,3.219999996417755e-06,3.741999989870237e-06,4.260400001498965e-05,1.8670000088150118e-06,96,False
335,1.962600001093051e-05,4.544600000144783e-05,3.1110000122680503e-06,3.6559999898599926e-06,4.1790000011587836e-05,1.8590000081530889e-06,96,False
336,1.907899999764595e-05,4.5596999996178056e-05,3.2000000089738023e-06,3.856000006408067e-06,4.174099998976999e-05,1.8439999962538423e-06,96,False
337,1.8753000006199727e-05,4.5677999992221885e-05,2.8469999904245924e-06,3.7880000149925763e-06,4.188999997722931e-05,1.6659999744206289e-06,96,False
338,1.9066999982442212e-05,4.525200000671248e-05,3.0960000003688037e-06,3.732999999783715e-06,4.1519000006928763e-05,1.8339999883210112e-06,96,False
339,2.7621999976190637e-05,4.593299999555711e-05,2.9679999897780363e-06,3.8050000057410216e-06,4.212799998981609e-05,1.740000016070553e-06,96,False
340,1.8667999995614082e-05,4.447200001322926e-05,3.102999983184418e-06,3.644000003077963e-06,4.08280000101513e-05,1.6540000160603086e-06,96,False
341,1.917100001946892e-05,4.4417999987445e-05,2.7409999745486857e-06,3.60199999249744e-06,4.081599999494756e-05,1.7779999836875504e-06,96,False
342,1.8878999981097877e-05,6.76999999882355e-05,4.3360000177017355e-06,7.40900000550937e-06,6.0290999982726134e-05,3.306000024849709e-06,96,False
343,2.550700000369943e-05,6.44630000010693e-05,4.1060000057768775e-06,7.042999982331821e-06,5.742000001873748e-05,2.9709999864735437e-06,96,False
344,2.3714000008112635e-05,4.896499999063053e-05,3.2160000102976483e-06,4.343999989941949e-06,4.462100000068858e-05,2.0239999969362543e-06,96,False
345,2.06429999991542e-05,4.707299999040515e-05,2.902000005633454e-06,3.814999985252143e-06,4.325800000515301e-05,1.8409999995583348e-06,96,False
346,1.9485999985136004e-05,5.30330000003687e-05,3.2180000175685564e-06,5.394999988084237e-06,4.7638000012284465e-05,2.276000003575973e-06,96,False
347,2.0328999994490005e-05,4.568700001073012e-05,2.9390000122475612e-06,4.214000000501983e-06,4.1473000010228134e-05,1.677999989624368e-06,96,False
348,1.908199999434146e-05,4.5234999987542324e-05,2.7819999957046093e-06,3.7380000037501304e-06,4.149699998379219e-05,1.7319999869869207e-06,96,False
349,1.9167000004927104e-05,4.645900000355141e-05,2.882000018189501e-06,3.747000022258362e-06,4.271199998129305e-05,1.978999989660224e-06,96,False
350,1.8917999994982893e-05,4.4776000009960626e-05,2.9809999944063748e-06,3.528999997115534e-06,4.124700001284509e-05,1.6820000041661842e-06,96,False
351,1.9231000010222488e-05,4.452999999671192e-05,2.7279999983420566e-06,3.641999995807055e-06,4.088800000090487e-05,1.6630000061468309e-06,96,False
352,1.8936000003577647e-05,4.461399998945126e-05,2.795999989757547e-06,3.5479999951348873e-06,4.106599999431637e-05,1.7609999929391051e-06,96,False
353,1.8541000002869623e-05,4.475100001855026e-05,2.9609999785407126e-06,3.5159999924871954e-06,4.123500002606306e-05,1.750999985006274e-06,96,False
354,1.8961999984412614e-05,4.447800000662028e-05,2.8159999772015e-06,3.5639999964587332e-06,4.0914000010161544e-05,1.7700000114473369e-06,96,False
355,3.6036000011563374e-05,5.1218999999491643e-05,3.0899999785560794e-06,4.406999977391024e-06,4.681200002210062e-05,2.140000020744992e-06,96,False
356,2.010600002222418e-05,4.6827000005578157e-05,3.5280000076909346e-06,3.856999995832666e-06,4.297000000974549e-05,1.916000002211149e-06,96,False
357,1.97630000116078e-05,4.602499998895837e-05,3.4669999990910583e-06,3.913999989890726e-06,4.2110999999067644e-05,1.8689999876642105e-06,96,False
358,1.8861000000924832e-05,4.5448000008718736e-05,3.2549999957609543e-06,3.7609999878895906e-06,4.1687000020829146e-05,1.673000014079662e-06,96,False
359,1.9119999990380165e-05,4.5140999986870156e-05,2.8469999904245924e-06,3.79599998723279e-06,4.1344999999637366e-05,1.70999999227206e-06,96,False
360,1.8914000008862786e-05,4.518399998687528e-05,2.744999989090502e-06,3.787000025567977e-06,4.13969999613073e-05,1.6389999757393525e-06,96,False
361,1.915000001417866e-05,4.706599997916783e-05,2.285400000801019e-05,3.4109999944575975e-06,4.365499998471023e-05,1.7129999889675673e-06,96,False
362,2.421000002073015e-05,4.902599999923041e-05,3.3150000149362313e-06,4.050999990568016e-06,4.497500000866239e-05,2.4169999903733697e-06,96,False
363,1.9462000011571945e-05,4.588999999555199e-05,3.3540000003995374e-06,3.7179999878844683e-06,4.217200000766752e-05,1.8100000147569517e-06,96,False
364,1.9301999998333486e-05,5.519100000128674e-05,3.7880000149925763e-06,5.358000009891839e-06,4.98329999913949e-05,2.1919999824149272e-06,96,False
365,2.0395999996480896e-05,4.925199999661345e-05,3.1909999904655706e-06,4.016999980649416e-06,4.523500001596403e-05,1.942000011467826e-06,96,False
366,1.969699999904151e-05,6.683700001985926e-05,3.413999991153105e-06,5.7499999854826456e-06,6.108700003437662e-05,2.171000005546375e-06,96,False
367,2.0613000003777415e-05,4.708399998776258e-05,2.8879999831588066e-06,4.020999995191232e-06,4.306299999257135e-05,1.9630000167580874e-06,96,False
368,1.9393000002310146e-05,4.6088000004829155e-05,3.2129999851804314e-06,4.079000007095601e-06,4.2008999997733554e-05,1.86900001608592e-06,96,False
369,1.944499999240179e-05,4.5562999986259456e-05,3.1739999997171253e-06,3.925999976672756e-06,4.16370000095867e-05,1.762000010785414e-06,96,False
370,1.9522000002325512e-05,4.521699997894757e-05,3.2579999924564618e-06,3.7880000149925763e-06,4.142899996395499e-05,1.722000007475799e-06,96,False
371,1.905799999235569e-05,4.545199999483884e-05,2.7300000056129647e-06,3.666999987217423e-06,4.178500000762142e-05,1.7609999929391051e-06,96,False
372,1.896799997780363e-05,4.488499999411033e-05,2.778999999009102e-06,3.458000009004536e-06,4.1426999985105795e-05,1.8060000002151355e-06,96,False
373,1.8804000006866772e-05,4.468800000267947e-05,2.6910000201496587e-06,3.555000006372211e-06,4.113299999630726e-05,1.8119999936061504e-06,96,False
374,1.8877999991673278e-05,4.549899998096407e-05,2.797000007603856e-06,3.6899999997785926e-06,4.180899998118548e-05,1.8210000121143821e-06,96,False
375,1.8530999994936792e-05,4.5290000002751185e-05,2.9459999950631754e-06,3.519999978607302e-06,4.177000002414388e-05,1.83500000616732e-06,96,False
376,1.8707999998923697e-05,4.433899999867208e-05,3.2319999831997848e-06,3.5869999805981934e-06,4.0752000018073886e-05,1.7269999830205052e-06,96,False
377,1.8483999980389854e-05,4.484199999410521e-05,3.2450000162498327e-06,3.662000011672717e-06,4.117999998243249e-05,1.8309999916255038e-06,96,False
378,1.9111000000293643e-05,6.471599999713362e-05,3.6350000129914406e-06,3.598000006377333e-06,6.111799999075629e-05,9.22099999911552e-06,96,False
379,2.0831999989923133e-05,4.728799999043076e-05,2.9709999864735437e-06,4.066999991891862e-06,4.32209999985389e-05,1.8750000094769348e-06,96,False
380,1.9369999989748976e-05,4.591000001141765e-05,2.9059999917535606e-06,3.6490000070443784e-06,4.226100000437327e-05,1.8309999916255038e-06,96,False
381,1.9134000012854813e-05,4.548600000475744e-05,2.9170000175327004e-06,3.6750000163010554e-06,4.181099998845639e-05,1.9050000048537186e-06,96,False
382,1.8688000011479744e-05,4.60690000068098e-05,2.7780000095845025e-06,3.844000019626037e-06,4.2224999987183764e-05,1.8269999770836876e-06,96,False
383,1.922699999568067e-05,4.532799999878989e-05,2.813999998352301e-06,3.763999984585098e-06,4.1564000014204794e-05,1.7330000048332295e-06,96,False
384,1.893199998903583e-05,4.4925999986844545e-05,2.821000009589625e-06,3.660999993826408e-06,4.1264999993018137e-05,1.8969999757700862e-06,96,False
385,1.8690000018750652e-05,5.5957999990141616e-05,3.4489999904963042e-06,3.8679999931900966e-06,5.208999999695152e-05,2.286000011508804e-06,96,False
386,1.912499999434658e-05,4.584600000612227e-05,3.4160000268457225e-06,3.92100000112805e-06,4.192500000499422e-05,1.8320000094718125e-06,96,False
387,1.9680999997717663e-05,4.692699999964134e-05,3.500999980587949e-06,3.731999981937406e-06,4.319500001770393e-05,1.7819999982293666e-06,96,False
388,1.958100000365448e-05,4.511200000933968e-05,3.314999986514522e-06,3.8189999997939594e-06,4.129300000954572e-05,1.8460000035247504e-06,96,False
389,1.8799000002900357e-05,4.5698999997512146e-05,3.4939999977723346e-06,3.789999993841775e-06,4.190900000367037e-05,1.7979999995532125e-06,96,False
390,2.5141999998368192e-05,6.614400001581089e-05,3.887999980634049e-06,6.457000012005665e-06,5.9687000003805224e-05,2.7480000142077188e-06,96,False
391,2.0200000022896347e-05,4.6556000000919084e-05,3.2030000056693098e-06,4.161999981988629e-06,4.2394000018930456e-05,1.83500000616732e-06,96,False
392,1.8752999977778018e-05,4.511299999876428e-05,2.9390000122475612e-06,3.5110000169424893e-06,4.160199998182179e-05,1.845000014100151e-06,96,False
393,1.8605000008165007e-05,4.4836000000714193e-05,3.304000017578801e-06,3.7749999819425284e-06,4.1061000018771665e-05,1.6540000160603086e-06,96,False
394,1.8708999988348296e-05,4.548000001136643e-05,3.304000017578801e-06,3.724999999121792e-06,4.1755000012244636e-05,1.7449999916152592e-06,96,False
395,1.9212000012203134e-05,4.539700000805169e-05,3.114999998388157e-06,3.7780000070597453e-06,4.1619000000991946e-05,1.8960000147671963e-06,96,False
396,1.962799998977971e-05,4.5585000009396026e-05,3.314999986514522e-06,3.6999999792897142e-06,4.188500003010631e-05,1.816999997572566e-06,96,False
397,1.877400001148999e-05,4.5518999996829734e-05,3.284999991137738e-06,3.6830000169629784e-06,4.1835999979866756e-05,1.879000024018751e-06,96,False
398,1.9050000020115476e-05,4.576300000280753e-05,3.3480000070085225e-06,3.90900001434602e-06,4.185399998846151e-05,1.8570000008821808e-06,96,False
399,1.8756999992319834e-05,4.48049999874911e-05,3.3299999984137685e-06,3.6699999839129305e-06,4.113500000357817e-05,1.730000008137722e-06,96,False
400,1.8740999990995988e-05,4.558199998427881e-05,3.053999989788281e-06,3.528999997115534e-06,4.2052999987163275e-05,1.7899999988912896e-06,96,False
401,1.8904000000929955e-05,4.429099999470054e-05,2.9490000201803923e-06,3.3949999931337516e-06,4.089600000156679e-05,1.6660000028423383e-06,96,False
402,1.8664999998918574e-05,6.178300000669879e-05,3.2539999779146456e-06,3.539000005048365e-06,5.824400000165042e-05,1.83500000616732e-06,96,False
403,2.1809000003258916e-05,4.799999999249849e-05,2.791000014212841e-06,4.015999991224817e-06,4.398400000127367e-05,2.002999991645993e-06,96,False
404,1.966100001027371e-05,4.559499998890715e-05,2.8750000069521775e-06,3.7380000037501304e-06,4.185699998515702e-05,1.80099999624872e-06,96,False
405,1.904699999499826e-05,4.521400001067377e-05,2.750000021478627e-06,3.6369999918406393e-06,4.157700001883313e-05,1.742999984344351e-06,96,False
406,1.865799998768125e-05,4.4857999995429054e-05,2.8530000122373167e-06,3.6929999964741e-06,4.1164999998954954e-05,1.7689999936010281e-06,96,False
407,1.9209000015507627e-05,4.530799998292423e-05,2.8110000016567938e-06,3.7310000209345162e-06,4.1576999961989713e-05,1.816999997572566e-06,96,False
408,1.8879999998944186e-05,4.414199997881951e-05,2.813000008927702e-06,3.6249999766369e-06,4.051700000218261e-05,1.685999990286291e-06,96,False
409,2.0089000003054025e-05,4.523999999150874e-05,2.835999993067162e-06,3.5580000030677184e-06,4.168199998844102e-05,1.8910000108007807e-06,96,False
410,1.903399999036992e-05,4.514599999083657e-05,2.8659999884439458e-06,3.78400000045076e-06,4.136199999038581e-05,1.944999979741624e-06,96,False
411,1.89559999910216e-05,4.514599999083657e-05,2.910000006295377e-06,3.7650000024314068e-06,4.1380999988405165e-05,1.7760000048383517e-06,96,False
412,1.859099998569036e-05,4.4699000000036904e-05,2.7419999923949945e-06,3.7270000063927e-06,4.0971999993644204e-05,1.7340000226795382e-06,96,False
413,1.860099999362319e-05,4.487600000402381e-05,2.8240000062851323e-06,3.6639999905219156e-06,4.121200001350189e-05,1.7889999810449808e-06,96,False
414,1.909200000227429e-05,5.385600002227875e-05,3.3629999904860597e-06,3.6479999891980697e-06,5.020800003308068e-05,1.7520000028525828e-06,96,False
415,2.9331999996884406e-05,4.984399998875233e-05,2.801999983148562e-06,4.3729999958941335e-06,4.5470999992858196e-05,2.209000001585082e-06,96,False
416,1.975199998582866e-05,4.7112999993714766e-05,2.888000011580516e-06,4.021999984615832e-06,4.3091000009098934e-05,1.7570000068189984e-06,96,False
417,1.9790999999713677e-05,4.589700000678931e-05,2.8409999970335775e-06,3.787999986570867e-06,4.2109000020218446e-05,1.7139999783921667e-06,96,False
418,1.9221000002289657e-05,4.542099998161575e-05,2.829999999676147e-06,3.6490000070443784e-06,4.177199997457137e-05,1.7159999856630748e-06,96,False
419,1.9428000001653345e-05,4.5964000008780204e-05,2.7170000009846262e-06,3.6559999898599926e-06,4.230800001892021e-05,1.8810000028679497e-06,96,False
420,1.9135000002279412e-05,4.6156000024666355e-05,2.870000002985762e-06,3.7199999951553764e-06,4.243600002951098e-05,1.9530000088252564e-06,96,False
421,1.9264999991719378e-05,6.295200000749901e-05,3.055999997059189e-06,5.636999986791125e-06,5.7315000020707885e-05,2.1230000015748374e-06,96,False
422,2.4942999999666426e-05,4.780300000106763e-05,2.8839999970387e-06,3.840000005084221e-06,4.396299999598341e-05,1.9690000101491023e-06,96,False
423,1.9452999993063713e-05,4.669400001944268e-05,2.786999999671025e-06,3.996000003780864e-06,4.269800001566182e-05,1.8929999896499794e-06,96,False
424,1.9645000008949864e-05,4.654899998968176e-05,2.8350000036425627e-06,3.8630000176453905e-06,4.268599997203637e-05,1.8129999830307497e-06,96,False
425,1.901300001350137e-05,4.521299999282746e-05,2.7920000036374404e-06,3.7469999938366527e-06,4.146599999899081e-05,1.7190000107802916e-06,96,False
426,1.9622000024810404e-05,6.570900001179325e-05,3.094999982522495e-06,3.7709999958224216e-06,6.193800001597083e-05,1.7870000021957821e-06,96,False
427,2.105299998333976e-05,4.7227999999677195e-05,2.8120000195031025e-06,3.958000007742157e-06,4.326999999193504e-05,1.988999997593055e-06,96,False
428,1.962700000035511e-05,4.567499999552638e-05,2.9519999884541903e-06,3.775999999788837e-06,4.189899999573754e-05,1.865999990968703e-06,96,False
429,1.958199999307908e-05,4.587600000149905e-05,2.910999995719976e-06,3.7460000044120534e-06,4.2129999997087e-05,1.910000008820134e-06,96,False
430,1.8837999988363663e-05,4.549800001996118e-05,2.831999978525346e-06,3.970999983948786e-06,4.1527000036012396e-05,1.8789999955970416e-06,96,False
431,1.8900000014809848e-05,4.5631999995521255e-05,2.6720000221303053e-06,3.6469999997734703e-06,4.1984999995747785e-05,1.7680000041764288e-06,96,False
432,1.912700000161749e-05,4.486299999939547e-05,2.840000007608978e-06,3.551999981254994e-06,4.1311000018140476e-05,1.803000003519628e-06,96,False
433,1.986500001294189e-05,4.625399998303692e-05,2.892999987125222e-06,3.633999995145132e-06,4.261999998789179e-05,1.991000004863963e-06,96,False
434,1.9699999995737016e-05,4.468800000267947e-05,2.786999999671025e-06,3.571999997120656e-06,4.111600000555882e-05,1.8309999916255038e-06,96,False
435,1.880799999298688e-05,4.442700000595323e-05,2.7620000082606566e-06,3.47600001759929e-06,4.095099998835394e-05,1.7379999803779356e-06,96,False
436,2.1433000000570246e-05,4.5268999997460924e-05,3.437999993138874e-06,3.7039999938315304e-06,4.156500000362939e-05,1.7810000088047673e-06,96,False
437,1.9551999997702296e-05,4.5243000016625956e-05,3.3340000129555847e-06,3.666000026214533e-06,4.157699999041142e-05,1.9950000194057793e-06,96,False
438,1.9694000002346e-05,6.327700000952063e-05,1.8229000005476337e-05,3.650999985893577e-06,5.962600002362706e-05,1.7670000147518294e-06,96,False
439,2.4508999985073388e-05,4.9599000021771644e-05,3.4939999977723346e-06,4.276999987951058e-06,4.5322000033820586e-05,2.201000000923159e-06,96,False
440,2.0411999997804742e-05,4.722400001355709e-05,3.379999981234505e-06,3.741999989870237e-06,4.348200002368685e-05,2.0500000061929313e-06,96,False
441,1.9504999983155358e-05,4.6987000018816616e-05,2.97500000101536e-06,4.020999995191232e-06,4.2966000023625384e-05,1.8770000167478429e-06,96,False
442,1.9380999987106406e-05,4.583000000479842e-05,2.8369999824917613e-06,3.676999995150254e-06,4.215300000964817e-05,1.934000010805903e-06,96,False
443,1.9419000011566823e-05,4.512600000339262e-05,2.6909999917279492e-06,3.543000019590181e-06,4.158299998380244e-05,1.8499999896448571e-06,96,False
444,1.8562000008159885e-05,4.570600000874947e-05,2.757000004294241e-06,3.769000016973223e-06,4.193699999177625e-05,1.8020000140950287e-06,96,False
445,1.88850000029106e-05,4.586700001141253e-05,2.7600000009897485e-06,3.6799999918457615e-06,4.218700001956677e-05,1.7870000021957821e-06,96,False
446,2.1208999982036403e-05,4.664200000092933e-05,3.151000015577665e-06,3.934000005756388e-06,4.270799999517294e-05,1.8460000035247504e-06,96,False
447,1.8936000003577647e-05,4.518000000075517e-05,3.2799999871713226e-06,3.49900000173875e-06,4.168099999901642e-05,1.790999988315889e-06,96,False
448,1.920599999039041e-05,4.548900000145295e-05,3.209999988484924e-06,3.650999985893577e-06,4.1838000015559373e-05,1.8499999896448571e-06,96,False
449,1.9492999996373328e-05,4.570699999817407e-05,3.17999999310814e-06,3.6920000070495007e-06,4.201499999112457e-05,1.8019999856733193e-06,96,False
450,1.8804000006866772e-05,7.156800000984731e-05,3.4899999832305184e-06,5.645999976877647e-06,6.592200003296966e-05,2.5660000062543986e-06,96,False
451,2.0672999994530983e-05,4.770399999642905e-05,3.1219999812037713e-06,3.93199999848548e-06,4.377199999794357e-05,1.8670000088150118e-06,96,False
452,1.9529000013562836e-05,4.664899998374494e-05,3.171000003021618e-06,3.851999991866251e-06,4.279699999187869e-05,1.8329999988964119e-06,96,False
453,1.9323999993048346e-05,4.5460999984925365e-05,3.292999991799661e-06,3.8069999845902203e-06,4.1654000000335145e-05,1.8259999876590882e-06,96,False
454,1.8893999992997124e-05,4.652800001281321e-05,3.2169999997222476e-06,3.929000001789973e-06,4.2599000011023236e-05,1.7989999889778119e-06,96,False
455,1.893099999961123e-05,4.560400000741538e-05,3.2670000109646935e-06,3.6209999905167933e-06,4.1983000016898586e-05,1.8019999856733193e-06,96,False
456,1.881899999034431e-05,4.573699999355085e-05,3.0960000003688037e-06,3.630000009025025e-06,4.210699998452583e-05,1.7700000114473369e-06,96,False
457,1.897600000688726e-05,4.4914999989487114e-05,3.078999981198649e-06,3.668000005063732e-06,4.124699998442338e-05,1.7149999962384754e-06,96,False
458,1.9054999995660182e-05,4.5497000002114873e-05,2.995999977883912e-06,3.7650000024314068e-06,4.173199999968347e-05,1.7590000140899065e-06,96,False
459,1.8535999998903208e-05,4.430699999602439e-05,2.8229999884388235e-06,3.456000001733628e-06,4.085099999429076e-05,1.7670000147518294e-06,96,False
460,1.8576000002212822e-05,4.4866999985515577e-05,2.8729999996812694e-06,3.311000000394415e-06,4.155599998512116e-05,1.6639999955714302e-06,96,False
461,1.9016999999621476e-05,4.490599999940059e-05,2.8320000069470552e-06,3.632000016295933e-06,4.127399998310466e-05,1.7190000107802916e-06,96,False
462,1.902399998243709e-05,4.5107999994797865e-05,2.7520000003278255e-06,3.5889999878691015e-06,4.1519000006928763e-05,1.7689999936010281e-06,96,False
463,1.8654000001561144e-05,4.4674999998051135e-05,2.9079999990244687e-06,3.5559999957968103e-06,4.1119000002254324e-05,1.687999997557199e-06,96,False
464,1.8609999983709713e-05,4.759000000831293e-05,3.492000018923136e-06,3.7849999898753595e-06,4.380500001843757e-05,1.7729999797211349e-06,96,False
465,1.8894999982421723e-05,4.472999998483829e-05,3.223999982537862e-06,3.666999987217423e-06,4.1062999997620864e-05,1.673000014079662e-06,96,False
466,1.8834000002243556e-05,4.467900001259295e-05,3.24800001294534e-06,3.3680000228741847e-06,4.1310999989718766e-05,1.8380000028628274e-06,96,False
467,1.8611000001556022e-05,4.5212000003402864e-05,2.8260000135560404e-06,3.595999999106425e-06,4.161600000429644e-05,1.7479999883107666e-06,96,False
468,1.996800000370058e-05,6.992799998783994e-05,3.367000005027876e-06,3.7000000077114237e-06,6.622799998012852e-05,1.8129999830307497e-06,96,False
469,3.493400001275404e-05,5.23980000082247e-05,3.086999981860572e-06,5.091999980777473e-06,4.7306000027447226e-05,2.2779999824251718e-06,96,False
470,2.008300000966301e-05,4.7558999995089835e-05,2.8839999970387e-06,3.96600000840408e-06,4.3592999986685754e-05,1.9800000075065327e-06,96,False
471,1.9460999993725636e-05,4.6566000008851915e-05,2.876999985801376e-06,4.055000005109832e-06,4.251100000374208e-05,1.831999981050103e-06,96,False
472,1.912400000492198e-05,4.5733000007430746e-05,2.7979999970284553e-06,4.026999988582247e-06,4.17060000188485e-05,1.8740000200523355e-06,96,False
473,1.9188999999641965e-05,4.570999999486958e-05,2.754999997023333e-06,3.924999987248157e-06,4.178500000762142e-05,1.7680000041764288e-06,96,False
474,1.9711999982519046e-05,4.5723999988922515e-05,2.8420000148798863e-06,3.7700000063978223e-06,4.195399998252469e-05,1.7719999902965355e-06,96,False
475,1.913700000955032e-05,4.501999998751671e-05,2.649999998993735e-06,3.834000011693206e-06,4.1185999975823506e-05,1.7350000121041376e-06,96,False
476,1.8917000005558293e-05,4.5153000002073895e-05,2.7840000029755174e-06,3.973999980644294e-06,4.11790000214296e-05,1.6620000167222315e-06,96,False
477,1.9565000002330635e-05,4.6104000006153e-05,2.8089999943858857e-06,3.82999999715139e-06,4.227400000900161e-05,1.736000001528737e-06,96,False
478,3.249299999197319e-05,5.1879000011467724e-05,3.1589999878178787e-06,4.2839999991883815e-06,4.759500001227934e-05,2.152999996951621e-06,96,False
479,2.1707999991349425e-05,4.696199999898454e-05,3.110999983846341e-06,3.945000003113819e-06,4.301699999587072e-05,1.916000002211149e-06,96,False
480,1.954699999373588e-05,0.0001219250000019656,8.368000010250398e-06,1.4086999982509951e-05,0.00010783800001945565,5.646999994723956e-06,96,False
481,4.335600002036699e-05,6.264199998895492e-05,4.27400001967726e-06,5.683000011913464e-06,5.695899997704146e-05,2.494000000297092e-06,96,False
482,2.6598999994575934e-05,5.568299999936244e-05,3.71599998061356e-06,4.960000012488308e-06,5.072299998687413e-05,2.184999999599313e-06,96,False
483,2.3601000009421114e-05,5.09580000027654e-05,3.249999991794539e-06,4.047000004447909e-06,4.691099999831749e-05,1.984000022048349e-06,96,False
484,2.259100000401304e-05,4.9974999996038605e-05,3.1350000142538192e-06,4.230000001825829e-06,4.5744999994212776e-05,1.9290000068394875e-06,96,False
485,2.0750000004454705e-05,4.781100000172955e-05,3.1429999864940328e-06,3.960000015013065e-06,4.385099998671649e-05,1.924000002873072e-06,96,False
486,0.00014047800002003896,6.757200000606645e-05,5.307999998649393e-06,6.839999997509949e-06,6.07320000085565e-05,3.642999985231654e-06,96,False
487,3.94570000139538e-05,5.829299999504656e-05,4.169999982650552e-06,5.28800001120544e-06,5.300499998384112e-05,2.7829999851292087e-06,96,False
488,9.016300001007949e-05,8.685299999910967e-05,7.953999983101312e-06,7.997000011528144e-06,7.885599998758153e-05,4.5169999793870375e-06,96,False
489,3.1223000007685187e-05,5.916700001762365e-05,4.047999993872509e-06,5.089000012503675e-06,5.4078000005119975e-05,2.35900000689071e-06,96,False
490,2.458600002341882e-05,5.3326999989167234e-05,3.633999995145132e-06,4.372000006469534e-06,4.89549999826977e-05,2.1079999896755908e-06,96,False
491,2.2553000007974333e-05,5.034399998748995e-05,3.5520000096767035e-06,4.24000000975866e-06,4.610399997773129e-05,2.0180000035452395e-06,96,False
492,2.1055000019032377e-05,4.904400000782516e-05,3.2859999805623374e-06,3.9829999991525256e-06,4.5061000008672636e-05,2.06300001082127e-06,96,False
493,2.619499997535968e-05,4.8856000006480826e-05,3.1860000149208645e-06,4.050000001143417e-06,4.480600000533741e-05,1.922999985026763e-06,96,False
494,2.0210999991832068e-05,4.720199999042052e-05,2.9809999944063748e-06,3.942000006418311e-06,4.3259999984002206e-05,1.8210000121143821e-06,96,False
495,2.0223999996460407e-05,4.704300002345008e-05,3.0999999864889105e-06,3.706999990527038e-06,4.333600003292304e-05,1.8729999737843173e-06,96,False
496,1.9789999981867368e-05,4.717900000628106e-05,3.923000008398958e-06,3.8890000269020675e-06,4.328999997937899e-05,1.8880000141052733e-06,96,False
497,2.000399999246838e-05,4.632099998502781e-05,3.5889999878691015e-06,3.6760000057256548e-06,4.2644999979302156e-05,1.8609999870022875e-06,96,False
498,1.940900000363399e-05,4.6169000000872984e-05,3.391999996438244e-06,3.6879999925076845e-06,4.24810000083653e-05,1.8670000088150118e-06,96,False
499,1.97630000116078e-05,4.703000001882174e-05,3.102999983184418e-06,3.904999999804204e-06,4.3125000019017534e-05,1.6660000028423383e-06,96,False
500,1.943300000561976e-05,4.5950999975730156e-05,3.284999991137738e-06,3.682999988541269e-06,4.226799998718889e-05,1.8359999955919193e-06,96,False
501,1.9327000018165563e-05,4.573000001073524e-05,3.3259999838719523e-06,3.7289999852418987e-06,4.200100002549334e-05,1.738000008799645e-06,96,False
502,1.8995999994331214e-05,4.6259000015425045e-05,3.0209999977159896e-06,3.7119999944934534e-06,4.254700002093159e-05,1.924000002873072e-06,96,False
503,1.9449999996368206e-05,4.491799998618262e-05,3.4470000116471056e-06,3.6100000215810724e-06,4.130799996460155e-05,1.808999996910643e-06,96,False
504,1.9016999999621476e-05,4.525899998952809e-05,2.83800000033807e-06,3.6719999911838386e-06,4.1586999998344254e-05,1.8049999823688267e-06,96,False
505,1.8987000004244692e-05,4.5792999998184314e-05,2.8649999990193464e-06,3.856000006408067e-06,4.193699999177625e-05,1.7910000167375983e-06,96,False
506,1.9120000018801875e-05,4.546499999946718e-05,3.4725000006119444e-05,3.859999992528174e-06,4.160500000693901e-05,1.669999988962445e-06,96,False
507,7.963699999891105e-05,8.204299999192699e-05,5.2640000092196715e-06,7.953999983101312e-06,7.408900000882568e-05,4.204999981993751e-06,96,False
508,2.8921999984277136e-05,5.8752000001049964e-05,3.992000017660757e-06,5.189000006566857e-06,5.356299999448311e-05,2.3899999916920933e-06,96,False
509,2.538200001822588e-05,5.3587999985893475e-05,3.8679999931900966e-06,4.547000003185531e-06,4.9040999982707945e-05,2.249999994319296e-06,96,False
510,2.299100000868748e-05,5.348199999843928e-05,3.6449999925025622e-06,4.326999999193504e-06,4.9154999999245774e-05,2.0100000028833165e-06,96,False
511,2.19430000072407e-05,4.980700001055993e-05,3.4200000129658292e-06,4.118000020980617e-06,4.5688999989579315e-05,2.0229999790899456e-06,96,False
512,2.1135000025651607e-05,5.7712999989689706e-05,3.6290000196004257e-06,3.986999985272632e-06,5.3726000004417074e-05,1.8830000101388578e-06,96,False
513,2.0796000001155335e-05,4.809699998986616e-05,3.1190000129299733e-06,3.905999989228803e-06,4.419100000063736e-05,1.816999997572566e-06,96,False
514,2.0607999999811e-05,4.761099998518148e-05,3.7620000057358993e-06,3.969000005099588e-06,4.364199998008189e-05,1.7879999916203815e-06,96,False
515,2.042399998458677e-05,4.752999998913765e-05,2.6302000009081894e-05,4.0330000103949715e-06,4.349699997874268e-05,1.8940000074962882e-06,96,False
516,2.2586000000046624e-05,4.8527000018339095e-05,3.6980000004405156e-06,3.869000011036405e-06,4.465800000730269e-05,2.0140000174251327e-06,96,False
517,1.997100000039609e-05,4.7182999992401164e-05,3.5700000182714575e-06,3.8050000057410216e-06,4.337799998666014e-05,1.8320000094718125e-06,96,False
518,1.9938000008323797e-05,4.821699999979501e-05,3.7549999944985757e-06,3.9100000037706195e-06,4.430699999602439e-05,2.023000007511655e-06,96,False
519,2.0143000000416578e-05,4.613000001540968e-05,3.349999985857721e-06,3.397999989829259e-06,4.273200002558042e-05,1.8039999929442274e-06,96,False
520,1.935300002742224e-05,6.52690000038092e-05,3.664000018943625e-06,3.7220000024262845e-06,6.154700000138291e-05,1.816999997572566e-06,96,False
521,2.508800000100564e-05,4.902400002038121e-05,3.340999995771199e-06,4.324000002497996e-06,4.470000001788321e-05,2.0200000108161476e-06,96,False
522,2.0405000014989128e-05,4.746499999441767e-05,2.9050000023289613e-06,4.0250000097330485e-06,4.343999998468462e-05,1.9510000015543483e-06,96,False
523,1.9362000017508763e-05,4.675300002077165e-05,2.7860000102464255e-06,3.810000009707437e-06,4.2943000011064214e-05,1.7090000028474606e-06,96,False
524,1.9737000002351124e-05,6.558399999789799e-05,3.8140000242492533e-06,3.894999991871373e-06,6.168900000602662e-05,1.924000002873072e-06,96,False
525,2.21229999795014e-05,4.839899997932662e-05,3.403999983220274e-06,4.157000006443923e-06,4.4241999972882695e-05,1.9499999837080395e-06,96,False
526,1.9609000020182066e-05,4.731699999638295e-05,3.377000012960707e-06,3.927999983943664e-06,4.338900001243928e-05,1.8629999942731956e-06,96,False
527,1.936699999305347e-05,4.6599999990348806e-05,3.330999987838368e-06,3.7890000044171757e-06,4.281099998593163e-05,1.865999990968703e-06,96,False
528,1.914899999633235e-05,4.651800000488038e-05,3.227999997079678e-06,3.821999996489467e-06,4.269600000839091e-05,1.7430000127660605e-06,96,False
529,1.9280000003618625e-05,4.720999999108244e-05,3.254000006336355e-06,3.8189999997939594e-06,4.339099999128848e-05,1.8329999988964119e-06,96,False
530,1.961600000299768e-05,4.6644999997624836e-05,3.28200002286394e-06,3.8290000077267905e-06,4.2815999989898046e-05,1.839999981712026e-06,96,False
531,1.9641000022829758e-05,4.689299998972274e-05,3.2710000255065097e-06,3.851000002441651e-06,4.304199998728109e-05,1.827000005505397e-06,96,False
532,1.928599999700964e-05,4.561700001204372e-05,3.3729999984188908e-06,3.668999994488331e-06,4.194800001755539e-05,1.7210000180511997e-06,96,False
533,1.928499997916333e-05,4.629500000419284e-05,3.1300000102874037e-06,3.895000020293082e-06,4.239999998389976e-05,1.8890000035298726e-06,96,False
534,1.9578999996383573e-05,4.5495000023265675e-05,3.0879999997068808e-06,3.8060000235873304e-06,4.1688999999678344e-05,1.7170000035093835e-06,96,False
535,1.9210999994356825e-05,4.910000001245862e-05,3.526999989844626e-06,3.7480000116829615e-06,4.535200000077566e-05,1.9770000108110253e-06,96,False
536,1.992399998584915e-05,4.609000001210006e-05,3.251999999065447e-06,3.6249999766369e-06,4.246500003546316e-05,1.8289999843545957e-06,96,False
537,1.9248999990395532e-05,4.516699999612683e-05,3.235999997741601e-06,3.8009999911992054e-06,4.136600000492763e-05,1.8589999797313794e-06,96,False
538,1.89890000115156e-05,4.533200001333171e-05,3.151000015577665e-06,3.739999982599329e-06,4.159200003073238e-05,1.7410000054951524e-06,96,False
539,1.8798000013475757e-05,4.560599998626458e-05,3.206000002364817e-06,3.7880000149925763e-06,4.1817999971272e-05,1.6010000081223552e-06,96,False
540,1.93070000022999e-05,4.49789999947825e-05,3.1460000116112496e-06,3.6650000083682244e-06,4.1313999986414274e-05,1.730000008137722e-06,96,False
541,1.8972999981770045e-05,4.542299998888666e-05,2.9600000175378227e-06,3.626999983907808e-06,4.179600000497885e-05,1.7760000048383517e-06,96,False
542,1.9371000007595285e-05,4.731500001753375e-05,2.7829999851292087e-06,3.67000001233464e-06,4.364500000519911e-05,1.7809999803830578e-06,96,False
543,1.9608000002335757e-05,4.601099999490543e-05,3.018000001020482e-06,3.698999989865115e-06,4.231200000504032e-05,1.8210000121143821e-06,96,False
544,1.997900000105801e-05,4.649499999231921e-05,2.8590000056283316e-06,3.777999978638036e-06,4.271700001368117e-05,1.6500000015184924e-06,96,False
545,1.9135000002279412e-05,6.339500001217857e-05,3.7599999984649912e-06,3.6719999911838386e-06,5.972300002099473e-05,1.736000001528737e-06,96,False
546,2.228200000331526e-05,5.720300001144096e-05,4.82100000454011e-06,3.977000005761511e-06,5.322600000567945e-05,2.0909999989271455e-06,96,False
547,3.7507000001824053e-05,5.765500000620705e-05,4.0410000110568944e-06,5.143000009866228e-06,5.251199999634082e-05,2.936000015552054e-06,96,False
548,2.210099998478654e-05,4.8937000002524655e-05,3.348999996433122e-06,4.3469999866374565e-06,4.45900000158872e-05,1.9539999982498557e-06,96,False
549,2.0570000003772293e-05,5.2140000008193965e-05,3.0790000096203585e-06,4.27399999125555e-06,4.7866000016938415e-05,1.8289999843545957e-06,96,False
550,1.9863999995095583e-05,4.637899999693218e-05,2.9699999970489444e-06,3.975999987915202e-06,4.240300000901698e-05,1.8309999916255038e-06,96,False
551,1.9801999997071107e-05,4.623199998832206e-05,3.418000005694921e-06,3.918999993857142e-06,4.231299999446492e-05,1.9029999975828105e-06,96,False
552,1.9516000008934498e-05,4.5916000004808666e-05,2.8810000003431924e-06,3.907000007075112e-06,4.2008999997733554e-05,2.0229999790899456e-06,96,False
553,1.9291000000976055e-05,4.611899998963054e-05,2.902000005633454e-06,3.8290000077267905e-06,4.228999998190375e-05,1.819000004843474e-06,96,False
554,1.9403999999667576e-05,4.5143999983565664e-05,2.8409999970335775e-06,3.6929999964741e-06,4.1450999987091564e-05,1.8179999869971653e-06,96,False
555,1.93770000009863e-05,4.5471999982282796e-05,2.702999978509979e-06,3.598000006377333e-06,4.187399997590546e-05,1.7870000021957821e-06,96,False
556,1.928700001485595e-05,4.602199999226286e-05,2.9310000115856383e-06,3.7650000024314068e-06,4.2256999989831456e-05,1.7369999909533362e-06,96,False
557,1.981199997658223e-05,4.5140999986870156e-05,3.3379999990756914e-06,3.6030000103437487e-06,4.153799997652641e-05,1.9530000088252564e-06,96,False
558,1.9163999979809887e-05,0.0001612129999841727,1.2088000005405775e-05,9.06099998587706e-06,0.00015215199999829565,4.794999995283433e-06,96,False
559,6.9420999977865e-05,5.462199999328732e-05,3.4679999885156576e-06,4.8039999853699555e-06,4.981800000791736e-05,2.443999989054646e-06,96,False
560,2.2274000002653338e-05,4.900199999724464e-05,3.644000003077963e-06,4.036999996515078e-06,4.496500000072956e-05,2.0850000055361306e-06,96,False
561,2.087100000380815e-05,4.757600001425999e-05,3.0120000076294673e-06,3.9309999806391716e-06,4.364500003362082e-05,1.920000016752965e-06,96,False
562,2.0450000022265158e-05,4.671799999300674e-05,3.0790000096203585e-06,3.848000005746144e-06,4.28699999872606e-05,1.908000001549226e-06,96,False
563,2.1847999988722222e-05,7.228600000530605e-05,3.3199999904809374e-06,6.409999997458726e-06,6.587600000784732e-05,2.6550000029601506e-06,96,False
564,2.4238999998260624e-05,4.9004999993940146e-05,2.981999983830974e-06,4.235000005792244e-06,4.47699999881479e-05,2.0909999989271455e-06,96,False
565,1.971700001490717e-05,4.562800000940115e-05,2.835999993067162e-06,3.912000011041528e-06,4.171599999835962e-05,1.8439999962538423e-06,96,False
566,1.9438000009586176e-05,4.420000001914559e-05,2.9130000029908842e-06,3.690999989203192e-06,4.05090000299424e-05,1.7650000074809213e-06,96,False
567,1.910399998905632e-05,4.495700000006764e-05,2.843999993729085e-06,3.9100000037706195e-06,4.104699999629702e-05,1.8179999869971653e-06,96,False
568,1.863400001411719e-05,4.409699999996519e-05,2.725000001646549e-06,3.732999999783715e-06,4.036400000018148e-05,1.649999973096783e-06,96,False
569,1.847799998699884e-05,4.369100000189974e-05,2.811999991081393e-06,3.5789999799362704e-06,4.011200002196347e-05,1.6749999929288606e-06,96,False
570,1.839600000153041e-05,4.327599998532605e-05,2.730999995037564e-06,3.6270000123295176e-06,3.9648999972996535e-05,1.6380000147364626e-06,96,False
571,1.837499999624015e-05,4.3843000014476274e-05,2.7760000023135945e-06,3.5660000037296413e-06,4.027700001074663e-05,1.6060000120887707e-06,96,False
572,1.8208000000186075e-05,4.3591999997261155e-05,2.649999998993735e-06,3.612000000430271e-06,3.9979999996830884e-05,1.6269999889573228e-06,96,False
573,1.8401000005496826e-05,4.393099999333572e-05,2.6480000201445364e-06,3.7160000090352696e-06,4.021499998430045e-05,1.7229999969003984e-06,96,False
574,2.0442999982606125e-05,4.340699999261233e-05,2.7130000148645195e-06,3.7429999792948365e-06,3.966400001331749e-05,1.716999975087674e-06,96,False
575,1.8900000014809848e-05,4.399700000590201e-05,2.6149999996505358e-06,3.816000003098452e-06,4.018100000280356e-05,1.7479999883107666e-06,96,False
576,1.8444000005501948e-05,4.337199999326913e-05,2.613999981804227e-06,3.832000004422298e-06,3.953999998884683e-05,1.6790000074706768e-06,96,False
577,1.8183999998200306e-05,4.274400001236245e-05,2.7239999838002404e-06,3.6710000017592392e-06,3.907300001060321e-05,1.5109999935702945e-06,96,False
578,1.9919999999729043e-05,4.300299997339607e-05,2.652000006264643e-06,3.466000009666459e-06,3.953699996372961e-05,1.6509999909430917e-06,96,False
579,1.9635000001017033e-05,4.3750999992653306e-05,2.6650000108929817e-06,3.6479999891980697e-06,4.0103000003455236e-05,1.7210000180511997e-06,96,False
580,1.8273999984330658e-05,4.359700000122757e-05,2.6919999811525486e-06,3.5680000110005494e-06,4.002899999022702e-05,1.7060000061519531e-06,96,False
581,1.844000001938184e-05,4.363200000057077e-05,2.7019999890853796e-06,3.7609999878895906e-06,3.987100001268118e-05,1.6659999744206289e-06,96,False
582,1.8057000005455848e-05,4.319900000382404e-05,2.508999983774629e-06,3.6750000163010554e-06,3.9523999987522984e-05,1.6479999942475843e-06,96,False
583,1.794100001006882e-05,4.225399999313595e-05,2.5960000016311824e-06,3.435000024865076e-06,3.881899996827087e-05,1.5429999962179863e-06,96,False
584,1.7899999988912896e-05,4.3067999996537765e-05,2.7559999864479323e-06,3.4859999971104116e-06,3.958199999942735e-05,1.7850000233465835e-06,96,False
585,1.84289999936027e-05,4.323299998532093e-05,2.660000006926566e-06,3.6389999991115474e-06,3.959399998620938e-05,1.7819999982293666e-06,96,False
586,1.812400000744674e-05,4.3626999996604354e-05,2.6400000194826134e-06,3.519999978607302e-06,4.010700001799705e-05,1.7799999909584585e-06,96,False
587,1.8320999998877596e-05,4.398499999069827e-05,2.562000020134292e-06,3.634999984569731e-06,4.035000000612854e-05,1.7780000121092598e-06,96,False
588,1.812200000017583e-05,4.363299998999537e-05,3.3439999924667063e-06,3.5079999918252724e-06,4.01249999981701e-05,1.8529999863403646e-06,96,False
589,2.6525999999194028e-05,4.809600000044156e-05,2.7009999996607803e-06,4.313000005140566e-06,4.3782999995301e-05,2.0240000253579638e-06,96,False
590,1.8934999985731338e-05,4.4140999989394913e-05,2.6670000181638898e-06,3.7240000096971926e-06,4.041699997969772e-05,1.7920000061621977e-06,96,False
591,1.8870000019433064e-05,4.3251999983340284e-05,2.009400000702044e-05,3.622000008363102e-06,3.962999997497718e-05,1.7090000028474606e-06,96,False
592,2.3096999996141676e-05,4.626399999096975e-05,3.167999977904401e-06,3.6299999806033156e-06,4.2634000010366435e-05,1.9839999936266395e-06,96,False
593,1.8802999989020464e-05,4.644999998504318e-05,2.92900000431473e-06,3.934000005756388e-06,4.251599997928679e-05,1.9269999995685794e-06,96,False
594,1.983199999244789e-05,4.593700001009893e-05,3.7729999746716203e-06,3.7749999819425284e-06,4.21620000281564e-05,1.883999999563457e-06,96,False
595,1.8844000010176387e-05,4.349400001046888e-05,3.356999997095045e-06,3.6279999733324075e-06,3.986600003713647e-05,1.6140000127506937e-06,96,False
596,1.7922000012049466e-05,4.326900000251044e-05,2.770999998347179e-06,3.5380000156237656e-06,3.973099998688667e-05,1.7029999810347363e-06,96,False
597,1.803300000347008e-05,4.251400000043759e-05,2.6310000009743817e-06,3.367000005027876e-06,3.9146999995409715e-05,1.639000004161062e-06,96,False
598,1.8095000001494554e-05,4.387100000258215e-05,2.5980000089020905e-06,3.6690000229100406e-06,4.020199997967211e-05,1.7259999935959058e-06,96,False
599,1.8482000001540655e-05,4.425800000262825e-05,3.24800001294534e-06,3.526999989844626e-06,4.0731000012783625e-05,1.7840000055002747e-06,96,False
600,1.8227000026627138e-05,4.355000001510234e-05,2.7690000194979802e-06,3.526999989844626e-06,4.0023000025257716e-05,1.784999994924874e-06,96,False
601,1.7889000019977175e-05,4.406299999004659e-05,2.6540000135355513e-06,3.585999991173594e-06,4.0476999998873e-05,1.7270000114422146e-06,96,False
602,1.8170999993571968e-05,4.291300001568743e-05,3.298999985190676e-06,3.545999987863979e-06,3.936700002782345e-05,1.6509999909430917e-06,96,False
603,1.7945999985613525e-05,4.2761000003110894e-05,3.1900000010409713e-06,3.4710000136328745e-06,3.928999998947802e-05,1.6000000186977559e-06,96,False
604,1.823799999556286e-05,4.321300002629869e-05,3.0960000003688037e-06,3.5520000096767035e-06,3.966100001662198e-05,1.7060000061519531e-06,96,False
605,1.7971000005445603e-05,6.817000002001805e-05,3.464000002395551e-06,3.3800000096562144e-06,6.479000001036184e-05,1.7899999988912896e-06,96,False
606,3.119500001957931e-05,4.784699999049735e-05,3.0249999838360964e-06,4.343999989941949e-06,4.35030000005554e-05,1.8970000041917956e-06,96,False
607,1.9510000015543483e-05,4.577300001074036e-05,2.910000006295377e-06,3.888000009055759e-06,4.18850000016846e-05,1.7840000055002747e-06,96,False
608,1.85680000015509e-05,4.439500000330554e-05,2.821999999014224e-06,3.988000003118941e-06,4.04070000001866e-05,1.7389999982242443e-06,96,False
609,1.881700001149511e-05,4.4389000009914525e-05,2.8180000128941174e-06,3.822999985914066e-06,4.056600002400046e-05,1.764999979059212e-06,96,False
610,1.8086000011408032e-05,4.349399998204717e-05,2.7550000254450424e-06,3.555000006372211e-06,3.993899997567496e-05,1.7270000114422146e-06,96,False
611,1.820400001406597e-05,4.3420999986665265e-05,2.866000016865655e-06,3.4699999957865657e-06,3.99509999908787e-05,1.7170000035093835e-06,96,False
612,1.8036999989590186e-05,4.3204000007790455e-05,2.7680000016516715e-06,3.4390000109851826e-06,3.976499999680527e-05,1.8079999790643342e-06,96,False
613,1.8643999993628313e-05,6.528399998728673e-05,3.124000016896389e-06,3.6080000143101643e-06,6.167599997297657e-05,3.153999983851463e-06,96,False
614,2.1024999995233884e-05,4.6237999981713074e-05,2.6739999725577945e-06,4.052000008414325e-06,4.218599997329875e-05,1.8380000028628274e-06,96,False
615,1.8667000006189483e-05,4.402700000127879e-05,3.2670000109646935e-06,3.729999974666498e-06,4.0297000026612295e-05,1.738000008799645e-06,96,False
616,1.862500002403067e-05,4.439699998215474e-05,2.773000005618087e-06,3.7209999845799757e-06,4.067599999757476e-05,1.7110000101183687e-06,96,False
617,1.8553999979076252e-05,8.854500001120869e-05,9.953000017048907e-06,3.674999987879346e-06,8.487000002332934e-05,1.782999987653966e-06,96,False
618,6.0939999997344785e-05,5.2892999974574195e-05,3.371000019569692e-06,4.667999974117265e-06,4.822500000045693e-05,2.7559999864479323e-06,96,False
619,2.0999999975401806e-05,4.914499999131294e-05,3.7609999878895906e-06,4.214000000501983e-06,4.493099999081096e-05,2.0749999976032996e-06,96,False
620,2.067599999122649e-05,5.08150000086971e-05,3.6309999984496244e-06,4.177999983312475e-06,4.663700002538462e-05,1.964999995607286e-06,96,False
621,1.9589000004316404e-05,4.663200002141821e-05,3.335000002380184e-06,3.8069999845902203e-06,4.282500003682799e-05,1.8789999955970416e-06,96,False
622,1.9533999989107542e-05,4.607200000350531e-05,3.294999999070569e-06,3.741999989870237e-06,4.233000001363507e-05,1.7609999929391051e-06,96,False
623,1.9699999995737016e-05,9.430500000462416e-05,7.353000000875909e-06,1.1140999987446776e-05,8.316400001717739e-05,4.8039999853699555e-06,96,False
624,3.4062999986872455e-05,0.00017747399999734625,5.786000002672154e-06,5.490999996027313e-06,0.00017198300000131894,2.5379999897268135e-06,96,False
625,3.0064000014817793e-05,5.752600000619168e-05,3.7909999832663743e-06,5.251999994015932e-06,5.227400001217575e-05,2.80399999041947e-06,96,False
626,2.298000001133005e-05,5.099699998822871e-05,3.276000001051216e-06,4.3229999846516876e-06,4.667400000357702e-05,2.041000016106409e-06,96,False
627,2.1852999992688638e-05,5.013899999539717e-05,3.7970000050790986e-06,4.063000005771755e-06,4.6075999989625416e-05,2.0479999989220232e-06,96,False
628,2.1021000009113777e-05,4.911799999263167e-05,3.6980000004405156e-06,3.950999996504834e-06,4.516699999612683e-05,1.9619999989117787e-06,96,False
629,2.0793000004459827e-05,4.834800000708128e-05,3.084000013586774e-06,3.827999989880482e-06,4.45200000172008e-05,1.9679999923027935e-06,96,False
630,2.1240999984684095e-05,4.788600000438237e-05,3.1040000010307267e-06,3.7880000149925763e-06,4.409799998938979e-05,1.9980000161012867e-06,96,False
631,2.0144999979265776e-05,4.7206999994386933e-05,2.936000015552054e-06,3.6659999977928237e-06,4.354099999659411e-05,1.8469999929493497e-06,96,False
632,2.0305000020925945e-05,4.758800000104202e-05,3.015999993749574e-06,4.0119999766830006e-06,4.357600002435902e-05,1.9839999936266395e-06,96,False
633,2.0078000005696595e-05,4.6875000009549694e-05,3.025000012257806e-06,3.888000009055759e-06,4.2987000000493936e-05,1.845999975103041e-06,96,False
634,1.9898999994438782e-05,7.066800000643525e-05,3.3459999997376144e-06,6.216000002723376e-06,6.445200000371187e-05,2.5719999996454135e-06,96,False
635,2.1353999983375616e-05,4.856800001107331e-05,2.991000002339206e-06,4.05700001238074e-06,4.451099999869257e-05,1.9640000061826868e-06,96,False
636,2.0281000018940176e-05,4.7295000001668086e-05,3.5099999990961805e-06,3.8290000077267905e-06,4.3465999993941296e-05,1.9199999883312557e-06,96,False
637,1.934400000891401e-05,4.693900001484508e-05,3.3549999898241367e-06,3.8630000176453905e-06,4.307599999719969e-05,1.9070000121246267e-06,96,False
638,2.1123000010447868e-05,4.631099997709498e-05,3.381999988505413e-06,3.853000009712559e-06,4.245799996738242e-05,1.8849999889880564e-06,96,False
639,1.936399999635796e-05,4.595599997969657e-05,3.163000002359695e-06,4.008000018984603e-06,4.194799996071197e-05,1.8140000008770585e-06,96,False
640,1.884299999233008e-05,4.601099999490543e-05,3.1980000017028942e-06,3.9629999832868634e-06,4.204800001161857e-05,1.8050000107905362e-06,96,False
641,1.9153000010874166e-05,4.630899999824578e-05,3.3390000169220002e-06,3.89899997799148e-06,4.24100000202543e-05,1.7959999922823044e-06,96,False
642,1.9554999994397804e-05,4.590800000414674e-05,3.35100000370403e-06,3.853000009712559e-06,4.2054999994434183e-05,1.7920000061621977e-06,96,False
643,2.0466999984591894e-05,4.634799998370909e-05,3.3880000103181374e-06,3.8210000070648675e-06,4.252699997664422e-05,1.8019999856733193e-06,96,False
644,1.9977999983211703e-05,4.5576999980312394e-05,3.379000020231615e-06,3.6760000057256548e-06,4.190099997458674e-05,1.7859999843494734e-06,96,False
645,1.9817999998394953e-05,4.63529999876755e-05,3.276000001051216e-06,3.906999978653403e-06,4.24460000090221e-05,1.7320000154086301e-06,96,False
646,1.9280999993043224e-05,8.00789999857443e-05,4.976000013812154e-06,7.276000019373896e-06,7.280299996637041e-05,1.2354000006098431e-05,96,False
647,2.512300000034884e-05,5.069900001331007e-05,3.531000004386442e-06,4.339000014397243e-06,4.6359999998912826e-05,2.088000002231638e-06,96,False
648,2.101900000184287e-05,4.765400001360831e-05,3.5360000083528575e-06,4.0170000090711255e-06,4.3637000004537185e-05,2.0180000035452395e-06,96,False
649,2.4181999975780855e-05,4.752099999905113e-05,3.6369999918406393e-06,4.05700001238074e-06,4.346399998667039e-05,1.930999985688686e-06,96,False
650,2.0249000016292484e-05,4.661899998836816e-05,3.074000005653943e-06,3.6990000182868243e-06,4.2919999970081335e-05,1.9040000154291192e-06,96,False
651,1.9424000015533238e-05,4.628400000683541e-05,3.0189999904450815e-06,3.842000012355129e-06,4.2441999994480284e-05,1.738000008799645e-06,96,False
652,1.9428000001653345e-05,4.599099997903977e-05,3.2110000063312327e-06,4.026999988582247e-06,4.196399999045752e-05,1.8930000180716888e-06,96,False
653,1.9242999997004517e-05,4.609699999491568e-05,3.1450000221866503e-06,3.687000003083085e-06,4.240999999183259e-05,1.9870000187438563e-06,96,False
654,1.948900001025322e-05,4.636799999957475e-05,3.2309999937751854e-06,3.82999999715139e-06,4.253800000242336e-05,1.7499999955816747e-06,96,False
655,1.9403999999667576e-05,0.00011352200002079371,3.7429999792948365e-06,3.802000009045514e-06,0.0001097200000117482,1.816999997572566e-06,96,False
656,2.455300000292482e-05,4.928600000653205e-05,3.064999987145711e-06,4.394999990608994e-06,4.4891000015923055e-05,2.2189999810962036e-06,96,False
657,1.9823999991785968e-05,4.6384000000898595e-05,2.9900000129146065e-06,3.886000001784851e-06,4.2497999999113745e-05,1.8840000279851665e-06,96,False
658,1.97280000122646e-05,4.566100000147344e-05,3.082000006315866e-06,3.7359999964792223e-06,4.192500000499422e-05,1.843000006829243e-06,96,False
659,1.9668999982513924e-05,4.594800000745636e-05,3.298999985190676e-06,3.794000008383591e-06,4.2153999999072767e-05,1.8730000022060267e-06,96,False
660,1.9498000000339744e-05,4.5986000003495064e-05,3.2379999765907996e-06,3.6399999885361467e-06,4.234600001495892e-05,1.7639999896346126e-06,96,False
661,1.8902999983083646e-05,4.526100002522071e-05,3.130999999712003e-06,3.6570000077063014e-06,4.160400001751441e-05,1.7440000021906599e-06,96,False
662,1.8632999996270883e-05,4.5427000003428475e-05,3.3700000017233833e-06,3.869000011036405e-06,4.155799999239207e-05,1.8359999955919193e-06,96,False
663,2.0828000003803027e-05,4.470399997558161e-05,3.2270000076550787e-06,3.49900000173875e-06,4.120499997384286e-05,1.776999994262951e-06,96,False
664,1.8665999988343174e-05,4.498500001659522e-05,3.1600000056641875e-06,3.711000005068854e-06,4.127400001152637e-05,1.7499999955816747e-06,96,False
665,1.8732000000909466e-05,4.577199999289405e-05,3.177999985837232e-06,3.7620000057358993e-06,4.200999998715815e-05,1.7739999975674436e-06,96,False
666,1.8917000005558293e-05,4.495499999279673e-05,0.0003138730000102896,3.547000005710288e-06,4.140799998708644e-05,1.7719999902965355e-06,96,False
667,0.00013055299999109593,0.0001053269999999884,7.487000004857691e-06,1.2295000004769463e-05,9.303199999521894e-05,5.215000015823534e-06,96,False
668,3.8874000011901444e-05,6.604000000720589e-05,4.7489999985828035e-06,5.9799999974075035e-06,6.0060000009798387e-05,2.6310000009743817e-06,96,False
669,2.8068000005987415e-05,5.9833999983993635e-05,4.408999984661932e-06,5.552999994051788e-06,5.428099998994185e-05,2.2549999982857116e-06,96,False
670,3.0221999992363635e-05,5.3723000007721566e-05,3.870000000461005e-06,4.609000001210006e-06,4.911400000651156e-05,2.0680000147876854e-06,96,False
671,2.2913000009339157e-05,5.115199999750075e-05,3.8659999859191885e-06,4.491999987976669e-06,4.666000000952408e-05,2.0429999949556077e-06,96,False
672,2.129100002434825e-05,4.8082999995813225e-05,3.6319999878742237e-06,3.942999995842911e-06,4.4139999999970314e-05,1.996999998254978e-06,96,False
673,2.0564999999805877e-05,4.809899999713707e-05,3.4999999911633495e-06,4.157000006443923e-06,4.394199999069315e-05,1.9450000081633334e-06,96,False
674,2.1135999986654497e-05,4.7535999982528665e-05,3.551000020252104e-06,3.89799998856688e-06,4.3637999993961785e-05,1.918000009482057e-06,96,False
675,2.0532999997158186e-05,4.729399998382178e-05,3.3749999772680894e-06,3.967000026250389e-06,4.332699995757139e-05,1.776999994262951e-06,96,False
676,2.047099999913371e-05,4.7511000019540006e-05,3.5320000222327508e-06,4.052999997838924e-06,4.345800002170108e-05,1.9210000061775645e-06,96,False
677,2.3748000018031235e-05,4.7147999993057965e-05,3.46499999182015e-06,3.929000001789973e-06,4.321899999126799e-05,1.9210000061775645e-06,96,False
678,1.968600000168408e-05,6.467600002224572e-05,3.5200000070290116e-06,3.904000010379605e-06,6.077200001186611e-05,1.9980000161012867e-06,96,False
679,2.2537000006650487e-05,4.902699998865501e-05,3.0489999858218653e-06,4.210999975384766e-06,4.481600001327024e-05,2.0610000035503617e-06,96,False
680,3.3903000002055705e-05,5.2904000000353335e-05,3.1980000017028942e-06,5.19799999665338e-06,4.7706000003699955e-05,2.190999992990328e-06,96,False
681,2.105100000449056e-05,4.861400000777394e-05,3.436000014289675e-06,4.109000002472385e-06,4.4505000005301554e-05,1.978999989660224e-06,96,False
682,2.0672000005106383e-05,4.8402999993868434e-05,3.31699999378543e-06,4.093000001148539e-06,4.4309999992719895e-05,1.9519999909789476e-06,96,False
683,1.9895999997743274e-05,4.775499999709609e-05,3.4419999792589806e-06,4.2310000196721376e-06,4.3523999977423955e-05,1.8970000041917956e-06,96,False
684,1.970600001754974e-05,5.478299999595038e-05,3.2819999944422307e-06,3.825000021606684e-06,5.095799997434369e-05,1.9050000048537186e-06,96,False
685,1.950300000430616e-05,4.672099998970225e-05,2.8750000069521775e-06,3.88699999120945e-06,4.28339999984928e-05,1.9979999876795773e-06,96,False
686,1.9643999991103556e-05,4.58220000041365e-05,2.733000002308472e-06,3.759000009040392e-06,4.2062999995096106e-05,1.952999980403547e-06,96,False
687,1.9459000014876437e-05,4.530600000407503e-05,2.78100000628001e-06,3.6190000116675947e-06,4.1686999992407436e-05,1.8210000121143821e-06,96,False
688,1.9176999984438226e-05,4.493099999081096e-05,3.2200000248394645e-06,3.5900000057154102e-06,4.134099998509555e-05,1.8860000068343652e-06,96,False
689,1.951199999439268e-05,4.598200001737496e-05,3.1090000049971422e-06,3.656999979284592e-06,4.2325000038090366e-05,1.8789999955970416e-06,96,False
690,1.8844000010176387e-05,4.6337000014773366e-05,3.2009999983984017e-06,3.7629999951604987e-06,4.257400001961287e-05,1.8100000147569517e-06,96,False
691,2.1374999988665877e-05,4.541900000276655e-05,3.4380000215605833e-06,3.660999993826408e-06,4.1758000008940144e-05,1.803000003519628e-06,96,False
692,1.929699999436707e-05,4.505999999082633e-05,3.2030000056693098e-06,3.6959999931696075e-06,4.136399999765672e-05,1.7120000279646774e-06,96,False
693,1.8627000002879868e-05,4.4926000015266254e-05,2.9720000043198525e-06,3.7359999964792223e-06,4.119000001878703e-05,1.7399999876488437e-06,96,False
694,1.8820000008190618e-05,4.4742000000042026e-05,2.981000022828084e-06,3.5829999944780866e-06,4.115900000556394e-05,1.6630000061468309e-06,96,False
695,1.9203999983119502e-05,4.439700001057645e-05,3.139000000373926e-06,3.5379999872020562e-06,4.085900002337439e-05,1.7370000193750457e-06,96,False
696,1.9176999984438226e-05,4.484900000534253e-05,3.1220000096254807e-06,3.6760000057256548e-06,4.117299999961688e-05,1.8069999896397348e-06,96,False
697,1.8719000024702837e-05,4.52950000067176e-05,3.2110000063312327e-06,3.719000005730777e-06,4.1576000000986824e-05,1.746000009461568e-06,96,False
698,1.9097999995665305e-05,4.5518999996829734e-05,3.026000001682405e-06,3.6129999898548704e-06,4.1906000006974864e-05,1.730000008137722e-06,96,False
699,1.9268999977839485e-05,4.5324000012669785e-05,2.9949999884593126e-06,3.587999998444502e-06,4.173600001422528e-05,1.7559999889726896e-06,96,False
700,1.8752000016775128e-05,4.52259999974558e-05,2.7460000069368107e-06,3.7660000202777155e-06,4.1459999977178086e-05,1.803000003519628e-06,96,False
701,1.94469999996727e-05,4.699499999105683e-05,2.958999999691514e-06,3.775000010364238e-06,4.321999998069259e-05,1.7610000213608146e-06,96,False
702,1.9169000012198012e-05,4.440999998678308e-05,2.760999990414348e-06,3.5629999786124245e-06,4.084700000817065e-05,1.7600000035145058e-06,96,False
703,1.875000000950422e-05,4.4354999999995925e-05,2.6529999956892425e-06,3.452000015613521e-06,4.0902999984382404e-05,1.8200000226897828e-06,96,False
704,1.8003000008093295e-05,6.734900000537891e-05,2.9379999944012525e-06,1.7081999999390973e-05,5.026700000598794e-05,2.6749999904041033e-06,96,False
705,2.003700001296238e-05,4.9584999999297e-05,3.0369999990398355e-06,3.961000004437665e-06,4.562399999485933e-05,1.9590000022162712e-06,96,False
706,1.9379000008257208e-05,4.502199999478762e-05,2.7039999963562877e-06,3.747000022258362e-06,4.127499997252926e-05,2.009000013458717e-06,96,False
707,1.8799999992324956e-05,4.4137999992699406e-05,2.7239999838002404e-06,3.755000022920285e-06,4.038299996977912e-05,1.6420000008565694e-06,96,False
708,1.8734000008180374e-05,4.3637000004537185e-05,2.6099999956841202e-06,3.593999991835517e-06,4.004300001270167e-05,1.7989999889778119e-06,96,False
709,1.8001000000822387e-05,4.3420999986665265e-05,2.652000006264643e-06,3.472000003057474e-06,3.994899998360779e-05,1.6159999915998924e-06,96,False
710,1.8549999992956145e-05,4.3830000009847936e-05,2.672999983133195e-06,3.3459999997376144e-06,4.048400001011032e-05,1.67500002135057e-06,96,False
711,1.8632999996270883e-05,4.4013999996650455e-05,2.5960000016311824e-06,3.644000003077963e-06,4.036999999357249e-05,1.673000014079662e-06,96,False
712,1.7979999995532125e-05,4.375899999331523e-05,2.7150000221354276e-06,3.452000015613521e-06,4.030699997770171e-05,1.8060000002151355e-06,96,False
713,1.8218000008118906e-05,7.499200000893325e-05,4.1589999852931214e-06,9.629000004451882e-06,6.536300000448136e-05,4.4590000243260874e-06,96,False
714,2.5192999999035237e-05,5.005700000992874e-05,3.0710000089584355e-06,4.496999991943085e-06,4.556000001798566e-05,2.1550000042225292e-06,96,False
715,2.0347999992509358e-05,4.613100000483428e-05,2.8169999950478086e-06,4.056999983959031e-06,4.2074000020875246e-05,1.7309999975623214e-06,96,False
716,1.978600002416897e-05,4.45919999947364e-05,2.7019999890853796e-06,3.951000024926543e-06,4.0640999969809855e-05,1.7840000055002747e-06,96,False
717,1.8768000018098974e-05,4.478299999277624e-05,2.7219999765293323e-06,3.7080000083733466e-06,4.1074999984402893e-05,1.7979999995532125e-06,96,False
718,1.8403000012767734e-05,4.325499998003579e-05,2.786999999671025e-06,3.270000007660201e-06,3.998499997237559e-05,1.7259999935959058e-06,96,False
719,1.796299997636197e-05,4.6316000009483105e-05,2.833999985796254e-06,3.6539999825890845e-06,4.266200002689402e-05,1.6780000180460775e-06,96,False
720,1.8514000004188347e-05,4.35030000005554e-05,2.6849999983369344e-06,3.703000004406931e-06,3.979999999614847e-05,1.7060000061519531e-06,96,False
721,1.8415999988974363e-05,4.461000000333115e-05,2.726000019492858e-06,3.861999999799082e-06,4.074800000353207e-05,1.7080000134228612e-06,96,False
722,1.8409999995583348e-05,4.307500000777509e-05,2.643000016178121e-06,3.6890000103539933e-06,3.9385999997421095e-05,1.6520000087894005e-06,96,False
723,1.808899997968183e-05,4.29720000170164e-05,2.6349999870944885e-06,3.6030000103437487e-06,3.936900000667265e-05,1.6299999856528302e-06,96,False
724,1.8242000010104675e-05,4.3751999982077905e-05,2.6620000141974742e-06,3.6119999720085616e-06,4.014000001006934e-05,1.6989999949146295e-06,96,False
725,1.8370000020695443e-05,4.327000002035675e-05,1.4230000004999965e-05,3.6260000229049183e-06,3.964399999745183e-05,1.6539999876385991e-06,96,False
726,3.8256999999930486e-05,5.606500002386383e-05,4.082999993215708e-06,5.076999997299936e-06,5.0988000026563896e-05,2.6509999884183344e-06,96,False
727,2.069799998594135e-05,4.725499999835847e-05,3.3629999904860597e-06,4.1140000064388005e-06,4.314099999191967e-05,1.91499998436484e-06,96,False
728,1.9111000000293643e-05,4.59309999882862e-05,3.2789999977467232e-06,4.110000020318694e-06,4.182099996796751e-05,1.8609999870022875e-06,96,False
729,1.924000000030901e-05,4.4741000010617427e-05,3.241999991132616e-06,3.737000014325531e-06,4.1003999996291896e-05,1.7979999995532125e-06,96,False
730,1.85680000015509e-05,4.450000000133514e-05,3.2570000030318624e-06,3.7000000077114237e-06,4.0799999993623715e-05,1.7510000134279835e-06,96,False
731,1.9178999991709134e-05,4.4731999992109195e-05,3.3199999904809374e-06,3.6760000057256548e-06,4.105599998638354e-05,1.714000006813876e-06,96,False
732,1.8218000008118906e-05,4.4115999997984545e-05,3.1220000096254807e-06,3.7460000044120534e-06,4.036999999357249e-05,1.7600000035145058e-06,96,False
733,1.81790000226556e-05,4.776599999445352e-05,3.264000014269186e-06,3.942000006418311e-06,4.382399998803521e-05,1.8039999929442274e-06,96,False
734,2.1022999987962976e-05,4.460299999209383e-05,3.1639999917842943e-06,3.6899999997785926e-06,4.0912999992315235e-05,1.6749999929288606e-06,96,False
735,1.8468000007487717e-05,4.426699999271477e-05,3.266999982542984e-06,3.6090000037347636e-06,4.065799998898001e-05,1.6930000015236146e-06,96,False
736,1.8253999996886705e-05,4.4093000013845085e-05,3.274999983204907e-06,3.7429999792948365e-06,4.035000003455025e-05,1.9590000022162712e-06,96,False
737,1.803199998562377e-05,4.380299998274495e-05,2.999999992425728e-06,3.650000024890687e-06,4.015299995785426e-05,1.633000010770047e-06,96,False
738,1.845200000616387e-05,4.363000002172157e-05,2.957999981845205e-06,3.4269999957814434e-06,4.020300002594013e-05,1.847999982373949e-06,96,False
739,1.8595999989656775e-05,4.4163000012531484e-05,2.7940000109083485e-06,3.474000010328382e-06,4.06890000022031e-05,1.8130000114524591e-06,96,False
740,1.8700999987686373e-05,4.349200000319797e-05,3.2209999858423544e-06,3.464000002395551e-06,4.002800000080242e-05,1.8249999982344889e-06,96,False
741,1.8827000019427942e-05,4.4011999989379547e-05,3.068000012262928e-06,3.4359999858679657e-06,4.057600000351158e-05,1.9870000187438563e-06,96,False
742,1.8615000016097838e-05,4.332099999260208e-05,2.3351999999476902e-05,3.417000016270322e-06,3.990399997633176e-05,1.962000027333488e-06,96,False
743,2.175800000259187e-05,4.558499998097432e-05,3.3520000215503387e-06,3.827000000455882e-06,4.1757999980518434e-05,1.881999992292549e-06,96,False
744,1.8541999992294222e-05,4.527499999085194e-05,3.28299998386683e-06,3.6650000083682244e-06,4.1609999982483714e-05,1.7279999724451045e-06,96,False
745,1.9130999987737596e-05,4.351600000518374e-05,3.1440000043403415e-06,3.5280000076909346e-06,3.998799999749281e-05,1.6459999869766762e-06,96,False
746,1.8369999992273733e-05,5.791600000293329e-05,3.737000014325531e-06,3.6249999766369e-06,5.429100002629639e-05,1.7379999803779356e-06,96,False
747,2.5730999993811565e-05,4.741699999044613e-05,3.0200000082913903e-06,4.21699999719749e-06,4.319999999324864e-05,2.1049999929800833e-06,96,False
748,2.1215999993273726e-05,4.5665999977018146e-05,3.034000002344328e-06,3.923999997823557e-06,4.174199997919459e-05,1.8570000008821808e-06,96,False
749,1.8663000020069376e-05,4.4208000019807514e-05,2.8569999983574235e-06,3.7949999978081905e-06,4.0413000021999324e-05,1.711999999542968e-06,96,False
750,1.8505000014101824e-05,4.430600000659979e-05,2.8329999963716546e-06,3.8210000070648675e-06,4.048499999953492e-05,1.720000000204891e-06,96,False
751,1.8550999982380745e-05,4.373199999463395e-05,2.69000000230335e-06,3.4800000037193968e-06,4.0251999990914555e-05,1.7319999869869207e-06,96,False
752,1.863500000354179e-05,4.422699998940516e-05,3.130999999712003e-06,3.2979999957660766e-06,4.092899999363908e-05,1.750999985006274e-06,96,False
753,1.8153000013398923e-05,4.286000000774948e-05,3.0669999944166193e-06,3.4579999805828265e-06,3.940200002716665e-05,1.7879999916203815e-06,96,False
754,1.8506000003526424e-05,4.288100001303974e-05,3.042000003006251e-06,3.3259999838719523e-06,3.9555000029167786e-05,1.784999994924874e-06,96,False
755,1.850999998964653e-05,4.329300000449621e-05,3.1040000010307267e-06,3.520999996453611e-06,3.9772000008042596e-05,1.7619999823637045e-06,96,False
756,1.8641999986357405e-05,4.299200000446035e-05,3.2670000109646935e-06,3.403000022217384e-06,3.958899998224297e-05,1.7590000140899065e-06,96,False
757,1.822600000878083e-05,4.36420000085036e-05,3.0369999990398355e-06,3.585999991173594e-06,4.005600001733001e-05,1.8249999982344889e-06,96,False
758,1.8228999977054627e-05,4.300599999851329e-05,2.938999983825852e-06,3.375999995114398e-06,3.963000000339889e-05,1.6579999737587059e-06,96,False
759,1.8313999987640273e-05,4.331199997409385e-05,3.144999993764941e-06,3.5639999964587332e-06,3.974799997763512e-05,1.7390000266459538e-06,96,False
760,1.9084000001612367e-05,4.3626000007179755e-05,2.971000014895253e-06,3.5429999911684718e-06,4.008300001601128e-05,1.7320000154086301e-06,96,False
761,1.8290000014076213e-05,4.365099999859012e-05,2.928000014890131e-06,3.391999996438244e-06,4.025900000215188e-05,1.7419999949197518e-06,96,False
762,2.0780999989256088e-05,6.050000001778244e-05,3.5249999825737177e-06,3.8069999845902203e-06,5.669300003319222e-05,2.059999985704053e-06,96,False
763,2.123400000186848e-05,4.614799999558272e-05,3.047999996397266e-06,3.7620000057358993e-06,4.238599998984682e-05,1.9069999837029172e-06,96,False
764,1.8822000015461526e-05,4.512500001396802e-05,2.778999999009102e-06,3.869000011036405e-06,4.1256000002931614e-05,1.703999998881045e-06,96,False
765,1.873799999430048e-05,4.527100000473183e-05,2.8409999970335775e-06,3.679000002421162e-06,4.159200000231067e-05,1.6489999836721836e-06,96,False
766,1.8856000025380126e-05,4.384600001117178e-05,2.6839999804906256e-06,3.7829999826044514e-06,4.006300002856733e-05,1.7469999988861673e-06,96,False
767,1.8127999993566846e-05,4.380299998274495e-05,2.751000010903226e-06,3.4539999944627198e-06,4.034899998828223e-05,1.6760000107751694e-06,96,False
768,1.802100001668805e-05,4.332200001044839e-05,2.6589999890802574e-06,3.446999983225396e-06,3.9875000027222995e-05,1.667999981691537e-06,96,False
769,1.807700002132151e-05,4.373299998405855e-05,3.0710000089584355e-06,3.6530000215861946e-06,4.007999996247236e-05,1.7559999889726896e-06,96,False
770,1.8628000020726176e-05,4.310400001372727e-05,3.1889999831946625e-06,3.6080000143101643e-06,3.949599999941711e-05,1.7150000246601849e-06,96,False
771,1.8848000024718203e-05,4.325899999457761e-05,3.00900001093396e-06,3.737000014325531e-06,3.9521999980252076e-05,1.7510000134279835e-06,96,False
772,3.388499999346095e-05,4.9814999982800146e-05,3.0089999825122504e-06,4.4800000011946395e-06,4.5334999981605506e-05,2.1030000141308847e-06,96,False
773,1.9152999982452457e-05,4.496400001130496e-05,2.7820000241263187e-06,3.7720000136687304e-06,4.119199999763623e-05,1.9069999837029172e-06,96,False
774,1.8745000005537804e-05,4.408400002375856e-05,2.9439999877922673e-06,3.7720000136687304e-06,4.031200001008983e-05,1.8099999863352423e-06,96,False
775,1.8421999982365378e-05,4.429200001254685e-05,2.785999981824716e-06,3.7909999832663743e-06,4.0501000029280476e-05,1.7789999731121497e-06,96,False
776,2.0839000001160457e-05,4.32919999866499e-05,2.633999997669889e-06,3.4210000023904286e-06,3.987099998425947e-05,1.7159999856630748e-06,96,False
777,1.8185999977049505e-05,4.331299999194016e-05,2.663999993046673e-06,3.5360000083528575e-06,3.97769999835873e-05,1.7860000127711828e-06,96,False
778,1.8423999989636286e-05,4.388100001051498e-05,2.6529999956892425e-06,3.7609999878895906e-06,4.012000002262539e-05,1.8199999942680734e-06,96,False
779,1.86710000207313e-05,4.329899999788722e-05,2.7769999917381938e-06,3.3379999990756914e-06,3.996099999881153e-05,1.7439999737689504e-06,96,False
780,1.8813999986377894e-05,4.370799999264818e-05,2.645999984451919e-06,3.700999997136023e-06,4.000699999551216e-05,1.808999996910643e-06,96,False
781,1.8508000010797332e-05,4.3920999985402887e-05,2.5889999903938588e-06,3.518999989182703e-06,4.0401999996220184e-05,1.8469999929493497e-06,96,False
782,1.84299999830273e-05,4.3227999981354515e-05,2.7579999937188404e-06,3.626999983907808e-06,3.9600999997446706e-05,1.720000000204891e-06,96,False
783,2.5642999986530413e-05,4.348500002038236e-05,2.848000008270901e-06,3.5500000024057954e-06,3.993500001797656e-05,1.847999982373949e-06,96,False
784,1.7999999982976078e-05,4.3570999991970893e-05,2.6049999917177047e-06,3.6559999898599926e-06,3.99150000021109e-05,1.720000000204891e-06,96,False
785,1.8186999994895814e-05,4.296700001304998e-05,2.6790000049459195e-06,3.4130000017285056e-06,3.955400001132148e-05,1.738000008799645e-06,96,False
786,1.812200000017583e-05,4.479200001128447e-05,2.63300000824529e-06,3.6650000083682244e-06,4.112700000291625e-05,1.879999985021641e-06,96,False
787,1.8251000000191198e-05,4.37139999860392e-05,2.684000008912335e-06,3.5700000182714575e-06,4.014399996776774e-05,1.7499999955816747e-06,96,False
788,1.8218999997543506e-05,4.350399998998e-05,2.835999993067162e-06,3.642999985231654e-06,3.986100000474835e-05,1.7090000028474606e-06,96,False
789,1.8495000006168993e-05,4.3398999991950404e-05,2.7509999824815168e-06,3.6559999898599926e-06,3.974300000209041e-05,1.764999979059212e-06,96,False
790,1.8057999994880447e-05,4.511399998818888e-05,2.7460000069368107e-06,3.7460000044120534e-06,4.1367999983776826e-05,1.7579999962435977e-06,96,False
791,1.8495000006168993e-05,4.423699999733799e-05,2.6630000036220736e-06,3.6719999911838386e-06,4.056500000615415e-05,1.7870000021957821e-06,96,False
792,1.8547999985685237e-05,4.3203000018365856e-05,2.6749999904041033e-06,3.5760000116624724e-06,3.9627000006703383e-05,1.7870000021957821e-06,96,False
793,1.829500001804263e-05,4.330100000515813e-05,2.6449999950273195e-06,3.652000003739886e-06,3.9649000001418244e-05,1.6800000253169856e-06,96,False
794,1.801999999884174e-05,4.280000001699591e-05,2.704000024777997e-06,3.4779999964484887e-06,3.932200002054742e-05,1.6420000008565694e-06,96,False
795,1.8221999994239013e-05,4.316499999390544e-05,2.708000010898104e-06,3.38500001362263e-06,3.977999998028281e-05,1.5550000114217255e-06,96,False
796,1.875999998901534e-05,4.33590000170625e-05,2.631999990398981e-06,3.5509999918303947e-06,3.9808000025232104e-05,1.6500000015184924e-06,96,False
797,1.8046000008098417e-05,6.248300002198448e-05,2.9629999858116207e-06,3.6920000070495007e-06,5.879100001493498e-05,1.7209999896294903e-06,96,False
798,2.1642000007204842e-05,4.6292000007497336e-05,2.785999981824716e-06,4.1060000057768775e-06,4.218600000172046e-05,2.101999996284576e-06,96,False
799,2.1441999990656768e-05,4.599199999688608e-05,2.71299998644281e-06,4.082000003791109e-06,4.190999999309497e-05,1.7229999969003984e-06,96,False
800,1.9372999986444484e-05,4.4048000006569055e-05,2.708000010898104e-06,3.7300000030882074e-06,4.031800000348085e-05,1.6550000054849079e-06,96,False
801,1.838599999359758e-05,4.3410000017729544e-05,3.2529999884900462e-06,3.684999995812177e-06,3.972500002191737e-05,1.6900000048281072e-06,96,False
802,1.8360000012762612e-05,4.353900001774491e-05,3.1489999798850477e-06,3.526999989844626e-06,4.0012000027900285e-05,1.6500000015184924e-06,96,False
803,1.8529000016087593e-05,4.397300000391624e-05,3.171000003021618e-06,3.5290000255372433e-06,4.0443999978379e-05,1.7239999863249977e-06,96,False
804,1.827299999490606e-05,4.542199999946206e-05,3.053999989788281e-06,3.5360000083528575e-06,4.18859999911092e-05,1.7579999962435977e-06,96,False
805,1.820300002464137e-05,4.38520000045628e-05,3.0390000063107436e-06,3.5920000129863183e-06,4.025999999157648e-05,1.827000005505397e-06,96,False
806,1.868199998966702e-05,4.458600000134538e-05,3.1200000023545726e-06,3.593999991835517e-06,4.0992000009509866e-05,1.8310000200472132e-06,96,False
807,1.8153000013398923e-05,4.311899999720481e-05,3.151000015577665e-06,3.672000019605548e-06,3.944699997759926e-05,1.7339999942578288e-06,96,False
808,1.8264000004819536e-05,4.307199998265787e-05,3.1729999818708166e-06,3.7000000077114237e-06,3.937199997494645e-05,1.8119999936061504e-06,96,False
809,1.8187999984320413e-05,4.312999999456224e-05,3.1259999957455875e-06,3.5589999924923177e-06,3.957100000206992e-05,1.6889999869817984e-06,96,False
810,1.7810999992207144e-05,4.301600000644612e-05,3.0310000056488207e-06,3.507000002400673e-06,3.950900000404545e-05,1.6649999849960295e-06,96,False
811,1.787100001138242e-05,4.329799998004091e-05,3.019999979869681e-06,3.6239999872123008e-06,3.967399999282861e-05,1.722000007475799e-06,96,False
812,1.7938000013373312e-05,4.349200000319797e-05,3.092999975251587e-06,3.6920000070495007e-06,3.979999999614847e-05,1.7469999988861673e-06,96,False
813,1.782799998295559e-05,4.361700001709323e-05,3.078000020195759e-06,3.5660000037296413e-06,4.005100001336359e-05,1.714000006813876e-06,96,False
814,1.831500000548658e-05,4.410700000789802e-05,2.9420000089430687e-06,3.603999999768348e-06,4.0503000008129675e-05,1.6689999995378457e-06,96,False
815,1.8366000006153627e-05,4.211399999576315e-05,3.00900001093396e-06,3.348999996433122e-06,3.876499999933003e-05,1.784999994924874e-06,96,False
816,1.7842000005430236e-05,4.2473999997127976e-05,3.058000004330097e-06,3.2899999951041536e-06,3.918400000202382e-05,1.6789999790489674e-06,96,False
817,1.8307999994249258e-05,4.274500000178705e-05,2.2654000019883824e-05,3.519999978607302e-06,3.9225000023179746e-05,1.7510000134279835e-06,96,False
818,2.0294999984571405e-05,4.460400000994014e-05,3.2699999792384915e-06,3.6449999925025622e-06,4.0959000017437575e-05,1.9249999922976713e-06,96,False
819,2.02550000096835e-05,6.254900000612906e-05,3.7309999925128068e-06,3.4189999951195205e-06,5.913000001100954e-05,1.7910000167375983e-06,96,False
820,2.0795000011730735e-05,4.64219999969373e-05,3.042000003006251e-06,4.050999990568016e-06,4.2371000006369286e-05,1.9329999929595942e-06,96,False
821,1.9066999982442212e-05,4.4252000009237236e-05,2.751000010903226e-06,3.6990000182868243e-06,4.055299999095041e-05,1.774999986992043e-06,96,False
822,1.8500999999560008e-05,4.45200000172008e-05,2.8270000029806397e-06,3.6389999991115474e-06,4.088100001808925e-05,1.8759999989015341e-06,96,False
823,1.8758999999590742e-05,4.389500000456792e-05,2.7680000016516715e-06,3.7460000044120534e-06,4.0149000000155866e-05,1.8590000081530889e-06,96,False
824,1.7983999981652232e-05,4.363099998272446e-05,2.579000010882737e-06,3.654000011010794e-06,3.997699997171367e-05,1.758999985668197e-06,96,False
825,1.792999998428968e-05,4.4148999990056836e-05,2.6449999950273195e-06,3.5179999997581035e-06,4.063099999029873e-05,1.968999981727393e-06,96,False
826,1.805499999818494e-05,4.361799997809612e-05,2.6710000042839965e-06,3.5040000057051657e-06,4.011399997239096e-05,1.8179999869971653e-06,96,False
827,1.8505999975104714e-05,4.4551000002002183e-05,3.2089999990603246e-06,3.7620000057358993e-06,4.0788999996266284e-05,1.8849999889880564e-06,96,False
828,1.8458999988979485e-05,4.3396999984679496e-05,2.9480000023340835e-06,3.5120000063670886e-06,3.988499997831241e-05,1.6479999942475843e-06,96,False
829,1.953400001752925e-05,4.463799999143703e-05,2.8340000142179633e-06,3.7039999938315304e-06,4.09339999976055e-05,1.8309999916255038e-06,96,False
830,1.8483999980389854e-05,4.434100000594299e-05,2.6560000208064594e-06,3.6810000096920703e-06,4.065999999625092e-05,1.7659999969055207e-06,96,False
831,1.8574999984366514e-05,4.315500001439432e-05,2.63300000824529e-06,3.5600000103386265e-06,3.959500000405569e-05,1.623000002837216e-06,96,False
832,1.785099999551676e-05,4.3761000000586137e-05,2.5759999857655203e-06,3.5869999805981934e-06,4.017400001998794e-05,1.913999994940241e-06,96,False
833,2.0121999995126316e-05,5.0143999999363587e-05,2.7079999824763945e-06,9.64299999850482e-06,4.050100000085877e-05,1.9599999916408706e-06,96,False
834,1.8496999985018192e-05,4.348699999923156e-05,2.778999999009102e-06,3.6379999812652386e-06,3.984900001796632e-05,1.808999996910643e-06,96,False
835,1.862499999560896e-05,4.27659999786556e-05,2.6140000102259364e-06,3.437999993138874e-06,3.9327999985516726e-05,1.780000019380168e-06,96,False
836,1.8197000002828645e-05,4.313099998398684e-05,2.6829999910660263e-06,3.38500001362263e-06,3.974599997036421e-05,1.6239999922618154e-06,96,False
837,1.8041000004132002e-05,4.3340000019043146e-05,2.6240000181587675e-06,3.5609999997632258e-06,3.977900001927992e-05,1.8049999823688267e-06,96,False
838,1.800999999090891e-05,0.00020237000001088745,6.757999983619811e-06,3.4290000030523515e-06,0.0001989410000078351,1.7029999810347363e-06,96,False
839,4.527100000473183e-05,6.424200000765268e-05,4.4299999899521936e-06,5.748999996058046e-06,5.849300001159463e-05,3.7049999832561298e-06,96,False
840,2.3545000004787653e-05,5.255700000361685e-05,3.775999999788837e-06,4.482000008465548e-06,4.80749999951513e-05,2.2490000048946968e-06,96,False
841,2.17699999893739e-05,5.038199998352866e-05,3.3050000070034002e-06,4.318999998531581e-06,4.606299998499708e-05,2.0869999843853293e-06,96,False
842,1.889800000753894e-05,4.6462999989671516e-05,3.2500000202162482e-06,4.1060000057768775e-06,4.235699998389464e-05,1.7959999922823044e-06,96,False
843,1.8958000026714217e-05,4.4457999990754615e-05,3.488999993805919e-06,3.525000010995427e-06,4.093299997975919e-05,1.8869999962589645e-06,96,False
844,1.889700001811434e-05,4.546499999946718e-05,3.0950000109442044e-06,3.6559999898599926e-06,4.180900000960719e-05,1.7129999889675673e-06,96,False
845,1.8649999987019328e-05,4.4287000008580435e-05,3.0630000082965125e-06,3.6570000077063014e-06,4.0630000000874134e-05,1.7250000041713065e-06,96,False
846,1.8792999981087632e-05,4.462200001853489e-05,3.296999977919768e-06,3.816000003098452e-06,4.080600001543644e-05,1.83500000616732e-06,96,False
847,2.482499999700849e-05,4.3556000008493356e-05,3.219999996417755e-06,3.711000005068854e-06,3.98450000034245e-05,1.7260000220176153e-06,96,False
848,1.9059999999626598e-05,4.475200000797486e-05,3.2650000036937854e-06,3.6239999872123008e-06,4.1128000020762556e-05,1.7970000101286132e-06,96,False
849,1.8724999989672142e-05,4.45229999854746e-05,3.141000007644834e-06,3.974999998490603e-06,4.0547999986983996e-05,1.7440000021906599e-06,96,False
850,1.8912999991016477e-05,4.4790000004013564e-05,3.324999994447353e-06,3.7439999971411453e-06,4.104600000687242e-05,1.6449999975520768e-06,96,False
851,1.8448999981046654e-05,4.41359999854285e-05,3.071999998383035e-06,3.6920000070495007e-06,4.0443999978379e-05,1.6799999968952761e-06,96,False
852,1.896699998837903e-05,4.504199998223157e-05,3.211999995755832e-06,3.6929999964741e-06,4.134899998575747e-05,1.6060000120887707e-06,96,False
853,1.889799997911723e-05,4.460099998482292e-05,3.055999997059189e-06,3.426000006356844e-06,4.1174999978466076e-05,1.7179999929339829e-06,96,False
854,1.8820999997615218e-05,4.430200002047968e-05,2.9800000049817754e-06,3.836999979967004e-06,4.046500004051268e-05,1.6440000081274775e-06,96,False
855,1.8858000004229325e-05,4.42730000145275e-05,3.0540000182099902e-06,3.6180000222429953e-06,4.06549999922845e-05,1.7659999969055207e-06,96,False
856,1.8330000017385828e-05,6.43559999957688e-05,3.5520000096767035e-06,3.668999994488331e-06,6.068700000128047e-05,1.5610000048127404e-06,96,False
857,2.378900001076545e-05,4.746399997657136e-05,3.387999981896428e-06,4.204999981993751e-06,4.325899999457761e-05,2.1209999943039293e-06,96,False
858,1.981900001624126e-05,4.541800001334195e-05,3.1829999898036476e-06,3.956000000471249e-06,4.14620000128707e-05,1.7799999909584585e-06,96,False
859,1.9065000003593013e-05,4.419299997948656e-05,2.9859999983727903e-06,3.735000007054623e-06,4.0457999972431935e-05,1.596999993580539e-06,96,False
860,1.8973000010191754e-05,4.403900001648253e-05,2.928000014890131e-06,3.5500000024057954e-06,4.048900001407674e-05,1.7580000246653071e-06,96,False
861,2.147500001115077e-05,4.4425999988106923e-05,3.068000012262928e-06,3.6639999905219156e-06,4.076199999758501e-05,1.7469999988861673e-06,96,False
862,1.8721999992976635e-05,4.393199998276032e-05,3.0879999997068808e-06,3.6319999878742237e-06,4.029999999488609e-05,1.7710000008719362e-06,96,False
863,1.8149999988281706e-05,0.0002281639999921481,1.3270000010834337e-05,6.07499998750427e-06,0.00022208900000464382,2.6839999804906256e-06,96,False
864,0.000541609999999082,0.00031096300000399424,6.187999986195791e-06,1.1575999991464414e-05,0.0002993870000125298,4.309000019020459e-06,96,False
865,2.7953999989449585e-05,5.1321000000825734e-05,3.4950000156186434e-06,4.824000001235618e-06,4.6496999999590116e-05,2.128000005541253e-06,96,False
866,2.0648999992545214e-05,5.800299999236813e-05,3.1120000016926497e-06,4.370999988623225e-06,5.3632000003744906e-05,1.91499998436484e-06,96,False
867,2.0211000020253778e-05,4.6978999989732984e-05,2.9410000195184693e-06,4.009999997833802e-06,4.296899999189918e-05,1.7959999922823044e-06,96,False
868,0.0001588899999944715,8.661499998652289e-05,6.614999989551507e-06,8.903999997755818e-06,7.771099998876707e-05,4.2130000110773835e-06,96,False
869,3.244899997412176e-05,6.297699999890938e-05,4.825999980084816e-06,5.695999988120093e-06,5.7281000010789285e-05,2.3759999976391555e-06,96,False
870,6.708000000799075e-05,6.0713000010537144e-05,4.343999989941949e-06,6.05200000336481e-06,5.4661000007172333e-05,2.4569999936829845e-06,96,False
871,2.442699999960496e-05,5.139400002462935e-05,3.6069999964638555e-06,4.470999982686408e-06,4.692300004194294e-05,2.002999991645993e-06,96,False
872,2.286400001594302e-05,4.943700000126228e-05,3.4200000129658292e-06,4.369999999198626e-06,4.506700000206365e-05,1.9799999790848233e-06,96,False
873,2.1716000020433057e-05,4.8321999997824605e-05,3.375000005689799e-06,4.06899999916277e-06,4.4252999998661835e-05,1.9040000154291192e-06,96,False
874,2.0394000017631697e-05,4.6679000007543436e-05,3.353000010974938e-06,3.953000003775742e-06,4.2726000003767695e-05,1.8360000240136287e-06,96,False
875,2.0696999996516752e-05,5.408100000181548e-05,3.7340000176300236e-06,4.143000012390985e-06,4.99379999894245e-05,2.021000000240747e-06,96,False
876,2.016400000570684e-05,4.669599999829188e-05,3.276000001051216e-06,3.889999987904957e-06,4.2806000010386924e-05,1.916000002211149e-06,96,False
877,2.1059000005152484e-05,4.702699999370452e-05,3.055999997059189e-06,3.7730000030933297e-06,4.325399999061119e-05,1.9210000061775645e-06,96,False
878,1.9929000018237275e-05,4.6064999992267985e-05,2.9720000043198525e-06,3.705000011677839e-06,4.2359999980590146e-05,1.8759999989015341e-06,96,False
879,1.9814000012274846e-05,4.692400000294583e-05,3.0189999904450815e-06,3.902999992533296e-06,4.3021000010412536e-05,1.8540000041866733e-06,96,False
880,1.9872999985182105e-05,4.536299999813309e-05,2.995999977883912e-06,3.638000009686948e-06,4.172499998844614e-05,1.9310000141103956e-06,96,False
881,1.9562000005635127e-05,4.5757000009416515e-05,3.015999993749574e-06,3.6779999845748534e-06,4.207900002484166e-05,1.8629999942731956e-06,96,False
882,1.8753999995624326e-05,4.552500001864246e-05,3.0169999831741734e-06,3.7810000037552527e-06,4.1744000014887206e-05,1.6869999797108903e-06,96,False
883,1.9064000014168414e-05,4.484900000534253e-05,2.9339999798594363e-06,3.881999987243034e-06,4.09670000180995e-05,1.8389999922874267e-06,96,False
884,1.876199999628625e-05,4.429000000527594e-05,3.3970000004046597e-06,3.595999999106425e-06,4.069400000616952e-05,1.693999990948214e-06,96,False
885,1.9105999996327228e-05,4.5435999993515e-05,3.268999989813892e-06,3.6299999806033156e-06,4.180600001291168e-05,1.7440000021906599e-06,96,False
886,1.9362999978511652e-05,5.3027999996402286e-05,3.587999998444502e-06,5.147999985410934e-06,4.788000001099135e-05,2.1159999903375137e-06,96,False
887,2.0331000001760913e-05,4.55089999888969e-05,3.3620000010614604e-06,3.917999976010833e-06,4.159100001288607e-05,1.8670000088150118e-06,96,False
888,1.917000000162261e-05,4.521799999679388e-05,3.0690000016875274e-06,3.7500000189538696e-06,4.146799997784001e-05,1.695999998219122e-06,96,False
889,1.9032000011520722e-05,4.617600001211031e-05,2.8370000109134708e-06,3.749000001107561e-06,4.242700001100275e-05,1.6569999843341066e-06,96,False
890,1.904799998442286e-05,4.362999999329986e-05,2.7199999976801337e-06,3.460000016275444e-06,4.016999997702442e-05,1.7659999969055207e-06,96,False
891,1.8882999995639693e-05,4.398599998012287e-05,2.722999994375641e-06,3.5399999944729643e-06,4.0445999985649905e-05,1.7810000088047673e-06,96,False
892,1.8980999982431968e-05,4.511500000603519e-05,2.8430000043044856e-06,3.811999988556636e-06,4.130300001747855e-05,1.853000014762074e-06,96,False
893,2.034499999581385e-05,4.4810999980882116e-05,2.3303999995505364e-05,3.830000025573099e-06,4.0980999955309017e-05,1.9350000002305023e-06,96,False
894,2.150999998207226e-05,4.587600000149905e-05,2.908999988449068e-06,3.8919999951758655e-06,4.1984000006323186e-05,1.8199999942680734e-06,96,False
895,1.921699998774784e-05,4.510400000867776e-05,2.8569999983574235e-06,3.825999982609574e-06,4.1278000026068185e-05,1.8560000114575814e-06,96,False
896,1.8743999987691495e-05,4.509999999413594e-05,2.983999991101882e-06,3.7669999812806054e-06,4.1333000012855337e-05,1.871999984359718e-06,96,False
897,1.8560000000888977e-05,4.417699997816271e-05,2.744999989090502e-06,3.816999992523051e-06,4.035999998563966e-05,1.7780000121092598e-06,96,False
898,1.8427000014753503e-05,4.393000000391112e-05,3.3070000142743083e-06,3.6619999832510075e-06,4.026800002066011e-05,1.6539999876385991e-06,96,False
899,1.855600001476887e-05,4.3980000015153564e-05,3.153999983851463e-06,3.7080000083733466e-06,4.027200000678022e-05,1.6239999922618154e-06,96,False
900,1.8799000002900357e-05,4.378899998869201e-05,3.0919999858269875e-06,3.488999993805919e-06,4.029999999488609e-05,1.7229999969003984e-06,96,False
901,3.4859999999525826e-05,4.810200002225429e-05,3.38500001362263e-06,4.35399999787478e-06,4.374800002437951e-05,2.172999984395574e-06,96,False
902,1.9688000008954987e-05,4.550399998493049e-05,3.1800000215298496e-06,3.878999990547527e-06,4.162499999438296e-05,1.7270000114422146e-06,96,False
903,1.903300000094532e-05,4.467700000532204e-05,3.1829999898036476e-06,3.6350000129914406e-06,4.10419999923306e-05,1.7959999922823044e-06,96,False
904,2.062999999452586e-05,4.382499997745981e-05,2.999000003001129e-06,3.3990000076755678e-06,4.042599996978424e-05,1.6639999955714302e-06,96,False
905,1.8756999992319834e-05,4.5405000008713614e-05,3.203999995093909e-06,3.7610000163113e-06,4.1643999992402314e-05,1.7630000002100132e-06,96,False
906,1.9025999989707998e-05,4.444100000000617e-05,3.1430000149157422e-06,3.6270000123295176e-06,4.081399998767665e-05,1.7730000081428443e-06,96,False
907,1.8559999972467267e-05,4.4162999984109774e-05,3.2590000103027705e-06,3.6670000156391325e-06,4.049599996847064e-05,1.748000016732476e-06,96,False
908,1.8573000005517315e-05,4.39940000092065e-05,3.124000016896389e-06,3.599999985226532e-06,4.039400002397997e-05,1.7049999883056444e-06,96,False
909,1.9292999979825254e-05,4.40299999979743e-05,2.9939999990347133e-06,3.6149999971257785e-06,4.041500000084852e-05,1.693999990948214e-06,96,False
910,2.0740999985946473e-05,7.091000000514214e-05,3.520999996453611e-06,3.8130000064029446e-06,6.709699999873919e-05,9.57500000708933e-06,96,False
911,2.1561000011161013e-05,4.750799999442279e-05,3.2350000083170016e-06,4.063000005771755e-06,4.3444999988651034e-05,1.8629999942731956e-06,96,False
912,1.9094000009545198e-05,4.5631000006096656e-05,3.251999999065447e-06,4.052999997838924e-06,4.157800000825773e-05,1.8329999988964119e-06,96,False
913,1.8871000008857663e-05,4.542100001003746e-05,3.2739999937803077e-06,3.895999981295972e-06,4.152500002874149e-05,1.9020000081582111e-06,96,False
914,1.928699998643424e-05,4.531700000143246e-05,3.0939999930978956e-06,3.775999999788837e-06,4.1541000001643624e-05,1.7179999929339829e-06,96,False
915,1.9363000006933362e-05,4.500000000007276e-05,3.256000013607263e-06,3.7099999872225453e-06,4.1290000012850214e-05,1.8220000015389815e-06,96,False
916,1.9283000000314132e-05,4.4607999996060244e-05,3.0329999844980193e-06,3.892999984600465e-06,4.071500001145978e-05,1.908000001549226e-06,96,False
917,1.8781999983730202e-05,4.4417999987445e-05,2.991000002339206e-06,3.7160000090352696e-06,4.070199997840973e-05,1.7189999823585822e-06,96,False
918,2.023000001827313e-05,4.398400000127367e-05,3.2000000089738023e-06,3.79599998723279e-06,4.018800001404088e-05,1.7259999935959058e-06,96,False
919,1.858900000684116e-05,4.3567999995275386e-05,3.1860000149208645e-06,3.47699997860218e-06,4.0091000016673206e-05,1.7859999843494734e-06,96,False
920,1.8632000006846283e-05,4.345799999327937e-05,3.0669999944166193e-06,3.4519999871918117e-06,4.000600000608756e-05,1.6260000279544329e-06,96,False
921,1.817800000480929e-05,4.361799997809612e-05,3.0410000135816517e-06,3.5079999918252724e-06,4.010999998627085e-05,1.6630000061468309e-06,96,False
922,1.8382000007477473e-05,4.401999999004147e-05,2.991999991763805e-06,3.6590000149772095e-06,4.036099997506426e-05,1.687999997557199e-06,96,False
923,1.8262999986973227e-05,4.407500000525033e-05,2.96300001423333e-06,3.6090000037347636e-06,4.046600000151557e-05,1.8490000002202578e-06,96,False
924,1.8119999992904923e-05,4.366400000321846e-05,2.867999995714854e-06,3.6449999925025622e-06,4.00190000107159e-05,1.7230000253221078e-06,96,False
925,2.020799999513656e-05,4.444499998612628e-05,3.2270000076550787e-06,3.6760000057256548e-06,4.076899998040062e-05,1.9210000061775645e-06,96,False
926,1.9097999995665305e-05,4.4252000009237236e-05,3.3170000222071394e-06,3.5600000103386265e-06,4.069199999889861e-05,1.7410000054951524e-06,96,False
927,1.871599999958562e-05,4.405499998938467e-05,3.010000000358559e-06,3.5010000090096582e-06,4.055399998037501e-05,1.7750000154137524e-06,96,False
928,1.85320000127831e-05,4.3089000001828026e-05,2.97500000101536e-06,3.292999991799661e-06,3.9796000010028365e-05,1.7229999969003984e-06,96,False
929,1.799699998628057e-05,4.2973000006441e-05,2.953000006300499e-06,3.6170000043966866e-06,3.935600000204431e-05,1.7799999909584585e-06,96,False
930,1.8198999981677844e-05,4.334800001970507e-05,2.786999999671025e-06,3.628000001754117e-06,3.972000001795095e-05,1.7609999929391051e-06,96,False
931,1.817899999423389e-05,4.3487999988656156e-05,2.8270000029806397e-06,3.4759999891775806e-06,4.0011999999478576e-05,1.6469999764012755e-06,96,False
932,2.0924000011746102e-05,4.481599998484853e-05,3.1099999944217416e-06,3.5480000235565967e-06,4.1267999961291935e-05,2.0009999843750848e-06,96,False
933,1.8546999996260638e-05,4.4365999997353356e-05,2.840000007608978e-06,3.593999991835517e-06,4.077200000551784e-05,1.8140000008770585e-06,96,False
934,1.8143000005466092e-05,4.372099999727652e-05,2.714999993713718e-06,3.5930000024109177e-06,4.0127999994865604e-05,1.6930000015236146e-06,96,False
935,1.8049000004793925e-05,5.235300000094867e-05,3.321000008327246e-06,3.5909999951400096e-06,4.876200000580866e-05,1.6289999962282309e-06,96,False
936,2.7190999986714814e-05,4.749699999706536e-05,2.6839999804906256e-06,4.2290000124012295e-06,4.326799998466413e-05,2.1010000068599766e-06,96,False
937,1.8684000025359637e-05,4.4674000008626535e-05,2.6289999937034736e-06,3.668999994488331e-06,4.1005000014138204e-05,1.728000000866814e-06,96,False
938,1.818999999159132e-05,4.460200000266923e-05,2.6209999930415506e-06,3.6229999977877014e-06,4.097900000488153e-05,1.693999990948214e-06,96,False
939,1.875000000950422e-05,4.306100001372215e-05,2.6470000022982276e-06,3.3519999931286293e-06,3.970900002059352e-05,1.8020000140950287e-06,96,False
940,1.848599998766076e-05,4.340699999261233e-05,2.545000000964137e-06,3.5609999997632258e-06,3.98459999928491e-05,1.6660000028423383e-06,96,False
941,1.8459000017401195e-05,4.3250000004491085e-05,2.69000000230335e-06,3.4429999971052894e-06,3.9807000007385795e-05,1.7989999889778119e-06,96,False
942,1.7719999988230484e-05,4.318899999589121e-05,2.7899999963665323e-06,3.5760000116624724e-06,3.9612999984228736e-05,1.7739999975674436e-06,96,False
943,1.764399999615307e-05,4.252900001233684e-05,2.7159999831383175e-06,3.4699999957865657e-06,3.905900001655027e-05,1.6560000233312167e-06,96,False
944,1.807599997505349e-05,4.243500001166467e-05,2.760999990414348e-06,3.2389999944371084e-06,3.919600001722756e-05,1.7090000028474606e-06,96,False
945,1.8017000002146233e-05,4.469399999607049e-05,2.8100000122321944e-06,3.816999992523051e-06,4.087700000354744e-05,1.7870000021957821e-06,96,False
946,1.946999998381216e-05,7.582500001035442e-05,4.432999986647701e-06,8.442999984481503e-06,6.738200002587291e-05,3.306999985852599e-06,96,False
947,2.4762999998984014e-05,4.911300001708696e-05,3.2520000274871563e-06,4.2239999800131045e-06,4.4889000037073856e-05,2.0200000108161476e-06,96,False
948,2.0558999977993153e-05,4.591900000150417e-05,3.118999984508264e-06,3.8290000077267905e-06,4.208999999377738e-05,1.8409999995583348e-06,96,False
949,1.9014999992350567e-05,4.5542000009390904e-05,2.8530000122373167e-06,3.6910000176249014e-06,4.1850999991766e-05,1.7799999909584585e-06,96,False
950,1.89200000022538e-05,4.4617000014568475e-05,2.8810000003431924e-06,3.695000003745008e-06,4.092200001082347e-05,1.695999998219122e-06,96,False
951,1.8392000015410304e-05,4.4571999978870736e-05,2.7929999930620397e-06,3.800000001774606e-06,4.077199997709613e-05,1.728000000866814e-06,96,False
952,1.8572000016092716e-05,4.398699999796918e-05,2.813000008927702e-06,3.7359999964792223e-06,4.0251000001489956e-05,1.7679999757547193e-06,96,False
953,1.8427000014753503e-05,4.3969000017796134e-05,2.672999983133195e-06,3.61300001827658e-06,4.0355999999519554e-05,1.6669999922669376e-06,96,False
954,1.855600001476887e-05,4.4366999986777955e-05,2.8430000043044856e-06,3.5010000090096582e-06,4.08659999777683e-05,1.7219999790540896e-06,96,False
955,1.8365000016729027e-05,4.355199999395154e-05,2.791000014212841e-06,3.426000006356844e-06,4.0125999987594696e-05,1.819000004843474e-06,96,False
956,1.8097000008765463e-05,4.594499998233914e-05,2.7640000155315647e-06,3.741999989870237e-06,4.2202999992468904e-05,1.8340000167427206e-06,96,False
957,1.81469999915862e-05,4.363499999726628e-05,2.7419999923949945e-06,3.6659999977928237e-06,3.9968999999473453e-05,1.5939999968850316e-06,96,False
958,1.827099998763515e-05,4.4617000014568475e-05,3.4460000222225062e-06,3.7019999865606223e-06,4.091500002800785e-05,1.728000000866814e-06,96,False
959,1.8334000003505935e-05,4.337199999326913e-05,3.013999986478666e-06,3.399999997100167e-06,3.997199999616896e-05,1.7060000061519531e-06,96,False
960,4.120300002341537e-05,0.00011683799999673283,9.548000008408053e-06,7.385000003523601e-06,0.00010945299999320923,5.782999977554937e-06,96,False
961,4.623899999955938e-05,7.338800000411538e-05,3.177999985837232e-06,8.515000018860519e-06,6.487299998525486e-05,4.2079999786892586e-06,96,False
962,1.943300000561976e-05,6.224200001270219e-05,3.5360000083528575e-06,5.33400000790607e-06,5.690800000479612e-05,2.209000001585082e-06,96,False
963,2.0477999981949324e-05,4.646600001478873e-05,3.3820000169271225e-06,4.0350000176658796e-06,4.2430999997122854e-05,1.9330000213813037e-06,96,False
964,1.9859000019550876e-05,4.578400000809779e-05,3.5340000010819494e-06,4.003999976021078e-06,4.1780000032076714e-05,1.8220000015389815e-06,96,False
965,1.9385000001648223e-05,4.448800001455311e-05,3.133000006982911e-06,3.6510000143152865e-06,4.083700000023782e-05,1.7689999936010281e-06,96,False
966,1.9060999989051197e-05,4.4417999987445e-05,2.875999996376777e-06,3.3700000017233833e-06,4.104799998572162e-05,1.7110000101183687e-06,96,False
967,1.8425999996907194e-05,4.430799998544899e-05,3.3000000030369847e-06,3.678000012996563e-06,4.0629999972452424e-05,1.8160000081479666e-06,96,False
968,1.8401999994921425e-05,4.351500001575914e-05,2.21909999993386e-05,3.4109999944575975e-06,4.0104000021301545e-05,1.728000000866814e-06,96,False
969,2.1459000009826923e-05,4.549099998030215e-05,3.181000010954449e-06,3.7080000083733466e-06,4.17829999719288e-05,1.8420000174046436e-06,96,False
970,1.8843999981754678e-05,4.446700000926285e-05,3.1769999964126328e-06,3.7849999898753595e-06,4.068200001938749e-05,1.7890000094666902e-06,96,False
971,1.844299998765564e-05,4.4346999999334e-05,3.3419999851957982e-06,3.7140000017643615e-06,4.063299999756964e-05,1.86900001608592e-06,96,False
972,1.835200001210069e-05,4.368600002635503e-05,2.7880000175173336e-06,3.789999993841775e-06,3.989600003251326e-05,1.7459999810398585e-06,96,False
973,1.846500001079221e-05,4.380099997547404e-05,3.278000008322124e-06,3.5219999858782103e-06,4.027899998959583e-05,1.6600000094513234e-06,96,False
974,1.8722999982401234e-05,4.623399999559297e-05,2.9359999871303444e-06,3.612000000430271e-06,4.2621999995162696e-05,1.7910000167375983e-06,96,False
975,1.8788999994967526e-05,4.38919999794507e-05,2.76999998050087e-06,3.531000004386442e-06,4.036099997506426e-05,1.6780000180460775e-06,96,False
976,1.8393000004834903e-05,4.470200002515412e-05,2.7479999857860093e-06,3.872000007731913e-06,4.083000001742221e-05,1.6970000160654308e-06,96,False
977,1.8699000008837174e-05,4.400999998210864e-05,2.8020000115702715e-06,3.4509999977672123e-06,4.0558999984341426e-05,1.7579999962435977e-06,96,False
978,1.8370000020695443e-05,4.3981000004578163e-05,2.6899999738816405e-06,3.276000001051216e-06,4.070500000352695e-05,1.736000001528737e-06,96,False
979,1.8208000000186075e-05,4.324699997937387e-05,2.6230000003124587e-06,3.5930000024109177e-06,3.965399997696295e-05,1.7549999995480903e-06,96,False
980,1.7971000005445603e-05,4.2678999989220756e-05,2.694999977848056e-06,3.337000009651092e-06,3.9341999979569664e-05,1.7270000114422146e-06,96,False
981,1.8346000018709674e-05,4.336999998599822e-05,2.6910000201496587e-06,3.444999975954488e-06,3.992500001004373e-05,1.6799999968952761e-06,96,False
982,1.8265999983668735e-05,4.4106999979476313e-05,2.789000006941933e-06,3.4770000070238893e-06,4.0629999972452424e-05,1.6799999968952761e-06,96,False
983,1.835000000482978e-05,6.876699998770164e-05,2.969000007624345e-06,6.185000017921993e-06,6.258199996977964e-05,2.4790000168195547e-06,96,False
984,2.0487999989882155e-05,4.604000000085762e-05,3.340999995771199e-06,3.953999993200341e-06,4.2086000007657276e-05,1.9720000068446097e-06,96,False
985,1.8791999991663033e-05,4.482800000005227e-05,3.2200000248394645e-06,3.698999989865115e-06,4.1129000010187156e-05,1.8669999803933024e-06,96,False
986,1.873799999430048e-05,4.402100000788778e-05,3.175999978566324e-06,3.504999995129765e-06,4.051600001275801e-05,1.8320000094718125e-06,96,False
987,1.855499999692256e-05,4.600400001208982e-05,2.8879999831588066e-06,3.78400000045076e-06,4.222000001163906e-05,1.9539999982498557e-06,96,False
988,1.925099999766644e-05,4.709699999239092e-05,2.841999986458177e-06,3.607999985888455e-06,4.3489000006502465e-05,1.972999996269209e-06,96,False
989,2.1307999986674986e-05,4.559200002063335e-05,3.4390000109851826e-06,3.5429999911684718e-06,4.204900002946488e-05,1.9430000008924253e-06,96,False
990,1.9447999989097298e-05,4.5836999987614035e-05,3.302000010307893e-06,3.7640000130068074e-06,4.207299997460723e-05,1.7979999995532125e-06,96,False
991,1.9235999985767194e-05,4.6189999977741536e-05,3.276000001051216e-06,3.7650000024314068e-06,4.242499997531013e-05,1.967000002878194e-06,96,False
992,1.93760000115617e-05,4.485100001261344e-05,3.2819999944422307e-06,3.597000016952734e-06,4.1253999995660706e-05,1.8460000035247504e-06,96,False
993,1.8535999998903208e-05,4.564599998957419e-05,3.4419999792589806e-06,3.4029999937956745e-06,4.224299999577852e-05,1.7579999962435977e-06,96,False
994,1.9678000001022156e-05,4.626699998766526e-05,3.276000001051216e-06,3.7709999958224216e-06,4.2495999991842837e-05,1.8279999949299963e-06,96,False
995,1.878500000884742e-05,0.00010918300000639647,3.6980000004405156e-06,3.882999976667634e-06,0.00010530000002972884,1.742999984344351e-06,96,False
996,2.2102999992057448e-05,4.858699998067095e-05,3.010000000358559e-06,4.2550000216579065e-06,4.4331999959013046e-05,1.9759999929647165e-06,96,False
997,1.9715000007636263e-05,4.7523999995746635e-05,2.9459999950631754e-06,3.969999994524187e-06,4.355400000122245e-05,1.8100000147569517e-06,96,False
998,1.964000000498345e-05,4.626300000154515e-05,3.249999991794539e-06,3.8919999951758655e-06,4.2371000006369286e-05,1.8949999969208875e-06,96,False
999,1.9528999985141127e-05,4.599400000415699e-05,3.2920000023750617e-06,3.5299999865401332e-06,4.2464000017616854e-05,1.8279999949299963e-06,96,False
1000,2.025499998126179e-05,4.558099999485421e-05,3.2899999951041536e-06,3.808000002436529e-06,4.177299999241768e-05,1.762000010785414e-06,96,False
