step,select_seconds,update_seconds,logging_seconds,update_linear_solve_seconds,update_other_seconds,projection_inclusive_seconds,array_payload_bytes,projection_active
1,0.0001201999999977943,0.0005777650000027279,1.1857999993480917e-05,1.4666000026863912e-05,0.000563098999975864,7.414000009475785e-06,96,False
2,7.175600001119165e-05,0.00013835900000458423,7.787000015468948e-06,1.3798999987102434e-05,0.0001245600000174818,7.318999990957309e-06,96,False
3,5.199900002139657e-05,0.000163281999988385,7.873000015479192e-06,2.3362000007409733e-05,0.00013991999998097526,6.772999995519058e-06,96,False
4,5.94329999898946e-05,0.00010909299999184441,6.909999996196348e-06,9.747000007109818e-06,9.934599998473459e-05,4.9089999833995535e-06,96,False
5,4.466799998681381e-05,0.00011204800000541582,6.944000006114948e-06,8.097000005591326e-06,0.00010395099999982449,3.684999995812177e-06,96,False
6,4.409799998938979e-05,9.664100002737541e-05,6.87300001800395e-06,8.113000006915172e-06,8.852800002046024e-05,3.987999974697232e-06,96,False
7,4.257000000507105e-05,0.00011157099999081765,7.31700001210811e-06,1.066799998739043e-05,0.00010090300000342722,4.582999991953329e-06,96,False
8,4.550100001665669e-05,0.00011665500002777662,7.506000002877045e-06,8.270000023458124e-06,0.0001083850000043185,3.837999997813313e-06,96,False
9,5.196399999363166e-05,9.554700000080629e-05,6.7909999756921025e-06,8.495999992419456e-06,8.705100000838684e-05,4.0959999978440464e-06,96,False
10,3.966200000604658e-05,8.901699999341872e-05,6.575999975666491e-06,7.571999987021627e-06,8.14450000063971e-05,3.6290000196004257e-06,96,False
11,3.792399999724694e-05,8.88349999854654e-05,6.455999994159356e-06,7.4859999870113825e-06,8.134899999845402e-05,3.3219999977518455e-06,96,False
12,3.7839000015083e-05,8.704699999384502e-05,6.437999985564602e-06,7.0469999968736374e-06,7.999999999697138e-05,3.569999989849748e-06,96,False
13,3.728600000840743e-05,8.39450000000852e-05,6.427000016628881e-06,6.944999995539547e-06,7.700000000454565e-05,3.0249999838360964e-06,96,False
14,3.6195000006955524e-05,8.472999999753483e-05,6.0429999848565785e-06,6.80400000874215e-06,7.792599998879268e-05,3.064999987145711e-06,96,False
15,6.591899997943074e-05,9.170700002414378e-05,5.931999993435966e-06,7.646000000249842e-06,8.406100002389394e-05,3.767999999126914e-06,96,False
16,3.662000000304033e-05,8.456800000544717e-05,6.2889999981052824e-06,7.288999995580525e-06,7.727900000986665e-05,3.6219999799413927e-06,96,False
17,3.620199998977114e-05,8.424899999681656e-05,5.931999993435966e-06,7.038000006787115e-06,7.721099999002945e-05,3.1980000017028942e-06,96,False
18,3.651800000170624e-05,8.254299999066461e-05,5.979000007982904e-06,6.562999999459862e-06,7.597999999120475e-05,3.0749999950785423e-06,96,False
19,3.5397999994302154e-05,8.254700000520643e-05,6.274000014627745e-06,6.87299998958224e-06,7.567400001562419e-05,3.3599999937905523e-06,96,False
20,3.448000001071705e-05,8.276299999465664e-05,5.745999999362539e-06,7.212000014078512e-06,7.555099998057813e-05,3.0669999944166193e-06,96,False
21,3.457900001535563e-05,8.273899999267087e-05,5.896000004668167e-06,6.603999992194076e-06,7.61350000004768e-05,3.1429999864940328e-06,96,False
22,3.481999999621621e-05,8.061299999440052e-05,5.909000009296506e-06,6.521999978303938e-06,7.409100001609659e-05,3.222000003688663e-06,96,False
23,3.37269999874934e-05,0.00017418999999563312,7.402999983696645e-06,1.2237999982289693e-05,0.00016195200001334342,5.307999998649393e-06,96,False
24,4.514799999810748e-05,8.919800001194744e-05,6.664000011369353e-06,7.5300000048628135e-06,8.166800000708463e-05,3.816999992523051e-06,96,False
25,3.592400000229645e-05,8.402699998555363e-05,5.9410000119441975e-06,7.209999978385895e-06,7.681700000716774e-05,3.3640000083323685e-06,96,False
26,3.5395999987031246e-05,8.250999999859232e-05,7.382999996252693e-06,6.908000017347149e-06,7.560199998124517e-05,3.3059999964279996e-06,96,False
27,5.263699998181437e-05,8.822099999861166e-05,6.02900001922535e-06,7.74000000092201e-06,8.048099999768965e-05,3.996000003780864e-06,96,False
28,3.598600000032093e-05,8.431199998426564e-05,1.912799999104209e-05,7.18100000085542e-06,7.713099998341022e-05,3.6579999971309007e-06,96,False
29,3.7461000005123424e-05,8.305900001914779e-05,6.253999998762083e-06,6.83900000808535e-06,7.622000001106244e-05,3.5909999951400096e-06,96,False
30,3.478900001141483e-05,8.131399999911082e-05,5.6560000132321875e-06,6.646000002774599e-06,7.466799999633622e-05,3.029999987802512e-06,96,False
31,3.5156999985019866e-05,7.997999998110572e-05,5.608999998685249e-06,6.751000000804197e-06,7.322899998030152e-05,3.1379999825276172e-06,96,False
32,3.452699999684228e-05,8.09910000043601e-05,5.845999993425721e-06,6.46300000539668e-06,7.452799999896342e-05,3.0829999957404652e-06,96,False
33,3.3027000000629414e-05,8.098399999312278e-05,5.631000021821819e-06,6.692999988899828e-06,7.429100000422295e-05,3.163000002359695e-06,96,False
34,3.476200001273355e-05,8.107700000437035e-05,5.797000000029584e-06,7.084999992912344e-06,7.3992000011458e-05,3.3079999752771982e-06,96,False
35,3.427499999020256e-05,0.00011212199999022232,6.321999990177574e-06,2.0000999995772872e-05,9.212099999444945e-05,5.39100000196413e-06,96,False
36,3.806000000849963e-05,8.534600002008119e-05,5.98400001194932e-06,7.426000024679524e-06,7.791999999540167e-05,3.515000003062596e-06,96,False
37,3.620800001158386e-05,0.00029735300000766074,1.3074999998252679e-05,9.945700000457691e-05,0.00019789600000308383,1.7628000023250934e-05,96,False
38,7.4627000003602e-05,0.00013331100001323648,8.705999988478652e-06,1.3174000002891262e-05,0.00012013700001034522,5.142999981444518e-06,96,False
39,5.5148000001281616e-05,0.0002454039999975066,8.661000009624331e-06,1.0989000003291949e-05,0.00023441499999421467,4.304000015054044e-06,96,False
40,7.365300001538344e-05,0.00011504099998660422,8.21899999436937e-06,1.1563999976260675e-05,0.00010347700001034355,4.611000008480914e-06,96,False
41,4.8676999995223014e-05,9.959700000194971e-05,7.312999997566294e-06,8.248999989746153e-06,9.134800001220356e-05,3.840000005084221e-06,96,False
42,4.2600000000447835e-05,0.0001216060000217567,7.895000010194053e-06,8.296000004293091e-06,0.00011331000001746361,3.620000001092194e-06,96,False
43,4.6978999989732984e-05,9.51629999974557e-05,6.751000000804197e-06,8.09300001947122e-06,8.706999997798448e-05,4.130999997187246e-06,96,False
44,4.004400000212627e-05,8.78820000025371e-05,6.5940000126829545e-06,7.47699999692486e-06,8.040500000561224e-05,3.4690000063619664e-06,96,False
45,3.781699999194643e-05,0.00022260200000800978,7.487000004857691e-06,6.944999995539547e-06,0.00021565700001247023,3.2559999851855537e-06,96,False
46,5.084899999019399e-05,9.228599998323261e-05,6.809000012708566e-06,7.999000018799052e-06,8.428699996443356e-05,4.212999982655674e-06,96,False
47,3.8154000009171796e-05,8.524900002271352e-05,6.534999982932277e-06,7.0229999948878685e-06,7.822600002782565e-05,3.470999985211165e-06,96,False
48,3.660099997659927e-05,8.517000000551889e-05,5.993000002035842e-06,6.8999999882635166e-06,7.827000001725537e-05,3.2169999997222476e-06,96,False
49,3.5044000014750054e-05,0.00014371599999662976,6.087999992132609e-06,1.0484999990012511e-05,0.00013323100000661725,4.020000005766633e-06,96,False
50,3.8897999985465503e-05,0.00011417700000038167,7.04400000017813e-06,7.347999996909493e-06,0.00010682900000347217,3.4630000129709515e-06,96,False
51,4.0593999983684625e-05,8.764099999325481e-05,5.85899999805406e-06,7.496999984368813e-06,8.0144000008886e-05,3.995000014356265e-06,96,False
52,3.644299999905343e-05,8.288100002573628e-05,6.012000000055195e-06,7.063999987622083e-06,7.58170000381142e-05,3.3720000089942914e-06,96,False
53,3.552800001216383e-05,9.70959999904153e-05,6.777000010060874e-06,6.820000010065996e-06,9.02759999803493e-05,3.290999984528753e-06,96,False
54,4.969300002244381e-05,8.753599999522521e-05,6.267999992815021e-06,7.7749999718435e-06,7.976100002338171e-05,3.9649999905577715e-06,96,False
55,3.6913999991838864e-05,8.23240000045189e-05,5.940999983522488e-06,6.898000009414318e-06,7.542599999510458e-05,3.3900000175890455e-06,96,False
56,3.554799999960778e-05,8.33100000079412e-05,5.493000003298221e-06,6.680000012693199e-06,7.6629999995248e-05,3.410000005032998e-06,96,False
57,3.399900000999878e-05,7.973900000024514e-05,5.489999978181004e-06,6.296000009342606e-06,7.344299999090254e-05,3.3080000036989077e-06,96,False
58,3.388600001130726e-05,7.949000001872264e-05,5.4600000112259295e-06,6.318999993482066e-06,7.317100002524057e-05,3.3070000142743083e-06,96,False
59,3.408300000273812e-05,7.924199999820303e-05,5.3189999960068235e-06,6.165000002056331e-06,7.30769999961467e-05,3.17999999310814e-06,96,False
60,3.391199999214223e-05,0.0001092630000130157,6.020000000717118e-06,6.32600000471939e-06,0.00010293700000829631,3.064999987145711e-06,96,False
61,3.809399998999652e-05,8.333499999935157e-05,5.571999992071142e-06,7.107000016048914e-06,7.622799998330265e-05,3.5440000090147805e-06,96,False
62,3.535700000156794e-05,8.041700002081598e-05,5.890000011277152e-06,6.802999990895842e-06,7.361400002992013e-05,3.082000006315866e-06,96,False
63,3.396799999677569e-05,8.052900000166119e-05,5.776000023161032e-06,6.390000010014774e-06,7.413899999164641e-05,2.948999991758683e-06,96,False
64,3.445899997700508e-05,8.063799998581089e-05,5.82499998813546e-06,6.59900001664937e-06,7.403899996916152e-05,3.4130000017285056e-06,96,False
65,3.417499999613938e-05,0.00010804599997982223,5.802000003996e-06,6.534999982932277e-06,0.00010151099999688995,3.2979999957660766e-06,96,False
66,4.0240000004132526e-05,8.423200000606812e-05,5.427000019153638e-06,6.8530000021382875e-06,7.737900000392983e-05,3.668999994488331e-06,96,False
67,5.817599998181322e-05,9.187100002350235e-05,6.243000001404653e-06,8.489000009603842e-06,8.33820000138985e-05,3.997000021627173e-06,96,False
68,3.6298999987138814e-05,8.347600001457067e-05,5.360999978165637e-06,6.8429999942054565e-06,7.663300002036522e-05,3.4699999957865657e-06,96,False
69,3.48860000087825e-05,8.34180000026663e-05,5.829999992101875e-06,6.556999977647138e-06,7.686100002501917e-05,3.3419999851957982e-06,96,False
70,3.494899999623158e-05,0.0001261459999852832,8.162000000311309e-06,6.844000012051765e-06,0.00011930199997323143,3.520999996453611e-06,96,False
71,4.9531000001934444e-05,9.490100001130486e-05,6.0177999984034614e-05,8.42299999703755e-06,8.647800001426731e-05,4.352000019025581e-06,96,False
72,7.083299999521842e-05,0.00016298299999562005,1.1938000000100146e-05,1.885300000026291e-05,0.00014412999999535714,8.887000007007373e-06,96,False
73,9.714400002280854e-05,0.0001138020000155393,8.028999985754126e-06,1.1806999992813871e-05,0.00010199500002272543,5.576999996037557e-06,96,False
74,4.395199999862598e-05,9.2420999976639e-05,7.186000004821835e-06,8.018000016818405e-06,8.440299995982059e-05,3.6980000004405156e-06,96,False
75,3.895099999340346e-05,8.888300001785865e-05,6.412000004729634e-06,7.335999981705754e-06,8.15470000361529e-05,3.2389999944371084e-06,96,False
76,3.803500001708926e-05,8.688999997730207e-05,5.35699999204553e-06,7.471000003533845e-06,7.941899997376822e-05,3.5110000169424893e-06,96,False
77,3.684900002554059e-05,8.39790000100038e-05,6.329999990839497e-06,7.1460000015122205e-06,7.683300000849158e-05,3.587000009019903e-06,96,False
78,3.689900000836133e-05,8.279799999399984e-05,5.450000003293098e-06,6.7279999882430275e-06,7.607000000575681e-05,3.1140000089635578e-06,96,False
79,3.520699999626231e-05,8.262200000785924e-05,5.465000015192345e-06,6.909999996196348e-06,7.57120000116629e-05,3.222000003688663e-06,96,False
80,3.492400000482121e-05,8.479900000679663e-05,5.340999990721684e-06,7.213999992927711e-06,7.758500001386892e-05,3.401000014946476e-06,96,False
81,3.5100000019383515e-05,0.00013199300002497694,6.102000014607256e-06,1.0814999996000552e-05,0.00012117800002897638,4.337999996550934e-06,96,False
82,3.8837000005287337e-05,8.720200000311706e-05,6.2549999881866825e-06,7.342999992943078e-06,7.985900001017399e-05,3.56700002157595e-06,96,False
83,3.7004999995815524e-05,0.00012637100002166335,8.740999987821851e-06,7.245999995575403e-06,0.00011912500002608795,3.6750000163010554e-06,96,False
84,5.009699998481665e-05,9.929899999860936e-05,6.982999991578254e-06,9.127999987867952e-06,9.017100001074141e-05,4.818000007844603e-06,96,False
85,3.975499998887244e-05,8.988499999418309e-05,6.5210000173010485e-06,7.455000002209999e-06,8.242999999197309e-05,3.5749999938161636e-06,96,False
86,3.852600002574036e-05,9.072400001741698e-05,5.463000007921437e-06,7.506000002877045e-06,8.321800001453994e-05,3.490000011652228e-06,96,False
87,3.69950000163044e-05,8.527899998966859e-05,5.547000000660773e-06,6.6289999836044444e-06,7.865000000606415e-05,3.6250000050586095e-06,96,False
88,3.6138000012897464e-05,8.550699999432254e-05,5.716000003985755e-06,7.202999995570281e-06,7.830399999875226e-05,3.719000005730777e-06,96,False
89,3.594100002146661e-05,8.679699999447621e-05,6.9059999816545314e-06,6.760000019312429e-06,8.003699997516378e-05,3.5260000004200265e-06,96,False
90,3.851600001780753e-05,8.491799999887917e-05,5.384000019148516e-06,6.936000005453025e-06,7.798199999342614e-05,3.4450000043761975e-06,96,False
91,3.7106999997149615e-05,8.511999999427644e-05,6.044999992127487e-06,6.966000000829808e-06,7.815399999344663e-05,3.491000001076827e-06,96,False
92,3.569700001548881e-05,8.434299999748873e-05,5.26599998806887e-06,6.342000006043236e-06,7.80009999914455e-05,3.436000014289675e-06,96,False
93,3.603799999041257e-05,0.0001395839999815962,7.76199999563687e-06,6.774000013365367e-06,0.00013280999996823084,3.363000018907769e-06,96,False
94,4.998100001785133e-05,9.541599999352002e-05,6.7090000186453835e-06,8.420000000342043e-06,8.699599999317797e-05,4.813999993302787e-06,96,False
95,3.7150999986579336e-05,8.5633999987067e-05,6.525000003421155e-06,7.096999979694374e-06,7.853700000737263e-05,3.559999981916917e-06,96,False
96,3.553700000225035e-05,0.00010050200000932819,5.7370000092760165e-06,2.2268000009262323e-05,7.823400000006586e-05,3.598000006377333e-06,96,False
97,3.591799998048373e-05,8.432300001004478e-05,5.1069999926767196e-06,7.028999988278883e-06,7.72940000217659e-05,3.375999995114398e-06,96,False
98,3.4485999975686354e-05,8.221300001309828e-05,6.100999996760947e-06,6.938000012723933e-06,7.527500000037435e-05,3.227999997079678e-06,96,False
99,3.4906000024648165e-05,8.119599999645288e-05,6.015999986175302e-06,6.5659999961553694e-06,7.463000000029751e-05,3.359000004365953e-06,96,False
100,4.94459999913488e-05,9.064299999295145e-05,5.7029999993574165e-06,8.734999994430837e-06,8.190799999852061e-05,3.745000014987454e-06,96,False
101,3.614199999901757e-05,8.328600000595543e-05,5.222999988063748e-06,7.1460000015122205e-06,7.614000000444321e-05,3.4390000109851826e-06,96,False
102,3.527800001279502e-05,8.591600001750521e-05,5.114000003914043e-06,7.4229999995623075e-06,7.84930000179429e-05,3.536999997777457e-06,96,False
103,3.6159000018187726e-05,8.392200001594574e-05,5.164999976159379e-06,6.840999986934548e-06,7.708100002901119e-05,3.3689999838770746e-06,96,False
104,3.6068000014211066e-05,8.263300000521667e-05,5.631999982824709e-06,6.710999997494582e-06,7.592200000772209e-05,3.2180000175685564e-06,96,False
105,3.834500000721164e-05,9.573900001669244e-05,5.758000014566278e-06,7.4490000088189845e-06,8.829000000787346e-05,3.8679999931900966e-06,96,False
106,6.290499999295207e-05,9.235699999976532e-05,5.469999990737051e-06,9.285000004410904e-06,8.307199999535442e-05,3.956000000471249e-06,96,False
107,3.6640999979908884e-05,8.402599999612903e-05,5.251000004591333e-06,6.966000000829808e-06,7.705999999529922e-05,3.4810000215657055e-06,96,False
108,3.540000000157306e-05,8.282599998210571e-05,5.4709999801616505e-06,6.8770000041240564e-06,7.594899997798166e-05,3.1090000049971422e-06,96,False
109,3.475299999422532e-05,8.263300000521667e-05,5.118999979458749e-06,6.5030000087062945e-06,7.612999999651038e-05,3.1200000023545726e-06,96,False
110,3.4973999987641946e-05,7.874100001004081e-05,4.687000000558328e-06,6.047999988822994e-06,7.269300002121781e-05,3.238000005012509e-06,96,False
111,3.273499999068008e-05,7.781600001521838e-05,5.155999986072857e-06,6.216000002723376e-06,7.1600000012495e-05,3.0870000102822814e-06,96,False
112,3.2215999993923106e-05,7.716000001778411e-05,5.114000003914043e-06,6.450000000768341e-06,7.071000001701577e-05,3.1259999957455875e-06,96,False
113,3.288499999598571e-05,7.692700000916375e-05,5.0809999834200426e-06,6.498000004739879e-06,7.042900000442387e-05,3.1350000142538192e-06,96,False
114,3.239599999460552e-05,7.770100000925595e-05,4.942000003893554e-06,6.0849999954371015e-06,7.161600001381885e-05,3.2399999838617077e-06,96,False
115,3.282999998077685e-05,7.721299999730036e-05,4.7389999906499725e-06,6.17800000668467e-06,7.103499999061569e-05,3.187000004345464e-06,96,False
116,3.2879000002594694e-05,7.789000000002488e-05,4.7699999754513556e-06,6.502000019281695e-06,7.138799998074319e-05,3.1339999964075105e-06,96,False
117,3.224100001375518e-05,7.845100000736238e-05,4.880999995293678e-06,6.305999988853728e-06,7.214500001850865e-05,3.201999987823001e-06,96,False
118,3.2787000009193434e-05,7.814800000005562e-05,4.920999998603293e-06,6.377000005386435e-06,7.177099999466918e-05,2.888000011580516e-06,96,False
119,3.301099999930557e-05,0.00012427100000422797,7.164999999531574e-06,1.347200000623161e-05,0.00011079899999799636,4.982999996627768e-06,96,False
120,6.119700000795092e-05,0.00010155500001474138,7.1300000001883745e-06,1.0501000019758067e-05,9.105399999498331e-05,4.563999993933976e-06,96,False
121,0.0014666570000088086,0.00016720100001066385,1.1475999997401232e-05,2.063200000179677e-05,0.00014656900000886708,8.248000000321554e-06,96,False
122,6.0839000013857e-05,0.00010537100001783983,7.056999976384759e-06,9.122999983901536e-06,9.62480000339383e-05,4.20599999984006e-06,96,False
123,4.402100000788778e-05,9.348099999328952e-05,6.49600002589068e-06,7.95699997979682e-06,8.55240000134927e-05,3.5210000248753204e-06,96,False
124,4.159299999173527e-05,9.452000000464977e-05,8.500000006961272e-06,7.4390000008861534e-06,8.708100000376362e-05,3.585999991173594e-06,96,False
125,4.179900000167436e-05,0.00011501000000180284,7.6270000022304885e-06,1.1491000009300478e-05,0.00010351899999250236,4.8170000184200035e-06,96,False
126,4.4206000012536606e-05,9.788699998125594e-05,6.608000006735892e-06,7.912000000942498e-06,8.997499998031344e-05,3.5200000070290116e-06,96,False
127,4.2030000003023815e-05,9.445000000596337e-05,5.44799999602219e-06,7.96700001615136e-06,8.648299998981201e-05,3.719000005730777e-06,96,False
128,3.895500000794527e-05,8.952299998554736e-05,5.420999997340914e-06,8.69699999839213e-06,8.082599998715523e-05,3.139000000373926e-06,96,False
129,3.605099999504091e-05,8.391600002255473e-05,5.218999973521932e-06,7.401000004847447e-06,7.651500001770728e-05,3.2270000076550787e-06,96,False
130,3.572399998574838e-05,0.0001092630000130157,5.759000003990877e-06,6.961999986287992e-06,0.0001023010000267277,3.0070000036630518e-06,96,False
131,6.213099999285987e-05,9.103300001811476e-05,6.837999990239041e-06,7.965000008880452e-06,8.306800000923431e-05,3.830000025573099e-06,96,False
132,3.604100001552979e-05,8.374399999411253e-05,6.2209999782680825e-06,6.9980000034775e-06,7.674599999063503e-05,3.348999996433122e-06,96,False
133,3.47090000047956e-05,8.121400000504764e-05,6.24599999810016e-06,6.806999977015948e-06,7.440700002803169e-05,3.268000000389293e-06,96,False
134,3.533099999231126e-05,0.00011551000000054046,9.115000011661323e-06,1.27319999876363e-05,0.00010277800001290416,5.467999983466143e-06,96,False
135,4.320700000448596e-05,8.595399998512221e-05,6.86199999222481e-06,7.1300000001883745e-06,7.882399998493383e-05,3.536999997777457e-06,96,False
136,3.637099999309612e-05,0.000149144000005208,8.505000010927688e-06,6.227000000080807e-06,0.0001429170000051272,3.2379999765907996e-06,96,False
137,5.252500000096916e-05,9.413700001914549e-05,6.7640000054325355e-06,8.455999989109841e-06,8.568100003003565e-05,4.519000015079655e-06,96,False
138,3.734100002361629e-05,8.662899998057583e-05,6.573999996817292e-06,7.589999995616381e-06,7.903899998495945e-05,3.605000017614657e-06,96,False
139,3.592300001287185e-05,8.389699999611366e-05,6.2260000106562075e-06,7.326999991619232e-06,7.657000000449443e-05,3.418000005694921e-06,96,False
140,3.492300001539661e-05,8.125400000835725e-05,6.181000003380177e-06,6.687999984933413e-06,7.456600002342384e-05,3.161999984513386e-06,96,False
141,3.5079000014093253e-05,8.278699999664241e-05,6.078000012621487e-06,7.091999975727958e-06,7.569500002091445e-05,3.491000001076827e-06,96,False
142,3.469800000743817e-05,8.112999998388659e-05,5.859999987478659e-06,6.963000004134301e-06,7.416699997975229e-05,3.0939999930978956e-06,96,False
143,5.152800000018942e-05,9.001799998031856e-05,6.350999996129758e-06,8.637999997063162e-06,8.13799999832554e-05,3.945000003113819e-06,96,False
144,3.7152000004425645e-05,8.139599998457925e-05,5.926000000044951e-06,6.825000014032412e-06,7.457099997054684e-05,3.234999979895292e-06,96,False
145,3.542199999628792e-05,7.932199997640055e-05,5.8010000145714e-06,6.600000006073969e-06,7.272199997032658e-05,3.055999997059189e-06,96,False
146,3.454899999155714e-05,8.041099999900325e-05,5.700000002661909e-06,6.50800001267271e-06,7.390299998633054e-05,3.29400000964597e-06,96,False
147,3.328500000066015e-05,8.036799999899813e-05,5.728999980192384e-06,6.7010000179834606e-06,7.366699998101467e-05,3.0930000036732963e-06,96,False
148,3.3765000011953816e-05,7.976099999496e-05,7.189599998014273e-05,6.862000020646519e-06,7.289899997431348e-05,2.920000014228208e-06,96,False
149,4.195700000764191e-05,0.00012460400000691152,7.188000012092743e-06,1.0388000021066546e-05,0.00011421599998584497,4.55899998996756e-06,96,False
150,3.989600000409155e-05,8.694000001696622e-05,5.8079999973870144e-06,7.447000001548076e-06,7.949300001541815e-05,3.3199999904809374e-06,96,False
151,3.7859000002526955e-05,8.640100000434359e-05,6.116999998084793e-06,7.275000001527587e-06,7.9126000002816e-05,3.165000009630603e-06,96,False
152,3.6571999999068794e-05,8.359899999277332e-05,6.073000008655072e-06,7.191000008788251e-06,7.640799998398506e-05,3.2910000129504624e-06,96,False
153,3.504999997971936e-05,8.30630000052679e-05,5.652999988114971e-06,7.232999990947064e-06,7.583000001432083e-05,3.4770000070238893e-06,96,False
154,3.503499999624182e-05,8.368099997824174e-05,5.745999999362539e-06,6.79300001138472e-06,7.688799996685702e-05,3.240000012283417e-06,96,False
155,3.4882999983665286e-05,0.00010835300000167081,6.598999988227661e-06,6.388999992168465e-06,0.00010196400000950234,3.1200000023545726e-06,96,False
156,4.1516999999657855e-05,8.727400000907437e-05,5.7919999960631685e-06,7.611999990331242e-06,7.966200001874313e-05,3.7629999951604987e-06,96,False
157,3.552499998704661e-05,8.185900000512447e-05,5.821000002015353e-06,6.58899998029483e-06,7.527000002482964e-05,3.452000015613521e-06,96,False
158,3.5338000003548586e-05,8.108400001560767e-05,5.885000007310737e-06,6.931000001486609e-06,7.415300001412106e-05,3.206000002364817e-06,96,False
159,3.4040000002732995e-05,8.047500000429864e-05,5.818999994744445e-06,6.786000000147396e-06,7.368900000415124e-05,3.2610000175736786e-06,96,False
160,3.387499998552812e-05,7.959799998502604e-05,5.98400001194932e-06,6.330000019261206e-06,7.326799996576483e-05,3.1409999792231247e-06,96,False
161,3.491200001803918e-05,9.576799999422292e-05,5.401999999321561e-06,6.318000004057467e-06,8.944999999016545e-05,3.133000006982911e-06,96,False
162,3.6010999991731296e-05,0.00010569500000201515,6.889000019327796e-06,1.0299999985363684e-05,9.539500001665147e-05,4.750000016429112e-06,96,False
163,4.1129000010187156e-05,8.851199999071468e-05,5.909999998721105e-06,7.725999978447362e-06,8.078600001226732e-05,3.711000005068854e-06,96,False
164,3.7959999986014736e-05,8.792699998139142e-05,5.861999994749567e-06,7.232000001522465e-06,8.069499997986895e-05,3.7180000163061777e-06,96,False
165,3.7812000016401726e-05,8.670299999380404e-05,5.877000006648814e-06,7.081999996216837e-06,7.96209999975872e-05,3.5559999957968103e-06,96,False
166,6.980099999509548e-05,9.676099998046084e-05,6.6469999921991985e-06,9.478000009721654e-06,8.728299997073918e-05,4.004999993867386e-06,96,False
167,3.9305000001377266e-05,8.76710000170533e-05,5.883000000039829e-06,7.336000010127464e-06,8.033500000692584e-05,3.6309999984496244e-06,96,False
168,3.670499998520427e-05,8.618300000762247e-05,5.491999985451912e-06,7.056000015381869e-06,7.91269999922406e-05,3.507000002400673e-06,96,False
169,3.57650000069043e-05,8.4719999989602e-05,6.165000002056331e-06,7.2060000206874975e-06,7.75139999689145e-05,3.410000005032998e-06,96,False
170,3.508099999294245e-05,8.328100000198901e-05,5.92699998946955e-06,7.051000011415454e-06,7.622999999057356e-05,3.230000004350586e-06,96,False
171,3.4542000008741525e-05,8.548599998903228e-05,5.352999977503714e-06,6.977999987611838e-06,7.850800000142044e-05,3.2650000036937854e-06,96,False
172,3.5066999998889514e-05,0.00011822799999094968,5.705999996052924e-06,2.1935999996003375e-05,9.629199999494631e-05,5.777000012585631e-06,96,False
173,3.834499997878993e-05,8.733499998925254e-05,5.944000008639705e-06,7.486999976435982e-06,7.984800001281656e-05,3.6319999878742237e-06,96,False
174,3.644199998120712e-05,8.603800000628326e-05,5.775000005314723e-06,7.023999984312468e-06,7.901400002197079e-05,3.4699999957865657e-06,96,False
175,3.6400999988472904e-05,8.490600001209714e-05,6.130000002713132e-06,6.968999997525316e-06,7.793700001457182e-05,3.312000018240724e-06,96,False
176,3.549299998439892e-05,8.42960000113635e-05,5.873000020528707e-06,7.098999986965282e-06,7.719700002439822e-05,3.62400001563401e-06,96,False
177,3.5343000007515e-05,8.469700000546254e-05,5.942000001368797e-06,7.159000006140559e-06,7.753799999932198e-05,3.222000003688663e-06,96,False
178,3.700900001035734e-05,0.00010035200000402256,6.573000007392693e-06,7.221000004165035e-06,9.313099999985752e-05,3.0289999983779126e-06,96,False
179,4.948899999135392e-05,9.050599999227416e-05,5.514000008588482e-06,7.938999999623775e-06,8.256699999265038e-05,3.869000011036405e-06,96,False
180,3.649300001029587e-05,8.475500001736691e-05,5.314000020462117e-06,7.448000019394385e-06,7.730699999797253e-05,3.4329999891724583e-06,96,False
181,3.4803000005467766e-05,8.520500000486209e-05,5.495000010569129e-06,7.042000021328931e-06,7.816299998353315e-05,3.3420000136175076e-06,96,False
182,3.4919000000854794e-05,8.277899999598048e-05,5.4180000006454065e-06,6.8970000199897186e-06,7.588199997599077e-05,3.1900000010409713e-06,96,False
183,3.459199999156226e-05,8.399899999744775e-05,5.2460000006249174e-06,6.8530000021382875e-06,7.714599999530947e-05,3.4229999812396272e-06,96,False
184,3.511500000286105e-05,8.299800001054791e-05,5.065000010517906e-06,6.322000018599283e-06,7.667599999194863e-05,3.320000018902647e-06,96,False
185,3.4894999998869025e-05,0.00013326300000926494,5.8809999927689205e-06,1.0344999992639714e-05,0.00012291800001662523,4.230000001825829e-06,96,False
186,3.941200000667777e-05,8.650099999840677e-05,6.044999992127487e-06,7.154999991598743e-06,7.934600000680803e-05,3.3379999990756914e-06,96,False
187,3.6319000003004476e-05,8.564999998839085e-05,6.068000004688656e-06,7.0410000034826226e-06,7.860899998490822e-05,3.4519999871918117e-06,96,False
188,3.563399999961803e-05,8.390200000008008e-05,6.030999998074549e-06,6.4850000001115404e-06,7.741699999996854e-05,3.3989999792538583e-06,96,False
189,3.612300000099822e-05,8.471300000678639e-05,6.036999991465564e-06,6.90699999950084e-06,7.780600000728555e-05,3.290999984528753e-06,96,False
190,3.524600001014733e-05,8.346100000267143e-05,5.797000000029584e-06,6.712000015340891e-06,7.674899998733054e-05,3.349999985857721e-06,96,False
191,3.479500000480584e-05,0.00011094100000264007,6.215000013298777e-06,7.167999996227081e-06,0.00010377300000641299,3.0569999864837882e-06,96,False
192,4.0914999999586144e-05,8.834700000193152e-05,5.754000000024462e-06,7.535999998253828e-06,8.081100000367769e-05,3.975999987915202e-06,96,False
193,3.686299999117182e-05,8.347700000399527e-05,5.756999996719969e-06,6.409999997458726e-06,7.706700000653655e-05,3.46499999182015e-06,96,False
194,3.628199999639037e-05,8.466799999951036e-05,6.127000006017624e-06,6.627000004755246e-06,7.804099999475511e-05,3.4429999971052894e-06,96,False
195,3.639199999838638e-05,8.395099999347622e-05,5.889999982855443e-06,6.8790000113949645e-06,7.707199998208125e-05,3.2750000116266165e-06,96,False
196,3.477199999224467e-05,8.361900000863898e-05,6.01800002186792e-06,6.890999998176994e-06,7.672800001046198e-05,3.3740000162651995e-06,96,False
197,3.4460000023273096e-05,8.299000000988599e-05,5.942000001368797e-06,6.9760000087626395e-06,7.601400000112335e-05,3.31699999378543e-06,96,False
198,6.394500002215864e-05,9.440700000595825e-05,6.441000010681819e-06,9.628999976030173e-06,8.477800002992808e-05,4.119999999829815e-06,96,False
199,3.8200999995297025e-05,8.53850000055445e-05,5.7710000191946165e-06,7.035999999516207e-06,7.834900000602829e-05,3.3400000063465995e-06,96,False
200,3.5875000008900315e-05,8.336999999869477e-05,6.2100000093323615e-06,7.2189999968941265e-06,7.615100000180064e-05,3.4919999905014265e-06,96,False
201,3.568600001813138e-05,8.339499999010513e-05,6.292999984225389e-06,7.011000008105839e-06,7.63839999819993e-05,3.4040000116419833e-06,96,False
202,3.566699999169032e-05,9.972799998081427e-05,6.8450000014763646e-06,6.5339999935076776e-06,9.31939999873066e-05,3.264000014269186e-06,96,False
203,4.371300002503631e-05,8.882000000198786e-05,5.748999996058046e-06,7.227999986980649e-06,8.159200001500722e-05,3.800000001774606e-06,96,False
204,3.5887000024104054e-05,0.00010186700001213467,6.000000013273166e-06,9.405000014339748e-06,9.246199999779492e-05,4.0350000176658796e-06,96,False
205,3.7641000005805836e-05,8.499699998765209e-05,6.045999981552086e-06,6.960999996863393e-06,7.80359999907887e-05,3.2209999858423544e-06,96,False
206,3.610699999967437e-05,8.339999999407155e-05,5.3269999966687465e-06,6.581000008054616e-06,7.681899998601693e-05,3.3360000202264928e-06,96,False
207,3.537599999958729e-05,8.435700001996338e-05,5.134000019779705e-06,6.634999976995459e-06,7.772200004296792e-05,3.147000001035849e-06,96,False
208,3.5248999978421125e-05,8.29969999927016e-05,5.107999982101319e-06,6.720000016002814e-06,7.627699997669879e-05,3.3180000116317387e-06,96,False
209,3.65390000069965e-05,8.34170000132417e-05,5.136999988053503e-06,7.02199997704156e-06,7.639500003620014e-05,3.3909999785919354e-06,96,False
210,0.00010088199999813696,0.0001891709999881641,1.4199999981201472e-05,1.274299998499373e-05,0.00017642800000317038,5.713999996714847e-06,96,False
211,0.00011094600000660648,0.00016348100001550847,8.335000018178107e-06,1.613899999597379e-05,0.00014734200001953468,8.28599999636026e-06,96,False
212,5.71470000068075e-05,0.00011159199999610792,0.00011402200001953133,1.0320999990653945e-05,0.00010127100000545397,4.434999993918609e-06,96,False
213,0.0011271870000086892,0.00032245900001726113,1.2069000007386421e-05,0.00011727699998687058,0.00020518200003039055,9.997999995903228e-06,96,False
214,5.698999999026455e-05,0.00010601900001461217,7.087000000183252e-06,9.77999999918211e-06,9.623900001543007e-05,4.452000013088764e-06,96,False
215,4.505699999413082e-05,9.725099999968734e-05,7.71599999893624e-06,8.168999983126923e-06,8.908200001656041e-05,3.834000011693206e-06,96,False
216,4.226799998718889e-05,9.367100000190476e-05,6.807999994862257e-06,8.159999993040401e-06,8.551100000886436e-05,3.843000001779728e-06,96,False
217,4.009599999221791e-05,8.897099999671809e-05,6.794999990233919e-06,7.5509999817313656e-06,8.142000001498673e-05,3.763000023582208e-06,96,False
218,3.817999999000676e-05,8.956199999943237e-05,5.877999996073413e-06,7.186999994246435e-06,8.237500000518594e-05,3.668000005063732e-06,96,False
219,3.8782999979503074e-05,0.00012478400000759393,6.407999990187818e-06,7.238999984338079e-06,0.00011754500002325585,3.543000019590181e-06,96,False
220,4.403299999466981e-05,9.170199999175566e-05,5.843999986154813e-06,7.621999998264073e-06,8.407999999349158e-05,3.703000004406931e-06,96,False
221,3.892099999802667e-05,0.0001435899999933099,7.3500000041804014e-06,7.768999978452484e-06,0.00013582100001485742,3.4269999957814434e-06,96,False
222,4.398600000854458e-05,9.359899999594745e-05,7.180599999401238e-05,7.909000004246991e-06,8.568999999170046e-05,3.853999999137159e-06,96,False
223,6.155600001989114e-05,9.864099999390419e-05,7.855999996309038e-06,9.005999999089909e-06,8.963499999481428e-05,4.512999993266931e-06,96,False
224,4.122400000028392e-05,9.133300000030431e-05,7.031999984974391e-06,7.837000026711394e-06,8.349599997359292e-05,3.63600000241604e-06,96,False
225,3.7128999991864475e-05,8.820300001843862e-05,6.737000006751259e-06,7.401000004847447e-06,8.080200001359117e-05,3.3099999825481063e-06,96,False
226,3.658500000369713e-05,8.789700001443634e-05,6.783000003451889e-06,7.437999983039845e-06,8.04590000313965e-05,3.013999986478666e-06,96,False
227,3.777300000251671e-05,8.764999998334133e-05,6.9079999889254395e-06,7.460000006176415e-06,8.018999997716492e-05,3.5690000004251488e-06,96,False
228,3.9237999999386375e-05,8.775199998467542e-05,6.604000020615786e-06,7.5929999923118885e-06,8.015899999236353e-05,3.3929999858628435e-06,96,False
229,3.7802999997893494e-05,0.0001176330000021153,7.00999999025953e-06,7.1039999909316975e-06,0.0001105290000111836,3.4749999997529812e-06,96,False
230,4.372300000454743e-05,9.573500000215063e-05,6.132999999408639e-06,7.930999998961852e-06,8.780400000318878e-05,4.0150000018002174e-06,96,False
231,4.112100000952523e-05,9.052400000086891e-05,6.80499999816675e-06,7.721999992327255e-06,8.280200000854165e-05,3.874000015002821e-06,96,False
232,3.975799998556795e-05,8.882699998480348e-05,6.022999997412626e-05,7.105999998202606e-06,8.172099998660087e-05,3.787999986570867e-06,96,False
233,0.00014171400002283008,0.0001568159999862928,1.0582000015801896e-05,1.5106999995850856e-05,0.00014170899999044195,7.358000004842324e-06,96,False
234,5.865299999641138e-05,0.00013182299997538394,8.516999997709718e-06,1.3413000004902642e-05,0.0001184099999704813,5.409000010558884e-06,96,False
235,5.3269999995109174e-05,0.00010779299998375791,7.872999987057483e-06,9.455999986585084e-06,9.833699999717282e-05,4.184000005125199e-06,96,False
236,4.913399999395551e-05,0.00010242199999765944,7.995999993681835e-06,9.12900000571426e-06,9.329299999194518e-05,3.96600000840408e-06,96,False
237,4.644999998504318e-05,9.911600000123144e-05,7.270999986985771e-06,8.519000004980626e-06,9.059699999625082e-05,3.980000002457018e-06,96,False
238,4.3978999997307255e-05,9.598000002597473e-05,7.147999980361419e-06,7.721000002902656e-06,8.825900002307208e-05,4.038000014361387e-06,96,False
239,4.147599997850193e-05,0.0001294550000068284,7.436000004190646e-06,1.1290999992752404e-05,0.00011816400001407601,4.332000003159919e-06,96,False
240,4.3169999997871855e-05,9.063699999956043e-05,7.025000002158777e-06,7.696000011492288e-06,8.294099998806814e-05,3.5749999938161636e-06,96,False
241,3.876100001320992e-05,0.0002332950000152323,8.122999986426294e-06,1.232199997502903e-05,0.00022097300004020326,4.611999997905514e-06,96,False
242,4.292500000246946e-05,9.062899999889851e-05,6.643000006079092e-06,7.560999989664197e-06,8.306800000923431e-05,3.859999992528174e-06,96,False
243,3.858599998807222e-05,8.895600001324055e-05,6.5840000047501235e-06,7.3340000028565555e-06,8.1622000010384e-05,3.531000004386442e-06,96,False
244,3.832299998407507e-05,0.0001270280000085222,7.110000012744422e-06,1.0653999993337493e-05,0.00011637400001518472,4.316000001836073e-06,96,False
245,3.9636999986214505e-05,8.780699999988428e-05,6.201999980248729e-06,7.23799999491348e-06,8.05690000049708e-05,3.6030000103437487e-06,96,False
246,3.7972000001218476e-05,8.423200000606812e-05,6.347000010009651e-06,7.116000006135437e-06,7.711599999993268e-05,3.5639999964587332e-06,96,False
247,3.631200002018886e-05,8.399800000802315e-05,6.373999980269218e-06,6.694999996170736e-06,7.730300001185242e-05,3.340999995771199e-06,96,False
248,3.638399999772446e-05,8.407299998225426e-05,6.464000023242988e-06,6.732000002784844e-06,7.734099997946942e-05,3.4409999898343813e-06,96,False
249,3.584499998510182e-05,8.229400000914211e-05,6.245000008675561e-06,6.2000000013995304e-06,7.609400000774258e-05,3.29400000964597e-06,96,False
250,3.5169000000223605e-05,0.00010816700000759738,6.794000000809319e-06,6.722999984276612e-06,0.00010144400002332077,3.217999989146847e-06,96,False
251,4.042700001605226e-05,8.917099998484446e-05,5.8700000238331995e-06,7.736000014801903e-06,8.143499997004255e-05,4.0150000018002174e-06,96,False
252,3.6332000007632814e-05,8.49999999843476e-05,5.819000023166154e-06,6.5429999835942e-06,7.84570000007534e-05,3.3180000116317387e-06,96,False
253,3.7004000006390925e-05,8.680299998786722e-05,6.071999990808763e-06,6.995999996206592e-06,7.980699999166063e-05,3.2149999924513395e-06,96,False
254,3.631600000630897e-05,8.580000002211818e-05,5.602999976872525e-06,6.863999999495718e-06,7.893600002262247e-05,3.1280000030164956e-06,96,False
255,3.533500000685308e-05,8.683699999778582e-05,6.356999989520773e-06,7.241999981033587e-06,7.959500001675224e-05,3.179000003683541e-06,96,False
256,3.735399999982292e-05,9.079000000156157e-05,5.820000012590754e-06,7.339000006822971e-06,8.34509999947386e-05,3.232000011621494e-06,96,False
257,6.337300001746371e-05,9.391800000457806e-05,7.088000018029561e-06,8.100000002286833e-06,8.581800000229123e-05,4.1689999932259525e-06,96,False
258,3.655099999377853e-05,9.00280000166731e-05,6.063000000722241e-06,6.940999980997731e-06,8.308700003567537e-05,3.7789999964843446e-06,96,False
259,3.620800001158386e-05,0.00014380199999664,9.50599999782753e-06,1.588900002502669e-05,0.00012791299997161332,5.783000005976646e-06,96,False
260,4.69130000055884e-05,9.254799999780516e-05,6.632999998146261e-06,7.8420000022561e-06,8.470599999554906e-05,3.845999998475236e-06,96,False
261,3.9467000021886633e-05,9.008899999685127e-05,6.2990000060381135e-06,6.885000004785979e-06,8.320399999206529e-05,3.4290000030523515e-06,96,False
262,3.620200001819285e-05,0.00013382599999545164,7.707000008849718e-06,7.027000009429685e-06,0.00012679899998602195,3.365999987181567e-06,96,False
263,4.9928999999337975e-05,9.654699999828154e-05,7.1199999922555435e-06,8.37899997918612e-06,8.816800001909542e-05,4.7489999985828035e-06,96,False
264,3.923300002384167e-05,8.70389999931831e-05,6.6289999836044444e-06,7.105999998202606e-06,7.993299999498049e-05,3.524000021570828e-06,96,False
265,3.8224000007858194e-05,9.492999998883533e-05,5.9150000026875205e-06,6.914000010738164e-06,8.801599997809717e-05,3.4710000136328745e-06,96,False
266,3.464100001338011e-05,8.2640000016454e-05,6.011000010630596e-06,6.361000004062589e-06,7.627900001239141e-05,3.356999997095045e-06,96,False
267,3.525599998965845e-05,8.139499999515465e-05,5.419999979494605e-06,6.552000002102432e-06,7.484299999305222e-05,3.2850000195594475e-06,96,False
268,3.610100000628336e-05,0.00010968000000843858,6.292999984225389e-06,7.068000002163899e-06,0.00010261200000627468,3.2970000063414773e-06,96,False
269,4.1458999987753486e-05,8.751999999390137e-05,5.987000008644827e-06,7.201000016721082e-06,8.031899997718028e-05,4.113000017014201e-06,96,False
270,3.544500000884909e-05,8.367799998154624e-05,6.1890000040421e-06,6.796999997504827e-06,7.688099998404141e-05,3.5469999772885785e-06,96,False
271,3.567600001019855e-05,8.493900000416943e-05,5.439999995360267e-06,6.786000000147396e-06,7.815300000402203e-05,3.1019999937598186e-06,96,False
272,3.507299999228053e-05,9.06999999870095e-05,7.973999998966974e-06,6.662999993523044e-06,8.403699999348646e-05,3.387000020893538e-06,96,False
273,3.790200000253208e-05,0.0001311369999825729,6.046000009973795e-06,5.812000011928831e-06,0.00012532499997064406,5.557999998018204e-06,96,False
274,3.8753000012548e-05,8.2962999982783e-05,5.614999992076264e-06,7.533000001558321e-06,7.542999998122468e-05,3.5589999924923177e-06,96,False
275,3.4475000006750633e-05,8.195000000910113e-05,5.820000012590754e-06,6.5499999948315235e-06,7.540000001426961e-05,3.332999995109276e-06,96,False
276,3.4631999994871876e-05,7.941399999822352e-05,5.4629999794997275e-06,6.864999988920317e-06,7.25490000093032e-05,3.2289999865042773e-06,96,False
277,3.277100000786959e-05,7.923500001538741e-05,5.737999998700616e-06,6.936000005453025e-06,7.229900000993439e-05,3.1600000056641875e-06,96,False
278,3.236799997807793e-05,7.81060000178968e-05,5.530000009912328e-06,6.549000005406924e-06,7.155700001248988e-05,3.2549999957609543e-06,96,False
279,3.272400002174436e-05,7.812900000203626e-05,5.500000014535544e-06,6.298000016613514e-06,7.183099998542275e-05,3.2080000096357253e-06,96,False
280,3.2844000003251494e-05,9.25939999945058e-05,5.937000025824091e-06,8.966999985204893e-06,8.36270000093009e-05,3.8070000130119297e-06,96,False
281,3.561900001614049e-05,8.092400000236921e-05,5.507999986775758e-06,7.125999985646558e-06,7.379800001672265e-05,3.391999996438244e-06,96,False
282,3.286200001184625e-05,8.968100001993662e-05,7.2919999922760326e-06,6.7379999961758585e-06,8.294300002376076e-05,3.300999992461584e-06,96,False
283,3.6319999992429075e-05,7.873799998492359e-05,5.406000013863377e-06,6.522999996150247e-06,7.221499998877334e-05,3.2110000063312327e-06,96,False
284,3.327199999603181e-05,7.800800000268282e-05,5.563000001984619e-06,6.418999987545249e-06,7.158900001513757e-05,2.918999996381899e-06,96,False
285,3.282699998408134e-05,7.871099998624231e-05,5.3739999827939755e-06,6.514999995488324e-06,7.219599999075399e-05,3.0009999818503275e-06,96,False
286,3.2650999997940744e-05,8.074699999838231e-05,5.764999997381892e-06,6.573999996817292e-06,7.417300000156501e-05,3.0919999858269875e-06,96,False
287,5.7680999987042014e-05,9.089300002074197e-05,6.655999982285721e-06,8.414999996375627e-06,8.247800002436634e-05,3.880999997818435e-06,96,False
288,3.502800001342621e-05,8.58809999897403e-05,5.770999990772907e-06,7.3889999896437075e-06,7.84920000000966e-05,3.25999999972737e-06,96,False
289,3.402100000471364e-05,8.6301999999705e-05,5.686000008608971e-06,6.350999996129758e-06,7.995100000357525e-05,3.2190000069931557e-06,96,False
290,3.607499999702668e-05,8.446100000014667e-05,5.9959999987313495e-06,7.32899999889014e-06,7.713200000125653e-05,3.859999992528174e-06,96,False
291,3.484600000547289e-05,0.0001089140000090083,7.46599999956743e-06,6.737000006751259e-06,0.00010217700000225705,3.278000008322124e-06,96,False
292,3.736300001833115e-05,9.782499998323146e-05,4.8299000013685145e-05,8.056000012857112e-06,8.976899997037435e-05,3.6010000030728406e-06,96,False
293,0.000171300999994628,0.0001303299999904084,1.227600000675011e-05,1.2177000002111527e-05,0.00011815299998829687,7.035999999516207e-06,96,False
294,4.554899999220652e-05,0.00010155500001474138,9.222000016961829e-06,8.623999974588514e-06,9.293100004015287e-05,4.039999993210586e-06,96,False
295,0.000129904000004899,0.00027981399998111556,1.6017999996620347e-05,3.160300002491567e-05,0.0002482109999561999,1.1389999997390987e-05,96,False
296,8.147899998789399e-05,0.00010816200000363096,8.425999993733058e-06,1.006499999789412e-05,9.809700000573685e-05,4.531999991286284e-06,96,False
297,4.6590000010837684e-05,9.227200001760139e-05,6.85000000544278e-06,7.720000013478057e-06,8.455200000412333e-05,3.7629999951604987e-06,96,False
298,4.1492999997672086e-05,8.810899998934474e-05,6.962000014709702e-06,7.140000008121206e-06,8.096899998122353e-05,3.4690000063619664e-06,96,False
299,3.8324999991345976e-05,8.605900001157352e-05,5.8010000145714e-06,7.216000000198619e-06,7.88430000113749e-05,3.3549999898241367e-06,96,False
300,3.778500001772045e-05,8.454700000015691e-05,5.769000011923708e-06,7.31700001210811e-06,7.72299999880488e-05,3.2730000043557084e-06,96,False
301,3.598700001816724e-05,8.232100000782339e-05,5.597000011903219e-06,6.94100000941944e-06,7.537999999840395e-05,3.0630000082965125e-06,96,False
302,3.51669999929527e-05,9.965099999931226e-05,6.324999986873081e-06,6.643000006079092e-06,9.300799999323317e-05,3.2410000017080165e-06,96,False
303,4.791500001033455e-05,0.00023362100000667851,1.3413999994327241e-05,7.147800002371696e-05,0.00016214299998296156,1.266399999622081e-05,96,False
304,7.52930000089691e-05,0.00011607200002572426,7.541000002220244e-06,1.0825000003933383e-05,0.00010524700002179088,4.523999990624361e-06,96,False
305,4.7866000016938415e-05,9.979699999007607e-05,7.136999983003989e-06,8.602999997719962e-06,9.119399999235611e-05,3.867000003765497e-06,96,False
306,4.3922000003249195e-05,9.416499997882966e-05,6.493000000773463e-06,7.646000000249842e-06,8.651899997857981e-05,3.781999993179852e-06,96,False
307,5.574899998350702e-05,9.57249999942178e-05,6.705000004103567e-06,8.853999986513372e-06,8.687100000770442e-05,3.6730000090301473e-06,96,False
308,3.960699999083772e-05,9.116900000094574e-05,6.2889999981052824e-06,7.732000000260086e-06,8.343700000068566e-05,3.913999989890726e-06,96,False
309,8.079599999177844e-05,0.000129379000014751,8.667999992439945e-06,1.5635000011116063e-05,0.00011374400000363494,6.867999985615825e-06,96,False
310,4.642200002535901e-05,8.618199998977616e-05,5.929000025162168e-06,7.434999986344337e-06,7.874700000343182e-05,3.3549999898241367e-06,96,False
311,3.697500000043874e-05,8.196800001769589e-05,5.4600000112259295e-06,6.53099999681217e-06,7.543700002088372e-05,3.3339999845338752e-06,96,False
312,3.597299999569259e-05,8.391900001925023e-05,5.843999986154813e-06,6.757999983619811e-06,7.716100003563042e-05,3.5949999812601163e-06,96,False
313,3.410300001860378e-05,7.963399997379383e-05,5.313000002615809e-06,6.3250000152947905e-06,7.330899995849904e-05,3.027000019528714e-06,96,False
314,3.476099999488724e-05,8.175900001106129e-05,5.204999979468994e-06,6.532000014658479e-06,7.522699999640281e-05,3.256000013607263e-06,96,False
315,7.198099999072838e-05,9.050799999954506e-05,5.795000021180385e-06,7.895999999618653e-06,8.261199999992641e-05,4.0619999879254465e-06,96,False
316,3.6045000001649896e-05,8.385000000998843e-05,5.2820000178144255e-06,6.831000007423427e-06,7.701900000256501e-05,3.482000010990305e-06,96,False
317,3.524500002072273e-05,8.180899999388203e-05,5.321999992702331e-06,6.901000006109825e-06,7.49079999877722e-05,3.106999997726234e-06,96,False
318,9.772799998586379e-05,9.28089999945314e-05,5.920000006653936e-06,9.503000001132023e-06,8.330599999339938e-05,4.055000005109832e-06,96,False
319,3.763699999126402e-05,8.360800001128155e-05,5.396999995355145e-06,7.014000004801346e-06,7.65940000064802e-05,3.3599999937905523e-06,96,False
320,3.526300000089577e-05,8.192200002099526e-05,5.221000009214549e-06,6.639000019958985e-06,7.528300000103627e-05,3.278000008322124e-06,96,False
321,3.540500000553948e-05,8.233500000187632e-05,5.1129999860677344e-06,6.820999999490596e-06,7.551400000238573e-05,3.3279999911428604e-06,96,False
322,3.491999999027939e-05,8.228400000120928e-05,5.079000004570844e-06,6.7279999882430275e-06,7.555600001296625e-05,3.5139999852162873e-06,96,False
323,3.490299999953095e-05,8.282899997880122e-05,6.5339999935076776e-06,6.4509999901929405e-06,7.637799998860828e-05,3.242999980557215e-06,96,False
324,3.842099999928905e-05,0.00011979499998915344,6.419999976969848e-06,1.113500002247747e-05,0.00010865999996667597,4.21699999719749e-06,96,False
325,3.7710000015067635e-05,0.00010954199998991498,9.371999993845748e-06,6.774000013365367e-06,0.00010276799997654962,3.234999979895292e-06,96,False
326,5.385400001500784e-05,9.850000000710679e-05,7.0570000048064685e-06,8.438999998361396e-06,9.00610000087454e-05,5.029999982752997e-06,96,False
327,3.915199999937613e-05,8.603500000958775e-05,5.84700001127203e-06,7.4069999982384616e-06,7.862800001134929e-05,3.7179999878844683e-06,96,False
328,3.490200001010635e-05,8.33800000066276e-05,5.924000021195752e-06,6.8710000107330416e-06,7.650899999589456e-05,3.0289999983779126e-06,96,False
329,3.429700001333913e-05,7.855100000142556e-05,5.552999994051788e-06,6.484000010686941e-06,7.206699999073862e-05,3.0349999917689274e-06,96,False
330,3.257399998801702e-05,0.00013755800000581075,7.94499999301479e-06,1.5794999995932812e-05,0.00012176300000987794,6.115000019235595e-06,96,False
331,6.010399999922811e-05,8.831299999201292e-05,6.221999996114391e-06,7.710999994969825e-06,8.06019999970431e-05,3.7540000050739764e-06,96,False
332,3.674600000636019e-05,8.349199998747281e-05,6.025000004683534e-06,7.047999986298237e-06,7.644400000117457e-05,3.2539999779146456e-06,96,False
333,3.519599999890488e-05,7.957700000815748e-05,5.839000010610107e-06,6.192999990162207e-06,7.338400001799528e-05,3.2389999944371084e-06,96,False
334,3.4449999986918556e-05,8.010400000557638e-05,5.714999986139446e-06,6.4509999901929405e-06,7.365300001538344e-05,3.055999997059189e-06,96,False
335,3.358899999739151e-05,8.105399999180918e-05,5.694000009270894e-06,6.5339999935076776e-06,7.45199999983015e-05,3.0280000089533132e-06,96,False
336,4.447699998877397e-05,0.00011015600000519044,6.509999991521909e-06,6.56500000673077e-06,0.00010359099999845967,3.0770000023494504e-06,96,False
337,3.8918000001331166e-05,8.462900001404705e-05,5.821999991439952e-06,7.315000004837202e-06,7.731400000920985e-05,3.5399999944729643e-06,96,False
338,3.451099999551843e-05,8.080899999640678e-05,5.490999996027313e-06,7.0209999876169604e-06,7.378800000878982e-05,3.12299999905008e-06,96,False
339,3.421900001399081e-05,8.02879999923789e-05,5.560000005289112e-06,6.47400000275411e-06,7.381399998962479e-05,3.126999985170187e-06,96,False
340,3.3664000000044325e-05,7.951899999625311e-05,5.437999988089359e-06,6.6750000087267836e-06,7.284399998752633e-05,3.1920000083118794e-06,96,False
341,3.3185000006596965e-05,7.934199999226621e-05,5.2299999993010715e-06,6.5769999935128e-06,7.276499999875341e-05,3.0839999851650646e-06,96,False
342,3.3083999994687474e-05,7.928499999820815e-05,5.1750000125139195e-06,6.2469999875247595e-06,7.303800001068339e-05,3.005999985816743e-06,96,False
343,3.347599999869999e-05,0.00011296799999627183,6.008000013935089e-06,1.0414000001901513e-05,0.00010255399999437032,4.297999993241319e-06,96,False
344,3.620800001158386e-05,8.030899999766916e-05,5.127999997966981e-06,6.6489999994701066e-06,7.365999999819905e-05,3.2799999871713226e-06,96,False
345,5.16240000081325e-05,0.00010439099997938683,7.487000004857691e-06,1.1253999986138297e-05,9.313699999324854e-05,4.91299999794137e-06,96,False
346,4.038500000547174e-05,8.485399999358378e-05,6.159999998089916e-06,7.035999999516207e-06,7.781799999406758e-05,3.421999991815028e-06,96,False
347,3.60440000122253e-05,0.0001156659999992371,7.484999997586783e-06,1.2502000004133151e-05,0.00010316399999510395,5.050999988043259e-06,96,False
348,4.204499998650135e-05,8.460600000148588e-05,5.942000001368797e-06,7.316999983686401e-06,7.728900001779948e-05,3.5589999924923177e-06,96,False
349,3.63270000036664e-05,9.337700001310623e-05,5.842000007305614e-06,9.192000021585045e-06,8.418499999152118e-05,3.8189999997939594e-06,96,False
350,4.1904999989128555e-05,8.271600000853141e-05,5.7530000105998624e-06,6.874999996853148e-06,7.584100001167826e-05,3.2690000182356016e-06,96,False
351,3.419600000142964e-05,7.99700000015946e-05,5.093999988048381e-06,6.58799999087023e-06,7.338200001072437e-05,3.1820000003790483e-06,96,False
352,3.4155000008695424e-05,7.991199998969023e-05,5.335999986755269e-06,6.810000002133165e-06,7.310199998755706e-05,3.018000001020482e-06,96,False
353,3.347200001257988e-05,8.003799999301009e-05,5.135999998628904e-06,6.330999980264096e-06,7.3707000012746e-05,3.1380000109493267e-06,96,False
354,3.3016000003271984e-05,7.860299999151721e-05,5.1229999940005655e-06,6.221999996114391e-06,7.238099999540282e-05,3.1920000083118794e-06,96,False
355,3.4600999981648783e-05,8.35560000211899e-05,1.8581000006179238e-05,6.812000009404073e-06,7.674400001178583e-05,3.0759999845031416e-06,96,False
356,4.64560000068559e-05,0.00010709899999028494,5.966999992779165e-06,8.157999985769493e-06,9.894100000451544e-05,1.5561999987312447e-05,96,False
357,3.929299998617353e-05,8.739200001173231e-05,5.117000000609551e-06,7.30600001475068e-06,8.008599999698163e-05,3.687000003083085e-06,96,False
358,3.366999999343534e-05,7.610900001964183e-05,5.649999991419463e-06,5.963000006659058e-06,7.014600001298277e-05,3.044000010277159e-06,96,False
359,3.229000000715132e-05,7.540799998650982e-05,5.245999972203208e-06,6.010999982208887e-06,6.939700000430093e-05,2.9740000115907606e-06,96,False
360,3.1340999981921414e-05,7.57509999971262e-05,5.314000020462117e-06,5.955000005997135e-06,6.979599999112907e-05,2.8890000010051153e-06,96,False
361,3.292100001317522e-05,7.609000002162247e-05,5.39100000196413e-06,5.866999998715983e-06,7.022300002290649e-05,3.0029999891212356e-06,96,False
362,3.2261000001199136e-05,9.908399999858375e-05,6.064999979571439e-06,6.0320000159208575e-06,9.305199998266289e-05,3.147000001035849e-06,96,False
363,3.7609000003158144e-05,8.276500000192755e-05,6.297999988191805e-06,6.641999988232783e-06,7.612300001369476e-05,3.5809999872071785e-06,96,False
364,8.2290000023022e-05,9.645899999100038e-05,7.025000002158777e-06,8.763000010958422e-06,8.769599998004196e-05,4.085999989911215e-06,96,False
365,3.964100000075632e-05,9.334599999988313e-05,6.248999994795668e-06,8.629999996401239e-06,8.47160000034819e-05,3.605000017614657e-06,96,False
366,3.780600002301071e-05,7.556399998520646e-05,5.428999998002837e-06,6.046999999398395e-06,6.951699998580807e-05,2.8680000241365633e-06,96,False
367,3.219199999193734e-05,7.684900000981543e-05,5.027000014479199e-06,6.2260000106562075e-06,7.062299999915922e-05,3.027000019528714e-06,96,False
368,3.232200000979901e-05,7.516299999110743e-05,5.105400001070848e-05,6.178999996109269e-06,6.898399999499816e-05,2.8639999811730377e-06,96,False
369,5.040599998551443e-05,8.369200000402088e-05,5.605999973568032e-06,7.232000001522465e-06,7.646000000249842e-05,3.7309999925128068e-06,96,False
370,3.322399999206027e-05,7.823000001394576e-05,5.697999995391001e-06,6.855000009409196e-06,7.137500000453656e-05,3.0140000149003754e-06,96,False
371,3.3195999975532686e-05,7.66290000058234e-05,4.985000003898676e-06,6.056999978909516e-06,7.057200002691388e-05,2.9310000115856383e-06,96,False
372,3.236699998865333e-05,7.570200000373006e-05,4.634999982044974e-06,5.974999993441088e-06,6.972700001028898e-05,3.1829999898036476e-06,96,False
373,3.3344000001989116e-05,7.509099998515012e-05,4.647999986673312e-06,5.802000003996e-06,6.928899998115412e-05,3.0019999996966362e-06,96,False
374,3.229099999657592e-05,7.674400001178583e-05,4.838999984713155e-06,6.39399999613488e-06,7.035000001565095e-05,2.979999976560066e-06,96,False
375,3.191599998331185e-05,9.814599999913298e-05,5.3899999841178214e-06,6.003000009968673e-06,9.214299998916431e-05,2.969000007624345e-06,96,False
376,4.009699998164251e-05,8.13390000189429e-05,4.7990000098252494e-06,6.985999988273761e-06,7.435300003066914e-05,3.593999991835517e-06,96,False
377,3.283600000258957e-05,7.813299998815637e-05,5.625999989433694e-06,6.3980000106766965e-06,7.173499997747967e-05,3.1110000122680503e-06,96,False
378,3.257299999859242e-05,7.703400001446425e-05,4.700000005186666e-06,6.294000002071698e-06,7.074000001239256e-05,3.132000017558312e-06,96,False
379,3.216299998598515e-05,7.65200000216737e-05,4.628999988653959e-06,6.076000005350579e-06,7.044400001632312e-05,3.1639999917842943e-06,96,False
380,3.213100001175917e-05,7.597199999054283e-05,4.744999984040987e-06,6.296999998767205e-06,6.967499999177562e-05,2.9619999963870214e-06,96,False
381,3.212300001109725e-05,0.0003719210000099338,1.3222999996287399e-05,6.013000017901504e-06,0.0003659079999920323,2.9640000036579295e-06,96,False
382,0.00011579599998867707,0.00012613799998462127,9.930999993912337e-06,1.5060999999150226e-05,0.00011107699998547105,6.662000004098445e-06,96,False
383,4.595899997639208e-05,8.512900001278467e-05,6.240000004709145e-06,7.327000020040941e-06,7.780199999274373e-05,3.696999982594207e-06,96,False
384,3.609999998843705e-05,7.97570000088399e-05,5.152999989377349e-06,6.4529999974638486e-06,7.330400001137605e-05,3.4060000189128914e-06,96,False
385,5.9048999986544004e-05,8.731700000907949e-05,6.2100000093323615e-06,8.533999988458163e-06,7.878300002062133e-05,3.937000002451896e-06,96,False
386,3.484399999820198e-05,7.808099999806473e-05,6.377000005386435e-06,6.304000010004529e-06,7.17769999880602e-05,3.1219999812037713e-06,96,False
387,4.638999999428961e-05,8.226500000318993e-05,4.7779999761132785e-06,7.422000010137708e-06,7.484299999305222e-05,3.405999990491182e-06,96,False
388,3.397999998355772e-05,0.00014331500000253072,5.53899999999885e-06,6.377000005386435e-06,0.0001369379999971443,3.023999994411497e-06,96,False
389,3.687500000637556e-05,0.0007505709999975352,8.608999991110977e-06,6.578000011359109e-06,0.0007439929999861761,3.246000005674432e-06,96,False
390,0.000214274000001069,0.000120062999997117,1.1453000013261772e-05,1.0373000009167299e-05,0.0001096899999879497,6.731000013360244e-06,96,False
391,4.309400000579444e-05,8.650399999510228e-05,6.151000008003393e-06,7.549999992306766e-06,7.895400000279551e-05,3.547000005710288e-06,96,False
392,3.647399998385481e-05,8.166300000311821e-05,5.536000003303343e-06,6.82700002130332e-06,7.48359999818149e-05,3.2280000255013874e-06,96,False
393,3.550100001348255e-05,8.041399999569876e-05,5.786999992096753e-06,6.866999996191225e-06,7.354699999950753e-05,3.0429999924308504e-06,96,False
394,3.538999999364023e-05,7.945000001541302e-05,5.532999978186126e-06,6.5030000087062945e-06,7.294700000670673e-05,3.1219999812037713e-06,96,False
395,3.4517000017331156e-05,7.924799999159404e-05,5.314000020462117e-06,6.3619999934871885e-06,7.288599999810685e-05,3.1379999825276172e-06,96,False
396,3.339299999538525e-05,7.829800000536125e-05,7.909000004246991e-06,6.564000017306171e-06,7.173399998805507e-05,3.124000016896389e-06,96,False
397,5.06750000113243e-05,0.00011515899998926216,7.643000003554334e-06,9.350999988555486e-06,0.00010580800000070667,4.723000017747836e-06,96,False
398,4.762099999311431e-05,7.519199999705961e-05,4.885999999260093e-06,5.758000014566278e-06,6.943399998249333e-05,3.203999995093909e-06,96,False
399,3.201499998795043e-05,0.0001343030000100498,5.627000007280003e-06,5.931999993435966e-06,0.00012837100001661383,3.132000017558312e-06,96,False
400,6.0140999977420506e-05,8.648900001162474e-05,5.342999997992592e-06,8.589999993091624e-06,7.789900001853312e-05,3.5840000123243954e-06,96,False
401,3.542700000025434e-05,7.835799999611481e-05,5.240999996658502e-06,6.446000014648234e-06,7.191199998146658e-05,3.102000022181528e-06,96,False
402,3.262900000322588e-05,7.601100000442784e-05,4.929999988689815e-06,6.661000014673846e-06,6.9349999989754e-05,2.8810000003431924e-06,96,False
403,3.240500001311375e-05,7.510499997920306e-05,4.850000010492295e-06,5.885999996735336e-06,6.921899998246772e-05,3.1090000049971422e-06,96,False
404,3.2252000011112614e-05,7.531699998253316e-05,4.5609999972384685e-06,5.908999980874796e-06,6.940800000165837e-05,2.797000007603856e-06,96,False
405,3.190300000710522e-05,7.527500000037435e-05,4.511000014417732e-06,6.136000024525856e-06,6.913899997584849e-05,3.203999995093909e-06,96,False
406,3.129600000306709e-05,7.513700001027246e-05,4.858000011154218e-06,6.331999998110405e-06,6.880500001216205e-05,2.924999989772914e-06,96,False
407,3.204000000778251e-05,7.323200000541874e-05,4.618999980721128e-06,6.110000015269179e-06,6.712199999014956e-05,2.9729999937444518e-06,96,False
408,3.118400002222188e-05,7.316200000673234e-05,4.63899999658679e-06,5.616999999347172e-06,6.754500000738517e-05,2.821999999014224e-06,96,False
409,3.149100001564875e-05,7.35670000153732e-05,4.939999996622646e-06,5.832999988797383e-06,6.773400002657581e-05,2.9480000023340835e-06,96,False
410,3.225500000780812e-05,7.396000000881031e-05,5.75600000729537e-06,6.04100000600738e-06,6.791900000280293e-05,3.013999986478666e-06,96,False
411,3.171000000179447e-05,7.405499999890708e-05,5.714999986139446e-06,5.7329999947342e-06,6.832200000417288e-05,2.868999985139453e-06,96,False
412,3.115300000899879e-05,7.512199999837321e-05,5.419999979494605e-06,6.0689999941132555e-06,6.905300000425996e-05,2.9889999950682977e-06,96,False
413,3.118699999049568e-05,7.363299999951778e-05,5.289999990054639e-06,6.321999990177574e-06,6.73110000093402e-05,3.1259999957455875e-06,96,False
414,3.157000000442167e-05,7.493500001487519e-05,2.1024000005809285e-05,6.179999985533868e-06,6.875500002934132e-05,3.0750000235002517e-06,96,False
415,4.853500001900102e-05,8.235199999262477e-05,5.877999996073413e-06,7.54599997776495e-06,7.480600001485982e-05,3.638000009686948e-06,96,False
416,3.310099998543592e-05,7.774700000595658e-05,5.770000001348308e-06,6.064999979571439e-06,7.168200002638514e-05,3.0730000162293436e-06,96,False
417,3.232299999922361e-05,7.821700000931742e-05,5.041000008532137e-06,6.357000017942482e-06,7.185999999137493e-05,3.0879999997068808e-06,96,False
418,3.2328999992614627e-05,7.675099999460144e-05,4.750000016429112e-06,6.7119999869191815e-06,7.003900000768226e-05,2.9880000056436984e-06,96,False
419,5.0614999992149023e-05,0.00010632999999415915,8.303000015530415e-06,1.1806000003389272e-05,9.452399999076988e-05,5.181000005904934e-06,96,False
420,4.0401000006795584e-05,8.22199999959139e-05,6.090999988828116e-06,7.044999989602729e-06,7.517500000631117e-05,3.3010000208832935e-06,96,False
421,3.567300001350304e-05,7.876800000872208e-05,6.294999991496297e-06,6.573000007392693e-06,7.219500000132939e-05,3.3160000043608306e-06,96,False
422,3.336099999273756e-05,7.809499999211766e-05,5.501000003960144e-06,6.156000011969809e-06,7.193899998014786e-05,3.2240000109595712e-06,96,False
423,3.295999999863852e-05,7.744800001319163e-05,5.0809999834200426e-06,6.5499999948315235e-06,7.089800001836011e-05,3.1220000096254807e-06,96,False
424,3.2890999989376724e-05,7.685299999593553e-05,5.493000003298221e-06,6.0669999868423474e-06,7.078600000909319e-05,3.415999998424013e-06,96,False
425,3.222099999788952e-05,7.635800000116433e-05,5.362999985436545e-06,6.26900001066133e-06,7.0088999990503e-05,2.991000002339206e-06,96,False
426,3.30900000165002e-05,7.679699999130207e-05,5.490000006602713e-06,6.3330000159567135e-06,7.046399997534536e-05,3.1980000017028942e-06,96,False
427,3.248299998404036e-05,0.0001297990000068694,7.938000010199175e-06,1.5426999993906065e-05,0.00011437200001296333,6.130000002713132e-06,96,False
428,4.159400000958158e-05,9.478300000864692e-05,6.893999994872502e-06,9.102000007032984e-06,8.568100000161394e-05,3.993999996509956e-06,96,False
429,3.841000000193162e-05,0.00011183899999878122,5.7210000079521706e-06,9.871999992583369e-06,0.00010196700000619785,3.972000001795095e-06,96,False
430,3.74539999938861e-05,8.495100001937317e-05,5.309000016495702e-06,7.082000024638546e-06,7.786899999473462e-05,3.4839999898395035e-06,96,False
431,3.487800000812058e-05,8.061200000497593e-05,5.125999990696073e-06,6.920000004129179e-06,7.369200000084675e-05,3.290999984528753e-06,96,False
432,3.4221000021261716e-05,8.033099999238402e-05,4.9899999794433825e-06,6.648000010045507e-06,7.368299998233852e-05,3.0560000254808983e-06,96,False
433,3.4016000000747226e-05,8.020600000691047e-05,6.0249999762618245e-06,6.466000002092187e-06,7.374000000481828e-05,3.063999997721112e-06,96,False
434,3.452799998626688e-05,8.048300000496056e-05,5.5519999762054795e-06,6.708999990223674e-06,7.377400001473688e-05,3.2739999937803077e-06,96,False
435,3.315699999006938e-05,7.847000000538173e-05,5.098999992014797e-06,6.595999991532153e-06,7.187400001384958e-05,3.0550000076345896e-06,96,False
436,3.326099999867438e-05,7.808499998418483e-05,4.745000012462697e-06,6.528999989541262e-06,7.155599999464357e-05,2.955000013571407e-06,96,False
437,3.3059000003277106e-05,7.810099998550868e-05,4.960000012488308e-06,5.912000005992013e-06,7.218899997951667e-05,3.0530000003636815e-06,96,False
438,3.3021999996663e-05,8.007099998508238e-05,5.020999992666475e-06,6.364999990182696e-06,7.370599999489968e-05,3.0390000063107436e-06,96,False
439,3.325800000197887e-05,7.785699997953088e-05,5.12899998739158e-06,6.608999996160492e-06,7.124799998337039e-05,3.0540000182099902e-06,96,False
440,3.2398999991301025e-05,7.793599999672551e-05,5.329999993364254e-06,6.323000008023882e-06,7.161299998870163e-05,2.9240000003483146e-06,96,False
441,3.231400000913709e-05,9.292499998991843e-05,5.902999987483781e-06,5.9410000119441975e-06,8.698399997797424e-05,2.9900000129146065e-06,96,False
442,4.691699999170851e-05,8.73550000051182e-05,4.8640000045452325e-06,7.4229999995623075e-06,7.993200000555589e-05,3.7640000130068074e-06,96,False
443,3.3811999998079045e-05,9.116300000755473e-05,5.6300000039755105e-06,7.382000006828093e-06,8.378100000072664e-05,3.5239999931491184e-06,96,False
444,3.9248999996743805e-05,9.123699999236123e-05,5.662999996047802e-06,7.581000005529859e-06,8.365599998683138e-05,3.711000005068854e-06,96,False
445,3.8838999984136535e-05,8.277299997416776e-05,4.3693999998595245e-05,6.820999999490596e-06,7.595199997467716e-05,3.013999986478666e-06,96,False
446,4.024500000809894e-05,8.407900000406698e-05,6.651999996165614e-06,6.718000008731906e-06,7.736099999533508e-05,3.5340000010819494e-06,96,False
447,3.582099998311605e-05,8.129200000439596e-05,5.92699998946955e-06,6.444000007377326e-06,7.484799999701863e-05,3.1929999977364787e-06,96,False
448,3.463600000941369e-05,8.10230000070078e-05,6.331999998110405e-06,6.30300002057993e-06,7.471999998642787e-05,3.28299998386683e-06,96,False
449,3.615500000364591e-05,8.077100000036808e-05,5.942000001368797e-06,6.777000010060874e-06,7.39939999903072e-05,3.270000007660201e-06,96,False
450,3.446600001666411e-05,7.949400000484275e-05,5.830000020523585e-06,6.552999991527031e-06,7.294100001331572e-05,3.0610000010256044e-06,96,False
451,3.420499999151616e-05,8.240500000056272e-05,5.740999995396123e-06,6.76999999882355e-06,7.563500000173917e-05,3.1929999977364787e-06,96,False
452,3.599599997983205e-05,8.268400000588372e-05,6.342999995467835e-06,6.573000007392693e-06,7.611099999849102e-05,3.1090000049971422e-06,96,False
453,3.5466999975142244e-05,9.419299999535724e-05,6.036999991465564e-06,7.518000018080784e-06,8.667499997727646e-05,3.2979999957660766e-06,96,False
454,3.625399997986278e-05,0.00010914399999251145,6.945000023961256e-06,6.597000009378462e-06,0.00010254699998313299,3.3260000122936617e-06,96,False
455,4.287199999453151e-05,8.895300001654505e-05,6.100000007336348e-06,7.4049999909675535e-06,8.15480000255775e-05,3.781999993179852e-06,96,False
456,3.613199999108474e-05,8.339400000068053e-05,6.025999994108133e-06,7.3859999929482e-06,7.600800000773233e-05,3.0939999930978956e-06,96,False
457,3.5453999998935615e-05,8.272000002307323e-05,5.874999999377906e-06,7.07800001009673e-06,7.56420000129765e-05,3.391999996438244e-06,96,False
458,3.4620999997514446e-05,8.241800000519106e-05,5.5959999940569105e-06,6.8530000021382875e-06,7.556500000305277e-05,3.2089999990603246e-06,96,False
459,3.402100000471364e-05,8.103500002221153e-05,5.692000001999986e-06,6.846999980325563e-06,7.418800004188597e-05,3.1370000215247273e-06,96,False
460,3.559399999630841e-05,8.434100001863953e-05,5.643000008603849e-06,7.109999984322712e-06,7.723100003431682e-05,3.3019999818861834e-06,96,False
461,7.545400001163216e-05,9.102800001414835e-05,6.525000003421155e-06,8.14899999568297e-06,8.287900001846538e-05,4.063000005771755e-06,96,False
462,3.693100001100902e-05,8.378699999411765e-05,6.283999994138867e-06,6.777999999485473e-06,7.700899999463218e-05,3.520999996453611e-06,96,False
463,3.691699998853437e-05,8.386299998619506e-05,5.931000004011366e-06,6.51999999945474e-06,7.734299998674032e-05,3.38500001362263e-06,96,False
464,3.526599999759128e-05,8.413899999482055e-05,5.342999997992592e-06,6.821999988915195e-06,7.731700000590536e-05,3.1639999917842943e-06,96,False
465,3.55530000035742e-05,8.47180000107528e-05,5.43699999866476e-06,6.748999993533289e-06,7.796900001721951e-05,3.4429999971052894e-06,96,False
466,3.545600000620652e-05,8.421999999086438e-05,5.1049999854058115e-06,6.820999999490596e-06,7.739899999137378e-05,3.4370000037142745e-06,96,False
467,3.520900000353322e-05,0.00011679899998284782,6.794999990233919e-06,6.5600000027643546e-06,0.00011023899998008346,3.280999976595922e-06,96,False
468,4.159200000231067e-05,8.799400001180402e-05,5.681999994067155e-06,7.284000020035819e-06,8.07099999917682e-05,3.57900000835798e-06,96,False
469,3.588399999898684e-05,8.530100001280516e-05,5.297000001291963e-06,6.874999996853148e-06,7.842600001595201e-05,3.5589999924923177e-06,96,False
470,3.562800000622701e-05,8.477899999093097e-05,5.794000003334077e-06,6.552999991527031e-06,7.822599999940394e-05,3.375999995114398e-06,96,False
471,3.584600000294813e-05,8.233700000914723e-05,5.291000007900948e-06,6.431999992173587e-06,7.590500001697364e-05,3.246000005674432e-06,96,False
472,3.4964000008130824e-05,0.00010130699999422177,6.160999987514515e-06,6.748999993533289e-06,9.455800000068848e-05,3.40799999776209e-06,96,False
473,4.587699999092365e-05,9.201400001757065e-05,5.535000013878744e-06,7.712000012816134e-06,8.430200000475452e-05,3.886000001784851e-06,96,False
474,3.792900000121335e-05,8.832899999333677e-05,5.522000009250405e-06,7.4129999916294764e-06,8.091600000170729e-05,3.61300001827658e-06,96,False
475,3.7231999982623165e-05,8.979700001532365e-05,5.654000005961279e-06,7.272999994256679e-06,8.252400002106697e-05,3.589999977293701e-06,96,False
476,3.662100002088664e-05,8.753500000580061e-05,5.530000009912328e-06,7.128000021339176e-06,8.040699998446144e-05,3.431999999747859e-06,96,False
477,3.788899999790374e-05,9.0346999996882e-05,5.85800000862946e-06,7.127000003492867e-06,8.321999999338914e-05,3.7929999905372824e-06,96,False
478,3.777399999194131e-05,9.97710000092411e-05,6.260999981577697e-06,7.2349999982179725e-06,9.253600001102313e-05,3.4109999944575975e-06,96,False
479,3.874199998676886e-05,8.704800001169133e-05,5.527000013216821e-06,6.968999997525316e-06,8.007900001416601e-05,3.4429999971052894e-06,96,False
480,5.278800000496631e-05,9.925599999860424e-05,6.022999997412626e-06,9.798000007776864e-06,8.945799999082737e-05,4.111999999167892e-06,96,False
481,3.930400001195267e-05,9.101400002009541e-05,5.487999999331805e-06,7.63599999231701e-06,8.33780000277784e-05,3.617999993821286e-06,96,False
482,3.7175999977989704e-05,8.921100001657578e-05,5.138000005899812e-06,7.267000000865664e-06,8.194400001571012e-05,3.3729999984188908e-06,96,False
483,3.73830000057751e-05,8.72820000097363e-05,5.24300000392941e-06,7.014000004801346e-06,8.026800000493495e-05,3.403999983220274e-06,96,False
484,3.571999999962827e-05,8.628300000168565e-05,5.2460000006249174e-06,6.8690000034621335e-06,7.941399999822352e-05,3.620000001092194e-06,96,False
485,3.555099999630329e-05,8.622099997523947e-05,5.403000017167869e-06,7.224000000860542e-06,7.899699997437892e-05,3.3150000149362313e-06,96,False
486,3.569700001548881e-05,8.670400001165035e-05,5.5069999973511585e-06,7.46599999956743e-06,7.923800001208292e-05,3.4249999885105353e-06,96,False
487,3.571899998178196e-05,8.625200001688427e-05,5.485000002636298e-06,7.298000014088757e-06,7.895400000279551e-05,3.4470000116471056e-06,96,False
488,3.582700000492878e-05,8.736899999917114e-05,5.383000001302207e-06,7.296000006817849e-06,8.007299999235329e-05,3.458000009004536e-06,96,False
489,3.658499997527542e-05,8.614300000431285e-05,5.356000002620931e-06,6.89600000214341e-06,7.924700000216944e-05,3.2549999957609543e-06,96,False
490,3.617799998778537e-05,8.609599998976591e-05,5.487999999331805e-06,6.902999984959024e-06,7.919300000480689e-05,3.276000001051216e-06,96,False
491,3.590299999700619e-05,8.482600000547791e-05,5.259000005253256e-06,6.923000000824686e-06,7.790300000465322e-05,2.9840000195235916e-06,96,False
492,3.581400000030044e-05,9.283500000378808e-05,5.2769999854263006e-06,7.907999986400682e-06,8.49270000173874e-05,3.871999979310203e-06,96,False
493,6.706700000336241e-05,9.538699998756783e-05,5.813999990778029e-06,8.210000004282847e-06,8.717699998328499e-05,4.28600000645929e-06,96,False
494,4.212499999312058e-05,9.062899999889851e-05,5.3450000052635005e-06,8.51499999043881e-06,8.21140000084597e-05,3.4370000037142745e-06,96,False
495,4.066099998567552e-05,8.859000001848472e-05,5.997999977580548e-06,7.170000003497989e-06,8.142000001498673e-05,3.2910000129504624e-06,96,False
496,3.6469000008310104e-05,8.624500000564694e-05,5.291999997325547e-06,6.619999993517922e-06,7.962500001212902e-05,3.3549999898241367e-06,96,False
497,3.596199999833516e-05,8.728700001370271e-05,5.428999998002837e-06,6.682000019964107e-06,8.06049999937386e-05,3.6350000129914406e-06,96,False
498,3.7026000001105785e-05,8.710399998790308e-05,5.7759999947393226e-06,7.159000006140559e-06,7.994499998176252e-05,3.517000010333504e-06,96,False
499,3.644099999178252e-05,8.624200000895144e-05,5.181000005904934e-06,7.1219999995264516e-06,7.912000000942498e-05,3.2149999924513395e-06,96,False
500,3.632499999639549e-05,8.626199999639539e-05,5.477000001974375e-06,6.721000005427413e-06,7.954099999096798e-05,3.332999995109276e-06,96,False
501,3.6228999988452415e-05,8.539499998505562e-05,5.35700002046724e-06,6.87300001800395e-06,7.852199996705167e-05,3.302000010307893e-06,96,False
502,3.5805999999638516e-05,8.607399999505105e-05,5.466999994041544e-06,6.7199999875811045e-06,7.935400000746995e-05,3.062999979874803e-06,96,False
503,3.7403999982643654e-05,8.859600001187573e-05,4.02329999928952e-05,6.870999982311332e-06,8.17250000295644e-05,3.5600000103386265e-06,96,False
504,6.021600000849503e-05,0.00010027499999409883,5.906000012600998e-06,8.895000007669296e-06,9.137999998642954e-05,4.442000005155933e-06,96,False
505,7.094699998333454e-05,0.00013467599998762125,9.706999975378494e-06,1.4411000023528686e-05,0.00012026499996409257,6.431999992173587e-06,96,False
506,4.929300001776937e-05,0.00010536600001387342,6.088999981557208e-06,8.242999996355138e-06,9.712300001751828e-05,4.166999985955044e-06,96,False
507,4.1550000020151856e-05,0.00023522300000422547,8.20700000758734e-06,1.9575000010263466e-05,0.000215647999993962,8.019999995667604e-06,96,False
508,5.3268000016259975e-05,9.8995000001878e-05,6.4349999888690945e-06,8.824999980561188e-06,9.017000002131681e-05,4.6339999926203745e-06,96,False
509,4.132800000888892e-05,9.272299999452116e-05,6.3119999822447426e-06,8.08199999369208e-06,8.464100000082908e-05,3.674999987879346e-06,96,False
510,4.034899998828223e-05,0.00012036399999715286,8.18300000560157e-06,7.947999989710297e-06,0.00011241600000744256,3.7570000017694838e-06,96,False
511,5.2310000000943546e-05,0.00010373599999979888,6.28000000801876e-06,8.598999983178146e-06,9.513700001662073e-05,5.054000013160476e-06,96,False
512,7.090699998002492e-05,0.00011833199999955468,7.658000015453581e-06,1.2816999998221945e-05,0.00010551500000133274,5.1879999887205486e-06,96,False
513,5.715899999358953e-05,0.00011206899998228437,7.034999981669898e-06,1.1897999996790531e-05,0.00010017099998549384,5.149999992681842e-06,96,False
514,4.313299999125775e-05,0.00015078699999548917,7.448999980397275e-06,8.135000001630033e-06,0.00014265199999385914,2.7267999996638537e-05,96,False
515,4.776800000172443e-05,9.876499998995314e-05,6.299999995462713e-06,8.683000004339192e-06,9.008199998561395e-05,4.326000009768904e-06,96,False
516,4.013100001998282e-05,9.148600000230545e-05,5.566000027101836e-06,7.779000014807025e-06,8.370699998749842e-05,3.6970000110159162e-06,96,False
517,3.937000002451896e-05,8.908500001325592e-05,5.440999984784867e-06,7.359999983691523e-06,8.17250000295644e-05,3.6739999984547467e-06,96,False
518,3.677399999446607e-05,8.686099999977159e-05,5.439000005935668e-06,6.773000023940767e-06,8.008799997583083e-05,3.421999991815028e-06,96,False
519,3.704599998854974e-05,8.796800000254734e-05,5.619999996042679e-06,7.191000008788251e-06,8.077699999375909e-05,3.641999995807055e-06,96,False
520,3.7062999979298183e-05,8.87989999966976e-05,5.326000007244147e-06,7.097999997540683e-06,8.170099999915692e-05,3.418000005694921e-06,96,False
521,3.729799999518946e-05,9.075899998833847e-05,5.544000003965266e-06,7.1279999929174664e-06,8.363099999542101e-05,3.6630000010973163e-06,96,False
522,3.7800000001197986e-05,8.875599999669248e-05,6.266000013965822e-06,6.9580000001678854e-06,8.17979999965246e-05,3.5489999845594866e-06,96,False
523,3.7754999993921956e-05,8.882400001652968e-05,5.7999999967250915e-06,7.420999992291399e-06,8.140300002423828e-05,3.4610000057000434e-06,96,False
524,3.656600000567778e-05,0.00010735600000089107,3.947000001858214e-05,7.580000016105259e-06,9.977599998478581e-05,3.518999989182703e-06,96,False
525,4.342400001178248e-05,9.270200001765261e-05,6.338999980926019e-06,7.828000008203162e-06,8.487400000944945e-05,3.915999997161634e-06,96,False
526,3.84710000105315e-05,0.00013231999997742605,6.3359999842305115e-06,1.1174000007940776e-05,0.00012114599996948527,4.498999999213993e-06,96,False
527,4.1040000013481404e-05,9.060400000748814e-05,5.6300000039755105e-06,7.336999999552063e-06,8.326700000793608e-05,3.713000012339762e-06,96,False
528,3.6958999999114894e-05,8.92179999993914e-05,5.396999995355145e-06,7.486000015433092e-06,8.17319999839583e-05,3.5520000096767035e-06,96,False
529,3.744299999652867e-05,8.803099998999642e-05,5.5879999933949875e-06,7.2899999850051245e-06,8.074100000499129e-05,3.5760000116624724e-06,96,False
530,3.771400000118774e-05,8.835299999532253e-05,5.271999981459885e-06,7.10099999423619e-06,8.125200000108634e-05,3.405999990491182e-06,96,False
531,3.6560000012286764e-05,8.824500000059743e-05,5.324999989397838e-06,7.145000012087621e-06,8.109999998850981e-05,3.3860000030472293e-06,96,False
532,3.64699999977347e-05,8.902499999408064e-05,5.272999999306194e-06,7.533000001558321e-06,8.149199999252232e-05,3.552999999101303e-06,96,False
533,3.6776999991161574e-05,8.650600000237318e-05,5.686999998033571e-06,6.910999985620947e-06,7.959500001675224e-05,3.7039999938315304e-06,96,False
534,3.771400000118774e-05,8.89739999934136e-05,5.75600000729537e-06,7.211000024653913e-06,8.176299996875969e-05,3.7080000083733466e-06,96,False
535,3.6674000000402884e-05,8.814099999199243e-05,5.5229999986750045e-06,7.253999996237326e-06,8.08869999957551e-05,3.8070000130119297e-06,96,False
536,4.039800001010008e-05,9.288300000775962e-05,5.751000003328954e-06,8.295000014868492e-06,8.458799999289113e-05,3.95500001104665e-06,96,False
537,3.8052999997262305e-05,8.669199999644661e-05,5.743000002667031e-06,6.9989999929021e-06,7.969300000354451e-05,3.603999999768348e-06,96,False
538,3.666699998916556e-05,0.00010693500001934808,6.392000017285682e-06,7.474000000229353e-06,9.946100001911873e-05,3.51099998852078e-06,96,False
539,5.32429999964279e-05,9.541200000739991e-05,5.582000000003973e-06,8.430000008274874e-06,8.698199999912504e-05,4.318999998531581e-06,96,False
540,3.922999999872445e-05,9.061599999427017e-05,5.756999996719969e-06,7.99000000029082e-06,8.262599999397935e-05,3.5219999858782103e-06,96,False
541,3.75580000024911e-05,8.729199998924742e-05,6.931000001486609e-06,7.022000005463269e-06,8.026999998378415e-05,3.486999986535011e-06,96,False
542,3.703300001234311e-05,8.595299999569761e-05,6.342000006043236e-06,6.823000006761504e-06,7.91299999889361e-05,3.286999998408646e-06,96,False
543,3.777500000978762e-05,8.688500000175736e-05,7.920000001604421e-06,6.963000004134301e-06,7.992199999762306e-05,3.492000018923136e-06,96,False
544,4.5040999992806974e-05,8.859300001518022e-05,7.293000010122341e-06,7.256999992932833e-06,8.133600002224739e-05,3.648000017619779e-06,96,False
545,3.707700000177283e-05,8.63349999917773e-05,6.419000015966958e-06,6.810000002133165e-06,7.952499998964413e-05,3.3809999990808137e-06,96,False
546,3.715500000112115e-05,8.902600001192695e-05,6.138000003375055e-06,7.400000015422847e-06,8.16259999965041e-05,3.4009999865247664e-06,96,False
547,3.7219999995841135e-05,8.979599999747734e-05,5.586000014545789e-06,7.1849999869755266e-06,8.261100001050181e-05,3.87500000442742e-06,96,False
548,3.792199998997603e-05,8.688500000175736e-05,5.4079999927125755e-06,7.084000003487745e-06,7.980099999826962e-05,3.5169999819117947e-06,96,False
549,7.55389999937961e-05,0.00010372500000244145,6.598999988227661e-06,8.624000003010224e-06,9.510099999943122e-05,4.12600002164254e-06,96,False
550,4.05460000081348e-05,0.00011991200000238678,7.512999985692659e-06,7.90999999367159e-06,0.00011200200000871519,3.888000009055759e-06,96,False
551,5.314099999509381e-05,0.00010484000000587912,6.818000002795088e-06,9.516000005760361e-06,9.532400000011876e-05,3.97799999518611e-06,96,False
552,4.1801999998369865e-05,9.86420000117505e-05,6.714999983614689e-06,8.318999988432552e-06,9.032300002331795e-05,3.8290000077267905e-06,96,False
553,3.7722000001849665e-05,8.940000000734472e-05,6.222999985538991e-06,7.267999990290264e-06,8.213200001705445e-05,3.51099998852078e-06,96,False
554,3.859700001385136e-05,8.829300000456897e-05,6.2129999776061595e-06,7.240000002184388e-06,8.105300000238458e-05,3.539000005048365e-06,96,False
555,3.669299999842224e-05,8.673300001760254e-05,6.01899998287081e-06,7.388000000219108e-06,7.934500001738343e-05,3.4130000017285056e-06,96,False
556,3.661300002022472e-05,8.638799999971525e-05,5.5510000152025896e-06,7.194000005483758e-06,7.919399999423149e-05,3.37399998784349e-06,96,False
557,3.642999999442509e-05,8.581699998444492e-05,5.388999994693222e-06,7.072000016705715e-06,7.87449999677392e-05,3.3289999805674597e-06,96,False
558,3.586799999766299e-05,8.782899999459914e-05,5.458999993379621e-06,7.199000009450174e-06,8.062999998514897e-05,3.5139999852162873e-06,96,False
559,3.6946000022908265e-05,8.675299997662478e-05,5.228999981454763e-06,7.147999980361419e-06,7.960499999626336e-05,3.1690000241724192e-06,96,False
560,3.784300000120311e-05,8.734499999718537e-05,5.552000004627189e-06,7.428000003528723e-06,7.991699999365665e-05,3.264000014269186e-06,96,False
561,3.65040000076533e-05,8.683300001166572e-05,6.1920000007376075e-06,7.127000003492867e-06,7.970600000817285e-05,3.3099999825481063e-06,96,False
562,3.698500000837157e-05,8.649700001228666e-05,6.440999982260109e-06,7.447999990972676e-06,7.904900002131399e-05,3.660999993826408e-06,96,False
563,3.654100001426741e-05,0.00012675500002501394,6.786000000147396e-06,1.1141000015868485e-05,0.00011561400000914546,4.176000004463276e-06,96,False
564,4.094100000884282e-05,8.913699997492586e-05,5.911999977570304e-06,7.528999987016505e-06,8.160799998790935e-05,3.4210000023904286e-06,96,False
565,3.7608000013733545e-05,8.761699999126904e-05,6.091000017249826e-06,7.329999988314739e-06,8.02870000029543e-05,3.5989999958019325e-06,96,False
566,3.7663999989945296e-05,8.790200001840276e-05,6.329999990839497e-06,7.186999994246435e-06,8.071500002415632e-05,3.5900000057154102e-06,96,False
567,3.69950000163044e-05,0.0003331089999960568,1.4200000009623182e-05,7.743999987042116e-06,0.0003253650000090147,3.421999991815028e-06,96,False
568,8.74289999899247e-05,0.00015804899999238842,6.915000000162763e-05,1.5533000009781972e-05,0.00014251599998260644,7.895999999618653e-06,96,False
569,0.00010043000000337088,0.00013844599999401908,1.1241999999356267e-05,1.054300000191688e-05,0.0001279029999921022,6.3090000139709446e-06,96,False
570,4.5427000003428475e-05,9.78359999805889e-05,7.572999976446226e-06,8.223999998335785e-06,8.961199998225311e-05,3.886000001784851e-06,96,False
571,4.058099997905629e-05,9.146600001486149e-05,6.733999981634042e-06,8.074000021451866e-06,8.339199999340963e-05,3.4839999898395035e-06,96,False
572,3.9454000017258295e-05,8.965800000737545e-05,6.678000005422291e-06,7.091999975727958e-06,8.256600003164749e-05,3.44200000768069e-06,96,False
573,3.824299997745584e-05,8.91820000106236e-05,6.643999995503691e-06,7.382999996252693e-06,8.17990000143709e-05,3.4800000037193968e-06,96,False
574,3.8098000004538335e-05,8.825799997680406e-05,6.13200000998404e-06,7.167999996227081e-06,8.108999998057698e-05,3.5560000242185197e-06,96,False
575,3.727299997535738e-05,8.903799999870898e-05,6.370000022570821e-06,7.393999993610123e-06,8.164400000509886e-05,3.6350000129914406e-06,96,False
576,3.7517000009756885e-05,8.793399999262874e-05,6.100000007336348e-06,7.025999991583376e-06,8.090800000104537e-05,3.507000002400673e-06,96,False
577,3.674699999578479e-05,8.682499998258209e-05,6.544000001440509e-06,7.011999997530438e-06,7.981299998505165e-05,3.313000007665323e-06,96,False
578,3.726399998527086e-05,0.00010656700001732133,7.616999994297657e-06,6.971999994220823e-06,9.959500002310051e-05,3.329000008989169e-06,96,False
579,5.3304000005027774e-05,9.655200000224795e-05,6.299999995462713e-06,8.577999977887885e-06,8.797400002436007e-05,4.197999999178137e-06,96,False
580,3.790799999592309e-05,8.978700000739082e-05,6.42899999547808e-06,7.576000001563443e-06,8.221100000582737e-05,3.4880000043813197e-06,96,False
581,3.723899999386049e-05,8.952300001396907e-05,6.163999984210022e-06,7.325999973772923e-06,8.219700004019614e-05,3.478000024870198e-06,96,False
582,3.79119999820432e-05,8.863700000460994e-05,6.220000017265193e-06,7.382999996252693e-06,8.125400000835725e-05,3.5409999838975637e-06,96,False
583,3.7595000009105206e-05,9.972500001254048e-05,7.331999995585647e-06,7.462000013447323e-06,9.226299999909315e-05,3.363000018907769e-06,96,False
584,5.3836999995837687e-05,9.620699998436066e-05,6.443000017952727e-06,8.737000001701745e-06,8.746999998265892e-05,4.147999987935691e-06,96,False
585,3.849300000524636e-05,8.910200000400437e-05,6.05299999278941e-06,7.291000002851433e-06,8.181100000115293e-05,3.454999983887319e-06,96,False
586,3.819199997678879e-05,8.818400002041926e-05,5.982000004678412e-06,7.065999994892991e-06,8.111800002552627e-05,3.5260000004200265e-06,96,False
587,3.648699998848315e-05,8.834600001250692e-05,5.705000006628325e-06,7.028999988278883e-06,8.131700002422804e-05,3.4150000089994137e-06,96,False
588,3.7891000005174647e-05,8.819799998605049e-05,5.474999994703467e-06,7.154999991598743e-06,8.104299999445175e-05,3.395000021555461e-06,96,False
589,3.704700000639605e-05,8.891800001720185e-05,5.633999990095617e-06,7.347999996909493e-06,8.157000002029235e-05,3.714999991188961e-06,96,False
590,3.618900001356451e-05,8.797899999990477e-05,5.136999988053503e-06,7.291000002851433e-06,8.068799999705334e-05,3.379000020231615e-06,96,False
591,6.0869999998658386e-05,9.936800000787116e-05,7.293999999546941e-06,1.0015000015073383e-05,8.935299999279778e-05,4.3180000091069815e-06,96,False
592,3.984700001069541e-05,9.109100000159742e-05,6.465999973670478e-06,7.765000020754087e-06,8.332599998084333e-05,3.5299999865401332e-06,96,False
593,3.714300001433912e-05,9.982800000329917e-05,6.365000018604405e-06,7.044999989602729e-06,9.278300001369644e-05,3.4150000089994137e-06,96,False
594,3.853399999798057e-05,8.894000001191671e-05,6.483999982265232e-06,7.560999989664197e-06,8.137900002225251e-05,3.751000008378469e-06,96,False
595,3.79800000018804e-05,0.00014760400000568552,9.224999985235627e-06,1.6885999997384715e-05,0.0001307180000083008,6.197000004704023e-06,96,False
596,4.840799999783485e-05,9.714300000496223e-05,6.995999996206592e-06,8.895000007669296e-06,8.824799999729294e-05,4.0639999951963546e-06,96,False
597,4.0081000008740375e-05,9.244099999250466e-05,6.609000024582201e-06,7.997000011528144e-06,8.444399998097651e-05,3.652000003739886e-06,96,False
598,3.887899998744615e-05,8.971699998028271e-05,5.866999998715983e-06,7.560000000239597e-06,8.215699998004311e-05,3.6270000123295176e-06,96,False
599,3.876599998875463e-05,8.951199998818993e-05,4.6531999998933316e-05,7.500999998910629e-06,8.20109999892793e-05,3.4009999865247664e-06,96,False
600,7.643600000051265e-05,0.0001069079999922451,7.920000001604421e-06,9.457000004431393e-06,9.74509999878137e-05,5.6140000026516645e-06,96,False
601,4.175899999836474e-05,9.53720000040903e-05,7.244000016726204e-06,8.038999993686957e-06,8.733300001040334e-05,3.981999981306217e-06,96,False
602,7.20939999894199e-05,0.0001023039999950015,7.199999998874773e-06,9.926000018367631e-06,9.237799997663387e-05,4.394000001184395e-06,96,False
603,4.0651000006164395e-05,9.272200000509656e-05,6.441000010681819e-06,7.770999985723392e-06,8.495100001937317e-05,3.6550000004353933e-06,96,False
604,3.940599998486505e-05,8.973600000672377e-05,6.1210000126266095e-06,7.423999988986907e-06,8.231200001773686e-05,3.563000007034134e-06,96,False
605,3.814600000850987e-05,8.997300000146424e-05,6.429999984902679e-06,7.702000004883303e-06,8.227099999658094e-05,3.47600001759929e-06,96,False
606,3.727199998593278e-05,9.001900002658658e-05,6.041999995431979e-06,7.13500000415479e-06,8.288400002243179e-05,3.2920000023750617e-06,96,False
607,3.746400000181893e-05,8.923600000798615e-05,5.652999988114971e-06,7.167999996227081e-06,8.206800001175907e-05,3.6899999997785926e-06,96,False
608,3.6742999981242974e-05,8.756900001571921e-05,5.593999986786002e-06,7.2009999882993725e-06,8.036800002741984e-05,3.5949999812601163e-06,96,False
609,3.651600002285704e-05,8.70049999832645e-05,5.5229999986750045e-06,7.162000002836066e-06,7.984299998042843e-05,3.3100000109698158e-06,96,False
610,3.6617999995769424e-05,8.702200000243465e-05,6.3640000007580966e-06,6.949000010081363e-06,8.007299999235329e-05,3.4330000175941677e-06,96,False
611,3.6969000007047725e-05,8.798300001444659e-05,6.0669999868423474e-06,7.37400000616617e-06,8.060900000828042e-05,3.3289999805674597e-06,96,False
612,3.702199998656397e-05,8.684400000902315e-05,5.839000010610107e-06,7.027999998854284e-06,7.981600001016886e-05,3.3880000103181374e-06,96,False
613,3.716599999847858e-05,8.7145000009059e-05,5.939000004673289e-06,7.153000012749544e-06,7.999199999630946e-05,3.553999988525902e-06,96,False
614,3.655300000104944e-05,0.00012891200000808567,7.035000010091608e-06,6.925000008095594e-06,0.00012198699999999008,3.5089999812498718e-06,96,False
615,4.186200001754514e-05,9.344700001179262e-05,5.813999990778029e-06,8.033000000295942e-06,8.541400001149668e-05,3.7309999925128068e-06,96,False
616,3.8610000018479695e-05,9.022599999752856e-05,6.23500000074273e-06,7.46599999956743e-06,8.275999999796113e-05,3.5429999911684718e-06,96,False
617,8.882000000198786e-05,9.76599999944483e-05,6.582999986903815e-06,8.506999989776887e-06,8.915300000467141e-05,3.953000003775742e-06,96,False
618,3.8520000003927635e-05,9.009100000412218e-05,6.575000014663601e-06,7.769000006874194e-06,8.232199999724799e-05,3.559000020914027e-06,96,False
619,3.784399999062771e-05,9.052500001871522e-05,6.395000013981189e-06,7.64899999694535e-06,8.287600002176987e-05,3.526999989844626e-06,96,False
620,3.849899999863737e-05,8.752600001571409e-05,6.1209999842049e-06,7.277999998223095e-06,8.0248000017491e-05,3.482000010990305e-06,96,False
621,3.6079000011568496e-05,8.77779999939321e-05,6.3170000146328675e-06,7.3180000015327096e-06,8.045999999239939e-05,3.230000004350586e-06,96,False
622,3.731800001105512e-05,8.821399998737434e-05,5.910999988145704e-06,7.358999994266924e-06,8.085499999310741e-05,3.4699999957865657e-06,96,False
623,3.704200000242963e-05,8.72479999998177e-05,6.1319999815623305e-06,6.901000006109825e-06,8.034699999370787e-05,3.3620000010614604e-06,96,False
624,3.73149999859379e-05,8.786400002236405e-05,6.318000004057467e-06,7.05499999753556e-06,8.080900002482849e-05,3.650999985893577e-06,96,False
625,3.669399998784684e-05,8.731299999453768e-05,6.116000008660194e-06,7.204000013416589e-06,8.010899998112109e-05,3.399999997100167e-06,96,False
626,3.586799999766299e-05,0.00012416300000950287,6.740000003446767e-06,7.1640000101069745e-06,0.00011699899999939589,3.163000002359695e-06,96,False
627,4.162199999768745e-05,9.317000001374254e-05,5.982000004678412e-06,8.277000006273738e-06,8.48930000074688e-05,3.79599998723279e-06,96,False
628,3.7996999992628844e-05,8.937499998751264e-05,5.942999990793396e-06,7.669000012811011e-06,8.170599997470163e-05,3.672000019605548e-06,96,False
629,3.746900000578535e-05,9.030600000414779e-05,6.233000021893531e-06,7.906999996976083e-06,8.239900000717171e-05,3.502999987858857e-06,96,False
630,3.730699998527598e-05,8.779499998468054e-05,6.037999980890163e-06,7.275999990952187e-06,8.051899999372836e-05,3.426000006356844e-06,96,False
631,3.6148999981833185e-05,8.667399998785186e-05,6.034000023191766e-06,7.506000002877045e-06,7.916799998497481e-05,3.337000009651092e-06,96,False
632,3.654599998981212e-05,8.59490000095775e-05,5.916000020533829e-06,7.554000006848582e-06,7.839500000272892e-05,3.249999991794539e-06,96,False
633,3.638300000829986e-05,8.701699999846824e-05,5.745999999362539e-06,6.6779999770005816e-06,8.033900002146765e-05,3.418000005694921e-06,96,False
634,3.662400001758215e-05,8.630800002151773e-05,5.6039999947188335e-06,6.982000002153654e-06,7.932600001936407e-05,3.1300000102874037e-06,96,False
635,3.682600001297942e-05,8.720300002096337e-05,5.329999993364254e-06,7.1720000107688975e-06,8.003100001019448e-05,3.193999987161078e-06,96,False
636,3.719500000443077e-05,8.810999997876934e-05,6.499999983589078e-06,7.496999984368813e-06,8.061299999440052e-05,3.53300001165735e-06,96,False
637,3.74199999839675e-05,8.664200001362587e-05,6.344999974317034e-06,6.775000002789966e-06,7.986700001083591e-05,3.363000018907769e-06,96,False
638,3.6456000003681766e-05,8.705400000508234e-05,5.5510000152025896e-06,7.27200000483208e-06,7.978200000025026e-05,3.266999982542984e-06,96,False
639,3.601999998181782e-05,0.00010558400001059454,6.718999998156505e-06,1.0505000005878173e-05,9.507900000471636e-05,4.487000012431963e-06,96,False
640,4.036300001075688e-05,9.163500001818647e-05,6.409000008034127e-06,7.677000013472934e-06,8.395800000471354e-05,3.638000009686948e-06,96,False
641,3.814599998008816e-05,0.00010195400000156951,6.092000006674425e-06,7.737000004226502e-06,9.421699999734301e-05,1.3816999995697188e-05,96,False
642,3.7980999991305e-05,8.901200001787402e-05,5.779999980859429e-06,7.222999983014233e-06,8.178900003485978e-05,3.6710000017592392e-06,96,False
643,3.727200001435449e-05,8.799700000849953e-05,5.5410000072697585e-06,7.173000000193497e-06,8.082400000830603e-05,3.7949999978081905e-06,96,False
644,3.66440000050261e-05,8.815900000058718e-05,5.251999994015932e-06,7.239000012759789e-06,8.09199999878274e-05,3.628000001754117e-06,96,False
645,3.673500000900276e-05,8.743099999719561e-05,5.285999975512823e-06,7.498000002215122e-06,7.993299999498049e-05,3.4859999971104116e-06,96,False
646,3.739699999982804e-05,8.677200000306584e-05,5.579000003308465e-06,7.068000002163899e-06,7.970400000090194e-05,3.3449999818913057e-06,96,False
647,3.697500000043874e-05,9.074599998371013e-05,5.869000005986891e-06,7.5119999962680595e-06,8.323399998744208e-05,3.6330000057205325e-06,96,False
648,3.673200001230725e-05,8.782399999063273e-05,6.533000004083078e-06,7.193000016059159e-06,8.063099997457357e-05,3.223000021534972e-06,96,False
649,3.7699000017710205e-05,0.00012518900001623479,9.524999995846883e-06,7.315000004837202e-06,0.00011787400001139758,3.4230000096613367e-06,96,False
650,5.189300000552066e-05,0.00010297800000103052,7.0320000133961e-06,9.199999993825259e-06,9.377800000720526e-05,4.804000013791665e-06,96,False
651,4.1484000007585564e-05,0.00011137100000269129,7.288999995580525e-06,1.1315999984162772e-05,0.00010005500001852852,4.5710000051712996e-06,96,False
652,4.186799998251445e-05,9.358400001246991e-05,6.784000021298198e-06,8.167000004277725e-06,8.541700000819219e-05,3.808000002436529e-06,96,False
653,3.950900000404545e-05,8.983199998624514e-05,6.769000009398951e-06,7.654000000911765e-06,8.217799998533337e-05,3.520999996453611e-06,96,False
654,3.795799997874383e-05,8.951000000934073e-05,6.356999989520773e-06,7.977999985087081e-06,8.153200002425365e-05,3.4630000129709515e-06,96,False
655,3.811500002370849e-05,8.809299998802089e-05,5.95000000203072e-06,7.275000001527587e-06,8.08179999864933e-05,3.6069999964638555e-06,96,False
656,3.719099998988895e-05,8.959900000604648e-05,6.2020000086704385e-06,7.40899997708766e-06,8.219000002895882e-05,3.5989999958019325e-06,96,False
657,3.728299998329021e-05,0.0002864779999924849,1.2340000012045493e-05,3.6845000010998774e-05,0.00024963299998148614,1.2115000004087051e-05,96,False
658,6.0688999980129665e-05,0.00010590899998419445,7.877000001599299e-06,9.341999998468964e-06,9.656699998572549e-05,4.724999996597035e-06,96,False
659,4.352100000915016e-05,9.740200002283927e-05,7.209999978385895e-06,7.69400000422138e-06,8.97080000186179e-05,3.827999989880482e-06,96,False
660,4.133900000624635e-05,0.00016960499999640888,1.0021999997888997e-05,8.03599999699145e-06,0.00016156899999941743,3.895000020293082e-06,96,False
661,5.339099999446262e-05,0.00023432999998362902,8.086999997658495e-06,9.527000003117791e-06,0.00022480299998051123,4.713999999239604e-06,96,False
662,6.768699998360717e-05,0.00011254000000349151,8.664000006319839e-06,1.1293000000023312e-05,0.0001012470000034682,5.2139999979772256e-06,96,False
663,4.35030000005554e-05,9.376400001315233e-05,6.7459999968377815e-06,8.476000004975504e-06,8.528800000817682e-05,3.7650000024314068e-06,96,False
664,4.029000001537497e-05,0.0001308209999990595,9.257000016305028e-06,7.919000012179822e-06,0.00012290199998687967,3.6250000050586095e-06,96,False
665,5.4410000018378923e-05,9.959799999137431e-05,7.177999975738203e-06,9.012000020902633e-06,9.058599997047168e-05,4.9659999774576136e-06,96,False
666,4.159299999173527e-05,8.903299999474257e-05,6.54200002259131e-06,7.318999990957309e-06,8.171400000378526e-05,3.5139999852162873e-06,96,False
667,3.8805999992064244e-05,8.929800000601062e-05,5.963000006659058e-06,7.643000003554334e-06,8.165500000245629e-05,3.4530000050381204e-06,96,False
668,3.8542999988067095e-05,8.842400001185524e-05,5.6380000046374334e-06,7.349000014755802e-06,8.107499999709944e-05,3.4509999977672123e-06,96,False
669,3.814000001511886e-05,8.828900001844886e-05,5.500000014535544e-06,7.329999988314739e-06,8.095900003013412e-05,3.381999988505413e-06,96,False
670,3.745099999719059e-05,8.612100000959799e-05,5.2749999781553925e-06,6.776999981639165e-06,7.934400002795883e-05,3.4439999865298887e-06,96,False
671,3.700799999251103e-05,8.795799999461451e-05,5.469000001312452e-06,7.266000011441065e-06,8.069199998317345e-05,3.6570000077063014e-06,96,False
672,3.6946000022908265e-05,8.408200000076249e-05,4.2860999997174076e-05,6.5769999935128e-06,7.750500000724969e-05,3.3219999977518455e-06,96,False
673,4.10760000022492e-05,0.00021647799999868766,7.311999979719985e-06,7.79699999498007e-06,0.0002086810000037076,3.515000003062596e-06,96,False
674,4.542399997831126e-05,9.538099999417682e-05,6.2230000139607e-06,8.637000007638562e-06,8.674399998653826e-05,3.945999992538418e-06,96,False
675,4.048700000680583e-05,9.071799999560426e-05,5.848000000696629e-06,7.402999983696645e-06,8.331500001190761e-05,3.7500000189538696e-06,96,False
676,3.8120999988677795e-05,9.172599999374142e-05,5.848000000696629e-06,7.86399999697096e-06,8.386199999677046e-05,3.6510000143152865e-06,96,False
677,3.913800000532319e-05,8.976499998425425e-05,5.474000005278867e-06,7.508000010147953e-06,8.225699997410629e-05,3.472000003057474e-06,96,False
678,3.8212000021076165e-05,8.88339999960408e-05,5.287999982783731e-06,7.024000012734177e-06,8.180999998330662e-05,3.4370000037142745e-06,96,False
679,6.487199999583027e-05,9.879799998202543e-05,7.207999999536696e-06,9.176999981264089e-06,8.962100000076134e-05,4.279999984646565e-06,96,False
680,3.957599997761463e-05,8.9991000010059e-05,6.358999996791681e-06,7.801999998946485e-06,8.218900001111251e-05,3.672999980608438e-06,96,False
681,3.8804000013215045e-05,0.00017584299999384712,7.55700000354409e-06,6.248599999025828e-05,0.00011335700000358884,6.255999977611282e-06,96,False
682,4.221899999379275e-05,9.306399999786663e-05,6.423999991511664e-06,8.148000006258371e-06,8.491599999160826e-05,3.7480000116829615e-06,96,False
683,3.930299999410636e-05,9.165099999108861e-05,6.4269999882071716e-06,7.901999993009667e-06,8.374899999807894e-05,3.633999995145132e-06,96,False
684,3.977700001200901e-05,0.00010293599999045,5.982999994103011e-06,9.978000008459276e-06,9.295799998199072e-05,4.38800000779338e-06,96,False
685,3.957799998488554e-05,9.61119999942639e-05,7.026999981007975e-06,7.700000026034104e-06,8.841199996822979e-05,3.6799999918457615e-06,96,False
686,4.8496000005116e-05,9.018300002594515e-05,5.589000011241296e-06,7.143999994241312e-06,8.303900003170384e-05,3.563000007034134e-06,96,False
687,3.75920000124097e-05,8.724899998924229e-05,5.654999995385879e-06,7.322000016074526e-06,7.992699997316777e-05,3.491000001076827e-06,96,False
688,3.7722999991274264e-05,8.812600000851489e-05,6.292999984225389e-06,7.070999998859406e-06,8.105500000965549e-05,3.5860000195953035e-06,96,False
689,3.714599998261292e-05,8.901399999672321e-05,6.4870000073824485e-06,7.494000016095015e-06,8.15199999806282e-05,3.504999995129765e-06,96,False
690,6.097000002114328e-05,9.814599999913298e-05,6.178999996109269e-06,9.787999999844033e-06,8.835799999928895e-05,4.133000004458154e-06,96,False
691,3.881999998611718e-05,8.926699999278753e-05,6.467999980941386e-06,7.231000012097866e-06,8.203599998068967e-05,3.5019999984342576e-06,96,False
692,3.762399998663568e-05,0.00013497800000550342,6.240000004709145e-06,7.054000008110961e-06,0.00012792399999739246,2.727500000787586e-05,96,False
693,4.174899999043191e-05,9.204600002021834e-05,5.5799999927330646e-06,7.945999982439389e-06,8.410000003777895e-05,3.8079999740148196e-06,96,False
694,0.0003211789999966186,0.00017208299999538212,1.0969000015847996e-05,1.9688999998379586e-05,0.00015239399999700254,6.994999978360283e-06,96,False
695,5.500500000721331e-05,0.00011227699999949436,8.336000007602706e-06,9.409999989884454e-06,0.00010286700000960991,4.512000003842331e-06,96,False
696,4.106899999101188e-05,9.235599998191901e-05,6.963000004134301e-06,7.615000015448459e-06,8.474099996647055e-05,3.6570000077063014e-06,96,False
697,3.878399999734938e-05,8.911999998417741e-05,6.802000001471242e-06,7.398000008151939e-06,8.172199997602547e-05,3.53300001165735e-06,96,False
698,3.71719999918696e-05,8.788799999592811e-05,6.608999996160492e-06,6.7279999882430275e-06,8.116000000768508e-05,3.446999983225396e-06,96,False
699,3.703400000176771e-05,0.00015338599999381586,8.813000022200868e-06,1.5114999996512779e-05,0.00013827099999730308,5.723000015223079e-06,96,False
700,4.7330999990435885e-05,9.496300000932933e-05,6.832999986272625e-06,7.936999992352867e-06,8.702600001697647e-05,3.902999992533296e-06,96,False
701,4.0011999999478576e-05,9.128000002078807e-05,6.480999985569724e-06,7.737000004226502e-06,8.354300001656156e-05,3.5500000024057954e-06,96,False
702,3.912100001457475e-05,8.916500001987515e-05,6.4950000080443715e-06,7.19199999821285e-06,8.19730000216623e-05,3.5940000202572264e-06,96,False
703,3.7595999998529805e-05,8.741499999587177e-05,5.732000005309601e-06,6.883999986939671e-06,8.05310000089321e-05,3.641999995807055e-06,96,False
704,5.335299999842391e-05,0.00013610900001026494,7.600000003549212e-06,7.972000020117775e-06,0.00012813699999014716,3.794000008383591e-06,96,False
705,5.895900000041365e-05,0.00010076200001662983,6.0349999841946556e-06,9.142999999767198e-06,9.161900001686263e-05,4.566999990629483e-06,96,False
706,4.074800000353207e-05,9.015699998826676e-05,6.7070000113744754e-06,7.060000001501976e-06,8.309699998676479e-05,3.44200000768069e-06,96,False
707,3.8566000000628264e-05,9.106499999234074e-05,6.6750000087267836e-06,7.484000008162184e-06,8.358099998417856e-05,3.723999981275483e-06,96,False
708,3.8327999988041483e-05,8.874599998875965e-05,6.275999993476944e-06,7.068000002163899e-06,8.167799998659575e-05,3.815000013673853e-06,96,False
709,3.7100000014334e-05,8.900599999606129e-05,6.149000000732485e-06,7.626000012805889e-06,8.13799999832554e-05,3.571000007696057e-06,96,False
710,3.683099998852413e-05,0.00011377900000297814,7.114999988289128e-06,7.107000016048914e-06,0.00010667199998692922,3.359000004365953e-06,96,False
711,4.9691000015172904e-05,9.65689999929964e-05,6.293000012647099e-06,8.100000002286833e-06,8.846899999070956e-05,4.232999998521336e-06,96,False
712,3.919600001722756e-05,8.894299998019051e-05,6.407000000763219e-06,7.506000002877045e-06,8.143699997731346e-05,3.6410000063824555e-06,96,False
713,3.684699998984797e-05,9.005800001204989e-05,6.463999994821279e-06,7.834999991018776e-06,8.222300002103111e-05,3.7689999885515135e-06,96,False
714,3.776200000515928e-05,9.068399998568566e-05,6.227999989505406e-06,7.359000022688633e-06,8.332499996299703e-05,3.418000005694921e-06,96,False
715,3.799099999923783e-05,8.840100002771578e-05,6.369000004724512e-06,7.084000003487745e-06,8.131700002422804e-05,3.4070000083374907e-06,96,False
716,6.827800001474316e-05,9.976300000857918e-05,6.682000019964107e-06,1.0101000015083628e-05,8.966199999349556e-05,4.310999997869658e-06,96,False
717,3.9169000018546285e-05,9.057799999823146e-05,6.285000011985176e-06,7.826000000932254e-06,8.275199999729921e-05,3.4040000116419833e-06,96,False
718,3.813600000057704e-05,8.730400000445115e-05,5.485000002636298e-06,6.93000001206201e-06,8.037399999238914e-05,3.4739999819066725e-06,96,False
719,3.8472999989380696e-05,8.694999999647735e-05,5.3659999821320525e-06,6.940999980997731e-06,8.000900001547961e-05,3.302000010307893e-06,96,False
720,3.644000000235792e-05,8.844999999269021e-05,5.57399999934205e-06,7.186999994246435e-06,8.126299999844377e-05,3.3860000030472293e-06,96,False
721,3.824399999530215e-05,8.671300000173687e-05,5.26500002706598e-06,7.296999996242448e-06,7.941600000549442e-05,3.3400000063465995e-06,96,False
722,3.646299998649738e-05,0.00010571699999673001,6.83800001866075e-06,1.0400000007848575e-05,9.531699998888143e-05,4.2130000110773835e-06,96,False
723,3.954799998950875e-05,9.00960000080886e-05,6.248999994795668e-06,7.468999996262937e-06,8.262700001182566e-05,3.7359999964792223e-06,96,False
724,3.834000000324522e-05,9.06950000114648e-05,6.231000014622623e-06,7.4359999757689366e-06,8.325900003569586e-05,3.288000016254955e-06,96,False
725,3.753700002562255e-05,8.826199999134587e-05,6.270999989510528e-06,6.957000010743286e-06,8.130499998060259e-05,3.3640000083323685e-06,96,False
726,3.786099998137615e-05,8.668499998520929e-05,6.251999991491175e-06,7.150000016054037e-06,7.953499996915525e-05,3.5950000096818258e-06,96,False
727,3.747400000975176e-05,9.726500002216198e-05,5.654999995385879e-06,6.538999997474093e-06,9.072600002468789e-05,3.274000022202017e-06,96,False
728,3.680200001099365e-05,0.00012644099999192804,5.993999991460441e-06,1.1392000004661895e-05,0.00011504899998726614,4.507999989300515e-06,96,False
729,3.988100002061401e-05,8.949200000074597e-05,6.243999990829252e-06,7.5039999956061365e-06,8.198800000513984e-05,3.4370000037142745e-06,96,False
730,3.761700000382007e-05,8.796100001973173e-05,6.355000010671574e-06,7.2610000074746495e-06,8.070000001225708e-05,3.5500000024057954e-06,96,False
731,3.738500001304601e-05,8.925800000270101e-05,6.3099999749738345e-06,7.850999992342622e-06,8.140700001035839e-05,3.6699999839129305e-06,96,False
732,3.698399999052526e-05,8.772099999987404e-05,6.197000004704023e-06,7.645000010825242e-06,8.00759999890488e-05,3.462000023546352e-06,96,False
733,3.7039000005734124e-05,8.708499998988373e-05,5.969000000050073e-06,7.081000006792237e-06,8.000399998309149e-05,3.4290000030523515e-06,96,False
734,3.635699999904318e-05,0.00012289800000075957,6.199000011974931e-06,7.51100000684346e-06,0.0001153869999939161,1.6284999986737603e-05,96,False
735,4.097400000091511e-05,9.115800000358831e-05,5.502999982809342e-06,7.640000006858827e-06,8.351799999672949e-05,3.9629999832868634e-06,96,False
736,3.7538000015047146e-05,8.868999998412619e-05,5.393999998659638e-06,7.202999995570281e-06,8.148699998855591e-05,3.421999991815028e-06,96,False
737,3.6797000007027236e-05,8.852499999534302e-05,5.659999999352294e-06,7.307000004175279e-06,8.121799999116774e-05,3.3240000050227536e-06,96,False
738,3.75920000124097e-05,8.800300000189054e-05,5.498000007264636e-06,7.355000008146817e-06,8.064799999374372e-05,3.2069999917894165e-06,96,False
739,3.7561999988611205e-05,8.719400000245514e-05,5.388000005268623e-06,7.535999998253828e-06,7.965800000420131e-05,3.440000000409782e-06,96,False
740,3.641699998979675e-05,0.0005526610000003984,1.843199999029821e-05,7.0490000041445455e-06,0.0005456119999962539,3.3960000109800603e-06,96,False
741,0.00020535299998414303,0.00013843499999666165,1.123799998481445e-05,1.591299999859075e-05,0.0001225219999980709,7.343000021364787e-06,96,False
742,4.865699997935735e-05,9.701399997652516e-05,6.194999997433115e-06,8.600999990449054e-06,8.84129999860761e-05,3.888000009055759e-06,96,False
743,3.9203999989467775e-05,9.208800000237716e-05,5.797000000029584e-06,7.874000004903792e-06,8.421399999747337e-05,3.490000011652228e-06,96,False
744,3.851700000723213e-05,9.280099999386948e-05,5.879999974922612e-06,7.81899998969493e-06,8.498200000417455e-05,3.716999998459869e-06,96,False
745,3.92090000218559e-05,8.99560000107158e-05,5.69900001323731e-06,7.6190000015685655e-06,8.233700000914723e-05,3.599999985226532e-06,96,False
746,3.745600000115701e-05,8.923299998286893e-05,5.7550000178707705e-06,7.2659999830193556e-06,8.196699999984958e-05,3.486999986535011e-06,96,False
747,3.8600000010546864e-05,0.0001069109999889406,4.243100002554456e-05,7.073999995554914e-06,9.983699999338569e-05,3.662000011672717e-06,96,False
748,4.272200001764759e-05,9.246299998721952e-05,7.254999985661925e-06,7.816999982424022e-06,8.46460000047955e-05,3.8919999951758655e-06,96,False
749,3.877899999338297e-05,9.091800001215233e-05,6.611999992855999e-06,7.725000017444472e-06,8.319299999470786e-05,3.5639999964587332e-06,96,False
750,3.783200000384568e-05,0.00015271200001620855,7.455000002209999e-06,3.466399999751957e-05,0.00011804800001868898,5.971000007320981e-06,96,False
751,5.221800000754229e-05,9.61140000015348e-05,6.3699999941491114e-06,8.595999986482639e-06,8.751800001505217e-05,4.311999987294257e-06,96,False
752,3.940100000932034e-05,8.971500000143351e-05,6.26900001066133e-06,7.575000012138844e-06,8.213999998929467e-05,3.7140000017643615e-06,96,False
753,3.8394000000607775e-05,8.855300001187061e-05,6.0320000159208575e-06,7.809999999608408e-06,8.07430000122622e-05,3.656999979284592e-06,96,False
754,3.8107999984049457e-05,8.743800000843294e-05,6.227000000080807e-06,7.013000015376747e-06,8.042499999305619e-05,3.6069999964638555e-06,96,False
755,3.681200001892648e-05,8.849400001054164e-05,6.310000003395544e-06,6.920999993553778e-06,8.157300001698786e-05,3.60199999249744e-06,96,False
756,3.779399997938526e-05,8.783200001971636e-05,6.385999995472957e-06,6.886999983635178e-06,8.094500003608118e-05,3.612000000430271e-06,96,False
757,3.704200000242963e-05,8.769799998731287e-05,6.213000006027869e-06,7.065999994892991e-06,8.063199999241988e-05,3.4930000083477353e-06,96,False
758,3.6663000003045454e-05,8.631599999375794e-05,6.137999974953345e-06,6.737000006751259e-06,7.957899998700668e-05,3.4250000169322448e-06,96,False
759,3.6535999981879286e-05,8.713700000839708e-05,5.935000018553183e-06,6.835999982968133e-06,8.030100002542895e-05,3.33999997792489e-06,96,False
760,3.779699997608077e-05,8.628600002680287e-05,5.489000017178114e-06,7.135999993579389e-06,7.915000003322348e-05,3.6490000070443784e-06,96,False
761,3.673200001230725e-05,8.718699999121782e-05,5.874000009953306e-06,6.6830000093887065e-06,8.050399998182911e-05,3.3440000208884157e-06,96,False
762,3.651900001955255e-05,0.0001127839999810476,6.482999992840632e-06,6.910999985620947e-06,0.00010587299999542665,3.4349999964433664e-06,96,False
763,4.75430000221877e-05,9.392900000193549e-05,5.853000004663045e-06,7.55700000354409e-06,8.63719999983914e-05,4.394000001184395e-06,96,False
764,3.6945000005061956e-05,8.761500001241984e-05,6.364999990182696e-06,7.479000004195768e-06,8.013600000822407e-05,3.5500000024057954e-06,96,False
765,3.726799999981267e-05,8.838300001912103e-05,5.966999992779165e-06,7.151000005478636e-06,8.123200001364239e-05,3.4880000043813197e-06,96,False
766,3.670000000965956e-05,8.883600000331171e-05,5.8520000152384455e-06,6.995999996206592e-06,8.184000000710512e-05,3.5350000189282582e-06,96,False
767,3.7528000007114315e-05,8.719800001699696e-05,5.956999984846334e-06,7.2450000061508035e-06,7.995300001084615e-05,3.468000016937367e-06,96,False
768,3.6240000014231555e-05,8.539800001017284e-05,5.45900002180133e-06,6.75900000146612e-06,7.863900000870672e-05,3.4690000063619664e-06,96,False
769,3.51310000041849e-05,8.563999998045801e-05,5.555999990747296e-06,6.858999995529302e-06,7.878099998492871e-05,3.0490000142435747e-06,96,False
770,3.5146999977087034e-05,8.659700000634984e-05,6.087999992132609e-06,7.2450000061508035e-06,7.935200000019904e-05,3.332999995109276e-06,96,False
771,3.6321000010275384e-05,9.863799999720868e-05,6.091999978252716e-06,1.8403000012767734e-05,8.023499998444095e-05,3.7119999944934534e-06,96,False
772,3.655599999774495e-05,8.805400000255759e-05,6.455999994159356e-06,7.001999989597607e-06,8.105200001295998e-05,3.4089999871866894e-06,96,False
773,3.62929999937478e-05,8.632599997326906e-05,6.1370000139504555e-06,7.219999986318726e-06,7.910599998695034e-05,3.6389999991115474e-06,96,False
774,3.7163000001783075e-05,8.639300000368166e-05,6.0300000086499495e-06,6.971999994220823e-06,7.942100000946084e-05,3.4699999957865657e-06,96,False
775,3.599200002213365e-05,0.00012641499998267136,6.409999997458726e-06,7.176999986313604e-06,0.00011923799999635776,6.912000003467256e-06,96,False
776,7.528099999376536e-05,0.00011741899999151428,8.465000007618073e-06,1.1553999996749553e-05,0.00010586499999476473,5.797999989454183e-06,96,False
777,4.520299998489463e-05,9.281200001964862e-05,5.992000012611243e-06,7.992999996986327e-06,8.48190000226623e-05,3.840000005084221e-06,96,False
778,3.932499998882122e-05,8.889800000133619e-05,5.627999996704602e-06,7.240000002184388e-06,8.16579999991518e-05,3.63600000241604e-06,96,False
779,3.8269000015134225e-05,8.791599998403399e-05,5.524999977524203e-06,7.232000001522465e-06,8.068399998251152e-05,3.5900000057154102e-06,96,False
780,3.7084999974013044e-05,8.64760000069964e-05,5.986000019220228e-06,7.009000000834931e-06,7.946700000616147e-05,3.4690000063619664e-06,96,False
781,3.6980000004405156e-05,8.600099999966915e-05,5.323999999973239e-06,7.001000000173008e-06,7.899999999949614e-05,3.4779999964484887e-06,96,False
782,3.6811999990504773e-05,8.589500001221495e-05,5.307000009224794e-06,6.467999980941386e-06,7.942700003127356e-05,3.1739999997171253e-06,96,False
783,3.8302999996631115e-05,8.782899999459914e-05,5.4099999999834836e-06,7.120000020677253e-06,8.070899997392189e-05,3.3679999944524752e-06,96,False
784,8.07799999904546e-05,0.0001076839999996082,7.723000010173564e-06,1.0105000001203734e-05,9.757899999840447e-05,5.341000019143394e-06,96,False
785,4.102200000488665e-05,9.166000000959684e-05,5.81300000135343e-06,7.679999981746732e-06,8.398000002785011e-05,3.555000006372211e-06,96,False
786,3.910499998482919e-05,8.912100000202372e-05,5.557999998018204e-06,7.2109999962322036e-06,8.191000000579152e-05,3.703000004406931e-06,96,False
787,7.004899998719338e-05,9.749200000896963e-05,6.287999980258974e-06,8.465999997042672e-06,8.902600001192695e-05,4.275000009101859e-06,96,False
788,3.925600000798113e-05,9.107599998969818e-05,5.960000009963551e-06,7.688000010830365e-06,8.338799997886781e-05,3.6899999997785926e-06,96,False
789,3.8153999980750086e-05,8.94679999987602e-05,5.598999990752418e-06,7.549999992306766e-06,8.191800000645344e-05,3.4130000017285056e-06,96,False
790,3.7686000013081866e-05,8.827899998209432e-05,5.53899999999885e-06,7.28300000218951e-06,8.099599997990481e-05,3.603999999768348e-06,96,False
791,3.649999999311149e-05,8.749399998464469e-05,5.493000003298221e-06,7.326999991619232e-06,8.016699999302546e-05,3.65800002555261e-06,96,False
792,3.735999999321393e-05,8.804800000916657e-05,5.549999997356281e-06,7.2739999836812785e-06,8.077400002548529e-05,3.6449999925025622e-06,96,False
793,3.727099999650818e-05,8.853100001715575e-05,5.566999988104726e-06,7.331000006161048e-06,8.12000000109947e-05,3.340999995771199e-06,96,False
794,3.773800000317351e-05,8.928200000468678e-05,5.5859999861240794e-06,7.5300000048628135e-06,8.175199999982397e-05,3.4599999878537346e-06,96,False
795,3.846000001317407e-05,8.997099999419333e-05,6.841000015356258e-06,7.512000024689769e-06,8.245899996950357e-05,3.6879999925076845e-06,96,False
796,3.7630999997873005e-05,8.747799998332084e-05,5.560000005289112e-06,6.880000000819564e-06,8.059799998250128e-05,3.698999989865115e-06,96,False
797,3.7560999999186606e-05,0.00012032600000111415,8.317000009583353e-06,1.2884000000212836e-05,0.00010744200000090132,5.713000007290248e-06,96,False
798,4.6646000015471145e-05,9.441800000331568e-05,6.823000006761504e-06,8.199999996350016e-06,8.621800000696567e-05,3.8919999951758655e-06,96,False
799,8.83409999801188e-05,0.00010352500001431508,7.3969999903056305e-06,9.601000016346006e-06,9.392399999796908e-05,4.510000024993133e-06,96,False
800,4.108000001679102e-05,9.182499999838001e-05,7.108999994898113e-06,8.038999993686957e-06,8.378600000469305e-05,3.5640000248804427e-06,96,False
801,3.8576999997985695e-05,9.272500000179207e-05,5.996999988155949e-06,7.672999998931118e-06,8.505200000286095e-05,3.628000001754117e-06,96,False
802,3.784500000847402e-05,8.968299999878582e-05,5.815000008624338e-06,7.699000008187795e-06,8.198399999059802e-05,3.535999979931148e-06,96,False
803,3.685000001496519e-05,8.916100000533334e-05,6.563999988884461e-06,7.569000018747829e-06,8.15919999865855e-05,3.523000003724519e-06,96,False
804,3.7437999992562254e-05,8.920299998749215e-05,6.260999981577697e-06,6.934999987606716e-06,8.226799999988543e-05,3.2830000122885394e-06,96,False
805,3.7415000008422794e-05,0.0001483759999985068,8.59400000763344e-06,6.8790000113949645e-06,0.00014149699998711185,3.7300000030882074e-06,96,False
806,5.1570000010769945e-05,9.978999997883875e-05,7.240999991608987e-06,8.422000007612951e-06,9.13679999712258e-05,4.840000002559464e-06,96,False
807,3.9568000005374415e-05,9.159900000099697e-05,6.614000000126907e-06,7.5140000035389676e-06,8.4084999997458e-05,3.78400000045076e-06,96,False
808,3.709300000309668e-05,8.711899999980233e-05,6.293000012647099e-06,6.968999997525316e-06,8.015000000227701e-05,3.6340000235668413e-06,96,False
809,3.675799999314222e-05,8.793300000320414e-05,6.580000018630017e-06,7.235999987642572e-06,8.069700001556157e-05,3.483000000414904e-06,96,False
810,3.663000001097316e-05,0.00012355399999819383,6.834000004118934e-06,7.445999983701768e-06,0.00011610800001449206,3.4140000195748144e-06,96,False
811,4.163699998116499e-05,9.195699999509088e-05,6.458000001430264e-06,7.804999995641992e-06,8.415199999944889e-05,3.60199999249744e-06,96,False
812,3.8649000003943e-05,8.838499999797023e-05,6.783000003451889e-06,7.170000003497989e-06,8.121499999447224e-05,3.450000008342613e-06,96,False
813,3.7528999996538914e-05,8.703200001036748e-05,6.232999993471822e-06,6.791000004113812e-06,8.024100000625367e-05,3.4599999878537346e-06,96,False
814,3.881300000330157e-05,9.02740000015001e-05,5.608999998685249e-06,7.560999989664197e-06,8.27130000118359e-05,3.870999989885604e-06,96,False
815,3.779799999392708e-05,8.878200000594916e-05,5.406000013863377e-06,7.3600000121132325e-06,8.142199999383593e-05,3.853000009712559e-06,96,False
816,3.6662999974623744e-05,8.95019999802571e-05,5.576000006612958e-06,7.2610000074746495e-06,8.224099997278245e-05,3.4450000043761975e-06,96,False
817,3.703500001961402e-05,9.0242999988277e-05,6.6750000087267836e-06,6.755000015346013e-06,8.348799997293099e-05,3.644000003077963e-06,96,False
818,3.602700002147685e-05,0.00010053500000140048,6.769000009398951e-06,7.187999983671034e-06,9.334700001772944e-05,3.686000013658486e-06,96,False
819,3.683599999249054e-05,0.00010296700000367309,6.970000015371625e-06,9.965000003830937e-06,9.300199999984216e-05,4.39999999457541e-06,96,False
820,3.984899998954461e-05,9.048800001210111e-05,5.950999991455319e-06,7.700000026034104e-06,8.278799998606701e-05,3.367000005027876e-06,96,False
821,3.803200002039375e-05,8.759700000382509e-05,5.686000008608971e-06,7.255000014083635e-06,8.034199998974145e-05,3.6229999977877014e-06,96,False
822,3.666999998586107e-05,0.00011680500000466054,3.8211999992654455e-05,7.390999996914616e-06,0.00010941400000774593,3.4530000050381204e-06,96,False
823,4.752800001028845e-05,9.632600000486491e-05,6.569000021272586e-06,8.107000013524157e-06,8.821899999134075e-05,4.361000009112104e-06,96,False
824,3.842199998871365e-05,8.962600000472776e-05,6.409999997458726e-06,7.629999998925996e-06,8.199600000580176e-05,3.743000007716546e-06,96,False
825,3.842000000986445e-05,8.642800000302486e-05,6.261000009999407e-06,6.844999973054655e-06,7.958300002997021e-05,3.343000003042107e-06,96,False
826,3.702099999713937e-05,8.726400000114154e-05,5.877999996073413e-06,7.53399999098292e-06,7.973000001015862e-05,3.3560000076704455e-06,96,False
827,3.6889999989853095e-05,8.578000000625252e-05,5.588999982819587e-06,7.3340000028565555e-06,7.844600000339597e-05,3.43099998190155e-06,96,False
828,3.6116000018182604e-05,8.694799998920644e-05,5.37999997618499e-06,7.12400000679736e-06,7.982399998240908e-05,3.512999995791688e-06,96,False
829,3.7130999999135383e-05,8.66880000103265e-05,6.035000012616365e-06,6.8169999849487795e-06,7.987100002537773e-05,3.49900000173875e-06,96,False
830,3.6694000016268546e-05,8.59490000095775e-05,6.209000019907762e-06,7.143000004816713e-06,7.880600000476079e-05,3.5099999990961805e-06,96,False
831,3.620900000100846e-05,8.716400000707836e-05,6.304999999429128e-06,7.5820000233761675e-06,7.958199998370219e-05,3.492999979926026e-06,96,False
832,3.673700001627367e-05,0.0005076190000181668,1.563899999723617e-05,3.6821999998437605e-05,0.00047079700001972924,1.2131999994835496e-05,96,False
833,8.475699999621611e-05,0.0001245970000240959,8.6860000010347e-06,1.1382999986153663e-05,0.00011321400003794224,4.926000002569708e-06,96,False
834,5.1307999996197395e-05,0.00010829600000761275,9.38099998393227e-06,9.062999993147969e-06,9.923300001446478e-05,4.620999987992036e-06,96,False
835,6.250399999885303e-05,0.00010762000002273453,7.425000006833216e-06,9.638999983963004e-06,9.798100003877153e-05,4.525999997895269e-06,96,False
836,4.3707000003223584e-05,9.796899999514608e-05,6.17800000668467e-06,8.219000022791079e-06,8.9749999972355e-05,3.8739999865811114e-06,96,False
837,4.123000002209665e-05,9.622899997907552e-05,6.05299999278941e-06,8.014999991701188e-06,8.821399998737434e-05,3.830999986575989e-06,96,False
838,4.137899998113426e-05,0.0001109519999999975,6.180000013955578e-06,7.906999996976083e-06,0.00010304500000302141,3.953000003775742e-06,96,False
839,3.999800000542564e-05,9.191300000566116e-05,6.0480000172447035e-06,7.726999996293671e-06,8.418600000936749e-05,3.517000010333504e-06,96,False
840,3.906199998482407e-05,0.00016236100000810438,6.550999984256123e-06,1.1775000018587889e-05,0.0001505859999895165,4.921999988027892e-06,96,False
841,4.315200001769881e-05,9.358799999859002e-05,5.919000017229337e-06,8.064000013519035e-06,8.552399998507099e-05,3.5099999990961805e-06,96,False
842,3.9420000007339695e-05,9.179600002084953e-05,5.7530000105998624e-06,8.085000018809296e-06,8.371100000204024e-05,3.591999984564609e-06,96,False
843,3.910899999937101e-05,9.145199999238685e-05,5.536999992727942e-06,7.256000003508234e-06,8.419599998887861e-05,3.6570000077063014e-06,96,False
844,3.917299997624468e-05,8.981900001003851e-05,5.412000007254392e-06,6.888999990906086e-06,8.293000001913242e-05,3.5709999792743474e-06,96,False
845,3.881099999603066e-05,9.020600001008461e-05,5.42500001188273e-06,7.30600001475068e-06,8.289999999533393e-05,3.3240000050227536e-06,96,False
846,6.647000000725711e-05,9.925500000917964e-05,5.955000005997135e-06,9.086000005709138e-06,9.01690000034705e-05,4.209999985960167e-06,96,False
847,3.8872000004630536e-05,8.97129999941626e-05,5.5309999993369274e-06,7.508999999572552e-06,8.220399999459005e-05,3.5429999911684718e-06,96,False
848,3.7722999991274264e-05,9.023299998034418e-05,5.127000008542382e-06,7.935000013503668e-06,8.229799996684051e-05,3.5329999832356407e-06,96,False
849,3.8384999982099544e-05,9.032299999489624e-05,5.749000024479756e-06,7.105999998202606e-06,8.321699999669363e-05,3.539000005048365e-06,96,False
850,3.78759999932754e-05,9.078399997974884e-05,5.968000010625474e-06,7.614000026023859e-06,8.316999995372498e-05,3.7560000123448845e-06,96,False
851,3.810000001180924e-05,9.005900000147449e-05,5.466999994041544e-06,7.358000004842324e-06,8.270099999663216e-05,3.6719999911838386e-06,96,False
852,6.604899999729241e-05,0.00012851200000341123,6.6229999902134296e-06,1.187600000207567e-05,0.00011663600000133556,4.671999988659081e-06,96,False
853,5.738899997709268e-05,0.00012487099999702878,8.6850000116101e-06,1.3839000018833758e-05,0.00011103199997819502,5.993000002035842e-06,96,False
854,4.623399999559297e-05,9.648500000025706e-05,5.8990000013636745e-06,8.409999992409212e-06,8.807500000784785e-05,3.937000002451896e-06,96,False
855,3.9603000004717615e-05,9.032899998828725e-05,6.237000008013638e-06,7.573000004867936e-06,8.275599998341931e-05,3.7240000096971926e-06,96,False
856,3.9376000017909973e-05,8.944499998619904e-05,5.683000011913464e-06,7.165999988956173e-06,8.227899999724286e-05,4.0410000110568944e-06,96,False
857,3.850100000590828e-05,0.0001488320000078147,7.586999998920874e-06,1.4655999990509372e-05,0.00013417600001730534,5.7739999874684145e-06,96,False
858,4.804400001034992e-05,9.79389999997693e-05,6.323000008023882e-06,8.842999989155942e-06,8.909600001061335e-05,4.025999999157648e-06,96,False
859,4.1152999983751215e-05,9.22090000017306e-05,7.14699999093682e-06,8.148000006258371e-06,8.406099999547223e-05,4.019000016342034e-06,96,False
860,3.922999999872445e-05,9.055199998897479e-05,6.851999984291979e-06,7.65999999430278e-06,8.2891999994672e-05,3.7340000176300236e-06,96,False
861,5.1775000002862726e-05,9.003900001403053e-05,6.984999998849162e-06,7.690000018101273e-06,8.234899999592926e-05,3.4939999977723346e-06,96,False
862,3.771400000118774e-05,8.834200002638681e-05,6.546999998136016e-06,7.3159999942618015e-06,8.102600003212501e-05,3.3620000010614604e-06,96,False
863,5.581700000334422e-05,9.669599998574085e-05,7.007999982988622e-06,8.828000005678405e-06,8.786799998006245e-05,4.171000000496861e-06,96,False
864,3.9271000019880375e-05,8.975900001928494e-05,6.331999998110405e-06,7.778000025382426e-06,8.198099999390251e-05,3.723999981275483e-06,96,False
865,3.8415999995322636e-05,8.859999999799584e-05,6.490000004077956e-06,7.048000014719946e-06,8.155199998327589e-05,3.7609999878895906e-06,96,False
866,3.780399998731809e-05,8.895700000266515e-05,5.702000009932817e-06,7.439999990310753e-06,8.15170000123544e-05,3.4530000050381204e-06,96,False
867,3.842099999928905e-05,8.908800000995143e-05,6.959700002084901e-05,7.344000010789387e-06,8.174399999916204e-05,3.633999995145132e-06,96,False
868,5.972499999984393e-05,9.953500000392523e-05,6.059000014602134e-06,8.895999997093895e-06,9.063900000683134e-05,4.4539999919379625e-06,96,False
869,3.870699998742566e-05,9.071499999890875e-05,6.888999990906086e-06,7.619999990993165e-06,8.309500000791559e-05,3.7780000070597453e-06,96,False
870,3.873099998941143e-05,8.904899999606641e-05,6.546999998136016e-06,7.5929999923118885e-06,8.145600000375453e-05,3.7960000156544993e-06,96,False
871,3.8224000007858194e-05,0.00014498499999149317,7.085000021334054e-06,4.112599998506994e-05,0.00010385900000642323,6.056999978909516e-06,96,False
872,4.213799999774892e-05,9.186299999441871e-05,6.562999999459862e-06,7.505999974455335e-06,8.435700001996338e-05,3.889999987904957e-06,96,False
873,3.876299999205912e-05,8.975300002589393e-05,6.401000007372204e-06,7.3500000041804014e-06,8.240300002171352e-05,4.050000001143417e-06,96,False
874,3.965499999480926e-05,9.063999999625594e-05,6.6790000232686e-06,7.815999992999423e-06,8.282400000325651e-05,3.650999985893577e-06,96,False
875,3.887799999802155e-05,9.669500002473796e-05,1.0427999995954451e-05,7.455000002209999e-06,8.924000002252797e-05,3.7730000030933297e-06,96,False
876,7.26589999828775e-05,0.0001069799999982024,7.766999999603286e-06,9.892000008449031e-06,9.708799998975337e-05,5.420000007916315e-06,96,False
877,4.1849000012916804e-05,9.232799999381314e-05,6.791999993538411e-06,7.745000004888425e-06,8.458299998892471e-05,3.7720000136687304e-06,96,False
878,3.9214999986825205e-05,8.87250000118911e-05,5.568999995375634e-06,7.081000006792237e-06,8.164400000509886e-05,3.680999981270361e-06,96,False
879,3.7389999988590716e-05,8.723300001634016e-05,5.6689999894388166e-06,6.888999990906086e-06,8.034400002543407e-05,3.340999995771199e-06,96,False
880,8.449699998891447e-05,0.00011899800000492178,8.385000000998843e-06,1.2909000020044914e-05,0.00010608899998487686,5.64200001917925e-06,96,False
881,4.633699998635166e-05,9.30899999787016e-05,6.110000015269179e-06,8.289999982480367e-06,8.479999999622123e-05,4.0070000011382945e-06,96,False
882,3.9318000006005605e-05,0.00012085399998795765,7.943000014165591e-06,8.407000024135414e-06,0.00011244699996382224,3.7300000030882074e-06,96,False
883,0.00042424299999765935,0.0001859250000109114,9.792999975388739e-06,1.5649000005169e-05,0.0001702760000057424,6.290000015951591e-06,96,False
884,5.3236000013612284e-05,9.997399999406298e-05,6.7070000113744754e-06,9.001999984548092e-06,9.097200000951489e-05,4.197000009753538e-06,96,False
885,4.1105999997625986e-05,9.077500001808403e-05,6.030999998074549e-06,7.981000010204298e-06,8.279400000787973e-05,3.7610000163113e-06,96,False
886,3.8805999992064244e-05,0.0002281339999967713,9.404999985918039e-06,1.292599998237165e-05,0.00021520800001439966,5.612999984805356e-06,96,False
887,6.02409999999054e-05,0.00011706700001923309,8.919000009655065e-06,1.2171999998145111e-05,0.00010489500002108798,5.327999986093346e-06,96,False
888,4.627399999890258e-05,9.22090000017306e-05,6.87300001800395e-06,8.237999992388723e-06,8.397100000934188e-05,3.810000009707437e-06,96,False
889,3.958499999612286e-05,8.957800000075622e-05,6.346999981587942e-06,7.301000010784264e-06,8.227699998997196e-05,3.4050000010665826e-06,96,False
890,4.008600001270679e-05,9.028100001273742e-05,6.640999998808184e-06,7.699000008187795e-06,8.258200000454963e-05,3.894000002446774e-06,96,False
891,8.827900001051603e-05,0.00010576399998285524,9.172000005719383e-06,9.615999999823543e-06,9.61479999830317e-05,5.071000003908921e-06,96,False
892,4.16729999983545e-05,9.091999999100153e-05,5.889999982855443e-06,7.665999987693795e-06,8.325400000330774e-05,3.972000001795095e-06,96,False
893,3.857000001517008e-05,9.235300001364521e-05,5.8629999841741665e-06,7.4779999863494595e-06,8.487500002729575e-05,3.7270000063927e-06,96,False
894,3.825999999662599e-05,8.766499999524058e-05,6.754999986924304e-06,7.1219999995264516e-06,8.054299999571413e-05,3.4109999944575975e-06,96,False
895,3.7765999991279386e-05,8.779300000583135e-05,6.509000002097309e-06,7.407999987663061e-06,8.038500001816828e-05,3.324999994447353e-06,96,False
896,3.780800000185991e-05,0.00011786900000743117,6.9050000206516415e-06,7.506000002877045e-06,0.00011036300000455412,3.5669999931542407e-06,96,False
897,4.54000000047472e-05,9.443700000133504e-05,6.279999979597051e-06,7.976999995662482e-06,8.646000000567255e-05,4.025999999157648e-06,96,False
898,3.802599999858103e-05,8.882899999207439e-05,0.000309723000015083,7.460999995601014e-06,8.136799999647337e-05,3.3340000129555847e-06,96,False
899,7.207300001255135e-05,0.00020176099999957842,1.1110999992069992e-05,2.0019999993792226e-05,0.0001817410000057862,8.313000023463246e-06,96,False
900,6.227500000477448e-05,0.00010323700001890757,7.327000020040941e-06,8.67300002482807e-06,9.45639999940795e-05,5.563000001984619e-06,96,False
901,4.122400000028392e-05,0.00010480899999265603,7.3180000015327096e-06,1.0432999999920867e-05,9.437599999273516e-05,4.5790000058332225e-06,96,False
902,4.05509999836795e-05,9.227099999975508e-05,6.808000023283967e-06,7.720000013478057e-06,8.455099998627702e-05,3.6760000057256548e-06,96,False
903,3.8746999990735276e-05,9.10120000128245e-05,6.180999974958468e-06,7.880999987719406e-06,8.31310000251051e-05,3.5130000242133974e-06,96,False
904,3.860500001451328e-05,9.028900001339935e-05,6.10999998684747e-06,7.5039999956061365e-06,8.278500001779321e-05,3.7270000063927e-06,96,False
905,3.8498000009212774e-05,8.991499998955987e-05,6.502999980284585e-06,7.492999998248706e-06,8.242199999131117e-05,3.5989999958019325e-06,96,False
906,3.9100999998709085e-05,8.901700002184043e-05,6.110000015269179e-06,6.818000002795088e-06,8.219900001904534e-05,3.445999993800797e-06,96,False
907,5.344400000240057e-05,0.00010166299998104478,7.261999996899249e-06,1.0214999974778038e-05,9.144800000626674e-05,4.242999978032458e-06,96,False
908,4.024599999752354e-05,9.092600001281426e-05,6.702999996832659e-06,7.686999992984056e-06,8.32390000198302e-05,3.5149999746408866e-06,96,False
909,3.790200000253208e-05,9.02040000028137e-05,6.621000011364231e-06,7.936000002928267e-06,8.226799999988543e-05,3.668999994488331e-06,96,False
910,3.852800000458956e-05,9.133500000757522e-05,6.396999992830388e-06,7.627999991655088e-06,8.370700001592013e-05,3.51099998852078e-06,96,False
911,6.891699999300727e-05,0.0007171789999915745,1.918299997782924e-05,1.029300000254807e-05,0.0007068859999890265,4.913999987365969e-06,96,False
912,0.0003103110000211018,0.00034043000002270674,1.4103000012255507e-05,3.299599998740632e-05,0.0003074340000353004,1.2068000017961822e-05,96,False
913,7.426400000554167e-05,0.00012408399999230824,8.920999988504263e-06,1.1604999997416598e-05,0.00011247899999489164,5.350000009229916e-06,96,False
914,5.1274000014700505e-05,0.00021210000002724883,1.3470999988385302e-05,2.6185999985273156e-05,0.00018591400004197567,1.0985999978174732e-05,96,False
915,7.451199999763958e-05,0.00011502299997800947,9.059999996452461e-06,1.0903000003281704e-05,0.00010411999997472776,4.705000009153082e-06,96,False
916,4.975199999535107e-05,0.00010543999999867992,7.436999993615245e-06,9.15200001827543e-06,9.628799998040449e-05,4.05800000180534e-06,96,False
917,4.580800001008356e-05,9.714800000892865e-05,7.316999983686401e-06,8.043999997653373e-06,8.910400001127528e-05,3.860000020949883e-06,96,False
918,4.277499999716383e-05,9.49140000159332e-05,6.890999998176994e-06,7.76199999563687e-06,8.715200002029633e-05,3.606000007039256e-06,96,False
919,4.165900000430156e-05,9.302699999125252e-05,6.527000010692063e-06,8.141999984445647e-06,8.488500000680688e-05,3.6939999858986994e-06,96,False
920,3.980200000341938e-05,9.233200000835495e-05,6.876000014699457e-06,7.82999998705236e-06,8.450200002130259e-05,3.6069999964638555e-06,96,False
921,4.012299999089919e-05,9.116399999697933e-05,6.7299999955139356e-06,7.584000002225366e-06,8.357999999475396e-05,3.743000007716546e-06,96,False
922,3.924000000665728e-05,0.00020676799999819195,1.3390999981766072e-05,7.86399999697096e-06,0.000198904000001221,3.421999991815028e-06,96,False
923,7.328099999881488e-05,0.00011962199999970835,7.828000008203162e-06,1.1282999992090481e-05,0.00010833900000761787,6.8690000034621335e-06,96,False
924,4.565199998296521e-05,9.654300001216143e-05,6.493999990198063e-06,8.403000009593597e-06,8.814000000256783e-05,4.0410000110568944e-06,96,False
925,4.1116999994983416e-05,9.301299999719959e-05,2.5617999995120044e-05,8.070999996334649e-06,8.494200000086494e-05,4.166999985955044e-06,96,False
926,5.52820000052634e-05,9.760000000369473e-05,6.935000016028425e-06,8.702000002358545e-06,8.889800000133619e-05,4.345000007788258e-06,96,False
927,3.989000001070053e-05,8.994999998890307e-05,6.275000004052345e-06,7.361999990962431e-06,8.258799999794064e-05,3.3320000056846766e-06,96,False
928,3.943400000139263e-05,9.179900001754504e-05,6.2180000099942845e-06,6.939999991573131e-06,8.485900002597191e-05,3.488999993805919e-06,96,False
929,3.7996999992628844e-05,8.861099999535327e-05,5.901999998059182e-06,7.392000014760924e-06,8.121899998059234e-05,3.3039999891570915e-06,96,False
930,3.74870000143801e-05,8.77420000051643e-05,6.323000008023882e-06,7.213999992927711e-06,8.052800001223659e-05,3.3689999838770746e-06,96,False
931,3.65399999964211e-05,8.719799998857525e-05,2.131499999791231e-05,7.069000020010208e-06,8.012899996856504e-05,3.490000011652228e-06,96,False
932,5.519100000128674e-05,9.494700000800549e-05,6.55400000937334e-06,8.575999999038686e-06,8.63710000089668e-05,4.066999991891862e-06,96,False
933,3.788699999063283e-05,8.921599999212049e-05,6.445999986226525e-06,7.751999987704039e-06,8.146400000441645e-05,3.4329999891724583e-06,96,False
934,3.728600000840743e-05,0.0001398979999862604,7.189999990941942e-06,7.649999986369949e-06,0.00013224799999989045,3.375999995114398e-06,96,False
935,4.593700001009893e-05,9.484099999212958e-05,6.218999999418884e-06,8.50200001423218e-06,8.63389999778974e-05,4.214000000501983e-06,96,False
936,3.7904999999227584e-05,9.053499999822634e-05,6.35999998621628e-06,7.4020000226937555e-06,8.313299997553258e-05,3.711000005068854e-06,96,False
937,3.7550999991253775e-05,0.00012584600000309365,6.726000009393829e-06,7.453999984363691e-06,0.00011839200001872996,1.9510000015543483e-05,96,False
938,4.0869000002885514e-05,9.081599998239653e-05,6.442000000106418e-06,7.89800000688956e-06,8.291799997550697e-05,3.5669999931542407e-06,96,False
939,3.757999999720596e-05,0.0005024239999897873,1.0330000009162177e-05,1.2192000014010773e-05,0.0004902319999757765,4.8800000058690784e-06,96,False
940,7.045200001698504e-05,0.00010935099999187514,7.1199999922555435e-06,9.51799998460956e-06,9.983300000726558e-05,5.7210000079521706e-06,96,False
941,4.183400000101756e-05,9.262599999715349e-05,6.464999984245878e-06,7.756000002245855e-06,8.486999999490763e-05,3.7240000096971926e-06,96,False
942,9.886600000186263e-05,0.00029468699997892145,9.064000010994278e-06,1.4033000013569108e-05,0.00028065399996535234,6.007999985513379e-06,96,False
943,6.994199998189288e-05,0.00011274800002070151,7.746999983737624e-06,1.0557999985394417e-05,0.0001021900000353071,5.485999992060897e-06,96,False
944,4.377999999860549e-05,9.261600001764236e-05,5.9519999808799184e-06,7.76199999563687e-06,8.48540000220055e-05,3.868999982614696e-06,96,False
945,3.91410000020187e-05,9.015699998826676e-05,6.6209999829425215e-06,7.4859999870113825e-06,8.267100000125538e-05,3.708999997797946e-06,96,False
946,3.753499998992993e-05,0.00011905700000625075,8.972999978595908e-06,1.2580000003481473e-05,0.00010647700000276927,5.473000015854268e-06,96,False
947,4.606799998896349e-05,0.00010689600000546307,7.353000000875909e-06,1.0427999995954451e-05,9.646800000950861e-05,4.450000005817856e-06,96,False
948,4.257000000507105e-05,9.354200000188939e-05,6.600999995498569e-06,7.888999988381329e-06,8.565300001350806e-05,3.872999997156512e-06,96,False
949,3.9934000000130254e-05,9.014599999090933e-05,6.509000002097309e-06,7.2899999850051245e-06,8.28560000059042e-05,3.7080000083733466e-06,96,False
950,3.834200001051613e-05,8.951600000273174e-05,5.944000008639705e-06,7.416999977749583e-06,8.209900002498216e-05,3.816999992523051e-06,96,False
951,3.832999999531239e-05,0.00012942600000087623,6.710999997494582e-06,7.3859999929482e-06,0.00012204000000792803,3.4310000103232596e-06,96,False
952,4.251299998259128e-05,0.00010799599999700149,5.784000023822955e-06,7.891000024073946e-06,0.00010010499997292754,3.7949999978081905e-06,96,False
953,3.948500000205968e-05,8.948499998950865e-05,5.71000001059474e-06,7.4229999995623075e-06,8.206199998994634e-05,3.6589999865555e-06,96,False
954,3.8074999991977165e-05,0.0001313140000149815,6.055000000060318e-06,1.161400001592483e-05,0.00011969999999905667,4.639999986011389e-06,96,False
955,4.094199999826742e-05,9.163100000364466e-05,5.7739999874684145e-06,7.618000012143966e-06,8.401299999150069e-05,3.7439999971411453e-06,96,False
956,3.7834000011116586e-05,8.789199998204822e-05,5.3559999741992215e-06,7.1380000008502975e-06,8.075399998119792e-05,3.769000016973223e-06,96,False
957,3.643899998451161e-05,8.793999998601976e-05,5.178000009209427e-06,7.173000000193497e-06,8.076699998582626e-05,3.7709999958224216e-06,96,False
958,3.628100000696577e-05,8.664899999644149e-05,5.405999985441667e-06,7.358000004842324e-06,7.929099999159916e-05,3.4050000010665826e-06,96,False
959,3.615199997852869e-05,8.7320000005775e-05,5.358999999316438e-06,7.196000012754666e-06,8.012399999302033e-05,3.5389999766266556e-06,96,False
960,3.66790000043693e-05,0.00012031900001829854,5.736000019851417e-06,7.2370000054888806e-06,0.00011308200001280966,3.4699999957865657e-06,96,False
961,4.184099998383317e-05,9.208900002022347e-05,5.358999999316438e-06,7.555999985697781e-06,8.453300003452568e-05,3.846999987899835e-06,96,False
962,3.801299999395269e-05,8.907299999805218e-05,5.200000003924288e-06,7.186000004821835e-06,8.188699999323035e-05,3.6929999964741e-06,96,False
963,3.745000000776599e-05,0.00010756300000025476,8.59400000763344e-06,7.254999985661925e-06,0.00010030800001459284,3.450000008342613e-06,96,False
964,6.045899999662652e-05,0.00010799900002211871,6.593999984261245e-06,9.35799999979281e-06,9.86410000223259e-05,5.301999976836669e-06,96,False
965,4.2100000001710214e-05,9.313000001043292e-05,6.077999984199778e-06,7.764999992332378e-06,8.536500001810055e-05,3.775999999788837e-06,96,False
966,3.801199997610638e-05,0.00011817600000085804,7.804000006217393e-06,1.251400001933689e-05,0.00010566199998152115,5.393999998659638e-06,96,False
967,4.616000001078646e-05,9.6603000002915e-05,6.047999988822994e-06,8.42299999703755e-06,8.818000000587745e-05,4.0959999978440464e-06,96,False
968,4.076199999758501e-05,9.208199998056443e-05,5.654000005961279e-06,7.529000015438214e-06,8.455299996512622e-05,3.4999999911633495e-06,96,False
969,3.8394000000607775e-05,8.998800001336349e-05,5.7739999874684145e-06,7.1380000008502975e-06,8.285000001251319e-05,3.563000007034134e-06,96,False
970,3.7687000002506466e-05,0.000578936000010799,6.862000020646519e-06,7.061000019348285e-06,0.0005718749999914507,3.3960000109800603e-06,96,False
971,7.167900000126792e-05,0.00014926400001513684,8.60500000499087e-06,9.228000010352844e-06,0.000140036000004784,5.23200000657198e-06,96,False
972,6.098200000792531e-05,0.00012799799998219896,5.983100001571984e-05,1.2935999990304481e-05,0.00011506199999189448,5.785000013247554e-06,96,False
973,5.157300000746545e-05,0.00016608600000722618,9.293000005072827e-06,3.7654000010434174e-05,0.000128431999996792,8.429000018850275e-06,96,False
974,5.0557000008666364e-05,9.897900000055415e-05,7.4149999989003845e-06,8.900000011635711e-06,9.007899998891844e-05,4.139999987273768e-06,96,False
975,4.131500000426058e-05,0.00021214599999552775,7.6030000002447196e-06,0.00010654499999418476,0.00010560100000134298,6.02999998022824e-06,96,False
976,6.764099998690654e-05,0.00010776899998177214,9.111999986544106e-06,9.843000015052894e-06,9.792599996671925e-05,5.092999998623782e-06,96,False
977,4.3363000003182606e-05,0.0001395809999849007,9.11899999778143e-06,7.425999996257815e-06,0.00013215499998864289,3.7469999938366527e-06,96,False
978,5.9869000011758544e-05,0.0001041310000005069,6.737000006751259e-06,9.242000004405782e-06,9.488899999610112e-05,5.004999991342629e-06,96,False
979,4.015700000081779e-05,9.266800000773401e-05,6.678000005422291e-06,7.609999983060334e-06,8.505800002467367e-05,3.7349999786329136e-06,96,False
980,3.937900001460548e-05,9.004899999354166e-05,6.626000015330646e-06,7.2630000147455576e-06,8.27859999787961e-05,3.7049999832561298e-06,96,False
981,3.734099999519458e-05,8.818599999926846e-05,6.673999990880475e-06,7.221999993589634e-06,8.096400000567883e-05,3.3949999931337516e-06,96,False
982,3.803399999924295e-05,8.889800000133619e-05,5.655999984810478e-06,7.035999999516207e-06,8.186200000181998e-05,3.623000026209411e-06,96,False
983,3.7380999998504194e-05,0.00020404700001108722,7.2009999882993725e-06,7.407999987663061e-06,0.00019663900002342416,3.684999995812177e-06,96,False
984,4.6476999983724454e-05,0.00010197100002073967,8.756999989145697e-06,8.289000021477477e-06,9.368199999926219e-05,4.0719999958582775e-06,96,False
985,6.956699999705052e-05,0.00010879199999180855,9.136000016951584e-06,9.584999986600451e-06,9.92070000052081e-05,5.183999974178732e-06,96,False
986,4.1084000002911125e-05,9.453799998482282e-05,5.963999996083658e-06,8.269000005611815e-06,8.6268999979211e-05,4.334000010430827e-06,96,False
987,3.94580000033784e-05,0.0001576180000029126,8.027999996329527e-06,7.0049999862931145e-06,0.00015061300001661948,3.71599998061356e-06,96,False
988,4.5792999998184314e-05,9.706700001288482e-05,6.321000000752974e-06,8.734000005006237e-06,8.833300000787858e-05,4.055000005109832e-06,96,False
989,4.0046999998821775e-05,9.20320000261654e-05,6.181000003380177e-06,7.788999994318146e-06,8.424300003184726e-05,3.899000006413189e-06,96,False
990,3.8084999999909996e-05,0.00011839899997312386,8.052000026737005e-06,1.3257999995630598e-05,0.00010514099997749327,5.447000006597591e-06,96,False
991,4.616399999690657e-05,0.00011258600000019214,6.2889999981052824e-06,8.273000020153631e-06,0.00010431299998003851,3.9889999925435404e-06,96,False
992,4.14620000128707e-05,9.089400001016656e-05,6.629000012026154e-06,7.400000015422847e-06,8.349399999474372e-05,3.9440000136892195e-06,96,False
993,3.877299999999195e-05,8.980300000871466e-05,6.323000008023882e-06,7.515999982388166e-06,8.22870000263265e-05,3.5179999997581035e-06,96,False
994,3.819199997678879e-05,0.00010924299999715004,8.097999995015925e-06,7.791000001589055e-06,0.00010145199999556098,3.528999997115534e-06,96,False
995,5.436699998995209e-05,0.0001513229999829946,7.434999986344337e-06,8.998999987852585e-06,0.000142323999995142,2.513300000828167e-05,96,False
996,7.38529999750881e-05,0.00010945599998990474,6.712999976343781e-06,1.0398000000577667e-05,9.905799998932707e-05,4.649000004519621e-06,96,False
997,4.8276999990548575e-05,0.00011211199998228949,8.382999993727935e-06,9.79000000711494e-06,0.00010232199997517455,4.455999999208871e-06,96,False
998,3.983400000606707e-05,9.244099999250466e-05,5.966000003354566e-06,7.272999994256679e-06,8.516799999824798e-05,3.7359999964792223e-06,96,False
999,3.920000000334767e-05,9.066500001608802e-05,5.455999996684113e-06,7.375999985015369e-06,8.328900003107265e-05,3.383999995776321e-06,96,False
1000,3.861399997617809e-05,0.00012194100000328945,7.4149999989003845e-06,7.521000014776291e-06,0.00011441999998851315,3.858000013678975e-06,96,False
1001,4.648899999892819e-05,9.659199997713586e-05,9.763999997858264e-06,8.073999993030156e-06,8.85179999841057e-05,4.296000014392121e-06,96,False
1002,7.240499999738859e-05,0.00010914900002489958,8.317999999007952e-06,9.952999988627198e-06,9.919600003627238e-05,5.401999999321561e-06,96,False
1003,4.3126000008442134e-05,9.511199999678865e-05,6.686000006084214e-06,8.425000004308458e-06,8.66869999924802e-05,3.949000017655635e-06,96,False
1004,3.997199999616896e-05,9.000800000080744e-05,6.350999996129758e-06,7.621999998264073e-06,8.238600000254337e-05,3.6389999991115474e-06,96,False
1005,3.8896000006616305e-05,8.861800000659059e-05,6.796000008080227e-06,7.312999997566294e-06,8.13050000090243e-05,3.4279999852060428e-06,96,False
1006,7.038000001102773e-05,0.00015703999997640494,9.30000001631015e-06,3.7800999990622586e-05,0.00011923899998578236,6.578000011359109e-06,96,False
1007,4.6326000017415936e-05,9.602800000152456e-05,6.652000024587323e-06,8.118000010881588e-06,8.790999999064297e-05,3.885000012360251e-06,96,False
1008,3.9657999991504767e-05,9.009400000081769e-05,6.5429999835942e-06,7.531999983712012e-06,8.256200001710567e-05,3.827000000455882e-06,96,False
1009,3.9238999988810974e-05,8.800700001643236e-05,5.891999990126351e-06,7.081999996216837e-06,8.092500002021552e-05,3.3869999924718286e-06,96,False
1010,3.8076999999248073e-05,8.866400000329122e-05,6.358000007367082e-06,7.170999992922589e-06,8.149300001036863e-05,3.4410000182560907e-06,96,False
1011,3.868100000659069e-05,0.00012556999999446816,7.19199999821285e-06,6.956999982321577e-06,0.00011861300001214659,3.7519999978030683e-06,96,False
1012,4.3661000006522954e-05,0.00010922499998855528,5.7999999967250915e-06,8.022000002938512e-06,0.00010120299998561677,3.4939999977723346e-06,96,False
1013,3.8965000015878104e-05,9.000100001799183e-05,6.619999993517922e-06,7.656999997607272e-06,8.234400002038456e-05,3.870999989885604e-06,96,False
1014,3.816099999198741e-05,9.11219999863988e-05,6.4769999994496175e-06,7.710000005545226e-06,8.341199998085358e-05,3.4419999792589806e-06,96,False
1015,3.8245000013148456e-05,8.841700000061792e-05,6.495999997468971e-06,7.164999999531574e-06,8.125200000108634e-05,3.421999991815028e-06,96,False
1016,3.809499997942112e-05,8.775099999525082e-05,6.300999984887312e-06,7.49999998106432e-06,8.02510000141865e-05,3.507000002400673e-06,96,False
1017,3.7162999973361366e-05,0.0001255070000070191,6.358999996791681e-06,2.628599997933634e-05,9.922100002768275e-05,5.651999998690371e-06,96,False
1018,4.1872000025477973e-05,9.0451000005487e-05,5.829999992101875e-06,7.712999973819024e-06,8.273800003166798e-05,3.6059999786175467e-06,96,False
1019,3.7993999995933336e-05,8.972500000936634e-05,6.4509999901929405e-06,7.364999987657939e-06,8.23600000217084e-05,3.7289999852418987e-06,96,False
1020,3.763499998399311e-05,8.938700000271638e-05,6.350000006705159e-06,7.667000005540103e-06,8.171999999717627e-05,3.5110000169424893e-06,96,False
1021,3.736100001106024e-05,8.996799999749783e-05,5.5750000171883585e-06,7.342999992943078e-06,8.262500000455475e-05,3.4619999951246427e-06,96,False
1022,3.65049999970779e-05,8.869600000593891e-05,5.5490000079316815e-06,6.966999990254408e-06,8.17290000156845e-05,3.844000019626037e-06,96,False
1023,3.7560999999186606e-05,0.00011925500001552791,6.227999989505406e-06,6.6750000087267836e-06,0.00011258000000680113,3.3960000109800603e-06,96,False
1024,4.1367999983776826e-05,9.23510000063743e-05,5.479999998669882e-06,8.089999994354002e-06,8.42610000120203e-05,3.456000001733628e-06,96,False
1025,3.775999999788837e-05,8.944100000007893e-05,5.724000004647678e-06,7.5929999923118885e-06,8.184800000776704e-05,3.5059999845543643e-06,96,False
1026,3.841100001977793e-05,8.915200001524681e-05,5.528999992066019e-06,7.76100000621227e-06,8.139100000903454e-05,3.4269999957814434e-06,96,False
1027,3.803300000981835e-05,8.870799999272094e-05,5.340999990721684e-06,6.716999990885597e-06,8.199100000183535e-05,3.54499999843938e-06,96,False
1028,3.665300002353433e-05,8.71819999872514e-05,5.338999983450776e-06,7.329999988314739e-06,7.985199999893666e-05,3.652000003739886e-06,96,False
1029,3.644999998186904e-05,0.00025353399999517023,1.5028999996502534e-05,6.886999983635178e-06,0.00024664700001153506,3.5969999885310244e-06,96,False
1030,0.00010758499999496962,0.00015098800000146184,8.77500002616216e-06,1.3805999998339757e-05,0.00013718200000312208,8.960000002389279e-06,96,False
1031,5.455199999460092e-05,0.00011145100000931052,7.552999989002274e-06,9.421000015663594e-06,0.00010202999999364692,4.471000011108117e-06,96,False
1032,4.686599999104146e-05,0.00010385200002360762,7.052000000840053e-06,8.52600001621795e-06,9.532600000738967e-05,4.165000007105846e-06,96,False
1033,4.456499999605512e-05,9.984899998016772e-05,6.8189999922196876e-06,7.97800001350879e-06,9.187099996665893e-05,3.8159999746767426e-06,96,False
1034,4.308800001240343e-05,0.00012169800001515796,6.896999991568009e-06,7.987999993019912e-06,0.00011371000002213805,3.7669999812806054e-06,96,False
1035,4.2758000006415386e-05,9.463899999673231e-05,6.278999990172451e-06,7.497999973793412e-06,8.71410000229389e-05,3.4890000222276285e-06,96,False
1036,4.067099999360835e-05,0.00010576900001524336,6.8690000034621335e-06,1.013300001773132e-05,9.563599999751204e-05,4.264000011744429e-06,96,False
1037,9.941399997615008e-05,0.00022228699998549928,1.6792999986137147e-05,2.9127000004791626e-05,0.00019315999998070765,1.1161999992737037e-05,96,False
1038,7.661399999392415e-05,0.00012435700000423822,8.766999997078528e-06,1.1639000007335198e-05,0.00011271799999690302,5.111999996643135e-06,96,False
1039,5.3657000023576984e-05,0.00011352699999633842,8.535000006304472e-06,1.014500000451335e-05,0.00010338199999182507,4.402999991270917e-06,96,False
1040,4.975300001319738e-05,0.0001053960000092502,7.912999990367098e-06,8.772999990469543e-06,9.662300001878066e-05,4.097000015690355e-06,96,False
1041,4.7205000015537735e-05,0.00010178500002666624,7.861999989700053e-06,8.500999996385872e-06,9.328400003028037e-05,3.894000002446774e-06,96,False
1042,4.52619999862236e-05,9.90670000078353e-05,7.783999990351731e-06,8.335000018178107e-06,9.07319999896572e-05,3.735000007054623e-06,96,False
1043,4.254699999250988e-05,9.845499999983076e-05,7.643000003554334e-06,8.431999987124073e-06,9.002300001270669e-05,3.6839999779658683e-06,96,False
1044,5.375500001036926e-05,9.821199998327756e-05,7.883000023412023e-06,8.422000007612951e-06,8.978999997566461e-05,3.8999999958377884e-06,96,False
1045,8.256600000322578e-05,0.0001062020000119901,7.651999993640857e-06,9.355999992521902e-06,9.684600001946819e-05,4.5349999879817915e-06,96,False
1046,4.380600000786217e-05,9.795099998655132e-05,7.229000004826958e-06,8.135999991054632e-06,8.981499999549669e-05,3.985999995848033e-06,96,False
1047,4.055499999822132e-05,9.576499999752741e-05,4.310400001372727e-05,7.75000000885484e-06,8.801499998867257e-05,3.797999994503698e-06,96,False
1048,4.6452999981738685e-05,0.0001010379999968336,7.177000014735313e-06,8.043999997653373e-06,9.299399999918023e-05,3.878000001122928e-06,96,False
1049,4.2462999999770545e-05,9.669199999962075e-05,6.774000013365367e-06,8.175999994364247e-06,8.85160000052565e-05,3.4800000037193968e-06,96,False
1050,4.273100000773411e-05,9.578500001339307e-05,6.6469999921991985e-06,8.334000000331798e-06,8.745100001306128e-05,3.800000001774606e-06,96,False
1051,4.14289999923767e-05,0.0001564989999849331,9.126999998443353e-06,1.790700000015022e-05,0.0001385919999847829,6.571000000121785e-06,96,False
1052,5.2541000002293003e-05,0.0001010020000080658,7.850000002918023e-06,8.820000005016482e-06,9.218200000304932e-05,4.340999993246442e-06,96,False
1053,4.295799999454175e-05,9.552299999882052e-05,7.2719999764103704e-06,7.945000021436499e-06,8.757799997738402e-05,3.86400000706999e-06,96,False
1054,8.277699998870958e-05,0.00011926900000958085,8.609999980535576e-06,1.2358999981643137e-05,0.00010691000002793771,5.571999992071142e-06,96,False
1055,8.033299999965493e-05,0.0001067660000160231,8.21700001552017e-06,1.0002999999869644e-05,9.676300001615346e-05,4.619999998567437e-06,96,False
1056,4.239999998389976e-05,9.412800000063726e-05,7.116000006135437e-06,7.926999984420036e-06,8.620100001621722e-05,3.7730000030933297e-06,96,False
1057,4.14280000029521e-05,9.435000001190019e-05,6.618999975671613e-06,8.264999991069999e-06,8.60850000208302e-05,3.823000014335776e-06,96,False
1058,4.9657000005254304e-05,9.420500001056098e-05,6.767999991552642e-06,7.88699998111042e-06,8.631800002945056e-05,3.832999993846897e-06,96,False
1059,4.0023999986260606e-05,9.297299999388997e-05,6.511999998792817e-06,7.768999978452484e-06,8.520400001543749e-05,3.843999991204328e-06,96,False
1060,3.95989999901758e-05,0.0001265989999978956,8.868999998412619e-06,7.277000008798495e-06,0.0001193219999890971,3.6149999971257785e-06,96,False
1061,4.9962999980834866e-05,0.00010248999998907493,7.478000014771169e-06,9.105999993153091e-06,9.338399999592184e-05,4.396000008455303e-06,96,False
1062,4.2598999982601526e-05,9.435100000132479e-05,6.928000004791102e-06,7.866999993666468e-06,8.648400000765832e-05,4.055000005109832e-06,96,False
1063,3.9262000001372144e-05,9.024999999951433e-05,6.737000006751259e-06,7.612000018752951e-06,8.263799998076138e-05,3.612000000430271e-06,96,False
1064,3.760000001307162e-05,9.08030000061899e-05,7.0490000041445455e-06,7.3629999803870305e-06,8.344000002580287e-05,3.5190000176044123e-06,96,False
1065,3.8017000008494506e-05,9.011899999222805e-05,7.140999997545805e-06,7.379999999557185e-06,8.273899999267087e-05,3.523000003724519e-06,96,False
1066,3.812400001379501e-05,0.00016028300001380558,9.127999987867952e-06,1.5826999998580504e-05,0.00014445600001522507,5.908999980874796e-06,96,False
1067,4.746100000829756e-05,9.616899998832196e-05,7.0570000048064685e-06,7.984000006899805e-06,8.818499998142215e-05,4.012999994529309e-06,96,False
1068,4.054100000416838e-05,9.193900001491784e-05,6.718000008731906e-06,7.672999998931118e-06,8.426600001598672e-05,3.6899999997785926e-06,96,False
1069,3.9705999995476304e-05,9.121200000095087e-05,6.447999993497433e-06,7.638999989012518e-06,8.357300001193835e-05,3.7039999938315304e-06,96,False
1070,3.8896000006616305e-05,8.916699999872435e-05,6.458000001430264e-06,7.479000004195768e-06,8.168799999452858e-05,3.664000018943625e-06,96,False
1071,3.8109000001895765e-05,8.728099999188998e-05,6.763999977010826e-06,7.457999998905507e-06,7.982299999298448e-05,3.3660000156032766e-06,96,False
1072,3.763699999126402e-05,9.169800000563555e-05,6.608999996160492e-06,7.2919999922760326e-06,8.440600001335952e-05,3.4330000175941677e-06,96,False
1073,3.666999998586107e-05,8.543900000290705e-05,6.345000002738743e-06,7.046000007449038e-06,7.839299999545801e-05,3.3480000070085225e-06,96,False
1074,3.685000001496519e-05,8.819399999993038e-05,5.977000000711996e-06,7.035999999516207e-06,8.115800000041418e-05,3.6430000136533636e-06,96,False
1075,3.823699998406482e-05,8.824299999332652e-05,6.286000001409775e-06,6.977999987611838e-06,8.126500000571468e-05,3.3929999858628435e-06,96,False
1076,3.671600001098341e-05,0.0001264590000005228,7.128000021339176e-06,1.2351999998827523e-05,0.00011410700000169527,5.002999984071721e-06,96,False
1077,4.046099999754915e-05,8.970400000407608e-05,6.38299999877745e-06,7.495000005519614e-06,8.220899999855646e-05,3.6090000037347636e-06,96,False
1078,7.379499999160544e-05,0.00010074700000473058,6.758000012041521e-06,9.60900001700793e-06,9.113799998772265e-05,4.093000001148539e-06,96,False
1079,4.0114999990237266e-05,8.896099998878526e-05,6.1450000146123784e-06,7.801999998946485e-06,8.115899998983878e-05,3.603999999768348e-06,96,False
1080,4.291599998396123e-05,8.921200000600038e-05,6.374000008690928e-06,7.060000001501976e-06,8.21520000044984e-05,3.7119999944934534e-06,96,False
1081,3.827599999794984e-05,8.7850999989314e-05,6.396999992830388e-06,6.6309999908753525e-06,8.121999999843865e-05,3.5190000176044123e-06,96,False
1082,3.685900000505171e-05,8.799699998007782e-05,6.374000008690928e-06,7.186000004821835e-06,8.081099997525598e-05,3.811999988556636e-06,96,False
1083,3.813000000718603e-05,8.680999999910455e-05,6.1890000040421e-06,7.277999998223095e-06,7.953200000088145e-05,3.5190000176044123e-06,96,False
1084,3.780600002301071e-05,8.828100001778694e-05,6.036000002040964e-06,7.195999984332957e-06,8.108500003345398e-05,3.4770000070238893e-06,96,False
1085,3.7186000014344245e-05,8.815799998274088e-05,6.0950000033699325e-06,7.712000012816134e-06,8.044599996992474e-05,3.4029999937956745e-06,96,False
1086,3.6981000022251465e-05,8.780599998203797e-05,6.1030000040318555e-06,7.151000005478636e-06,8.065499997655934e-05,3.5249999825737177e-06,96,False
1087,4.056900002069597e-05,8.626199999639539e-05,6.028000001379041e-06,6.8429999942054565e-06,7.941900000218993e-05,3.509000009671581e-06,96,False
1088,3.6512000008315226e-05,8.467399999290137e-05,5.675000011251541e-06,6.509000002097309e-06,7.816499999080406e-05,3.2530000169117557e-06,96,False
1089,3.637300000036703e-05,8.59480000201529e-05,6.4609999981257715e-06,6.845999990900964e-06,7.910200002925194e-05,3.3540000003995374e-06,96,False
1090,3.6743000009664684e-05,0.00012172099999929742,6.377000005386435e-06,7.240000002184388e-06,0.00011448099999711303,3.327000001718261e-06,96,False
1091,4.2304000004378395e-05,9.152399999834415e-05,5.533999996032435e-06,7.672000009506519e-06,8.385199998883763e-05,3.927999983943664e-06,96,False
1092,3.793100000848426e-05,8.824200000390192e-05,5.7759999947393226e-06,7.417000006171293e-06,8.082499999773063e-05,3.7360000249009317e-06,96,False
1093,3.724999999121792e-05,8.656200000700665e-05,5.280999999968117e-06,6.893999994872502e-06,7.966800001213414e-05,3.652000003739886e-06,96,False
1094,3.8610000018479695e-05,8.754099999919163e-05,5.431999994698344e-06,7.336999999552063e-06,8.020399999963956e-05,3.5019999984342576e-06,96,False
1095,3.679400001033173e-05,8.644600001161962e-05,5.489000017178114e-06,7.389999979068307e-06,7.905600003255131e-05,3.515000003062596e-06,96,False
1096,3.622500000233231e-05,8.475799998564071e-05,5.441000013206576e-06,6.759999990890719e-06,7.799799999474999e-05,3.421999991815028e-06,96,False
1097,3.582599998708247e-05,8.649800000171126e-05,5.4180000006454065e-06,7.025999991583376e-06,7.947200001012789e-05,3.3519999931286293e-06,96,False
1098,3.6877000013646466e-05,8.761500001241984e-05,5.443999981480374e-06,6.932000019332918e-06,8.068299999308692e-05,3.6010000030728406e-06,96,False
1099,3.679100001363622e-05,8.716799999319846e-05,5.1850000204467506e-06,7.621999998264073e-06,7.954599999493439e-05,3.3849999852009205e-06,96,False
1100,3.638300000829986e-05,9.58290000028228e-05,5.90400000533009e-06,6.789999986267503e-06,8.903900001655529e-05,3.2089999990603246e-06,96,False
1101,4.312100000447572e-05,8.72479999998177e-05,5.947999994759812e-06,6.987999995544669e-06,8.026000000427302e-05,3.5559999957968103e-06,96,False
1102,3.691500000968517e-05,8.658699999841701e-05,5.3579999814701296e-06,6.967999979679007e-06,7.9619000018738e-05,3.31699999378543e-06,96,False
1103,3.824099999860664e-05,0.0001016669999955866,5.987000008644827e-06,9.935000008454153e-06,9.173199998713244e-05,4.227000005130321e-06,96,False
1104,3.9851999986240116e-05,8.788900001377442e-05,5.497999978842927e-06,7.456999981059198e-06,8.043200003271522e-05,3.6389999991115474e-06,96,False
1105,3.651800000170624e-05,8.760599999391161e-05,5.568999995375634e-06,7.421000020713109e-06,8.01849999731985e-05,3.3389999885002908e-06,96,False
1106,3.739400000313253e-05,8.848499999203341e-05,5.2039999900443945e-06,7.30599998632897e-06,8.117900000570444e-05,3.652000003739886e-06,96,False
1107,3.697500000043874e-05,8.717500000443579e-05,5.376999979489483e-06,7.398000008151939e-06,7.977699999628385e-05,3.3560000076704455e-06,96,False
1108,3.6446000024170644e-05,8.4823999998207e-05,5.545000021811575e-06,6.5659999961553694e-06,7.825800000205163e-05,3.37399998784349e-06,96,False
1109,3.575899998509158e-05,8.80249999966054e-05,5.461000000650529e-06,7.250000010117219e-06,8.077499998648818e-05,3.413999991153105e-06,96,False
1110,3.71700000130204e-05,8.66160000043692e-05,5.829000002677276e-06,6.7880000074183044e-06,7.98279999969509e-05,3.3219999977518455e-06,96,False
1111,3.665799999907904e-05,8.906700000466117e-05,5.5830000178502814e-06,7.165999988956173e-06,8.1901000015705e-05,3.421999991815028e-06,96,False
1112,3.957700002388265e-05,0.0002481779999925493,1.4440000001059161e-05,7.276000019373896e-06,0.0002409019999731754,4.908200000386387e-05,96,False
1113,8.132799999316376e-05,0.00011575800002106007,7.578000008834351e-06,1.1260000007951021e-05,0.00010449800001310905,5.123000022422275e-06,96,False
1114,8.133500000440108e-05,0.00010932300000376927,7.060000001501976e-06,9.991000013087614e-06,9.933199999068165e-05,4.738000001225373e-06,96,False
1115,5.592999997361403e-05,9.943000000589564e-05,6.500000012010787e-06,8.420000000342043e-06,9.101000000555359e-05,4.208000007110968e-06,96,False
1116,4.204399999707675e-05,9.560199998759344e-05,6.076000005350579e-06,7.947000000285698e-06,8.765499998730775e-05,3.837999997813313e-06,96,False
1117,4.08630000094945e-05,9.406800000988369e-05,6.110000015269179e-06,7.662999990998287e-06,8.64050000188854e-05,3.7720000136687304e-06,96,False
1118,4.022499999223328e-05,0.00010623399998621608,9.524999995846883e-06,7.53399999098292e-06,9.869999999523316e-05,3.6219999799413927e-06,96,False
1119,7.313199998293385e-05,0.00011617000001251654,7.55700000354409e-06,1.2373000004117785e-05,0.00010379700000839875,5.119999997305058e-06,96,False
1120,4.728100000761515e-05,0.00026187200001004385,9.55199999452816e-06,1.994699999841032e-05,0.00024192500001163353,6.696000014017045e-06,96,False
1121,5.345700000702891e-05,0.00026978300002156175,9.856000019681233e-06,1.229900001931128e-05,0.00025748400000225047,5.388999994693222e-06,96,False
1122,6.515699999454228e-05,0.00024382099999797902,5.7314999992286175e-05,2.6190999989239572e-05,0.00021763000000873944,9.15199998985372e-06,96,False
1123,6.93149999904108e-05,0.0001230820000159838,8.280000002969246e-06,1.0983999999325533e-05,0.00011209800001665826,5.397999984779744e-06,96,False
1124,4.460000002382003e-05,9.293699997670046e-05,1.0295999999243577e-05,7.690999979104163e-06,8.52459999975963e-05,3.7289999852418987e-06,96,False
1125,8.047099998975682e-05,0.00011152600001196333,8.33299998248549e-06,9.910999978046675e-06,0.00010161500003391666,5.481000016516191e-06,96,False
1126,4.3011999991904304e-05,9.534299999813811e-05,7.08900000745416e-06,8.904999987180418e-06,8.64380000109577e-05,4.010999987258401e-06,96,False
1127,3.953899999942223e-05,9.053299999095543e-05,6.6489999994701066e-06,7.46599999956743e-06,8.3066999991388e-05,3.7660000202777155e-06,96,False
1128,3.749600000446662e-05,8.885099998678925e-05,6.296999998767205e-06,7.04400000017813e-06,8.180699998661112e-05,3.520999996453611e-06,96,False
1129,4.4379999991406294e-05,8.937699999478355e-05,6.71300000476549e-06,6.762999987586227e-06,8.261400000719732e-05,3.464000002395551e-06,96,False
1130,3.867399999535337e-05,8.754099999919163e-05,6.421000023237866e-06,7.128000021339176e-06,8.041299997785245e-05,3.5840000123243954e-06,96,False
1131,9.926300000984156e-05,0.00010824700001421661,8.773999979894143e-06,9.707000003800204e-06,9.85400000104164e-05,5.430000015849146e-06,96,False
1132,4.20619999772498e-05,9.281100000180231e-05,7.365999977082538e-06,7.336999999552063e-06,8.547400000225025e-05,3.92100000112805e-06,96,False
1133,3.95620000119834e-05,9.2558000005738e-05,7.318999990957309e-06,7.777000007536117e-06,8.478099999820188e-05,3.879999979972126e-06,96,False
1134,5.451600000583312e-05,9.690599998180005e-05,6.2129999776061595e-06,8.693000012272023e-06,8.821299996952803e-05,4.144999991240184e-06,96,False
1135,3.884299999867835e-05,9.0521999993598e-05,6.666999979643151e-06,7.436000004190646e-06,8.308599998940736e-05,3.933000016331789e-06,96,False
1136,3.771300001176314e-05,9.031799999092982e-05,5.974999993441088e-06,7.0570000048064685e-06,8.326099998612335e-05,3.679000002421162e-06,96,False
1137,3.704600001697145e-05,8.732899999586152e-05,5.7499999854826456e-06,7.062000008772884e-06,8.026699998708864e-05,3.4220000202367373e-06,96,False
1138,3.6856999997780804e-05,8.84129999860761e-05,5.455000007259514e-06,7.446000012123477e-06,8.096699997395262e-05,3.6350000129914406e-06,96,False
1139,3.7265999992541765e-05,8.696199998325937e-05,1.024600001642284e-05,6.722000023273722e-06,8.023999995998565e-05,3.4370000037142745e-06,96,False
1140,7.14589999972759e-05,0.00010586400000534013,2.415099999097947e-05,9.447999985923161e-06,9.641600001941697e-05,5.286999993359132e-06,96,False
1141,6.573999999659463e-05,0.00010322399998585752,2.7898000013237834e-05,9.14199998192089e-06,9.408200000393663e-05,4.881999984718277e-06,96,False
1142,5.7187999999541717e-05,9.971500000460765e-05,7.610000011482043e-06,8.898000004364803e-06,9.081700000024284e-05,4.367000002503119e-06,96,False
1143,4.006700001468744e-05,9.682600000360253e-05,6.313000000091051e-06,8.01199999500568e-06,8.881400000859685e-05,3.8029999984701135e-06,96,False
1144,4.1472999981806424e-05,9.044099999755417e-05,6.0300000086499495e-06,7.183999997550927e-06,8.325700000000325e-05,3.62400001563401e-06,96,False
1145,3.81929999946351e-05,8.862900000394802e-05,5.7270000013431854e-06,7.07800001009673e-06,8.155099999385129e-05,3.6479999891980697e-06,96,False
1146,3.777499998136591e-05,8.91130000013618e-05,5.576999996037557e-06,7.498000002215122e-06,8.161499999914668e-05,3.680000020267471e-06,96,False
1147,3.756400002430382e-05,8.990000000608234e-05,5.7630000185326935e-06,7.3159999942618015e-06,8.258400001182054e-05,3.4870000149567204e-06,96,False
1148,3.7321000007750627e-05,8.812300001181939e-05,6.77099998824815e-06,7.322000016074526e-06,8.080099999574486e-05,3.668000005063732e-06,96,False
1149,3.748500000710919e-05,0.0005289899999922909,1.5469000004486588e-05,7.015000022647655e-06,0.0005219749999696432,3.4109999944575975e-06,96,False
1150,9.086400001478978e-05,0.00016653700001256766,1.11120000099163e-05,1.549999998928797e-05,0.0001510370000232797,9.011000003056324e-06,96,False
1151,6.28070000061598e-05,0.00011522200000513294,7.908000014822392e-06,9.67700000842342e-06,0.00010554499999670952,4.504000003180408e-06,96,False
1152,5.277100001421786e-05,0.00011801200000149947,7.111000002169021e-06,9.433999991870223e-06,0.00010857800000962925,4.842000009830372e-06,96,False
1153,4.29039999971792e-05,9.394599999268394e-05,7.463999992296522e-06,7.233000019368774e-06,8.671299997331516e-05,3.7869999971462676e-06,96,False
1154,4.014199998891854e-05,9.279500000047847e-05,6.909000006771748e-06,7.288999995580525e-06,8.550600000489794e-05,3.751000008378469e-06,96,False
1155,3.91769999907865e-05,9.262000000376247e-05,7.070000009434807e-06,7.498999991639721e-06,8.512100001212275e-05,3.652000003739886e-06,96,False
1156,3.961899997761975e-05,9.015300000214665e-05,6.334999994805912e-06,6.890000008752395e-06,8.326299999339426e-05,3.696999982594207e-06,96,False
1157,3.91740000225127e-05,0.00023327699997821583,1.2829000013425684e-05,6.983999981002853e-06,0.00022629299999721297,3.4859999971104116e-06,96,False
1158,6.405999999969936e-05,0.00011132800000268617,2.6031000004422822e-05,1.0551999992003402e-05,0.00010077600001068276,5.272999999306194e-06,96,False
1159,4.600499997309271e-05,9.831699998130716e-05,7.689999989679563e-06,8.921000016925973e-06,8.939599996438119e-05,4.156000017019323e-06,96,False
1160,4.056899999227426e-05,9.352899999726105e-05,7.0650000054683915e-06,7.855000006884438e-06,8.567399999037661e-05,3.6450000209242717e-06,96,False
1161,3.915400000664704e-05,9.300199999984216e-05,8.030999993025034e-06,7.748000001583932e-06,8.525399999825822e-05,3.8470000163215445e-06,96,False
1162,8.264799998869421e-05,0.00012149700000918529,9.714000015037527e-06,1.2084999980288558e-05,0.00010941200002889673,5.947000005335212e-06,96,False
1163,4.7066999997014136e-05,9.648299999298615e-05,7.46599999956743e-06,8.059999998977219e-06,8.842299999400893e-05,4.10300000908137e-06,96,False
1164,4.161499998645013e-05,9.374799998340677e-05,6.7379999961758585e-06,7.88699998111042e-06,8.586100000229635e-05,3.585999991173594e-06,96,False
1165,3.971900000010464e-05,9.212200001229576e-05,6.761000008737028e-06,7.594000010158197e-06,8.452800000213756e-05,3.468000016937367e-06,96,False
1166,7.323799999880976e-05,0.00012141199999859964,8.872999984532726e-06,1.3012000010803604e-05,0.00010839999998779604,5.735999991429708e-06,96,False
1167,4.5986999992919664e-05,9.578399999554676e-05,7.0570000048064685e-06,8.139999977174739e-06,8.764400001837203e-05,3.9829999991525256e-06,96,False
1168,4.099500000620537e-05,9.343199999989338e-05,6.58899998029483e-06,7.92099999102902e-06,8.551100000886436e-05,3.6579999971309007e-06,96,False
1169,4.0615999978399486e-05,9.202399999708177e-05,6.409999997458726e-06,7.734999996955594e-06,8.428900000012618e-05,3.7500000189538696e-06,96,False
1170,4.001499999617408e-05,0.00011828899999954956,8.667999992439945e-06,1.244699998892429e-05,0.00010584200001062527,5.305999991378485e-06,96,False
1171,4.6895999986418246e-05,0.0001019860000042172,7.12400000679736e-06,8.996999980581677e-06,9.298900002363553e-05,4.05800000180534e-06,96,False
1172,4.146700001683712e-05,9.218100001362473e-05,6.670999994184967e-06,7.859999982429144e-06,8.432100003119558e-05,3.507000002400673e-06,96,False
1173,4.0331999997533785e-05,8.998199999155077e-05,6.205000005365946e-06,7.722000020748965e-06,8.22599999708018e-05,3.835000001117805e-06,96,False
1174,3.939500001592933e-05,9.085000002073684e-05,6.313000000091051e-06,7.040999975060913e-06,8.380900004567593e-05,3.6589999865555e-06,96,False
1175,3.7811999987980016e-05,8.858300000724739e-05,6.624000008059738e-06,7.060000001501976e-06,8.152300000574542e-05,3.646000010348871e-06,96,False
1176,4.113899998969828e-05,8.975699998359232e-05,6.174000020564563e-06,7.466999988992029e-06,8.22899999946003e-05,3.724999999121792e-06,96,False
1177,3.772599998796977e-05,0.00016357300000890973,9.110999997119507e-06,2.010800000107338e-05,0.00014346500000783635,7.468000006838338e-06,96,False
1178,5.206299999827024e-05,0.00010001000001125249,7.664000008844596e-06,8.737000001701745e-06,9.127300000955074e-05,4.028000006428556e-06,96,False
1179,4.3331000000534914e-05,9.238199999117569e-05,6.76999999882355e-06,7.641000024705136e-06,8.474099996647055e-05,3.878000001122928e-06,96,False
1180,3.927500000600048e-05,0.00010407700000314435,6.810000002133165e-06,7.589999995616381e-06,9.648700000752797e-05,1.6028000004553178e-05,96,False
1181,4.0057999996179205e-05,9.01699999928951e-05,6.522999996150247e-06,7.365000016079648e-06,8.280499997681545e-05,3.652999993164485e-06,96,False
1182,3.73499999852811e-05,8.786000000782224e-05,6.4589999908548634e-06,7.062000008772884e-06,8.079799999904935e-05,3.3400000063465995e-06,96,False
1183,3.7910000003194e-05,8.751600000778126e-05,6.566000024577079e-06,7.087000000183252e-06,8.0429000007598e-05,3.5609999997632258e-06,96,False
1184,3.760399999919173e-05,8.796000000188542e-05,6.126000016593025e-06,7.006999993564023e-06,8.09530000083214e-05,3.8130000064029446e-06,96,False
1185,3.73489999958565e-05,8.646899999575908e-05,6.110000015269179e-06,6.9259999975201936e-06,7.954299999823888e-05,3.5660000037296413e-06,96,False
1186,4.3637000004537185e-05,8.88669999881131e-05,6.218999999418884e-06,7.275999990952187e-06,8.159099999716091e-05,3.842000012355129e-06,96,False
1187,3.795899999659014e-05,8.76370000071347e-05,6.634999976995459e-06,6.933000008757517e-06,8.070399999837718e-05,3.3080000036989077e-06,96,False
1188,3.6786000009669806e-05,8.715499998857013e-05,6.3699999941491114e-06,6.854000019984596e-06,8.030099996858553e-05,3.54499999843938e-06,96,False
1189,3.7313000007088704e-05,0.00010550900000794172,7.034999981669898e-06,1.023600000849001e-05,9.527299999945171e-05,4.300999989936827e-06,96,False
1190,4.0537000018048275e-05,9.016299998165778e-05,6.063000000722241e-06,7.635000002892411e-06,8.252799997876537e-05,3.662000011672717e-06,96,False
1191,3.763699999126402e-05,8.986600002458545e-05,6.111999994118378e-06,7.315000004837202e-06,8.255100001974824e-05,3.4699999957865657e-06,96,False
1192,3.8052999997262305e-05,9.202500001492808e-05,6.2729999967814365e-06,7.2710000154074805e-06,8.47539999995206e-05,3.4290000030523515e-06,96,False
1193,7.83860000126424e-05,0.00010646999999153195,6.862999981649409e-06,9.758999993891848e-06,9.67109999976401e-05,4.539000002523608e-06,96,False
1194,4.0172000012717035e-05,9.90670000078353e-05,5.194300001676311e-05,8.021000013513913e-06,9.104599999432139e-05,3.800000001774606e-06,96,False
1195,5.270100001553146e-05,0.00010166100000219558,6.71300000476549e-06,8.575999999038686e-06,9.308500000315689e-05,3.773999992517929e-06,96,False
1196,3.907400000002781e-05,8.938999999941188e-05,6.259999992153098e-06,6.962000014709702e-06,8.242799998470218e-05,3.5120000063670886e-06,96,False
1197,3.829499999596919e-05,8.959999999547108e-05,6.082999988166193e-06,7.071999988284006e-06,8.252800000718707e-05,3.6759999773039453e-06,96,False
1198,3.821699999662087e-05,9.048299997971299e-05,5.60800000926065e-06,7.0469999968736374e-06,8.343599998283935e-05,3.5709999792743474e-06,96,False
1199,3.84710000105315e-05,9.134800001220356e-05,6.350999996129758e-06,7.250000010117219e-06,8.409800000208634e-05,3.3359999918047833e-06,96,False
1200,4.119300001548254e-05,0.00013343099999474362,6.232999993471822e-06,7.236000016064281e-06,0.00012619499997867933,3.504999995129765e-06,96,False
1201,4.4755000004670364e-05,9.737099998119447e-05,5.517999994708589e-06,7.871999997632884e-06,8.949899998356159e-05,3.827000000455882e-06,96,False
1202,3.805400001510861e-05,8.989999997766063e-05,5.4629999794997275e-06,7.1900000193636515e-06,8.270999995829698e-05,3.858000013678975e-06,96,False
1203,3.678100000570339e-05,0.00010069299997894632,5.677000018522449e-06,7.0750000134012225e-06,9.36179999655451e-05,3.468000016937367e-06,96,False
1204,3.839100000391227e-05,8.9432999999417e-05,6.188000014617501e-06,7.364999987657939e-06,8.206800001175907e-05,3.6270000123295176e-06,96,False
1205,3.664600001229701e-05,8.843399999136636e-05,5.959999981541841e-06,7.135999993579389e-06,8.129799999778697e-05,3.5950000096818258e-06,96,False
1206,3.7119000012353354e-05,8.71819999872514e-05,5.92699998946955e-06,7.425999996257815e-06,7.975599999099359e-05,3.3869999924718286e-06,96,False
1207,3.662099999246493e-05,9.082099998636295e-05,6.017000004021611e-06,7.1039999909316975e-06,8.371699999543125e-05,3.3129999792436138e-06,96,False
1208,3.737599999453778e-05,8.747999999059175e-05,6.356999989520773e-06,7.102000012082499e-06,8.037799997850925e-05,3.1809999825327395e-06,96,False
1209,3.7106999997149615e-05,8.787099997675796e-05,6.095999992794532e-06,7.307000004175279e-06,8.056399997258268e-05,3.539000005048365e-06,96,False
1210,3.803699999593846e-05,9.774599999445854e-05,8.869999987837218e-06,7.570000008172428e-06,9.017599998628612e-05,3.2789999977467232e-06,96,False
1211,4.26930000116954e-05,0.00032168800001386444,1.1492999988149677e-05,1.683599998614227e-05,0.00030485200002772217,6.639000019958985e-06,96,False
1212,5.6392999994159254e-05,0.00019811600000707585,5.513000002110857e-05,9.579000021631146e-06,0.0001885369999854447,4.360999980690394e-06,96,False
1213,0.00014371000000323875,0.0001150340000037886,1.0586000001922002e-05,1.0247999995272039e-05,0.00010478600000851657,5.9250000106203515e-06,96,False
1214,5.3976000003785884e-05,0.00010195400000156951,8.151000002953879e-06,8.006000001614666e-06,9.394799999995485e-05,4.268999987289135e-06,96,False
1215,6.401499999242333e-05,0.00017272000002321874,9.76800001240008e-06,1.48750000050768e-05,0.00015784500001814195,6.059999975605024e-06,96,False
1216,4.806499998721847e-05,0.00017652900001507987,9.067999997114384e-06,1.537400001438982e-05,0.00016115500000069005,5.963999996083658e-06,96,False
1217,5.094699997698626e-05,0.00010133300000347845,7.549000002882167e-06,9.068999986538984e-06,9.226400001693946e-05,4.893000010497417e-06,96,False
1218,4.204999999046777e-05,9.344699998337092e-05,6.3459999921633425e-06,7.730000021410888e-06,8.571699996196003e-05,3.7000000077114237e-06,96,False
1219,5.876600002352461e-05,0.00011673599999539874,9.297000019614643e-06,1.245899997570632e-05,0.00010427700001969242,5.26599998806887e-06,96,False
1220,4.6212000000878106e-05,0.0001226629999848683,8.03599999699145e-06,8.476000004975504e-06,0.00011418699997989279,3.942000006418311e-06,96,False
1221,5.056000000536187e-05,9.703500001023713e-05,6.853999991562887e-06,8.140999995021048e-06,8.889400001521608e-05,4.1790000011587836e-06,96,False
1222,3.9727000000766566e-05,0.00013740700001108053,8.746999981212866e-06,8.363999995708582e-06,0.00012904300001537194,3.7970000050790986e-06,96,False
1223,5.008100001191451e-05,0.00010098300001004645,7.019999998192361e-06,8.557999990443932e-06,9.242500001960252e-05,4.876999980751862e-06,96,False
1224,4.0297999987615185e-05,9.173899999836976e-05,6.805999987591349e-06,7.539000023371045e-06,8.419999997499872e-05,3.964000001133172e-06,96,False
1225,3.8418000002593544e-05,9.07650000101512e-05,6.591000015987447e-06,7.542999981069443e-06,8.322200002908176e-05,3.575999983240763e-06,96,False
1226,3.82629999933215e-05,9.081499999297193e-05,6.377999994811034e-06,7.482000000891276e-06,8.333299999208066e-05,3.838000026235022e-06,96,False
1227,3.863999998543477e-05,8.892599998944206e-05,6.579999990208307e-06,7.325000012770033e-06,8.160099997667203e-05,3.870999989885604e-06,96,False
1228,4.4151999986752344e-05,8.952900000736008e-05,6.433999999444495e-06,7.162999992260666e-06,8.236600001509942e-05,3.743000007716546e-06,96,False
1229,3.802699998800563e-05,8.766499999524058e-05,6.482000003416033e-06,6.898000009414318e-06,8.076699998582626e-05,3.504999995129765e-06,96,False
1230,3.6569000002373286e-05,0.0007075030000009974,1.1430999990125201e-05,3.350800000134768e-05,0.0006739949999996497,1.1103999980832668e-05,96,False
1231,6.647399999337722e-05,0.00012627400002429567,8.62899997855493e-06,1.1892999992824116e-05,0.00011438100003147156,5.75600000729537e-06,96,False
1232,4.8378000002458066e-05,0.00010857200001623823,8.446999999023319e-06,8.750999995754682e-06,9.982100002048355e-05,4.603999997243591e-06,96,False
1233,4.31500000104279e-05,8.98879999908786e-05,6.766000012703444e-06,7.455000002209999e-06,8.24329999886686e-05,3.797999994503698e-06,96,False
1234,3.823999998076033e-05,8.939700001064921e-05,6.420999994816157e-06,7.4540000127854e-06,8.194299999786381e-05,3.3949999931337516e-06,96,False
1235,3.798799997412061e-05,8.64760000069964e-05,6.402999986221403e-06,6.917999996858271e-06,7.955800001013813e-05,3.541000012319273e-06,96,False
1236,3.771699999788325e-05,8.801800001378979e-05,6.191000011313008e-06,7.1929999876374495e-06,8.082500002615234e-05,3.5889999878691015e-06,96,False
1237,3.812599999264421e-05,8.825800000522577e-05,6.382000009352851e-06,7.161000013411467e-06,8.10969999918143e-05,3.4519999871918117e-06,96,False
1238,3.6637999983213376e-05,8.832400001779206e-05,6.342999995467835e-06,7.098999986965282e-06,8.122500003082678e-05,3.6449999925025622e-06,96,False
1239,3.6880000010341973e-05,8.968399998821042e-05,6.279999979597051e-06,7.12400000679736e-06,8.255999998141306e-05,3.3909999785919354e-06,96,False
1240,3.8154000009171796e-05,0.0001328280000052473,7.393000004185524e-06,2.9468000008137096e-05,0.00010335999999711021,6.096000021216241e-06,96,False
1241,4.215700002418998e-05,0.00011025300000255811,6.585000022596432e-06,8.113999996339771e-06,0.00010213900000621834,3.775000010364238e-06,96,False
1242,3.958300001727366e-05,9.471999999277614e-05,6.475999981603309e-06,7.815000003574823e-06,8.690499998920131e-05,3.695000003745008e-06,96,False
1243,3.7904999999227584e-05,8.894300000861222e-05,6.511999998792817e-06,7.274000012102988e-06,8.166899999650923e-05,3.3379999990756914e-06,96,False
1244,3.738400002362141e-05,8.779799998137605e-05,5.996999988155949e-06,6.954000014047779e-06,8.084399996732827e-05,3.3709999911479827e-06,96,False
1245,3.712000000177795e-05,8.756100001505729e-05,6.115000019235595e-06,7.13500000415479e-06,8.04260000109025e-05,3.3640000083323685e-06,96,False
1246,3.8211999992654455e-05,0.00010047400002122231,7.412000002204877e-06,6.751999990228796e-06,9.372200003099351e-05,3.5850000017489947e-06,96,False
1247,5.301599998119855e-05,9.356200001775505e-05,6.705000004103567e-06,8.189999988417185e-06,8.537200002933787e-05,4.1509999846311985e-06,96,False
1248,3.792100000055143e-05,8.865700002047561e-05,6.024000015258935e-06,7.147999980361419e-06,8.150900004011419e-05,3.3800000096562144e-06,96,False
1249,3.778799998599425e-05,8.756100001505729e-05,6.69099998162892e-06,6.893999994872502e-06,8.066700002018479e-05,3.4470000116471056e-06,96,False
1250,3.739599998198173e-05,8.675300000504649e-05,6.42899999547808e-06,6.910999985620947e-06,7.984200001942554e-05,3.7880000149925763e-06,96,False
1251,3.684899999711888e-05,8.594499999503569e-05,6.1840000000756845e-06,6.700000000137152e-06,7.924499999489854e-05,3.4259999779351347e-06,96,False
1252,3.663600000436418e-05,0.0001216439999893737,7.043000010753531e-06,6.834000004118934e-06,0.00011480999998525476,3.3560000076704455e-06,96,False
1253,4.2017999987820076e-05,9.080899999958092e-05,6.1659999914809305e-06,7.775000000265209e-06,8.303399999931571e-05,3.6840000063875777e-06,96,False
1254,3.714499999318832e-05,8.989200000542041e-05,6.007999985513379e-06,7.429999982377922e-06,8.246200002304249e-05,3.527999979269225e-06,96,False
1255,3.794299999526629e-05,0.00012011600000505496,9.22000000969092e-06,7.36300000880874e-06,0.00011275299999624622,3.8810000262401445e-06,96,False
1256,5.791000000954227e-05,0.000122169999997368,8.871999995108126e-06,1.0712000005241862e-05,0.00011145799999212613,6.568999992850877e-06,96,False
1257,5.054700000073353e-05,9.344700001179262e-05,6.874999996853148e-06,7.396000000881031e-06,8.60510000109116e-05,3.945000003113819e-06,96,False
1258,3.891399998678935e-05,8.969399999614325e-05,6.24599999810016e-06,7.256000003508234e-06,8.243799999263501e-05,3.735000007054623e-06,96,False
1259,3.8291000009849085e-05,8.910599999012447e-05,6.5840000047501235e-06,7.371999998895262e-06,8.173399999122921e-05,3.695000003745008e-06,96,False
1260,3.781800000979274e-05,8.618000001092696e-05,5.701999981511108e-06,6.904999992229932e-06,7.927500001869703e-05,3.4589999984291353e-06,96,False
1261,3.716899999517409e-05,8.83050000197727e-05,5.27700001384801e-06,7.197000002179266e-06,8.110800001759344e-05,3.5850000017489947e-06,96,False
1262,3.807199999528166e-05,8.71109999991404e-05,6.169999977601037e-06,6.813999988253272e-06,8.029700001088713e-05,3.5260000004200265e-06,96,False
1263,3.724699999452241e-05,8.740400002693605e-05,6.154000004698901e-06,6.696000014017045e-06,8.0708000012919e-05,3.555000006372211e-06,96,False
1264,3.6947999973335754e-05,0.00013096899999709422,8.099000012862234e-06,1.4360000022861641e-05,0.00011660899997423257,5.6769999901007395e-06,96,False
1265,5.856600000697654e-05,0.00010197999998240448,4.409699999996519e-05,8.344999997689229e-06,9.363499998471525e-05,3.996000003780864e-06,96,False
1266,4.4960999986187744e-05,0.00011032100002239531,7.835999980443376e-06,9.282999997139996e-06,0.00010103800002525531,5.248999997320425e-06,96,False
1267,3.986999999483487e-05,9.213399999907779e-05,6.83800001866075e-06,7.646999989674441e-06,8.448700000940335e-05,3.7500000189538696e-06,96,False
1268,4.3021000010412536e-05,0.00010481799998274255,7.76100000621227e-06,8.516000008285118e-06,9.630199997445743e-05,4.3020000077831355e-06,96,False
1269,4.4639000009283336e-05,0.00010156799999094801,6.6549999928611214e-06,8.100000002286833e-06,9.346799998866118e-05,3.925999976672756e-06,96,False
1270,4.454599999803577e-05,9.345899999857465e-05,6.1190000053557014e-06,7.783999990351731e-06,8.567500000822292e-05,3.7360000249009317e-06,96,False
1271,4.252399997994871e-05,8.807300000057694e-05,6.889000019327796e-06,7.063999987622083e-06,8.100900001295486e-05,3.62400001563401e-06,96,False
1272,3.7493000007771116e-05,8.791199999791388e-05,6.466000002092187e-06,7.379000010132586e-06,8.05329999877813e-05,3.894000002446774e-06,96,False
1273,3.714700000045923e-05,8.702599998855476e-05,5.88199998219352e-06,7.111000002169021e-06,7.991499998638574e-05,3.5860000195953035e-06,96,False
1274,3.7834000011116586e-05,8.813799999529692e-05,5.832999988797383e-06,7.155000020020452e-06,8.098299997527647e-05,3.7179999878844683e-06,96,False
1275,3.742299998066301e-05,0.00013090199999510332,6.288000008680683e-06,1.2376999990237891e-05,0.00011852500000486543,4.922999977452491e-06,96,False
1276,4.18110000168781e-05,0.0002507170000001224,1.5828000016426813e-05,3.257299999859242e-05,0.00021814400000153,1.1741000008669289e-05,96,False
1277,8.117600000900893e-05,0.00011781899999618872,8.643000001029577e-06,1.0696999993342615e-05,0.00010712200000284611,4.777000015110389e-06,96,False
1278,4.666099999894868e-05,9.986200001321777e-05,1.1269999987462143e-05,8.26299998379909e-06,9.159900002941868e-05,4.009999997833802e-06,96,False
1279,8.410099999878184e-05,0.00015359400001102586,9.704999996529295e-06,1.0871000000634012e-05,0.00014272300001039184,5.43699999866476e-06,96,False
1280,5.907799999249619e-05,0.00011003200000914148,8.038000004262358e-06,9.704000007104696e-06,0.00010032800000203679,5.15199999995275e-06,96,False
1281,4.581000001735447e-05,9.767000000238113e-05,7.415999988324984e-06,8.722000018224207e-06,8.894799998415692e-05,4.200999995873644e-06,96,False
1282,4.175499998382293e-05,9.413299997618196e-05,7.160999984989758e-06,7.634000013467812e-06,8.649899996271415e-05,3.920000011703451e-06,96,False
1283,4.0538999996897473e-05,9.198100002549836e-05,6.6180000146687235e-06,7.662999990998287e-06,8.431800003450007e-05,3.5609999997632258e-06,96,False
1284,3.9463999996769417e-05,9.242800001629803e-05,5.909999998721105e-06,7.53499998040752e-06,8.489300003589051e-05,3.3580000149413536e-06,96,False
1285,7.443300000886666e-05,0.00011730500000339816,6.498999994164478e-06,1.0357999997268053e-05,0.00010694700000613011,4.471000011108117e-06,96,False
1286,4.1097000007539464e-05,9.377000000654334e-05,6.071000001384164e-06,7.894000020769454e-06,8.587599998577389e-05,3.41999998454412e-06,96,False
1287,3.9216000004671514e-05,9.350499999527528e-05,5.763999979535583e-06,8.116999993035279e-06,8.538800000224e-05,3.395000021555461e-06,96,False
1288,3.9168000000699976e-05,9.104699998374599e-05,5.627000007280003e-06,7.69400000422138e-06,8.335299997952461e-05,3.3580000149413536e-06,96,False
1289,3.956500000867891e-05,9.034900000415291e-05,5.904999994754689e-06,7.4490000088189845e-06,8.289999999533393e-05,3.7029999759852217e-06,96,False
1290,3.8518999986081326e-05,8.859999999799584e-05,2.2548999993432517e-05,7.097999997540683e-06,8.150200000045515e-05,3.423999999085936e-06,96,False
1291,5.621299999347684e-05,0.00013455699999553872,6.642000016654492e-06,8.256999990408076e-06,0.00012630000000513064,4.219999993892998e-06,96,False
1292,0.0001250199999844881,0.0002032659999997577,1.4821999997138846e-05,2.5665999999091582e-05,0.00017760000000066611,9.92700000779223e-06,96,False
1293,7.396399999493042e-05,0.00011377999999240274,8.073999993030156e-06,1.0602000003245848e-05,0.00010317799998915689,4.681999996591912e-06,96,False
1294,4.8129999981938454e-05,0.00010224700000094344,7.353999990300508e-06,8.398999995051781e-06,9.384800000589166e-05,4.138999997849169e-06,96,False
1295,4.321999998069259e-05,9.540300001731339e-05,6.8970000199897186e-06,7.980000020779698e-06,8.742299999653369e-05,4.107000023623186e-06,96,False
1296,4.3329999982688605e-05,9.311600001637999e-05,7.448000019394385e-06,8.050000019466097e-06,8.506599999691389e-05,3.937999991876495e-06,96,False
1297,4.0388999991591845e-05,9.10820000115109e-05,7.1460000015122205e-06,7.381999978406384e-06,8.370000003310452e-05,3.660000004401809e-06,96,False
1298,3.8953000000674365e-05,9.032900001670896e-05,6.958999989592485e-06,7.418999985020491e-06,8.291000003168847e-05,3.82999999715139e-06,96,False
1299,4.236300000570736e-05,8.972399999152003e-05,6.758000012041521e-06,7.240999991608987e-06,8.248299999991104e-05,3.375999995114398e-06,96,False
1300,3.8759999995363614e-05,0.00030863899999644673,1.2017000017294777e-05,7.463000002871922e-06,0.0003011759999935748,3.3869999924718286e-06,96,False
1301,6.135600000334307e-05,0.0001058579999835274,7.202999995570281e-06,9.583999997175852e-06,9.627399998635155e-05,4.950000004555477e-06,96,False
1302,4.0810000001556546e-05,9.105499998440791e-05,6.546999998136016e-06,7.4540000127854e-06,8.360099997162251e-05,3.6319999878742237e-06,96,False
1303,3.8452000012512144e-05,0.00010052100000734754,7.163999981685265e-06,7.334999992281155e-06,9.318600001506638e-05,3.482000010990305e-06,96,False
1304,4.0468999998211075e-05,9.219499997925595e-05,6.794000000809319e-06,7.105000008778006e-06,8.508999997047795e-05,3.828000018302191e-06,96,False
1305,5.572599999936756e-05,9.304799999654279e-05,6.958999989592485e-06,7.892000013498546e-06,8.515599998304424e-05,3.7860000077216682e-06,96,False
1306,3.86480000145184e-05,0.000122099000009257,7.403999973121245e-06,7.4200000028668e-06,0.0001146790000063902,3.6759999773039453e-06,96,False
1307,4.3465000004516696e-05,9.457800001655414e-05,6.235999990167329e-06,8.276999977852029e-06,8.630100003870211e-05,3.922000018974359e-06,96,False
1308,3.871600000593389e-05,8.894000001191671e-05,6.116999998084793e-06,7.162999992260666e-06,8.177700001965604e-05,3.450000008342613e-06,96,False
1309,3.7825999982032954e-05,8.882600002380059e-05,6.2809999974433595e-06,7.430000010799631e-06,8.139600001300096e-05,3.3299999984137685e-06,96,False
1310,7.248899999012792e-05,0.000333603999990828,1.4399999997749546e-05,8.380999986457027e-06,0.000325223000004371,4.30800000117415e-06,96,False
1311,0.00022474599998645317,0.00013647299999774987,1.2636999997539533e-05,1.1483999998063155e-05,0.0001249889999996867,7.587999988345473e-06,96,False
1312,5.2415999988397743e-05,0.00011046700001315912,8.122999986426294e-06,8.898000004364803e-06,0.00010156900000879432,4.716000006510512e-06,96,False
1313,4.586500000414162e-05,0.00010048999999412445,6.55400000937334e-06,7.882000005565715e-06,9.260799998855873e-05,3.858999974681865e-06,96,False
1314,3.910800000994641e-05,8.968199998093951e-05,6.009000003359688e-06,7.138999990274897e-06,8.254299999066461e-05,3.825999982609574e-06,96,False
1315,3.799199998866243e-05,8.723799999188486e-05,5.746999988787138e-06,7.287999977734216e-06,7.995000001415065e-05,3.3299999984137685e-06,96,False
1316,3.708900001697657e-05,8.719000001633503e-05,5.323999999973239e-06,7.16900001407339e-06,8.002100000226164e-05,3.4450000043761975e-06,96,False
1317,3.787800000054631e-05,8.736200001635552e-05,5.416000021796208e-06,6.981000012729055e-06,8.038100000362647e-05,3.498000012314151e-06,96,False
1318,3.6717000000408007e-05,8.717000000046937e-05,5.908999980874796e-06,6.9760000087626395e-06,8.019399999170673e-05,3.571999997120656e-06,96,False
1319,3.699900000242451e-05,8.718800000906413e-05,5.6119999953807564e-06,7.19199999821285e-06,7.999600001085128e-05,3.5840000123243954e-06,96,False
1320,3.7116000015657846e-05,8.81280000157858e-05,2.8149999991455843e-05,6.9989999929021e-06,8.11290000228837e-05,3.5740000043915643e-06,96,False
1321,5.380099997864818e-05,9.525400000143236e-05,5.735000002005108e-06,8.52499999837164e-06,8.672900000306072e-05,4.133000004458154e-06,96,False
1322,3.7949000017079015e-05,8.853099998873404e-05,5.5830000178502814e-06,7.0410000034826226e-06,8.148999998525142e-05,3.4310000103232596e-06,96,False
1323,3.7948999988657306e-05,8.803599999396283e-05,5.469000001312452e-06,7.033999992245299e-06,8.100200000171753e-05,3.482000010990305e-06,96,False
1324,3.672299999379902e-05,0.0002847119999955794,1.4822999986563445e-05,1.1026000009906056e-05,0.00027368599998567333,8.923000024196881e-06,96,False
1325,8.775799997806644e-05,0.00014122600001087449,7.500999998910629e-06,1.4967999987902658e-05,0.00012625800002297183,9.57399998924302e-06,96,False
1326,4.428199997619231e-05,9.420000000659456e-05,6.178999996109269e-06,7.889999977805928e-06,8.631000002878864e-05,3.967999987253279e-06,96,False
1327,3.990799999087358e-05,0.00013915399998154498,9.157999983244736e-06,1.430400001822818e-05,0.0001248499999633168,6.259000002728499e-06,96,False
1328,4.924099999925602e-05,9.744000001887798e-05,6.755000015346013e-06,8.075000010876465e-06,8.936500000800152e-05,3.6819999991166696e-06,96,False
1329,4.051900000945352e-05,9.306700002298385e-05,6.1549999941235e-06,7.553000017423983e-06,8.551400000555986e-05,3.7610000163113e-06,96,False
1330,4.0661000014097226e-05,9.195900000236179e-05,6.092000006674425e-06,7.710999994969825e-06,8.424800000739197e-05,3.642999985231654e-06,96,False
1331,3.9455000006682894e-05,0.00027143500000192944,1.3236999990340337e-05,7.961500000419619e-05,0.00019181999999773325,1.2151999982279449e-05,96,False
1332,6.483399999979156e-05,0.00010664600000609425,6.810000002133165e-06,9.652000017013052e-06,9.69939999890812e-05,5.394999988084237e-06,96,False
1333,4.1561000017509286e-05,9.322299999325878e-05,6.043000013278288e-06,7.974999988391573e-06,8.524800000486721e-05,3.814999985252143e-06,96,False
1334,3.9442000002054556e-05,9.058800000616429e-05,6.240999994133745e-06,7.722999981751855e-06,8.286500002441244e-05,3.640000016957856e-06,96,False
1335,4.2362999977285654e-05,8.944399999677444e-05,5.670999996709725e-06,7.790000012164455e-06,8.165399998460998e-05,3.4939999977723346e-06,96,False
1336,3.722799999650306e-05,8.75349999773789e-05,5.430000015849146e-06,6.840999986934548e-06,8.069399999044435e-05,3.587000009019903e-06,96,False
1337,3.6455999975260056e-05,8.782400001905444e-05,5.501000003960144e-06,7.179000022006221e-06,8.064499999704822e-05,3.472999992482073e-06,96,False
1338,3.637199998252072e-05,8.803099998999642e-05,5.451999982142297e-06,7.194999994908358e-06,8.083599999508806e-05,3.6030000103437487e-06,96,False
1339,3.849300000524636e-05,8.769600000846367e-05,6.58799999087023e-06,7.068999991588498e-06,8.062700001687517e-05,3.423999999085936e-06,96,False
1340,3.7037999987887815e-05,8.63680000122713e-05,6.722500000932996e-05,7.259999989628341e-06,7.910800002264295e-05,3.648999978622669e-06,96,False
1341,8.312200000659686e-05,0.00011706600000138678,9.8129999912544e-06,1.1061999998673855e-05,0.00010600400000271293,5.646999994723956e-06,96,False
1342,4.236600000240287e-05,9.400700000128381e-05,7.084999992912344e-06,8.21700001552017e-06,8.578999998576364e-05,3.652999993164485e-06,96,False
1343,3.988299999946321e-05,8.980199999086835e-05,6.374000008690928e-06,7.061999980351175e-06,8.274000001051718e-05,3.5429999911684718e-06,96,False
1344,3.820500000983884e-05,0.00010280500001158543,6.1290000132885325e-06,7.171999982347188e-06,9.563300002923825e-05,3.7220000024262845e-06,96,False
1345,3.9114000003337424e-05,8.877299998744093e-05,5.637999976215724e-06,7.37499999559077e-06,8.139799999185016e-05,3.349999985857721e-06,96,False
1346,3.774099999986902e-05,8.843399999136636e-05,5.388999994693222e-06,7.401999994272046e-06,8.103199999709432e-05,3.4249999885105353e-06,96,False
1347,3.771799998730785e-05,8.836300000325537e-05,6.40599998291691e-06,7.111000002169021e-06,8.125200000108634e-05,3.243999998403524e-06,96,False
1348,3.808000002436529e-05,8.60880000175257e-05,6.154000004698901e-06,6.724000002122921e-06,7.936400001540278e-05,3.3259999838719523e-06,96,False
1349,3.688699999315759e-05,8.67949999872053e-05,6.442000000106418e-06,6.931000001486609e-06,7.986399998571869e-05,3.6439999746562535e-06,96,False
1350,3.714300001433912e-05,8.875400001784328e-05,6.625999986908937e-06,7.622999987688672e-06,8.113100003015461e-05,3.3980000182509684e-06,96,False
1351,3.616400002215414e-05,8.683200002224112e-05,6.205999994790545e-06,6.888000001481487e-06,7.994400002075963e-05,3.3860000030472293e-06,96,False
1352,3.615700001091682e-05,0.00011719599999082675,6.391999988863972e-06,6.723000012698321e-06,0.00011047299997812843,3.474000010328382e-06,96,False
1353,4.6682000004238944e-05,9.28080000051068e-05,6.1239999809004075e-06,7.95600001879393e-06,8.485199998631288e-05,4.434999993918609e-06,96,False
1354,3.8097999976116625e-05,8.867899998676876e-05,6.3619999934871885e-06,7.277999998223095e-06,8.140099998854566e-05,3.587999998444502e-06,96,False
1355,3.738600000247061e-05,8.762100000581086e-05,5.706999985477523e-06,7.395000011456432e-06,8.022599999435442e-05,3.6109999825839623e-06,96,False
1356,4.1664000008267976e-05,8.881400000859685e-05,6.463999994821279e-06,7.277999998223095e-06,8.153600001037375e-05,3.5479999951348873e-06,96,False
1357,3.926600001591396e-05,8.692500000506698e-05,6.780999996180981e-06,6.919000014704579e-06,8.00059999903624e-05,3.622000008363102e-06,96,False
1358,3.736499999718035e-05,8.709499999781656e-05,6.3150000073619594e-06,6.955000003472378e-06,8.013999999434418e-05,3.7380000037501304e-06,96,False
1359,3.656799998452698e-05,9.741799999574141e-05,6.347999999434251e-06,9.935000008454153e-06,8.748299998728726e-05,3.3889999997427367e-06,96,False
1360,3.677000000834596e-05,0.0001178489999915655,7.2169999896232184e-06,7.1560000094450515e-06,0.00011069299998212045,3.579999997782579e-06,96,False
1361,4.807500002357301e-05,9.443900000860594e-05,6.1450000146123784e-06,8.018999977821295e-06,8.642000003078465e-05,4.295999985970411e-06,96,False
1362,3.7733999988631695e-05,8.944999999016545e-05,6.3670000258753134e-06,7.3180000015327096e-06,8.213199998863274e-05,3.7610000163113e-06,96,False
1363,3.757899997935965e-05,8.958600000141814e-05,6.194999997433115e-06,7.818000000270331e-06,8.176800000114781e-05,3.365999987181567e-06,96,False
1364,3.848800000127994e-05,0.00011047200001712554,6.966999990254408e-06,7.162999992260666e-06,0.00010330900002486487,3.47600001759929e-06,96,False
1365,4.794300002686214e-05,0.0001002600000106213,6.50800001267271e-06,8.599999972602745e-06,9.166000003801855e-05,4.295999985970411e-06,96,False
1366,3.970000000208529e-05,9.52339999855667e-05,6.6570000001320295e-06,8.425000004308458e-06,8.680899998125824e-05,3.8659999859191885e-06,96,False
1367,4.1870000018207065e-05,9.673800002474309e-05,6.2440000192509615e-06,7.702000004883303e-06,8.903600001985978e-05,3.688999981932284e-06,96,False
1368,4.122900000425034e-05,8.831900001382564e-05,6.835999982968133e-06,7.006999993564023e-06,8.131200002026162e-05,3.625999994483209e-06,96,False
1369,3.859200000988494e-05,8.821100001910054e-05,6.210999998756961e-06,7.130999989612974e-06,8.108000002948756e-05,3.4220000202367373e-06,96,False
1370,4.1505000012875826e-05,8.975000000077671e-05,6.130000002713132e-06,7.571999987021627e-06,8.217800001375508e-05,3.6890000103539933e-06,96,False
1371,3.788600000120823e-05,8.646200001294346e-05,6.170000006022747e-06,6.64500001335e-06,7.981699999959346e-05,3.4790000142947974e-06,96,False
1372,3.677800000900788e-05,8.663399998454224e-05,6.079000002046087e-06,7.072999977708605e-06,7.956100000683364e-05,3.3050000070034002e-06,96,False
1373,3.7756000011768265e-05,8.63330000129281e-05,6.591999976990337e-06,6.759999990890719e-06,7.957300002203738e-05,3.490000011652228e-06,96,False
1374,3.665699998123273e-05,8.716099998196114e-05,6.0589999861804245e-06,6.7199999875811045e-06,8.044099999438004e-05,3.292999991799661e-06,96,False
1375,3.7242000018977706e-05,8.807899999396795e-05,5.74499998151623e-06,7.0129999869550375e-06,8.106600000701292e-05,3.4489999904963042e-06,96,False
1376,4.8961000004510424e-05,0.00016165000002388297,1.1190000009264622e-05,1.3071000012132572e-05,0.0001485790000117504,5.631000021821819e-06,96,False
1377,6.210099999748309e-05,0.0001297649999969508,8.1949999923836e-06,1.1234999988118943e-05,0.00011853000000883185,5.646000005299356e-06,96,False
1378,5.084500000407388e-05,0.0001140849999785587,5.8010000145714e-06,1.2139999995497419e-05,0.00010194499998306128,5.0520000058895675e-06,96,False
1379,0.00036583099998210855,0.00018129699998326032,1.3203999998268046e-05,1.757399999746667e-05,0.00016372299998579365,9.578000003784837e-06,96,False
1380,5.979700000580124e-05,0.0001631760000009308,9.75699998662094e-06,1.8275000002176967e-05,0.00014490099999875383,6.831999996848026e-06,96,False
1381,5.897299999446659e-05,0.00010862199999905897,7.643000003554334e-06,9.443000010378455e-06,9.917899998868052e-05,4.601000000548083e-06,96,False
1382,5.418599999984508e-05,0.00012437099999829115,8.625999981859422e-06,1.2953999998899235e-05,0.00011141699999939192,5.412000007254392e-06,96,False
1383,5.009199998085023e-05,0.00010304400001359681,7.468999996262937e-06,8.596999975907238e-06,9.444700003768958e-05,4.227999994554921e-06,96,False
1384,4.8961999993935024e-05,0.00014009800000280848,9.28899999053101e-06,8.562000004985748e-06,0.00013153599999782273,3.942999995842911e-06,96,False
1385,5.80619999936971e-05,0.00011894099998244201,7.4959999949442135e-06,1.1401999984173017e-05,0.00010753899999826899,5.431999994698344e-06,96,False
1386,4.610899998169771e-05,0.000115558000004512,6.915000000162763e-06,8.774999997740451e-06,0.00010678300000677154,3.945999992538418e-06,96,False
1387,4.294499998991341e-05,9.626500002468674e-05,6.4589999908548634e-06,8.27499999900283e-06,8.799000002568391e-05,3.853999999137159e-06,96,False
1388,4.062200000021221e-05,9.223099999644546e-05,6.7070000113744754e-06,7.535999998253828e-06,8.469499999819163e-05,3.6369999918406393e-06,96,False
1389,3.955100001462597e-05,9.17150000248057e-05,1.7751999990878176e-05,7.517000000234475e-06,8.419800002457123e-05,3.67000001233464e-06,96,False
1390,0.00020458199998074633,0.00013545300001283067,1.0300000013785393e-05,1.609499997812236e-05,0.00011935800003470831,6.683999998813306e-06,96,False
1391,5.174700001475685e-05,9.807200001432648e-05,3.280299998209557e-05,8.45799999638075e-06,8.961400001794573e-05,4.383999993251564e-06,96,False
1392,5.8020000011538286e-05,0.00010048600000800434,6.392000017285682e-06,8.826999987832096e-06,9.165900002017224e-05,4.413999988628348e-06,96,False
1393,4.232899999578876e-05,9.40740000032747e-05,6.466000002092187e-06,7.672999998931118e-06,8.640100000434359e-05,3.833999983271497e-06,96,False
1394,4.023799999686162e-05,9.261700000706696e-05,5.944000008639705e-06,7.668000023386412e-06,8.494899998368055e-05,3.825999982609574e-06,96,False
1395,3.8918999990755765e-05,9.103600001481027e-05,5.861999994749567e-06,7.411000012780278e-06,8.362500000202999e-05,3.851999991866251e-06,96,False
1396,3.924300000335279e-05,9.074499999428554e-05,5.865999980869674e-06,7.691999996950472e-06,8.305299999733506e-05,3.6970000110159162e-06,96,False
1397,3.7973999980067674e-05,0.00014581400000679423,8.983000014950449e-06,7.309000011446187e-06,0.00013850499999534804,3.591999984564609e-06,96,False
1398,6.6853999982186e-05,0.00010655099998757578,6.743000000142274e-06,9.371000004421148e-06,9.717999998315463e-05,5.56200001256002e-06,96,False
1399,0.0001293070000087937,0.00010916200000110621,7.546999995611259e-06,1.1199999988775744e-05,9.796200001233046e-05,5.2219999986391485e-06,96,False
1400,4.319600000712853e-05,9.411700000327983e-05,6.330999980264096e-06,8.185000012872479e-06,8.593199999040735e-05,3.827999989880482e-06,96,False
1401,3.943699999808814e-05,0.00016492899999320798,8.516000008285118e-06,7.895999999618653e-06,0.00015703299999358933,3.738800000974152e-05,96,False
1402,4.766500001096574e-05,0.0001238950000015393,7.917000004908914e-06,8.551000007628318e-06,0.00011534399999391098,4.284999988612981e-06,96,False
1403,5.030199997690943e-05,0.00010214899998572946,2.329599999484344e-05,9.074999979929999e-06,9.307400000579946e-05,4.695000001220251e-06,96,False
1404,6.654899999603003e-05,0.00010656400002062583,7.057999994231068e-06,9.650999999166743e-06,9.691300002145908e-05,5.084999997961859e-06,96,False
1405,4.5963000019355604e-05,9.318900001176189e-05,6.320000011328375e-06,7.8760000121747e-06,8.531299999958719e-05,3.724999999121792e-06,96,False
1406,3.9008000015883226e-05,0.00011205300000938223,6.301000013309022e-06,1.0744999997314153e-05,0.00010130800001206808,4.466000007141702e-06,96,False
1407,4.255800001828902e-05,9.374399999728666e-05,5.740999995396123e-06,8.462000010922566e-06,8.52819999863641e-05,4.060000009076248e-06,96,False
1408,4.011799998693277e-05,9.107200000357807e-05,5.806999979540706e-06,7.562999996935105e-06,8.350900000664296e-05,3.899000006413189e-06,96,False
1409,3.823000000124921e-05,0.00011069100000327126,8.356999984471258e-06,7.713999991665332e-06,0.00010297700001160592,3.881999987243034e-06,96,False
1410,5.524800002376651e-05,0.00010164400001144713,6.608999996160492e-06,8.45799999638075e-06,9.318600001506638e-05,5.200999993348887e-06,96,False
1411,4.044300001737611e-05,0.0001273389999880692,8.196999999654508e-06,7.794999987709161e-06,0.00011954400000036003,3.821999996489467e-06,96,False
1412,6.278999998698964e-05,0.00011237399999686204,6.456999983583955e-06,9.47199998790893e-06,0.00010290200000895311,5.168999990701195e-06,96,False
1413,4.170299999373128e-05,9.262200001103338e-05,5.9430000192151056e-06,7.874999994328391e-06,8.474700001670499e-05,3.7939999799618818e-06,96,False
1414,3.974499998093961e-05,0.0001551219999953446,8.441000005632304e-06,1.1666000006016475e-05,0.00014345599998932812,4.8090000177580805e-06,96,False
1415,5.284200000232886e-05,0.00010398099999520127,6.796999997504827e-06,8.92500000304608e-06,9.50559999921552e-05,5.3269999966687465e-06,96,False
1416,4.034900001670394e-05,9.2558000005738e-05,4.400499997814222e-05,7.790000012164455e-06,8.476799999357354e-05,3.884000022935652e-06,96,False
1417,7.468699999435557e-05,0.0001436189999992621,8.533999988458163e-06,1.001900000119349e-05,0.0001335999999980686,5.568000005951035e-06,96,False
1418,4.6042000008128525e-05,9.951699999533048e-05,6.322999979602173e-06,8.761000003687514e-06,9.075599999164297e-05,4.032999981973262e-06,96,False
1419,7.150499999397653e-05,0.0001018110000075012,6.6810000021177984e-06,8.971999989171309e-06,9.28390000183299e-05,4.34200001109275e-06,96,False
1420,8.096600001294973e-05,0.00010118800000213923,6.421999984240756e-06,9.05000001694134e-06,9.21379999851979e-05,4.282999981342073e-06,96,False
1421,4.13900000069134e-05,9.33660000157488e-05,5.777000012585631e-06,7.854999978462729e-06,8.551100003728607e-05,3.9889999925435404e-06,96,False
1422,4.016500000147971e-05,9.234500001298329e-05,6.089999999403517e-06,7.783999990351731e-06,8.456100002263156e-05,3.878000001122928e-06,96,False
1423,3.933200000005854e-05,9.19990000056714e-05,5.576000006612958e-06,7.751999987704039e-06,8.424700001796737e-05,3.6559999898599926e-06,96,False
1424,3.7883000004512724e-05,0.0001426039999898876,6.253999998762083e-06,1.11120000099163e-05,0.0001314919999799713,4.281999991917473e-06,96,False
1425,4.217200000766752e-05,9.142499999370557e-05,5.623999982162786e-06,7.780999993656224e-06,8.364400000004935e-05,3.851999991866251e-06,96,False
1426,3.882999999405001e-05,8.85909999794876e-05,5.4340000019692525e-06,7.116999995560036e-06,8.147399998392757e-05,3.680999981270361e-06,96,False
1427,4.314500000646149e-05,8.919599997625483e-05,5.695999988120093e-06,7.372999988319862e-06,8.182299998793496e-05,3.3990000076755678e-06,96,False
1428,3.773999998202271e-05,8.821400001579605e-05,5.620999985467279e-06,7.057999994231068e-06,8.115600002156498e-05,3.1989999911274936e-06,96,False
1429,3.721799998857023e-05,8.966600000803737e-05,5.507999986775758e-06,7.210000006807604e-06,8.245600000122977e-05,3.2319999831997848e-06,96,False
1430,3.852199998277683e-05,0.00012651799997343005,6.021000018563427e-06,1.0948000010557735e-05,0.00011556999996287232,4.287999985308488e-06,96,False
1431,4.440499998281666e-05,9.294099999124228e-05,5.492000013873621e-06,8.174000015515048e-06,8.476699997572723e-05,3.7019999865606223e-06,96,False
1432,3.9633999989519e-05,9.275799999386436e-05,5.7270000013431854e-06,7.713000002240733e-06,8.504499999162363e-05,3.4450000043761975e-06,96,False
1433,3.864100000328108e-05,9.653099999695769e-05,5.752999982178153e-06,7.968999995000559e-06,8.856200000195713e-05,3.4530000050381204e-06,96,False
1434,3.8929999988113195e-05,8.87969999894267e-05,5.742999974245322e-06,7.163999981685265e-06,8.163300000774143e-05,3.49900000173875e-06,96,False
1435,3.7469999995209946e-05,8.671399999116147e-05,5.374000011215685e-06,6.611999992855999e-06,8.010199999830547e-05,3.5770000010870717e-06,96,False
1436,3.892199998745127e-05,0.000106345999995483,6.1159999802384846e-06,1.0669999994661339e-05,9.567600000082166e-05,4.235999995216844e-06,96,False
1437,3.953199998818491e-05,9.084799998504423e-05,5.3450000052635005e-06,7.891999985076836e-06,8.295599999996739e-05,3.464000002395551e-06,96,False
1438,3.8074999991977165e-05,8.772300000714495e-05,5.160999990039272e-06,6.963000004134301e-06,8.076000000301065e-05,3.4329999891724583e-06,96,False
1439,3.828999999200278e-05,8.852199999864752e-05,5.409000010558884e-06,7.262999986323848e-06,8.125900001232367e-05,3.3469999891622138e-06,96,False
1440,3.8256999999930486e-05,9.018899999091445e-05,5.529000020487729e-06,7.852000010188931e-06,8.233699998072552e-05,3.648000017619779e-06,96,False
1441,4.16720000089299e-05,8.807700001511876e-05,5.980999986832103e-06,7.335000020702864e-06,8.074199999441589e-05,3.5010000090096582e-06,96,False
1442,3.8692000003948124e-05,0.00012767700002314086,6.0929999960990244e-06,1.1840000013307872e-05,0.00011583700000983299,4.3729999958941335e-06,96,False
1443,4.1187000022091524e-05,9.125599999038059e-05,5.6039999947188335e-06,7.672000009506519e-06,8.358399998087407e-05,3.551000020252104e-06,96,False
1444,3.853800001252239e-05,8.94309999921461e-05,5.628000025126312e-06,7.436000004190646e-06,8.199499998795545e-05,3.648999978622669e-06,96,False
1445,3.834500000721164e-05,8.712600001103965e-05,5.566999988104726e-06,7.07800001009673e-06,8.004800000094292e-05,3.535999979931148e-06,96,False
1446,3.6891000007699404e-05,8.906600001523657e-05,6.971000004796224e-06,6.837000000814442e-06,8.222900001442213e-05,3.6239999872123008e-06,96,False
1447,3.804600001444669e-05,8.756900001571921e-05,6.3960000034057884e-06,7.405999980392153e-06,8.016300003532706e-05,3.5559999957968103e-06,96,False
1448,3.739800001767435e-05,0.00012641800000778858,6.388999992168465e-06,1.1900999993486039e-05,0.00011451700001430254,4.840000002559464e-06,96,False
1449,3.9897999982940746e-05,8.980800001268108e-05,5.895999976246458e-06,7.836999998289684e-06,8.197100001439139e-05,3.6530000215861946e-06,96,False
1450,3.758799999786788e-05,8.945999999809828e-05,6.560999992188954e-06,7.059000012077377e-06,8.24009999860209e-05,3.620000001092194e-06,96,False
1451,3.7618999982669266e-05,8.813200000190591e-05,6.904999992229932e-06,7.1039999909316975e-06,8.102800001097421e-05,3.3970000004046597e-06,96,False
1452,3.875100000527709e-05,8.893000000398388e-05,6.589000008716539e-06,7.183999997550927e-06,8.174600000643295e-05,3.630000009025025e-06,96,False
1453,3.79459999919618e-05,8.809999999925822e-05,6.493999990198063e-06,7.006000004139423e-06,8.109399999511879e-05,3.6959999931696075e-06,96,False
1454,3.652899999906367e-05,0.00020978800000648334,7.44300001542797e-06,0.00010376899999187117,0.00010601900001461217,7.008000011410331e-06,96,False
1455,4.77220000050238e-05,9.342699999592696e-05,6.543999973018799e-06,7.765999981756977e-06,8.566100001416999e-05,3.796999976657389e-06,96,False
1456,3.8719999992054e-05,9.251500000573287e-05,6.409999997458726e-06,7.75000000885484e-06,8.476499999687803e-05,3.603999999768348e-06,96,False
1457,3.7401000014369856e-05,0.00014122799998972368,7.133999986308481e-06,1.1942000014641962e-05,0.00012928599997508172,5.2039999900443945e-06,96,False
1458,4.08270000207267e-05,9.028700000612844e-05,6.1630000232071325e-06,7.765999981756977e-06,8.252100002437146e-05,3.767000009702315e-06,96,False
1459,3.706399999714449e-05,8.792700000981313e-05,6.20099999082413e-06,7.386999982372799e-06,8.054000002744033e-05,3.2110000063312327e-06,96,False
1460,3.7171000002445e-05,8.839500000590306e-05,6.3619999934871885e-06,7.617999983722257e-06,8.07770000221808e-05,3.480999993143996e-06,96,False
1461,3.744299999652867e-05,8.767400001374881e-05,7.079999988945929e-06,6.786000000147396e-06,8.088800001360141e-05,3.3860000030472293e-06,96,False
1462,3.881800000726798e-05,0.0003133840000089094,1.5074000003778565e-05,1.0618000004569694e-05,0.00030276600000433973,4.5429999886437145e-06,96,False
1463,0.0001995039999940218,0.0001371909999932086,1.2268999995512786e-05,1.4596999989180404e-05,0.0001225940000040282,7.21499998235231e-06,96,False
1464,4.686700000888777e-05,9.67109999976401e-05,7.50000000948603e-06,8.664000006319839e-06,8.804699999132026e-05,3.96699999782868e-06,96,False
1465,4.087399997843022e-05,9.396100000458318e-05,6.987999995544669e-06,8.1949999923836e-06,8.576600001219958e-05,3.6659999977928237e-06,96,False
1466,4.0592999994260026e-05,9.099900000819616e-05,6.1370000139504555e-06,7.371999998895262e-06,8.36270000093009e-05,3.470999985211165e-06,96,False
1467,3.9205000007314084e-05,9.163200002149097e-05,6.412999994154234e-06,8.068999989063741e-06,8.356300003242723e-05,3.5860000195953035e-06,96,False
1468,3.84370000006129e-05,0.00010591000000204076,6.8870000120568875e-06,6.867000024612935e-06,9.904299997742783e-05,3.6350000129914406e-06,96,False
1469,0.0007923790000177178,0.0003053130000125748,1.6655999985459857e-05,1.741799999877003e-05,0.00028789500001380475,9.136999977954474e-06,96,False
1470,9.155400002214265e-05,0.00013202899998532303,9.712999997191218e-06,1.1263000004646528e-05,0.0001207659999806765,5.582000000003973e-06,96,False
1471,5.097100000739374e-05,0.00010741799999891555,7.96699998772965e-06,9.310999985245871e-06,9.810700001366968e-05,4.192999995211721e-06,96,False
1472,4.580999998893276e-05,0.00010026999999013242,7.696000011492288e-06,8.129000008239018e-06,9.21409999818934e-05,3.958999997166757e-06,96,False
1473,4.2019999995090984e-05,0.00013048499999968044,7.369000002199755e-06,8.155999978498585e-06,0.00012232900002118186,3.4130000017285056e-06,96,False
1474,4.583099999422302e-05,9.847999999124113e-05,6.245000008675561e-06,8.527000005642549e-06,8.995299998559858e-05,4.089999976031322e-06,96,False
1475,4.1757999980518434e-05,9.515400000736918e-05,2.6268999988587893e-05,8.00099999764825e-06,8.715300000972093e-05,3.6589999865555e-06,96,False
1476,5.8752999990474564e-05,0.00010109300001204247,7.39700001872734e-06,8.762999982536712e-06,9.233000002950575e-05,4.515000000537839e-06,96,False
1477,4.043799998498798e-05,9.322599998995429e-05,6.72499999154752e-06,7.655999979760963e-06,8.557000001019333e-05,3.5969999885310244e-06,96,False
1478,4.004900000609268e-05,9.15759999884358e-05,6.579999990208307e-06,7.369999991624354e-06,8.420599999681144e-05,3.4749999997529812e-06,96,False
1479,6.636899999534762e-05,0.0001039880000064386,7.007000021985732e-06,1.0083999995913473e-05,9.390400001052512e-05,4.287999985308488e-06,96,False
1480,0.00016112099999077145,0.00015541999999868494,1.2850999979718836e-05,1.5418000003819543e-05,0.0001400019999948654,7.945000021436499e-06,96,False
1481,5.8421000005637325e-05,0.00011107500000662185,8.648999994420592e-06,9.978000008459276e-06,0.00010109699999816257,4.6419999932822975e-06,96,False
1482,6.378499998049847e-05,0.00010107800000014322,8.50399999308138e-06,8.513000011589611e-06,9.256499998855361e-05,4.222000001163906e-06,96,False
1483,4.3705999985377275e-05,0.00010586900000930655,8.857999972633479e-06,8.519999994405225e-06,9.734900001490132e-05,3.86399997864828e-06,96,False
1484,4.478500000004715e-05,9.559500000477783e-05,7.530999994287413e-06,8.168000022124033e-06,8.74269999826538e-05,3.886000001784851e-06,96,False
1485,4.1118000012829725e-05,9.391599999730715e-05,7.142000015392114e-06,7.844000009527008e-06,8.607199998778015e-05,3.5680000110005494e-06,96,False
1486,4.039200001670906e-05,9.231100000306469e-05,6.859000023951012e-06,7.793999998284562e-06,8.451700000478013e-05,3.674999987879346e-06,96,False
1487,4.04079999896112e-05,9.14709999904062e-05,6.607000017311293e-06,7.234000008793373e-06,8.423699998161283e-05,3.815000013673853e-06,96,False
1488,3.8130999996610626e-05,0.00013860600000725753,7.288000006155926e-06,3.5343000007515e-05,0.00010326299999974253,5.537000021149652e-06,96,False
1489,6.089199999337325e-05,0.00010166599997774028,7.183000008126328e-06,1.017899998601024e-05,9.148699999173004e-05,4.189000009091615e-06,96,False
1490,4.095500000289576e-05,9.193799999707153e-05,4.4172999992042605e-05,7.764999992332378e-06,8.417300000473915e-05,3.7070000189487473e-06,96,False
1491,4.428500000130953e-05,9.933000001183245e-05,7.043000010753531e-06,8.604000015566271e-06,9.072599999626618e-05,4.255999982660796e-06,96,False
1492,3.926300001921845e-05,9.204299999510113e-05,6.692999988899828e-06,7.890999995652237e-06,8.415199999944889e-05,3.6570000077063014e-06,96,False
1493,3.894899998613255e-05,8.968200000936122e-05,6.796999997504827e-06,7.0229999948878685e-06,8.265900001447335e-05,3.4819999825685954e-06,96,False
1494,4.223299998784569e-05,9.082700000817567e-05,6.320000011328375e-06,7.4390000008861534e-06,8.338800000728952e-05,3.8089999918611284e-06,96,False
1495,3.8097000015113736e-05,9.027800001604191e-05,6.23400001131813e-06,7.675999995626626e-06,8.260200002041529e-05,3.6190000116675947e-06,96,False
1496,3.742000001238921e-05,8.96740000086993e-05,6.436000006715403e-06,7.713999991665332e-06,8.196000001703396e-05,3.356999997095045e-06,96,False
1497,3.761300001769996e-05,9.501299999215007e-05,6.783000003451889e-06,7.600000003549212e-06,8.741299998860086e-05,3.7100000156442547e-06,96,False
1498,3.804400000717578e-05,9.16120000056253e-05,6.537999979627784e-06,7.503000006181537e-06,8.410899999944377e-05,3.524000021570828e-06,96,False
1499,3.791200001046491e-05,8.918199998220189e-05,6.710000008069983e-06,6.9319999909112084e-06,8.224999999129068e-05,3.8999999958377884e-06,96,False
1500,7.384799999954339e-05,9.652899998968678e-05,6.708000000799075e-06,8.575999999038686e-06,8.79529999906481e-05,4.193999984636321e-06,96,False
1501,3.8917000011906566e-05,9.135500002344088e-05,6.377999994811034e-06,7.809999999608408e-06,8.354500002383247e-05,3.6170000043966866e-06,96,False
1502,3.857400000129019e-05,9.065500000815518e-05,6.3980000106766965e-06,7.490000001553199e-06,8.316500000660199e-05,3.5809999872071785e-06,96,False
1503,3.844500000127482e-05,8.851700002310281e-05,6.091000017249826e-06,7.327000020040941e-06,8.119000000306187e-05,3.35100000370403e-06,96,False
1504,3.86140000045998e-05,8.79540000084944e-05,6.336000012652221e-06,7.0730000061303144e-06,8.088100000236409e-05,3.6589999865555e-06,96,False
1505,6.561300000385017e-05,0.0001238890000081483,9.522999988575975e-06,1.3287999991007382e-05,0.0001106010000171409,5.853999994087644e-06,96,False
1506,4.7980000005054535e-05,9.56229999928837e-05,7.269999997561172e-06,8.118000010881588e-06,8.750499998200212e-05,3.797999994503698e-06,96,False
1507,4.1095999989693155e-05,9.105999998837433e-05,6.919000014704579e-06,7.540000012795645e-06,8.351999997557868e-05,3.817999981947651e-06,96,False
1508,3.901200000200333e-05,8.931500002518078e-05,6.706999982952766e-06,7.555000024694891e-06,8.176000000048589e-05,3.4409999898343813e-06,96,False
1509,3.817199998934484e-05,9.015899999553767e-05,6.068000004688656e-06,7.600000003549212e-06,8.255899999198846e-05,3.7140000017643615e-06,96,False
1510,3.9053999984162147e-05,8.728800000312731e-05,6.013999978904394e-06,7.124999996221959e-06,8.016300000690535e-05,3.515000003062596e-06,96,False
1511,3.787800000054631e-05,0.0001495690000012928,8.245999993050646e-06,6.880000000819564e-06,0.00014268900000047324,3.4359999858679657e-06,96,False
1512,5.11349999783306e-05,0.00010166100000219558,6.8690000034621335e-06,8.659000002353423e-06,9.300199999984216e-05,4.324000002497996e-06,96,False
1513,4.164800000694413e-05,9.195600000566628e-05,5.654999995385879e-06,7.3159999942618015e-06,8.464000001140448e-05,3.916999986586234e-06,96,False
1514,3.810499998735395e-05,8.879200001388199e-05,5.853999994087644e-06,7.4619999850256136e-06,8.133000002885638e-05,3.632999977298823e-06,96,False
1515,3.850499999202839e-05,8.97110000153134e-05,6.138000003375055e-06,7.318999990957309e-06,8.23920000243561e-05,3.4610000057000434e-06,96,False
1516,3.8278999994645346e-05,8.799899998734872e-05,5.671999986134324e-06,7.057999994231068e-06,8.094099999311766e-05,3.524000021570828e-06,96,False
1517,3.8406999976814404e-05,8.869900000263442e-05,6.625999986908937e-06,6.931000001486609e-06,8.176800000114781e-05,3.4960000050432427e-06,96,False
1518,3.7004999995815524e-05,8.78829999919617e-05,5.429999987427436e-06,7.079999988945929e-06,8.080300000301577e-05,3.4029999937956745e-06,96,False
1519,3.6614999999073916e-05,8.617600002480685e-05,6.237000008013638e-06,7.353000000875909e-06,7.882300002393094e-05,3.3820000169271225e-06,96,False
1520,3.7743000007139926e-05,0.00010783700000160934,7.16900001407339e-06,7.421000020713109e-06,0.00010041599998089623,3.235999997741601e-06,96,False
1521,4.775400000767149e-05,9.499500001197703e-05,6.473000013329511e-06,8.219999983793969e-06,8.677500002818306e-05,4.065000013042663e-06,96,False
1522,3.82629999933215e-05,8.834999999862703e-05,6.4509999901929405e-06,7.581000005529859e-06,8.076899999309717e-05,3.504999995129765e-06,96,False
1523,3.717699999583601e-05,0.0001293109999949138,7.0100000186812395e-06,2.7350000010528674e-05,0.00010196099998438513,5.947999994759812e-06,96,False
1524,4.106800000158728e-05,0.0001289909999968586,7.2630000147455576e-06,7.689999989679563e-06,0.00012130100000717903,4.020999995191232e-06,96,False
1525,4.338899998401757e-05,9.295000000975051e-05,6.312000010666452e-06,7.520999986354582e-06,8.542900002339593e-05,4.238000002487752e-06,96,False
1526,4.311700001835561e-05,9.153799999239709e-05,6.318999993482066e-06,7.183999997550927e-06,8.435399999484616e-05,3.7700000063978223e-06,96,False
1527,3.746299998397262e-05,8.917599998881087e-05,6.616999996822415e-06,7.423999988986907e-06,8.175199999982397e-05,3.3160000043608306e-06,96,False
1528,3.7186000014344245e-05,8.676199999513301e-05,6.655000021282831e-06,6.921999982978377e-06,7.984000001215463e-05,3.4099999766112887e-06,96,False
1529,3.794700000980811e-05,8.871500000395827e-05,6.432999981598186e-06,7.535000008829229e-06,8.117999999512904e-05,3.5690000004251488e-06,96,False
1530,3.754700000513367e-05,8.880699999735953e-05,6.159999998089916e-06,7.398000008151939e-06,8.140899998920759e-05,3.4050000010665826e-06,96,False
1531,3.664799999114621e-05,8.669700000041303e-05,6.3720000014200195e-06,6.990999992240177e-06,7.970600000817285e-05,3.280000015593032e-06,96,False
1532,3.7254000005759735e-05,9.258000000045286e-05,6.29199999480079e-06,9.322000011025011e-06,8.325799998942784e-05,3.5260000004200265e-06,96,False
1533,3.6628000003702255e-05,8.748499999455817e-05,6.3359999842305115e-06,7.2189999968941265e-06,8.026599999766404e-05,3.363000018907769e-06,96,False
1534,3.751999997803068e-05,8.744499999124855e-05,6.22399997496359e-06,7.179999983009111e-06,8.026500000823944e-05,3.456999991158227e-06,96,False
1535,3.7687999991931065e-05,0.00012861899998029003,7.110000012744422e-06,2.5778000008358504e-05,0.00010284099997193152,5.9619999888127495e-06,96,False
1536,4.081700001279387e-05,9.291899999652742e-05,6.288000008680683e-06,7.651000004216257e-06,8.526799999231116e-05,3.755999983923175e-06,96,False
1537,3.772800002366239e-05,8.796800000254734e-05,6.033999994770056e-06,7.3420000035184785e-06,8.062599999902886e-05,3.654000011010794e-06,96,False
1538,3.6831999977948726e-05,8.703100002094288e-05,6.088999981557208e-06,6.847999998171872e-06,8.018300002277101e-05,3.789999993841775e-06,96,False
1539,3.673500000900276e-05,8.810699998207383e-05,6.7619999981616274e-06,7.389000018065417e-06,8.071799996400841e-05,3.395999982558351e-06,96,False
1540,4.039099999886275e-05,8.954100002256382e-05,6.229000007351715e-06,7.512999985692659e-06,8.202800003687116e-05,3.559999981916917e-06,96,False
1541,3.7208999998483705e-05,8.813800002371863e-05,6.078000012621487e-06,6.812999998828673e-06,8.132500002488996e-05,3.783000011026161e-06,96,False
1542,3.771500001903405e-05,8.591999997520361e-05,5.962000017234459e-06,6.817000013370489e-06,7.910299996183312e-05,3.2139999746050307e-06,96,False
1543,3.680800000438467e-05,8.568900000227586e-05,6.169000016598147e-06,6.953999985626069e-06,7.873500001664979e-05,3.1239999884746794e-06,96,False
1544,3.6708999999746084e-05,8.525600000552913e-05,6.0400000165827805e-06,6.403000014643112e-06,7.885299999088602e-05,3.53300001165735e-06,96,False
1545,3.662000000304033e-05,8.628999998450126e-05,6.172000013293655e-06,6.4349999888690945e-06,7.985499999563217e-05,3.5260000004200265e-06,96,False
1546,3.684000000703236e-05,8.61970000016754e-05,6.053000021211119e-06,6.769000009398951e-06,7.942799999227645e-05,3.3809999990808137e-06,96,False
1547,3.6296000018865016e-05,8.737400000313755e-05,6.195999986857714e-06,7.448000019394385e-06,7.992599998374317e-05,3.609999993159363e-06,96,False
1548,5.969199997934993e-05,9.66730000016014e-05,6.575999975666491e-06,9.81300001967611e-06,8.685999998192528e-05,4.214999989926582e-06,96,False
1549,3.962200000273697e-05,9.062000000881199e-05,6.3379999915014196e-06,7.850999992342622e-06,8.276900001646936e-05,3.6369999918406393e-06,96,False
1550,3.7584000011747776e-05,8.71070000130203e-05,5.887000014581645e-06,6.937999984302223e-06,8.016900002871807e-05,3.49900000173875e-06,96,False
1551,3.7265999992541765e-05,8.888300001785865e-05,6.310999992820143e-06,7.570999997597028e-06,8.131200002026162e-05,3.6449999925025622e-06,96,False
1552,3.675600001429302e-05,0.00013619000000630876,7.2890000240022346e-06,6.924999979673885e-06,0.00012926500002663488,3.3010000208832935e-06,96,False
1553,4.838300000642448e-05,0.0004528549999918141,1.4859999993177553e-05,8.600999990449054e-06,0.00044425400000136506,0.0001891299999954299,96,False
1554,9.005199999023716e-05,0.00015398499999719206,1.0810000020455846e-05,1.5004999994516766e-05,0.0001389800000026753,6.624999997484338e-06,96,False
1555,6.293999999229527e-05,0.00015861899998981244,9.247999997796796e-06,1.1623000006011353e-05,0.00014699599998380108,5.219000001943641e-06,96,False
1556,5.2766999999676045e-05,0.00010517599997683647,7.822000014812147e-06,9.43800000641204e-06,9.573799997042443e-05,4.614999994601021e-06,96,False
1557,4.4252000009237236e-05,9.82210000017858e-05,7.302000000208864e-06,8.196000010229909e-06,9.002499999155589e-05,3.872999997156512e-06,96,False
1558,4.165900000430156e-05,0.00010225500000160537,6.8240000246078125e-06,7.879999998294807e-06,9.437500000331056e-05,3.7460000044120534e-06,96,False
1559,4.1678999991745513e-05,9.476500000005217e-05,6.934999987606716e-06,7.914000008213407e-06,8.685099999183876e-05,3.7380000037501304e-06,96,False
1560,4.0971000004219604e-05,9.271700000113015e-05,5.851999986816736e-06,7.596999978431995e-06,8.512000002269815e-05,3.7689999885515135e-06,96,False
1561,6.77650000113772e-05,0.00010092099998360027,4.137199999831864e-05,9.52799999254239e-06,9.139299999105788e-05,4.642000021704007e-06,96,False
1562,4.494600000271021e-05,0.00010196900001346876,5.905999984179289e-06,8.352999998351152e-06,9.36160000151176e-05,4.143000012390985e-06,96,False
1563,3.920099999277227e-05,9.277899999915462e-05,5.603000005294234e-06,7.859999982429144e-06,8.491900001672548e-05,3.5249999825737177e-06,96,False
1564,3.8815999999997075e-05,9.085399997843524e-05,6.076000005350579e-06,7.4650000101428304e-06,8.338899996829241e-05,3.5349999905065488e-06,96,False
1565,3.82620000038969e-05,9.019099999818536e-05,6.73600001732666e-06,7.620000019414874e-06,8.257099997877049e-05,3.8050000057410216e-06,96,False
1566,3.851100001384111e-05,0.0001249130000076093,7.312000008141695e-06,7.175000007464405e-06,0.0001177380000001449,3.395999982558351e-06,96,False
1567,4.241999999976542e-05,9.403599997881429e-05,6.546000008711417e-06,8.165999986431416e-06,8.586999999238287e-05,3.800000001774606e-06,96,False
1568,4.3454999996583865e-05,9.036199998035954e-05,6.792000021960121e-06,7.152999984327835e-06,8.320899999603171e-05,3.583000022899796e-06,96,False
1569,3.848800000127994e-05,8.940199998619391e-05,6.184999989500284e-06,7.148999998207728e-06,8.225299998798619e-05,3.4149999805777043e-06,96,False
1570,3.705399998921166e-05,8.891500002050634e-05,6.3960000034057884e-06,7.3180000015327096e-06,8.159700001897363e-05,3.512999995791688e-06,96,False
1571,3.747400000975176e-05,0.00010911499998655927,6.3590000252133905e-06,7.766999999603286e-06,0.00010134799998695598,3.4870000149567204e-06,96,False
1572,3.884099999140744e-05,0.00013222000001178458,6.904999992229932e-06,1.2292999997498555e-05,0.00011992700001428602,5.1330000019333966e-06,96,False
1573,4.211600000303406e-05,9.241600000109429e-05,6.126999977595915e-06,7.780999993656224e-06,8.463500000743807e-05,3.737999975328421e-06,96,False
1574,3.919799999607676e-05,8.873699999867313e-05,6.237000008013638e-06,7.199000009450174e-06,8.153799998922295e-05,3.6309999984496244e-06,96,False
1575,3.8200999995297025e-05,8.991699999683078e-05,6.08600001328341e-06,7.446000012123477e-06,8.24709999847073e-05,3.593999991835517e-06,96,False
1576,3.700900001035734e-05,8.896099998878526e-05,6.218999999418884e-06,7.505000013452445e-06,8.145599997533282e-05,3.729000013663608e-06,96,False
1577,3.6923000010347096e-05,8.817200000521552e-05,6.022999997412626e-06,6.9319999909112084e-06,8.124000001430431e-05,3.5500000024057954e-06,96,False
1578,3.6888000011003896e-05,0.00012548600000172883,7.132000007459283e-06,2.6031000004422822e-05,9.9454999997306e-05,5.446000017172992e-06,96,False
1579,4.149100001882289e-05,9.209399999576817e-05,5.93800001524869e-06,7.313999986990893e-06,8.478000000877728e-05,3.810000009707437e-06,96,False
1580,3.845899999532776e-05,8.84450000171455e-05,5.8180000053198455e-06,7.5300000048628135e-06,8.091500001228269e-05,3.418000005694921e-06,96,False
1581,3.738699999189521e-05,8.92870000086532e-05,5.9539999881508265e-06,7.672999998931118e-06,8.161400000972208e-05,3.5989999958019325e-06,96,False
1582,3.704099998458332e-05,9.24889999964762e-05,5.802000003996e-06,7.227999986980649e-06,8.526100000949555e-05,3.418000005694921e-06,96,False
1583,3.726299999584626e-05,8.864000000130545e-05,6.305999988853728e-06,6.9869999776983605e-06,8.165300002360709e-05,3.765999991856006e-06,96,False
1584,3.780700001243531e-05,0.00012393600002269523,6.161000015936224e-06,7.34000002466928e-06,0.00011659599999802595,6.207000012636854e-06,96,False
1585,4.0834000003542315e-05,0.00012201699999536686,5.989000015915735e-06,7.748999991008532e-06,0.00011426800000435833,1.4857999985906645e-05,96,False
1586,4.142000000229018e-05,0.00010541899999338966,9.679999976697218e-06,8.065999992368234e-06,9.735300000102143e-05,3.5950000096818258e-06,96,False
1587,7.303500001398788e-05,0.00010849500000631451,7.0469999968736374e-06,9.594999994533282e-06,9.890000001178123e-05,5.5410000072697585e-06,96,False
1588,4.131400001483598e-05,8.992900001203452e-05,6.060000004026733e-06,7.097999997540683e-06,8.283100001449384e-05,3.870999989885604e-06,96,False
1589,3.912700000796576e-05,0.00013229499998601568,8.403999999018197e-06,6.974999990916331e-06,0.00012531999999509935,3.5349999905065488e-06,96,False
1590,5.8818999974619146e-05,0.00010260600001288367,6.315999996786559e-06,8.863000005021604e-06,9.374300000786207e-05,5.1020000171320135e-06,96,False
1591,4.068300000881209e-05,9.231900000372661e-05,6.010999982208887e-06,7.834000001594177e-06,8.448500000213244e-05,3.893000013022174e-06,96,False
1592,3.848099999004262e-05,8.909899997888715e-05,5.77899999143483e-06,7.444999994277168e-06,8.165399998460998e-05,3.7369999859038217e-06,96,False
1593,3.8293999978122883e-05,8.713899998724628e-05,5.422000015187223e-06,7.179000022006221e-06,7.995999996524006e-05,3.5179999997581035e-06,96,False
1594,3.7766999980703986e-05,0.00010145300001340729,5.873999981531597e-06,1.9471000001658467e-05,8.198200001174882e-05,3.682000027538379e-06,96,False
1595,3.837400001316382e-05,0.00012489499999901454,5.896000004668167e-06,1.0551000002578803e-05,0.00011434399999643574,4.423999996561179e-06,96,False
1596,4.0003000009392053e-05,9.022700001537487e-05,5.616999999347172e-06,7.455999991634599e-06,8.277100002374027e-05,3.6109999825839623e-06,96,False
1597,4.267400001367605e-05,8.899700000597477e-05,5.475999984128066e-06,7.170999992922589e-06,8.182600001305218e-05,3.454000022884429e-06,96,False
1598,3.799099999923783e-05,8.909900000730886e-05,5.738999988125215e-06,7.646000000249842e-06,8.145300000705902e-05,3.5280000076909346e-06,96,False
1599,3.670099999908416e-05,8.824100001447732e-05,6.522999996150247e-06,7.2370000054888806e-06,8.100400000898844e-05,3.415999998424013e-06,96,False
1600,3.763600000183942e-05,8.799200000453311e-05,6.7359999889049504e-06,7.2370000054888806e-06,8.075499999904423e-05,3.3640000083323685e-06,96,False
1601,3.7049000013666955e-05,0.0001312409999911779,6.536000000778586e-06,1.1984000025222485e-05,0.0001192569999659554,5.0760000078753365e-06,96,False
1602,4.0740999992294746e-05,9.204200000567653e-05,6.366999997453604e-06,7.793999998284562e-06,8.424800000739197e-05,3.6069999964638555e-06,96,False
1603,3.7813999995250924e-05,8.881000002247674e-05,6.23500000074273e-06,7.40900000550937e-06,8.140100001696737e-05,3.5040000057051657e-06,96,False
1604,3.7129999981289075e-05,8.707000000640619e-05,6.1390000212213636e-06,6.9989999929021e-06,8.007100001350409e-05,3.500999980587949e-06,96,False
1605,3.7310999999817795e-05,8.764099999325481e-05,6.552999991527031e-06,7.088000018029561e-06,8.055299997522525e-05,3.5509999918303947e-06,96,False
1606,3.753400000050533e-05,8.724500000312219e-05,6.34899998885885e-06,6.8400000259316585e-06,8.040499997719053e-05,3.4939999977723346e-06,96,False
1607,3.8017999997919105e-05,8.72820000097363e-05,6.396999992830388e-06,6.83899997966364e-06,8.044300003007265e-05,3.517000010333504e-06,96,False
1608,3.694000000109554e-05,8.45809999816538e-05,6.275000004052345e-06,6.939000002148532e-06,7.764199997950527e-05,3.410000005032998e-06,96,False
1609,3.600499999834028e-05,8.76330000210146e-05,6.117999987509393e-06,7.08900000745416e-06,8.054400001356044e-05,3.472999992482073e-06,96,False
1610,3.6217000001670385e-05,0.00011737099998754275,7.162999992260666e-06,7.428000003528723e-06,0.00010994299998401402,3.2710000255065097e-06,96,False
1611,5.1511999998865576e-05,9.67410000214386e-05,6.708000000799075e-06,8.109999981797955e-06,8.863100003964064e-05,4.2159999793511815e-06,96,False
1612,3.8316000001259454e-05,9.024999999951433e-05,6.716000001460998e-06,7.495000005519614e-06,8.275499999399472e-05,3.60199999249744e-06,96,False
1613,3.7699000017710205e-05,9.028699997770673e-05,6.294000002071698e-06,7.029999977703483e-06,8.325700000000325e-05,3.5760000116624724e-06,96,False
1614,3.7723999980698864e-05,8.658999999511252e-05,6.122999991475808e-06,7.21500001077402e-06,7.93749999843385e-05,3.340999995771199e-06,96,False
1615,3.67140000037125e-05,8.773900000846879e-05,6.521999978303938e-06,7.135999993579389e-06,8.06030000148894e-05,3.3949999931337516e-06,96,False
1616,3.755699998464479e-05,0.00017850400001862,8.216999987098461e-06,7.347999996909493e-06,0.0001711560000217105,3.211999995755832e-06,96,False
1617,5.636000000208696e-05,9.7768999978598e-05,7.131999979037573e-06,8.506000000352287e-06,8.926299997824572e-05,4.471000011108117e-06,96,False
1618,5.1181999992877536e-05,8.982200000673402e-05,6.475000020600419e-06,7.6190000015685655e-06,8.220300000516545e-05,3.8499999845953425e-06,96,False
1619,3.711200000111603e-05,8.780699999988428e-05,6.161000015936224e-06,7.447000001548076e-06,8.03599999983362e-05,3.464000002395551e-06,96,False
1620,3.730200000973127e-05,8.835399998474713e-05,6.233999982896421e-06,7.254999985661925e-06,8.109899999908521e-05,3.512999995791688e-06,96,False
1621,3.7598000005800714e-05,8.84119999966515e-05,6.0429999848565785e-06,7.286999988309617e-06,8.112500000834189e-05,3.3649999977569678e-06,96,False
1622,4.3683000001237815e-05,0.00010483999997745741,7.00999999025953e-06,1.0195000015755795e-05,9.464499996170161e-05,4.549999999881038e-06,96,False
1623,5.939499999385589e-05,9.898700000121607e-05,6.745000007413182e-06,9.589000001142267e-06,8.939800000007381e-05,4.4720000005327165e-06,96,False
1624,3.94220000146106e-05,9.11909999956606e-05,6.208000002061453e-06,7.844000009527008e-06,8.33469999861336e-05,3.7519999978030683e-06,96,False
1625,4.175199998712742e-05,8.867200000395314e-05,6.218999999418884e-06,7.448999980397275e-06,8.122300002355587e-05,3.5580000030677184e-06,96,False
1626,3.6912000012989665e-05,8.790199998998105e-05,6.581999997479215e-06,7.250000010117219e-06,8.065199997986383e-05,3.3609999832151516e-06,96,False
1627,3.67820000235497e-05,8.985600001665262e-05,6.152999986852592e-06,7.5300000048628135e-06,8.23260000117898e-05,3.4269999957814434e-06,96,False
1628,6.0530000013159224e-05,9.794900000770213e-05,6.734000010055752e-06,9.650000009742143e-06,8.829899999795998e-05,4.204000020990861e-06,96,False
1629,3.977000000077169e-05,8.911999998417741e-05,6.312000010666452e-06,7.2739999836812785e-06,8.184600000049613e-05,3.547000005710288e-06,96,False
1630,3.703500001961402e-05,8.737199999586664e-05,6.1549999941235e-06,7.177000014735313e-06,8.019499998113133e-05,3.7029999759852217e-06,96,False
1631,3.6069999993060264e-05,8.926599997494122e-05,5.627000007280003e-06,7.353999990300508e-06,8.191199998464072e-05,3.4390000109851826e-06,96,False
1632,3.706999999053551e-05,8.689099999514838e-05,5.5750000171883585e-06,6.825000014032412e-06,8.006599998111597e-05,3.6719999911838386e-06,96,False
1633,3.725099998064252e-05,8.843900002375449e-05,3.945199998156568e-05,6.898999998838917e-06,8.154000002491557e-05,3.7389999931747298e-06,96,False
1634,7.053699999914897e-05,9.875399999259571e-05,6.243000001404653e-06,8.592999989787131e-06,9.016100000280858e-05,4.230000001825829e-06,96,False
1635,3.98809999921923e-05,9.19279999891387e-05,5.622999992738187e-06,7.837999987714284e-06,8.409000000142441e-05,3.8069999845902203e-06,96,False
1636,3.8997999979528686e-05,8.976799998094975e-05,5.588000021816697e-06,7.707000008849718e-06,8.206099997210003e-05,3.581000015628888e-06,96,False
1637,3.8291000009849085e-05,8.934199999544035e-05,6.584999994174723e-06,7.575000012138844e-06,8.17669999833015e-05,3.7119999944934534e-06,96,False
1638,3.774199998929362e-05,8.771600002432933e-05,6.221000006689792e-06,7.592000002887289e-06,8.012400002144204e-05,3.632000016295933e-06,96,False
1639,3.9728000018612875e-05,8.610200001157864e-05,6.232000004047222e-06,6.912999992891855e-06,7.918900001868678e-05,3.4240000275076454e-06,96,False
1640,0.00012485899998182504,0.00010083800000870724,7.2269999975560495e-06,9.024999997109262e-06,9.181300001159798e-05,4.483999987314746e-06,96,False
1641,0.00010405400001900489,0.00010263499999041414,7.286999988309617e-06,1.0489999993978927e-05,9.214499999643522e-05,4.3729999958941335e-06,96,False
1642,4.326900000251044e-05,9.848399997736124e-05,6.854999980987486e-06,7.719999985056347e-06,9.076399999230489e-05,3.9909999998144485e-06,96,False
1643,4.309400000579444e-05,0.00010372700000971236,6.5339999935076776e-06,8.756999989145697e-06,9.497000002056666e-05,4.02300000246214e-06,96,False
1644,4.255700000044271e-05,0.0001314559999912035,8.46800000431358e-06,7.844999998951607e-06,0.0001236109999922519,4.096999987268646e-06,96,False
1645,5.159900001672213e-05,0.00011091100000726328,6.401000007372204e-06,9.701999999833788e-06,0.0001012090000074295,4.1689999932259525e-06,96,False
1646,3.859299999930954e-05,9.079599999495258e-05,6.635999994841768e-06,7.826999990356853e-06,8.296900000459573e-05,3.6160000149720872e-06,96,False
1647,3.820800000653435e-05,9.083200001214209e-05,6.3980000106766965e-06,7.211999985656803e-06,8.362000002648529e-05,3.4659999812447495e-06,96,False
1648,3.76270000117529e-05,8.863400000791444e-05,6.201000019245839e-06,6.860000013375611e-06,8.177399999453883e-05,3.644000003077963e-06,96,False
1649,3.757000001769484e-05,8.688699998060656e-05,6.377000005386435e-06,6.5940000126829545e-06,8.02929999679236e-05,3.3480000070085225e-06,96,False
1650,3.707700000177283e-05,0.00015022499999872707,9.774999995215694e-06,6.6570000001320295e-06,0.00014356799999859504,3.46499999182015e-06,96,False
1651,5.9035999981915666e-05,0.00010608200000206125,6.992000010086485e-06,9.993000020358522e-06,9.608899998170273e-05,5.432999984122944e-06,96,False
1652,4.1903000010279357e-05,9.168700000827812e-05,5.829999992101875e-06,7.883999984414913e-06,8.38030000238632e-05,3.870999989885604e-06,96,False
1653,3.993699999682576e-05,9.535200001664634e-05,5.772000008619216e-06,7.405000019389263e-06,8.794699999725708e-05,3.589000016290811e-06,96,False
1654,4.237800001760661e-05,9.081600001081824e-05,5.7029999993574165e-06,7.473000010804753e-06,8.334300000001349e-05,3.711000005068854e-06,96,False
1655,3.7585000001172375e-05,9.007200000610283e-05,6.239000015284546e-06,7.070999998859406e-06,8.300100000724342e-05,3.4579999805828265e-06,96,False
1656,7.78950000039913e-05,0.0001159480000012536,8.618999999043808e-06,1.2249999997493433e-05,0.00010369800000376017,5.485999992060897e-06,96,False
1657,4.692800001748765e-05,9.843099999784499e-05,7.109999984322712e-06,8.152000020800187e-06,9.02789999770448e-05,4.074000003129186e-06,96,False
1658,0.00017308199997501106,0.00010666000000014719,7.068999991588498e-06,9.85899998795503e-06,9.680100001219216e-05,4.789999991317018e-06,96,False
1659,0.0008588819999886255,0.00018436700000279416,1.6576000007262337e-05,1.722199999676377e-05,0.00016714500000603039,1.0059000004503105e-05,96,False
1660,7.668800000715237e-05,0.00013633800000434348,9.48299998526636e-06,1.2530999981663626e-05,0.00012380700002267986,5.4180000006454065e-06,96,False
1661,5.121999998891624e-05,0.00010711399997376247,8.46800000431358e-06,9.559000005765483e-06,9.755499996799699e-05,4.173999997192368e-06,96,False
1662,4.7625999997080726e-05,0.00010290200000895311,0.00022477800001752257,9.0380000017376e-06,9.386400000721551e-05,4.070000017009079e-06,96,False
1663,0.00014612900000088302,0.00043975099998760925,1.643600000988954e-05,3.0143999993015314e-05,0.00040960699999459393,1.0199000001875902e-05,96,False
1664,8.688700000902827e-05,0.00012047600000641978,9.040999998433108e-06,1.0993000017833765e-05,0.00010948299998858602,4.8640000045452325e-06,96,False
1665,4.948200000853831e-05,0.00014356799999859504,8.590999982516223e-06,8.875999981228233e-06,0.0001346920000173668,4.010000026255511e-06,96,False
1666,5.0509000004694826e-05,0.00010115800000676245,8.282999999664753e-06,8.552999986477516e-06,9.260500002028493e-05,3.8919999951758655e-06,96,False
1667,4.183900000498397e-05,9.984599998347221e-05,7.223000011435943e-06,8.10400001682865e-06,9.174199996664356e-05,3.70400002225324e-06,96,False
1668,4.074999998238127e-05,9.389199999532138e-05,6.911999975045546e-06,7.699000008187795e-06,8.619299998713359e-05,3.595999999106425e-06,96,False
1669,3.974699998821052e-05,0.000270295999996506,1.2905000005503098e-05,2.1790999994664162e-05,0.00024850500000184184,8.933000003708003e-06,96,False
1670,6.759800001532312e-05,0.00012233399999672656,8.853999986513372e-06,1.1419000003343172e-05,0.00011091499999338339,4.850000010492295e-06,96,False
1671,5.357199998456963e-05,0.00011072899999930996,8.051999998315296e-06,9.605999991890712e-06,0.00010112300000741925,4.162999999834938e-06,96,False
1672,0.00039079199999036973,0.00012376300000482843,9.493999982623791e-06,1.1177999994060883e-05,0.00011258500001076754,5.493000003298221e-06,96,False
1673,5.0224999995407416e-05,0.00022676999998338943,1.3385999977799656e-05,2.4074999998902058e-05,0.00020269499998448737,8.614999984501992e-06,96,False
1674,6.669900000133566e-05,0.00011896300000557858,9.895000005144539e-06,1.0613000000603279e-05,0.0001083500000049753,4.693999983373942e-06,96,False
1675,4.798500000902095e-05,9.578100002727297e-05,6.530000007387571e-06,7.78500000819804e-06,8.799600001907493e-05,3.934000005756388e-06,96,False
1676,4.100900000025831e-05,9.348199998271411e-05,7.248000002846311e-06,7.696999972495178e-06,8.578500001021894e-05,3.775000010364238e-06,96,False
1677,3.9330999982212234e-05,0.00013460499999951026,6.802999990895842e-06,1.1244000006627175e-05,0.00012336099999288308,4.416999985323855e-06,96,False
1678,4.233000001363507e-05,9.370800000851887e-05,6.8530000021382875e-06,8.145999998987463e-06,8.55620000095314e-05,3.808000002436529e-06,96,False
1679,3.9931999992859346e-05,9.195800001293719e-05,6.390999999439373e-06,7.935000013503668e-06,8.402299999943352e-05,3.678000012996563e-06,96,False
1680,3.845600002705396e-05,8.899499999870386e-05,6.442000000106418e-06,7.229000004826958e-06,8.17659999938769e-05,3.3960000109800603e-06,96,False
1681,3.775900000846377e-05,0.00012931699998830481,7.223000011435943e-06,1.1177999994060883e-05,0.00011813899999424393,4.34200001109275e-06,96,False
1682,4.176600000960207e-05,9.230199998455646e-05,6.477999988874217e-06,7.882999994990314e-06,8.441899998956615e-05,3.7300000030882074e-06,96,False
1683,6.78389999961837e-05,9.636900000487003e-05,7.10099999423619e-06,8.592999989787131e-06,8.77760000150829e-05,4.106999995201477e-06,96,False
1684,3.962800002454969e-05,9.019500001272718e-05,6.482999992840632e-06,7.95500000094762e-06,8.224000001177956e-05,3.480999993143996e-06,96,False
1685,3.8202000013143333e-05,8.969800001068506e-05,7.462000013447323e-06,7.3709999810489535e-06,8.232700002963611e-05,3.603999999768348e-06,96,False
1686,4.177399998184228e-05,9.015400001999296e-05,6.448999982922032e-06,7.517000000234475e-06,8.263700001975849e-05,3.723999981275483e-06,96,False
1687,3.941099998883146e-05,9.139400000890419e-05,6.758000012041521e-06,7.473999971807643e-06,8.392000003709654e-05,3.403999983220274e-06,96,False
1688,3.869500000064363e-05,0.0001106340000092132,7.246999985000002e-06,7.881000016141115e-06,0.00010275299999307208,3.5540000169476116e-06,96,False
1689,5.50720000092042e-05,9.651199999893834e-05,5.812000011928831e-06,8.461999982500856e-06,8.805000001643748e-05,4.2839999991883815e-06,96,False
1690,3.9409000009982265e-05,8.877100000859173e-05,5.6300000039755105e-06,7.425999996257815e-06,8.134500001233391e-05,3.676999995150254e-06,96,False
1691,3.76289999906021e-05,0.0002669879999928071,7.912000000942498e-06,1.6763000019182073e-05,0.000250224999973625,6.458000001430264e-06,96,False
1692,4.402299998673698e-05,9.359699998867654e-05,6.806999977015948e-06,7.957000008218529e-06,8.563999998045801e-05,3.7160000090352696e-06,96,False
1693,4.032500001471817e-05,8.978599998954451e-05,6.785000010722797e-06,7.346999979063185e-06,8.243900001048132e-05,3.6739999984547467e-06,96,False
1694,3.7630999997873005e-05,9.10179999777938e-05,6.062999972300531e-06,7.737000004226502e-06,8.32809999735673e-05,3.816000003098452e-06,96,False
1695,3.7277000018320905e-05,0.0002411479999864241,1.7704000015328347e-05,7.2169999896232184e-06,0.0002339309999968009,3.634999984569731e-06,96,False
1696,0.00013541799998506576,0.00017919799998367125,1.2010000006057453e-05,1.716600002055202e-05,0.00016203199996311923,9.280000000444488e-06,96,False
1697,6.490999999186897e-05,0.00011757799998690643,8.694000001696622e-06,1.1084000021810425e-05,0.00010649399996509601,4.716999995935112e-06,96,False
1698,5.100600000673694e-05,0.000109826999988627,8.535999995729071e-06,9.60899998858622e-06,0.00010021800000004077,4.224000008434814e-06,96,False
1699,4.77560000149424e-05,0.00010660800001005555,8.473000008279996e-06,8.737999991126344e-06,9.78700000189292e-05,4.028000006428556e-06,96,False
1700,4.689000002144894e-05,0.00010237600000095881,7.866999993666468e-06,8.186000002297078e-06,9.418999999866173e-05,4.093000001148539e-06,96,False
1701,4.523500001596403e-05,0.0001014939999777198,7.463000002871922e-06,8.33199999306089e-06,9.31619999846589e-05,4.12599999322083e-06,96,False
1702,4.530900000077054e-05,0.00010157799999888084,7.5199999969299824e-06,8.786999984522481e-06,9.279100001435836e-05,3.887999980634049e-06,96,False
1703,4.3559000005188864e-05,0.00014388200000325924,8.390000004965259e-06,1.4493000008997114e-05,0.00012938899999426212,5.678999997371648e-06,96,False
1704,4.8015999993822334e-05,0.0001006130000007488,4.969699998014221e-05,8.782999998402374e-06,9.183000000234642e-05,3.964000001133172e-06,96,False
1705,0.00012961400000222056,0.0001410579999969741,1.0244999998576532e-05,1.2873999992280005e-05,0.0001281840000046941,7.79599997713376e-06,96,False
1706,4.527300001200274e-05,9.664800001019103e-05,6.811200000811368e-05,7.919000012179822e-06,8.87289999980112e-05,3.787999986570867e-06,96,False
1707,6.0735999994676604e-05,9.999400000992864e-05,7.551000010153075e-06,9.133999981258967e-06,9.086000002866967e-05,4.624999974112143e-06,96,False
1708,4.029400000149508e-05,0.00014206200000899116,7.973000009542375e-06,2.6838999986011913e-05,0.00011522300002297925,5.793000013909477e-06,96,False
1709,6.969199998252407e-05,0.00010006200000134413,7.472999982383044e-06,8.716000024833193e-06,9.134599997651094e-05,4.375999992589641e-06,96,False
1710,4.635900000948823e-05,9.393999999929292e-05,7.199999998874773e-06,7.869999990361976e-06,8.607000000893095e-05,3.827000000455882e-06,96,False
1711,3.976700000407618e-05,9.109600000556384e-05,6.46299997697497e-06,7.945999982439389e-06,8.315000002312445e-05,3.6330000057205325e-06,96,False
1712,0.00011068099999533842,0.00010278900001026159,6.856999988258394e-06,9.122999983901536e-06,9.366600002636005e-05,4.455000009784271e-06,96,False
1713,4.028400002198396e-05,0.0001433779999899798,7.0650000054683915e-06,1.2763000000859392e-05,0.0001306149999891204,5.32299998212693e-06,96,False
1714,4.182099999638922e-05,9.573999997769533e-05,6.605999999464984e-06,8.180999998330662e-06,8.755899997936467e-05,3.869000011036405e-06,96,False
1715,3.989000001070053e-05,9.009100000412218e-05,6.7880000074183044e-06,7.1749999790426955e-06,8.291600002507948e-05,3.7259999885463913e-06,96,False
1716,3.796800001509837e-05,9.924400001182221e-05,7.191000008788251e-06,9.446999996498562e-06,8.979700001532365e-05,4.292999989274904e-06,96,False
1717,3.992999998558844e-05,9.41770000224551e-05,6.495999997468971e-06,7.44299998700626e-06,8.673400003544884e-05,3.646000010348871e-06,96,False
1718,3.953700002057303e-05,8.89009999980317e-05,6.336000012652221e-06,7.61399999760215e-06,8.128700000042954e-05,3.603999999768348e-06,96,False
1719,3.7732999999207095e-05,8.824999997614213e-05,6.500000012010787e-06,7.205000002841189e-06,8.104499997330095e-05,3.5280000076909346e-06,96,False
1720,3.8291999999273685e-05,8.878500000264467e-05,6.4480000219191425e-06,7.216000000198619e-06,8.156900000244605e-05,3.5179999997581035e-06,96,False
1721,6.447499998785133e-05,0.00010041100000535153,6.901999995534425e-06,9.965000003830937e-06,9.044600000152059e-05,4.5019999959095e-06,96,False
1722,6.873099999893384e-05,9.742899999309884e-05,6.885000004785979e-06,8.715000006986884e-06,8.871399998611196e-05,4.262000004473521e-06,96,False
1723,3.939999999147403e-05,8.938200002717167e-05,5.940000022519598e-06,7.846999977800806e-06,8.153500004937086e-05,3.6309999984496244e-06,96,False
1724,4.236300000570736e-05,8.820100001116771e-05,6.409000008034127e-06,7.2450000061508035e-06,8.09560000050169e-05,3.6890000103539933e-06,96,False
1725,3.8335999988703406e-05,8.877299998744093e-05,5.739000016546925e-06,7.128000021339176e-06,8.164499996610175e-05,3.638000009686948e-06,96,False
1726,3.784500000847402e-05,8.69729999806168e-05,5.4180000006454065e-06,7.191000008788251e-06,7.978199997182855e-05,3.3989999792538583e-06,96,False
1727,3.644299999905343e-05,8.853700001054676e-05,5.61900000661808e-06,7.13500000415479e-06,8.140200000639197e-05,3.5219999858782103e-06,96,False
1728,6.775500000344437e-05,9.672699999896395e-05,6.049999996093902e-06,8.55900000829024e-06,8.81679999906737e-05,4.146999998511092e-06,96,False
1729,3.780600002301071e-05,8.994099999881655e-05,5.408000021134285e-06,7.911000011517899e-06,8.202999998729865e-05,3.5940000202572264e-06,96,False
1730,5.350000000703403e-05,8.91120000119372e-05,5.584000007274881e-06,7.0730000061303144e-06,8.203900000580688e-05,3.515000003062596e-06,96,False
1731,3.835299997945185e-05,8.616799999572322e-05,5.694000009270894e-06,6.721000005427413e-06,7.944699999029581e-05,3.5540000169476116e-06,96,False
1732,3.647299999443021e-05,8.669700000041303e-05,5.491999985451912e-06,6.8189999922196876e-06,7.987800000819334e-05,3.5840000123243954e-06,96,False
1733,3.669800000238865e-05,8.529299998372153e-05,6.575999975666491e-06,6.906000010076241e-06,7.838699997364529e-05,3.632000016295933e-06,96,False
1734,6.123600002183593e-05,9.750499998517625e-05,6.978000016033548e-06,9.356999981946501e-06,8.814800000322975e-05,4.2419999886078585e-06,96,False
1735,3.967999998621963e-05,0.0001721470000006775,6.658000017978338e-06,7.277000008798495e-06,0.000164869999991879,3.6000000136482413e-06,96,False
1736,4.414200000724122e-05,9.254600001895597e-05,6.242000011980053e-06,7.849000013493423e-06,8.469700000546254e-05,3.8109999991320365e-06,96,False
1737,3.908700000465615e-05,9.065399999030888e-05,6.752000018650506e-06,7.904000000280575e-06,8.27499999900283e-05,3.700999997136023e-06,96,False
1738,4.921500001842105e-05,8.97440000073857e-05,6.640000009383584e-06,7.565000004206013e-06,8.217900000317968e-05,3.7119999944934534e-06,96,False
1739,3.780399998731809e-05,0.00012685999999462183,7.0990000153869914e-06,1.1673000017253798e-05,0.00011518699997736803,4.962000019759216e-06,96,False
1740,4.0024999975685205e-05,0.00013772200000516932,7.337999988976662e-06,1.1024000002635148e-05,0.00012669800000253417,4.7990000098252494e-06,96,False
1741,4.0377000004809815e-05,9.188699999640448e-05,5.969000000050073e-06,8.162999989735908e-06,8.372400000666858e-05,3.8290000077267905e-06,96,False
1742,3.7811999987980016e-05,8.858399999667199e-05,5.713999996714847e-06,7.119000002830944e-06,8.146499999384105e-05,3.6590000149772095e-06,96,False
1743,3.713800001037271e-05,8.74230000249554e-05,6.452000008039249e-06,7.284999981038709e-06,8.013800004391669e-05,3.7629999951604987e-06,96,False
1744,3.782999999657477e-05,8.701699999846824e-05,6.433000010019896e-06,6.857999977682994e-06,8.015900002078524e-05,3.687000003083085e-06,96,False
1745,5.542700000660261e-05,9.891199999856326e-05,6.769000009398951e-06,9.832999978698354e-06,8.907900001986491e-05,4.189000009091615e-06,96,False
1746,3.955299999347517e-05,8.896800000002258e-05,6.116999998084793e-06,7.27200000483208e-06,8.16959999951905e-05,3.737000014325531e-06,96,False
1747,3.7187000003768844e-05,9.992000002512214e-05,9.695000017018174e-06,7.162000002836066e-06,9.275800002228607e-05,3.7860000077216682e-06,96,False
1748,7.541400000832255e-05,0.00010918699999251658,6.600999995498569e-06,9.511999991218545e-06,9.967500000129803e-05,5.672999975558923e-06,96,False
1749,4.04410000101052e-05,0.0001003650000086509,6.069999983537855e-06,8.051000008890696e-06,9.23139999997602e-05,3.6160000149720872e-06,96,False
1750,3.87880000118912e-05,0.00014753199999972821,7.959000015489437e-06,8.142000012867356e-06,0.00013938999998686086,3.3160000043608306e-06,96,False
1751,5.246500001021559e-05,0.0003865279999786253,3.994099998294587e-05,1.1143000023139393e-05,0.0003753849999554859,4.3670999986034076e-05,96,False
1752,0.00015914400000838214,0.00019323099999724036,1.3559000024088164e-05,1.8399999987650517e-05,0.00017483100000958984,9.293999994497426e-06,96,False
1753,0.0003203079999991587,0.0007771189999914441,4.124599999499878e-05,1.725800001395328e-05,0.0007598609999774908,7.680999999593041e-06,96,False
1754,0.0001247410000075888,0.00013214599999855636,1.0248999984696638e-05,1.1411999992105848e-05,0.00012073400000645051,6.987999995544669e-06,96,False
1755,4.9085000000559376e-05,0.00010679099997901176,7.072000016705715e-06,9.069999975963583e-06,9.772100000304818e-05,4.203999992569152e-06,96,False
1756,7.574199997861797e-05,0.00011059700000259909,7.272999994256679e-06,1.0911000003943627e-05,9.968599999865546e-05,4.601999989972683e-06,96,False
1757,4.547999998294472e-05,0.00021961599998121528,1.3435999989042102e-05,2.2446999992098426e-05,0.00019716899998911686,9.89400001571994e-06,96,False
1758,8.040699998446144e-05,0.00012556400000107715,8.18399999502617e-06,1.1720000003379027e-05,0.00011384399999769812,4.963999998608415e-06,96,False
1759,5.2586000009569034e-05,0.00010983200002101512,7.834000001594177e-06,9.269000003087058e-06,0.00010056300001792806,3.998999972054662e-06,96,False
1760,4.910199999130782e-05,0.00010732699999493889,7.509999988997151e-06,9.258999995154227e-06,9.806799999978466e-05,4.187999991245306e-06,96,False
1761,4.8538000015696525e-05,0.00010534000000461674,0.00012838800000736228,8.790999999064297e-06,9.654900000555244e-05,4.166999985955044e-06,96,False
1762,0.00014476999999146756,0.00013363099998286998,8.961000020235588e-06,1.270900000349684e-05,0.00012092199997937314,6.646000002774599e-06,96,False
1763,4.8471000013705634e-05,0.00010241800001153933,7.19199999821285e-06,9.178999988534997e-06,9.323900002300434e-05,4.149000005782e-06,96,False
1764,4.5074000013300974e-05,0.00024822499997867453,1.1975000006714254e-05,8.360999999013075e-06,0.00023986399997966146,3.7400000110210385e-06,96,False
1765,7.563699998058837e-05,0.00011936799998579772,7.207000010112097e-06,1.1276999998699466e-05,0.00010809099998709826,5.036000004565722e-06,96,False
1766,4.688199999236531e-05,0.00010252500001683984,6.467999980941386e-06,9.428999987903808e-06,9.309600002893603e-05,4.287999985308488e-06,96,False
1767,5.143800001405907e-05,9.59379999869725e-05,6.614000000126907e-06,8.282999999664753e-06,8.765499998730775e-05,3.845999998475236e-06,96,False
1768,4.1836000008288465e-05,0.0001203789999806304,7.135999993579389e-06,7.543999998915751e-06,0.00011283499998171465,4.12599999322083e-06,96,False
1769,4.9255999982733556e-05,9.794900000770213e-05,6.263000017270315e-06,8.352000008926552e-06,8.959699999877557e-05,4.1830000157006e-06,96,False
1770,4.0445000024647015e-05,9.353299998338116e-05,6.0560000179066265e-06,7.631999977775195e-06,8.590100000560597e-05,3.866000014340898e-06,96,False
1771,3.887099998678423e-05,9.008600000015576e-05,5.877999996073413e-06,7.4959999949442135e-06,8.259000000521155e-05,3.6450000209242717e-06,96,False
1772,3.856800000789917e-05,8.91490000185513e-05,5.702000009932817e-06,6.874999996853148e-06,8.227400002169816e-05,3.49900000173875e-06,96,False
1773,3.8224000007858194e-05,8.850899999401918e-05,6.201999980248729e-06,7.189000001517343e-06,8.131999999250183e-05,3.5420000017438724e-06,96,False
1774,3.853699999467608e-05,0.0007912309999937861,1.383600002213825e-05,7.981999999628897e-06,0.0007832489999941572,3.6779999845748534e-06,96,False
1775,8.09919999937847e-05,0.00012401600000089275,7.96800000557596e-06,1.1011999987431409e-05,0.00011300400001346134,6.843999983630056e-06,96,False
1776,4.670900000292022e-05,0.00010024300001987285,6.8950000127188105e-06,8.475000015550904e-06,9.176800000432195e-05,4.0199999773449235e-06,96,False
1777,0.0002567969999915931,0.00016316899998969348,1.3116999980411492e-05,1.4928000013014753e-05,0.00014824099997667872,8.672999996406361e-06,96,False
1778,5.621800002586497e-05,0.00011119499998812898,7.869000000937376e-06,9.878000014396093e-06,0.00010131699997373289,4.693999983373942e-06,96,False
1779,4.771400000436188e-05,0.00010295699999574026,7.411000012780278e-06,8.792000016910606e-06,9.416499997882966e-05,4.0410000110568944e-06,96,False
1780,4.5039000013957775e-05,0.0001000860000033299,7.259000000203741e-06,8.250999997017061e-06,9.183500000631284e-05,4.028999995853155e-06,96,False
1781,5.0531999988834286e-05,0.0001008240000146543,7.2710000154074805e-06,7.984999996324404e-06,9.28390000183299e-05,3.7300000030882074e-06,96,False
1782,4.203200001029472e-05,9.433700000727185e-05,6.3640000007580966e-06,7.908999975825282e-06,8.642800003144657e-05,3.4050000010665826e-06,96,False
1783,4.1699999997035775e-05,0.00012656100000185688,6.044499997415187e-05,7.662000001573688e-06,0.0001188990000002832,3.3199999904809374e-06,96,False
1784,6.404100000168e-05,0.0001154890000236719,8.465999997042672e-06,1.128499999936139e-05,0.00010420400002431052,4.915999994636877e-06,96,False
1785,4.4799999983524685e-05,9.647299998505332e-05,7.512999985692659e-06,8.444999991752411e-06,8.802799999330091e-05,4.033999999819571e-06,96,False
1786,4.12509999989652e-05,9.418300001584612e-05,7.0959999902697746e-06,7.525000000896398e-06,8.665800001494972e-05,3.5920000129863183e-06,96,False
1787,4.1026999980431356e-05,0.00010629499999481595,7.598999985702903e-06,1.0242000001881024e-05,9.605299999293493e-05,4.337999996550934e-06,96,False
1788,4.2498999988538344e-05,9.303999999588086e-05,6.831999996848026e-06,7.640999996283426e-06,8.539899999959744e-05,3.5930000024109177e-06,96,False
1789,3.9955999994845115e-05,9.12239999877329e-05,7.131000018034683e-06,7.410999984358568e-06,8.381300000337433e-05,3.6250000050586095e-06,96,False
1790,4.19209999904524e-05,9.202100000038627e-05,6.807999994862257e-06,7.479999993620368e-06,8.45410000067659e-05,3.61300001827658e-06,96,False
1791,3.796799998667666e-05,9.113999999499356e-05,6.5760000040882005e-06,7.4069999982384616e-06,8.37329999967551e-05,3.5820000050534873e-06,96,False
1792,3.8040000021055675e-05,8.972700001663725e-05,6.88499997636427e-06,7.726000006869072e-06,8.200100000976818e-05,3.703000004406931e-06,96,False
1793,3.922400000533344e-05,8.92199999782406e-05,6.8509999948673794e-06,7.478999975774059e-06,8.174100000246654e-05,3.472000003057474e-06,96,False
1794,3.7585999990596974e-05,8.974399997896398e-05,6.786000000147396e-06,7.413999981054076e-06,8.232999999790991e-05,3.381999988505413e-06,96,False
1795,4.038099999092992e-05,8.962500001530316e-05,5.476600000520193e-05,7.498000002215122e-06,8.212700001308804e-05,3.3700000017233833e-06,96,False
1796,0.00013253200000917786,0.0001404610000008688,9.97300000449286e-06,1.3501000012183795e-05,0.000126959999988685,6.980999984307346e-06,96,False
1797,4.956700001912395e-05,0.00010153200000218021,7.8070000029129e-06,8.373000014216814e-06,9.31589999879634e-05,4.279999984646565e-06,96,False
1798,4.4593000012582706e-05,9.57270000014887e-05,7.457999998905507e-06,8.117999982459878e-06,8.760900001902883e-05,3.93199999848548e-06,96,False
1799,4.2008999997733554e-05,9.441500000662018e-05,7.159999995565158e-06,7.441999997581661e-06,8.697300000903851e-05,3.88699999120945e-06,96,False
1800,4.119599998375634e-05,9.485700002187514e-05,6.9980000034775e-06,7.778999986385315e-06,8.707800003548982e-05,3.504999995129765e-06,96,False
1801,4.079100000353719e-05,9.318799999391558e-05,6.85000000544278e-06,7.695999983070578e-06,8.5492000010845e-05,3.703000004406931e-06,96,False
1802,3.853499998740517e-05,9.297500000116088e-05,6.849000016018181e-06,7.620000019414874e-06,8.5354999981746e-05,3.4779999964484887e-06,96,False
1803,4.048200000283941e-05,9.042199999953482e-05,6.270000000085929e-06,7.6030000002447196e-06,8.28189999992901e-05,3.615999986550378e-06,96,False
1804,3.94930000027216e-05,0.00012975100000289785,7.274000012102988e-06,7.10099999423619e-06,0.00012265000000866166,3.6810000096920703e-06,96,False
1805,4.3317999995906575e-05,9.52699999743345e-05,6.224000003385299e-06,7.766000010178686e-06,8.750399996415581e-05,3.856000006408067e-06,96,False
1806,3.887900001586786e-05,9.141399999634814e-05,6.797999986929426e-06,7.580999977108149e-06,8.383300001923999e-05,3.5200000070290116e-06,96,False
1807,3.8438999979462096e-05,9.04860000048302e-05,6.492000011348864e-06,7.479999993620368e-06,8.300600001120984e-05,3.458000009004536e-06,96,False
1808,3.890300001785363e-05,8.998699999551718e-05,6.010999982208887e-06,7.594000010158197e-06,8.239299998535898e-05,3.413999991153105e-06,96,False
1809,4.2393999990508746e-05,8.966100000407096e-05,5.936999997402381e-06,7.702999994307902e-06,8.195800000976305e-05,3.7610000163113e-06,96,False
1810,3.860600000393788e-05,8.882899999207439e-05,5.8990000013636745e-06,6.970000015371625e-06,8.185899997670276e-05,3.517000010333504e-06,96,False
1811,3.7437000003137655e-05,8.708999999385014e-05,6.686000006084214e-06,6.990999992240177e-06,8.009900000160997e-05,3.472999992482073e-06,96,False
1812,3.7175000016986814e-05,8.940000000734472e-05,6.682999980966997e-06,7.678999992322133e-06,8.172100001502258e-05,3.4589999984291353e-06,96,False
1813,3.943900000535905e-05,9.264499999517284e-05,5.803000021842308e-06,7.5140000035389676e-06,8.513099999163387e-05,3.311000000394415e-06,96,False
1814,3.841500000589804e-05,8.939399998553199e-05,5.863000012595876e-06,7.318999990957309e-06,8.207499999457468e-05,3.648000017619779e-06,96,False
1815,3.90000000152213e-05,8.961500000737033e-05,5.877999996073413e-06,7.904999989705175e-06,8.171000001766515e-05,3.5600000103386265e-06,96,False
1816,3.7413000001151886e-05,0.00011287800001014148,7.3709999810489535e-06,7.4650000101428304e-06,0.00010541299999999865,3.6499999964689778e-06,96,False
1817,4.806399999779387e-05,9.341099999460312e-05,6.347999999434251e-06,8.082999983116679e-06,8.532800001148644e-05,4.197999999178137e-06,96,False
1818,3.8587000005918526e-05,0.0004191140000102678,1.2916000002860528e-05,3.343100001984567e-05,0.0003856829999904221,1.1452999984840062e-05,96,False
1819,0.00010168500000418135,0.00015414300000315961,1.2156999986245864e-05,1.6692999992073965e-05,0.00013745000001108565,7.307000004175279e-06,96,False
1820,5.998999998269028e-05,0.00023481799999558461,1.3351999996302766e-05,3.57309999969857e-05,0.0001990869999985989,1.1358999984167895e-05,96,False
1821,0.0007392070000094009,0.0002841449999948509,1.3503000019454703e-05,1.970899998582354e-05,0.00026443600000902734,8.078999996996572e-06,96,False
1822,6.557899999393157e-05,0.00021843400000420843,1.0847999988072843e-05,9.526000013693192e-06,0.00020890799999051524,4.5009999780631915e-06,96,False
1823,7.034500001168453e-05,0.00012020900001630253,8.597999993753547e-06,1.0823000025084184e-05,0.00010938599999121834,5.694000009270894e-06,96,False
1824,4.626700001608697e-05,9.861399999522291e-05,8.096000016166727e-06,8.51499999043881e-06,9.00990000047841e-05,4.081000014366509e-06,96,False
1825,4.12509999989652e-05,9.465599998748075e-05,6.913999982316454e-06,7.92200000887533e-06,8.673399997860542e-05,3.5740000043915643e-06,96,False
1826,4.0846000018746054e-05,9.347700000716941e-05,6.573999996817292e-06,7.529000015438214e-06,8.59479999917312e-05,3.9649999905577715e-06,96,False
1827,3.916200000730896e-05,9.065399999030888e-05,6.562000010035263e-06,7.4879999942822906e-06,8.316599999602658e-05,4.181999997854291e-06,96,False
1828,3.913199998351047e-05,8.981199999880118e-05,6.1679999987518386e-06,7.126000014068268e-06,8.268599998473292e-05,3.5299999865401332e-06,96,False
1829,3.9100000009284486e-05,9.088999999562475e-05,5.864000002020475e-06,7.379999999557185e-06,8.350999999606756e-05,3.5479999951348873e-06,96,False
1830,3.9191999974264036e-05,0.00022455399999898873,1.2702000020681226e-05,7.474999989653952e-06,0.00021707900000933478,3.816000003098452e-06,96,False
1831,0.0002598819999946045,0.00013988899999617388,1.3569000003599285e-05,1.2072999993506528e-05,0.00012781600000266735,7.629999998925996e-06,96,False
1832,5.394399997271648e-05,0.00011161000000470267,8.041999990382465e-06,9.282999997139996e-06,0.00010232700000756267,4.920000009178693e-06,96,False
1833,4.698000000757929e-05,0.00011699899999939589,8.734999994430837e-06,7.960000004914036e-06,0.00010903899999448186,3.7439999971411453e-06,96,False
1834,5.63039999974535e-05,0.00010410600000909653,6.819000020641397e-06,8.798000010301621e-06,9.530799999879491e-05,5.237000010538395e-06,96,False
1835,0.0005032800000037696,0.00013610499999572312,1.1413999999376756e-05,1.252699999554352e-05,0.0001235780000001796,7.506999992301644e-06,96,False
1836,5.043200002319281e-05,0.00010127499999157408,7.14699999093682e-06,8.700999984512237e-06,9.257400000706184e-05,4.199000017024446e-06,96,False
1837,4.260700001168516e-05,0.00010757499998703679,6.632000008721661e-06,7.824999983085945e-06,9.975000000395084e-05,3.9569999898958486e-06,96,False
1838,4.120600002011088e-05,9.274800001435324e-05,6.740000003446767e-06,7.287999977734216e-06,8.546000003661902e-05,3.3500000142794306e-06,96,False
1839,4.0752000018073886e-05,9.242799998787632e-05,4.957199999466866e-05,7.764000002907778e-06,8.466399998496854e-05,3.4870000149567204e-06,96,False
1840,8.519700000420016e-05,0.00011238599998364407,7.312999997566294e-06,1.0516999992660203e-05,0.00010186899999098387,5.44799999602219e-06,96,False
1841,4.3489999995927064e-05,0.00014064500001609304,0.00043450600000483064,1.1884000002737594e-05,0.00012876100001335544,4.517999997233346e-06,96,False
1842,0.0001381760000072063,0.00016787399999884656,1.0825999993357982e-05,1.683400000729307e-05,0.00015103999999155349,7.960999994338636e-06,96,False
1843,5.954700000643243e-05,0.0005171170000153325,1.1096999998017054e-05,1.079499998013489e-05,0.0005063220000351976,4.876999980751862e-06,96,False
1844,7.577700000638288e-05,0.0002345649999995203,1.3819000002968096e-05,1.0766000002604414e-05,0.00022379899999691588,5.993000002035842e-06,96,False
1845,0.00014477400000600937,0.00016133100001525236,1.2454999989586213e-05,1.8086000011408032e-05,0.00014324500000384432,7.216000000198619e-06,96,False
1846,5.900499999711428e-05,0.0001068759999895974,7.809999999608408e-06,9.344999995164471e-06,9.753099999443293e-05,4.541999999219115e-06,96,False
1847,4.751700001293102e-05,0.0001557870000112871,8.009999987734773e-06,8.933999993132602e-06,0.0001468530000181545,6.949000010081363e-06,96,False
1848,4.916899999329871e-05,0.00010316099999840844,7.333000013431956e-06,8.849000010968666e-06,9.431199998743978e-05,4.256000011082506e-06,96,False
1849,4.566300000874435e-05,9.928900001909824e-05,7.1720000107688975e-06,8.098999984440525e-06,9.119000003465771e-05,4.153000020323816e-06,96,False
1850,4.3478000009145035e-05,9.726999999770669e-05,6.522999996150247e-06,7.804999995641992e-06,8.94650000020647e-05,4.016000019646526e-06,96,False
1851,4.2404999987866177e-05,0.00018752399998334113,8.393000001660766e-06,8.505000010927688e-06,0.00017901899997241344,3.741999989870237e-06,96,False
1852,5.4259999984651586e-05,0.0003697920000149679,7.752999977128638e-06,1.0604999999941356e-05,0.00035918700001502657,4.818999997269202e-06,96,False
1853,7.50149999930727e-05,0.0001650789999985136,8.900000011635711e-06,1.417900000433292e-05,0.0001508999999941807,5.891999990126351e-06,96,False
1854,5.681900000809037e-05,0.00010844600001291838,6.937999984302223e-06,9.50699998725213e-06,9.893900002566625e-05,5.344000015838901e-06,96,False
1855,4.407700001252124e-05,9.855700000116485e-05,6.535000011353986e-06,8.143000002291956e-06,9.04139999988729e-05,3.9549999826249405e-06,96,False
1856,4.292100001634935e-05,0.00013290999999071573,9.935999997878753e-06,1.0825999993357982e-05,0.00012208399999735775,4.630000006500268e-06,96,False
1857,6.112700000926452e-05,0.00020492799998805822,6.235600000081831e-05,1.544300002365162e-05,0.0001894849999644066,5.864000002020475e-06,96,False
1858,6.823899997243643e-05,0.00010907600000109596,7.732000000260086e-06,9.900000009110954e-06,9.917599999198501e-05,4.851999989341493e-06,96,False
1859,4.505900000140173e-05,0.00011811400000283356,7.43199998964883e-06,8.156000006920294e-06,0.00010995799999591327,3.885000012360251e-06,96,False
1860,5.455999999526284e-05,0.00010170800001674252,6.771000016669859e-06,8.610000008957286e-06,9.309800000778523e-05,4.2759999985264585e-06,96,False
1861,4.300500000908869e-05,9.58990000015092e-05,6.272000007356837e-06,8.078999996996572e-06,8.782000000451262e-05,3.716999998459869e-06,96,False
1862,4.063200000814504e-05,9.342600000650236e-05,5.829000002677276e-06,7.632999995621503e-06,8.579300001088086e-05,3.883000005089343e-06,96,False
1863,3.9387000015267404e-05,9.220399999776419e-05,5.75600000729537e-06,7.211999985656803e-06,8.499200001210738e-05,3.7589999806186825e-06,96,False
1864,3.827099999398342e-05,9.053899998434645e-05,5.64199999075754e-06,7.224999990285141e-06,8.33139999940613e-05,3.5479999951348873e-06,96,False
1865,3.778499998929874e-05,0.0001231210000014471,6.28000000801876e-06,7.334999992281155e-06,0.00011578600000916595,3.4650000202418596e-06,96,False
1866,4.767600000832317e-05,9.457100000531682e-05,5.883000000039829e-06,8.260000015525293e-06,8.631099998979153e-05,3.57900000835798e-06,96,False
1867,3.824900002769027e-05,8.977900000672889e-05,5.595000004632311e-06,7.152999984327835e-06,8.262600002240106e-05,3.595999999106425e-06,96,False
1868,3.8544000005913404e-05,8.981499999549669e-05,5.535000013878744e-06,7.52299999362549e-06,8.22920000018712e-05,3.5440000090147805e-06,96,False
1869,3.7857000023677756e-05,8.871999997950297e-05,5.605000012565142e-06,7.377000002861678e-06,8.13429999766413e-05,3.4229999812396272e-06,96,False
1870,3.74199999839675e-05,8.746699998596341e-05,5.646000005299356e-06,6.979999994882746e-06,8.048699999108067e-05,3.5509999918303947e-06,96,False
1871,3.8042999989329473e-05,0.00012352799998893715,6.28000000801876e-06,7.314000015412603e-06,0.00011621399997352455,3.4850000076858123e-06,96,False
1872,4.187599998317637e-05,9.32319999833453e-05,5.63099999340011e-06,8.031000021446744e-06,8.520099996189856e-05,3.834000011693206e-06,96,False
1873,3.8701999983459245e-05,9.051000000681597e-05,7.151000005478636e-06,7.481000011466676e-06,8.30289999953493e-05,3.6239999872123008e-06,96,False
1874,0.0003129510000121627,0.00023535400001151174,1.1781000011978904e-05,1.7364000001407476e-05,0.00021799000001010427,7.186999994246435e-06,96,False
1875,6.775599999286896e-05,0.00010484800000654104,7.5460000061866594e-06,9.327000014991427e-06,9.552099999154962e-05,4.8459999959504785e-06,96,False
1876,4.13900000069134e-05,0.00018289799999138268,9.595000022954991e-06,7.833000012169578e-06,0.0001750649999792131,4.224000008434814e-06,96,False
1877,6.311399999958667e-05,0.00010186299999759285,7.296999996242448e-06,9.051999995790538e-06,9.281100000180231e-05,4.975999985390445e-06,96,False
1878,4.214100002286614e-05,0.00012736200000063036,9.361999985912917e-06,1.0471999985384173e-05,0.00011689000001524619,4.5169999793870375e-06,96,False
1879,5.320900001493101e-05,0.00010359099999845967,7.660999983727379e-06,8.737000001701745e-06,9.485399999675792e-05,5.272999999306194e-06,96,False
1880,4.6271999991631674e-05,9.319899999127301e-05,6.992000010086485e-06,7.92100001945073e-06,8.527799997182228e-05,3.93199999848548e-06,96,False
1881,3.9022999999360763e-05,0.00011949699998581309,8.761999993112113e-06,1.2660999999525302e-05,0.00010683599998628779,5.501000003960144e-06,96,False
1882,0.0007545709999874362,0.00014526800001135598,1.138700000069548e-05,1.7662999994172424e-05,0.00012760500001718356,6.832999986272625e-06,96,False
1883,4.979499999535619e-05,9.5793000014055e-05,2.7723000016521837e-05,8.17299999766874e-06,8.762000001638626e-05,4.156000017019323e-06,96,False
1884,5.8854000002384055e-05,0.00010011300000201118,6.854999980987486e-06,9.048999999095031e-06,9.106400000291615e-05,4.290999982003996e-06,96,False
1885,4.0663999982371024e-05,9.111100001746308e-05,6.382000009352851e-06,7.88699998111042e-06,8.322400003635266e-05,3.7389999931747298e-06,96,False
1886,3.8292999988698284e-05,9.028899998497764e-05,6.5339999935076776e-06,7.630999988350595e-06,8.265799999662704e-05,3.559000020914027e-06,96,False
1887,3.812600002106592e-05,8.833600000457409e-05,6.410999986883326e-06,7.538999994949336e-06,8.079700000962475e-05,3.402000004371075e-06,96,False
1888,3.79119999820432e-05,8.878200000594916e-05,6.179999985533868e-06,7.4200000028668e-06,8.136200000308236e-05,3.496999994467842e-06,96,False
1889,3.79109999926186e-05,0.00011311699998373115,6.697999992866244e-06,7.440999979735352e-06,0.0001056760000039958,3.5820000050534873e-06,96,False
1890,4.713199999173412e-05,9.564100000147846e-05,6.022999997412626e-06,8.260000015525293e-06,8.738099998595317e-05,4.313000005140566e-06,96,False
1891,3.934299999741597e-05,8.990699998889795e-05,5.866000009291383e-06,7.40900000550937e-06,8.249799998338858e-05,3.686000013658486e-06,96,False
1892,3.804300001775118e-05,8.949899998356159e-05,5.49399999272282e-06,7.756999991670455e-06,8.174199999189113e-05,3.5200000070290116e-06,96,False
1893,5.431399998201414e-05,0.00011295199999494798,7.05599998696016e-06,1.155699999344506e-05,0.00010139500000150292,4.984999975476967e-06,96,False
1894,5.011800001852862e-05,0.0001295179999942775,6.799999994200334e-06,8.33199999306089e-06,0.0001211860000012166,4.224000008434814e-06,96,False
1895,4.340099999922131e-05,9.347099998535668e-05,5.575999978191248e-06,8.362000016859383e-06,8.51089999684973e-05,3.825999982609574e-06,96,False
1896,3.793100000848426e-05,9.13300000036088e-05,5.527000013216821e-06,7.1829999797046185e-06,8.414700002390418e-05,3.6080000143101643e-06,96,False
1897,3.7150999986579336e-05,9.064199997510514e-05,5.450000003293098e-06,7.541999991644843e-06,8.309999998346029e-05,3.828999979305081e-06,96,False
1898,3.799099999923783e-05,8.916900000599526e-05,5.6560000132321875e-06,7.65900000487818e-06,8.151000000111708e-05,3.6210000189385028e-06,96,False
1899,3.732600001171704e-05,0.00043444599998565536,1.547700000514851e-05,3.8826000007929906e-05,0.00039561999997772546,1.3797999997677834e-05,96,False
1900,7.62429999952019e-05,0.00010900200001628946,7.723000010173564e-06,1.0003999989294243e-05,9.899800002699521e-05,4.68499999328742e-06,96,False
1901,4.405600000723098e-05,9.722599997985526e-05,7.44299998700626e-06,8.417999993071135e-06,8.880799998678413e-05,3.8499999845953425e-06,96,False
1902,4.164899999636873e-05,9.452200001192068e-05,6.917000007433671e-06,7.756999991670455e-06,8.676500002025023e-05,3.641999995807055e-06,96,False
1903,4.14980000016385e-05,9.221900000966343e-05,6.4589999908548634e-06,7.70599999100341e-06,8.451300001866002e-05,3.721000013001685e-06,96,False
1904,4.022499999223328e-05,0.00016291100001808445,1.0028999980704612e-05,2.181700000392084e-05,0.0001410940000141636,7.656999997607272e-06,96,False
1905,5.1321000000825734e-05,0.00013179800001239528,7.815000003574823e-06,9.113999993815014e-06,0.00012268400001858026,4.243999995878767e-06,96,False
1906,4.897400000913876e-05,9.86459999978706e-05,7.337999988976662e-06,8.272000002307323e-06,9.037399999556328e-05,4.254000003811598e-06,96,False
1907,4.031299999951443e-05,9.286899998528497e-05,6.242000011980053e-06,7.785999997622639e-06,8.508299998766233e-05,3.4659999812447495e-06,96,False
1908,4.583200001206933e-05,9.183500000631284e-05,5.839000010610107e-06,7.4200000028668e-06,8.441500000344604e-05,3.7740000209396385e-06,96,False
1909,0.00019312700001705707,0.00014168100000233608,1.0963999983459871e-05,1.5746000002536675e-05,0.0001259349999997994,7.369000002199755e-06,96,False
1910,4.752099999905113e-05,0.00014535800002590804,7.758000009516763e-06,3.7173000009715906e-05,0.00010818500001619213,6.323000008023882e-06,96,False
1911,4.351500001575914e-05,9.545199998228782e-05,6.31499997894025e-06,8.576999988463285e-06,8.687499999382453e-05,3.6399999885361467e-06,96,False
1912,4.064200001607787e-05,0.0010063489999936337,1.3957000021491694e-05,8.078999996996572e-06,0.0009982699999966371,3.525000010995427e-06,96,False
1913,0.00010137499998563726,0.00016925099998843507,8.615000012923701e-06,1.5988999990668162e-05,0.0001532619999977669,9.010000013631725e-06,96,False
1914,5.6677999992871264e-05,0.00011962400000697926,7.961999983763235e-06,1.0317000004533838e-05,0.00010930700000244542,4.8250000190819264e-06,96,False
1915,5.128299997636532e-05,0.00011029500001313863,7.594999999582797e-06,9.489999996503684e-06,0.00010080500001663495,4.300999989936827e-06,96,False
1916,4.78960000123152e-05,0.00014305199999853357,8.395000008931675e-06,9.077999976625506e-06,0.00013397400002190807,4.0539999872635235e-06,96,False
1917,5.7612000006201924e-05,0.00021914699999570075,1.2587000014718797e-05,1.5278999995871345e-05,0.0002038679999998294,7.439999990310753e-06,96,False
1918,0.00016573199999925237,0.00012993199999300487,1.1062999988098454e-05,1.1361999980863402e-05,0.00011857000001214146,6.51900001003014e-06,96,False
1919,5.146199998762313e-05,0.0003064499999823056,0.00016826899999955458,6.66439999861268e-05,0.0002398059999961788,8.083000011538388e-06,96,False
1920,7.96160000220425e-05,0.00013775700000451252,1.0381999999253821e-05,1.2233999996169587e-05,0.00012552300000834293,6.550000023253233e-06,96,False
1921,5.4898000001912806e-05,0.00013770799998269467,7.664000008844596e-06,9.500999993861114e-06,0.00012820699998883356,4.737000011800774e-06,96,False
1922,4.863300000579329e-05,0.00014613799999096955,7.680999999593041e-06,1.2805000011439915e-05,0.00013333299997952963,5.394999988084237e-06,96,False
1923,4.614799999558272e-05,0.00025142900000219015,1.4442999997754669e-05,8.384000011574244e-06,0.0002430449999906159,3.953000003775742e-06,96,False
1924,8.30989999940357e-05,0.00013505199999030992,8.876999999074542e-06,1.2741000006144532e-05,0.0001223109999841654,6.331999998110405e-06,96,False
1925,5.3223999998408544e-05,0.00010064299999612558,6.789999986267503e-06,8.563999983834947e-06,9.207900001229063e-05,3.93199999848548e-06,96,False
1926,4.242500000373184e-05,9.332799999128838e-05,6.615999978976106e-06,7.8760000121747e-06,8.545199997911368e-05,3.6659999977928237e-06,96,False
1927,4.045200000746263e-05,9.32309999939207e-05,6.1679999987518386e-06,7.877000001599299e-06,8.53539999923214e-05,3.585999991173594e-06,96,False
1928,3.9990000004763715e-05,9.116399999697933e-05,6.1739999921428534e-06,7.29499998897154e-06,8.386900000800779e-05,3.5749999938161636e-06,96,False
1929,3.932300000997202e-05,9.176099999308462e-05,6.299999995462713e-06,7.737000004226502e-06,8.402399998885812e-05,3.6399999885361467e-06,96,False
1930,3.834299999994073e-05,9.03440000001865e-05,5.837999992763798e-06,7.458999988330106e-06,8.288500001185639e-05,3.6499999964689778e-06,96,False
1931,3.7789000003840556e-05,0.00014771800002222335,8.471000001009088e-06,1.7286000002059154e-05,0.0001304320000201642,6.0400000165827805e-06,96,False
1932,9.445099999538797e-05,0.00010949299999651885,7.267999990290264e-06,1.0537999997950465e-05,9.895499999856838e-05,4.791999998587926e-06,96,False
1933,4.338899998401757e-05,9.451400001125876e-05,5.966999992779165e-06,8.290000010902077e-06,8.622400000035668e-05,3.5420000017438724e-06,96,False
1934,4.09339999976055e-05,9.381799998209317e-05,4.9289999992652156e-05,7.999999979801942e-06,8.581800000229123e-05,3.747999983261252e-06,96,False
1935,7.572800001298674e-05,0.00011059799999202369,8.442999984481503e-06,1.0038999988637443e-05,0.00010055900000338625,5.369000007249269e-06,96,False
1936,4.20230000202082e-05,9.544799999616771e-05,7.620999980417764e-06,8.165999986431416e-06,8.72820000097363e-05,4.05700001238074e-06,96,False
1937,4.5655999997507024e-05,9.222500000305445e-05,7.296999996242448e-06,7.5509999817313656e-06,8.467400002132308e-05,3.6710000017592392e-06,96,False
1938,3.9420000007339695e-05,0.00016075999999998203,7.632000006196904e-06,1.11129999993409e-05,0.00014964700000064113,4.619999998567437e-06,96,False
1939,4.3559000005188864e-05,9.299799998530034e-05,6.947999992235054e-06,7.882999994990314e-06,8.511499999031003e-05,3.7519999978030683e-06,96,False
1940,4.025500001603177e-05,9.641999997711537e-05,7.068000002163899e-06,7.5199999969299824e-06,8.889999998018538e-05,3.7160000090352696e-06,96,False
1941,3.924200001392819e-05,0.00012003699998786033,8.95899998454297e-06,1.2555000012071105e-05,0.00010748199997578922,5.727999990767785e-06,96,False
1942,7.909499998959291e-05,0.00011941899998646477,8.500000006961272e-06,1.2851000008140545e-05,0.00010656799997832422,5.458999993379621e-06,96,False
1943,4.5575000001463195e-05,9.584299999687573e-05,6.318999993482066e-06,8.611999987806485e-06,8.723100000906925e-05,4.243999995878767e-06,96,False
1944,4.06530000134353e-05,9.107500000027358e-05,7.079999988945929e-06,7.64700001809615e-06,8.342799998217743e-05,3.6110000110056717e-06,96,False
1945,3.9524999976947583e-05,9.271799999055474e-05,6.665999990218552e-06,8.653000008962408e-06,8.406499998159234e-05,3.5889999878691015e-06,96,False
1946,3.775800001903917e-05,8.9887000001454e-05,6.4850000001115404e-06,7.498999991639721e-06,8.238800000981428e-05,3.859999992528174e-06,96,False
1947,3.7643000013076744e-05,8.865300000593379e-05,6.420000005391557e-06,7.4390000008861534e-06,8.121400000504764e-05,3.7900000222634844e-06,96,False
1948,6.431599999245918e-05,0.00010857000000896733,8.66299998847353e-06,1.010999997674844e-05,9.846000003221889e-05,5.2379999999629945e-06,96,False
1949,4.3546999989985125e-05,9.546600000476246e-05,6.289999987529882e-06,8.471000001009088e-06,8.699500000375338e-05,3.668000005063732e-06,96,False
1950,3.953600000272672e-05,9.218900001428665e-05,5.7670000046528e-06,8.105999995677848e-06,8.40830000186088e-05,3.6739999984547467e-06,96,False
1951,4.15699999791741e-05,9.094800000752912e-05,6.140000010645963e-06,7.86500001481727e-06,8.308299999271185e-05,3.409000015608399e-06,96,False
1952,3.788699999063283e-05,8.706100001631967e-05,5.728000019189494e-06,7.280999994918602e-06,7.978000002140107e-05,3.437999993138874e-06,96,False
1953,3.605200001288722e-05,0.00013798200001247096,8.083000011538388e-06,7.364999987657939e-06,0.00013061700002481302,3.12299999905008e-06,96,False
1954,0.00038260099998410624,0.0001522000000022672,1.2314000002788816e-05,1.4921000001777429e-05,0.00013727900000048976,7.913000018788807e-06,96,False
1955,5.5672999991429606e-05,0.00010681800000611474,7.441999997581661e-06,9.602000005770606e-06,9.721600000034414e-05,4.3990000051508105e-06,96,False
1956,4.430399999932888e-05,9.910899998999412e-05,6.500000012010787e-06,8.21899999436937e-06,9.088999999562475e-05,3.813999995827544e-06,96,False
1957,4.201599998054917e-05,0.00028652000000306543,1.3021999990314725e-05,8.028999985754126e-06,0.0002784910000173113,3.616999975974977e-06,96,False
1958,7.419400000685528e-05,0.00011678100000267477,9.090999981253844e-06,9.922000003825815e-06,0.00010685899999884896,6.578000011359109e-06,96,False
1959,4.520400000274094e-05,9.833999999386833e-05,8.127999990392709e-06,8.461000021497966e-06,8.987899997237037e-05,4.0539999872635235e-06,96,False
1960,4.2304000004378395e-05,9.507500001859626e-05,7.138999990274897e-06,8.292999979175875e-06,8.678200003942038e-05,3.81800001036936e-06,96,False
1961,4.188499997326289e-05,9.436800002049495e-05,6.9760000087626395e-06,8.2290000023022e-06,8.613900001819275e-05,3.81800001036936e-06,96,False
1962,4.1539999983797316e-05,9.267900000509144e-05,6.9600000074387935e-06,7.914000008213407e-06,8.476499999687803e-05,3.6029999819220393e-06,96,False
1963,4.0297999987615185e-05,9.023600000546139e-05,7.048000014719946e-06,6.999999982326699e-06,8.323600002313469e-05,3.660999993826408e-06,96,False
1964,4.106399998704546e-05,9.181299998317627e-05,6.812999998828673e-06,7.4439999764308595e-06,8.436900000674541e-05,3.779000024906054e-06,96,False
1965,4.3386000015743775e-05,9.051199998566517e-05,6.889000019327796e-06,7.451000016089893e-06,8.306099996957528e-05,3.54499999843938e-06,96,False
1966,3.922399997691173e-05,0.00023916500001064378,1.370100000031016e-05,3.0423999987760908e-05,0.00020874100002288287,1.0341000006519607e-05,96,False
1967,6.761200000937606e-05,0.00010087299997962873,7.3260000021946325e-06,8.800000017572529e-06,9.20729999620562e-05,4.0639999951963546e-06,96,False
1968,4.18169999818474e-05,9.385799998540278e-05,7.015999983650545e-06,8.01299998443028e-06,8.58450000009725e-05,3.816000003098452e-06,96,False
1969,4.080899998371024e-05,8.998100000212617e-05,6.786999989571996e-06,7.403000012118355e-06,8.257799999000781e-05,3.716999998459869e-06,96,False
1970,3.8131999986035225e-05,8.84110000072269e-05,6.331000008685805e-06,7.423999988986907e-06,8.098700001824e-05,3.4800000037193968e-06,96,False
1971,3.787899998997091e-05,8.865299997751208e-05,6.302000002733621e-06,7.450999987668183e-06,8.12019999898439e-05,3.359000004365953e-06,96,False
1972,3.761400000712456e-05,9.119400002077782e-05,6.256000006032991e-06,6.880000000819564e-06,8.431400001995826e-05,3.7629999951604987e-06,96,False
1973,3.726200000642166e-05,8.771200000978752e-05,5.990000005340335e-06,7.0309999955497915e-06,8.068100001423772e-05,3.57900000835798e-06,96,False
1974,3.688399999646208e-05,8.645399998385983e-05,5.490000006602713e-06,6.898000009414318e-06,7.955599997444551e-05,3.1720000208679267e-06,96,False
1975,3.7266000020963475e-05,8.54249999804324e-05,6.6830000093887065e-06,6.554999998797939e-06,7.886999998163446e-05,3.286000008984047e-06,96,False
1976,6.1544999994112e-05,0.00010015099999804988,6.450000000768341e-06,9.679000015694328e-06,9.047199998235556e-05,4.207000017686369e-06,96,False
1977,3.931000000534368e-05,8.99949999961791e-05,5.923999992774043e-06,7.537000016100137e-06,8.245799998007897e-05,3.4349999964433664e-06,96,False
1978,3.827200001182973e-05,0.00017359699998564793,6.6489999994701066e-06,1.113500002247747e-05,0.00016246199996317046,4.426000003832087e-06,96,False
1979,4.770300000700445e-05,9.308400001373229e-05,5.678999997371648e-06,8.094999998320418e-06,8.498900001541188e-05,3.634999984569731e-06,96,False
1980,3.8141999993968057e-05,9.036000000151034e-05,5.624000010584496e-06,7.608000004211135e-06,8.275199999729921e-05,3.690999989203192e-06,96,False
1981,3.778700002499136e-05,8.922699998947792e-05,5.742000013242432e-06,7.377000002861678e-06,8.184999998661624e-05,3.498000012314151e-06,96,False
1982,3.707700000177283e-05,8.679700002289792e-05,5.688999976882769e-06,7.052000000840053e-06,7.974500002205787e-05,3.466000009666459e-06,96,False
1983,3.637199998252072e-05,8.726100000444603e-05,5.51700000528399e-06,7.151000005478636e-06,8.01099999989674e-05,3.56700002157595e-06,96,False
1984,3.6330999989786505e-05,8.722499998725652e-05,5.369999996673869e-06,7.2530000068127265e-06,7.99719999804438e-05,3.4770000070238893e-06,96,False
1985,3.668899998388042e-05,8.664899999644149e-05,5.2560000085577485e-06,6.920999993553778e-06,7.972800000288771e-05,3.353000010974938e-06,96,False
1986,3.688499998588668e-05,8.659799999577444e-05,6.415000001425142e-06,7.205000002841189e-06,7.939299999293326e-05,3.4200000129658292e-06,96,False
1987,3.715400001169655e-05,8.708300001103453e-05,6.446999975651124e-06,7.285000009460418e-06,7.979800000157411e-05,3.431999999747859e-06,96,False
1988,6.691300001193667e-05,9.676800002011987e-05,7.12400000679736e-06,8.928999989166186e-06,8.783900003095368e-05,4.1790000011587836e-06,96,False
1989,3.8610000018479695e-05,8.933500001262473e-05,6.240000004709145e-06,7.621000008839474e-06,8.171400000378526e-05,3.5780000189333805e-06,96,False
1990,3.7346999988585594e-05,8.816800001909542e-05,6.385999995472957e-06,7.525000000896398e-06,8.064300001819902e-05,3.6219999799413927e-06,96,False
1991,3.7254999995184335e-05,9.10110000233999e-05,6.053999982214009e-06,7.643000003554334e-06,8.336800001984557e-05,3.6090000037347636e-06,96,False
1992,3.723399998989407e-05,8.727399998065266e-05,6.28000000801876e-06,7.631999977775195e-06,7.964200000287747e-05,3.418000005694921e-06,96,False
1993,3.664600001229701e-05,9.091300000818592e-05,6.2260000106562075e-06,7.069000020010208e-06,8.384399998817571e-05,3.1559999911223713e-06,96,False
1994,3.784499998005231e-05,8.85150000158319e-05,6.152999986852592e-06,6.788999996842904e-06,8.1726000018989e-05,3.5299999865401332e-06,96,False
1995,4.9383000003899724e-05,0.0001205519999984972,9.371999993845748e-06,1.3446000025396643e-05,0.00010710599997310055,5.746999988787138e-06,96,False
1996,4.675599998904545e-05,9.438500001124339e-05,7.092000004149668e-06,8.129999997663617e-06,8.625500001357977e-05,3.9180000044325425e-06,96,False
1997,4.073400000947913e-05,9.054000000219276e-05,6.275999993476944e-06,7.5749999837171345e-06,8.296500001847562e-05,3.767000009702315e-06,96,False
1998,3.8735999993377845e-05,8.896899998944718e-05,5.7819999881303374e-06,7.041999992907222e-06,8.192699999653996e-05,3.6799999918457615e-06,96,False
1999,3.7609000003158144e-05,8.902000001853594e-05,5.81300000135343e-06,7.041999992907222e-06,8.197800002562872e-05,3.638000009686948e-06,96,False
2000,9.057399998368965e-05,0.00010889599997199184,8.2290000023022e-06,9.685000009085343e-06,9.92109999629065e-05,5.410999989408083e-06,96,False
2001,4.19200000010278e-05,0.00013291700000195306,1.0500000001911758e-05,1.4410999995106977e-05,0.00011850600000684608,6.625999986908937e-06,96,False
2002,4.855899999256508e-05,9.707899999966685e-05,6.9860000166954705e-06,8.431999987124073e-06,8.864700001254278e-05,3.9780000236078195e-06,96,False
2003,3.980200000341938e-05,9.113000001548244e-05,6.475000020600419e-06,7.524000011471799e-06,8.360600000401064e-05,3.415999998424013e-06,96,False
2004,3.909499997689636e-05,9.803099999317055e-05,6.041999995431979e-06,7.382999996252693e-06,9.064799999691786e-05,3.444000014951598e-06,96,False
2005,3.8485000004584435e-05,9.009899997636239e-05,5.558999987442803e-06,7.664000008844596e-06,8.24349999675178e-05,3.410000005032998e-06,96,False
2006,3.747599998860096e-05,8.905699999672834e-05,5.586000014545789e-06,7.390000007490016e-06,8.166699998923832e-05,3.4610000057000434e-06,96,False
2007,7.59630000004563e-05,0.00012774499998613464,5.18720000002304e-05,1.2325000000146247e-05,0.0001154199999859884,5.606000001989742e-06,96,False
2008,7.306500000936467e-05,0.00012679599998932645,9.650000009742143e-06,1.309600000354294e-05,0.0001136999999857835,5.3459999946881e-06,96,False
2009,5.264499998247629e-05,0.00014553700000874414,8.524000008947041e-06,1.4883999995163322e-05,0.00013065300001358082,6.718000008731906e-06,96,False
2010,4.632100001344952e-05,9.404299999005161e-05,6.480999985569724e-06,8.57200001291858e-06,8.547099997713303e-05,3.872999997156512e-06,96,False
2011,3.943400000139263e-05,9.123600000293663e-05,6.097000010640841e-06,7.373000016741571e-06,8.386299998619506e-05,3.410000005032998e-06,96,False
2012,3.845699998805685e-05,8.819099997481317e-05,5.974000004016489e-06,7.2269999975560495e-06,8.096399997725712e-05,3.547000005710288e-06,96,False
2013,3.7150999986579336e-05,8.84460000065701e-05,5.563999991409219e-06,6.901000006109825e-06,8.154500000046028e-05,3.674999987879346e-06,96,False
2014,3.6284000003661276e-05,9.01690000034705e-05,6.300999984887312e-06,7.984000006899805e-06,8.21849999965707e-05,3.6810000096920703e-06,96,False
2015,3.788899999790374e-05,8.812699999793949e-05,6.556999977647138e-06,7.2399999737626786e-06,8.088700002417681e-05,3.7100000156442547e-06,96,False
2016,3.768500002365727e-05,8.842300002243064e-05,6.439000003410911e-06,7.24900002069262e-06,8.117400000173802e-05,3.314999986514522e-06,96,False
2017,3.8063000005195136e-05,8.709300001896736e-05,6.436999996140003e-06,6.759999990890719e-06,8.033300002807664e-05,3.456000001733628e-06,96,False
2018,3.7779000024329434e-05,8.681599999249556e-05,6.265999985544113e-06,6.966000000829808e-06,7.984999999166575e-05,3.5219999858782103e-06,96,False
2019,3.631600000630897e-05,8.631599999375794e-05,6.399000000101296e-06,6.947999992235054e-06,7.936800000152289e-05,3.4489999904963042e-06,96,False
2020,3.72740000216254e-05,8.778999998071413e-05,6.323000008023882e-06,7.417000006171293e-06,8.037299997454284e-05,3.3809999990808137e-06,96,False
2021,3.635600000961858e-05,0.00013882799999009876,7.065999994892991e-06,3.3938999990823504e-05,0.00010488899999927526,5.770000001348308e-06,96,False
2022,4.141099998378195e-05,0.00017610699998726886,9.368000007725641e-06,2.0826999985956718e-05,0.00015528000000131215,7.855000006884438e-06,96,False
2023,4.823300000111885e-05,9.605099998566402e-05,6.901000006109825e-06,8.256000000983477e-06,8.779499998468054e-05,4.1249999753745215e-06,96,False
2024,4.06199999929413e-05,9.159499998645515e-05,6.3720000014200195e-06,7.008999972413221e-06,8.458600001404193e-05,3.773999992517929e-06,96,False
2025,3.882199999338809e-05,8.96049999994375e-05,6.5840000047501235e-06,7.311000018717095e-06,8.22939999807204e-05,3.698999989865115e-06,96,False
2026,3.8302999996631115e-05,8.702400000970556e-05,5.8700000238331995e-06,6.862999981649409e-06,8.016100002805615e-05,3.583000022899796e-06,96,False
2027,3.823200000852012e-05,8.745399998133507e-05,6.842000004780857e-06,7.1380000008502975e-06,8.031599998048478e-05,3.5760000116624724e-06,96,False
2028,3.7026999990530385e-05,8.895400000596965e-05,6.2569999954575906e-06,7.2970000246641575e-06,8.165699998130549e-05,3.5130000242133974e-06,96,False
2029,3.747900001371818e-05,8.618100000035156e-05,6.327000022565699e-06,6.7880000074183044e-06,7.939299999293326e-05,3.792000001112683e-06,96,False
2030,3.796500001840286e-05,8.719499999187974e-05,6.442000000106418e-06,7.503000006181537e-06,7.96919999856982e-05,3.2819999944422307e-06,96,False
2031,3.761000002100445e-05,8.602399998380861e-05,6.5079999842510006e-06,6.985999988273761e-06,7.903799999553485e-05,3.3580000149413536e-06,96,False
2032,3.618599998844729e-05,8.863799999403454e-05,6.705999993528167e-06,7.702999994307902e-06,8.093499999972664e-05,3.458000009004536e-06,96,False
2033,5.818799999701696e-05,0.00010161400001607035,6.811999980982364e-06,9.948000013082492e-06,9.166600000298786e-05,4.421999989290271e-06,96,False
2034,3.9065000009941286e-05,8.874000002379034e-05,6.436999996140003e-06,6.9259999975201936e-06,8.181400002627015e-05,3.8579999852572655e-06,96,False
2035,3.7256000013030643e-05,0.0002810990000057245,1.4363999980560038e-05,2.7353000007224182e-05,0.00025374599999850034,1.0618000004569694e-05,96,False
2036,8.104799999841816e-05,0.0001137650000089252,8.496999981844056e-06,1.126099999737562e-05,0.00010250400001154958,4.770000003873065e-06,96,False
2037,4.541799998492024e-05,9.708999999702428e-05,7.4229999995623075e-06,8.801000006997128e-06,8.828899999002715e-05,3.996000003780864e-06,96,False
2038,4.203499997856852e-05,9.247500000242326e-05,6.863999999495718e-06,7.538999994949336e-06,8.493600000747392e-05,3.502999987858857e-06,96,False
2039,3.9931999992859346e-05,0.00012815700000601282,7.1540000021741434e-06,7.645000010825242e-06,0.00012051199999518758,3.4610000057000434e-06,96,False
2040,7.038300000772324e-05,0.00010136299999885523,6.625999986908937e-06,8.530000002338056e-06,9.283299999651717e-05,4.496999991943085e-06,96,False
2041,4.137299998774324e-05,9.221499999512162e-05,6.005000017239581e-06,8.082999983116679e-06,8.413200001200494e-05,3.6370000202623487e-06,96,False
2042,3.940000001989574e-05,9.072699998569078e-05,6.9419999988440395e-06,7.270999986985771e-06,8.345599999870501e-05,3.61300001827658e-06,96,False
2043,3.9362999984859925e-05,9.046299999226903e-05,6.571000000121785e-06,7.36300000880874e-06,8.309999998346029e-05,3.251999999065447e-06,96,False
2044,8.632200001557067e-05,9.700499998643863e-05,7.070000009434807e-06,8.404999988442796e-06,8.859999999799584e-05,4.227999994554921e-06,96,False
2045,3.982800001267606e-05,0.00012893699999949604,7.13500000415479e-06,2.662400001440801e-05,0.00010231299998508803,5.484000013211698e-06,96,False
2046,4.1903000010279357e-05,9.349600000518876e-05,7.076000002825822e-06,8.477000022821812e-06,8.501899998236695e-05,3.6929999964741e-06,96,False
2047,3.881100002445237e-05,9.078100001147504e-05,6.260999981577697e-06,7.274000012102988e-06,8.350699999937206e-05,3.595999999106425e-06,96,False
2048,4.016500000147971e-05,9.055900000021211e-05,6.738000024597568e-06,7.605999996940227e-06,8.295300000327188e-05,3.6250000050586095e-06,96,False
2049,3.817400002503746e-05,8.931499999675907e-05,6.32599997629768e-06,7.483999979740474e-06,8.18310000170186e-05,3.6129999898548704e-06,96,False
2050,8.092200002352001e-05,0.00027662299999065,1.4455000012958408e-05,1.057800000126008e-05,0.0002660449999893899,2.1818000021767148e-05,96,False
2051,6.900500000028842e-05,0.00010426399998664238,7.5720000154433365e-06,9.783999985302216e-06,9.448000000134016e-05,4.549999999881038e-06,96,False
2052,4.120300002341537e-05,0.0001991910000072039,1.1610000001383014e-05,8.1959999818082e-06,0.0001909950000253957,3.915999997161634e-06,96,False
2053,5.9311000001116554e-05,0.00012008199999513636,8.53699998515367e-06,1.1161000003312438e-05,0.00010892099999182392,5.7479999782117375e-06,96,False
2054,4.7796000018252016e-05,0.00015704599999821767,8.635000000367654e-06,1.4961999994511643e-05,0.00014208400000370602,5.939999994097889e-06,96,False
2055,4.9154999999245774e-05,9.252099999912389e-05,6.609999985585091e-06,7.633000024043213e-06,8.488799997508067e-05,3.682999988541269e-06,96,False
2056,4.021399999487585e-05,9.122899999169931e-05,6.3459999921633425e-06,7.363999998233339e-06,8.386499999346597e-05,3.6499999964689778e-06,96,False
2057,3.922900000929985e-05,9.221799999181712e-05,6.5130000166391255e-06,8.096000016166727e-06,8.41219999756504e-05,3.7279999958172994e-06,96,False
2058,3.938399999015019e-05,0.0002538710000123956,1.3916000000335771e-05,7.811000017454717e-06,0.0002460599999949409,4.989699999669028e-05,96,False
2059,0.0004928539999866643,0.00017707399999267182,1.1521000004677262e-05,2.1172000003844005e-05,0.0001559019999888278,8.379999997032428e-06,96,False
2060,0.00017925400001672642,0.00012887100001535146,1.0957000000644257e-05,1.1575999991464414e-05,0.00011729500002388704,6.148000011307886e-06,96,False
2061,4.5040000003382374e-05,9.513699998819902e-05,6.805999987591349e-06,8.291000000326676e-06,8.684599998787235e-05,3.7080000083733466e-06,96,False
2062,3.999899999485024e-05,9.246700000176133e-05,6.538000008049494e-06,7.570000008172428e-06,8.48969999935889e-05,3.79599998723279e-06,96,False
2063,0.0002444809999815334,0.00016300999999430132,1.358599999434773e-05,1.5642999983356276e-05,0.00014736700001094505,8.952000001727356e-06,96,False
2064,6.74189999756436e-05,0.00011775100000477323,9.09499999579566e-06,1.1024999992059747e-05,0.00010672600001271348,4.888000006531001e-06,96,False
2065,5.027700001392077e-05,0.00010763299999894116,8.209000014858248e-06,8.817000008320974e-06,9.881599999062018e-05,4.169000021647662e-06,96,False
2066,4.734700002018144e-05,0.00010360999999647902,7.818000000270331e-06,8.437000019512197e-06,9.517299997696682e-05,4.039000003785986e-06,96,False
2067,4.520699999943645e-05,0.00010059399997430774,7.650000014791658e-06,8.364999985133181e-06,9.222899998917455e-05,4.116000013709709e-06,96,False
2068,4.388199999993958e-05,0.00010047600000007151,7.20300002399199e-06,8.045000015499681e-06,9.243099998457183e-05,3.9829999991525256e-06,96,False
2069,4.2475000014974285e-05,9.794800001827753e-05,7.2890000240022346e-06,7.901999993009667e-06,9.004600002526786e-05,4.151000013052908e-06,96,False
2070,4.289299999982177e-05,0.0004112809999980982,1.287999998567102e-05,8.290000010902077e-06,0.0004029909999871961,3.837999997813313e-06,96,False
2071,7.059000000708693e-05,0.00011243900002000373,7.925999994995436e-06,1.0449000001244713e-05,0.00010199000001875902,6.1209999842049e-06,96,False
2072,4.266100000904771e-05,0.00016108100001588355,8.382000004303336e-06,1.06909999999516e-05,0.00015039000001593195,4.708000005848589e-06,96,False
2073,4.776000000106251e-05,9.792399998787005e-05,6.958999989592485e-06,8.393000001660766e-06,8.953099998620928e-05,4.6310000243465765e-06,96,False
2074,4.0342000005466616e-05,9.200899998518253e-05,6.468000009363095e-06,7.965000008880452e-06,8.404399997630208e-05,3.7049999832561298e-06,96,False
2075,3.889999999273641e-05,0.0001595520000137185,7.531999983712012e-06,1.1515000011286247e-05,0.00014803700000243225,4.6600000018770515e-06,96,False
2076,4.3329999982688605e-05,9.255000000507607e-05,6.536000000778586e-06,7.94499999301479e-06,8.460500001206128e-05,3.641999995807055e-06,96,False
2077,3.86499999933676e-05,9.029699998563956e-05,6.739999975025057e-06,7.456000020056308e-06,8.284099996558325e-05,3.767999999126914e-06,96,False
2078,4.211500001360946e-05,0.0004268170000045757,5.339699998785363e-05,8.610500000827415e-05,0.00034071199999630153,1.11810000191781e-05,96,False
2079,5.662799998162882e-05,0.00010146400001076472,7.189999990941942e-06,9.430999995174716e-06,9.203300001559e-05,4.212999982655674e-06,96,False
2080,4.190699999639946e-05,9.453399999870271e-05,6.205000005365946e-06,8.300999979837798e-06,8.623300001886491e-05,3.823000014335776e-06,96,False
2081,3.920700001458499e-05,9.349500001576416e-05,5.9590000205389515e-06,7.998000000952743e-06,8.549700001481142e-05,3.7060000011024385e-06,96,False
2082,4.0514000005487105e-05,9.167899997919449e-05,5.739000016546925e-06,7.732999989684686e-06,8.39459999895098e-05,3.7700000063978223e-06,96,False
2083,3.906000000597487e-05,0.00011893800001416821,7.436000004190646e-06,7.879999998294807e-06,0.0001110580000158734,3.525000010995427e-06,96,False
2084,4.845300000511088e-05,9.563700001535835e-05,6.26900001066133e-06,8.20700000758734e-06,8.743000000777101e-05,4.151999974055798e-06,96,False
2085,3.839999999399879e-05,0.00010100100001864121,7.393000004185524e-06,9.486000010383577e-06,9.151500000825763e-05,4.243000006454167e-06,96,False
2086,4.124800000226969e-05,9.127899997452005e-05,6.581000008054616e-06,8.532999999033564e-06,8.274599997548648e-05,3.958000007742157e-06,96,False
2087,3.7552000009100084e-05,8.813299999133051e-05,6.696000014017045e-06,7.15799998829425e-06,8.097500000303626e-05,3.6350000129914406e-06,96,False
2088,3.698999998391628e-05,8.896200000663157e-05,6.548000015982325e-06,7.4910000193995074e-06,8.147099998723206e-05,3.664999979946515e-06,96,False
2089,3.7321999997175226e-05,0.00012640300002431104,6.875999986277748e-06,2.211200001056568e-05,0.00010429100001374536,6.104999982881054e-06,96,False
2090,4.0968999996948696e-05,9.266800000773401e-05,5.795999982183275e-06,8.011000005581081e-06,8.465700000215293e-05,3.7199999951553764e-06,96,False
2091,3.774699999326003e-05,8.901200001787402e-05,5.7839999954012455e-06,7.045000018024439e-06,8.196699999984958e-05,3.526999989844626e-06,96,False
2092,3.745600000115701e-05,9.256799998524912e-05,5.670000007285125e-06,7.600000003549212e-06,8.49679999816999e-05,3.4429999971052894e-06,96,False
2093,3.6717000000408007e-05,8.828699998275624e-05,5.439000005935668e-06,7.284999981038709e-06,8.100200000171753e-05,3.483000000414904e-06,96,False
2094,3.7004000006390925e-05,8.767599999259801e-05,6.2469999875247595e-06,7.21400002134942e-06,8.046199997124859e-05,3.369000012298784e-06,96,False
2095,3.8747000019156985e-05,0.0002312309999865647,7.5119999962680595e-06,7.854000017459839e-06,0.00022337699996910487,6.296899999824745e-05,96,False
2096,4.8058999993827456e-05,9.729199999242155e-05,6.114000001389286e-06,8.575999999038686e-06,8.871599999338287e-05,4.290999982003996e-06,96,False
2097,8.244400001444774e-05,0.00014578899998696215,8.143999991716555e-06,9.80299998332157e-06,0.00013598600000364058,5.455999996684113e-06,96,False
2098,6.178299997827708e-05,0.00010518900000988651,6.346000020585052e-06,9.25499998061241e-06,9.59340000292741e-05,5.150999982106441e-06,96,False
2099,4.519699999150362e-05,0.0001421090000235381,7.014000004801346e-06,7.946000010861098e-06,0.000134163000012677,4.016999980649416e-06,96,False
2100,5.476800001247284e-05,0.00010044800001196563,6.194999997433115e-06,8.664999995744438e-06,9.17830000162212e-05,4.61600001244733e-06,96,False
2101,4.031100002066523e-05,9.19260000102895e-05,5.431999994698344e-06,7.667999994964703e-06,8.42580000153248e-05,3.8919999951758655e-06,96,False
2102,3.869799999733914e-05,0.00013239300000122967,6.286000001409775e-06,7.26099997905294e-06,0.00012513200002217673,3.7279999958172994e-06,96,False
2103,4.2291999989174656e-05,9.29459999952087e-05,5.963000006659058e-06,7.962000012184944e-06,8.498399998302375e-05,3.93199999848548e-06,96,False
2104,3.7812999977404615e-05,9.024999999951433e-05,5.6039999947188335e-06,7.551999999577674e-06,8.269799999993666e-05,3.60199999249744e-06,96,False
2105,3.891599999406026e-05,8.915799998021612e-05,5.5510000152025896e-06,7.105000008778006e-06,8.205299997143811e-05,3.7709999958224216e-06,96,False
2106,3.7551999980678374e-05,8.900400001721209e-05,5.431999994698344e-06,7.211999985656803e-06,8.179200003155529e-05,3.9280000123653735e-06,96,False
2107,4.056899999227426e-05,9.220699999445969e-05,9.246000018947598e-06,7.186999994246435e-06,8.502000000021326e-05,3.8290000077267905e-06,96,False
2108,7.084800000711766e-05,0.00013009299999566792,7.544999988340351e-06,1.3660999997000545e-05,0.00011643199999866738,5.113000014489444e-06,96,False
2109,4.4925999986844545e-05,9.399199998938457e-05,7.183000008126328e-06,7.952000004252113e-06,8.603999998513245e-05,3.915999997161634e-06,96,False
2110,3.918800001656564e-05,9.411999999997533e-05,6.863999999495718e-06,7.850999992342622e-06,8.626900000763271e-05,3.7810000037552527e-06,96,False
2111,3.8361999997960083e-05,8.981400000607209e-05,6.91899998628287e-06,7.1199999922555435e-06,8.269400001381655e-05,3.4539999944627198e-06,96,False
2112,3.749000001107561e-05,8.958399999414723e-05,6.522000006725648e-06,7.524000011471799e-06,8.205999998267544e-05,3.4509999977672123e-06,96,False
2113,3.8462999981447865e-05,9.079299999825707e-05,6.528999989541262e-06,7.384000014099001e-06,8.340899998415807e-05,3.781999993179852e-06,96,False
2114,6.289699999229015e-05,9.741700000631681e-05,7.16900001407339e-06,9.31100001366758e-06,8.810599999264923e-05,4.199000017024446e-06,96,False
2115,4.005199997436648e-05,9.005300000808347e-05,6.549000005406924e-06,7.691000007525872e-06,8.23620000005576e-05,3.468999977940257e-06,96,False
2116,3.7540999983320944e-05,8.794100000386607e-05,6.433000010019896e-06,7.003000007443916e-06,8.093799999642215e-05,3.5360000083528575e-06,96,False
2117,5.171399999426285e-05,9.005999999089909e-05,6.205999994790545e-06,7.346999979063185e-06,8.27130000118359e-05,3.5580000030677184e-06,96,False
2118,3.6846000000423373e-05,0.00010234500001615743,6.984999998849162e-06,9.627999986605573e-06,9.271700002955185e-05,4.454000020359672e-06,96,False
2119,4.049800000416326e-05,9.127499998839994e-05,6.627999994179845e-06,7.870000018783685e-06,8.340499996961626e-05,3.543999980593071e-06,96,False
2120,3.7665000007791605e-05,8.774899998797991e-05,6.267999992815021e-06,7.191000008788251e-06,8.055799997919166e-05,3.571999997120656e-06,96,False
2121,4.1629999998349376e-05,8.664700001759229e-05,6.96400002198061e-06,7.334999992281155e-06,7.931200002531114e-05,3.423999999085936e-06,96,False
2122,3.655300000104944e-05,8.724699998197138e-05,6.319000021903776e-06,7.455999991634599e-06,7.979099999033679e-05,3.3100000109698158e-06,96,False
2123,3.690699998060154e-05,8.722199999056102e-05,6.162999994785423e-06,7.133000025305591e-06,8.008899996525543e-05,3.518999989182703e-06,96,False
2124,3.629900001556052e-05,0.0001234690000160299,7.205999992265788e-06,1.0401999986697774e-05,0.00011306700002933212,4.37699998201424e-06,96,False
2125,4.058500002201981e-05,8.909599998219164e-05,6.3379999915014196e-06,7.0570000048064685e-06,8.203899997738517e-05,3.687000003083085e-06,96,False
2126,3.749799998331582e-05,8.824200000390192e-05,6.2729999967814365e-06,7.410999984358568e-06,8.083100001954335e-05,3.5929999739892082e-06,96,False
2127,3.793100000848426e-05,8.771299999921212e-05,6.148000011307886e-06,6.724000002122921e-06,8.09889999970892e-05,3.4530000050381204e-06,96,False
2128,3.7493000007771116e-05,8.769200002234356e-05,6.194999997433115e-06,6.944000006114948e-06,8.074800001622862e-05,3.4539999944627198e-06,96,False
2129,3.8133999993306134e-05,8.767500000317341e-05,6.153000015274301e-06,6.894999984297101e-06,8.078000001887631e-05,3.4999999911633495e-06,96,False
2130,3.646000001822358e-05,0.0001265669999952479,6.971000004796224e-06,2.4537000001600973e-05,0.00010202999999364692,5.670000007285125e-06,96,False
2131,4.1460000005599795e-05,9.181400000102258e-05,6.638000002112676e-06,7.797999984404669e-06,8.401600001661791e-05,4.289000003154797e-06,96,False
2132,4.152500000031978e-05,8.976300000540505e-05,6.1679999987518386e-06,7.092999993574267e-06,8.267000001183078e-05,3.7060000011024385e-06,96,False
2133,3.754499999786276e-05,8.829099999729806e-05,6.207999973639744e-06,7.04400000017813e-06,8.124699999711993e-05,3.7179999878844683e-06,96,False
2134,3.773000000251159e-05,8.757400001968563e-05,5.663000024469511e-06,7.00999999025953e-06,8.05640000294261e-05,3.759000009040392e-06,96,False
2135,4.083800001808413e-05,8.713899998724628e-05,5.665999992743309e-06,7.116000006135437e-06,8.002299998111084e-05,3.6650000083682244e-06,96,False
2136,3.721500002029643e-05,0.0001226610000060191,6.128000023863933e-06,6.666000018640261e-06,0.00011599499998737883,2.0628000015676662e-05,96,False
2137,4.064899999889349e-05,9.042400000680573e-05,6.1190000053557014e-06,7.652999983065456e-06,8.277100002374027e-05,3.6670000156391325e-06,96,False
2138,3.827700001579615e-05,8.891300001323543e-05,5.762999990110984e-06,7.054000008110961e-06,8.185900000512447e-05,3.6550000004353933e-06,96,False
2139,3.689700000109042e-05,8.81649999939782e-05,5.520999991404096e-06,7.4229999995623075e-06,8.074199999441589e-05,3.4589999984291353e-06,96,False
2140,3.639199999838638e-05,8.783600000583647e-05,5.639999983486632e-06,7.358999994266924e-06,8.047700001156954e-05,3.551000020252104e-06,96,False
2141,3.577600000426173e-05,8.852600001318933e-05,5.724999994072277e-06,7.390999996914616e-06,8.113500001627472e-05,3.5060000129760738e-06,96,False
2142,3.6719000007678915e-05,0.00012067699998397075,6.9499999995059625e-06,7.4879999942822906e-06,0.00011318899998968845,3.2739999937803077e-06,96,False
2143,4.223900000965841e-05,9.136799999964751e-05,6.4529999974638486e-06,7.541999991644843e-06,8.382600000800267e-05,3.884999983938542e-06,96,False
2144,3.7984000016422215e-05,8.867900001519047e-05,5.787000020518462e-06,7.1279999929174664e-06,8.1551000022273e-05,3.633999995145132e-06,96,False
2145,3.7014000014323756e-05,8.836499998210456e-05,6.3619999934871885e-06,7.472999982383044e-06,8.089199999972152e-05,3.6330000057205325e-06,96,False
2146,3.663399999709327e-05,8.753500000580061e-05,6.399000000101296e-06,6.999000021323809e-06,8.05359999844768e-05,3.6250000050586095e-06,96,False
2147,3.69269999964672e-05,8.878400001322007e-05,6.267999992815021e-06,7.113000009439929e-06,8.167100000378014e-05,3.512999995791688e-06,96,False
2148,3.7241999990555996e-05,0.00011182200000803277,6.836000011389842e-06,6.792000021960121e-06,0.00010502999998607265,3.894000002446774e-06,96,False
2149,4.89189999939299e-05,9.358400001246991e-05,6.479999996145125e-06,8.038999993686957e-06,8.554500001878296e-05,4.227999994554921e-06,96,False
2150,3.795800000716554e-05,8.928499997296058e-05,6.055999989484917e-06,7.420999992291399e-06,8.186399998066918e-05,3.496999994467842e-06,96,False
2151,3.7004000006390925e-05,8.782300000120813e-05,3.674699999578479e-05,7.247000013421712e-06,8.057599998778642e-05,3.423999999085936e-06,96,False
2152,4.320000002167035e-05,9.056400000417852e-05,6.127999995442224e-06,7.561000018085906e-06,8.300299998609262e-05,3.8370000083887135e-06,96,False
2153,3.721100000575461e-05,8.791599998403399e-05,5.9430000192151056e-06,7.525000000896398e-06,8.039099998313759e-05,3.3889999997427367e-06,96,False
2154,6.634599998278645e-05,0.00012794900001722453,6.9079999889254395e-06,1.0774999992690937e-05,0.0001171740000245336,4.7020000124575745e-06,96,False
2155,4.0102000014030637e-05,9.227500001429689e-05,5.661999978201493e-06,7.713000002240733e-06,8.456200001205616e-05,3.7080000083733466e-06,96,False
2156,3.710900000442052e-05,8.899200000200835e-05,5.340000001297085e-06,7.416000016746693e-06,8.157599998526166e-05,3.95500001104665e-06,96,False
2157,3.673500000900276e-05,8.88640000198393e-05,5.344999976841791e-06,7.233000019368774e-06,8.163100000047052e-05,3.846999987899835e-06,96,False
2158,3.5943999989740405e-05,8.627899998714383e-05,5.45999998280422e-06,6.954000014047779e-06,7.932499997309606e-05,3.5540000169476116e-06,96,False
2159,3.552900000158843e-05,8.57729999950152e-05,5.476000012549775e-06,7.037000017362516e-06,7.873599997765268e-05,3.4880000043813197e-06,96,False
2160,3.672799999776544e-05,0.00012020799999845622,6.32600000471939e-06,6.423999991511664e-06,0.00011378400000694455,3.603999999768348e-06,96,False
2161,4.099800000290088e-05,9.003799999618423e-05,5.4260000013073295e-06,7.398000008151939e-06,8.263999998803229e-05,3.7209999845799757e-06,96,False
2162,3.750999999851956e-05,8.878199997752745e-05,5.286000003934532e-06,7.038000006787115e-06,8.174399997074033e-05,3.491000001076827e-06,96,False
2163,3.70300000156476e-05,9.123399999566573e-05,5.57399999934205e-06,7.213999992927711e-06,8.402000000273802e-05,3.633999995145132e-06,96,False
2164,3.96660000205884e-05,8.823199999596909e-05,5.419000018491715e-06,7.47699999692486e-06,8.075499999904423e-05,3.4530000050381204e-06,96,False
2165,4.931699999133343e-05,8.910099998615806e-05,5.598000001327819e-06,7.586000009496274e-06,8.151499997666178e-05,3.60199999249744e-06,96,False
2166,3.609399999504603e-05,0.00026092499999208485,6.606999988889584e-06,7.299000003513356e-06,0.0002536259999885715,3.713999973342652e-06,96,False
2167,4.5588000006091534e-05,9.64639999949668e-05,5.635999997366525e-06,8.50200001423218e-06,8.796199998073462e-05,4.025999999157648e-06,96,False
2168,3.85799999946812e-05,8.955399999877045e-05,5.7009999920865084e-06,7.490999990977798e-06,8.206300000779265e-05,3.6499999964689778e-06,96,False
2169,3.7381999987928793e-05,8.630799999309602e-05,5.966000003354566e-06,7.118000013406345e-06,7.918999997968967e-05,3.484000018261213e-06,96,False
2170,3.672799999776544e-05,8.750399999257752e-05,5.813999990778029e-06,7.330000016736449e-06,8.017399997584107e-05,3.5019999984342576e-06,96,False
2171,3.612899999438923e-05,0.00012249300002054042,6.540000015320402e-06,6.935000016028425e-06,0.000115558000004512,3.2479999845236307e-06,96,False
2172,0.00035454499999332256,0.00016935900001158188,1.4753000016298756e-05,1.6119999997954437e-05,0.00015323900001362745,8.6519999911161e-06,96,False
2173,5.540799998016155e-05,0.00010828500001025532,7.8420000022561e-06,9.202000001096167e-06,9.908300000915915e-05,4.791999998587926e-06,96,False
2174,4.700400000956506e-05,0.00010444000000120468,7.011000008105839e-06,8.291999989751275e-06,9.61480000114534e-05,4.0879999971821235e-06,96,False
2175,4.363099998272446e-05,9.789899999645968e-05,6.783000003451889e-06,8.385000000998843e-06,8.951399999546084e-05,3.6559999898599926e-06,96,False
2176,4.2873000012377815e-05,9.441200000992467e-05,6.651000006741015e-06,7.604000018091028e-06,8.680799999183364e-05,3.7780000070597453e-06,96,False
2177,4.1721000002326036e-05,0.00010083099999746992,6.544000001440509e-06,8.293000007597584e-06,9.253799998987233e-05,3.4310000103232596e-06,96,False
2178,4.0071000000807544e-05,9.298899999521382e-05,6.777999999485473e-06,7.817999971848621e-06,8.51710000233652e-05,3.6289999911787163e-06,96,False
2179,4.0160999986937895e-05,9.137500001088483e-05,6.245000008675561e-06,7.320000008803618e-06,8.405500000208121e-05,3.731999981937406e-06,96,False
2180,3.955500000074608e-05,0.00013414899999020236,6.911999975045546e-06,7.549000002882167e-06,0.0001265999999873202,3.8109999991320365e-06,96,False
2181,4.4048999995993654e-05,9.425400000395712e-05,5.894999986821858e-06,8.225999977184983e-06,8.602800002677213e-05,3.859999992528174e-06,96,False
2182,4.025799998430557e-05,9.212800000568677e-05,5.9230000033494434e-06,7.44300001542797e-06,8.46849999902588e-05,3.38599997462552e-06,96,False
2183,4.041599999027312e-05,9.465799999475166e-05,6.488000025228757e-06,7.4650000101428304e-06,8.719299998460883e-05,3.6490000070443784e-06,96,False
2184,3.94249999828844e-05,0.0001543529999992188,7.175000007464405e-06,7.47699999692486e-06,0.00014687600000229395,3.4410000182560907e-06,96,False
2185,4.533199998491e-05,9.642599999892809e-05,6.100000007336348e-06,8.67400001425267e-06,8.775199998467542e-05,4.096999987268646e-06,96,False
2186,3.964600000472274e-05,0.00010177099997576988,6.789999986267503e-06,7.588000016767182e-06,9.41829999590027e-05,3.5019999984342576e-06,96,False
2187,5.6117000013955476e-05,9.762700000237601e-05,5.8700000238331995e-06,8.488999981182133e-06,8.913800002119387e-05,4.196000020328938e-06,96,False
2188,3.941299999610237e-05,9.074400000486094e-05,5.8389999821883976e-06,7.4619999850256136e-06,8.328200001983532e-05,3.49900000173875e-06,96,False
2189,3.875000001585249e-05,8.880400000066402e-05,5.548000018507082e-06,7.463999992296522e-06,8.13400000083675e-05,3.1929999977364787e-06,96,False
2190,3.750999999851956e-05,8.895599998481885e-05,5.497000017840037e-06,7.599000014124613e-06,8.135699997069423e-05,3.51099998852078e-06,96,False
2191,3.7003000016966325e-05,9.334599999988313e-05,5.608999998685249e-06,7.453999984363691e-06,8.589200001551944e-05,3.323999976601044e-06,96,False
2192,6.801899999686611e-05,9.422499999800493e-05,6.425999998782572e-06,8.293999997022183e-06,8.593100000098275e-05,4.156999978022213e-06,96,False
2193,3.9511000011316355e-05,8.935599998949328e-05,5.686999998033571e-06,7.449999998243584e-06,8.19059999912497e-05,3.377000012960707e-06,96,False
2194,3.8291000009849085e-05,8.895600001324055e-05,5.845000004001122e-06,7.2429999988798954e-06,8.171300001436066e-05,3.4690000063619664e-06,96,False
2195,3.71719999918696e-05,8.885200000463556e-05,5.575999978191248e-06,6.702999996832659e-06,8.21490000078029e-05,3.466000009666459e-06,96,False
2196,3.9944000008063085e-05,8.941899997694236e-05,5.35699999204553e-06,7.2429999988798954e-06,8.217599997806246e-05,3.684999995812177e-06,96,False
2197,3.726899998923727e-05,9.075799999891387e-05,5.657000002656787e-06,7.581000005529859e-06,8.317699999338402e-05,3.4530000050381204e-06,96,False
2198,7.863600001201121e-05,0.00011316499998770269,8.374999993066012e-06,9.96199997871372e-06,0.00010320300000898897,5.547000000660773e-06,96,False
2199,4.4059999993351084e-05,9.343399997874258e-05,6.23500000074273e-06,7.710999994969825e-06,8.572299998377275e-05,3.923000008398958e-06,96,False
2200,4.028399999356225e-05,8.989100001599581e-05,5.7759999947393226e-06,7.170999992922589e-06,8.272000002307323e-05,3.6350000129914406e-06,96,False
2201,3.8770000003296445e-05,9.019099999818536e-05,7.027000009429685e-06,7.078999999521329e-06,8.311199999866403e-05,3.4089999871866894e-06,96,False
2202,3.8462000020444975e-05,8.887100000265491e-05,7.116999995560036e-06,7.4149999989003845e-06,8.145600000375453e-05,3.6899999997785926e-06,96,False
2203,3.88590000000022e-05,0.00013359400000467758,9.898000001840046e-06,7.355999997571416e-06,0.00012623800000710617,3.5809999872071785e-06,96,False
2204,5.6835999998838815e-05,0.00010474800001247786,7.5849999916499655e-06,9.207999994487182e-06,9.554000001799068e-05,5.351999988079115e-06,96,False
2205,4.088299999693845e-05,9.405099999071354e-05,7.096000018691484e-06,7.799999991675577e-06,8.625099999903796e-05,3.907000007075112e-06,96,False
2206,4.4380000019828e-05,8.984500001929518e-05,6.810999991557765e-06,7.508999999572552e-06,8.233600001972263e-05,3.849000023592453e-06,96,False
2207,3.743299998859584e-05,9.072800000353709e-05,7.044999989602729e-06,7.358000004842324e-06,8.336999999869477e-05,3.5340000010819494e-06,96,False
2208,3.82950000243909e-05,8.90080000033322e-05,6.4850000001115404e-06,7.654000000911765e-06,8.135400000242043e-05,3.4550000123090285e-06,96,False
2209,3.753400000050533e-05,8.730899997999586e-05,6.3720000014200195e-06,7.241999981033587e-06,8.006699999896227e-05,3.6149999971257785e-06,96,False
2210,3.5828999983777976e-05,8.819399999993038e-05,6.412999994154234e-06,7.302999989633463e-06,8.089100001029692e-05,3.2709999970848003e-06,96,False
2211,3.669199998057593e-05,8.595599999239312e-05,6.281999986867959e-06,6.70200000740806e-06,7.925399998498506e-05,3.456999991158227e-06,96,False
2212,3.8816999989421674e-05,8.772999998996056e-05,6.316999986211158e-06,6.995000006781993e-06,8.073499998317857e-05,3.4130000017285056e-06,96,False
2213,3.7597000016376114e-05,8.702399998128385e-05,6.5370000186248944e-06,7.017000001496854e-06,8.0006999979787e-05,3.587000009019903e-06,96,False
2214,3.744299999652867e-05,8.88669999881131e-05,6.233000021893531e-06,7.232999990947064e-06,8.163399999716603e-05,3.5099999990961805e-06,96,False
2215,3.658800000039264e-05,0.00011719700000867306,7.027999998854284e-06,6.858999995529302e-06,0.00011033800001314376,3.383999995776321e-06,96,False
2216,4.5120999999426203e-05,9.43530000085957e-05,7.073999995554914e-06,7.909000004246991e-06,8.644400000434871e-05,4.28600000645929e-06,96,False
2217,4.001499999617408e-05,8.901699999341872e-05,5.8910000007017516e-06,7.353000000875909e-06,8.166399999254281e-05,3.4200000129658292e-06,96,False
2218,3.719500000443077e-05,8.835599999201804e-05,7.073999995554914e-06,7.24999998169551e-06,8.110600001032253e-05,3.587999998444502e-06,96,False
2219,5.8044000013524055e-05,0.00011678300000994568,7.356000025993126e-06,1.0071999980709734e-05,0.00010671100002923595,4.664000016418868e-06,96,False
2220,5.091700001003119e-05,0.00010030600000732193,5.564999980833818e-06,9.384999998474086e-06,9.092100000884784e-05,3.6819999991166696e-06,96,False
2221,3.768100000911545e-05,8.841999999731343e-05,5.67600000067614e-06,7.186000004821835e-06,8.123399999249159e-05,3.268000000389293e-06,96,False
2222,3.7846999987323215e-05,8.851999999137661e-05,5.446000017172992e-06,7.291000002851433e-06,8.122899998852517e-05,3.3769999845389975e-06,96,False
2223,3.672400001164533e-05,8.737999999652857e-05,5.4099999999834836e-06,6.819000020641397e-06,8.056099997588717e-05,3.4120000123039063e-06,96,False
2224,3.731400002493501e-05,8.538499997712279e-05,5.466000004616944e-06,6.486000017957849e-06,7.889899995916494e-05,3.737000014325531e-06,96,False
2225,3.691499998126346e-05,0.00011155900000403562,8.766999997078528e-06,6.756999994195212e-06,0.00010480200000984041,3.4310000103232596e-06,96,False
2226,5.6492999988222437e-05,0.00010460599997941245,6.835999982968133e-06,8.803999975270926e-06,9.580200000414152e-05,5.428999998002837e-06,96,False
2227,7.116700001574827e-05,0.00014135699998973905,7.270999986985771e-06,1.2153000000125758e-05,0.0001292039999896133,7.64899999694535e-06,96,False
2228,4.616200001805737e-05,9.611900000550122e-05,7.554999996273182e-06,8.436000001665889e-06,8.768300000383533e-05,4.157999995868522e-06,96,False
2229,4.140699999766184e-05,9.290500000247448e-05,4.176099997721394e-05,7.491999980402397e-06,8.541300002207208e-05,3.945000003113819e-06,96,False
2230,9.106099997779893e-05,0.00010975399999324509,8.35500000562206e-06,9.777999991911202e-06,9.997600000133389e-05,5.544999993389865e-06,96,False
2231,4.2691999993849095e-05,9.36159999866959e-05,6.491999982927155e-06,7.892000013498546e-06,8.572399997319735e-05,3.603999999768348e-06,96,False
2232,4.171599999835962e-05,9.056800001872034e-05,6.130999992137731e-06,7.59100001346269e-06,8.297700000525765e-05,3.6630000010973163e-06,96,False
2233,3.796900000452297e-05,8.898400000134643e-05,5.840000000034706e-06,7.517000000234475e-06,8.146700000111196e-05,3.678000012996563e-06,96,False
2234,4.1666000015538884e-05,9.061000000087915e-05,6.055000000060318e-06,7.969999984425158e-06,8.2640000016454e-05,3.753999976652267e-06,96,False
2235,3.828600000588267e-05,8.790999999064297e-05,6.1549999941235e-06,7.390999996914616e-06,8.051899999372836e-05,3.7180000163061777e-06,96,False
2236,3.695399999514848e-05,8.550699999432254e-05,5.911000016567414e-06,7.186000004821835e-06,7.83209999895007e-05,3.4880000043813197e-06,96,False
2237,3.705800000375348e-05,8.698299998854964e-05,5.885000007310737e-06,7.321999987652816e-06,7.966100000089682e-05,3.5760000116624724e-06,96,False
2238,5.9265000004415924e-05,0.00010030600000732193,6.366999997453604e-06,9.726000001819557e-06,9.058000000550237e-05,4.865999983394431e-06,96,False
2239,4.0251999990914555e-05,8.761300000514893e-05,5.552999994051788e-06,7.202999995570281e-06,8.041000000957865e-05,3.4960000050432427e-06,96,False
2240,3.841399998805173e-05,8.765300000845855e-05,5.240000007233903e-06,7.189000001517343e-06,8.04640000069412e-05,3.5749999938161636e-06,96,False
2241,3.696699999977682e-05,8.769999999458378e-05,5.808999986811614e-06,7.159999995565158e-06,8.053999999901862e-05,3.3970000004046597e-06,96,False
2242,3.785600000583145e-05,8.914400001458489e-05,5.50599997950485e-06,7.076000002825822e-06,8.206800001175907e-05,3.3420000136175076e-06,96,False
2243,3.7641999995230435e-05,8.832999998276136e-05,5.501000003960144e-06,7.057999994231068e-06,8.12719999885303e-05,3.569999989849748e-06,96,False
2244,3.643800002350872e-05,8.759599998597878e-05,5.535000013878744e-06,7.015999983650545e-06,8.058000000232823e-05,3.6730000090301473e-06,96,False
2245,3.6843999993152465e-05,8.663200000569304e-05,5.716000003985755e-06,6.992999999511085e-06,7.963900000618196e-05,3.393000014284553e-06,96,False
2246,3.641600000037215e-05,8.581599999502032e-05,5.737999998700616e-06,6.90699999950084e-06,7.890899999551948e-05,3.300999992461584e-06,96,False
2247,3.593700000692479e-05,8.711399999583591e-05,5.635999997366525e-06,7.520999986354582e-06,7.959300000948133e-05,3.507000002400673e-06,96,False
2248,3.961199999480414e-05,8.61989999805246e-05,5.524000016521313e-06,6.752999979653396e-06,7.944600000087121e-05,3.2190000069931557e-06,96,False
2249,3.667799998652299e-05,8.496099999888429e-05,5.602000015869635e-06,6.888999990906086e-06,7.80720000079782e-05,3.304999978581691e-06,96,False
2250,3.757599998266414e-05,0.00014639199997645846,6.080000019892395e-06,1.1975000006714254e-05,0.0001344169999697442,4.906999976128645e-06,96,False
2251,4.6271000002207074e-05,9.450499999275053e-05,6.748999993533289e-06,8.125999983121801e-06,8.637900000962873e-05,4.273000001830951e-06,96,False
2252,3.862500000195723e-05,9.127300000955074e-05,6.67899999484689e-06,7.909000004246991e-06,8.336400000530375e-05,3.6719999911838386e-06,96,False
2253,3.821399999992536e-05,8.87289999980112e-05,6.358000007367082e-06,7.651999993640857e-06,8.107700000437035e-05,3.456999991158227e-06,96,False
2254,4.843300001766693e-05,8.869799998478811e-05,6.559000013339755e-06,7.286999988309617e-06,8.14109999964785e-05,3.47699997860218e-06,96,False
2255,3.771999999457876e-05,8.769899997673747e-05,6.329999990839497e-06,7.054000008110961e-06,8.064499996862651e-05,3.6139999792794697e-06,96,False
2256,3.644200000962883e-05,8.745299999191047e-05,6.130999992137731e-06,7.323000005499125e-06,8.012999998641135e-05,3.690999989203192e-06,96,False
2257,3.6569000002373286e-05,8.625199998846256e-05,6.072999980233362e-06,7.108000005473514e-06,7.914399998298904e-05,3.4539999944627198e-06,96,False
2258,3.5999000004949266e-05,8.609700000761222e-05,6.267000003390422e-06,7.153000012749544e-06,7.894399999486268e-05,3.6530000215861946e-06,96,False
2259,3.6195000006955524e-05,8.919600000467653e-05,6.125999988171316e-06,6.894999984297101e-06,8.230100002037943e-05,3.3940000037091522e-06,96,False
2260,3.7278999997170104e-05,8.71100000097158e-05,6.522000006725648e-06,7.011000008105839e-06,8.009900000160997e-05,3.345000010313015e-06,96,False
2261,3.826600001843872e-05,0.0001273809999986497,6.618999975671613e-06,2.361700001074496e-05,0.00010376399998790475,5.756999996719969e-06,96,False
2262,4.0936999994301004e-05,9.573400001272603e-05,6.6469999921991985e-06,7.973000009542375e-06,8.776100000318365e-05,3.880000008393836e-06,96,False
2263,3.8017000008494506e-05,8.817400001248643e-05,6.1190000053557014e-06,7.28300000218951e-06,8.089100001029692e-05,3.492000018923136e-06,96,False
2264,3.6856999997780804e-05,8.874400000991045e-05,5.936000007977782e-06,7.3340000028565555e-06,8.14100000070539e-05,3.486999986535011e-06,96,False
2265,3.648300000236304e-05,8.68630000070425e-05,6.0870000027080096e-06,7.003999996868515e-06,7.985900001017399e-05,3.480999993143996e-06,96,False
2266,3.610099997786165e-05,8.803200000784273e-05,6.362000021908898e-06,6.883999986939671e-06,8.114800002090305e-05,3.6929999964741e-06,96,False
2267,3.696099997796409e-05,8.790500001509827e-05,6.20099999082413e-06,7.0309999955497915e-06,8.087400001954848e-05,3.57900000835798e-06,96,False
2268,3.709999998591229e-05,8.833500001514949e-05,6.089000009978918e-06,7.084999992912344e-06,8.125000002223715e-05,3.520999996453611e-06,96,False
2269,3.722700000707846e-05,8.789200001046993e-05,6.191000011313008e-06,7.347999996909493e-06,8.054400001356044e-05,3.559999981916917e-06,96,False
2270,3.7665000007791605e-05,8.680400000571353e-05,6.530000007387571e-06,7.345999989638585e-06,7.945800001607495e-05,3.2840000017131388e-06,96,False
2271,3.940600001328676e-05,8.836899999664638e-05,6.2569999954575906e-06,7.209000017383005e-06,8.115999997926338e-05,3.5520000096767035e-06,96,False
2272,3.72060000017882e-05,0.0001281899999980851,6.482000003416033e-06,1.0980000013205427e-05,0.00011720999998487969,4.394999990608994e-06,96,False
2273,4.012000002262539e-05,0.001784748999995145,1.5469000004486588e-05,7.836999998289684e-06,0.0017769119999968552,3.7580000196157926e-06,96,False
2274,9.031900000877613e-05,0.00017543800001362797,1.0097000000541811e-05,1.5367000003152498e-05,0.00016007100001047547,8.113999996339771e-06,96,False
2275,6.809999999290994e-05,0.00014934999998672538,1.1093000011896947e-05,1.1142000005293085e-05,0.0001382079999814323,5.188999978145148e-06,96,False
2276,6.626100000062252e-05,0.0002172279999967941,1.4297000006990856e-05,1.1030000024447872e-05,0.00020619799997234622,5.704000017203725e-06,96,False
2277,0.0001065229999994699,0.00014075199999297183,9.355999992521902e-06,1.2688999987631178e-05,0.00012806300000534065,7.4750000180756615e-06,96,False
2278,4.971600000658327e-05,9.708299998578696e-05,6.574999986241892e-06,8.133999983783724e-06,8.894900000200323e-05,3.982000009727926e-06,96,False
2279,4.1550999981154746e-05,9.504700000206867e-05,6.928000004791102e-06,7.878000019445608e-06,8.716899998262306e-05,3.684999995812177e-06,96,False
2280,4.068199999096578e-05,9.036000000151034e-05,6.56500000673077e-06,7.839999994985192e-06,8.252000000652515e-05,3.593999991835517e-06,96,False
2281,3.974800000605683e-05,9.061199997972835e-05,6.326999994143989e-06,7.74000000092201e-06,8.287199997880634e-05,3.6229999977877014e-06,96,False
2282,3.8074999991977165e-05,9.02769999981956e-05,6.436000006715403e-06,7.551000010153075e-06,8.272599998804253e-05,3.393000014284553e-06,96,False
2283,3.778699999656965e-05,8.99900000206344e-05,6.060000004026733e-06,7.592000002887289e-06,8.239800001774711e-05,3.2959999884951685e-06,96,False
2284,3.718299998922703e-05,8.878500000264467e-05,6.030999998074549e-06,7.276999980376786e-06,8.150800002226788e-05,3.4370000037142745e-06,96,False
2285,3.739699999982804e-05,0.00012056100001700543,7.318999990957309e-06,7.156999998869651e-06,0.00011340400001813578,3.151000015577665e-06,96,False
2286,4.753100000698396e-05,9.513499998092811e-05,6.182999982229376e-06,8.40100000232269e-06,8.673399997860542e-05,4.351000001179273e-06,96,False
2287,3.828800001315358e-05,9.028400000943293e-05,5.9959999987313495e-06,7.517000000234475e-06,8.276700000919845e-05,3.527999979269225e-06,96,False
2288,3.6996000005729e-05,0.00015710499999954664,8.256000000983477e-06,1.4147000001685228e-05,0.0001429579999978614,6.079999991470686e-06,96,False
2289,5.808100002013816e-05,0.00010416700001769641,9.376000008387564e-06,9.764999987282863e-06,9.440200003041355e-05,4.491999987976669e-06,96,False
2290,4.352000001972556e-05,9.342999999262247e-05,7.224000000860542e-06,8.051000008890696e-06,8.537899998373177e-05,3.864999996494589e-06,96,False
2291,4.184200000167948e-05,9.359500000982734e-05,7.113999998864529e-06,7.940000017470084e-06,8.565499999235726e-05,3.612000000430271e-06,96,False
2292,3.8086999978759195e-05,9.031999999820073e-05,6.541000004745001e-06,7.981000010204298e-06,8.233899998799643e-05,3.6479999891980697e-06,96,False
2293,3.772899998466528e-05,8.709400000839196e-05,6.1549999941235e-06,6.939000002148532e-06,8.015500000624343e-05,3.5989999958019325e-06,96,False
2294,3.817999999000676e-05,9.140899999238172e-05,6.5210000173010485e-06,7.3629999803870305e-06,8.404600001199469e-05,3.571000007696057e-06,96,False
2295,3.788399999393732e-05,8.776600000715007e-05,6.221999996114391e-06,7.400000015422847e-06,8.036599999172722e-05,3.5669999931542407e-06,96,False
2296,3.727000000708358e-05,8.821599999464524e-05,6.10899999742287e-06,7.116999995560036e-06,8.109899999908521e-05,3.9280000123653735e-06,96,False
2297,7.202699998742901e-05,0.00011865100000818529,8.762999982536712e-06,1.3077999994948186e-05,0.0001055730000132371,5.646999994723956e-06,96,False
2298,4.5588000006091534e-05,9.493199999610624e-05,6.777000010060874e-06,7.828000008203162e-06,8.710399998790308e-05,3.9100000037706195e-06,96,False
2299,4.0322000018022663e-05,9.062000000881199e-05,6.32600000471939e-06,7.463000002871922e-06,8.315700000594006e-05,3.6719999911838386e-06,96,False
2300,3.9293000014595236e-05,9.428199999206299e-05,6.0769999947751785e-06,7.847000006222515e-06,8.643499998584048e-05,3.6299999806033156e-06,96,False
2301,3.8794000005282214e-05,9.000400001468734e-05,4.39249999999447e-05,7.412000002204877e-06,8.259200001248246e-05,3.7240000096971926e-06,96,False
2302,4.740200000696859e-05,9.277600000245911e-05,6.629000012026154e-06,7.715000009511641e-06,8.506099999294747e-05,3.937999991876495e-06,96,False
2303,3.8325999980770575e-05,0.00012982699999497527,9.352999995826394e-06,1.4181000011603828e-05,0.00011564599998337144,5.799000007300492e-06,96,False
2304,9.781900001826216e-05,0.00010693100000480626,8.38899998711895e-06,9.393999988560608e-06,9.753700001624566e-05,4.976999974815044e-06,96,False
2305,4.749600000764076e-05,9.286700000643577e-05,6.926999986944793e-06,7.210000006807604e-06,8.565699999962817e-05,3.7820000216015615e-06,96,False
2306,3.915400000664704e-05,9.058699998831798e-05,6.475999981603309e-06,7.505000013452445e-06,8.308199997486554e-05,3.714999991188961e-06,96,False
2307,3.807100000585706e-05,0.00011754299998756323,7.293999999546941e-06,7.2819999843432015e-06,0.00011026100000322003,3.4719999746357644e-06,96,False
2308,4.6408000002884364e-05,9.509899999216032e-05,6.160999987514515e-06,8.401999991747289e-06,8.669700000041303e-05,4.3649999952322105e-06,96,False
2309,3.8222999990011886e-05,9.015999998496227e-05,6.678000005422291e-06,7.538999994949336e-06,8.262099999001293e-05,3.525000010995427e-06,96,False
2310,3.804399997875407e-05,0.0001025820000108979,6.455000004734757e-06,7.661000012149088e-06,9.492099999874881e-05,3.638000009686948e-06,96,False
2311,3.7048999985245246e-05,8.878099998810285e-05,6.629000012026154e-06,7.303000018055172e-06,8.147799997004768e-05,3.5580000030677184e-06,96,False
2312,3.637000000367152e-05,8.70370000143339e-05,6.020000000717118e-06,6.959999979017084e-06,8.007700003531681e-05,3.4890000222276285e-06,96,False
2313,3.65759999851889e-05,8.712199999649783e-05,6.124999998746716e-06,7.296999996242448e-06,7.982500000025539e-05,3.2579999924564618e-06,96,False
2314,3.6296000018865016e-05,8.874399998148874e-05,6.037000019887273e-06,7.15799998829425e-06,8.158599999319449e-05,3.383999995776321e-06,96,False
2315,3.677999998785708e-05,9.030399999687688e-05,5.9670000212008745e-06,6.864000027917427e-06,8.343999996895946e-05,3.21400000302674e-06,96,False
2316,3.7448000000495085e-05,8.689000000572378e-05,5.981999976256702e-06,6.595000002107554e-06,8.029500000361622e-05,3.302999999732492e-06,96,False
2317,3.7219999995841135e-05,8.600900000033107e-05,5.982000004678412e-06,6.547999987560615e-06,7.946100001277046e-05,3.3620000010614604e-06,96,False
2318,3.5636000006888935e-05,8.575499998642044e-05,6.0589999861804245e-06,6.867999985615825e-06,7.888700000080462e-05,3.288000016254955e-06,96,False
2319,4.018199999222816e-05,8.90410000238262e-05,6.358999996791681e-06,7.86399999697096e-06,8.117700002685524e-05,3.46499999182015e-06,96,False
2320,3.738799998131981e-05,0.00010276900002281764,6.7359999889049504e-06,9.685000009085343e-06,9.308400001373229e-05,4.391999993913487e-06,96,False
2321,3.955500000074608e-05,9.090000000355758e-05,5.991999984189533e-06,7.869999990361976e-06,8.30300000131956e-05,3.7359999964792223e-06,96,False
2322,3.7597000016376114e-05,8.917799999608178e-05,6.1679999987518386e-06,7.832999983747868e-06,8.134500001233391e-05,3.5489999845594866e-06,96,False
2323,3.757999999720596e-05,9.266300000376759e-05,6.1399999822242535e-06,7.62500002338129e-06,8.50379999803863e-05,3.6619999832510075e-06,96,False
2324,3.758799999786788e-05,8.956000002058317e-05,6.466999991516786e-06,7.4229999995623075e-06,8.213700002102087e-05,3.17999999310814e-06,96,False
2325,3.960499998356681e-05,9.011900002064976e-05,6.304999999429128e-06,8.06999997848834e-06,8.204900004216142e-05,3.262000006998278e-06,96,False
2326,3.805800000122872e-05,8.839399998805675e-05,6.060000004026733e-06,7.18100000085542e-06,8.121299998720133e-05,3.4419999792589806e-06,96,False
2327,3.786400000649337e-05,8.815399999662077e-05,5.912999995416612e-06,7.490000001553199e-06,8.066399999506757e-05,3.98999998196814e-06,96,False
2328,3.6889000000428496e-05,0.00010459000000651031,7.131999979037573e-06,1.0340000017095008e-05,9.42499999894153e-05,4.603999997243591e-06,96,False
2329,4.2578999995157574e-05,9.185499999375679e-05,6.363000011333497e-06,7.94499999301479e-06,8.3910000000742e-05,3.654000011010794e-06,96,False
2330,3.892699999141769e-05,8.901499998614781e-05,6.0849999954371015e-06,7.691999996950472e-06,8.132299998919734e-05,3.3869999924718286e-06,96,False
2331,3.8940000024467736e-05,0.00012110900001971459,6.535000011353986e-06,7.296999996242448e-06,0.00011381200002347214,3.507000002400673e-06,96,False
2332,4.377900000918089e-05,9.339799998997478e-05,6.196000015279424e-06,7.861999989700053e-06,8.553600000027473e-05,4.246999992574274e-06,96,False
2333,3.915499999607164e-05,0.0001326160000019172,6.972000022642533e-06,7.392999975763814e-06,0.00012522300002615339,3.660999993826408e-06,96,False
2334,4.312200002232203e-05,9.170100000233106e-05,6.377999994811034e-06,8.108000002948756e-06,8.35929999993823e-05,4.032999981973262e-06,96,False
2335,3.8450999994665835e-05,8.758300000977215e-05,6.030999998074549e-06,6.840999986934548e-06,8.07420000228376e-05,3.5580000030677184e-06,96,False
2336,7.197900001187918e-05,0.00011283199998501914,9.178999988534997e-06,1.0938999992049503e-05,0.00010189299999296964,5.620000024464389e-06,96,False
2337,4.388199999993958e-05,9.499399999413072e-05,6.785000010722797e-06,8.152999981803077e-06,8.684100001232764e-05,3.794000008383591e-06,96,False
2338,3.8326999998616884e-05,9.062800000947391e-05,6.467999980941386e-06,7.436000004190646e-06,8.319200000528326e-05,3.9889999925435404e-06,96,False
2339,3.87890000013158e-05,9.219899999379777e-05,6.390999999439373e-06,7.98900001086622e-06,8.420999998293155e-05,3.997000021627173e-06,96,False
2340,3.7381999987928793e-05,8.988400000475849e-05,6.499999983589078e-06,7.413999981054076e-06,8.247000002370442e-05,3.6570000077063014e-06,96,False
2341,3.850400000260379e-05,8.920299998749215e-05,6.261000009999407e-06,7.777999996960716e-06,8.142499999053143e-05,3.974999998490603e-06,96,False
2342,3.709700001763849e-05,8.818899999596397e-05,6.4589999908548634e-06,7.1849999869755266e-06,8.100400000898844e-05,3.5299999865401332e-06,96,False
2343,5.868600001690538e-05,0.00012861600001201623,1.0139000011122334e-05,1.3123999991648816e-05,0.00011549200002036741,5.6900000231507875e-06,96,False
2344,5.378800000244155e-05,0.00011116900000729402,8.003000004919159e-06,9.510000012369346e-06,0.00010165899999492467,4.6419999932822975e-06,96,False
2345,4.634799998370909e-05,0.0001060620000146173,6.6489999994701066e-06,8.604000015566271e-06,9.745799999905103e-05,4.070000017009079e-06,96,False
2346,3.931200001261459e-05,8.941500001924396e-05,6.307999996124636e-06,7.2610000074746495e-06,8.215400001176931e-05,3.589000016290811e-06,96,False
2347,3.764800001704316e-05,9.529100000804647e-05,7.0859999823369435e-06,7.566000022052322e-06,8.772499998599415e-05,3.486999986535011e-06,96,False
2348,3.782899997872846e-05,8.79180000197266e-05,7.30599998632897e-06,7.060000001501976e-06,8.085800001822463e-05,3.3660000156032766e-06,96,False
2349,3.727000000708358e-05,8.917399998153996e-05,6.0849999954371015e-06,7.3760000134370785e-06,8.179799996810289e-05,3.595999999106425e-06,96,False
2350,3.986100000474835e-05,0.0005416629999785982,1.3394000006883289e-05,7.42029999969418e-05,0.00046745999998165644,2.1003999989943622e-05,96,False
2351,7.245099999408922e-05,0.00012426600000026156,8.722999979227097e-06,1.1532999991459292e-05,0.00011273300000880226,6.09800000006544e-06,96,False
2352,4.972199999997429e-05,0.0001036719999945035,7.5039999956061365e-06,8.699000005663038e-06,9.497299998884046e-05,4.315000012411474e-06,96,False
2353,4.340599997476602e-05,0.00013157199998659053,8.175000004939648e-06,7.855999996309038e-06,0.0001237159999902815,4.006000011713695e-06,96,False
2354,4.8891999995248625e-05,0.000101353999980347,7.232000001522465e-06,8.493000024145658e-06,9.286099995620134e-05,4.384000021673273e-06,96,False
2355,5.2549000002954926e-05,9.471900000335154e-05,7.017999990921453e-06,8.256999990408076e-06,8.646200001294346e-05,3.6719999911838386e-06,96,False
2356,4.0406000010762e-05,9.339199999658376e-05,6.6469999921991985e-06,7.673999988355718e-06,8.571800000822805e-05,4.032000020970372e-06,96,False
2357,3.9455000006682894e-05,9.077199999296681e-05,6.678000005422291e-06,7.194999994908358e-06,8.357699999805845e-05,3.904999999804204e-06,96,False
2358,3.964200001860263e-05,9.198199998650125e-05,1.9025999989707998e-05,7.2429999988798954e-06,8.473899998762136e-05,3.8390000156596216e-06,96,False
2359,7.832700001131343e-05,0.00010453599998072605,7.003000007443916e-06,1.0470000006534974e-05,9.406599997419107e-05,4.250999978694381e-06,96,False
2360,4.19890000102896e-05,9.276000000113527e-05,6.593999984261245e-06,7.357000015417725e-06,8.540299998571754e-05,4.068000009738171e-06,96,False
2361,3.872700000329132e-05,9.474600000203282e-05,6.638000002112676e-06,7.502000016756938e-06,8.724399998527588e-05,3.462999984549242e-06,96,False
2362,7.107799999062081e-05,9.761499998717227e-05,7.030000006125192e-06,8.53600002415078e-06,8.907899996302149e-05,4.1769999938878755e-06,96,False
2363,3.992899999616384e-05,9.08359999982622e-05,6.323999997448482e-06,7.703999983732501e-06,8.31320000145297e-05,3.937000002451896e-06,96,False
2364,3.811400000586218e-05,8.991999999352629e-05,6.51999999945474e-06,7.650999975794548e-06,8.226900001773174e-05,3.468000016937367e-06,96,False
2365,3.802099999461461e-05,8.933200001592922e-05,6.50800001267271e-06,7.543000009491152e-06,8.178900000643807e-05,3.5219999858782103e-06,96,False
2366,3.81920000052105e-05,8.927999999741587e-05,6.585999983599322e-06,7.296999996242448e-06,8.198300000117342e-05,3.6910000176249014e-06,96,False
2367,3.881000000660606e-05,8.996900001534414e-05,6.4529999974638486e-06,7.572999976446226e-06,8.239600003889791e-05,3.840000005084221e-06,96,False
2368,6.767400000740054e-05,0.0005514180000147917,1.0843000012528137e-05,8.175999994364247e-06,0.0005432420000204274,4.294999996545812e-06,96,False
2369,8.007200000292869e-05,0.00011091000001783868,7.637999999587919e-06,1.0124999988647687e-05,0.000100785000029191,5.582000000003973e-06,96,False
2370,4.2418999981919114e-05,0.00014888899997345106,4.783499997529361e-05,7.994999975835526e-06,0.00014089399999761554,4.172999979346059e-06,96,False
2371,5.931900000177848e-05,0.00010449100000187173,7.756999991670455e-06,9.934999980032444e-06,9.455600002183928e-05,4.644999989977805e-06,96,False
2372,4.196800000499934e-05,9.376899998869703e-05,6.927000015366502e-06,7.756000002245855e-06,8.601299998645118e-05,4.0150000018002174e-06,96,False
2373,3.931300000203919e-05,9.110600001349667e-05,5.9590000205389515e-06,7.812000006879316e-06,8.329400000661735e-05,3.9020000031086965e-06,96,False
2374,3.9033999996718194e-05,8.984599998029807e-05,5.92700001789126e-06,7.527999997591905e-06,8.231799998270617e-05,3.775999999788837e-06,96,False
2375,3.7563000006457514e-05,0.00010707600000614548,6.928999994215701e-06,7.140999997545805e-06,9.993500000859967e-05,3.781999993179852e-06,96,False
2376,5.8467000002337954e-05,9.67800000069019e-05,6.003000009968673e-06,8.607000012261778e-06,8.817299999464012e-05,4.355000015721089e-06,96,False
2377,3.8896999996040904e-05,9.22090000017306e-05,5.751000003328954e-06,7.801999998946485e-06,8.440700000278412e-05,3.6670000156391325e-06,96,False
2378,3.839699999730328e-05,8.968699998490592e-05,5.420999997340914e-06,7.496999984368813e-06,8.219000000053711e-05,3.757999991194083e-06,96,False
2379,3.757999999720596e-05,8.965499998225823e-05,5.865000019866784e-06,7.769999996298793e-06,8.188499998595944e-05,3.363999979910659e-06,96,False
2380,3.7106000007725015e-05,8.995100000674938e-05,5.458000003955021e-06,7.276999980376786e-06,8.26740000263726e-05,3.5549999779505015e-06,96,False
2381,3.6924999989196294e-05,0.00010460299998271694,6.486999978960739e-06,7.470000014109246e-06,9.713299996860769e-05,3.490000011652228e-06,96,False
2382,5.0088999984154725e-05,9.529100000804647e-05,5.49399999272282e-06,8.430000008274874e-06,8.686099999977159e-05,4.109000002472385e-06,96,False
2383,3.80159999906482e-05,8.79559999873436e-05,5.283000007239025e-06,7.090999986303359e-06,8.086500000104024e-05,3.5500000024057954e-06,96,False
2384,3.8884999980837165e-05,8.870999999999185e-05,5.103000006556613e-06,7.334999992281155e-06,8.13750000077107e-05,3.6799999918457615e-06,96,False
2385,3.6445999995748934e-05,8.830100000523089e-05,5.524000016521313e-06,6.893000005447902e-06,8.140799999978299e-05,3.4279999852060428e-06,96,False
2386,3.61539999857996e-05,0.0001303660000075979,9.131000012985169e-06,1.400899998316163e-05,0.00011635700002443627,5.715000014561156e-06,96,False
2387,5.262499999503234e-05,0.00015183400000751135,8.48099998052021e-06,8.611999987806485e-06,0.00014322200001970486,2.3061999996798477e-05,96,False
2388,4.773499998123043e-05,9.855000001834924e-05,7.310000000870787e-06,8.86800000898802e-06,8.968200000936122e-05,4.107999984626076e-06,96,False
2389,4.0627000004178626e-05,9.129099998972379e-05,5.944999998064304e-06,7.563000025356814e-06,8.372799996436697e-05,3.609999993159363e-06,96,False
2390,4.564900001469141e-05,0.00010605900001792179,5.741000023817833e-06,7.310000000870787e-06,9.8749000017051e-05,3.6530000215861946e-06,96,False
2391,3.9773999986891795e-05,9.138699999766686e-05,6.8690000034621335e-06,7.677000013472934e-06,8.370999998419393e-05,3.684999995812177e-06,96,False
2392,3.9385999997421095e-05,8.810300002437543e-05,6.658999978981228e-06,7.35100002202671e-06,8.075200000234872e-05,3.6239999872123008e-06,96,False
2393,6.669700002248646e-05,0.00010003399998481655,6.666000018640261e-06,8.907000022873035e-06,9.112699996194351e-05,4.2339999879459356e-06,96,False
2394,3.9283999996087005e-05,0.00010762400000885464,6.995999996206592e-06,7.476000007500261e-06,0.00010014800000135438,3.7000000077114237e-06,96,False
2395,4.91270000111399e-05,9.47789999941051e-05,6.6020000133448775e-06,8.130999987088217e-06,8.664800000701689e-05,4.2940000071212125e-06,96,False
2396,3.821499998934996e-05,9.166799998183706e-05,6.383999988202049e-06,8.210000004282847e-06,8.345799997755421e-05,3.4699999957865657e-06,96,False
2397,3.862500000195723e-05,0.00012431199999696219,7.361999990962431e-06,7.001000000173008e-06,0.00011731099999678918,3.3629999904860597e-06,96,False
2398,4.57850000259441e-05,0.00013049700001488418,6.544999990865108e-06,2.6179000002457542e-05,0.00010431800001242664,5.794000003334077e-06,96,False
2399,4.18169999818474e-05,9.243499999911364e-05,5.780999998705738e-06,8.062999995672726e-06,8.437200000344092e-05,3.937000002451896e-06,96,False
2400,3.8555000003270834e-05,9.039700000812445e-05,5.737999998700616e-06,7.10099999423619e-06,8.329600001388826e-05,3.5149999746408866e-06,96,False
2401,3.74880000038047e-05,8.817999997745574e-05,5.597000011903219e-06,7.238999984338079e-06,8.094099999311766e-05,3.543000019590181e-06,96,False
2402,3.7574000003814945e-05,8.790399999725196e-05,5.444999999326683e-06,7.46599999956743e-06,8.043799999768453e-05,3.4870000149567204e-06,96,False
2403,3.680399998984285e-05,8.772800001111136e-05,5.512000001317574e-06,7.468000006838338e-06,8.026000000427302e-05,3.4150000089994137e-06,96,False
2404,4.2532999998456944e-05,0.00012734700001715282,6.651999996165614e-06,7.678000002897534e-06,0.00011966900001425529,6.452000008039249e-06,96,False
2405,4.185200000961231e-05,9.124400000359856e-05,5.811999983507121e-06,8.004999983768357e-06,8.32390000198302e-05,3.964000001133172e-06,96,False
2406,3.704699997797434e-05,8.829899999795998e-05,5.817999976898136e-06,7.4149999989003845e-06,8.08839999990596e-05,3.6090000037347636e-06,96,False
2407,3.792000001112683e-05,8.851099997286838e-05,6.409999997458726e-06,7.624000005534981e-06,8.08869999673334e-05,3.5200000070290116e-06,96,False
2408,3.789999999526117e-05,8.850599999732367e-05,6.351999985554357e-06,7.024000012734177e-06,8.148199998458949e-05,3.763999984585098e-06,96,False
2409,3.7458999997852516e-05,8.771799997475682e-05,5.788999999367661e-06,6.971999994220823e-06,8.0745999980536e-05,3.3729999984188908e-06,96,False
2410,3.7541000011742653e-05,0.00012989399999696616,6.801000012046643e-06,6.702999996832659e-06,0.0001231910000001335,3.7909999832663743e-06,96,False
2411,4.284499999585023e-05,9.233299999777955e-05,6.839999997509949e-06,8.28700001420657e-06,8.404599998357298e-05,3.7709999958224216e-06,96,False
2412,3.7345999999160995e-05,8.848900000657522e-05,6.397999982254987e-06,7.152999984327835e-06,8.133600002224739e-05,3.241999991132616e-06,96,False
2413,3.65730000169151e-05,9.887000001640445e-05,5.779999980859429e-06,6.4689999987876945e-06,9.240100001761675e-05,3.5620000176095346e-06,96,False
2414,3.78409999939322e-05,8.701199999450182e-05,5.792999985487768e-06,6.9319999909112084e-06,8.008000000359061e-05,3.56799998257884e-06,96,False
2415,3.701899998986846e-05,8.631800000102885e-05,5.8079999973870144e-06,6.777000010060874e-06,7.954099999096798e-05,3.391999996438244e-06,96,False
2416,3.6719000007678915e-05,0.00011892300000226896,6.976999998187239e-06,6.950999988930562e-06,0.0001119720000133384,3.3500000142794306e-06,96,False
2417,4.3180999995229286e-05,9.394899998937944e-05,6.263999978273205e-06,7.913000018788807e-06,8.603599997059064e-05,3.836999979967004e-06,96,False
2418,4.1574999983140515e-05,8.968000000209031e-05,6.0609999934513326e-06,6.901000006109825e-06,8.277899999598048e-05,3.4810000215657055e-06,96,False
2419,3.989600000409155e-05,8.791599998403399e-05,6.1190000053557014e-06,7.425000006833216e-06,8.049099997720077e-05,3.278000008322124e-06,96,False
2420,3.6708999999746084e-05,8.787700002699239e-05,5.998000006002258e-06,7.151999994903235e-06,8.072500003208916e-05,3.4850000076858123e-06,96,False
2421,3.605099999504091e-05,8.833399999730318e-05,6.149000000732485e-06,7.4310000002242305e-06,8.090299999707895e-05,3.56700002157595e-06,96,False
2422,3.69940000268798e-05,0.00011564600001179315,6.608999996160492e-06,7.1980000200255745e-06,0.00010844799999176757,3.4839999898395035e-06,96,False
2423,4.3239999996558254e-05,9.346200002369187e-05,6.603000002769477e-06,7.678999992322133e-06,8.578300003136974e-05,4.262000004473521e-06,96,False
2424,3.719999997997547e-05,8.695399998259745e-05,6.4870000073824485e-06,6.80499999816675e-06,8.01489999844307e-05,3.569999989849748e-06,96,False
2425,3.723500000774038e-05,8.686600000373801e-05,6.044999992127487e-06,7.129000010763775e-06,7.973699999297423e-05,3.4429999971052894e-06,96,False
2426,3.744100001767947e-05,8.650399999510228e-05,5.955999995421735e-06,7.167000006802482e-06,7.93369999882998e-05,3.598000006377333e-06,96,False
2427,3.61889999851428e-05,8.796000000188542e-05,5.339000011872486e-06,7.402999983696645e-06,8.055700001818877e-05,3.815000013673853e-06,96,False
2428,3.658699998254633e-05,0.00013067000000432927,7.000000010748408e-06,6.8009999836249335e-06,0.00012386900002070433,3.581000015628888e-06,96,False
2429,5.240999999500673e-05,9.498100001792409e-05,5.665999992743309e-06,8.32000000627886e-06,8.666100001164523e-05,4.159000013714831e-06,96,False
2430,3.7814999984675524e-05,9.074299998701463e-05,5.405999985441667e-06,7.62599998438418e-06,8.311700000263045e-05,3.402000004371075e-06,96,False
2431,4.04419999995298e-05,9.351899998932822e-05,5.375000000640284e-06,8.307000001650522e-06,8.52119999876777e-05,3.4470000116471056e-06,96,False
2432,3.7187999993193444e-05,8.95029999981034e-05,5.442999992055775e-06,7.0730000061303144e-06,8.242999999197309e-05,3.363000018907769e-06,96,False
2433,3.641600000037215e-05,0.00012123800001972995,6.220000017265193e-06,6.643000006079092e-06,0.00011459500001365086,3.4390000109851826e-06,96,False
2434,4.768599998783429e-05,9.407800001781652e-05,5.43699999866476e-06,8.214000018824663e-06,8.586399999899186e-05,4.1220000071007235e-06,96,False
2435,3.779299998996066e-05,0.0003200609999964854,1.3299999977789412e-05,7.510000017418861e-06,0.00031255099997906655,0.00010454700000650519,96,False
2436,9.040599999821097e-05,0.0005175990000054753,6.1998999996149e-05,1.096599999073078e-05,0.0005066330000147445,0.00011057099999334241,96,False
2437,0.0001413399999989906,0.0004133669999930589,1.4187999994419442e-05,4.133699999897544e-05,0.0003720299999940835,5.561100002182684e-05,96,False
2438,7.568600000240622e-05,0.00011603699999795936,8.043000008228773e-06,1.0652000014488294e-05,0.00010538499998347106,5.293999976174746e-06,96,False
2439,4.784699999049735e-05,0.0001003640000192263,7.901000003585068e-06,8.762999982536712e-06,9.160100003668958e-05,4.21699999719749e-06,96,False
2440,4.2578999995157574e-05,9.554299998626448e-05,7.675999995626626e-06,8.04700002277059e-06,8.749599996349389e-05,3.800000001774606e-06,96,False
2441,4.0983000019423343e-05,9.357700000123259e-05,6.56500000673077e-06,7.861999989700053e-06,8.571500001153254e-05,3.785000018297069e-06,96,False
2442,4.0708000000222455e-05,9.339299998600836e-05,6.284999983563466e-06,7.925999994995436e-06,8.546699999101293e-05,3.679000002421162e-06,96,False
2443,4.014399999618945e-05,8.977799998888258e-05,5.896000004668167e-06,7.405000019389263e-06,8.237299996949332e-05,3.4230000096613367e-06,96,False
2444,3.901200000200333e-05,9.025399998563444e-05,5.963999996083658e-06,7.4200000028668e-06,8.283399998276764e-05,3.4589999984291353e-06,96,False
2445,3.865399997948771e-05,9.04500000160624e-05,6.079999991470686e-06,7.566000022052322e-06,8.288399999401008e-05,3.5800000262042886e-06,96,False
2446,4.447499998150306e-05,0.00012854199999878801,4.372399999397203e-05,7.723000010173564e-06,0.00012081899998861445,3.755999983923175e-06,96,False
2447,5.454899999790541e-05,0.00010008199998878808,6.24600002652187e-06,8.383999983152535e-06,9.169800000563555e-05,4.511000014417732e-06,96,False
2448,4.0239000014707926e-05,9.123899999963214e-05,6.278999990172451e-06,7.488000022704e-06,8.375099997692814e-05,3.6309999984496244e-06,96,False
2449,3.829400000654459e-05,8.958300000472263e-05,5.759000003990877e-06,7.5039999956061365e-06,8.20790000091165e-05,3.57900000835798e-06,96,False
2450,3.749799998331582e-05,9.158200001024852e-05,5.6849999907626625e-06,6.858999995529302e-06,8.472300001471922e-05,3.5680000110005494e-06,96,False
2451,3.762500000448199e-05,8.878300002379547e-05,5.7839999954012455e-06,6.810999991557765e-06,8.19720000322377e-05,3.690999989203192e-06,96,False
2452,3.965199999811375e-05,9.065899999427529e-05,5.471999998007959e-06,7.496999984368813e-06,8.316200000990648e-05,3.356999997095045e-06,96,False
2453,5.279500001620363e-05,8.935299999279778e-05,5.424999983461021e-06,7.868000011512777e-06,8.1484999981285e-05,3.6330000057205325e-06,96,False
2454,3.8156000016442704e-05,8.706299999516887e-05,5.521000019825806e-06,6.955999992896977e-06,8.010700000227189e-05,3.2750000116266165e-06,96,False
2455,3.696400000308131e-05,8.713500000112617e-05,5.43699999866476e-06,7.33999999624757e-06,7.97950000048786e-05,3.3990000076755678e-06,96,False
2456,3.834000000324522e-05,8.892700000728837e-05,5.4140000145253e-06,7.460999995601014e-06,8.146600001168736e-05,3.428000013627752e-06,96,False
2457,3.757100000711944e-05,8.786999998733336e-05,5.466999994041544e-06,6.910999985620947e-06,8.095900000171241e-05,3.49900000173875e-06,96,False
2458,3.706800001168631e-05,0.00012479700001222227,6.181000003380177e-06,7.171999982347188e-06,0.00011762500002987508,3.3320000056846766e-06,96,False
2459,4.119600001217805e-05,9.130400002277383e-05,5.477000001974375e-06,7.948000018132007e-06,8.335600000464183e-05,3.945999992538418e-06,96,False
2460,3.7176000006411414e-05,8.978400001069531e-05,5.600000008598727e-06,7.460999995601014e-06,8.23230000150943e-05,3.5179999997581035e-06,96,False
2461,4.198199999905228e-05,8.829500001183987e-05,5.82399999871086e-06,7.272999994256679e-06,8.10220000175832e-05,3.559999981916917e-06,96,False
2462,3.8051000018413106e-05,8.66540000004079e-05,5.643999998028448e-06,7.187999983671034e-06,7.946600001673687e-05,3.589999977293701e-06,96,False
2463,3.699499998788269e-05,8.720400001038797e-05,5.708999992748431e-06,7.0410000034826226e-06,8.016300000690535e-05,3.638000009686948e-06,96,False
2464,3.672599999049453e-05,8.635200001094745e-05,5.36899997882756e-06,7.0149999942259456e-06,7.93370000167215e-05,3.563000007034134e-06,96,False
2465,3.621199999770397e-05,8.614899999770387e-05,5.406000013863377e-06,6.912999992891855e-06,7.923600000481201e-05,3.4879999759596103e-06,96,False
2466,7.967400000552516e-05,0.00014212799999313575,7.744000015463826e-06,1.0247999995272039e-05,0.0001318799999978637,5.7329999947342e-06,96,False
2467,5.2014999994298705e-05,0.00010012500001721492,6.138000003375055e-06,8.168999983126923e-06,9.195600003408799e-05,5.053999984738766e-06,96,False
2468,4.1015999983073925e-05,9.23130000103356e-05,5.909000009296506e-06,7.2870000167313265e-06,8.502599999360427e-05,3.525000010995427e-06,96,False
2469,3.845500000920765e-05,8.860700000923316e-05,5.495999999993728e-06,7.258000010779142e-06,8.134899999845402e-05,3.4509999977672123e-06,96,False
2470,3.766899999391171e-05,0.00010456000001113352,6.17800000668467e-06,1.0094000003846304e-05,9.446600000728722e-05,4.340000003821842e-06,96,False
2471,4.0149000000155866e-05,9.267100000442952e-05,5.649000001994864e-06,7.417999995595892e-06,8.525300000883362e-05,3.5500000024057954e-06,96,False
2472,3.863899999601017e-05,8.9957999989565e-05,5.444999999326683e-06,7.371000009470663e-06,8.258699998009433e-05,3.7019999865606223e-06,96,False
2473,3.8121000017099504e-05,8.874200000263954e-05,5.519000012554898e-06,7.019999998192361e-06,8.172200000444718e-05,3.591999984564609e-06,96,False
2474,3.775299998665105e-05,8.801999999263899e-05,5.404000006592469e-06,7.1219999995264516e-06,8.089799999311253e-05,3.7380000037501304e-06,96,False
2475,4.06899999916277e-05,8.912699999541474e-05,5.657999992081386e-06,7.353999990300508e-06,8.177300000511423e-05,3.7380000037501304e-06,96,False
2476,3.789999999526117e-05,9.11909999956606e-05,1.7105000011952143e-05,7.079999988945929e-06,8.411100000671468e-05,3.6499999964689778e-06,96,False
2477,4.298100000710292e-05,9.84680000044591e-05,5.903000015905491e-06,8.374000003641413e-06,9.009400000081769e-05,4.156999978022213e-06,96,False
2478,4.217500000436303e-05,9.800300000506468e-05,5.549999997356281e-06,7.891999985076836e-06,9.011100001998784e-05,3.977000005761511e-06,96,False
2479,4.023799999686162e-05,9.821899999451489e-05,6.057000007331226e-06,7.322999977077416e-06,9.089600001743747e-05,3.986999985272632e-06,96,False
2480,4.0640999998231564e-05,9.93499999992764e-05,5.762000000686385e-06,7.586999998920874e-06,9.176300000035553e-05,3.666999987217423e-06,96,False
2481,4.4288999987429634e-05,0.00013864600001056715,6.9030000133807334e-06,1.3121999984377908e-05,0.00012552400002618924,5.850000007967537e-06,96,False
2482,4.3763000007857045e-05,9.855899998001405e-05,5.77899999143483e-06,7.554999996273182e-06,9.100399998374087e-05,3.972000001795095e-06,96,False
2483,3.964500001529814e-05,9.127199999170443e-05,5.654000005961279e-06,7.797999984404669e-06,8.347400000729976e-05,3.7289999852418987e-06,96,False
2484,3.8531999990709664e-05,8.866999999668224e-05,5.6989999848156e-06,7.0650000054683915e-06,8.160499999121384e-05,3.598000006377333e-06,96,False
2485,3.826599999001701e-05,8.919299997955932e-05,5.688000015879879e-06,7.486000015433092e-06,8.170699996412623e-05,3.3289999805674597e-06,96,False
2486,3.711499999781154e-05,8.682399999315749e-05,5.374000011215685e-06,7.12400000679736e-06,7.969999998636013e-05,3.5829999944780866e-06,96,False
2487,3.666399999247005e-05,8.804499998404935e-05,5.556999980171895e-06,7.097000008116083e-06,8.094799997593327e-05,3.418000005694921e-06,96,False
2488,3.6663000003045454e-05,0.00011860699999033386,9.059000007027862e-06,7.316999983686401e-06,0.00011129000000664746,3.4619999951246427e-06,96,False
2489,5.9821999997211606e-05,0.00010510699999599638,6.431999992173587e-06,9.013000010327232e-06,9.609399998566914e-05,5.332000000635162e-06,96,False
2490,4.192299999772331e-05,9.306699999456214e-05,5.799000007300492e-06,7.985999985749004e-06,8.508100000881313e-05,3.86400000706999e-06,96,False
2491,3.8428999999950975e-05,8.910400001127528e-05,5.696999977544692e-06,7.554000006848582e-06,8.155000000442669e-05,3.391000007013645e-06,96,False
2492,3.774200001771533e-05,8.871399998611196e-05,5.724000004647678e-06,7.3940000220318325e-06,8.131999996408013e-05,3.491000001076827e-06,96,False
2493,3.799899999989975e-05,0.00012387699999294455,7.884000012836623e-06,1.3109999997595878e-05,0.00011076699999534867,5.728999980192384e-06,96,False
2494,4.618600002004314e-05,9.349100000122235e-05,6.1370000139504555e-06,7.839000005560592e-06,8.565199999566175e-05,3.6999999792897142e-06,96,False
2495,4.0458000000853644e-05,9.128900001087459e-05,5.837000003339199e-06,7.871999997632884e-06,8.34170000132417e-05,3.630000009025025e-06,96,False
2496,3.7791000011111464e-05,9.029899999291047e-05,5.766000015228201e-06,7.714999981089932e-06,8.258400001182054e-05,3.4610000057000434e-06,96,False
2497,3.694299999779105e-05,8.750400002099923e-05,5.759999993415477e-06,7.201000016721082e-06,8.030300000427815e-05,3.6459999819271616e-06,96,False
2498,3.7313000007088704e-05,8.821299999794974e-05,5.442999992055775e-06,7.372999988319862e-06,8.084000000962988e-05,3.232000011621494e-06,96,False
2499,3.75570000130665e-05,0.0001241760000141312,6.6469999921991985e-06,7.469000024684647e-06,0.00011670699998944656,3.3269999732965516e-06,96,False
2500,4.550900001731861e-05,9.396700002639591e-05,7.131999979037573e-06,7.884000012836623e-06,8.608300001355929e-05,4.0279999780068465e-06,96,False
2501,3.910499998482919e-05,9.032599999159174e-05,6.7749999743682565e-06,7.777000007536117e-06,8.254899998405563e-05,3.763999984585098e-06,96,False
2502,3.8293000017119994e-05,8.928400001195769e-05,5.623999982162786e-06,7.520999986354582e-06,8.17630000256031e-05,3.474000010328382e-06,96,False
2503,3.767300000845353e-05,9.29810000229736e-05,6.700999989561751e-06,7.391999986339215e-06,8.558900003663439e-05,3.6210000189385028e-06,96,False
2504,3.7766999980703986e-05,8.865099999866288e-05,6.785000010722797e-06,7.474999989653952e-06,8.117600000900893e-05,3.6110000110056717e-06,96,False
2505,6.996999999842046e-05,9.795500000109314e-05,6.896999991568009e-06,8.621999995739316e-06,8.933300000535382e-05,4.101000001810462e-06,96,False
2506,4.0173999991566234e-05,8.79520000012235e-05,6.5680000034262775e-06,7.197000002179266e-06,8.075499999904423e-05,3.7519999978030683e-06,96,False
2507,3.790100001310748e-05,8.797699999263386e-05,3.209700000184057e-05,7.781000022077933e-06,8.019599997055593e-05,3.452000015613521e-06,96,False
2508,5.620499999281492e-05,9.65349999830778e-05,6.738000024597568e-06,8.937000018249819e-06,8.759799996482798e-05,4.329999995889011e-06,96,False
2509,3.856900002574548e-05,8.986099999219732e-05,6.481000013991434e-06,7.64799997909904e-06,8.221300001309828e-05,3.660000004401809e-06,96,False
2510,3.7790999982689755e-05,8.758399999919675e-05,5.544000003965266e-06,7.512999985692659e-06,8.007100001350409e-05,3.517000010333504e-06,96,False
2511,3.6948000001757464e-05,8.799399998338231e-05,5.458999993379621e-06,7.629999998925996e-06,8.036399998445631e-05,3.418000005694921e-06,96,False
2512,3.624900000431808e-05,8.720199997469535e-05,5.547000000660773e-06,7.090999986303359e-06,8.0110999988392e-05,3.421999991815028e-06,96,False
2513,3.647300002285192e-05,9.774599999445854e-05,6.160999987514515e-06,7.293999999546941e-06,9.04519999949116e-05,3.4550000123090285e-06,96,False
2514,4.438300001652351e-05,0.0001032170000030419,6.161000015936224e-06,7.325000012770033e-06,9.589199999027187e-05,4.161999981988629e-06,96,False
2515,3.80150000012236e-05,8.835400001316884e-05,5.660999988776894e-06,7.448999980397275e-06,8.090500003277157e-05,3.545999987863979e-06,96,False
2516,3.653899997857479e-05,8.786199998667144e-05,2.2712000003366484e-05,7.0410000034826226e-06,8.082099998318881e-05,3.2979999957660766e-06,96,False
2517,5.3629999996474e-05,9.992099998612503e-05,6.400000017947605e-06,8.37700000033692e-06,9.15439999857881e-05,4.2079999786892586e-06,96,False
2518,3.894899998613255e-05,8.846899999070956e-05,5.825000016557169e-06,7.1199999922555435e-06,8.134899999845402e-05,3.84099999450882e-06,96,False
2519,3.708999997797946e-05,8.481000000415406e-05,5.464999986770636e-06,6.684999988237905e-06,7.812500001591616e-05,3.512999995791688e-06,96,False
2520,3.6674999989827484e-05,8.625300000630887e-05,5.53899999999885e-06,6.858999995529302e-06,7.939400001077956e-05,3.6239999872123008e-06,96,False
2521,3.660299998387018e-05,8.514200001741301e-05,5.576999996037557e-06,6.821000027912305e-06,7.83209999895007e-05,3.4359999858679657e-06,96,False
2522,3.652700002021447e-05,8.551800002010168e-05,5.202000011195196e-06,7.1019999836607894e-06,7.841600003644089e-05,3.389999989167336e-06,96,False
2523,3.5588999992341996e-05,8.776999999327018e-05,7.26000001805005e-06,7.718000006207149e-06,8.005199998706303e-05,3.5740000043915643e-06,96,False
2524,3.7606000006462637e-05,8.7111999988565e-05,3.987200000210578e-05,7.014000004801346e-06,8.009799998376366e-05,3.6590000149772095e-06,96,False
2525,4.1973000008965755e-05,8.916100000533334e-05,6.920999993553778e-06,6.828000010727919e-06,8.233299999460542e-05,3.783000011026161e-06,96,False
2526,3.644899999244444e-05,8.730999999784217e-05,5.869000005986891e-06,6.995999996206592e-06,8.031400000163558e-05,3.6679999766420224e-06,96,False
2527,3.723899999386049e-05,8.67910000010852e-05,5.998999995426857e-06,6.9629999757125915e-06,7.98280000253726e-05,3.7970000050790986e-06,96,False
2528,3.645900000037727e-05,8.567699998707212e-05,6.297999988191805e-06,7.023999984312468e-06,7.865300000275965e-05,3.5900000057154102e-06,96,False
2529,3.5418999999592415e-05,0.00010826600001223596,6.863999999495718e-06,1.0871000000634012e-05,9.739500001160195e-05,4.371999978047825e-06,96,False
2530,3.9624999999432475e-05,8.903500000201348e-05,6.039999988161071e-06,7.296000006817849e-06,8.173899999519563e-05,3.650999985893577e-06,96,False
2531,3.789699999856566e-05,9.341599999856953e-05,6.128999984866823e-06,7.44299998700626e-06,8.597300001156327e-05,3.6289999911787163e-06,96,False
2532,3.660100000502098e-05,8.753599999522521e-05,6.081999998741594e-06,6.9760000087626395e-06,8.055999998646257e-05,3.452999976616411e-06,96,False
2533,3.6398999981201996e-05,8.6789000022236e-05,6.270000000085929e-06,7.333999974434846e-06,7.945500004780115e-05,3.5370000261991663e-06,96,False
2534,3.689900000836133e-05,8.655400000634472e-05,6.041999995431979e-06,7.1540000021741434e-06,7.940000000417058e-05,3.5169999819117947e-06,96,False
2535,3.637399998979163e-05,8.659599998850354e-05,5.617999988771771e-06,6.982000002153654e-06,7.961399998634988e-05,3.5110000169424893e-06,96,False
2536,0.0001521380000042427,0.00017679800001246804,1.2499999996862243e-05,1.653800001122363e-05,0.0001602600000012444,7.474999989653952e-06,96,False
2537,5.0830000020596344e-05,9.894900000517737e-05,7.617000022719367e-06,8.721000000377899e-06,9.022800000479947e-05,4.090999993877631e-06,96,False
2538,4.330400000185364e-05,9.450999999671694e-05,6.848999987596471e-06,8.163999979160508e-06,8.634600001755643e-05,4.066999991891862e-06,96,False
2539,3.902599999605627e-05,9.046099998499813e-05,6.377999994811034e-06,7.345999989638585e-06,8.311499999535954e-05,3.71599998061356e-06,96,False
2540,3.893800001719683e-05,8.981100000937658e-05,6.353000003400666e-06,7.36300000880874e-06,8.244800000056784e-05,3.6309999984496244e-06,96,False
2541,3.846800001383599e-05,0.00011624299997947674,7.395000011456432e-06,6.890999998176994e-06,0.00010935199998129974,3.585999991173594e-06,96,False
2542,4.728099997919344e-05,9.292400000049383e-05,6.637000012688077e-06,8.016000009547497e-06,8.490799999094634e-05,4.087000007757524e-06,96,False
2543,3.8498000009212774e-05,9.062000000881199e-05,6.458000001430264e-06,7.471000003533845e-06,8.314900000527814e-05,3.7199999951553764e-06,96,False
2544,3.909899999143818e-05,8.85909999794876e-05,6.150000018578794e-06,6.920999993553778e-06,8.166999998593383e-05,3.581000015628888e-06,96,False
2545,3.6867000005713635e-05,0.00010543300001586431,6.7199999875811045e-06,7.113000009439929e-06,9.832000000642438e-05,3.434000007018767e-06,96,False
2546,4.248900000902722e-05,9.160100000826787e-05,6.438000013986311e-06,7.377000002861678e-06,8.42240000054062e-05,3.7610000163113e-06,96,False
2547,3.788700001905454e-05,0.00012156799999729628,6.661000014673846e-06,6.875999986277748e-06,0.00011469200001101854,3.504999995129765e-06,96,False
2548,4.242700001100275e-05,9.186299999441871e-05,6.08600001328341e-06,7.826000000932254e-06,8.403699999348646e-05,3.6579999971309007e-06,96,False
2549,3.7985000005846814e-05,8.917099998484446e-05,5.944999998064304e-06,7.068999991588498e-06,8.210199999325596e-05,3.319000001056338e-06,96,False
2550,3.8016000019069907e-05,8.69320000163043e-05,6.216999992147976e-06,7.0990000153869914e-06,7.983300000091731e-05,3.593999991835517e-06,96,False
2551,3.738799998131981e-05,8.789299999989453e-05,6.37100001199542e-06,7.419000013442201e-06,8.047399998645233e-05,3.5229999753028096e-06,96,False
2552,3.7015000003748355e-05,8.67210000023988e-05,6.315999996786559e-06,7.4410000081570615e-06,7.927999999424173e-05,3.43099998190155e-06,96,False
2553,3.682599998455771e-05,0.00012520999999310334,7.59099998504098e-06,6.919000014704579e-06,0.00011829099997839876,3.4339999785970576e-06,96,False
2554,4.6978000000308384e-05,9.482200002253194e-05,6.399999989525895e-06,8.067999999639142e-06,8.67540000228928e-05,4.075999981978384e-06,96,False
2555,3.8883000001987966e-05,8.903899998813358e-05,6.345000002738743e-06,7.425999996257815e-06,8.161299999187577e-05,3.7480000116829615e-06,96,False
2556,3.739699999982804e-05,0.00013805899999397298,6.787000017993705e-06,6.8450000014763646e-06,0.0001312139999924966,3.0345999988412586e-05,96,False
2557,4.193399999508074e-05,9.17520000029981e-05,5.804000011266908e-06,8.107000013524157e-06,8.364499998947394e-05,3.9469999819630175e-06,96,False
2558,3.715799999781666e-05,8.86919999913971e-05,5.759000003990877e-06,7.233999980371664e-06,8.145800001102543e-05,3.4679999885156576e-06,96,False
2559,3.711100001169143e-05,8.757700001638113e-05,5.590999990090495e-06,7.12399997837565e-06,8.045300003800548e-05,3.606000007039256e-06,96,False
2560,4.113899998969828e-05,0.0009510470000009263,1.4934999995830367e-05,6.9860000166954705e-06,0.0009440609999842309,3.682999988541269e-06,96,False
2561,0.00010980299998664123,0.00017431800000622388,9.74499999983891e-06,1.618400000324982e-05,0.00015813400000297406,8.898000004364803e-06,96,False
2562,5.494800001315525e-05,0.00013160299999981362,7.911000011517899e-06,9.849000008443909e-06,0.00012175399999136971,4.585999988648837e-06,96,False
2563,5.1420999994888916e-05,0.00010704799998961789,8.261999994374492e-06,9.265000016966951e-06,9.778299997265094e-05,4.265000001169028e-06,96,False
2564,4.5984999985648756e-05,0.00010111000000279091,7.654999990336364e-06,8.716999985836082e-06,9.239300001695483e-05,4.082000003791109e-06,96,False
2565,4.4559999992088706e-05,9.99469999953817e-05,7.924999977149128e-06,8.323000002974368e-06,9.162399999240733e-05,3.668000005063732e-06,96,False
2566,4.319699999655313e-05,9.845200000313525e-05,2.2279999996044353e-05,8.265999980494598e-06,9.018600002264066e-05,3.67000001233464e-06,96,False
2567,5.947899998659523e-05,0.00027281699999548437,9.60899998858622e-06,1.9337999987101284e-05,0.0002534790000083831,6.695999985595336e-06,96,False
2568,5.446299999789517e-05,0.00018741600001703773,1.2940000004846297e-05,2.3118000001431938e-05,0.0001642980000156058,1.020100000914681e-05,96,False
2569,6.55890000018644e-05,0.00010427699999127071,7.116999995560036e-06,9.887000004482616e-06,9.43899999867881e-05,4.359000001841196e-06,96,False
2570,4.390899999862086e-05,9.457800001655414e-05,6.270999989510528e-06,8.233000016844016e-06,8.634499999971013e-05,3.705000011677839e-06,96,False
2571,4.086500001676541e-05,9.405499997683364e-05,7.312000008141695e-06,8.245000003626046e-06,8.58099999732076e-05,3.739000021596439e-06,96,False
2572,3.989399999682064e-05,0.00012918099997705212,7.51100000684346e-06,7.874000004903792e-06,0.00012130699997214833,3.6579999971309007e-06,96,False
2573,4.739100000961116e-05,9.681000000227868e-05,6.9499999995059625e-06,8.38999997654355e-06,8.842000002573513e-05,4.315000012411474e-06,96,False
2574,4.478600001789346e-05,9.439699999802542e-05,7.2189999968941265e-06,7.811000017454717e-06,8.65859999805707e-05,3.808000002436529e-06,96,False
2575,3.941499997495157e-05,9.208799997395545e-05,6.025000004683534e-06,7.965999998305051e-06,8.41219999756504e-05,4.075999981978384e-06,96,False
2576,3.8564000021779066e-05,8.782599999790364e-05,5.565000009255527e-06,7.328000009465541e-06,8.04979999884381e-05,3.591000023561719e-06,96,False
2577,3.735000001370281e-05,8.878200000594916e-05,5.950999991455319e-06,7.350999993605001e-06,8.143100001234416e-05,3.478999985873088e-06,96,False
2578,3.8222000000587286e-05,0.00013561200000822282,6.25799998488219e-06,1.1903000000756947e-05,0.00012370900000746587,4.808999989336371e-06,96,False
2579,4.316499999390544e-05,0.00025888299998655384,9.509999983947637e-06,1.8503999996255516e-05,0.00024037899999029833,6.299999995462713e-06,96,False
2580,4.9189999998588974e-05,0.00033914100001197767,9.77999999918211e-06,0.00014518100002192114,0.00019395999999005653,8.764000000383021e-06,96,False
2581,8.508499999493324e-05,0.0001052229999913834,7.655000018758074e-06,9.287999972684702e-06,9.59350000186987e-05,5.0239999893619824e-06,96,False
2582,4.14980000016385e-05,9.324699999524455e-05,7.0229999948878685e-06,8.019000006243004e-06,8.522799998900155e-05,3.923000008398958e-06,96,False
2583,4.028999998695326e-05,0.00012262100000270948,7.293999999546941e-06,7.97800001350879e-06,0.00011464299998920069,4.105000016352278e-06,96,False
2584,4.503100001329585e-05,9.521999999151376e-05,6.536000000778586e-06,8.163999979160508e-06,8.705600001235325e-05,4.263999983322719e-06,96,False
2585,3.899600000067949e-05,9.142600001155188e-05,6.703000025254369e-06,7.67099999166021e-06,8.375500001989167e-05,3.3990000076755678e-06,96,False
2586,3.8418000002593544e-05,8.882200000925877e-05,6.300999984887312e-06,7.062000008772884e-06,8.176000000048589e-05,3.5820000050534873e-06,96,False
2587,3.763699999126402e-05,8.897800000795542e-05,6.7379999961758585e-06,7.080999978370528e-06,8.189700002958489e-05,3.888000009055759e-06,96,False
2588,4.202799999575291e-05,8.977299998491617e-05,6.36099997564088e-06,7.785999997622639e-06,8.198699998729353e-05,3.860999981952773e-06,96,False
2589,3.701700001101926e-05,0.00017000799999777882,7.791999991013654e-06,7.312000008141695e-06,0.00016269599998963713,3.2730000043557084e-06,96,False
2590,4.7169999987772826e-05,9.72720000049776e-05,6.4589999908548634e-06,8.215999997673862e-06,8.905600000730374e-05,4.402000001846318e-06,96,False
2591,3.894399998216613e-05,8.866499999271582e-05,6.229000007351715e-06,7.335000020702864e-06,8.132999997201296e-05,3.8109999991320365e-06,96,False
2592,3.739999999652355e-05,8.874399998148874e-05,6.363000011333497e-06,7.3889999896437075e-06,8.135499999184503e-05,3.4370000037142745e-06,96,False
2593,3.8076999999248073e-05,8.79170000018803e-05,6.186999996771192e-06,7.248000002846311e-06,8.066899999903399e-05,3.163000002359695e-06,96,False
2594,3.7082999995163846e-05,8.687499999382453e-05,5.979000007982904e-06,6.883999986939671e-06,7.999100000688486e-05,3.395000021555461e-06,96,False
2595,3.69979999845782e-05,0.00012930400001209819,4.804299999250361e-05,1.184299998158167e-05,0.00011746100003051652,4.386000000522472e-06,96,False
2596,4.7887000022228676e-05,9.809100001234583e-05,6.994999978360283e-06,8.277000006273738e-06,8.981400000607209e-05,4.168000003801353e-06,96,False
2597,3.919400000995665e-05,9.168300002215801e-05,6.301000013309022e-06,7.630999988350595e-06,8.405200003380742e-05,3.864999996494589e-06,96,False
2598,3.858000002310291e-05,8.847999998806699e-05,6.538000008049494e-06,7.017000001496854e-06,8.146299998657014e-05,3.644000003077963e-06,96,False
2599,3.7789000003840556e-05,8.735900001966002e-05,6.071000001384164e-06,7.247000013421712e-06,8.01120000062383e-05,3.428000013627752e-06,96,False
2600,3.702200001498568e-05,0.000179145000004155,8.35500000562206e-06,1.694899998483379e-05,0.00016219600001932122,6.184999989500284e-06,96,False
2601,5.089399999747002e-05,0.00011558400001376867,6.579000000783708e-06,8.595999986482639e-06,0.00010698800002728603,4.783999997926003e-06,96,False
2602,4.248300001563621e-05,9.592000000679946e-05,6.807999994862257e-06,8.277999995698337e-06,8.764200001110112e-05,3.660000004401809e-06,96,False
2603,3.927800000269599e-05,8.994099999881655e-05,6.421999984240756e-06,7.425000006833216e-06,8.251599999198334e-05,3.5249999825737177e-06,96,False
2604,3.7733999988631695e-05,0.00012458500000889217,7.094000011420576e-06,1.2409000021307293e-05,0.00011217599998758487,4.826000008506526e-06,96,False
2605,4.102200000488665e-05,9.148600000230545e-05,6.46200001597208e-06,7.486999976435982e-06,8.399900002586946e-05,3.6770000235719635e-06,96,False
2606,6.0060999999222986e-05,0.00010093599999549951,6.869999992886733e-06,9.89399998729823e-06,9.104200000820128e-05,4.128000000491738e-06,96,False
2607,4.0410999986306706e-05,9.208500000568165e-05,6.305999988853728e-06,7.825000011507655e-06,8.4259999994174e-05,3.6949999753232987e-06,96,False
2608,9.900200001311532e-05,0.00010341099999777725,7.565000004206013e-06,1.0494000008520743e-05,9.291699998925651e-05,4.443999984005131e-06,96,False
2609,4.091899998570625e-05,9.114899998508008e-05,6.240999994133745e-06,7.50000000948603e-06,8.364899997559405e-05,3.557000013643119e-06,96,False
2610,4.288899998527995e-05,0.0001213620000157789,7.224999990285141e-06,7.293999999546941e-06,0.00011406800001623196,3.4179999772732117e-06,96,False
2611,5.0157000003991925e-05,0.00010446400000319045,6.9980000034775e-06,9.965999993255537e-06,9.449800000993491e-05,4.726999975446233e-06,96,False
2612,4.250699998920027e-05,9.318299998994917e-05,6.639000019958985e-06,7.92200000887533e-06,8.526099998107384e-05,3.6410000063824555e-06,96,False
2613,3.9213999997400606e-05,8.919699999410113e-05,6.536999990203185e-06,7.492000008824107e-06,8.170499998527703e-05,3.4599999878537346e-06,96,False
2614,3.732999999783715e-05,8.778900001971124e-05,6.133999988833239e-06,7.28300000218951e-06,8.050600001752173e-05,3.3459999997376144e-06,96,False
2615,3.74520000150369e-05,8.780499999261338e-05,6.151999997427993e-06,7.641999985708026e-06,8.016300000690535e-05,3.652999993164485e-06,96,False
2616,3.7471000013056255e-05,0.00012208999999074877,9.344000005739872e-06,7.081999996216837e-06,0.00011500799999453193,3.56799998257884e-06,96,False
2617,8.61240000062935e-05,0.0001024770000128683,8.162000000311309e-06,9.239999997134873e-06,9.323700001573343e-05,4.4720000005327165e-06,96,False
2618,4.047499999160209e-05,9.110799999234587e-05,6.6100000140068005e-06,7.448999980397275e-06,8.365900001194859e-05,3.4630000129709515e-06,96,False
2619,3.7880000007817216e-05,9.017599998628612e-05,6.454000015310157e-06,7.003000007443916e-06,8.31729999788422e-05,3.6659999977928237e-06,96,False
2620,3.77009999965594e-05,8.852999999930944e-05,6.390000010014774e-06,6.9600000074387935e-06,8.156999999187065e-05,3.331999977262967e-06,96,False
2621,3.784500000847402e-05,8.681599999249556e-05,6.417999998120649e-06,6.836000011389842e-06,7.997999998110572e-05,3.3520000215503387e-06,96,False
2622,3.755500000579559e-05,0.00011117900001522685,7.393999993610123e-06,7.5039999956061365e-06,0.00010367500001962071,3.5399999944729643e-06,96,False
2623,4.877000000647058e-05,0.00010675499999024396,6.6489999994701066e-06,8.329999985789982e-06,9.842500000445398e-05,3.9020000031086965e-06,96,False
2624,3.933200000005854e-05,9.004800000411706e-05,6.2629999888486054e-06,7.77400001084061e-06,8.227399999327645e-05,3.278000008322124e-06,96,False
2625,3.785199999128963e-05,8.945700000140278e-05,6.116999998084793e-06,7.330999977739339e-06,8.212600002366344e-05,3.375000005689799e-06,96,False
2626,3.705899999317808e-05,8.73569999839674e-05,5.98399998352761e-06,7.398000008151939e-06,7.995899997581546e-05,3.2840000017131388e-06,96,False
2627,3.6424000001034074e-05,8.592600002543804e-05,6.362000021908898e-06,6.829000000152519e-06,7.909700002528552e-05,3.502999987858857e-06,96,False
2628,3.60829999976886e-05,0.00010285900000894799,7.304999996904371e-06,7.0100000186812395e-06,9.584899999026675e-05,3.3279999911428604e-06,96,False
2629,5.018900000663962e-05,9.277899999915462e-05,6.3119999822447426e-06,8.022000002938512e-06,8.475699999621611e-05,4.047000004447909e-06,96,False
2630,3.8291000009849085e-05,8.845100001053652e-05,6.274000014627745e-06,7.428999992953322e-06,8.10220000175832e-05,3.4839999898395035e-06,96,False
2631,4.147799998577284e-05,8.849699997881544e-05,6.720000016002814e-06,7.592000002887289e-06,8.090499997592815e-05,3.6739999984547467e-06,96,False
2632,3.818700000124409e-05,8.855999999468622e-05,6.358999996791681e-06,7.507000020723353e-06,8.105299997396287e-05,3.4690000063619664e-06,96,False
2633,3.8826999997354505e-05,8.727200000180346e-05,6.170999995447346e-06,7.138999990274897e-06,8.013300001152857e-05,3.4669999990910583e-06,96,False
2634,4.047400000217749e-05,8.719000001633503e-05,2.1978999996008497e-05,7.481000011466676e-06,7.970900000486836e-05,4.0150000018002174e-06,96,False
2635,5.430000001638291e-05,9.382199999663499e-05,6.141000000070562e-06,8.316000020158754e-06,8.550599997647623e-05,4.123000024947032e-06,96,False
2636,3.807000001643246e-05,8.88659999986885e-05,6.4320000205952965e-06,7.230999983676156e-06,8.163500001501234e-05,3.7960000156544993e-06,96,False
2637,3.7676000005149035e-05,8.711999998922693e-05,6.0300000086499495e-06,7.121000010101852e-06,7.999899997912507e-05,3.7060000011024385e-06,96,False
2638,3.642999999442509e-05,0.00017744699999866498,8.338999975876504e-06,1.2768999994250407e-05,0.00016467800000441457,5.582999989428572e-06,96,False
2639,4.8802000009118274e-05,0.00010043300000006639,5.9590000205389515e-06,9.092999988524753e-06,9.134000001154163e-05,4.31900002695329e-06,96,False
2640,3.859100002046034e-05,8.896299999605617e-05,6.024000015258935e-06,7.2690000081365724e-06,8.16939999879196e-05,3.4169999878486124e-06,96,False
2641,3.885799998215589e-05,8.827499999597421e-05,6.2230000139607e-06,7.1980000200255745e-06,8.107699997594864e-05,3.6250000050586095e-06,96,False
2642,4.002900001864873e-05,8.961500000737033e-05,6.239000015284546e-06,7.410000023355678e-06,8.220499998401465e-05,3.4429999971052894e-06,96,False
2643,3.6743000009664684e-05,8.7954999997919e-05,6.323000008023882e-06,7.30699997575357e-06,8.064800002216543e-05,3.2510000096408476e-06,96,False
2644,6.295500000419452e-05,9.742900002152055e-05,6.904999992229932e-06,9.142000010342599e-06,8.828700001117795e-05,4.1349999833073525e-06,96,False
2645,4.2247000010320335e-05,8.939100001725819e-05,5.952999998726227e-06,7.714000020087042e-06,8.167699999717115e-05,3.7849999898753595e-06,96,False
2646,3.76630000005207e-05,8.723800002030657e-05,5.930000014586767e-06,7.006000004139423e-06,8.023200001616715e-05,3.53300001165735e-06,96,False
2647,3.818700000124409e-05,0.00010097500000938453,6.216999992147976e-06,8.027000006904927e-06,9.29480000024796e-05,3.4249999885105353e-06,96,False
2648,3.75570000130665e-05,8.733999999321895e-05,6.65600001070743e-06,7.233999980371664e-06,8.010600001284729e-05,3.2330000010460935e-06,96,False
2649,3.6650999987841715e-05,8.66540000004079e-05,5.8389999821883976e-06,7.398999997576539e-06,7.925500000283137e-05,3.258000020878171e-06,96,False
2650,5.949999999188549e-05,9.80119999951512e-05,6.600999995498569e-06,1.0388999982069436e-05,8.762300001308176e-05,4.108000013047786e-06,96,False
2651,3.922099998021622e-05,8.889099999009886e-05,6.286000001409775e-06,7.4540000127854e-06,8.143699997731346e-05,3.4109999944575975e-06,96,False
2652,3.698300000110066e-05,8.705600001235325e-05,6.012999989479795e-06,7.102000012082499e-06,7.995400000027075e-05,3.444000014951598e-06,96,False
2653,3.721299998460381e-05,8.696400001895199e-05,6.265999985544113e-06,6.858000006104703e-06,8.010600001284729e-05,3.848000005746144e-06,96,False
2654,3.661000002352921e-05,8.687100000770442e-05,6.046000009973795e-06,7.51100000684346e-06,7.936000000086096e-05,3.2890000056795543e-06,96,False
2655,3.653400000303009e-05,8.690300001035212e-05,6.2389999868628365e-06,7.0990000153869914e-06,7.980399999496512e-05,3.1840000076499564e-06,96,False
2656,3.642099997591686e-05,0.00010575000001722401,6.64500001335e-06,1.0151999987328963e-05,9.559800002989505e-05,4.369000009774027e-06,96,False
2657,3.9681000004065936e-05,8.936999998354622e-05,6.217999981572575e-06,7.656999997607272e-06,8.171299998593895e-05,3.6819999991166696e-06,96,False
2658,3.77029999754086e-05,8.660099999246995e-05,5.853000004663045e-06,7.108999994898113e-06,7.949199999757184e-05,3.5989999958019325e-06,96,False
2659,4.337999999393105e-05,8.667000000173175e-05,6.186999996771192e-06,7.225000018706851e-06,7.94449999830249e-05,3.43099998190155e-06,96,False
2660,3.669899999181325e-05,8.632699999111537e-05,6.6730000014558755e-06,6.938999973726823e-06,7.938800001738855e-05,3.4759999891775806e-06,96,False
2661,3.7654999999858774e-05,8.6476999996421e-05,6.174999981567453e-06,7.133999986308481e-06,7.934300001011252e-05,3.545999987863979e-06,96,False
2662,3.7013999985902046e-05,0.00012852199998292235,6.487999996807048e-06,1.1712999992141704e-05,0.00011680899999078065,4.589000013766054e-06,96,False
2663,4.092899999363908e-05,9.008399999288486e-05,5.950999991455319e-06,7.700999987036994e-06,8.238300000584786e-05,3.769000016973223e-06,96,False
2664,3.72799999865947e-05,8.852800002046024e-05,4.250399999250476e-05,7.2429999988798954e-06,8.128500002158034e-05,3.375999995114398e-06,96,False
2665,4.189099999507562e-05,9.047200001077726e-05,6.946000013385856e-06,7.288999995580525e-06,8.318300001519674e-05,3.5079999918252724e-06,96,False
2666,3.851200000326571e-05,8.697800001300493e-05,6.420999994816157e-06,7.126000014068268e-06,7.985199999893666e-05,3.363999979910659e-06,96,False
2667,3.688299997861577e-05,8.706799999913528e-05,6.435000017290804e-06,7.024000012734177e-06,8.00439999864011e-05,3.5140000136379967e-06,96,False
2668,3.710300001102951e-05,0.00010153400000945112,6.601000023920278e-06,9.889999972756414e-06,9.16440000366947e-05,4.157000006443923e-06,96,False
2669,3.919400000995665e-05,8.850000000393266e-05,6.2049999769442366e-06,7.413999981054076e-06,8.108600002287858e-05,3.555000006372211e-06,96,False
2670,3.770500001110122e-05,8.888100001058774e-05,6.37100001199542e-06,7.087999989607852e-06,8.179300002097989e-05,3.5400000228946737e-06,96,False
2671,3.8359999990689175e-05,9.978200000659854e-05,6.068000004688656e-06,7.3420000035184785e-06,9.244000000308006e-05,3.552999999101303e-06,96,False
2672,5.673199999023382e-05,9.644200000025194e-05,6.240000004709145e-06,9.627999986605573e-06,8.681400001364636e-05,4.337999996550934e-06,96,False
2673,3.8529999983438756e-05,9.552699998494063e-05,6.259000002728499e-06,7.559000010814998e-06,8.796799997412563e-05,3.7989999839282973e-06,96,False
2674,6.623600000921215e-05,9.674900002210052e-05,6.342000006043236e-06,8.746999981212866e-06,8.800200004088765e-05,4.136999990578261e-06,96,False
2675,3.865300001848482e-05,8.985700000607721e-05,6.24599999810016e-06,7.64800000752075e-06,8.220899999855646e-05,3.349999985857721e-06,96,False
2676,3.7139999989221906e-05,8.956499999612788e-05,6.229000007351715e-06,7.339000006822971e-06,8.222599998930491e-05,3.4429999971052894e-06,96,False
2677,3.686000002289802e-05,8.578899999633904e-05,6.122000002051209e-06,7.165999988956173e-06,7.862300000738287e-05,3.504999995129765e-06,96,False
2678,3.686200000174722e-05,8.691899998325425e-05,5.6480000125702645e-06,6.932000019332918e-06,7.998699996392133e-05,3.6699999839129305e-06,96,False
2679,3.6456999993106365e-05,8.548200000291217e-05,5.407000003287976e-06,6.791000004113812e-06,7.869099999879836e-05,3.4089999871866894e-06,96,False
2680,0.0005246039999917684,0.0002534580000030928,1.640199999997094e-05,2.6359000003139954e-05,0.00022709899999995287,1.1110000002645393e-05,96,False
2681,8.357000001524284e-05,0.00013411100002258536,9.282999997139996e-06,1.3953000006949878e-05,0.00012015800001563548,6.060000004026733e-06,96,False
2682,5.020599999738806e-05,0.00010446600001046136,8.170000000973232e-06,9.116999990510521e-06,9.534900001995084e-05,4.031000003124063e-06,96,False
2683,4.6499999996285624e-05,9.973900000659341e-05,7.167999996227081e-06,7.788999994318146e-06,9.195000001227527e-05,3.81800001036936e-06,96,False
2684,4.302800002164986e-05,9.627599999362246e-05,7.4879999942822906e-06,7.8420000022561e-06,8.843399999136636e-05,3.749000001107561e-06,96,False
2685,4.193300000565614e-05,9.423000000197135e-05,6.991999981664776e-06,7.455000002209999e-06,8.677499999976135e-05,3.496999994467842e-06,96,False
2686,4.020899999090943e-05,0.00029689999999504835,1.4056999987133167e-05,2.8777000011359632e-05,0.0002681229999836887,9.911999995892984e-06,96,False
2687,7.640799998398506e-05,0.000142351000022245,9.148999993158213e-06,1.277699999491233e-05,0.00012957400002733266,5.074000000604428e-06,96,False
2688,7.330299999352974e-05,0.0001179549999790197,7.913000018788807e-06,1.0800000012523014e-05,0.00010715499996649669,4.622000005838345e-06,96,False
2689,5.05019999934575e-05,0.00011055599998144316,7.771999975147992e-06,9.572999999818421e-06,0.00010098299998162474,4.324000002497996e-06,96,False
2690,4.961700000194469e-05,0.0001068069999803356,7.277999998223095e-06,8.661000009624331e-06,9.814599997071127e-05,3.7060000011024385e-06,96,False
2691,4.671899998243134e-05,0.00010378299998592411,7.0730000061303144e-06,8.449000006294227e-06,9.533399997962988e-05,3.945000003113819e-06,96,False
2692,4.5905999996875835e-05,0.00010093899999219502,7.048000014719946e-06,8.489000009603842e-06,9.244999998259118e-05,3.684999995812177e-06,96,False
2693,4.570499999090316e-05,0.00010180300000683928,3.179999998792482e-05,8.703000020204854e-06,9.309999998663443e-05,3.856000006408067e-06,96,False
2694,6.152100002054794e-05,0.00010734099998899183,8.133000022780834e-06,9.239999997134873e-06,9.810099999185695e-05,4.389999986642579e-06,96,False
2695,4.375500000719512e-05,9.91010000177539e-05,7.644000021400643e-06,8.406000006289105e-06,9.06950000114648e-05,3.985000006423434e-06,96,False
2696,4.172899997456625e-05,9.592200001407036e-05,7.103000001507098e-06,7.834000001594177e-06,8.808800001247619e-05,3.7629999951604987e-06,96,False
2697,4.07920000213835e-05,9.575199999289907e-05,6.666000018640261e-06,8.112000017490573e-06,8.76399999754085e-05,3.7909999832663743e-06,96,False
2698,4.039700002067548e-05,9.424300000659969e-05,5.993999991460441e-06,7.874999994328391e-06,8.63680000122713e-05,3.741000000445638e-06,96,False
2699,3.95999999796004e-05,9.021800002528835e-05,7.336999999552063e-06,7.429000021375032e-06,8.278900000391332e-05,3.6490000070443784e-06,96,False
2700,5.500599999663791e-05,9.718400002611816e-05,5.918000027804737e-06,8.363999995708582e-06,8.882000003040957e-05,4.175000015038677e-06,96,False
2701,4.0070999972385835e-05,9.45319999914318e-05,5.926000000044951e-06,8.46899999373818e-06,8.606299999769362e-05,3.868999982614696e-06,96,False
2702,3.864200002112739e-05,9.036200000878125e-05,5.770999990772907e-06,7.213999992927711e-06,8.314800001585354e-05,3.811999988556636e-06,96,False
2703,3.845899999532776e-05,8.905199999276192e-05,5.561000023135421e-06,7.128000021339176e-06,8.192399997142275e-05,3.723999981275483e-06,96,False
2704,3.833499999927881e-05,8.881100001190134e-05,5.602000015869635e-06,7.510000017418861e-06,8.130099999448248e-05,3.4539999944627198e-06,96,False
2705,3.674500001693559e-05,0.00012978099999827464,6.047999988822994e-06,1.1680000000069413e-05,0.00011810099999820522,4.414000017050057e-06,96,False
2706,5.941000000575514e-05,9.381899999993948e-05,6.10999998684747e-06,7.94400000359019e-06,8.587499999634929e-05,3.775999999788837e-06,96,False
2707,3.908700000465615e-05,9.125200000426048e-05,6.089000009978918e-06,7.662000001573688e-06,8.359000000268679e-05,3.5380000156237656e-06,96,False
2708,3.8224000007858194e-05,0.0001223099999947408,9.792999975388739e-06,7.336999999552063e-06,0.00011497299999518873,3.6229999977877014e-06,96,False
2709,6.005399998798566e-05,0.00014676999998641804,8.277999995698337e-06,9.273000017628874e-06,0.00013749699996878917,5.466000004616944e-06,96,False
2710,6.17190000014034e-05,0.00010831499997721039,7.673999988355718e-06,9.450999982618669e-06,9.886399999459172e-05,4.692999993949343e-06,96,False
2711,4.270800002359465e-05,9.756000000038512e-05,7.673000027352828e-06,7.90999999367159e-06,8.965000000671353e-05,3.859999992528174e-06,96,False
2712,4.0786999988995376e-05,9.219900002221948e-05,6.114999990813885e-06,7.918999983758113e-06,8.428000003846137e-05,3.676999995150254e-06,96,False
2713,3.879000001916211e-05,9.096700000554847e-05,5.910999988145704e-06,7.343999982367677e-06,8.36230000231808e-05,3.4509999977672123e-06,96,False
2714,3.91750000119373e-05,8.93619999828843e-05,5.555999990747296e-06,7.922999998299929e-06,8.143899998458437e-05,3.3000000030369847e-06,96,False
2715,3.721600000972103e-05,8.813599998802601e-05,5.417000011220807e-06,6.939000002148532e-06,8.119699998587748e-05,3.3700000017233833e-06,96,False
2716,4.280000001699591e-05,0.00013250699998934579,8.057000002281711e-06,1.4389000000392116e-05,0.00011811799998895367,6.009000003359688e-06,96,False
2717,4.71230000016476e-05,9.610399999360197e-05,6.401999996796803e-06,8.382000004303336e-06,8.772199998929864e-05,3.941999977996602e-06,96,False
2718,4.008499999486048e-05,9.233200000835495e-05,6.000999974276056e-06,7.646000000249842e-06,8.468600000810511e-05,3.6459999819271616e-06,96,False
2719,3.9581000010002754e-05,9.020100000611819e-05,5.973000014591889e-06,7.4570000094809075e-06,8.274399999663729e-05,3.9729999912196945e-06,96,False
2720,3.8474000007227005e-05,8.849000002442153e-05,5.831999999372783e-06,6.839999997509949e-06,8.165000002691158e-05,3.7820000216015615e-06,96,False
2721,3.7563999995882114e-05,8.789200001046993e-05,5.985999990798518e-06,7.132999996883882e-06,8.075900001358605e-05,3.573000014966965e-06,96,False
2722,3.810399999792935e-05,8.751599997935955e-05,5.688000015879879e-06,7.2870000167313265e-06,8.022899996262822e-05,3.4429999971052894e-06,96,False
2723,3.690500000175234e-05,8.696300000110568e-05,5.802999993420599e-06,6.829000000152519e-06,8.013400000095316e-05,3.5860000195953035e-06,96,False
2724,3.689499999381951e-05,8.861599999931968e-05,5.777000012585631e-06,7.470000014109246e-06,8.114599998521044e-05,3.3980000182509684e-06,96,False
2725,3.736600001502666e-05,8.724500000312219e-05,5.56200001256002e-06,7.0859999823369435e-06,8.015900002078524e-05,3.4970000228895515e-06,96,False
2726,3.691000000571876e-05,8.682000000703738e-05,5.296999972870253e-06,7.05599998696016e-06,7.976400002007722e-05,3.2190000069931557e-06,96,False
2727,3.7504000005128546e-05,8.723499999518936e-05,5.388000005268623e-06,6.828000010727919e-06,8.040699998446144e-05,3.5569999852214096e-06,96,False
2728,3.6388000012266275e-05,0.00013259100001050683,6.307999996124636e-06,2.990900000554575e-05,0.00010268200000496108,5.677000018522449e-06,96,False
2729,4.2111999988492244e-05,9.04169999955684e-05,5.7499999854826456e-06,7.868000011512777e-06,8.254899998405563e-05,3.71599998061356e-06,96,False
2730,4.097200002206591e-05,8.836999998607098e-05,6.892999977026193e-06,7.0229999948878685e-06,8.134699999118311e-05,3.512999995791688e-06,96,False
2731,3.704099998458332e-05,8.882100001983417e-05,5.686999998033571e-06,7.361000001537832e-06,8.146000001829634e-05,3.494999987196934e-06,96,False
2732,3.686200000174722e-05,8.733100000313243e-05,5.5490000079316815e-06,7.139000018696606e-06,8.019199998443582e-05,3.4759999891775806e-06,96,False
2733,4.8504999995202525e-05,8.748999999852458e-05,5.8729999921069975e-06,6.893000005447902e-06,8.059699999307668e-05,3.185999986499155e-06,96,False
2734,3.715700000839206e-05,0.00025783600000295337,1.429299999244904e-05,4.369100000189974e-05,0.00021414500000105363,1.215000000343025e-05,96,False
2735,6.849300001476877e-05,0.00011073500002112269,7.4750000180756615e-06,1.0172000003194626e-05,0.00010056300001792806,4.622999995262944e-06,96,False
2736,4.729400001224349e-05,0.0002196559999845249,8.113999996339771e-06,7.815999992999423e-06,0.00021183999999152547,3.941000016993712e-06,96,False
2737,5.286600000431463e-05,0.00015722399999162917,1.0586000001922002e-05,1.6131999984736467e-05,0.0001410920000068927,6.385000006048358e-06,96,False
2738,8.905900000399924e-05,0.00011434000001031563,9.943000009116076e-06,1.0120000013102981e-05,0.00010421999999721265,5.485000002636298e-06,96,False
2739,4.725400000893387e-05,9.947399999532536e-05,7.971999991696066e-06,7.89899999631416e-06,9.15749999990112e-05,3.9809999918816175e-06,96,False
2740,4.313799999522416e-05,9.511100000736405e-05,4.831499998658728e-05,7.766999999603286e-06,8.734400000776077e-05,4.065000013042663e-06,96,False
2741,4.517800002190597e-05,9.566899998958434e-05,7.40899997708766e-06,8.064000013519035e-06,8.76049999760653e-05,3.971000012370496e-06,96,False
2742,3.977000000077169e-05,9.170600000629747e-05,7.223000011435943e-06,7.64799997909904e-06,8.405800002719843e-05,3.482000010990305e-06,96,False
2743,6.971700000235614e-05,0.00010302900000169757,7.929999981115543e-06,1.0217999999895255e-05,9.281100000180231e-05,4.341999982671041e-06,96,False
2744,4.63140000022122e-05,9.587099998498161e-05,7.4069999982384616e-06,7.834000001594177e-06,8.803699998338743e-05,4.113000017014201e-06,96,False
2745,3.9726000011341966e-05,9.15749999990112e-05,7.419000013442201e-06,7.839000005560592e-06,8.37359999934506e-05,3.8040000163164223e-06,96,False
2746,3.916700001127538e-05,9.043899999028326e-05,1.0174999999890133e-05,7.111000002169021e-06,8.332799998811424e-05,3.652999993164485e-06,96,False
2747,7.467000000360713e-05,0.00010991100000978804,8.037000014837758e-06,9.919000007130307e-06,9.999200000265773e-05,5.340999990721684e-06,96,False
2748,4.266199999847231e-05,0.00015401499999256885,9.605000002466113e-06,1.4825999983258953e-05,0.0001391890000093099,5.529000020487729e-06,96,False
2749,4.92709999946328e-05,9.788399998456043e-05,7.333000013431956e-06,8.187999981146277e-06,8.969600000341416e-05,4.074999992553785e-06,96,False
2750,4.140000001484623e-05,9.396199999400778e-05,7.00999999025953e-06,7.76199999563687e-06,8.619999999837091e-05,3.9829999991525256e-06,96,False
2751,3.991900001665272e-05,0.00010796800000889561,7.028999988278883e-06,7.474999989653952e-06,0.00010049300001924166,3.816000003098452e-06,96,False
2752,3.971300000671363e-05,9.050200000615405e-05,6.811000019979474e-06,7.073999995554914e-06,8.342800001059913e-05,3.6010000030728406e-06,96,False
2753,3.9968999999473453e-05,0.00011225700001205041,7.444999994277168e-06,6.9299999836403e-06,0.00010532700002841011,3.552999999101303e-06,96,False
2754,5.0634000018590086e-05,9.661699999696793e-05,6.830000017998827e-06,8.405000016864506e-06,8.821199998010343e-05,4.195999991907229e-06,96,False
2755,3.9087999994080747e-05,9.100999997713188e-05,6.461999987550371e-06,7.83000001547407e-06,8.317999996165781e-05,3.5010000090096582e-06,96,False
2756,3.7583000022323176e-05,9.0095000018664e-05,6.517000002759232e-06,7.624000005534981e-06,8.247100001312901e-05,3.577999990511671e-06,96,False
2757,3.8291000009849085e-05,8.945799999082737e-05,6.7299999955139356e-06,7.333000013431956e-06,8.212499997739542e-05,3.4269999957814434e-06,96,False
2758,7.836699998620134e-05,0.00010973099998068392,9.105000003728492e-06,9.868000006463262e-06,9.986299997422066e-05,5.318000006582224e-06,96,False
2759,4.274699998063625e-05,0.00016592599999398772,1.295999999229025e-05,1.7556000017293627e-05,0.0001483699999766941,8.734000005006237e-06,96,False
2760,6.102599999735503e-05,9.982299999933275e-05,7.32899999889014e-06,9.365000011030133e-06,9.045799998830262e-05,4.074000003129186e-06,96,False
2761,4.138899998906709e-05,9.264600001301915e-05,2.5926000006393224e-05,7.86500001481727e-06,8.478099999820188e-05,3.70400002225324e-06,96,False
2762,0.00010327399999709996,0.0001115169999934551,8.546000003661902e-06,1.0487999986708019e-05,0.00010102900000674708,5.746999988787138e-06,96,False
2763,4.30469999912475e-05,9.600300001011419e-05,6.9239999902492855e-06,8.292999979175875e-06,8.771000003093832e-05,4.003999976021078e-06,96,False
2764,3.974200001266581e-05,9.556200001270554e-05,6.607000017311293e-06,9.000999995123493e-06,8.656100001758205e-05,3.851999991866251e-06,96,False
2765,3.889100000264989e-05,9.076300000288029e-05,7.21500001077402e-06,7.814000014150224e-06,8.294899998873007e-05,3.93199999848548e-06,96,False
2766,3.9111000006641916e-05,8.911899999475281e-05,6.6730000014558755e-06,7.365000016079648e-06,8.175399997867316e-05,3.4899999832305184e-06,96,False
2767,3.860300000724237e-05,0.00012192399998411929,7.40900000550937e-06,6.877999993548656e-06,0.00011504599999057064,3.7800000143306534e-06,96,False
2768,4.5312999986890645e-05,9.475799998881484e-05,6.493000000773463e-06,7.975999977816173e-06,8.678200001099867e-05,4.192999995211721e-06,96,False
2769,3.993100000343475e-05,9.320399999523943e-05,6.567000014001678e-06,7.337999988976662e-06,8.586600000626277e-05,3.6510000143152865e-06,96,False
2770,3.816899999264933e-05,9.042199999953482e-05,5.98300002252472e-06,7.4779999863494595e-06,8.294400001318536e-05,3.7279999958172994e-06,96,False
2771,5.375699998921846e-05,0.00011486299999319272,9.459999972705191e-06,7.308999983024478e-06,0.00010755400001016824,3.869000011036405e-06,96,False
2772,5.6562999986908835e-05,0.00011022800001114774,7.505000013452445e-06,9.029000011651078e-06,0.00010119899999949666,5.369000007249269e-06,96,False
2773,8.765199999061224e-05,0.0002600219999919773,8.736000012277145e-06,1.1892000003399517e-05,0.00024812999998857777,5.635999997366525e-06,96,False
2774,4.952199998342621e-05,0.00010002800001984724,6.971999994220823e-06,9.113000004390415e-06,9.091500001545683e-05,4.38800000779338e-06,96,False
2775,4.215200002022357e-05,9.103700000423487e-05,6.619000004093323e-06,8.033999989720542e-06,8.300300001451433e-05,3.638000009686948e-06,96,False
2776,3.8520000003927635e-05,8.894499998746142e-05,6.460000008701172e-06,7.278999987647694e-06,8.166599999981372e-05,3.830999986575989e-06,96,False
2777,3.821499998934996e-05,0.0001426400000070771,9.350999988555486e-06,7.435000014766047e-06,0.00013520499999231106,3.7400000110210385e-06,96,False
2778,5.072400000472044e-05,9.828399998923487e-05,6.855999998833795e-06,8.940000014945326e-06,8.934399997428955e-05,4.4900000091274705e-06,96,False
2779,4.031500000678534e-05,9.316400002035152e-05,6.651000006741015e-06,7.780000004231624e-06,8.53840000161199e-05,3.828000018302191e-06,96,False
2780,3.9510999982894646e-05,9.251899999185298e-05,6.607000017311293e-06,7.768000017449594e-06,8.475099997440338e-05,3.794000008383591e-06,96,False
2781,3.909599999474267e-05,0.00011854100000618928,8.759000024838315e-06,7.339000006822971e-06,0.00011120199999936631,3.7019999865606223e-06,96,False
2782,4.934599999728562e-05,9.954800000855357e-05,9.250000005067704e-06,9.059999996452461e-06,9.048800001210111e-05,4.579999995257822e-06,96,False
2783,6.85779999969327e-05,0.00010539000001585919,7.259999989628341e-06,9.569000013698314e-06,9.582100000216087e-05,5.23100001714738e-06,96,False
2784,0.00010781099999235266,0.00010278900001026159,7.350999993605001e-06,9.772999987944786e-06,9.30160000223168e-05,4.848000003221387e-06,96,False
2785,7.324200001335157e-05,9.83999999846219e-05,6.9760000087626395e-06,9.010000013631725e-06,8.938999997099017e-05,4.28500001703469e-06,96,False
2786,4.0777999998908854e-05,9.124199999632765e-05,6.49700001531528e-06,7.86399999697096e-06,8.337799999935669e-05,3.488999993805919e-06,96,False
2787,4.711700000825658e-05,9.098799998241702e-05,6.577999982937399e-06,7.690999979104163e-06,8.329700000331286e-05,3.5420000017438724e-06,96,False
2788,3.8815999999997075e-05,8.91859999967437e-05,6.251000002066576e-06,7.94499999301479e-06,8.124100000372891e-05,3.472000003057474e-06,96,False
2789,3.796400000055655e-05,8.857099999204365e-05,6.1759999994137615e-06,7.140000008121206e-06,8.143099998392245e-05,3.421999991815028e-06,96,False
2790,3.721799998857023e-05,8.905500001787914e-05,6.344999974317034e-06,7.236000016064281e-06,8.181900000181486e-05,3.827000000455882e-06,96,False
2791,9.4496000002664e-05,0.00011456199999315686,7.5220000042008905e-06,8.522000001676133e-06,0.00010603999999148073,4.216000007772891e-06,96,False
2792,5.0033000007942974e-05,9.632999999098502e-05,6.365999979607295e-06,8.45700000695615e-06,8.787299998402887e-05,4.325000020344305e-06,96,False
2793,4.3465000004516696e-05,8.990199998493154e-05,6.245000008675561e-06,7.766999999603286e-06,8.213499998532825e-05,3.615999986550378e-06,96,False
2794,3.743299998859584e-05,9.061599999427017e-05,6.160000026511625e-06,7.76100000621227e-06,8.28549999880579e-05,3.5120000063670886e-06,96,False
2795,3.865899998345412e-05,8.725499998263331e-05,6.358000007367082e-06,6.737000006751259e-06,8.051799997588205e-05,3.6789999739994528e-06,96,False
2796,3.758999997671708e-05,0.0001672249999842279,7.372999988319862e-06,6.858999995529302e-06,0.0001603659999886986,3.3909999785919354e-06,96,False
2797,4.438799999206822e-05,0.00012084599998729573,9.395999995831517e-06,8.016000009547497e-06,0.00011282999997774823,3.695000003745008e-06,96,False
2798,5.4078999994544574e-05,0.0001039569999932155,7.114000027286238e-06,9.15299997927832e-06,9.480400001393718e-05,5.262000001948763e-06,96,False
2799,0.0001690150000115409,0.00019629300001611227,1.6852999976890715e-05,1.8663000020069376e-05,0.0001776299999960429,1.0449999990669312e-05,96,False
2800,7.0652999994536e-05,0.00013529800000355863,8.018799999831572e-05,1.2510999994219674e-05,0.00012278700000933895,5.20899999401081e-06,96,False
2801,0.0001494589999992968,0.00013573100000030536,1.0045999999874766e-05,1.1518999997406354e-05,0.000124212000002899,7.1560000094450515e-06,96,False
2802,4.4240000022455206e-05,9.649099999364807e-05,7.2450000061508035e-06,8.135000001630033e-06,8.835599999201804e-05,3.929000001789973e-06,96,False
2803,3.9362000023857036e-05,9.328800001640047e-05,6.971000004796224e-06,8.135999991054632e-06,8.515200002534584e-05,3.8140000242492533e-06,96,False
2804,3.882999999405001e-05,9.025900001802256e-05,6.833000014694335e-06,7.245999995575403e-06,8.301300002244716e-05,3.3800000096562144e-06,96,False
2805,3.74889999932293e-05,8.962499998688145e-05,6.854000019984596e-06,7.48899998370689e-06,8.213600000317456e-05,3.340999995771199e-06,96,False
2806,3.814900000520538e-05,9.046299999226903e-05,6.517999992183832e-06,6.621000011364231e-06,8.38419999809048e-05,3.3649999977569678e-06,96,False
2807,3.7869999999884385e-05,8.872199998677388e-05,6.7459999968377815e-06,7.209999978385895e-06,8.151200000838799e-05,3.519999978607302e-06,96,False
2808,3.7926999993942445e-05,8.808499998735897e-05,6.614000000126907e-06,6.842000004780857e-06,8.124299998257811e-05,3.456000001733628e-06,96,False
2809,3.8133000003881534e-05,8.715000001302542e-05,6.4589999908548634e-06,7.080999978370528e-06,8.006900003465489e-05,3.54499999843938e-06,96,False
2810,3.7265999992541765e-05,0.00012731699999335433,4.200099999707163e-05,1.138600001127088e-05,0.00011593099998208345,4.8010000170961575e-06,96,False
2811,4.471799999805626e-05,9.238999999183761e-05,6.67999998427149e-06,7.760999977790561e-06,8.462900001404705e-05,3.896999999142281e-06,96,False
2812,3.885200001718658e-05,9.03770000206805e-05,6.7090000186453835e-06,7.229000004826958e-06,8.314800001585354e-05,3.5639999964587332e-06,96,False
2813,3.6786999999094405e-05,8.8059000006524e-05,6.605999999464984e-06,7.224000000860542e-06,8.083500000566346e-05,3.4710000136328745e-06,96,False
2814,3.816200000983372e-05,8.788799999592811e-05,6.4609999981257715e-06,7.384000014099001e-06,8.050399998182911e-05,3.518999989182703e-06,96,False
2815,4.223199999842109e-05,9.079199998041076e-05,6.523000024571957e-06,7.565000004206013e-06,8.322699997620475e-05,3.6739999984547467e-06,96,False
2816,3.8564000021779066e-05,8.827400000654961e-05,6.59900001664937e-06,7.4310000002242305e-06,8.084300000632538e-05,3.630000009025025e-06,96,False
2817,3.780900001970622e-05,8.803699998338743e-05,6.347000010009651e-06,6.979999994882746e-06,8.105699998850469e-05,3.6379999812652386e-06,96,False
2818,3.844399998342851e-05,8.801600000651888e-05,6.471999995483202e-06,7.634000013467812e-06,8.038199999305107e-05,3.5840000123243954e-06,96,False
2819,3.615699998249511e-05,8.571300000426163e-05,6.399000000101296e-06,6.802000001471242e-06,7.891100000279039e-05,3.5320000222327508e-06,96,False
2820,3.625499999770909e-05,8.6017000000993e-05,6.096000021216241e-06,7.128999982342066e-06,7.888800001865093e-05,3.486000025532121e-06,96,False
2821,3.6364999999705105e-05,0.00013703100000839186,6.995999996206592e-06,3.672100001494982e-05,0.00010030999999344203,5.9490000126061204e-06,96,False
2822,6.701800000996627e-05,9.911899999792695e-05,6.694999996170736e-06,9.669999997186096e-06,8.944900000074085e-05,4.208000007110968e-06,96,False
2823,3.863699998873926e-05,8.927099997890764e-05,6.356000000096174e-06,7.771000014145102e-06,8.149999996476254e-05,3.3260000122936617e-06,96,False
2824,3.837799999928393e-05,8.829199998672266e-05,6.261999999424006e-06,7.274000012102988e-06,8.101799997461967e-05,3.4749999997529812e-06,96,False
2825,3.721699999914563e-05,8.84780000092178e-05,6.203999987519637e-06,7.361999990962431e-06,8.111600001825536e-05,3.735000007054623e-06,96,False
2826,3.714499999318832e-05,8.778800000186493e-05,6.509000002097309e-06,7.20399998499488e-06,8.058400001687005e-05,3.4310000103232596e-06,96,False
2827,3.759000000513879e-05,8.582799998180235e-05,6.332999987535004e-06,6.9419999988440395e-06,7.888599998295831e-05,3.423999999085936e-06,96,False
2828,3.62929999937478e-05,8.625700002085068e-05,6.068000004688656e-06,6.664000011369353e-06,7.959300000948133e-05,3.666999987217423e-06,96,False
2829,3.8998999997374995e-05,0.000126773000005187,9.110999997119507e-06,1.3898000020162726e-05,0.00011287499998502426,5.877999996073413e-06,96,False
2830,4.816000000573695e-05,9.45989999934227e-05,6.917000007433671e-06,8.223999998335785e-06,8.637499999508691e-05,3.846999987899835e-06,96,False
2831,4.0914000010161544e-05,9.209399999576817e-05,6.391999988863972e-06,7.679999981746732e-06,8.441400001402144e-05,3.7099999872225453e-06,96,False
2832,3.947400000470225e-05,8.857399998873916e-05,6.330999980264096e-06,7.479000004195768e-06,8.109499998454339e-05,3.581000015628888e-06,96,False
2833,3.753200002165613e-05,0.00014040100001011524,9.405999975342638e-06,7.05499999753556e-06,0.00013334600001257968,3.486999986535011e-06,96,False
2834,6.661099999405451e-05,0.00010801199999832534,7.2109999962322036e-06,9.552999983952759e-06,9.845900001437258e-05,5.552000004627189e-06,96,False
2835,4.197100000169485e-05,9.438000000727698e-05,6.934999987606716e-06,8.066999981792833e-06,8.631300002548414e-05,3.8710000183073134e-06,96,False
2836,3.9512999990165554e-05,9.050900001739137e-05,6.355000010671574e-06,7.780999993656224e-06,8.272800002373515e-05,3.690999989203192e-06,96,False
2837,3.7961999993285644e-05,9.023499998761508e-05,6.441000010681819e-06,7.88700000953213e-06,8.234799997808295e-05,3.6499999964689778e-06,96,False
2838,3.658400001427253e-05,9.088100000553823e-05,6.378000023232744e-06,7.806000013488301e-06,8.307499999204992e-05,3.6080000143101643e-06,96,False
2839,3.7130999999135383e-05,0.0008413169999812453,1.080600000591403e-05,1.7933999998831496e-05,0.0008233829999824138,1.0918000015180951e-05,96,False
2840,5.519899997352695e-05,0.00010555800000133786,7.2109999962322036e-06,9.484999992537269e-06,9.607300000880059e-05,4.804000013791665e-06,96,False
2841,4.151499999238695e-05,9.423800000263327e-05,6.875999986277748e-06,7.71599999893624e-06,8.652200000369703e-05,3.86400000706999e-06,96,False
2842,3.9338999982874157e-05,9.1610999987779e-05,6.598999988227661e-06,7.837999987714284e-06,8.377300000006471e-05,3.870999989885604e-06,96,False
2843,3.7825999982032954e-05,9.995299998877272e-05,6.7379999961758585e-06,7.991000018137129e-06,9.196199997063559e-05,3.953999993200341e-06,96,False
2844,3.807100000585706e-05,8.818000000587745e-05,6.241999983558344e-06,7.303999979058062e-06,8.087600002681938e-05,3.802000009045514e-06,96,False
2845,3.729599998791855e-05,8.863499999733904e-05,6.24599999810016e-06,7.025000002158777e-06,8.160999999518026e-05,3.62400001563401e-06,96,False
2846,3.7768999987974894e-05,8.923699999741075e-05,6.374999998115527e-06,7.2269999975560495e-06,8.20099999998547e-05,3.6630000010973163e-06,96,False
2847,3.7723000019695974e-05,8.945099997959005e-05,6.070000011959564e-06,7.24899999227091e-06,8.220199998731914e-05,3.3869999924718286e-06,96,False
2848,3.716000000508757e-05,8.850099999335725e-05,6.151000008003393e-06,7.2349999982179725e-06,8.126599999513928e-05,3.6579999971309007e-06,96,False
2849,3.624699999704717e-05,0.00012015499999051826,6.93000001206201e-06,7.519000007505383e-06,0.00011263599998301288,3.5299999865401332e-06,96,False
2850,6.576600000585131e-05,9.901100000320184e-05,6.745000007413182e-06,8.626000010281132e-06,9.038499999292071e-05,4.347000015059166e-06,96,False
2851,3.817099999992024e-05,9.022399999025765e-05,6.340999988196927e-06,7.732000000260086e-06,8.249199998999757e-05,3.620000001092194e-06,96,False
2852,3.744300002495038e-05,0.00010459599999990132,6.281999986867959e-06,2.187199999070799e-05,8.272400000919333e-05,4.0250000097330485e-06,96,False
2853,3.806000000849963e-05,8.721599999717e-05,6.154000004698901e-06,7.317999973111e-06,7.9898000024059e-05,3.3679999944524752e-06,96,False
2854,3.711499999781154e-05,9.016499998892868e-05,6.0060000066641805e-06,7.232999990947064e-06,8.293199999798162e-05,3.559999981916917e-06,96,False
2855,3.740500000048996e-05,8.71099999812941e-05,6.367999986878203e-06,7.36300000880874e-06,7.974699997248536e-05,3.5660000037296413e-06,96,False
2856,3.8053000025684014e-05,8.884299998612732e-05,6.132999999408639e-06,7.343000021364787e-06,8.149999996476254e-05,3.680999981270361e-06,96,False
2857,3.7539999993896345e-05,9.325899998202658e-05,6.689000002779721e-06,7.173999989618096e-06,8.608499999240848e-05,3.623000026209411e-06,96,False
2858,3.792999999063795e-05,8.754899999985355e-05,6.643999995503691e-06,6.976999998187239e-06,8.057200000166631e-05,3.5260000004200265e-06,96,False
2859,3.688199998919117e-05,8.604599997852347e-05,6.2309999862009136e-06,6.778999988910073e-06,7.92669999896134e-05,3.426000006356844e-06,96,False
2860,3.623300000299423e-05,8.750399999257752e-05,6.105000011302764e-06,6.6570000001320295e-06,8.084699999244549e-05,3.5420000017438724e-06,96,False
2861,3.677099999777056e-05,8.653800000502088e-05,6.239000015284546e-06,6.877999993548656e-06,7.966000001147222e-05,3.472999992482073e-06,96,False
2862,7.187500000327418e-05,9.593000001473229e-05,6.815000006099581e-06,8.516999997709718e-06,8.741300001702257e-05,4.246000003149675e-06,96,False
2863,3.7642999984655034e-05,8.832399998937035e-05,6.339999998772328e-06,7.5929999923118885e-06,8.073099999705846e-05,3.3359999918047833e-06,96,False
2864,3.724900000179332e-05,8.705299998723603e-05,6.523000024571957e-06,7.2999999929379555e-06,7.975299999429808e-05,3.3820000169271225e-06,96,False
2865,4.0070000011382945e-05,8.94659999914893e-05,6.5920000054120464e-06,7.678999992322133e-06,8.178699999916716e-05,3.2309999937751854e-06,96,False
2866,3.680800000438467e-05,8.645099998716432e-05,6.376999976964726e-06,7.098000025962392e-06,7.935299996120193e-05,3.288000016254955e-06,96,False
2867,3.683799999976145e-05,8.752700000513869e-05,5.939000004673289e-06,7.011000008105839e-06,8.051599999703285e-05,3.478999985873088e-06,96,False
2868,3.606200002082005e-05,8.71479999773328e-05,6.3379999915014196e-06,7.250999999541818e-06,7.989699997779098e-05,3.367000005027876e-06,96,False
2869,3.621499999439948e-05,8.86200000138615e-05,6.061999982875932e-06,7.533000001558321e-06,8.108700001230318e-05,3.5760000116624724e-06,96,False
2870,3.750899998067325e-05,8.734900001172718e-05,6.124000009322117e-06,7.194999994908358e-06,8.015400001681883e-05,3.250999981219138e-06,96,False
2871,3.761700000382007e-05,9.075700000948927e-05,6.345000002738743e-06,7.310000000870787e-06,8.344700000861849e-05,3.5729999865452555e-06,96,False
2872,3.7072999987231015e-05,8.777300001838739e-05,6.025000004683534e-06,7.277000008798495e-06,8.04960000095889e-05,3.6499999964689778e-06,96,False
2873,8.048600000165607e-05,0.0002501860000165834,1.6064000021742686e-05,9.926999979370521e-06,0.0002402590000372129,5.689999994729078e-06,96,False
2874,0.00018644800002221018,0.00019947699999534052,1.2702999981684115e-05,1.4491000001726206e-05,0.00018498599999361431,8.2290000023022e-06,96,False
2875,5.628599998885875e-05,0.00010313499998915177,7.840999984409791e-06,8.93600000040351e-06,9.419899998874826e-05,4.98100001777857e-06,96,False
2876,4.1928000001689725e-05,9.413700001914549e-05,6.8400000259316585e-06,7.587999988345473e-06,8.654900003080002e-05,3.6840000063875777e-06,96,False
2877,3.94939999921462e-05,0.000107189000004837,7.471999992958445e-06,1.0540999994645972e-05,9.664800001019103e-05,4.388999997217979e-06,96,False
2878,4.3500000003859896e-05,9.553300000675335e-05,6.665999990218552e-06,8.402000020168998e-06,8.713099998658436e-05,3.6499999964689778e-06,96,False
2879,3.997600001071078e-05,0.00011365899999304929,4.2713999988563955e-05,7.806000013488301e-06,0.00010585299997956099,3.771999985247021e-06,96,False
2880,5.2777999997033476e-05,0.00010083899999813184,7.250000010117219e-06,9.099000010337477e-06,9.173999998779436e-05,4.388999997217979e-06,96,False
2881,4.078199998502896e-05,9.37920000012582e-05,6.791000004113812e-06,7.611999990331242e-06,8.618000001092696e-05,3.82999999715139e-06,96,False
2882,3.929999999741085e-05,0.00012637899999390356,7.022000005463269e-06,7.400000015422847e-06,0.00011897899997848072,3.7860000077216682e-06,96,False
2883,4.35389999893232e-05,9.30879999998524e-05,6.40599998291691e-06,8.132000004934525e-06,8.495599999491787e-05,4.02300000246214e-06,96,False
2884,3.921799998352071e-05,8.914599999343409e-05,6.4870000073824485e-06,7.538999994949336e-06,8.160699999848475e-05,3.5669999931542407e-06,96,False
2885,3.900400000134141e-05,8.796899999197194e-05,6.2569999954575906e-06,7.0570000048064685e-06,8.091199998716547e-05,3.3359999918047833e-06,96,False
2886,4.143200001749392e-05,8.938400000602087e-05,6.524000013996556e-06,7.0910000147250685e-06,8.22929999912958e-05,3.0710000089584355e-06,96,False
2887,3.842199998871365e-05,8.908899999937603e-05,6.2549999881866825e-06,7.569000018747829e-06,8.15199999806282e-05,3.695000003745008e-06,96,False
2888,3.811700000255769e-05,0.00012610499999254898,7.132000007459283e-06,7.417000006171293e-06,0.00011868799998637769,1.93750000221371e-05,96,False
2889,4.1939999988471754e-05,9.313000001043292e-05,6.329000001414897e-06,7.960000004914036e-06,8.517000000551889e-05,3.7910000116880838e-06,96,False
2890,6.423199999971985e-05,0.00010260799999173287,6.777999999485473e-06,9.951999999202599e-06,9.265599999253027e-05,4.216000007772891e-06,96,False
2891,4.099000000223896e-05,9.117100000821665e-05,6.286999990834374e-06,7.997000011528144e-06,8.317399999668851e-05,3.5580000030677184e-06,96,False
2892,3.844799999797033e-05,8.952600001066457e-05,6.237999997438237e-06,7.058999983655667e-06,8.246700002700891e-05,3.6759999773039453e-06,96,False
2893,3.880799999933515e-05,0.000126812000019072,2.6780000013104654e-05,7.643999992978934e-06,0.00011916800002609307,3.625999994483209e-06,96,False
2894,6.279900000549787e-05,0.00010105300000873285,7.447999990972676e-06,9.121999994476937e-06,9.193100001425591e-05,4.630000006500268e-06,96,False
2895,4.106400001546717e-05,9.163599997918936e-05,6.3279999835685885e-06,7.338999978401262e-06,8.42970000007881e-05,3.4450000043761975e-06,96,False
2896,5.1352999975051716e-05,9.054299999888826e-05,6.859999984953902e-06,7.65999999430278e-06,8.288300000458548e-05,3.4950000156186434e-06,96,False
2897,4.157200001486672e-05,8.965099999613813e-05,6.347999999434251e-06,7.187000022668144e-06,8.246399997346998e-05,3.405999990491182e-06,96,False
2898,3.730299999915587e-05,8.884599998282283e-05,6.310000003395544e-06,7.643000003554334e-06,8.12029999792685e-05,3.335000002380184e-06,96,False
2899,3.755699998464479e-05,0.00011769500000013977,6.9499999995059625e-06,6.950999988930562e-06,0.00011074400001120921,3.6799999918457615e-06,96,False
2900,4.734899999903064e-05,9.50220000106583e-05,6.6229999902134296e-06,8.168000022124033e-06,8.685399998853427e-05,4.095000008419447e-06,96,False
2901,3.810399999792935e-05,9.208800000237716e-05,6.2649999961195135e-06,7.458999988330106e-06,8.462900001404705e-05,3.595999999106425e-06,96,False
2902,3.797599998733858e-05,8.87309999768604e-05,6.363999972336387e-06,7.168000024648791e-06,8.156299995221161e-05,3.551999981254994e-06,96,False
2903,3.8452000012512144e-05,8.923499999013984e-05,6.423000002087065e-06,7.318999990957309e-06,8.191599999918253e-05,3.607000024885565e-06,96,False
2904,3.8418999992018144e-05,8.994699999220757e-05,6.8770000041240564e-06,7.938000010199175e-06,8.200899998200839e-05,3.696000021591317e-06,96,False
2905,3.87870000224666e-05,0.00012085399998795765,6.807999994862257e-06,7.656999997607272e-06,0.00011319699999035038,3.4599999878537346e-06,96,False
2906,4.204900000104317e-05,9.196899998187291e-05,6.544999990865108e-06,7.836999998289684e-06,8.413199998358323e-05,4.02300000246214e-06,96,False
2907,3.827300000125433e-05,8.972400001994174e-05,6.175000009989162e-06,7.691999996950472e-06,8.203200002299127e-05,3.6890000103539933e-06,96,False
2908,3.775300001507276e-05,8.91509999974005e-05,6.138000003375055e-06,7.455000002209999e-06,8.16959999951905e-05,3.46499999182015e-06,96,False
2909,3.8381000024401146e-05,0.00015777100000491373,9.287000011681812e-06,1.11139999887655e-05,0.00014665700001614823,4.281999991917473e-06,96,False
2910,5.2914999997710765e-05,0.0001015290000054847,7.064000016043792e-06,8.979000000408632e-06,9.255000000507607e-05,4.469999993261808e-06,96,False
2911,9.346800001708289e-05,0.0001469249999956901,8.945999979914632e-06,1.0427999995954451e-05,0.00013649699999973564,5.55099998678088e-06,96,False
2912,5.108299998823895e-05,9.830999999849155e-05,7.0309999955497915e-06,8.656000005657916e-06,8.965399999283363e-05,4.4639999998707935e-06,96,False
2913,4.147499998907733e-05,9.065899999427529e-05,6.639999980961875e-06,7.544999988340351e-06,8.311400000593494e-05,3.4589999984291353e-06,96,False
2914,4.357400001708811e-05,0.00010755400001016824,7.0410000034826226e-06,8.070999996334649e-06,9.948300001383359e-05,3.904999999804204e-06,96,False
2915,3.9841000017304395e-05,9.156699999834927e-05,6.452000008039249e-06,7.362000019384141e-06,8.420499997896513e-05,3.816000003098452e-06,96,False
2916,3.837399998474211e-05,0.00046686900000736387,1.3687000006257222e-05,2.803800001061063e-05,0.00043883099999675323,9.363000003759225e-06,96,False
2917,7.421300000487463e-05,0.0001241710000101648,1.0483000011163313e-05,1.161400001592483e-05,0.00011255699999423996,5.211000001281718e-06,96,False
2918,6.035000001247681e-05,0.00011621400000194626,8.238000020810432e-06,1.0255999995933962e-05,0.0001059580000060123,4.870000026357957e-06,96,False
2919,4.542400000673297e-05,0.00010084499999152285,7.815000003574823e-06,8.699999995087637e-06,9.214499999643522e-05,3.905999989228803e-06,96,False
2920,0.00013446400001271286,0.0001320830000111073,1.2544999975716564e-05,1.4177999986486611e-05,0.00011790500002462068,6.722999984276612e-06,96,False
2921,4.7660000006999326e-05,9.708999999702428e-05,7.207999999536696e-06,8.516999997709718e-06,8.857299999931456e-05,3.97799999518611e-06,96,False
2922,4.170399998315588e-05,9.232900001165945e-05,6.8429999942054565e-06,7.595999989007396e-06,8.473300002265205e-05,3.555000006372211e-06,96,False
2923,3.987300001995209e-05,9.053400000880174e-05,6.5419999941696005e-06,7.55700000354409e-06,8.297700000525765e-05,3.555000006372211e-06,96,False
2924,3.8735999993377845e-05,8.931599998618367e-05,6.614999989551507e-06,6.923000000824686e-06,8.239299998535898e-05,3.4799999752976873e-06,96,False
2925,3.828600000588267e-05,8.95020000086788e-05,6.595000002107554e-06,7.242000009455296e-06,8.225999999922351e-05,3.595999999106425e-06,96,False
2926,3.806199998734883e-05,8.779500001310225e-05,6.10999998684747e-06,7.081999996216837e-06,8.071300001688542e-05,3.7020000149823318e-06,96,False
2927,3.795899999659014e-05,8.914599999343409e-05,6.171999984871945e-06,7.117999984984635e-06,8.202800000844945e-05,3.597000016952734e-06,96,False
2928,4.125800001020252e-05,8.887900000331683e-05,6.534999982932277e-06,7.482000000891276e-06,8.139700000242556e-05,3.872000007731913e-06,96,False
2929,4.021399999487585e-05,0.00017064800002231095,9.66499999321968e-06,4.500000000007276e-05,0.0001256480000222382,8.710999992445068e-06,96,False
2930,5.037700000798395e-05,9.988200000066172e-05,7.331000006161048e-06,8.394999980509965e-06,9.148700002015175e-05,4.360999980690394e-06,96,False
2931,9.817500000508517e-05,0.00010734800000022915,7.969000023422268e-06,1.0475999999925989e-05,9.687200000030316e-05,4.523000001199762e-06,96,False
2932,4.2430999997122854e-05,9.403100000326958e-05,7.224999990285141e-06,8.17200000824414e-06,8.585899999502544e-05,3.972000001795095e-06,96,False
2933,3.932600000666753e-05,9.116199998970842e-05,7.268999979714863e-06,7.570000008172428e-06,8.359199998153599e-05,3.680999981270361e-06,96,False
2934,3.8817000017843384e-05,8.967299999085299e-05,6.632000008721661e-06,7.95599999037222e-06,8.171700000048077e-05,3.456999991158227e-06,96,False
2935,3.79459999919618e-05,8.70730000031017e-05,6.723000012698321e-06,6.947000002810455e-06,8.012600000029124e-05,3.4040000116419833e-06,96,False
2936,3.877599999668746e-05,8.835500000259344e-05,6.308999985549235e-06,7.213000003503112e-06,8.114199999909033e-05,3.5280000076909346e-06,96,False
2937,3.773099999193619e-05,8.754999998927815e-05,6.237999997438237e-06,6.937000023299333e-06,8.061299996597882e-05,3.403000022217384e-06,96,False
2938,3.855100001715073e-05,8.758699999589226e-05,6.2889999981052824e-06,7.0209999876169604e-06,8.05660000082753e-05,3.4999999911633495e-06,96,False
2939,3.712099999120255e-05,8.553799997912392e-05,6.366999997453604e-06,6.7379999961758585e-06,7.879999998294807e-05,3.323999976601044e-06,96,False
2940,3.656600000567778e-05,0.00011416400002417504,6.995000006781993e-06,6.977999987611838e-06,0.0001071860000365632,3.160999995088787e-06,96,False
2941,4.5506000020623105e-05,9.351899998932822e-05,6.270999989510528e-06,7.679999981746732e-06,8.583900000758149e-05,4.099000022961263e-06,96,False
2942,3.715400001169655e-05,9.376599999200153e-05,6.304999999429128e-06,7.745999994313024e-06,8.60199999976885e-05,3.5909999951400096e-06,96,False
2943,3.684099999645696e-05,8.984200002259968e-05,6.484000010686941e-06,7.474999989653952e-06,8.236700003294573e-05,3.4589999984291353e-06,96,False
2944,3.782099997806654e-05,8.902400000465605e-05,6.2309999862009136e-06,7.445000022698878e-06,8.157899998195717e-05,3.585999991173594e-06,96,False
2945,3.6800000003722744e-05,8.842900001582166e-05,6.034000023191766e-06,7.197999991603865e-06,8.123100002421779e-05,3.6819999991166696e-06,96,False
2946,7.550899999841931e-05,0.00011108599997555757,8.934000021554311e-06,9.844999993902093e-06,0.00010124099998165548,5.364999992707453e-06,96,False
2947,4.219499999180698e-05,9.182499999838001e-05,6.764999994857135e-06,7.232000001522465e-06,8.459299999685754e-05,3.870999989885604e-06,96,False
2948,3.845500000920765e-05,9.091799998373062e-05,4.492399997957364e-05,7.500999998910629e-06,8.341699998482e-05,3.739999982599329e-06,96,False
2949,7.574299999646428e-05,0.00010835800000563722,9.01600000702274e-06,9.736999999176987e-06,9.862100000646024e-05,5.279999982121808e-06,96,False
2950,0.00018921800000271105,0.00010267299998645285,7.788999994318146e-06,8.93699998982811e-06,9.373599999662474e-05,4.852999978766093e-06,96,False
2951,7.313000000408465e-05,9.785100002090985e-05,7.037000017362516e-06,8.428999990428565e-06,8.942200003048129e-05,4.255999982660796e-06,96,False
2952,3.92129999795543e-05,0.00010532299998544659,6.603000002769477e-06,7.381000017403494e-06,9.794199996804309e-05,3.612000000430271e-06,96,False
2953,3.8746999990735276e-05,9.021200000347562e-05,6.4950000080443715e-06,7.444000004852569e-06,8.276799999862305e-05,3.5200000070290116e-06,96,False
2954,3.785100000186503e-05,0.000306132000019943,1.420199998847238e-05,5.6357000005391455e-05,0.00024977500001455155,1.3077000005523587e-05,96,False
2955,6.71349999947779e-05,0.00010550999999736632,7.714000020087042e-06,9.339000001773456e-06,9.617099999559287e-05,4.223000019010215e-06,96,False
2956,4.543199997897318e-05,9.685999998509942e-05,6.614000000126907e-06,8.246000021472355e-06,8.861399996362707e-05,3.7869999971462676e-06,96,False
2957,5.2264999993667516e-05,9.362699998405333e-05,7.3549999797251076e-06,7.939999989048374e-06,8.568699999500495e-05,3.6170000043966866e-06,96,False
2958,4.066700000748824e-05,9.251800000242838e-05,6.469999988212294e-06,7.804999995641992e-06,8.471300000678639e-05,3.40799999776209e-06,96,False
2959,3.901499999869884e-05,9.099300001480515e-05,5.700000002661909e-06,7.550000020728476e-06,8.344299999407667e-05,3.552999999101303e-06,96,False
2960,3.964500001529814e-05,9.137999998642954e-05,5.848000000696629e-06,7.520999986354582e-06,8.385900000007496e-05,3.4229999812396272e-06,96,False
2961,4.194699999970908e-05,9.065999998369989e-05,5.6929999914245855e-06,7.031999984974391e-06,8.36279999987255e-05,3.543000019590181e-06,96,False
2962,3.864100000328108e-05,9.23839999984466e-05,5.774000015890124e-06,7.930999998961852e-06,8.445299999948475e-05,3.3279999911428604e-06,96,False
2963,0.00014324800000053983,0.0001340600000219183,1.2300999998160478e-05,1.1470000004010217e-05,0.0001225900000179081,6.866000006766626e-06,96,False
2964,4.928600000653205e-05,0.00010038900001063666,5.973000014591889e-06,8.875000020225343e-06,9.151399999041132e-05,4.2290000124012295e-06,96,False
2965,3.824200001645295e-05,8.813400000917682e-05,6.092000006674425e-06,7.011999997530438e-06,8.112200001164638e-05,3.555000006372211e-06,96,False
2966,3.669900002023496e-05,8.954300000141302e-05,5.500000014535544e-06,7.298000014088757e-06,8.224499998732426e-05,3.6619999832510075e-06,96,False
2967,3.710900000442052e-05,8.887900000331683e-05,5.678999997371648e-06,7.733999979109285e-06,8.114500002420755e-05,3.519999978607302e-06,96,False
2968,3.6911000023565066e-05,8.797000000981825e-05,5.709999982173031e-06,7.361999990962431e-06,8.060800001885582e-05,3.483000000414904e-06,96,False
2969,3.660100000502098e-05,0.00012531800001625015,6.144000025187779e-06,2.308000000539323e-05,0.00010223800001085692,5.702000009932817e-06,96,False
2970,4.014099999949394e-05,8.980800001268108e-05,6.686999995508813e-06,8.151999992378478e-06,8.16560000203026e-05,3.4450000043761975e-06,96,False
2971,4.802000000836415e-05,9.079700001279889e-05,6.763000016007936e-06,7.586000009496274e-06,8.321100000330262e-05,3.712000022915163e-06,96,False
2972,3.740700000776087e-05,0.0001229069999908461,7.298999975091647e-06,7.14699999093682e-06,0.00011575999999990927,3.60199999249744e-06,96,False
2973,4.336699998930271e-05,0.0001057509999782269,6.684999988237905e-06,7.531999983712012e-06,9.821899999451489e-05,3.832000004422298e-06,96,False
2974,3.811499999528678e-05,9.028899998497764e-05,5.775000005314723e-06,7.56800000090152e-06,8.272099998407612e-05,3.74999999053216e-06,96,False
2975,3.7732999999207095e-05,8.877999999867825e-05,5.590999990090495e-06,7.256999992932833e-06,8.152300000574542e-05,3.3789999918099056e-06,96,False
2976,3.768999999920197e-05,8.807899999396795e-05,5.6509999808440625e-06,7.223000011435943e-06,8.085599998253201e-05,3.581999976631778e-06,96,False
2977,3.7050000003091554e-05,8.715799998526563e-05,5.537999982152542e-06,6.721999994852013e-06,8.043599999041362e-05,3.5589999924923177e-06,96,False
2978,3.8119000009828596e-05,8.683100000439481e-05,5.51600001585939e-06,6.987999995544669e-06,7.984300000885014e-05,3.5900000057154102e-06,96,False
2979,3.706900000111091e-05,8.748899998067827e-05,6.055000000060318e-06,6.911000014042656e-06,8.057799996663562e-05,3.595999999106425e-06,96,False
2980,3.673899999512287e-05,8.565899997847737e-05,6.243000001404653e-06,6.7199999875811045e-06,7.893899999089626e-05,3.3540000003995374e-06,96,False
2981,3.6777000019583284e-05,8.536999999364525e-05,6.175000009989162e-06,6.820000010065996e-06,7.854999998357926e-05,3.483000000414904e-06,96,False
2982,3.6045000001649896e-05,8.730600001172206e-05,6.501999990859986e-06,7.178000004159912e-06,8.012800000756215e-05,3.2430000089789246e-06,96,False
2983,3.709300000309668e-05,0.00010985299999788367,9.839000000511078e-06,6.8429999942054565e-06,0.00010301000000367821,3.54499999843938e-06,96,False
2984,6.542700000977675e-05,0.00015261499999041916,8.721000000377899e-06,9.521000009726777e-06,0.0001430939999806924,5.439999995360267e-06,96,False
2985,5.577299998549279e-05,0.0001018789999989167,7.2979999856670474e-06,9.16499999448206e-06,9.271400000443464e-05,4.708000005848589e-06,96,False
2986,4.036199999291057e-05,9.251000000176646e-05,6.5419999941696005e-06,8.197999989079108e-06,8.431200001268735e-05,3.680999981270361e-06,96,False
2987,3.811199999859127e-05,9.028900001339935e-05,6.365999979607295e-06,7.663999980422886e-06,8.262500003297646e-05,3.4429999971052894e-06,96,False
2988,3.6945999994486556e-05,8.965600000010454e-05,6.67899999484689e-06,7.629999998925996e-06,8.202600000117855e-05,3.6170000043966866e-06,96,False
2989,3.753699999720084e-05,8.83050000197727e-05,6.732999992209443e-06,7.390999996914616e-06,8.091400002285809e-05,3.3689999838770746e-06,96,False
2990,3.809099999330101e-05,8.957300002521151e-05,6.146000004036978e-06,7.562999996935105e-06,8.201000002827641e-05,3.6350000129914406e-06,96,False
2991,3.74510000256123e-05,8.759499999655418e-05,6.364999990182696e-06,7.286999988309617e-06,8.030800000824456e-05,3.531000004386442e-06,96,False
2992,3.666799997859016e-05,8.971900001597533e-05,6.250000012641976e-06,6.936000005453025e-06,8.27830000105223e-05,3.7240000096971926e-06,96,False
2993,3.740099998594815e-05,8.778299999789851e-05,6.208000002061453e-06,7.254000024659035e-06,8.052899997323948e-05,3.4749999997529812e-06,96,False
2994,3.5899000010886084e-05,8.79890000078376e-05,6.198999983553222e-06,6.834000004118934e-06,8.115500000371867e-05,3.615000025547488e-06,96,False
2995,3.640799999971023e-05,8.757700001638113e-05,6.146999993461577e-06,7.277000008798495e-06,8.030000000758264e-05,3.5729999865452555e-06,96,False
2996,3.649600000699138e-05,0.00010471499999198386,7.02100001603867e-06,6.494000018619772e-06,9.822099997336409e-05,3.3339999845338752e-06,96,False
2997,4.957200002309037e-05,0.00010449199999129632,6.40500002191402e-06,8.197999989079108e-06,9.629400000221722e-05,4.136000001153661e-06,96,False
2998,3.781099999855542e-05,8.838299999069932e-05,6.054000010635718e-06,7.194999994908358e-06,8.118799999579096e-05,3.5620000176095346e-06,96,False
2999,4.1048000014143327e-05,8.903200000531797e-05,5.888000004006244e-06,7.390000007490016e-06,8.164199999782795e-05,3.6010000030728406e-06,96,False
3000,3.724699999452241e-05,8.717699998328499e-05,6.044999992127487e-06,6.885000004785979e-06,8.029199997849901e-05,3.2610000175736786e-06,96,False
3001,3.7619000011090975e-05,8.705999999847336e-05,6.0849999954371015e-06,7.27200000483208e-06,7.978799999364128e-05,3.205000012940218e-06,96,False
3002,3.6490000013600365e-05,8.722399999783192e-05,6.024000015258935e-06,7.018000019343162e-06,8.020599997848876e-05,3.377000012960707e-06,96,False
3003,3.594899999370682e-05,8.603199998447053e-05,6.111999994118378e-06,6.915000000162763e-06,7.911699998430777e-05,3.1920000083118794e-06,96,False
3004,3.6286000010932185e-05,0.00010153200000218021,6.624999997484338e-06,9.903000005806462e-06,9.162899999637375e-05,4.410000002508241e-06,96,False
3005,4.019000002131179e-05,9.011599999553255e-05,6.59999997765226e-06,7.651999993640857e-06,8.246400000189169e-05,3.792000001112683e-06,96,False
3006,0.0001077180000095268,0.00017157400000655798,4.96239999847603e-05,2.130400000055488e-05,0.0001502700000060031,8.737999991126344e-06,96,False
3007,0.0001024770000128683,0.00011607499999399806,7.948000018132007e-06,1.0386999974798528e-05,0.00010568800001919954,6.001999992122364e-06,96,False
3008,0.00011293399998635323,0.00012936100000615625,1.349599997979567e-05,1.2813000012101838e-05,0.00011654799999405441,6.2020000086704385e-06,96,False
3009,5.5410000015854166e-05,0.00010463600000321094,8.071999985759248e-06,9.0730000010808e-06,9.556300000213014e-05,4.214999989926582e-06,96,False
3010,4.585199999951328e-05,9.840800001370553e-05,7.668999984389302e-06,8.280000002969246e-06,9.012800001073629e-05,3.7620000057358993e-06,96,False
3011,4.330300001242904e-05,9.397299999136521e-05,7.69399997579967e-06,8.424000014883859e-06,8.554899997648135e-05,3.6639999905219156e-06,96,False
3012,5.982799999060262e-05,9.993599999802427e-05,8.222999980489476e-06,9.0399999805868e-06,9.089600001743747e-05,4.265000001169028e-06,96,False
3013,4.1883999983838294e-05,9.736699999507437e-05,7.471000003533845e-06,7.879999998294807e-06,8.948699999677956e-05,3.8919999951758655e-06,96,False
3014,3.8883999991412566e-05,9.28089999945314e-05,6.835999982968133e-06,7.661000012149088e-06,8.514799998238232e-05,3.575999983240763e-06,96,False
3015,4.119400000490714e-05,0.0001073630000121284,7.487000004857691e-06,9.239000007710274e-06,9.812400000441812e-05,4.1060000057768775e-06,96,False
3016,4.560499999683998e-05,0.00010542999999074709,8.05899998113091e-06,8.409000002984612e-06,9.702099998776248e-05,4.246000003149675e-06,96,False
3017,4.56470000074205e-05,0.00014342000000056032,7.40800001608477e-06,1.1247000003322682e-05,0.00013217299999723764,4.5160000183841476e-06,96,False
3018,4.1846000016221296e-05,9.289599998396625e-05,6.883999986939671e-06,7.719999985056347e-06,8.51759999989099e-05,4.031999992548663e-06,96,False
3019,3.933200000005854e-05,9.044300000482508e-05,6.784999982301088e-06,7.426999985682414e-06,8.301600001914267e-05,3.377999973963597e-06,96,False
3020,3.888199998414166e-05,0.0006901069999969422,5.373900000904541e-05,6.955999992896977e-06,0.0006831510000040453,3.3549999898241367e-06,96,False
3021,8.009100000094804e-05,0.0001139060000241443,7.8079999923375e-06,1.0651999986066585e-05,0.00010325400003807772,5.664999974897e-06,96,False
3022,4.462000001126398e-05,9.441099999207836e-05,6.323000008023882e-06,8.094000008895819e-06,8.631699998318254e-05,4.0459999866016005e-06,96,False
3023,3.9912000005415393e-05,9.128000002078807e-05,5.92699998946955e-06,7.438000011461554e-06,8.384200000932651e-05,3.7890000044171757e-06,96,False
3024,4.314100002034138e-05,0.00013372600000138846,8.865000012292512e-06,7.246000023997112e-06,0.00012647999997739134,3.504999995129765e-06,96,False
3025,5.7851999997637904e-05,0.00010620399999083929,6.368000015299913e-06,9.306000009701165e-06,9.689799998113813e-05,5.407000003287976e-06,96,False
3026,4.303599999389007e-05,9.447600001522005e-05,5.882000010615229e-06,8.077999979150263e-06,8.639800003606979e-05,3.905999989228803e-06,96,False
3027,4.0640000008806965e-05,9.981399998082452e-05,6.509000002097309e-06,7.578000008834351e-06,9.223599997199017e-05,3.88699999120945e-06,96,False
3028,3.996499998493164e-05,9.154599999305901e-05,5.885999996735336e-06,7.474999989653952e-06,8.407100000340506e-05,3.502999987858857e-06,96,False
3029,3.930399998353096e-05,9.012699999288998e-05,6.237000008013638e-06,7.185999976400126e-06,8.294100001648985e-05,3.5649999858833326e-06,96,False
3030,3.7904000009802985e-05,0.00010372400001301685,6.4349999888690945e-06,1.001900000119349e-05,9.370500001182336e-05,4.3020000077831355e-06,96,False
3031,4.158199999437784e-05,9.230000000570726e-05,5.8520000152384455e-06,7.766000010178686e-06,8.453399999552857e-05,3.551999981254994e-06,96,False
3032,3.910899999937101e-05,8.962100000076134e-05,5.823000009286261e-06,7.589000006191782e-06,8.203199999456956e-05,3.454999983887319e-06,96,False
3033,6.061299998805225e-05,9.91379999959463e-05,5.9959999987313495e-06,9.328999993840625e-06,8.980900000210568e-05,4.273000001830951e-06,96,False
3034,3.9979999996830884e-05,9.105300000555872e-05,5.340000001297085e-06,8.156999996344894e-06,8.289600000921382e-05,3.769000016973223e-06,96,False
3035,3.812799999991512e-05,8.917600001723258e-05,5.557999998018204e-06,7.379999999557185e-06,8.17960000176754e-05,3.626999983907808e-06,96,False
3036,6.686100002184503e-05,0.00010934800002360134,5.8969999940927664e-06,8.492999995723949e-06,0.0001008550000278774,4.29700000381672e-06,96,False
3037,3.941600002121959e-05,9.064200000352685e-05,5.6949999986954936e-06,7.812999996303915e-06,8.282900000722293e-05,3.6840000063875777e-06,96,False
3038,3.8086000017756305e-05,8.750800000711934e-05,5.498000007264636e-06,7.894000020769454e-06,7.961399998634988e-05,3.375999995114398e-06,96,False
3039,3.7813000005826325e-05,8.875299999999697e-05,5.4079999927125755e-06,7.764999992332378e-06,8.09880000076646e-05,3.2859999805623374e-06,96,False
3040,3.78740000144262e-05,8.939099998883648e-05,5.595000004632311e-06,7.554999996273182e-06,8.18359999925633e-05,3.5680000110005494e-06,96,False
3041,3.869899998676374e-05,9.227300000702598e-05,5.372999993369376e-06,7.521000014776291e-06,8.47519999922497e-05,3.6010000030728406e-06,96,False
3042,0.00039082999998640844,0.00018218499999989035,1.4421999992464407e-05,1.7318000004706846e-05,0.0001648669999951835,9.31299999251678e-06,96,False
3043,6.560299999591734e-05,0.00011228299999288538,7.8079999923375e-06,9.422000005088194e-06,0.00010286099998779719,4.458999995904378e-06,96,False
3044,4.713300000958043e-05,0.00010067999997431798,7.201000016721082e-06,8.28600002478197e-06,9.239399994953601e-05,4.106999995201477e-06,96,False
3045,4.264800000441937e-05,9.79040000004261e-05,6.541000004745001e-06,8.361999988437674e-06,8.954200001198842e-05,4.028999995853155e-06,96,False
3046,4.086299998107279e-05,9.302699999125252e-05,6.148999972310776e-06,7.50000000948603e-06,8.55269999817665e-05,3.6970000110159162e-06,96,False
3047,3.908299999011433e-05,9.317399999986264e-05,5.822999980864552e-06,7.4229999995623075e-06,8.575100000030034e-05,3.861000010374482e-06,96,False
3048,3.83660000125019e-05,9.103899998308407e-05,5.734000012580509e-06,7.5199999969299824e-06,8.351899998615409e-05,3.4699999957865657e-06,96,False
3049,3.8874000011901444e-05,0.00023851200000990502,1.3217999992320983e-05,7.3549999797251076e-06,0.00023115700003017992,3.391999996438244e-06,96,False
3050,7.906700000148703e-05,0.00013090799998849434,7.570000008172428e-06,1.2164000025904897e-05,0.00011874399996258944,6.384000016623759e-06,96,False
3051,4.6941999983118876e-05,9.763399998519162e-05,6.376000015961836e-06,8.328999996365383e-06,8.930499998882624e-05,4.464999989295393e-06,96,False
3052,4.118399999697431e-05,9.397399998078981e-05,6.102000014607256e-06,7.8079999923375e-06,8.616599998845231e-05,3.9889999925435404e-06,96,False
3053,3.943699999808814e-05,8.989200000542041e-05,6.170999995447346e-06,7.323000005499125e-06,8.256899999992129e-05,3.634999984569731e-06,96,False
3054,5.8343000006289e-05,0.0001220979999914107,7.82900002604947e-06,1.3539000008222501e-05,0.00010855899998318819,5.794999992758676e-06,96,False
3055,6.552699997541822e-05,0.00010577599999805898,6.794999990233919e-06,9.379000005083071e-06,9.639699999297591e-05,5.041000008532137e-06,96,False
3056,4.7137000024122244e-05,9.70590000122229e-05,7.388000000219108e-06,7.916999976487205e-06,8.914200003573569e-05,3.9889999925435404e-06,96,False
3057,4.015700000081779e-05,0.00012263400000733782,8.053000016161604e-06,7.984999996324404e-06,0.00011464900001101341,3.5620000176095346e-06,96,False
3058,5.0318000006654984e-05,9.848999999917396e-05,6.064000018568549e-06,8.675999993101868e-06,8.981400000607209e-05,4.465000017717102e-06,96,False
3059,3.950599997892823e-05,9.136399998510569e-05,5.780000009281139e-06,7.982999989053496e-06,8.33809999960522e-05,3.5889999878691015e-06,96,False
3060,3.8361999997960083e-05,9.107200000357807e-05,5.8649999914450746e-06,7.63599999231701e-06,8.343600001126106e-05,3.478999985873088e-06,96,False
3061,3.859600002442676e-05,8.928299999411138e-05,5.654000005961279e-06,7.764000002907778e-06,8.15189999912036e-05,3.480999993143996e-06,96,False
3062,3.72459999766761e-05,8.760500000448701e-05,5.340999990721684e-06,7.2089999889612955e-06,8.039600001552571e-05,3.3620000010614604e-06,96,False
3063,3.712199998062715e-05,0.00011799300000348012,6.213999995452468e-06,7.331999995585647e-06,0.00011066100000789447,3.159000016239588e-06,96,False
3064,4.18850000016846e-05,9.284700001899182e-05,5.442999992055775e-06,7.797999984404669e-06,8.504900003458715e-05,4.003000015018188e-06,96,False
3065,3.823199998009841e-05,8.876800001189622e-05,5.388999994693222e-06,7.460999995601014e-06,8.13070000162952e-05,3.456999991158227e-06,96,False
3066,3.746400000181893e-05,9.00640000054409e-05,5.18600000987135e-06,7.183999997550927e-06,8.288000000788998e-05,3.6929999964741e-06,96,False
3067,3.756899999984853e-05,9.004899999354166e-05,5.616999999347172e-06,7.345000000213986e-06,8.270399999332767e-05,3.6639999905219156e-06,96,False
3068,3.7595999998529805e-05,8.89360000257966e-05,5.799000007300492e-06,7.50000000948603e-06,8.143600001631057e-05,3.587000009019903e-06,96,False
3069,3.6776000001736975e-05,8.764800000449213e-05,5.477999991398974e-06,7.28300000218951e-06,8.036500000230262e-05,3.3230000155981543e-06,96,False
3070,5.9104000001752866e-05,9.61149999909594e-05,7.344000010789387e-06,8.497999999690364e-06,8.761699999126904e-05,4.136999990578261e-06,96,False
3071,3.855899998939094e-05,0.00012309199999549492,9.497000007741008e-06,1.2910000009469513e-05,0.0001101819999860254,5.654000005961279e-06,96,False
3072,4.752800001028845e-05,9.467099999938e-05,7.413999981054076e-06,8.033000000295942e-06,8.663799999908406e-05,3.931000009060881e-06,96,False
3073,4.041799999754403e-05,9.274200002096222e-05,7.213000003503112e-06,7.506000002877045e-06,8.523600001808518e-05,3.630000009025025e-06,96,False
3074,3.8703999990730154e-05,8.978700000739082e-05,6.535000011353986e-06,7.4330000074951386e-06,8.235399999989568e-05,3.5600000103386265e-06,96,False
3075,3.777699998863682e-05,8.847000000855587e-05,6.5339999935076776e-06,7.498000002215122e-06,8.097200000634075e-05,3.668000005063732e-06,96,False
3076,3.756400002430382e-05,8.731399998396228e-05,5.909000009296506e-06,7.353000000875909e-06,7.996099998308637e-05,3.391999996438244e-06,96,False
3077,3.6695000005693146e-05,9.052699999756442e-05,5.609999988109848e-06,7.384000014099001e-06,8.314299998346542e-05,3.5549999779505015e-06,96,False
3078,0.00011176900000009482,0.00010885300000040843,8.385999990423443e-06,9.707999993224803e-06,9.914500000718363e-05,5.408999982137175e-06,96,False
3079,4.162499999438296e-05,9.39329999880556e-05,6.104000021878164e-06,8.152999981803077e-06,8.578000000625252e-05,3.8210000070648675e-06,96,False
3080,3.893699999935052e-05,8.924499999807267e-05,5.787999981521352e-06,7.49999998106432e-06,8.174500001700835e-05,3.3889999997427367e-06,96,False
3081,6.816400002662704e-05,9.839900002361901e-05,6.087999992132609e-06,9.427999998479208e-06,8.89710000251398e-05,4.391999993913487e-06,96,False
3082,3.940100000932034e-05,9.012300000676987e-05,7.013999976379637e-06,7.484999997586783e-06,8.263800000918309e-05,3.6650000083682244e-06,96,False
3083,3.918799998814393e-05,8.749299999522009e-05,6.562999999459862e-06,7.186000004821835e-06,8.030699999039825e-05,3.444999975954488e-06,96,False
3084,4.2747000009057956e-05,9.256500001697532e-05,6.49699998689357e-06,7.65900000487818e-06,8.490600001209714e-05,3.794000008383591e-06,96,False
3085,3.700100000969542e-05,8.836200001383077e-05,6.78200001402729e-06,7.375999985015369e-06,8.09860000288154e-05,3.3679999944524752e-06,96,False
3086,3.751100001636587e-05,8.619099997986268e-05,5.592000007936804e-06,6.795000018655628e-06,7.939599996120705e-05,3.4699999957865657e-06,96,False
3087,3.7230999993198566e-05,8.695700000771467e-05,5.4940000211445295e-06,6.764999994857135e-06,8.019200001285753e-05,3.2169999997222476e-06,96,False
3088,3.684899999711888e-05,9.109399999829293e-05,6.569000021272586e-06,7.186000004821835e-06,8.39079999934711e-05,3.4060000189128914e-06,96,False
3089,3.69950000163044e-05,8.83769999973083e-05,6.734000010055752e-06,7.554999996273182e-06,8.082200000103512e-05,3.193999987161078e-06,96,False
3090,3.916599999342907e-05,8.928500000138229e-05,6.436000006715403e-06,7.224999990285141e-06,8.206000001109715e-05,3.54499999843938e-06,96,False
3091,3.817099999992024e-05,8.892299999274655e-05,6.399000000101296e-06,7.55700000354409e-06,8.136599998920246e-05,3.393999975287443e-06,96,False
3092,3.7104999989878706e-05,8.854399999336238e-05,5.4079999927125755e-06,7.468999996262937e-06,8.107499999709944e-05,3.56700002157595e-06,96,False
3093,3.6343999994414844e-05,0.0001281489999769292,5.884000017886137e-06,2.6905999988002804e-05,0.00010124299998892639,5.7029999993574165e-06,96,False
3094,4.087199999958102e-05,8.929200001261961e-05,5.668000000014217e-06,7.729000003564579e-06,8.156300000905503e-05,3.664999979946515e-06,96,False
3095,3.8111000009166673e-05,0.00023254399999927955,1.3071000012132572e-05,7.2710000154074805e-06,0.00022527299998387207,3.5900000057154102e-06,96,False
3096,7.136599998602833e-05,0.00010589100000402141,6.8009999836249335e-06,9.635000026264606e-06,9.62559999777568e-05,5.1389999953244114e-06,96,False
3097,4.187499999375177e-05,9.448599999473117e-05,6.9860000166954705e-06,8.360999999013075e-06,8.61249999957181e-05,3.923999997823557e-06,96,False
3098,5.021000001192988e-05,9.149799998908748e-05,4.941899999266752e-05,7.703000022729611e-06,8.379499996635786e-05,3.890000016326667e-06,96,False
3099,4.372300000454743e-05,0.00014827600000444363,7.389000018065417e-06,1.1324000013246405e-05,0.00013695199999119723,4.738000001225373e-06,96,False
3100,4.3169999997871855e-05,9.488799997825481e-05,7.29499998897154e-06,7.963000001609544e-06,8.692499997664527e-05,4.111999999167892e-06,96,False
3101,3.9830999980949855e-05,9.10149999810983e-05,7.017999990921453e-06,7.683999996288549e-06,8.333099998480975e-05,3.591000023561719e-06,96,False
3102,3.872199999932491e-05,9.038900000746253e-05,5.678000007947048e-06,7.69300001479678e-06,8.269599999266575e-05,3.5930000024109177e-06,96,False
3103,3.7915000007160415e-05,8.92900000053487e-05,6.197999994128622e-06,7.81899998969493e-06,8.147100001565377e-05,3.842000012355129e-06,96,False
3104,3.9122999993423946e-05,8.843499998079096e-05,5.221000009214549e-06,7.253999996237326e-06,8.118099998455364e-05,3.7270000063927e-06,96,False
3105,0.00014577200002463542,0.00010778399999367139,6.9210000219754875e-06,1.0866999986092196e-05,9.691700000757919e-05,4.796000013129742e-06,96,False
3106,4.273499999385422e-05,9.40759999821239e-05,5.92699998946955e-06,7.866999993666468e-06,8.620899998845744e-05,3.7359999964792223e-06,96,False
3107,3.909399998747176e-05,9.022300000083305e-05,5.6640000138941105e-06,7.57999998768355e-06,8.26430000131495e-05,3.6980000004405156e-06,96,False
3108,3.8520000003927635e-05,8.827899998209432e-05,5.67600000067614e-06,7.364999987657939e-06,8.091399999443638e-05,3.5019999984342576e-06,96,False
3109,3.823099999067381e-05,8.844800001384101e-05,5.619999996042679e-06,7.0859999823369435e-06,8.136200003150407e-05,3.528999997115534e-06,96,False
3110,3.721599998129932e-05,0.00012764999999603788,6.073000008655072e-06,2.3427999991554316e-05,0.00010422200000448356,5.900999980212873e-06,96,False
3111,4.138799999964249e-05,0.00011621299998409995,9.546999990561744e-06,8.14999998510757e-06,0.00010806299999899238,3.638000009686948e-06,96,False
3112,6.380400000693953e-05,0.00011243800000215742,6.674000019302184e-06,9.812000001829801e-06,0.00010262600000032762,5.476000012549775e-06,96,False
3113,4.0718999997579886e-05,9.131699999898046e-05,6.1679999987518386e-06,7.726999996293671e-06,8.359000000268679e-05,3.813999995827544e-06,96,False
3114,3.7882000015088124e-05,8.927800001856667e-05,5.77899999143483e-06,7.256000003508234e-06,8.202200001505844e-05,3.3599999937905523e-06,96,False
3115,3.760999999258274e-05,8.887100000265491e-05,5.8340000066436914e-06,7.302000000208864e-06,8.156900000244605e-05,3.5239999931491184e-06,96,False
3116,8.951099999876533e-05,0.00010796199998708289,8.05900000955262e-06,9.957000003169014e-06,9.800499998391388e-05,5.267000005915179e-06,96,False
3117,4.201599998054917e-05,9.349300000849325e-05,5.96099999938815e-06,7.593000020733598e-06,8.589999998775966e-05,3.993999996509956e-06,96,False
3118,3.8337000006549715e-05,8.9920000021948e-05,5.788000009943062e-06,7.286999988309617e-06,8.263300003363838e-05,3.866000014340898e-06,96,False
3119,3.838000000655484e-05,8.979400001862814e-05,5.780000009281139e-06,7.336999999552063e-06,8.245700001907608e-05,3.5900000057154102e-06,96,False
3120,3.9706999984900904e-05,8.989500000211592e-05,5.58499999669948e-06,7.6030000002447196e-06,8.22920000018712e-05,3.581000015628888e-06,96,False
3121,3.7675999976727326e-05,0.00012150099999530539,6.089999999403517e-06,7.382999996252693e-06,0.0001141179999990527,3.6449999925025622e-06,96,False
3122,5.6084000021883185e-05,9.391400001845795e-05,5.560999994713711e-06,8.256000000983477e-06,8.565800001747448e-05,4.127000011067139e-06,96,False
3123,3.9248000007319206e-05,9.064100001410225e-05,5.788999999367661e-06,7.947000000285698e-06,8.269400001381655e-05,3.941999977996602e-06,96,False
3124,3.848299999731353e-05,9.003400001006412e-05,5.633000000671018e-06,7.473000010804753e-06,8.256099999925937e-05,3.60199999249744e-06,96,False
3125,3.7802999997893494e-05,8.741100000975166e-05,5.574999988766649e-06,7.070000009434807e-06,8.034100000031685e-05,3.6430000136533636e-06,96,False
3126,3.647600001954743e-05,8.594100000891558e-05,5.471999998007959e-06,7.060000001501976e-06,7.88810000074136e-05,3.3540000003995374e-06,96,False
3127,4.0764000004855916e-05,0.0001185469999995803,5.9410000119441975e-06,7.08999999687876e-06,0.00011145700000270153,3.498000012314151e-06,96,False
3128,4.2487000001756314e-05,9.155300000429634e-05,5.552999994051788e-06,7.843000020102409e-06,8.370999998419393e-05,3.7609999878895906e-06,96,False
3129,3.7994999985357936e-05,9.01699999928951e-05,5.178000009209427e-06,7.654999990336364e-06,8.251500000255874e-05,3.769000016973223e-06,96,False
3130,3.673300000173185e-05,8.68280000076993e-05,5.403999978170759e-06,7.105999998202606e-06,7.97220000094967e-05,3.4960000050432427e-06,96,False
3131,6.110100000000784e-05,9.691599998973288e-05,5.973000014591889e-06,9.031999979924876e-06,8.7884000009808e-05,4.211999993231075e-06,96,False
3132,3.88220000218098e-05,0.00011266200002069127,6.509000002097309e-06,1.1585999999397245e-05,0.00010107600002129402,4.6860000111337285e-06,96,False
3133,7.530699997460033e-05,0.00019341299997677197,6.754999986924304e-06,1.3190000004215108e-05,0.00018022299997255686,5.882000010615229e-06,96,False
3134,4.338100001177736e-05,9.211599999048303e-05,5.990999994764934e-06,7.93399999565736e-06,8.418199999482567e-05,3.641999995807055e-06,96,False
3135,3.893500002050132e-05,8.984799998756898e-05,5.495000010569129e-06,7.662000001573688e-06,8.21859999859953e-05,3.620000001092194e-06,96,False
3136,3.797600001576029e-05,9.215800000106356e-05,5.520999991404096e-06,7.826000000932254e-06,8.43320000001313e-05,4.005999983291986e-06,96,False
3137,4.0079999990894066e-05,8.746800000380972e-05,5.427000019153638e-06,6.828000010727919e-06,8.06399999930818e-05,3.526999989844626e-06,96,False
3138,3.7631999987297604e-05,0.0003633900000181711,1.495499998327432e-05,4.0514999994911705e-05,0.0003228750000232594,1.3439000014159319e-05,96,False
3139,9.125400001153139e-05,0.00012380900000152906,7.406000008813862e-06,1.1023000013210549e-05,0.00011278599998831851,7.147000019358529e-06,96,False
3140,4.991099999074322e-05,9.86770000110937e-05,6.287000019256084e-06,8.476999994400103e-06,9.02000000166936e-05,4.0250000097330485e-06,96,False
3141,4.509199999347402e-05,9.666799999763498e-05,6.661000014673846e-06,8.005999973192957e-06,8.866200002444202e-05,4.119999999829815e-06,96,False
3142,5.620600001066123e-05,9.287000000313128e-05,6.150000018578794e-06,7.64899999694535e-06,8.522100000618593e-05,3.5770000010870717e-06,96,False
3143,3.799799998205344e-05,9.135799999171468e-05,5.772000008619216e-06,7.310000000870787e-06,8.404799999084389e-05,3.5789999799362704e-06,96,False
3144,3.781599997410012e-05,9.075899998833847e-05,5.673999993405232e-06,7.637999999587919e-06,8.312099998875055e-05,3.559000020914027e-06,96,False
3145,3.764599998135054e-05,9.022500000810396e-05,5.8469999828503205e-06,7.802999988371084e-06,8.242200001973288e-05,3.6710000017592392e-06,96,False
3146,3.827699998737444e-05,0.00010893699999314777,6.1679999987518386e-06,1.0615000007874187e-05,9.832199998527358e-05,4.448999987971547e-06,96,False
3147,4.092699998636817e-05,9.001199998692755e-05,5.503000011231052e-06,7.506999992301644e-06,8.25049999946259e-05,3.488999993805919e-06,96,False
3148,3.810600000520026e-05,8.891199999538912e-05,5.9799999974075035e-06,7.6110000009066425e-06,8.130099999448248e-05,3.369000012298784e-06,96,False
3149,3.7528999996538914e-05,9.037500001340959e-05,5.880000003344321e-06,7.674000016777427e-06,8.270099999663216e-05,3.403999983220274e-06,96,False
3150,3.789699999856566e-05,8.981400000607209e-05,5.50599997950485e-06,7.154999991598743e-06,8.265900001447335e-05,3.466000009666459e-06,96,False
3151,3.772700000581608e-05,8.888899998282795e-05,5.845999993425721e-06,7.151000005478636e-06,8.173799997734932e-05,3.5360000083528575e-06,96,False
3152,4.030499999885251e-05,8.82360000105109e-05,7.0660000233147e-06,7.209000017383005e-06,8.10269999931279e-05,3.628000001754117e-06,96,False
3153,3.7332999994532656e-05,8.807799997612165e-05,6.901999995534425e-06,7.393000004185524e-06,8.068499997193612e-05,3.410000005032998e-06,96,False
3154,3.691499998126346e-05,8.744199999455304e-05,6.42800000605348e-06,7.0330000028207e-06,8.040899999173234e-05,3.227999997079678e-06,96,False
3155,3.979199999548655e-05,8.835500000259344e-05,6.493000000773463e-06,6.651000006741015e-06,8.170399999585243e-05,3.555000006372211e-06,96,False
3156,3.7652000003163266e-05,8.758199999192584e-05,6.864999988920317e-06,6.555999988222538e-06,8.10260000037033e-05,3.421999991815028e-06,96,False
3157,3.782699999987926e-05,9.460500001523542e-05,6.815000006099581e-06,8.084999990387587e-06,8.652000002484783e-05,4.020999995191232e-06,96,False
3158,3.717799998526061e-05,0.00011828199998831224,6.82700002130332e-06,6.810000002133165e-06,0.00011147199998617907,3.292999991799661e-06,96,False
3159,4.370000002040797e-05,9.473299999740448e-05,6.286000001409775e-06,8.049000001619788e-06,8.668399999578469e-05,4.309999980023349e-06,96,False
3160,3.8383000003250345e-05,0.00014736800000036965,9.31200000309218e-06,7.79500001613087e-06,0.00013957299998423878,3.856999995832666e-06,96,False
3161,5.140500002198678e-05,0.0001008930000239161,6.923000000824686e-06,8.732000026157039e-06,9.216099999775906e-05,4.512999993266931e-06,96,False
3162,4.034700000943303e-05,9.780400000636291e-05,7.637999999587919e-06,7.858000003579946e-06,8.994600000278297e-05,3.896999999142281e-06,96,False
3163,3.924000000665728e-05,9.047300000020186e-05,6.67999998427149e-06,7.64700001809615e-06,8.282599998210571e-05,3.587999998444502e-06,96,False
3164,3.7606000006462637e-05,8.832500000721666e-05,6.273999986206036e-06,7.788000004893547e-06,8.053700000232311e-05,3.523000003724519e-06,96,False
3165,3.6982000011676064e-05,0.0001461870000127874,8.496999981844056e-06,7.4049999909675535e-06,0.00013878200002181984,3.5110000169424893e-06,96,False
3166,5.88359999937893e-05,0.000104692999997269,7.107000016048914e-06,8.761000003687514e-06,9.593199999358148e-05,4.601999989972683e-06,96,False
3167,4.0536000000201966e-05,9.819800001764634e-05,6.772999995519058e-06,8.186000002297078e-06,9.001200001534926e-05,3.8060000235873304e-06,96,False
3168,3.904100000795552e-05,9.033800000679548e-05,6.403000014643112e-06,7.801999998946485e-06,8.2536000007849e-05,3.67000001233464e-06,96,False
3169,4.024599999752354e-05,0.0001418690000036804,9.102999996457584e-06,7.726000006869072e-06,0.00013414299999681134,3.2830000122885394e-06,96,False
3170,5.30330000003687e-05,0.00010528600000725419,7.344000010789387e-06,8.892000010973788e-06,9.63939999962804e-05,4.660999991301651e-06,96,False
3171,4.5177000004059664e-05,0.00012389900001608112,8.2299999917268e-06,1.246899998363915e-05,0.00011143000003244197,5.567999977529325e-06,96,False
3172,4.5643999982303285e-05,9.606800000483418e-05,7.353000000875909e-06,8.410999981833811e-06,8.765700002300036e-05,3.944999974692109e-06,96,False
3173,3.962900001397429e-05,9.036100001935665e-05,6.267999992815021e-06,7.202000006145681e-06,8.315900001321097e-05,3.640000016957856e-06,96,False
3174,3.761299998927825e-05,8.729199998924742e-05,4.6245999982375e-05,6.749999982957888e-06,8.054200000628953e-05,3.512999995791688e-06,96,False
3175,7.26939999822207e-05,0.00010638999998491272,9.101999978611275e-06,9.66600001106599e-06,9.672399997384673e-05,5.275000006577102e-06,96,False
3176,4.085000000486616e-05,9.285999999519845e-05,6.820000010065996e-06,7.652999983065456e-06,8.5207000012133e-05,3.620000001092194e-06,96,False
3177,3.773999998202271e-05,8.969199998887234e-05,6.6990000107125525e-06,7.3889999896437075e-06,8.230299999922863e-05,3.440000000409782e-06,96,False
3178,3.8623999984110924e-05,8.746899999323432e-05,6.9319999909112084e-06,7.3519999830296e-06,8.011700001020472e-05,3.290000023525863e-06,96,False
3179,3.717200002029131e-05,8.652899998651264e-05,6.00699999608878e-06,7.189000001517343e-06,7.93399999849953e-05,3.379000020231615e-06,96,False
3180,3.6526999991792763e-05,0.0001278649999960635,6.603000002769477e-06,6.627000004755246e-06,0.00012123799999130824,3.397999989829259e-06,96,False
3181,4.090699999892422e-05,9.13970000055997e-05,6.188000014617501e-06,7.909000004246991e-06,8.34880000013527e-05,3.822999985914066e-06,96,False
3182,3.7871999978733584e-05,8.688800002687458e-05,6.419000015966958e-06,7.160999984989758e-06,7.972700004188482e-05,3.496999994467842e-06,96,False
3183,3.7675999976727326e-05,9.435299998017399e-05,6.567000014001678e-06,7.350999993605001e-06,8.700199998656899e-05,3.4979999838924414e-06,96,False
3184,3.714499999318832e-05,8.903099998747166e-05,6.079999991470686e-06,7.492999998248706e-06,8.153799998922295e-05,3.527999979269225e-06,96,False
3185,3.703400000176771e-05,8.762500002035267e-05,6.033000005345457e-06,7.087999989607852e-06,8.053700003074482e-05,3.369000012298784e-06,96,False
3186,3.6671999993131976e-05,8.572400000161906e-05,6.126000016593025e-06,6.62200000078883e-06,7.910200000083023e-05,3.3990000076755678e-06,96,False
3187,3.627699999242395e-05,8.737699999983306e-05,6.1739999921428534e-06,7.532000012133722e-06,7.984499998769934e-05,3.4759999891775806e-06,96,False
3188,4.95490000105292e-05,8.920799999145856e-05,6.06399999014684e-06,7.596000017429105e-06,8.161199997402946e-05,3.7890000044171757e-06,96,False
3189,3.6492000020871274e-05,8.709100001169645e-05,6.080999980895285e-06,7.246999985000002e-06,7.984400002669645e-05,3.4489999904963042e-06,96,False
3190,3.651800000170624e-05,8.77429999945889e-05,6.1290000132885325e-06,7.495000005519614e-06,8.024799998906929e-05,3.272999975933999e-06,96,False
3191,3.833900001382062e-05,8.748900000909998e-05,6.259999992153098e-06,7.2349999982179725e-06,8.025400001088201e-05,3.5850000017489947e-06,96,False
3192,3.738800000974152e-05,8.663899998850866e-05,6.181999992804776e-06,7.053000018686362e-06,7.95859999698223e-05,3.3599999937905523e-06,96,False
3193,6.581099998470563e-05,9.882999998467312e-05,6.05200000336481e-06,9.417000001121778e-06,8.941299998355134e-05,4.317999980685272e-06,96,False
3194,0.00010728200001608457,0.0001698979999957828,1.2452999982315305e-05,2.037900000573245e-05,0.00014951899999005036,9.370000014996549e-06,96,False
3195,6.346499998244326e-05,0.00014715199998249773,7.095000000845175e-06,1.0333999995282284e-05,0.00013681799998721544,4.996000001256107e-06,96,False
3196,4.6794000013505865e-05,9.704400000032365e-05,5.680000015217956e-06,8.451000013565135e-06,8.859299998675851e-05,4.282000020339183e-06,96,False
3197,4.0308999984972615e-05,9.847100000115461e-05,6.024000015258935e-06,7.958999987067727e-06,9.051200001408688e-05,3.7620000057358993e-06,96,False
3198,3.915399997822533e-05,9.007500000279833e-05,5.89299997955095e-06,7.255000014083635e-06,8.28199999887147e-05,3.859000003103574e-06,96,False
3199,3.869500000064363e-05,8.970799999019619e-05,5.748000006633447e-06,7.411000012780278e-06,8.229699997741591e-05,3.8210000070648675e-06,96,False
3200,3.8529000022435866e-05,8.705700000177785e-05,5.598000001327819e-06,6.795000018655628e-06,8.026199998312222e-05,3.741000000445638e-06,96,False
3201,3.763800000911033e-05,0.00012546599998586316,6.187999986195791e-06,2.3782999988952724e-05,0.00010168299999691044,6.0669999868423474e-06,96,False
3202,4.139500001087981e-05,9.138599997982055e-05,5.489000017178114e-06,8.09300001947122e-06,8.329299996034933e-05,3.4899999832305184e-06,96,False
3203,3.7585000001172375e-05,8.979500000805274e-05,5.378999986760391e-06,7.458000027327216e-06,8.233699998072552e-05,3.3540000003995374e-06,96,False
3204,3.8302999996631115e-05,8.941799998751776e-05,5.439000005935668e-06,7.2690000081365724e-06,8.214899997938119e-05,3.6980000004405156e-06,96,False
3205,3.7597000016376114e-05,8.804000000850465e-05,5.571000002646542e-06,7.291000002851433e-06,8.074900000565322e-05,3.7320000103591155e-06,96,False
3206,3.762699998333119e-05,0.00011652800000661045,9.304000002430257e-06,7.059000012077377e-06,0.00010946899999453308,3.470000024208275e-06,96,False
3207,6.155299999477393e-05,0.00011579400000982787,7.2429999988798954e-06,1.194600000076207e-05,0.0001038480000090658,5.241999986083101e-06,96,False
3208,4.530999999019514e-05,9.226699998521326e-05,5.615999981500863e-06,7.975000016813283e-06,8.429199996839998e-05,3.5329999832356407e-06,96,False
3209,3.899300000398398e-05,0.00010601100001395025,5.990999994764934e-06,7.631999977775195e-06,9.837900003617506e-05,3.565000014305042e-06,96,False
3210,3.968699999745695e-05,8.907000000135668e-05,5.7839999954012455e-06,7.668000023386412e-06,8.140199997797026e-05,3.6949999753232987e-06,96,False
3211,3.7551000019675485e-05,9.201299999972434e-05,5.590000000665896e-06,7.473000010804753e-06,8.453999998891959e-05,3.417000016270322e-06,96,False
3212,3.7095000010367585e-05,8.864000000130545e-05,2.1957000001293636e-05,7.15800001671596e-06,8.148199998458949e-05,3.5639999964587332e-06,96,False
3213,5.5672999991429606e-05,9.554599998295998e-05,5.600000008598727e-06,8.665999985169037e-06,8.687999999779095e-05,4.306999983327842e-06,96,False
3214,3.8689999996677216e-05,8.968299999878582e-05,5.474999994703467e-06,7.291000002851433e-06,8.239199999593438e-05,3.6180000222429953e-06,96,False
3215,3.715600001896746e-05,8.751400000051035e-05,5.778000002010231e-06,7.2690000081365724e-06,8.024499999237378e-05,3.3780000023853063e-06,96,False
3216,4.187700000102268e-05,8.901399999672321e-05,5.475999984128066e-06,7.484999997586783e-06,8.152899999913643e-05,3.523000003724519e-06,96,False
3217,4.125800001020252e-05,8.847000000855587e-05,5.471999998007959e-06,7.295999978396139e-06,8.117400003015973e-05,3.5429999911684718e-06,96,False
3218,3.719299999715986e-05,8.919100000071012e-05,5.390000012539531e-06,7.261999996899249e-06,8.192900000381087e-05,3.4610000057000434e-06,96,False
3219,6.864299999165269e-05,9.53360000153225e-05,5.708000003323832e-06,8.504000021503089e-06,8.683199999381941e-05,4.1400000156954775e-06,96,False
3220,3.753100000380982e-05,8.990799997832255e-05,5.241999986083101e-06,7.315000004837202e-06,8.259299997348535e-05,3.579999997782579e-06,96,False
3221,3.7448999989919685e-05,8.984300001202428e-05,5.2299999993010715e-06,7.820999996965838e-06,8.202200001505844e-05,3.6840000063875777e-06,96,False
3222,3.7004000006390925e-05,8.892200000332195e-05,5.318000006582224e-06,7.698999979766086e-06,8.122300002355587e-05,3.4109999944575975e-06,96,False
3223,3.77719999846704e-05,8.772499998599415e-05,5.323999999973239e-06,7.4570000094809075e-06,8.026799997651324e-05,3.6319999878742237e-06,96,False
3224,3.659899999775007e-05,0.00026823999999692205,8.467000014888981e-06,7.105999998202606e-06,0.00026113399999871945,3.3480000070085225e-06,96,False
3225,6.208899998227935e-05,0.00011976100000765655,8.521000012251534e-06,1.0795999997981198e-05,0.00010896500000967535,5.980999986832103e-06,96,False
3226,0.00016213300000345043,0.00028996699998629083,1.1180000001331791e-05,1.7021999980215696e-05,0.00027294500000607513,8.59400000763344e-06,96,False
3227,0.00017848400000275433,0.00015594499998883293,2.9286999989608375e-05,1.5254000004460977e-05,0.00014069099998437196,7.533000001558321e-06,96,False
3228,5.7723999987047137e-05,0.00011701899998683984,7.267999990290264e-06,1.0889000009228766e-05,0.00010612999997761108,5.098000002590197e-06,96,False
3229,4.404099999533173e-05,0.00010857499998451203,3.574299998376773e-05,9.575999996513929e-06,9.89989999879981e-05,3.729000013663608e-06,96,False
3230,0.00021671100000730803,0.00018713200000775032,1.5624999974761522e-05,1.798499999949854e-05,0.00016914700000825178,1.053100001513485e-05,96,False
3231,6.9208000013532e-05,0.00012405499998635605,9.723999994548649e-06,1.0647999999946478e-05,0.00011340699998640957,4.5269999873198685e-06,96,False
3232,8.037800000693096e-05,0.00012534300000766052,6.235999990167329e-06,1.109000001520144e-05,0.00011425299999245908,6.224000003385299e-06,96,False
3233,4.0810000001556546e-05,9.273800000642041e-05,6.0140000073261035e-06,7.925999994995436e-06,8.481200001142497e-05,3.6659999977928237e-06,96,False
3234,3.885499998546038e-05,8.96749999981239e-05,5.692000001999986e-06,7.559000010814998e-06,8.21159999873089e-05,3.5119999779453792e-06,96,False
3235,3.8566000000628264e-05,8.847099999798047e-05,5.501999993384743e-06,7.559000010814998e-06,8.091199998716547e-05,3.274999983204907e-06,96,False
3236,3.7869999999884385e-05,8.971199997631629e-05,5.788000009943062e-06,7.861000000275453e-06,8.185099997604084e-05,3.4189999951195205e-06,96,False
3237,3.667100000370738e-05,8.793500001047505e-05,5.761000011261785e-06,7.470000014109246e-06,8.04649999963658e-05,3.4349999964433664e-06,96,False
3238,3.77359999959026e-05,8.698300001697135e-05,5.385000008573115e-06,6.580000018630017e-06,8.040299999834133e-05,3.5869999805981934e-06,96,False
3239,3.616600000100334e-05,8.685000000241416e-05,5.778000002010231e-06,7.304999996904371e-06,7.954500000550979e-05,3.2570000030318624e-06,96,False
3240,4.316200002563164e-05,8.59499999990021e-05,5.622999992738187e-06,6.858000006104703e-06,7.90919999928974e-05,3.4610000057000434e-06,96,False
3241,3.703999999515872e-05,0.000497268999993139,1.3214000006200877e-05,2.4567999986402356e-05,0.00047270100000673665,9.160000018937353e-06,96,False
3242,6.174500001066008e-05,0.00010137999998960368,6.888999990906086e-06,9.064000010994278e-06,9.23159999786094e-05,4.1220000071007235e-06,96,False
3243,4.2429000018273655e-05,9.303100000579434e-05,7.603999989669319e-06,8.094999998320418e-06,8.493600000747392e-05,3.6650000083682244e-06,96,False
3244,3.9874999998801286e-05,0.00014421500000594278,7.71700001678255e-06,3.993999999352127e-05,0.00010427500001242151,5.617999988771771e-06,96,False
3245,4.29370000176732e-05,9.494299999346367e-05,7.369999991624354e-06,8.46900002215989e-06,8.647399997130378e-05,3.84099999450882e-06,96,False
3246,4.1233000018792154e-05,9.300900001107948e-05,6.767999991552642e-06,7.6030000002447196e-06,8.540600001083476e-05,3.615999986550378e-06,96,False
3247,6.733899999744608e-05,0.0001036399999918558,6.988000023966379e-06,9.576999985938528e-06,9.406300000591727e-05,4.136999990578261e-06,96,False
3248,4.0376999976388106e-05,9.033000000613356e-05,6.38299999877745e-06,7.148999998207728e-06,8.318100000792583e-05,3.575999983240763e-06,96,False
3249,3.939100000138751e-05,8.921100001657578e-05,6.319000021903776e-06,7.24999998169551e-06,8.196100003488027e-05,3.4899999832305184e-06,96,False
3250,3.91760000013619e-05,8.921099998815407e-05,4.356700000585079e-05,7.094000011420576e-06,8.21169999767335e-05,3.6559999898599926e-06,96,False
3251,4.311099999654289e-05,9.700400002543574e-05,6.14399999676607e-06,9.476999991875346e-06,8.75270000335604e-05,4.170000011072261e-06,96,False
3252,3.867299997750706e-05,0.00012044400000377209,6.630000001450753e-06,6.772999995519058e-06,0.00011367100000825303,3.4530000050381204e-06,96,False
3253,6.541499999457301e-05,9.792800000241186e-05,6.936000005453025e-06,8.893000000398388e-06,8.903500000201348e-05,4.301000018358536e-06,96,False
3254,4.521900001464019e-05,9.288799998330433e-05,6.822999978339794e-06,8.086999997658495e-06,8.480099998564583e-05,3.92100000112805e-06,96,False
3255,3.8050999989991396e-05,8.826399999861678e-05,7.0100000186812395e-06,7.40900000550937e-06,8.085499999310741e-05,3.4960000050432427e-06,96,False
3256,3.839699999730328e-05,8.821899999134075e-05,6.3250000152947905e-06,7.53400001940463e-06,8.068499997193612e-05,3.628000001754117e-06,96,False
3257,3.633700001159923e-05,8.838600001581653e-05,6.122000002051209e-06,6.972000022642533e-06,8.1413999993174e-05,3.5639999964587332e-06,96,False
3258,3.7173000009715906e-05,0.00012254400002120747,6.955000003472378e-06,7.159000006140559e-06,0.00011538500001506691,1.9177000012859935e-05,96,False
3259,4.2008999997733554e-05,8.87289999980112e-05,5.768999983501999e-06,7.525999990320997e-06,8.120300000769021e-05,3.6430000136533636e-06,96,False
3260,3.835399999729816e-05,8.801900000321439e-05,6.475000020600419e-06,7.2450000061508035e-06,8.077399999706358e-05,3.4060000189128914e-06,96,False
3261,3.697299999316783e-05,8.777100001111648e-05,5.525999995370512e-06,7.114999988289128e-06,8.065600002282736e-05,3.3729999984188908e-06,96,False
3262,3.6503000018228704e-05,8.593699999437376e-05,6.229999996776314e-06,6.823999996186103e-06,7.911299999818766e-05,3.448000001071705e-06,96,False
3263,3.764400000250134e-05,8.831000002373912e-05,6.158000019240717e-06,7.177000014735313e-06,8.113300000900381e-05,3.3459999997376144e-06,96,False
3264,3.728199999386561e-05,0.00019783999999845037,6.756999994195212e-06,7.2710000154074805e-06,0.00019056899998304289,3.656000018281702e-06,96,False
3265,4.7158999990415396e-05,9.531999998557694e-05,5.540000017845159e-06,8.522999991100733e-06,8.679699999447621e-05,4.431000007798502e-06,96,False
3266,6.08409999927062e-05,0.00012249899998550973,9.25599999845872e-06,1.3601000006246977e-05,0.00010889799997926275,5.88100002119063e-06,96,False
3267,4.5884000002160974e-05,0.0001477069999964442,8.564000012256656e-06,1.4329999999063148e-05,0.00013337699999738106,5.590000000665896e-06,96,False
3268,5.2130000000261134e-05,9.686600000691215e-05,6.304999999429128e-06,8.410999981833811e-06,8.845500002507833e-05,3.824000003760375e-06,96,False
3269,6.719199998883596e-05,0.00010257499999966058,6.285000011985176e-06,1.006400000846952e-05,9.251099999119106e-05,4.351000001179273e-06,96,False
3270,4.075000001080298e-05,9.16810000148871e-05,5.528999992066019e-06,7.8750000227501e-06,8.3805999992137e-05,3.6550000004353933e-06,96,False
3271,3.898900001786387e-05,9.152999999173517e-05,5.513000019163883e-06,7.382999996252693e-06,8.414699999548247e-05,3.7179999878844683e-06,96,False
3272,3.990300001532887e-05,9.323800000515803e-05,5.734000012580509e-06,7.173999989618096e-06,8.606400001553993e-05,3.763000023582208e-06,96,False
3273,4.024899999421905e-05,9.429499999669133e-05,6.0950000033699325e-06,7.166000017377883e-06,8.712899997931345e-05,3.628000001754117e-06,96,False
3274,4.042700001605226e-05,9.228999999777443e-05,5.646999994723956e-06,8.36600000297949e-06,8.392399999479494e-05,3.4699999957865657e-06,96,False
3275,5.679700001337551e-05,9.661999999366344e-05,6.220000017265193e-06,8.438999998361396e-06,8.818099999530205e-05,4.224999997859413e-06,96,False
3276,3.831099999729304e-05,9.042799999292583e-05,5.714000025136556e-06,7.227999986980649e-06,8.320000000594518e-05,3.5640000248804427e-06,96,False
3277,3.769400001374379e-05,9.035499999754393e-05,5.486999981485496e-06,7.691000007525872e-06,8.266399999001806e-05,3.6570000077063014e-06,96,False
3278,3.7697999999863896e-05,8.895199999869874e-05,5.735999991429708e-06,6.993999988935684e-06,8.195800000976305e-05,3.5040000057051657e-06,96,False
3279,3.756600000315302e-05,9.212199998387405e-05,5.5069999973511585e-06,7.076000002825822e-06,8.504599998104823e-05,3.377000012960707e-06,96,False
3280,3.775300001507276e-05,8.692500000506698e-05,5.473999976857158e-06,6.584999994174723e-06,8.034000001089225e-05,3.4509999977672123e-06,96,False
3281,6.66400000000067e-05,9.573799999884613e-05,5.831000009948184e-06,8.49100001687475e-06,8.724699998197138e-05,4.324000002497996e-06,96,False
3282,3.867599997420257e-05,9.392200001911988e-05,5.609999988109848e-06,7.64800000752075e-06,8.627400001159913e-05,3.484999979264103e-06,96,False
3283,3.789000001575005e-05,8.871500000395827e-05,6.600000006073969e-06,7.4410000081570615e-06,8.12739999958012e-05,3.367000005027876e-06,96,False
3284,3.7847000015744925e-05,8.754099999919163e-05,6.525999992845755e-06,6.833000014694335e-06,8.070799998449729e-05,3.383000006351722e-06,96,False
3285,3.746199999454802e-05,8.743499998331572e-05,6.187999986195791e-06,7.030000006125192e-06,8.040499997719053e-05,3.6160000149720872e-06,96,False
3286,3.6457000021528074e-05,8.776800001442098e-05,6.4850000001115404e-06,7.118000013406345e-06,8.065000000101463e-05,3.4859999971104116e-06,96,False
3287,6.342599999697995e-05,9.77320000004056e-05,5.922000013924844e-06,9.204999997791674e-06,8.852700000261393e-05,4.153999981326706e-06,96,False
3288,3.881300000330157e-05,8.84439999992992e-05,6.350000006705159e-06,7.453999984363691e-06,8.09900000149355e-05,3.5950000096818258e-06,96,False
3289,3.7390999978015316e-05,8.901999999011423e-05,6.053999982214009e-06,7.207999999536696e-06,8.181199999057753e-05,3.5669999931542407e-06,96,False
3290,3.63960000129282e-05,0.00010040600000138511,6.479999996145125e-06,7.423999988986907e-06,9.29820000123982e-05,3.60199999249744e-06,96,False
3291,3.794399998469089e-05,8.775899999591275e-05,5.751999992753554e-06,7.207999999536696e-06,8.055099999637605e-05,3.4899999832305184e-06,96,False
3292,3.691999998522988e-05,0.00010447500000054788,6.009999992784287e-06,9.98400000185029e-06,9.449099999869759e-05,4.340000003821842e-06,96,False
3293,3.99159999915355e-05,9.043000000019674e-05,6.792000021960121e-06,7.361999990962431e-06,8.306800000923431e-05,3.6369999918406393e-06,96,False
3294,3.744599999322418e-05,8.896600002117339e-05,5.948999984184411e-06,7.173999989618096e-06,8.179200003155529e-05,3.741000000445638e-06,96,False
3295,3.824099999860664e-05,8.888499999670785e-05,5.396999995355145e-06,7.183999997550927e-06,8.170099999915692e-05,3.6760000057256548e-06,96,False
3296,3.75570000130665e-05,8.743200001504192e-05,5.452999999988606e-06,7.0309999955497915e-06,8.040100001949213e-05,3.5479999951348873e-06,96,False
3297,3.947400000470225e-05,8.792500000254222e-05,5.337999994026177e-06,7.252999978391017e-06,8.06720000241512e-05,3.393999975287443e-06,96,False
3298,3.728200002228732e-05,0.00012435800002208452,5.8389999821883976e-06,1.0719000016479185e-05,0.00011363900000560534,4.3020000077831355e-06,96,False
3299,3.9600999997446706e-05,8.934699999940676e-05,5.4340000019692525e-06,7.296999996242448e-06,8.205000000316431e-05,3.6270000123295176e-06,96,False
3300,3.688200001761288e-05,8.726000001502143e-05,5.444999999326683e-06,6.9760000087626395e-06,8.02840000062588e-05,3.1540000122731726e-06,96,False
3301,3.720599997336649e-05,8.844800001384101e-05,5.316999988735915e-06,6.9980000034775e-06,8.145000001036351e-05,3.61300001827658e-06,96,False
3302,3.795599999989463e-05,8.980199999086835e-05,5.297000001291963e-06,7.711999984394424e-06,8.209000000647393e-05,3.7380000037501304e-06,96,False
3303,3.726299999584626e-05,8.70739999925263e-05,5.358999999316438e-06,7.104000019353407e-06,7.996999997317289e-05,3.517000010333504e-06,96,False
3304,3.6856999997780804e-05,0.00012394399999493544,5.970000017896382e-06,6.987999995544669e-06,0.00011695599999939077,2.03240000189453e-05,96,False
3305,4.061300001012569e-05,9.003900001403053e-05,5.370999986098468e-06,7.667000005540103e-06,8.237200000849043e-05,3.779999985908944e-06,96,False
3306,3.931300000203919e-05,8.699800000044888e-05,5.304000012529286e-06,6.9419999988440395e-06,8.005600000160484e-05,3.458000009004536e-06,96,False
3307,3.764499999192594e-05,8.690600000704762e-05,5.273999988730793e-06,7.37499999559077e-06,7.953100001145685e-05,3.5770000010870717e-06,96,False
3308,3.645000001029075e-05,8.604200002082507e-05,5.4340000019692525e-06,6.48599998953614e-06,7.955600003128893e-05,3.2739999937803077e-06,96,False
3309,3.689499999381951e-05,8.71070000130203e-05,6.4689999987876945e-06,7.166000017377883e-06,7.994099999564241e-05,3.4300000208986603e-06,96,False
3310,3.647399998385481e-05,0.00016619100000525577,4.572800000346433e-05,7.091999975727958e-06,0.00015909900002952782,3.5350000189282582e-06,96,False
3311,7.754000000659289e-05,0.00010468700000387798,9.930999993912337e-06,8.519999994405225e-06,9.616700000947276e-05,5.107000021098429e-06,96,False
3312,3.9841000017304395e-05,9.141699999304365e-05,6.691999999475229e-06,7.666000016115504e-06,8.375099997692814e-05,3.652000003739886e-06,96,False
3313,3.8872999994055135e-05,0.00010076500001332533,6.682999980966997e-06,7.027999998854284e-06,9.373700001447105e-05,3.6170000043966866e-06,96,False
3314,3.976800002192249e-05,8.92919999841979e-05,6.488000025228757e-06,7.206999981690387e-06,8.208500000250751e-05,3.4759999891775806e-06,96,False
3315,3.7904000009802985e-05,0.00025769500001615597,1.432700000236764e-05,7.304999996904371e-06,0.0002503900000192516,3.53300001165735e-06,96,False
3316,9.507699999744545e-05,0.0001441480000039519,8.825999998407497e-06,1.3294000012820106e-05,0.00013085399999113179,7.24900002069262e-06,96,False
3317,5.3805999982614594e-05,0.00010855100001094797,7.785999997622639e-06,9.157999983244736e-06,9.939300002770324e-05,4.499999988638592e-06,96,False
3318,4.5106000015948666e-05,0.00010155900000086149,7.453999984363691e-06,7.889999977805928e-06,9.366900002305556e-05,3.6110000110056717e-06,96,False
3319,4.847599998925034e-05,0.00017972300000224095,1.5191999978014792e-05,8.199999996350016e-06,0.00017152300000589094,3.722999991850884e-06,96,False
3320,9.766499999841471e-05,0.00012319699999352451,7.925000005570837e-06,1.0750999990705168e-05,0.00011244600000281935,6.686000006084214e-06,96,False
3321,4.3465999993941296e-05,9.659700000952398e-05,6.775999992214565e-06,8.051999998315296e-06,8.854500001120869e-05,4.170000011072261e-06,96,False
3322,4.0536000000201966e-05,9.269699998526448e-05,6.705999993528167e-06,7.452000005514492e-06,8.524499997974999e-05,4.055999994534432e-06,96,False
3323,3.884700001322017e-05,9.233799997332426e-05,7.022000005463269e-06,7.675999995626626e-06,8.466199997769763e-05,3.638000009686948e-06,96,False
3324,3.9374000010639065e-05,0.00046609599999669626,1.2838999992936806e-05,4.329999998731182e-05,0.00042279600000938444,1.1734999986856565e-05,96,False
3325,7.72260000019287e-05,0.00010797600000955754,4.3807999986711366e-05,9.983000012425691e-06,9.799299999713185e-05,4.420000010441072e-06,96,False
3326,4.9164000017754006e-05,0.00010071200000538738,7.210000006807604e-06,8.426000022154767e-06,9.228599998323261e-05,4.292999989274904e-06,96,False
3327,4.189699998846663e-05,9.394799999995485e-05,7.030000006125192e-06,7.356999986996016e-06,8.659100001295883e-05,3.851999991866251e-06,96,False
3328,3.997600001071078e-05,9.269599999583988e-05,6.859999984953902e-06,7.756000002245855e-06,8.493999999359403e-05,3.6929999964741e-06,96,False
3329,5.4626999997253733e-05,9.159500001487686e-05,6.837999990239041e-06,7.349000014755802e-06,8.424600000012106e-05,3.5260000004200265e-06,96,False
3330,3.971000001001812e-05,9.082700000817567e-05,6.695000024592446e-06,7.578000008834351e-06,8.324899999934132e-05,3.5089999812498718e-06,96,False
3331,3.9614000002075045e-05,8.90789999914432e-05,6.528999989541262e-06,7.450999987668183e-06,8.162800000377501e-05,3.549000012981196e-06,96,False
3332,3.808200000321449e-05,8.848799998872892e-05,6.697000003441644e-06,7.498000002215122e-06,8.09899999865138e-05,3.491000001076827e-06,96,False
3333,3.756000000976201e-05,0.0002490969999939807,1.3670000015508776e-05,7.559000010814998e-06,0.00024153799998316572,3.35100000370403e-06,96,False
3334,7.452299999499701e-05,0.00012007999998786545,7.788000004893547e-06,1.1664999988170166e-05,0.00010841499999969528,6.033999994770056e-06,96,False
3335,4.143999998973413e-05,9.609299999624454e-05,6.862000020646519e-06,8.265999980494598e-06,8.782700001574995e-05,4.138999997849169e-06,96,False
3336,3.9670000006708506e-05,9.21369999957733e-05,6.768999980977242e-06,7.143000004816713e-06,8.499399999095658e-05,3.6659999977928237e-06,96,False
3337,3.8999999986799594e-05,8.961899999349043e-05,6.457000012005665e-06,7.257000021354543e-06,8.236199997213589e-05,3.5809999872071785e-06,96,False
3338,3.7880000007817216e-05,8.908700002052683e-05,5.649000001994864e-06,7.345999989638585e-06,8.174100003088824e-05,3.4439999865298887e-06,96,False
3339,4.234700000438352e-05,8.876600000462531e-05,5.969000000050073e-06,7.34000002466928e-06,8.142599997995603e-05,3.211999995755832e-06,96,False
3340,3.73480000064319e-05,8.835700000986435e-05,5.568999995375634e-06,7.651999993640857e-06,8.07050000162235e-05,3.5770000010870717e-06,96,False
3341,3.684000000703236e-05,8.678999998323889e-05,5.495000010569129e-06,6.990000002815577e-06,7.979999998042331e-05,3.496999994467842e-06,96,False
3342,3.670399999577967e-05,8.760599999391161e-05,5.722999986801369e-06,7.4540000127854e-06,8.015199998112621e-05,3.614000007701179e-06,96,False
3343,7.907599999157355e-05,0.00010202600000752682,6.328000011990298e-06,8.976000003713125e-06,9.305000000381369e-05,4.192000005787122e-06,96,False
3344,3.866500000526685e-05,9.032200000547164e-05,5.71000001059474e-06,7.456999981059198e-06,8.286500002441244e-05,3.507000002400673e-06,96,False
3345,3.923299999541996e-05,8.969900000010966e-05,5.659999999352294e-06,7.336999999552063e-06,8.23620000005576e-05,3.531000004386442e-06,96,False
3346,3.884199998083204e-05,8.868399999073517e-05,5.518999984133188e-06,6.890999998176994e-06,8.179299999255818e-05,3.4619999951246427e-06,96,False
3347,3.62579999944046e-05,8.766599998466518e-05,6.331000008685805e-06,6.691999999475229e-06,8.097399998518995e-05,3.5319999938110413e-06,96,False
3348,3.7597000016376114e-05,8.74979999991865e-05,5.9410000119441975e-06,6.754999986924304e-06,8.07430000122622e-05,3.420999973968719e-06,96,False
3349,3.623599999968974e-05,8.736699999190023e-05,6.1759999994137615e-06,7.196000012754666e-06,8.017099997914556e-05,3.539000005048365e-06,96,False
3350,3.6192999999684616e-05,8.646599999906357e-05,6.4589999908548634e-06,6.514000006063725e-06,7.995199999299984e-05,3.6410000063824555e-06,96,False
3351,3.7344999981314686e-05,8.625199998846256e-05,6.044000002702887e-06,6.805999987591349e-06,7.944600000087121e-05,3.3209999799055367e-06,96,False
3352,5.2127999992990226e-05,8.948999999347507e-05,6.571999989546384e-06,7.2089999889612955e-06,8.228100000451377e-05,3.5360000083528575e-06,96,False
3353,3.773099999193619e-05,9.170699999572207e-05,6.368000015299913e-06,7.28399999161411e-06,8.442300000410796e-05,3.5360000083528575e-06,96,False
3354,3.734200001304089e-05,8.761300000514893e-05,5.88100002119063e-06,6.768999980977242e-06,8.084400002417169e-05,3.7270000063927e-06,96,False
3355,3.69610000063858e-05,0.00012986199999431847,6.619999993517922e-06,1.1040999993383593e-05,0.00011882100000093487,4.388999997217979e-06,96,False
3356,3.9877999995496793e-05,9.112500001151602e-05,6.367999986878203e-06,7.691999996950472e-06,8.343300001456555e-05,3.536999997777457e-06,96,False
3357,3.853999999137159e-05,8.916599998087804e-05,6.498000004739879e-06,7.525000000896398e-06,8.164099997998164e-05,3.6109999825839623e-06,96,False
3358,3.785499998798514e-05,8.833100000060767e-05,6.42800000605348e-06,7.1929999876374495e-06,8.113800001297022e-05,3.5089999812498718e-06,96,False
3359,3.6842999975306157e-05,8.856900001319445e-05,6.16600001990264e-06,7.152000023324945e-06,8.141699998986951e-05,3.625999994483209e-06,96,False
3360,3.675700000371762e-05,8.870999999999185e-05,6.339000009347728e-06,7.632000006196904e-06,8.107799999379495e-05,3.7519999978030683e-06,96,False
3361,3.575900001351329e-05,8.919999999079664e-05,6.036000002040964e-06,7.3760000134370785e-06,8.182399997735956e-05,3.504999995129765e-06,96,False
3362,3.813499998273073e-05,8.830999999531741e-05,6.3640000007580966e-06,7.3680000127751555e-06,8.094199998254226e-05,3.4210000023904286e-06,96,False
3363,3.804400000717578e-05,8.681400001364636e-05,6.20099999082413e-06,7.024000012734177e-06,7.979000000091219e-05,3.545999987863979e-06,96,False
3364,3.6223999984486e-05,8.656999997924686e-05,5.9699999894746725e-06,7.028999988278883e-06,7.954099999096798e-05,3.486999986535011e-06,96,False
3365,3.683500000306594e-05,8.624299999837604e-05,6.065999997417748e-06,6.459000019276573e-06,7.978399997909946e-05,3.2709999970848003e-06,96,False
3366,3.73480000064319e-05,8.637499999508691e-05,6.126000016593025e-06,6.952000006776871e-06,7.942299998831004e-05,3.4960000050432427e-06,96,False
3367,3.691500000968517e-05,0.00011449800001628319,7.284000020035819e-06,7.194999994908358e-06,0.00010730300002137483,3.484999979264103e-06,96,False
3368,5.300399999441652e-05,0.00017302900002391652,7.698000018763196e-06,1.7025000005332913e-05,0.0001560040000185836,1.781400001732436e-05,96,False
3369,4.478299999277624e-05,9.613899999294517e-05,6.0429999848565785e-06,8.893999989822987e-06,8.724500000312219e-05,3.969000005099588e-06,96,False
3370,3.926899998418776e-05,9.047800000416828e-05,5.606999991414341e-06,7.764000002907778e-06,8.27140000012605e-05,3.7199999951553764e-06,96,False
3371,3.721100000575461e-05,8.958600000141814e-05,5.732000005309601e-06,7.720000013478057e-06,8.186599998794009e-05,3.781999993179852e-06,96,False
3372,3.716800000574949e-05,8.763100001374369e-05,5.740999995396123e-06,7.83000001547407e-06,7.980099999826962e-05,3.3679999944524752e-06,96,False
3373,3.786100000979786e-05,8.722000001171182e-05,5.635999997366525e-06,7.452000005514492e-06,7.976800000619733e-05,3.4439999865298887e-06,96,False
3374,3.704100001300503e-05,8.787799998799528e-05,5.304000012529286e-06,7.760999977790561e-06,8.011700001020472e-05,3.3159999759391212e-06,96,False
3375,3.978899999879104e-05,8.731699998065778e-05,5.628999986129202e-06,6.974000001491731e-06,8.034299997916605e-05,3.3820000169271225e-06,96,False
3376,4.823899999450987e-05,8.787200002302598e-05,5.745999999362539e-06,7.2710000154074805e-06,8.06010000076185e-05,3.418000005694921e-06,96,False
3377,3.6764999975957835e-05,8.63340000023527e-05,5.592000007936804e-06,7.044999989602729e-06,7.928900001274997e-05,3.452000015613521e-06,96,False
3378,3.641399999310124e-05,8.748299998728726e-05,5.57399999934205e-06,7.388000000219108e-06,8.009499998706815e-05,3.547000005710288e-06,96,False
3379,3.6674000000402884e-05,0.00011718100000734921,7.43199998964883e-06,7.286999988309617e-06,0.0001098940000190396,3.3540000003995374e-06,96,False
3380,4.801800000109324e-05,0.00010718699999756609,6.078000012621487e-06,8.13799999832554e-06,9.904899999924055e-05,4.277000016372767e-06,96,False
3381,4.397099999664533e-05,0.00011117600001853134,5.958000002692643e-06,9.344000005739872e-06,0.00010183200001279147,4.1529999919021066e-06,96,False
3382,4.29389999965224e-05,0.0001048700000012559,6.259000002728499e-06,9.239000007710274e-06,9.563099999354563e-05,3.947000010384727e-06,96,False
3383,4.101199999695382e-05,8.847600000194689e-05,5.337999994026177e-06,7.1540000021741434e-06,8.132199999977274e-05,3.434000007018767e-06,96,False
3384,3.8462999981447865e-05,8.889299999736977e-05,5.361999996011946e-06,7.410999984358568e-06,8.14820000130112e-05,3.5379999872020562e-06,96,False
3385,3.647399998385481e-05,8.590900000626789e-05,5.3029999946829776e-06,7.057999994231068e-06,7.885100001203682e-05,3.61300001827658e-06,96,False
3386,3.5178000018731836e-05,8.671200001231227e-05,5.1939999821115634e-06,7.014000004801346e-06,7.969800000751093e-05,3.515000003062596e-06,96,False
3387,3.6534999992454686e-05,8.539999998902204e-05,5.2219999986391485e-06,6.525000003421155e-06,7.887499998560088e-05,3.3940000037091522e-06,96,False
3388,3.610600001024977e-05,8.713600001897248e-05,5.3819999834558985e-06,7.040000014058023e-06,8.009600000491446e-05,3.6029999819220393e-06,96,False
3389,3.7264000013692566e-05,8.864599999469647e-05,5.192000003262365e-06,7.207999999536696e-06,8.143799999515977e-05,3.314000025511632e-06,96,False
3390,3.634699999111035e-05,8.670000002553024e-05,5.25400000128684e-06,7.216000000198619e-06,7.948400002533162e-05,3.4859999971104116e-06,96,False
3391,3.657900001030612e-05,0.00010474200001908684,6.6910000100506295e-06,7.253999996237326e-06,9.748800002284952e-05,3.577999990511671e-06,96,False
3392,5.369300001234478e-05,9.457999999540334e-05,5.598000001327819e-06,8.49100001687475e-06,8.608899997852859e-05,4.12599999322083e-06,96,False
3393,3.733799999849907e-05,8.806700000718592e-05,5.444999999326683e-06,6.966999990254408e-06,8.110000001693152e-05,3.5780000189333805e-06,96,False
3394,3.732700000114164e-05,8.816900000852002e-05,5.582000000003973e-06,7.006000004139423e-06,8.116300000438059e-05,3.4519999871918117e-06,96,False
3395,3.6013999988426804e-05,8.601399997587578e-05,5.33400000790607e-06,7.29499998897154e-06,7.871899998690424e-05,3.1900000010409713e-06,96,False
3396,3.894599998943704e-05,8.975700001201403e-05,5.447000006597591e-06,7.597999996278304e-06,8.215900001573573e-05,3.5860000195953035e-06,96,False
3397,3.637399998979163e-05,8.777099998269478e-05,5.443999981480374e-06,7.425000006833216e-06,8.034599997586156e-05,3.536999997777457e-06,96,False
3398,3.637000000367152e-05,8.66190000010647e-05,5.440999984784867e-06,7.313999986990893e-06,7.930500001407381e-05,3.426000006356844e-06,96,False
3399,3.5580999991680073e-05,8.537300001876247e-05,5.307000009224794e-06,7.0100000186812395e-06,7.836300000008123e-05,3.233999990470693e-06,96,False
3400,3.5954999987097835e-05,9.700300000758943e-05,4.018600000676997e-05,6.837999990239041e-06,9.01650000173504e-05,3.4040000116419833e-06,96,False
3401,4.256099998656282e-05,0.00028860300000133066,8.646999987149684e-06,7.5929999923118885e-06,0.00028101000000901877,4.050999990568016e-06,96,False
3402,5.012099998680242e-05,9.701999999833788e-05,6.0950000033699325e-06,8.312000005616937e-06,8.870799999272094e-05,4.282999981342073e-06,96,False
3403,3.945000000271648e-05,9.293499999785126e-05,5.812000011928831e-06,8.156000006920294e-06,8.477899999093097e-05,3.8290000077267905e-06,96,False
3404,4.144299998642964e-05,0.00015040400000998488,6.491000021924265e-06,9.144000017613507e-06,0.00014125999999237138,4.47900001177004e-06,96,False
3405,4.5176000014635065e-05,9.37559999840687e-05,5.5879999933949875e-06,8.105999995677848e-06,8.564999998839085e-05,4.2079999786892586e-06,96,False
3406,4.011199999354176e-05,0.00014152100001751933,6.509999991521909e-06,7.250999999541818e-06,0.0001342700000179775,3.763999984585098e-06,96,False
3407,4.7604000002365865e-05,9.563599999751204e-05,5.388000005268623e-06,7.847999995647115e-06,8.778800000186493e-05,4.359999991265795e-06,96,False
3408,3.7980999991305e-05,9.018299999752344e-05,5.57399999934205e-06,7.426999985682414e-06,8.275600001184102e-05,3.5420000017438724e-06,96,False
3409,3.6991000001762586e-05,8.728399998858549e-05,5.463000007921437e-06,6.716000001460998e-06,8.05679999871245e-05,3.5829999944780866e-06,96,False
3410,0.0004385079999735808,0.0001817420000236325,1.3048999988996002e-05,2.2330999996711398e-05,0.0001594110000269211,9.34599998458907e-06,96,False
3411,6.0746999992034034e-05,0.00011471199999846249,7.971000002271467e-06,1.0881999997991443e-05,0.00010383000000047105,4.979999999932261e-06,96,False
3412,5.010699999274948e-05,0.0001441510000006474,7.812000006879316e-06,1.2502000004133151e-05,0.00013164899999651425,5.194000010533273e-06,96,False
3413,4.7947999973985134e-05,0.0001022680000062337,6.753000008075105e-06,8.747999999059175e-06,9.352000000717453e-05,3.896000009717682e-06,96,False
3414,4.30819999905907e-05,9.665999999697306e-05,6.710999997494582e-06,7.67000000223561e-06,8.898999999473745e-05,3.515000003062596e-06,96,False
3415,4.329800000846262e-05,9.744299998715178e-05,6.091000017249826e-06,8.36500001355489e-06,8.907799997359689e-05,3.947000010384727e-06,96,False
3416,4.135300000029929e-05,9.433299999273004e-05,6.064000018568549e-06,7.804000006217393e-06,8.652899998651264e-05,3.907999996499711e-06,96,False
3417,3.9740000005394904e-05,0.00011776599998825077,8.634000010943055e-06,8.245000003626046e-06,0.00010952099998462472,3.4599999878537346e-06,96,False
3418,6.342599999697995e-05,0.0001001900000119349,7.3079999935998785e-06,8.98199999710414e-06,9.120800001483076e-05,4.295999985970411e-06,96,False
3419,4.147499998907733e-05,9.430399998677785e-05,6.8899999803306855e-06,8.492999995723949e-06,8.58109999910539e-05,3.869000011036405e-06,96,False
3420,3.970800000274721e-05,9.32999999747608e-05,7.125999985646558e-06,7.879999998294807e-06,8.541999997646599e-05,3.6020000209191494e-06,96,False
3421,4.015299998627597e-05,9.12929999969947e-05,6.754999986924304e-06,7.401999994272046e-06,8.389100000272265e-05,3.939000009722804e-06,96,False
3422,3.9283999996087005e-05,9.228499999380801e-05,5.893999997397259e-06,7.806000013488301e-06,8.447899998031971e-05,3.872999997156512e-06,96,False
3423,3.9557999997441584e-05,0.00012862799999879826,6.654000003436522e-06,1.250399998298235e-05,0.00011612400001581591,5.109999989372227e-06,96,False
3424,4.5188999990841694e-05,9.481899999741472e-05,6.273999986206036e-06,8.119000000306187e-06,8.669999999710853e-05,4.016000019646526e-06,96,False
3425,3.934599999411148e-05,9.016699999619959e-05,6.17800000668467e-06,7.361000001537832e-06,8.280599999466176e-05,4.02300000246214e-06,96,False
3426,3.9865000019290164e-05,8.990700001731966e-05,5.751999992753554e-06,7.2659999830193556e-06,8.26410000343003e-05,3.741999989870237e-06,96,False
3427,3.821500001777167e-05,8.905300001060823e-05,5.469999990737051e-06,7.042999982331821e-06,8.201000002827641e-05,3.4669999990910583e-06,96,False
3428,3.75930000018343e-05,8.852400000591842e-05,5.6660000211650186e-06,7.027999998854284e-06,8.149600000706414e-05,3.4759999891775806e-06,96,False
3429,3.678900000636531e-05,0.00021414100001493352,6.587000001445631e-06,1.2736999991602715e-05,0.0002014040000233308,5.1830000131758425e-06,96,False
3430,4.286699999056509e-05,9.246300001564123e-05,5.589000011241296e-06,7.823000004236746e-06,8.464000001140448e-05,3.7000000077114237e-06,96,False
3431,4.0333000015380094e-05,9.069499998304309e-05,5.681999994067155e-06,7.607999975789426e-06,8.308700000725366e-05,3.638000009686948e-06,96,False
3432,3.774199998929362e-05,9.057600001938226e-05,5.463000007921437e-06,7.8429999916807e-06,8.273300002770156e-05,3.6090000037347636e-06,96,False
3433,3.7664999979369895e-05,8.99949999961791e-05,7.026000020005085e-06,7.641999985708026e-06,8.235300001047108e-05,3.4070000083374907e-06,96,False
3434,3.849899999863737e-05,0.00011911999999369982,7.573000004867936e-06,7.176999986313604e-06,0.00011194300000738622,3.543000019590181e-06,96,False
3435,4.713299998115872e-05,9.257499999648644e-05,5.84700001127203e-06,7.917000004908914e-06,8.465799999157753e-05,3.983999988577125e-06,96,False
3436,3.82270000045537e-05,0.00012489799999571005,8.987000001070555e-06,7.691000007525872e-06,0.00011720699998818418,3.4519999871918117e-06,96,False
3437,5.837200001224119e-05,0.00010569700000928606,6.812999998828673e-06,8.93500001097891e-06,9.676199999830715e-05,5.372000003944777e-06,96,False
3438,4.692900000691225e-05,9.362399998735782e-05,6.184999989500284e-06,7.643000003554334e-06,8.598099998380349e-05,3.915000007737035e-06,96,False
3439,4.2064000012942415e-05,8.924000002252797e-05,5.855000011933953e-06,7.6009999929738115e-06,8.163900002955415e-05,3.7150000196106703e-06,96,False
3440,6.362999999964813e-05,0.00012266900000668102,8.38900001554066e-06,1.3493000011521872e-05,0.00010917599999515915,5.659999999352294e-06,96,False
3441,7.140200000321784e-05,0.0001028990000122576,6.810000002133165e-06,9.215000005724505e-06,9.36840000065331e-05,4.465000017717102e-06,96,False
3442,4.080300001874093e-05,9.61120000226856e-05,5.86999999541149e-06,8.194000002959001e-06,8.79180000197266e-05,3.609999993159363e-06,96,False
3443,4.0628000022024935e-05,9.821899999451489e-05,5.874999999377906e-06,7.871999997632884e-06,9.0346999996882e-05,3.716999998459869e-06,96,False
3444,4.0274000014051126e-05,9.932899999398614e-05,5.872000002682398e-06,8.21700001552017e-06,9.111199997846597e-05,4.0539999872635235e-06,96,False
3445,3.98450000034245e-05,0.00011151800001130141,6.392000017285682e-06,1.0631000009198033e-05,0.00010088700000210338,4.568000008475792e-06,96,False
3446,4.144499999370055e-05,9.081700000024284e-05,5.681000004642556e-06,8.000000008223651e-06,8.281699999201919e-05,3.6149999971257785e-06,96,False
3447,3.876400000990543e-05,8.816999999794461e-05,5.709999982173031e-06,7.2690000081365724e-06,8.090099998980804e-05,3.8040000163164223e-06,96,False
3448,3.817500001446206e-05,8.835799999928895e-05,5.555999990747296e-06,6.98700000612007e-06,8.137099999316888e-05,3.340999995771199e-06,96,False
3449,3.79090000137694e-05,8.687400000439993e-05,5.469000001312452e-06,6.880000000819564e-06,7.999400000358037e-05,3.393000014284553e-06,96,False
3450,3.6491000003024965e-05,8.797600000320926e-05,5.914000013262921e-06,7.56800000090152e-06,8.040800000230774e-05,3.559999981916917e-06,96,False
3451,3.7471000013056255e-05,8.931400000733447e-05,5.348999991383607e-06,6.9649999829835e-06,8.234900002435097e-05,3.8210000070648675e-06,96,False
3452,3.675900001098853e-05,9.038799998961622e-05,5.434999991393852e-06,6.835999982968133e-06,8.355200000664809e-05,3.483000000414904e-06,96,False
3453,3.679600001760264e-05,8.785899998997593e-05,5.8180000053198455e-06,7.2610000074746495e-06,8.059799998250128e-05,3.4439999865298887e-06,96,False
3454,3.691500000968517e-05,0.00013846299998476752,6.4320000205952965e-06,7.134999975733081e-06,0.00013132800000903444,3.427000001465785e-05,96,False
3455,4.0729999994937316e-05,9.142199999701006e-05,5.579000003308465e-06,7.589999995616381e-06,8.383200000139368e-05,3.650999985893577e-06,96,False
3456,3.811700000255769e-05,8.932800000138741e-05,5.497000017840037e-06,7.21500001077402e-06,8.211299999061339e-05,3.4759999891775806e-06,96,False
3457,3.820399999199253e-05,8.710299999847848e-05,5.499999986113835e-06,7.269999997561172e-06,7.983300000091731e-05,3.571999997120656e-06,96,False
3458,3.6832999995795035e-05,9.360199999264296e-05,6.329000001414897e-06,6.652999985590213e-06,8.694900000705275e-05,3.9520000143511425e-06,96,False
3459,3.9991999983612914e-05,0.0001426789999925404,6.613000010702308e-06,7.540000012795645e-06,0.00013513899997974477,3.5979999779556238e-06,96,False
3460,6.839200000285928e-05,0.00011415999998121151,6.7379999961758585e-06,1.0753999987400675e-05,0.00010340599999381084,4.372000006469534e-06,96,False
3461,4.385099998671649e-05,0.0001041669999892747,7.009000000834931e-06,8.682000014914593e-06,9.548499997436011e-05,4.129000018338047e-06,96,False
3462,4.19540000109464e-05,0.00011491399999385976,5.681000004642556e-06,8.604000015566271e-06,0.00010630999997829349,4.302999997207735e-06,96,False
3463,4.277799999385934e-05,8.860399998411594e-05,5.510000022468375e-06,7.033999992245299e-06,8.156999999187065e-05,3.4749999997529812e-06,96,False
3464,3.804700000387129e-05,8.736000000908462e-05,5.252000022437642e-06,6.867999985615825e-06,8.049200002346879e-05,3.53300001165735e-06,96,False
3465,3.774200001771533e-05,0.00011638799998081595,6.209999980910652e-06,7.401999994272046e-06,0.0001089859999865439,3.5770000010870717e-06,96,False
3466,4.398600000854458e-05,9.324500001639535e-05,5.422000015187223e-06,8.049999991044388e-06,8.519500002535096e-05,4.159000013714831e-06,96,False
3467,4.138700001021789e-05,8.9432999999417e-05,5.636999986791125e-06,7.912000000942498e-06,8.152099999847451e-05,3.826000011031283e-06,96,False
3468,3.671199999644159e-05,8.836599999995087e-05,5.4440000099020835e-06,7.521999975779181e-06,8.084400002417169e-05,3.6659999977928237e-06,96,False
3469,3.6992000019608895e-05,8.669400000371752e-05,5.511000011892975e-06,7.041999992907222e-06,7.96520000108103e-05,3.464000002395551e-06,96,False
3470,3.747899998529647e-05,8.719499999187974e-05,5.207000015161611e-06,7.0229999948878685e-06,8.017199999699187e-05,3.4450000043761975e-06,96,False
3471,4.163300002346659e-05,0.00011139299999740615,6.308999985549235e-06,7.229000004826958e-06,0.00010416399999257919,3.6029999819220393e-06,96,False
3472,4.8389999989240096e-05,9.475499999211934e-05,5.7110000000193395e-06,8.242000006930539e-06,8.65129999851888e-05,3.881999987243034e-06,96,False
3473,3.886800001851043e-05,0.00010197600002470608,6.331999998110405e-06,7.855999996309038e-06,9.412000002839704e-05,3.7289999852418987e-06,96,False
3474,4.946600000721446e-05,0.00010063300001661446,5.931000004011366e-06,8.519999994405225e-06,9.211300002220923e-05,3.62400001563401e-06,96,False
3475,4.503000002387125e-05,0.0001021989999969719,6.477999988874217e-06,7.65999999430278e-06,9.453900000266913e-05,3.6619999832510075e-06,96,False
3476,4.6109999999544016e-05,0.00011456400000042777,6.399999989525895e-06,8.153999999649386e-06,0.00010641000000077838,3.860999981952773e-06,96,False
3477,8.769499999061736e-05,0.00010028700000930257,6.995999996206592e-06,9.759999983316447e-06,9.052700002598613e-05,4.431000007798502e-06,96,False
3478,3.956000000471249e-05,8.916000001590874e-05,5.5490000079316815e-06,7.78400001877344e-06,8.13759999971353e-05,3.859999992528174e-06,96,False
3479,3.6467000001039196e-05,8.729699999321383e-05,5.7792000006884336e-05,7.193999977062049e-06,8.010300001615178e-05,3.545999987863979e-06,96,False
3480,6.0837000006586095e-05,9.879699999260083e-05,6.213000006027869e-06,8.965999995780294e-06,8.983099999682054e-05,4.224000008434814e-06,96,False
3481,4.341700000054516e-05,0.00010202200002140671,9.855000001834924e-06,7.292999981700632e-06,9.472900003970608e-05,3.7769999892134365e-06,96,False
3482,7.264800001394178e-05,0.00011639100000593317,7.760000016787671e-06,1.1799999981576548e-05,0.00010459100002435662,5.366000010553762e-06,96,False
3483,4.434000001651839e-05,9.3192999997882e-05,6.1290000132885325e-06,7.945000021436499e-06,8.52479999764455e-05,3.862999989223681e-06,96,False
3484,3.886999999735963e-05,0.00010425199999986035,5.93800001524869e-06,7.144000022663022e-06,9.710799997719732e-05,3.735000007054623e-06,96,False
3485,3.977199997962089e-05,9.00960000080886e-05,5.815999998048937e-06,7.676999985051225e-06,8.241900002303737e-05,3.5099999990961805e-06,96,False
3486,3.804600001444669e-05,8.963500002323599e-05,5.405999985441667e-06,7.569999979750719e-06,8.206500004348527e-05,3.5200000070290116e-06,96,False
3487,4.239900002289687e-05,8.891099997754282e-05,2.6150999985929957e-05,7.336000010127464e-06,8.157499996741535e-05,3.437999993138874e-06,96,False
3488,5.522000000723892e-05,9.437099998876874e-05,5.856000001358552e-06,8.272000002307323e-06,8.609899998646142e-05,4.34300000051735e-06,96,False
3489,3.7914999978738706e-05,0.0001672580000047219,7.175999996889004e-06,1.1198000009926545e-05,0.00015605999999479536,4.675999974779188e-06,96,False
3490,4.431600001453262e-05,9.310899997672095e-05,5.742000013242432e-06,8.049999991044388e-06,8.505899998567656e-05,3.749000001107561e-06,96,False
3491,3.9065000009941286e-05,9.188100000301347e-05,5.869000005986891e-06,7.494000016095015e-06,8.438699998691845e-05,3.7140000017643615e-06,96,False
3492,3.913800000532319e-05,8.943599999611251e-05,5.2589999768315465e-06,7.32899999889014e-06,8.210699999722237e-05,3.5700000182714575e-06,96,False
3493,3.755599999522019e-05,0.00010812300001816766,6.0249999762618245e-06,1.0758000001942492e-05,9.736500001622517e-05,4.671999988659081e-06,96,False
3494,4.084099998635793e-05,8.9503999987528e-05,5.55000002577799e-06,7.604000018091028e-06,8.189999996943698e-05,3.491000001076827e-06,96,False
3495,4.4354999999995925e-05,8.84810000059133e-05,5.406000013863377e-06,7.412000002204877e-06,8.106900000370842e-05,3.4899999832305184e-06,96,False
3496,3.771599998003694e-05,0.00010214899998572946,6.044999992127487e-06,9.87099997473706e-06,9.22780000109924e-05,4.083000021637417e-06,96,False
3497,4.07240000015463e-05,9.263600000508632e-05,5.5309999993369274e-06,7.62599998438418e-06,8.501000002070214e-05,3.889999987904957e-06,96,False
3498,3.769699998201759e-05,0.00011294099999759055,6.762999987586227e-06,7.418999985020491e-06,0.00010552200001257006,3.630000009025025e-06,96,False
3499,4.96939999834467e-05,9.493999999676817e-05,5.646999994723956e-06,7.934999985081959e-06,8.70050000116862e-05,4.1240000143716316e-06,96,False
3500,3.9010999984157024e-05,9.105300000555872e-05,5.474000005278867e-06,7.473000010804753e-06,8.357999999475396e-05,3.792000001112683e-06,96,False
3501,3.765799999655428e-05,8.74270000110755e-05,5.490999996027313e-06,7.143999994241312e-06,8.02830000168342e-05,3.676999995150254e-06,96,False
3502,3.672299999379902e-05,8.871299999668736e-05,5.568999995375634e-06,6.866000006766626e-06,8.184699998992073e-05,3.4710000136328745e-06,96,False
3503,3.6124000018844526e-05,8.585399999105903e-05,5.540000017845159e-06,6.88400001536138e-06,7.896999997569765e-05,3.139000000373926e-06,96,False
3504,3.763700001968573e-05,8.747399999720074e-05,2.2000999990723358e-05,7.269999997561172e-06,8.020399999963956e-05,3.3529999825532286e-06,96,False
3505,5.5274999994026075e-05,9.516800000142212e-05,5.679999986796247e-06,8.612999977231084e-06,8.655500002419103e-05,4.03499998924417e-06,96,False
3506,3.8655000025755726e-05,8.89340000185257e-05,5.342999997992592e-06,7.529999976441104e-06,8.140400004208459e-05,3.6319999878742237e-06,96,False
3507,3.6831000016945836e-05,9.896500000650121e-05,5.3370000046015775e-06,7.303999979058062e-06,9.166100002744315e-05,3.446999983225396e-06,96,False
3508,3.725099998064252e-05,8.766099998069876e-05,5.694000009270894e-06,7.242000009455296e-06,8.041899997124347e-05,3.4120000123039063e-06,96,False
3509,3.990300001532887e-05,8.674200000768906e-05,5.287000021780841e-06,6.885999994210579e-06,7.985600001347848e-05,3.555000006372211e-06,96,False
3510,3.6330000000361906e-05,0.00013716399999452733,6.6229999902134296e-06,7.1800000114308205e-06,0.0001299839999830965,3.53300001165735e-06,96,False
3511,5.128099999751612e-05,0.00033530600001085986,1.3979000016206555e-05,2.7996999989454707e-05,0.00030730900002140515,9.58600000444676e-06,96,False
3512,7.14930000071945e-05,0.0001263569999991887,8.636999979216853e-06,1.2282000000141124e-05,0.00011407499999904758,5.1650000045810884e-06,96,False
3513,5.3029000014248595e-05,0.00011055199999532306,7.777000007536117e-06,9.454999997160485e-06,0.00010109699999816257,4.4330000150694104e-06,96,False
3514,0.00011519899999257177,0.00011757100000409082,8.768999975927727e-06,1.139800002647462e-05,0.0001061729999776162,5.0050000197643385e-06,96,False
3515,4.859800000645009e-05,0.00013517999997247898,1.1105999988103576e-05,9.008000006360817e-06,0.00012617199996611816,4.224999997859413e-06,96,False
3516,6.554600000185928e-05,0.00011901600001351653,8.984000004375048e-06,1.0545999998612388e-05,0.00010847000001490414,6.1190000053557014e-06,96,False
3517,4.979000001981149e-05,0.00010670599999684782,8.460000003651658e-06,9.758000004467249e-06,9.694799999238057e-05,4.253000014386998e-06,96,False
3518,4.5550999999477426e-05,0.00010317299998519047,8.351999980504843e-06,8.747000009634576e-06,9.44259999755559e-05,4.139999987273768e-06,96,False
3519,4.570400000147856e-05,0.00010041999999543805,8.049000001619788e-06,8.565000001681256e-06,9.185499999375679e-05,3.9100000037706195e-06,96,False
3520,4.3078999993895195e-05,9.714899999835325e-05,7.194999994908358e-06,8.686999990459299e-06,8.846200000789395e-05,3.6639999905219156e-06,96,False
3521,4.254800001035619e-05,9.899099998733618e-05,7.72799998571827e-06,8.409000002984612e-06,9.058199998435157e-05,3.885000012360251e-06,96,False
3522,4.347100002632942e-05,0.00014206299999841576,1.0441999990007389e-05,7.874999994328391e-06,0.00013418800000408737,3.945000003113819e-06,96,False
3523,6.950499999902604e-05,0.00013902100002383122,9.598999980653389e-06,1.177300001131698e-05,0.00012724800001251424,6.3090000139709446e-06,96,False
3524,5.3188999999065345e-05,0.00011402100000168502,8.976000003713125e-06,9.464999976671606e-06,0.00010455600002501342,4.581000013104131e-06,96,False
3525,4.98679999907381e-05,0.00013121699998919212,9.02799999380477e-06,8.997999998427986e-06,0.00012221899999076413,4.563999993933976e-06,96,False
3526,4.543000000012398e-05,9.302399999455702e-05,6.626999976333536e-06,7.753000005550348e-06,8.527099998900667e-05,3.751000008378469e-06,96,False
3527,4.106900001943359e-05,9.127900000294176e-05,6.09800000006544e-06,7.2950000173932494e-06,8.398399998554851e-05,3.6010000030728406e-06,96,False
3528,3.8634000020465464e-05,8.97129999941626e-05,6.259999992153098e-06,7.539999984373935e-06,8.217300000978867e-05,3.25999999972737e-06,96,False
3529,3.841500000589804e-05,9.03420000213373e-05,6.5030000087062945e-06,7.535999998253828e-06,8.280600002308347e-05,3.603999999768348e-06,96,False
3530,3.731500001435961e-05,8.975200000804762e-05,6.737000006751259e-06,7.3889999896437075e-06,8.236300001840391e-05,3.3780000023853063e-06,96,False
3531,3.795899999659014e-05,8.877400000528723e-05,5.926000000044951e-06,7.4410000081570615e-06,8.133299999713017e-05,3.290999984528753e-06,96,False
3532,3.6524999984521855e-05,8.887399999935042e-05,6.692999988899828e-06,7.595999989007396e-06,8.127800001034302e-05,3.593999991835517e-06,96,False
3533,3.730500000642678e-05,0.0001237559999935911,7.2009999882993725e-06,6.837999990239041e-06,0.00011691800000335206,3.1319999891366024e-06,96,False
3534,4.170500000100219e-05,9.891800002037598e-05,6.187999986195791e-06,7.987000003595313e-06,9.093100001678067e-05,3.895999981295972e-06,96,False
3535,3.968899997630615e-05,9.046799999623545e-05,5.529000020487729e-06,7.583000012800767e-06,8.288499998343468e-05,3.759000009040392e-06,96,False
3536,3.8735000003953246e-05,8.873999999536863e-05,5.675000011251541e-06,7.4229999995623075e-06,8.131699999580633e-05,3.3880000103181374e-06,96,False
3537,3.763899999853493e-05,9.278699999981654e-05,6.514000006063725e-06,7.437999983039845e-06,8.53490000167767e-05,3.4539999944627198e-06,96,False
3538,3.811400000586218e-05,8.942200000205958e-05,6.466000002092187e-06,7.16900001407339e-06,8.225299998798619e-05,3.4630000129709515e-06,96,False
3539,3.811499999528678e-05,8.84100000178023e-05,6.310000003395544e-06,7.21499998235231e-06,8.119500003545e-05,3.4749999997529812e-06,96,False
3540,3.699800001299991e-05,8.63349999917773e-05,5.912999995416612e-06,7.28300000218951e-06,7.905199998958778e-05,3.403999983220274e-06,96,False
3541,3.7219999995841135e-05,8.708600000773004e-05,5.928000007315859e-06,7.025000002158777e-06,8.006100000557126e-05,3.343000003042107e-06,96,False
3542,3.807199999528166e-05,8.54239999910078e-05,5.375999990064884e-06,6.983000019999963e-06,7.844099997100784e-05,3.444000014951598e-06,96,False
3543,3.6399000009623705e-05,8.653900002286719e-05,5.598999990752418e-06,7.022000005463269e-06,7.951700001740392e-05,3.484999979264103e-06,96,False
3544,3.648300000236304e-05,0.000115524999984018,8.50299997523507e-06,7.113000009439929e-06,0.00010841199997457807,3.3279999911428604e-06,96,False
3545,5.420600001571074e-05,0.00014381999997681305,8.02400001020942e-06,9.024999997109262e-06,0.0001347949999797038,5.208000004586211e-06,96,False
3546,5.136200002198166e-05,0.00010181599998304591,7.084000003487745e-06,8.710000003020468e-06,9.310599998002544e-05,4.903999979433138e-06,96,False
3547,4.081800000221847e-05,9.11550000068928e-05,6.306999978278327e-06,7.148999998207728e-06,8.400600000868508e-05,3.817999981947651e-06,96,False
3548,3.9077999986147915e-05,9.02769999981956e-05,6.444000007377326e-06,7.3420000035184785e-06,8.293499999467713e-05,3.8029999984701135e-06,96,False
3549,3.741100002230269e-05,8.857200000988996e-05,5.976000011287397e-06,7.345000000213986e-06,8.122700000967598e-05,3.5260000004200265e-06,96,False
3550,3.781899999921734e-05,8.934199999544035e-05,6.5030000087062945e-06,6.888000001481487e-06,8.245399999395886e-05,3.763999984585098e-06,96,False
3551,3.8335999988703406e-05,9.1929000006985e-05,6.349000017280559e-06,7.120999981680143e-06,8.480800002530486e-05,3.423999999085936e-06,96,False
3552,3.745199998661519e-05,8.857399998873916e-05,6.093999985523624e-06,7.847999995647115e-06,8.072599999309205e-05,3.617999993821286e-06,96,False
3553,3.647200000500561e-05,8.778399998732311e-05,6.160999987514515e-06,7.422000010137708e-06,8.03619999771854e-05,3.5179999997581035e-06,96,False
3554,3.583499997716899e-05,8.529999999495885e-05,4.10760000022492e-05,6.990999992240177e-06,7.830900000271868e-05,3.221000014264064e-06,96,False
3555,4.23079999904985e-05,9.308900001769871e-05,6.878999982973255e-06,7.753000005550348e-06,8.533600001214836e-05,4.06899999916277e-06,96,False
3556,3.827700001579615e-05,8.92170000099668e-05,6.05200000336481e-06,7.264999993594756e-06,8.195200001637204e-05,3.579999997782579e-06,96,False
3557,3.7609000003158144e-05,0.00012870599999814658,7.603999989669319e-06,6.927000015366502e-06,0.00012177899998278008,3.4330000175941677e-06,96,False
3558,4.279600000245409e-05,9.295699999256613e-05,5.950999991455319e-06,8.14899999568297e-06,8.480799999688315e-05,3.7240000096971926e-06,96,False
3559,3.845699998805685e-05,8.879300000330659e-05,6.510000019943618e-06,7.363999998233339e-06,8.142900000507325e-05,3.620000001092194e-06,96,False
3560,3.7358000014364734e-05,8.817200000521552e-05,6.1679999987518386e-06,7.035000010091608e-06,8.113699999512392e-05,3.620000001092194e-06,96,False
3561,3.960499998356681e-05,8.875299999999697e-05,5.730999987463292e-06,7.361999990962431e-06,8.139100000903454e-05,3.4599999878537346e-06,96,False
3562,3.6776999991161574e-05,8.811500001115746e-05,6.2549999881866825e-06,7.285000009460418e-06,8.083000000169704e-05,3.4669999990910583e-06,96,False
3563,3.670199998850876e-05,8.931399997891276e-05,6.492000011348864e-06,7.390999996914616e-06,8.192299998199815e-05,3.5479999951348873e-06,96,False
3564,3.671199999644159e-05,8.854300000393778e-05,6.282000015289668e-06,7.314000015412603e-06,8.122899998852517e-05,3.5639999964587332e-06,96,False
3565,3.7391000006437025e-05,8.876800001189622e-05,6.035000012616365e-06,7.087999989607852e-06,8.168000002228837e-05,3.5860000195953035e-06,96,False
3566,6.194499999878644e-05,0.00010028499997360996,6.710000008069983e-06,9.480000016992562e-06,9.08049999566174e-05,3.976000016336911e-06,96,False
3567,3.890499999670283e-05,8.95019999802571e-05,5.991999984189533e-06,7.651000004216257e-06,8.185099997604084e-05,3.3379999990756914e-06,96,False
3568,3.7608000013733545e-05,8.939399998553199e-05,5.517999994708589e-06,6.9600000074387935e-06,8.24339999780932e-05,3.4610000057000434e-06,96,False
3569,3.679099998521451e-05,0.00011781999998561332,6.700999989561751e-06,7.304000007479772e-06,0.00011051599997813355,3.4519999871918117e-06,96,False
3570,4.381100001182858e-05,9.271199999716373e-05,6.350999996129758e-06,7.655000018758074e-06,8.505699997840566e-05,3.906000017650513e-06,96,False
3571,3.7904000009802985e-05,8.829600000126447e-05,6.6100000140068005e-06,6.990999992240177e-06,8.13050000090243e-05,3.6309999984496244e-06,96,False
3572,3.793099998006255e-05,9.062099999823658e-05,6.146000004036978e-06,7.793999998284562e-06,8.282699999995202e-05,3.4800000037193968e-06,96,False
3573,3.870699998742566e-05,0.00010064599999282109,5.883000000039829e-06,7.4699999856875365e-06,9.317600000713355e-05,3.700999997136023e-06,96,False
3574,4.12150000101974e-05,9.406099999864637e-05,6.1110000046937785e-06,7.087000000183252e-06,8.697399999846311e-05,3.5040000057051657e-06,96,False
3575,3.781800000979274e-05,8.902000001853594e-05,6.0870000027080096e-06,7.455000002209999e-06,8.156500001632594e-05,3.3389999885002908e-06,96,False
3576,3.722499999980755e-05,8.698999999978696e-05,6.065000007993149e-06,7.14699999093682e-06,7.984300000885014e-05,3.488999993805919e-06,96,False
3577,3.73830000057751e-05,8.683699999778582e-05,6.1210000126266095e-06,6.931000001486609e-06,7.990599999629922e-05,3.5329999832356407e-06,96,False
3578,3.627699999242395e-05,8.673299998918083e-05,5.765000025803602e-06,6.955000003472378e-06,7.977799998570845e-05,3.492999979926026e-06,96,False
3579,3.670200001693047e-05,8.787799998799528e-05,5.692000001999986e-06,7.39799997973023e-06,8.048000000826505e-05,3.46499999182015e-06,96,False
3580,4.136600000492763e-05,8.857800000328098e-05,6.178999996109269e-06,7.18100000085542e-06,8.139700000242556e-05,3.3279999911428604e-06,96,False
3581,3.7116000015657846e-05,8.63369999990482e-05,5.394999988084237e-06,7.275000001527587e-06,7.906199999752062e-05,3.177999985837232e-06,96,False
3582,6.077700001583253e-05,9.781899998984045e-05,6.853999991562887e-06,9.341999998468964e-06,8.847699999137149e-05,4.17199998992146e-06,96,False
3583,3.885300000661118e-05,9.026099999687176e-05,6.026000022529843e-06,8.352999998351152e-06,8.190799999852061e-05,3.5290000255372433e-06,96,False
3584,3.766899999391171e-05,8.768099999656442e-05,6.197000004704023e-06,7.257999982357433e-06,8.042300001420699e-05,3.2530000169117557e-06,96,False
3585,3.6433000019542305e-05,8.734200000048986e-05,6.525000003421155e-06,6.832999986272625e-06,8.050900001421724e-05,3.40799999776209e-06,96,False
3586,3.7391000006437025e-05,8.673799999314724e-05,6.46200001597208e-06,6.858000006104703e-06,7.987999998704254e-05,3.589999977293701e-06,96,False
3587,3.690899998787245e-05,8.693999998854451e-05,6.377000005386435e-06,7.284999981038709e-06,7.96550000075058e-05,3.276000001051216e-06,96,False
3588,3.669000000172673e-05,8.54909999929987e-05,6.433999999444495e-06,6.572999978970984e-06,7.891800001402771e-05,3.1849999970745557e-06,96,False
3589,3.7197000011701675e-05,8.432699999616489e-05,6.134999978257838e-06,6.39499998555948e-06,7.79320000106054e-05,3.5820000050534873e-06,96,False
3590,3.592999999568747e-05,8.441299999617513e-05,6.3279999835685885e-06,7.0490000041445455e-06,7.736399999203059e-05,3.2160000102976483e-06,96,False
3591,3.626500000564192e-05,8.634200000301462e-05,5.571999992071142e-06,7.168999985651681e-06,7.917300001736294e-05,3.312000018240724e-06,96,False
3592,3.576399998905799e-05,8.689599999911479e-05,6.194999997433115e-06,6.968999997525316e-06,7.992700000158948e-05,3.417000016270322e-06,96,False
3593,3.7230000003773966e-05,8.543500001678694e-05,5.780999998705738e-06,6.692999988899828e-06,7.874200002788712e-05,3.4120000123039063e-06,96,False
3594,4.121300000292649e-05,0.000110636999977487,7.4939999876733054e-06,7.284999981038709e-06,0.00010335199999644828,3.934999995180988e-06,96,False
3595,4.892900000186273e-05,9.423200000924226e-05,6.390999999439373e-06,8.143000002291956e-06,8.60890000069503e-05,4.195999991907229e-06,96,False
3596,3.81579999952919e-05,8.909200002449325e-05,6.308999985549235e-06,7.577000019409752e-06,8.15150000050835e-05,3.54499999843938e-06,96,False
3597,3.7096999989216783e-05,8.689499998126848e-05,6.0060000066641805e-06,6.724000002122921e-06,8.017099997914556e-05,3.2240000109595712e-06,96,False
3598,3.6181000012902587e-05,9.292600000776474e-05,6.239000015284546e-06,7.706999980428009e-06,8.521900002733673e-05,3.3620000010614604e-06,96,False
3599,3.803900000320937e-05,0.000954729000000043,1.4131999989785982e-05,3.209700000184057e-05,0.0009226319999982024,5.958000002692643e-06,96,False
3600,8.502600002202598e-05,0.00014255900001103328,8.803000014268036e-06,1.423599999839098e-05,0.0001283230000126423,7.04400000017813e-06,96,False
3601,5.484600001182116e-05,0.00011250100001802821,8.299000000988599e-06,1.005400000053669e-05,0.00010244700001749152,4.43400000449401e-06,96,False
3602,4.675399998177454e-05,0.00010193999997909486,7.677999974475824e-06,8.962999999084786e-06,9.297699998001008e-05,3.896999999142281e-06,96,False
3603,4.406700000458841e-05,9.79069999971216e-05,7.439999990310753e-06,8.873000012954435e-06,8.903399998416717e-05,3.674999987879346e-06,96,False
3604,4.1573000004291316e-05,9.448000000134016e-05,7.122999988951051e-06,8.025999989058619e-06,8.645400001228154e-05,3.872999997156512e-06,96,False
3605,4.036299998233517e-05,9.216199998718366e-05,6.829999989577118e-06,7.349000014755802e-06,8.481299997242786e-05,3.5680000110005494e-06,96,False
3606,4.017800000610805e-05,9.120200002143974e-05,7.068999991588498e-06,6.777000010060874e-06,8.442500001137887e-05,3.515000003062596e-06,96,False
3607,3.967300000340401e-05,9.04820000187101e-05,6.567000014001678e-06,7.513999975117258e-06,8.296800004359284e-05,3.4390000109851826e-06,96,False
3608,4.185500000630782e-05,0.00025734099997976045,1.2588999993567995e-05,2.711600001248371e-05,0.00023022499996727674,9.245000001101289e-06,96,False
3609,6.0040999983357324e-05,9.957399998938854e-05,6.833000014694335e-06,8.778999983860558e-06,9.079500000552798e-05,4.210000014381876e-06,96,False
3610,3.9477999990822354e-05,8.974200000011479e-05,6.1110000046937785e-06,7.498000002215122e-06,8.224399999789966e-05,3.7049999832561298e-06,96,False
3611,3.7370000001146764e-05,8.890699999142271e-05,5.821000002015353e-06,7.619999990993165e-06,8.128700000042954e-05,3.5760000116624724e-06,96,False
3612,3.8360000019110885e-05,8.763200000316829e-05,5.385999997997715e-06,6.909999996196348e-06,8.072200000697194e-05,3.525000010995427e-06,96,False
3613,3.776299999458388e-05,8.752799999456329e-05,5.493000003298221e-06,7.130999989612974e-06,8.039700000495031e-05,3.2030000056693098e-06,96,False
3614,3.677200001561687e-05,0.00010905900001034752,5.657000002656787e-06,7.4390000008861534e-06,0.00010162000000946136,3.084000013586774e-06,96,False
3615,3.997100000674436e-05,8.932900001923372e-05,5.673999993405232e-06,7.277000008798495e-06,8.205200001043522e-05,3.337000009651092e-06,96,False
3616,3.764600000977225e-05,8.926900000005844e-05,5.638999994062033e-06,7.310999990295386e-06,8.195800000976305e-05,3.5319999938110413e-06,96,False
3617,3.690400001232774e-05,8.623499999771411e-05,5.40299998874616e-06,6.960999996863393e-06,7.927400000085072e-05,3.2779999799004145e-06,96,False
3618,7.358799999224175e-05,9.67109999976401e-05,6.033000005345457e-06,8.141999984445647e-06,8.856900001319445e-05,4.149999995206599e-06,96,False
3619,3.880200000594414e-05,9.00999999942087e-05,5.894999986821858e-06,7.288000006155926e-06,8.281199998805278e-05,3.732999999783715e-06,96,False
3620,3.786799999261348e-05,8.835999997813815e-05,5.41399998610359e-06,7.250999999541818e-06,8.110899997859633e-05,3.3920000248599536e-06,96,False
3621,3.8122000006524104e-05,8.632999998781088e-05,5.517999994708589e-06,6.48599998953614e-06,7.984399999827474e-05,3.371000019569692e-06,96,False
3622,3.595299997982693e-05,9.139299999105788e-05,5.692000001999986e-06,7.127000003492867e-06,8.426599998756501e-05,3.4619999951246427e-06,96,False
3623,3.7482999999838285e-05,8.803100001841813e-05,5.3999999920506525e-06,7.070999998859406e-06,8.096000001955872e-05,3.559999981916917e-06,96,False
3624,3.793100000848426e-05,8.70739999925263e-05,5.5250000059459126e-06,7.375999985015369e-06,7.969800000751093e-05,3.321000008327246e-06,96,False
3625,3.645199998913995e-05,8.597499999041247e-05,5.352000016500824e-06,6.936000005453025e-06,7.903899998495945e-05,3.215000020873049e-06,96,False
3626,3.6958999999114894e-05,8.398400001397022e-05,5.508000015197467e-06,6.949000010081363e-06,7.703500000388885e-05,3.1589999878178787e-06,96,False
3627,3.556000001481152e-05,8.451200000081371e-05,5.4637000005186565e-05,6.786000000147396e-06,7.772600000066632e-05,3.249999991794539e-06,96,False
3628,5.5857000006653834e-05,0.00011262200001738165,7.003999996868515e-06,1.0002000010445045e-05,0.00010262000000693661,5.142999981444518e-06,96,False
3629,4.476399999475689e-05,0.00010411600001702936,7.901999993009667e-06,8.37799998976152e-06,9.573800002726784e-05,4.574999991291406e-06,96,False
3630,6.416300001887976e-05,9.592300000349496e-05,5.787999981521352e-06,8.281000020815554e-06,8.764199998267941e-05,4.214999989926582e-06,96,False
3631,3.795699998931923e-05,8.736699999190023e-05,5.297999990716562e-06,7.277999998223095e-06,8.008899999367713e-05,3.54499999843938e-06,96,False
3632,3.6013999988426804e-05,8.70779999786464e-05,5.4079999927125755e-06,7.28399999161411e-06,7.97939999870323e-05,3.491000001076827e-06,96,False
3633,3.6409999978559426e-05,8.770900001309201e-05,5.335999986755269e-06,7.662000001573688e-06,8.004700001151832e-05,3.5200000070290116e-06,96,False
3634,3.705800000375348e-05,0.00014375000000654836,8.592999989787131e-06,7.205999992265788e-06,0.00013654400001428257,3.483000000414904e-06,96,False
3635,5.001499999934822e-05,9.820500000046195e-05,6.5419999941696005e-06,8.772000001044944e-06,8.9432999999417e-05,4.533999998557192e-06,96,False
3636,3.9563000001408e-05,9.197499997526393e-05,5.893999997397259e-06,7.593000020733598e-06,8.438199995453033e-05,3.721000013001685e-06,96,False
3637,5.009599999539205e-05,9.07669999890004e-05,2.1192000019709667e-05,7.411000012780278e-06,8.335599997622012e-05,3.8050000057410216e-06,96,False
3638,7.1106999996573e-05,0.00010727000000088083,7.060000001501976e-06,9.41400000442627e-06,9.785599999645456e-05,5.146000006561735e-06,96,False
3639,4.1074000023400004e-05,9.238999999183761e-05,5.924000021195752e-06,7.296000006817849e-06,8.509399998501976e-05,3.892000023597575e-06,96,False
3640,3.865200000063851e-05,8.897699999010911e-05,5.650000019841173e-06,7.620999980417764e-06,8.135600000969134e-05,3.832000004422298e-06,96,False
3641,6.839200000285928e-05,9.946299999796793e-05,5.91599999211212e-06,9.806000008438787e-06,8.965699998952914e-05,4.364000005807611e-06,96,False
3642,4.0115999979661865e-05,9.024199999885241e-05,5.522000009250405e-06,7.654000000911765e-06,8.258799999794064e-05,3.587999998444502e-06,96,False
3643,3.6786000009669806e-05,8.919300000798103e-05,5.619999996042679e-06,7.527999997591905e-06,8.166500001038912e-05,3.600999974651131e-06,96,False
3644,3.666800000701187e-05,8.692299999779607e-05,5.6300000039755105e-06,7.302000000208864e-06,7.96209999975872e-05,3.5350000189282582e-06,96,False
3645,3.716699998790318e-05,8.710299999847848e-05,5.770999990772907e-06,7.015999983650545e-06,8.008700001482794e-05,3.648000017619779e-06,96,False
3646,3.669000000172673e-05,8.717399998658948e-05,5.3790000151821005e-06,6.8739999790068396e-06,8.030000000758264e-05,3.4419999792589806e-06,96,False
3647,3.7825999982032954e-05,8.643600000368679e-05,5.370999986098468e-06,6.776000020636275e-06,7.965999998305051e-05,3.3990000076755678e-06,96,False
3648,3.581599997914964e-05,8.476000002133333e-05,5.2199999913682404e-06,6.8349999935435335e-06,7.792500002778979e-05,3.3860000030472293e-06,96,False
3649,3.603900000825888e-05,8.684299999117684e-05,5.376999979489483e-06,7.330000016736449e-06,7.951299997444039e-05,3.426000006356844e-06,96,False
3650,3.585600001088096e-05,8.533300001545285e-05,5.296000011867363e-06,7.108000005473514e-06,7.822500000997934e-05,3.2730000043557084e-06,96,False
3651,3.969500002654058e-05,8.686900000043352e-05,6.136999985528746e-06,7.051000011415454e-06,7.981799998901806e-05,3.348999996433122e-06,96,False
3652,3.6799000014298144e-05,8.790399999725196e-05,5.845999993425721e-06,7.533000001558321e-06,8.037099999569364e-05,3.4930000083477353e-06,96,False
3653,3.625400000828449e-05,0.000114573000018936,6.198999983553222e-06,6.83800001866075e-06,0.00010773500000027525,3.5169999819117947e-06,96,False
3654,4.580600000281265e-05,9.321800001771408e-05,5.291999997325547e-06,7.981000010204298e-06,8.523700000750978e-05,3.9990000004763715e-06,96,False
3655,3.919600001722756e-05,8.764800000449213e-05,5.41399998610359e-06,7.143999994241312e-06,8.050400001025082e-05,3.5140000136379967e-06,96,False
3656,3.683500000306594e-05,8.814500000653425e-05,5.380999994031299e-06,7.605000007515628e-06,8.053999999901862e-05,3.5920000129863183e-06,96,False
3657,3.679599998918093e-05,8.590900000626789e-05,5.135000009204305e-06,7.1380000008502975e-06,7.877100000541759e-05,3.63600000241604e-06,96,False
3658,5.402799999387753e-05,9.787800001959113e-05,5.863000012595876e-06,9.613000003128036e-06,8.826500001646309e-05,4.1950000024826295e-06,96,False
3659,3.8133999993306134e-05,8.90119999894523e-05,5.466000004616944e-06,7.687999982408655e-06,8.132400000704365e-05,3.5770000010870717e-06,96,False
3660,3.628900000762769e-05,8.823900000720641e-05,5.504000000655651e-06,7.62499999495958e-06,8.061400001224683e-05,3.4749999997529812e-06,96,False
3661,3.6104999992403464e-05,8.63359999812019e-05,5.479000009245283e-06,6.9339999981821165e-06,7.940199998301978e-05,3.4619999951246427e-06,96,False
3662,5.209700000818884e-05,8.791099998006757e-05,5.64200001917925e-06,7.165999988956173e-06,8.07449999911114e-05,3.4570000195799366e-06,96,False
3663,3.767200001902893e-05,8.608699999967939e-05,5.579000003308465e-06,6.864999988920317e-06,7.922200001075907e-05,3.402000004371075e-06,96,False
3664,3.6195999996380124e-05,8.794600000783248e-05,5.243999993354009e-06,7.2790000160694035e-06,8.066699999176308e-05,3.5560000242185197e-06,96,False
3665,3.927500000600048e-05,8.701400000177273e-05,5.4099999999834836e-06,7.038000006787115e-06,7.997599999498561e-05,3.345000010313015e-06,96,False
3666,6.324299999960203e-05,9.742500000697873e-05,5.806999979540706e-06,9.602000005770606e-06,8.782300000120813e-05,4.076999999824693e-06,96,False
3667,3.8359000001264576e-05,8.798299998602488e-05,5.176000001938519e-06,7.040000014058023e-06,8.094299997196686e-05,3.8189999997939594e-06,96,False
3668,3.6649999998417115e-05,8.806699997876422e-05,5.44799999602219e-06,7.514999992963567e-06,8.055199998580065e-05,3.577999990511671e-06,96,False
3669,3.727300000377909e-05,8.81280000157858e-05,5.407000003287976e-06,6.812999998828673e-06,8.131500001695713e-05,3.6550000004353933e-06,96,False
3670,3.6443999988478026e-05,8.51419999889913e-05,5.438000016511069e-06,7.041999992907222e-06,7.809999999608408e-05,3.3480000070085225e-06,96,False
3671,3.607899998314679e-05,8.684599998787235e-05,5.19799999665338e-06,7.144999983665912e-06,7.970100000420643e-05,3.4200000129658292e-06,96,False
3672,3.563000001349792e-05,8.487400000944945e-05,5.19700000722878e-06,6.577999982937399e-06,7.829600002651205e-05,3.042000003006251e-06,96,False
3673,3.5671000006232134e-05,8.426700000541132e-05,5.377000007911192e-06,6.867000024612935e-06,7.739999998079838e-05,3.666999987217423e-06,96,False
3674,3.510700000219913e-05,8.448700000940335e-05,5.401999999321561e-06,6.802000001471242e-06,7.76850000079321e-05,3.3599999937905523e-06,96,False
3675,3.68939999759732e-05,8.635000000367654e-05,5.213000008552626e-06,6.9680000081007165e-06,7.938199999557582e-05,3.549000012981196e-06,96,False
3676,3.632299998912458e-05,8.516799999824798e-05,5.216999994672733e-06,6.724000002122921e-06,7.844399999612506e-05,3.4109999944575975e-06,96,False
3677,3.518399998370114e-05,8.465900000942383e-05,5.3790000151821005e-06,6.705000004103567e-06,7.795400000532027e-05,3.434000007018767e-06,96,False
3678,3.6639000001059685e-05,8.573599998840109e-05,5.141999992019919e-06,6.705000004103567e-06,7.903099998429752e-05,3.494999987196934e-06,96,False
3679,7.153999999331973e-05,9.646800000950861e-05,5.866999998715983e-06,8.35400001619746e-06,8.811399999331115e-05,4.305000004478643e-06,96,False
3680,3.893300001323041e-05,8.708800001500094e-05,5.587000003970388e-06,7.229000004826958e-06,7.985900001017399e-05,3.431999999747859e-06,96,False
3681,3.7847000015744925e-05,8.708900000442554e-05,5.447000006597591e-06,7.114999988289128e-06,7.997400001613642e-05,3.4050000010665826e-06,96,False
3682,3.6606000008987394e-05,8.699299999648247e-05,5.520999991404096e-06,7.0490000041445455e-06,7.994399999233792e-05,3.3849999852009205e-06,96,False
3683,3.853600000525148e-05,8.612299998844719e-05,5.264999998644271e-06,7.129000010763775e-06,7.899399997768342e-05,3.3360000202264928e-06,96,False
3684,3.588900000295325e-05,8.668200001693549e-05,5.627999996704602e-06,7.326999991619232e-06,7.935500002531626e-05,3.3679999944524752e-06,96,False
3685,3.6751999999751206e-05,8.590799998842158e-05,5.474000005278867e-06,6.93000001206201e-06,7.897799997635957e-05,3.3320000056846766e-06,96,False
3686,3.674500001693559e-05,8.639199998583535e-05,5.280000010543517e-06,7.404000001542954e-06,7.89879999842924e-05,3.2399999838617077e-06,96,False
3687,3.718099998195612e-05,9.646299997712049e-05,5.7329999947342e-06,1.685899999870344e-05,7.960399997841705e-05,3.4859999971104116e-06,96,False
3688,3.655700001559126e-05,8.567899999434303e-05,5.401000009896961e-06,7.15799998829425e-06,7.852100000604878e-05,3.375000005689799e-06,96,False
3689,3.577900000095724e-05,8.56310000187932e-05,5.2720000098815945e-06,7.054000008110961e-06,7.857700001068224e-05,3.074000005653943e-06,96,False
3690,3.510600001277453e-05,8.730800001899297e-05,0.00032492999997657535,7.67000000223561e-06,7.963800001675736e-05,3.3389999885002908e-06,96,False
3691,0.00013266499999531334,0.0002584089999970729,1.11470000092595e-05,1.6304999974181555e-05,0.00024210400002289134,7.193999999799416e-05,96,False
3692,6.618800000524061e-05,0.00015296500001227287,7.94499999301479e-06,2.8350999997428517e-05,0.00012461400001484435,6.881000018665873e-06,96,False
3693,4.867900000249392e-05,0.0001646910000090429,7.554000006848582e-06,1.2421999997513922e-05,0.000152269000011529,4.863999976123523e-06,96,False
3694,4.981999998676656e-05,0.00010012399999936861,7.777999996960716e-06,8.448000016869628e-06,9.167599998249898e-05,3.859999992528174e-06,96,False
3695,4.4000999992022116e-05,9.552399998824512e-05,6.235999990167329e-06,7.70500000157881e-06,8.781899998666631e-05,3.71599998061356e-06,96,False
3696,4.1484999997010163e-05,9.359399999198104e-05,5.8709999848360894e-06,8.234999995693215e-06,8.535899999628782e-05,3.4029999937956745e-06,96,False
3697,3.9190999984839436e-05,0.0001330379999728848,6.379000012657343e-06,1.3365999990355704e-05,0.00011967199998252909,5.242000014504811e-06,96,False
3698,4.1550999981154746e-05,9.278499999254564e-05,5.7190000006812625e-06,8.086999997658495e-06,8.469799999488714e-05,3.525000010995427e-06,96,False
3699,3.949700001726342e-05,9.037600000283419e-05,5.669000017860526e-06,7.136999983003989e-06,8.32390000198302e-05,3.7240000096971926e-06,96,False
3700,3.886799999008872e-05,9.018299999752344e-05,5.802999993420599e-06,7.581000005529859e-06,8.260199999199358e-05,3.552999999101303e-06,96,False
3701,3.796799998667666e-05,9.131100000558945e-05,5.899999990788274e-06,7.529000015438214e-06,8.378199999015123e-05,3.62400001563401e-06,96,False
3702,3.8179000000582164e-05,8.891800001720185e-05,5.686999998033571e-06,7.4069999982384616e-06,8.151100001896339e-05,3.434000007018767e-06,96,False
3703,3.781099999855542e-05,0.00012722100001383296,6.436000006715403e-06,1.1228999994727928e-05,0.00011599200001910503,4.561999986663068e-06,96,False
3704,4.179699999440345e-05,9.401500000194574e-05,6.3640000007580966e-06,8.499000017536673e-06,8.551599998440906e-05,4.001999997171879e-06,96,False
3705,3.90379999828383e-05,8.977199999549157e-05,5.610999977534448e-06,7.382999996252693e-06,8.238899999923888e-05,3.415999998424013e-06,96,False
3706,3.707799999119743e-05,0.00010441599999921891,5.778000002010231e-06,8.187000020143387e-06,9.622899997907552e-05,3.7689999885515135e-06,96,False
3707,3.701099998920654e-05,9.499399999413072e-05,6.000000013273166e-06,7.632999995621503e-06,8.736099999850921e-05,3.4599999878537346e-06,96,False
3708,3.793499999460437e-05,8.771399998863671e-05,4.2108999991796736e-05,7.129000010763775e-06,8.058499997787294e-05,3.5050000235514744e-06,96,False
3709,7.22320000079435e-05,9.891499999525877e-05,7.890999995652237e-06,8.999999977277184e-06,8.991500001798158e-05,4.416999985323855e-06,96,False
3710,3.938300000072559e-05,8.943700001395882e-05,6.759999990890719e-06,7.328000009465541e-06,8.210900000449328e-05,3.6630000010973163e-06,96,False
3711,3.9637000014636214e-05,8.938300001659627e-05,6.32600000471939e-06,7.417999995595892e-06,8.196500002100038e-05,3.6559999898599926e-06,96,False
3712,3.8122000006524104e-05,8.77809999906276e-05,6.559000013339755e-06,7.595999989007396e-06,8.018500000162021e-05,3.5900000057154102e-06,96,False
3713,3.601999998181782e-05,8.916199999475793e-05,6.522000006725648e-06,7.0670000127392996e-06,8.209499998201863e-05,3.7240000096971926e-06,96,False
3714,3.836499999465559e-05,8.884299998612732e-05,6.243999990829252e-06,7.445000022698878e-06,8.139799996342845e-05,3.5520000096767035e-06,96,False
3715,6.766600000673861e-05,9.701800001948868e-05,6.294000002071698e-06,8.645999997725085e-06,8.83720000217636e-05,4.0619999879254465e-06,96,False
3716,3.813699999000164e-05,8.724100001700208e-05,6.279000018594161e-06,7.1199999922555435e-06,8.012100002474654e-05,3.383999995776321e-06,96,False
3717,3.711399997996523e-05,8.848099997749159e-05,6.4240000199333736e-06,7.6110000009066425e-06,8.086999997658495e-05,3.4519999871918117e-06,96,False
3718,3.746900000578535e-05,0.000137993999999253,9.701000010409189e-06,7.361999990962431e-06,0.00013063200000829056,3.880000008393836e-06,96,False
3719,5.112100001269937e-05,0.00010056300001792806,7.170999992922589e-06,8.909999991146833e-06,9.165300002678123e-05,4.638000007162191e-06,96,False
3720,4.011000001469256e-05,0.0001506589999848984,9.08399999843823e-06,7.535999998253828e-06,0.00014312299998664457,3.4859999971104116e-06,96,False
3721,4.889599998136873e-05,0.00010271400000760877,7.4330000074951386e-06,9.30000001631015e-06,9.341399999129862e-05,4.614999994601021e-06,96,False
3722,4.094599998438753e-05,0.00012813300000402705,7.202000006145681e-06,1.2642000001505949e-05,0.0001154910000025211,5.219000001943641e-06,96,False
3723,4.11810000002788e-05,9.372600001711362e-05,6.5499999948315235e-06,8.003999994343758e-06,8.572200002276986e-05,3.961999993862264e-06,96,False
3724,4.025799998430557e-05,9.183599999573744e-05,6.170000006022747e-06,7.713999991665332e-06,8.41220000040721e-05,4.0150000018002174e-06,96,False
3725,3.866000000130043e-05,0.00010815799998908915,7.06699998431759e-06,7.70599999100341e-06,0.00010045199999808574,3.575000022237873e-06,96,False
3726,5.5867000014586665e-05,9.783299998389339e-05,5.319000024428533e-06,8.347999994384736e-06,8.948499998950865e-05,4.341999982671041e-06,96,False
3727,3.896999999142281e-05,9.126399999104251e-05,6.498999994164478e-06,7.64700001809615e-06,8.361699997294636e-05,3.622000008363102e-06,96,False
3728,3.8415999995322636e-05,0.00010243400001286318,5.846000021847431e-06,7.455999991634599e-06,9.497800002122858e-05,3.656999979284592e-06,96,False
3729,3.8520000003927635e-05,8.862699999667711e-05,5.878999985498012e-06,7.323000005499125e-06,8.130399999117799e-05,3.4279999852060428e-06,96,False
3730,3.7004000006390925e-05,8.761800000911535e-05,5.641000001332941e-06,7.231000012097866e-06,8.038699999701748e-05,3.2169999997222476e-06,96,False
3731,3.767199999060722e-05,0.00011232600002131221,6.216999992147976e-06,6.893000005447902e-06,0.00010543300001586431,3.49900000173875e-06,96,False
3732,4.5770000014044854e-05,9.403099997484787e-05,5.439000005935668e-06,7.46599999956743e-06,8.656499997528044e-05,4.170000011072261e-06,96,False
3733,3.899399999340858e-05,8.909799998946255e-05,5.565000009255527e-06,7.040000014058023e-06,8.205799997540453e-05,3.409000015608399e-06,96,False
3734,3.8019999976768304e-05,8.801399999924797e-05,6.057999996755825e-06,7.449999998243584e-06,8.056400000100439e-05,3.57900000835798e-06,96,False
3735,3.654100001426741e-05,8.823000001711989e-05,5.479999998669882e-06,7.643999992978934e-06,8.058600002414096e-05,3.3849999852009205e-06,96,False
3736,4.0068000004112037e-05,8.702600001697647e-05,5.296999972870253e-06,7.124999996221959e-06,7.990100002075451e-05,3.367000005027876e-06,96,False
3737,3.62929999937478e-05,8.569799999236238e-05,5.993999991460441e-06,6.185999978924883e-06,7.95120000134375e-05,3.2970000063414773e-06,96,False
3738,5.299100001820989e-05,9.262400001830429e-05,5.93800001524869e-06,8.280000002969246e-06,8.434400001533504e-05,3.996999993205463e-06,96,False
3739,3.8074000002552566e-05,8.927199999675395e-05,5.333000018481471e-06,7.640999996283426e-06,8.163100000047052e-05,3.4690000063619664e-06,96,False
3740,3.7654000010434174e-05,8.747500001504704e-05,5.192999992686964e-06,6.936999994877624e-06,8.053800002016942e-05,3.2899999951041536e-06,96,False
3741,3.5991000004287343e-05,8.779500001310225e-05,5.449000013868499e-06,7.223000011435943e-06,8.057200000166631e-05,3.43099998190155e-06,96,False
3742,3.675799999314222e-05,8.81980000144722e-05,5.269000013186087e-06,6.80499999816675e-06,8.139300001630545e-05,3.4409999898343813e-06,96,False
3743,3.777699998863682e-05,8.634700000698103e-05,5.528999992066019e-06,7.105999998202606e-06,7.924100000877843e-05,3.383000006351722e-06,96,False
3744,5.6895000000167784e-05,9.889699998666401e-05,5.9539999881508265e-06,9.559999995190083e-06,8.933699999147393e-05,4.27400001967726e-06,96,False
3745,3.953600000272672e-05,8.68649999858917e-05,5.530000009912328e-06,7.087999989607852e-06,7.977699999628385e-05,3.7209999845799757e-06,96,False
3746,3.681300000835108e-05,8.6756000001742e-05,5.224000005910057e-06,7.197000002179266e-06,7.955899999956273e-05,3.525999971998317e-06,96,False
3747,3.739799998925264e-05,8.608499999240848e-05,5.3109999953449005e-06,7.0330000028207e-06,7.905199998958778e-05,3.4770000070238893e-06,96,False
3748,3.711599998723614e-05,8.591799999635441e-05,5.3109999953449005e-06,6.705000004103567e-06,7.921299999225084e-05,3.4880000043813197e-06,96,False
3749,3.648400002020935e-05,8.715499998857013e-05,5.4079999927125755e-06,7.3340000028565555e-06,7.982099998571357e-05,3.2939999812242604e-06,96,False
3750,3.9534999984880415e-05,0.00013195700000778743,5.871000013257799e-06,1.073699999665223e-05,0.0001212200000111352,4.404999998541825e-06,96,False
3751,4.00190000107159e-05,9.030499998630148e-05,5.463999997346036e-06,7.528999987016505e-06,8.277599999928498e-05,3.6510000143152865e-06,96,False
3752,6.781700000146884e-05,0.00010930800002029173,2.3293999987572533e-05,9.71099998992031e-06,9.959700003037142e-05,4.178000011734184e-06,96,False
3753,5.6268000008685704e-05,9.642299997381087e-05,5.806000018537816e-06,8.715000006986884e-06,8.770799996682399e-05,4.223000019010215e-06,96,False
3754,3.834500000721164e-05,8.863299999006813e-05,5.501000003960144e-06,7.543999998915751e-06,8.108899999115238e-05,3.490000011652228e-06,96,False
3755,3.654599998981212e-05,8.820700000455872e-05,5.349000019805317e-06,7.690000018101273e-06,8.051699998645745e-05,3.3180000116317387e-06,96,False
3756,3.831699999068405e-05,8.954300000141302e-05,5.366000010553762e-06,7.419000013442201e-06,8.212399998797082e-05,3.4939999977723346e-06,96,False
3757,3.7401999975372746e-05,9.394299999598843e-05,6.847999998171872e-06,7.084999992912344e-06,8.685800000307609e-05,3.7660000202777155e-06,96,False
3758,3.7313000007088704e-05,0.00012226799998416027,7.377999992286277e-06,9.466999983942515e-06,0.00011280100000021775,4.307000011749551e-06,96,False
3759,4.862400001570677e-05,9.441500000662018e-05,6.8450000014763646e-06,8.167000004277725e-06,8.624800000234245e-05,4.141000005120077e-06,96,False
3760,3.754399998001645e-05,8.842400001185524e-05,6.366999997453604e-06,7.388000000219108e-06,8.103600001163613e-05,3.4450000043761975e-06,96,False
3761,3.7470999984634545e-05,8.819699999662589e-05,6.627999994179845e-06,7.103000001507098e-06,8.109399999511879e-05,3.516000020908905e-06,96,False
3762,3.707700000177283e-05,8.643999998980689e-05,6.732000002784844e-06,7.006000004139423e-06,7.943399998566747e-05,3.539000005048365e-06,96,False
3763,3.708599999185935e-05,8.693899999911991e-05,6.544999990865108e-06,6.51900001003014e-06,8.041999998908977e-05,3.512999995791688e-06,96,False
3764,3.9831000009371564e-05,8.972500000936634e-05,0.00010109199999419616,7.452999994939091e-06,8.227200001442725e-05,3.741000000445638e-06,96,False
3765,6.003500001838802e-05,9.636000001478351e-05,6.575000014663601e-06,8.530000002338056e-06,8.783000001244545e-05,4.2599999972026126e-06,96,False
3766,3.753199999323442e-05,9.001999998758947e-05,6.286000001409775e-06,7.777999996960716e-06,8.224199999062876e-05,3.389999989167336e-06,96,False
3767,3.677899999843248e-05,8.81250000190903e-05,6.292999984225389e-06,7.166000017377883e-06,8.095900000171241e-05,3.35100000370403e-06,96,False
3768,3.593799999634939e-05,8.70419999898786e-05,6.164999973634622e-06,7.3520000114513095e-06,7.96899999784273e-05,3.3439999924667063e-06,96,False
3769,3.6811000001080174e-05,8.752499999786778e-05,6.130999992137731e-06,6.978000016033548e-06,8.054699998183423e-05,3.2500000202162482e-06,96,False
3770,3.71700000130204e-05,0.00018544700000688863,7.321999987652816e-06,2.4190000004864487e-05,0.00016125700000202414,5.81300000135343e-05,96,False
3771,4.19899999997142e-05,9.221599998454622e-05,6.409000008034127e-06,8.041000000957865e-06,8.417499998358835e-05,3.722999991850884e-06,96,False
3772,3.841399998805173e-05,8.927499999344946e-05,6.24599999810016e-06,7.132999996883882e-06,8.214199999656557e-05,3.889999987904957e-06,96,False
3773,3.747399998133005e-05,8.79899999972622e-05,5.897000022514476e-06,6.928999994215701e-06,8.10610000030465e-05,3.6650000083682244e-06,96,False
3774,3.7664000018367005e-05,8.623400000828951e-05,5.423000004611822e-06,7.15799998829425e-06,7.907600001999526e-05,3.926999994519065e-06,96,False
3775,3.6376999986487135e-05,9.954999998740277e-05,5.7530000105998624e-06,6.971999994220823e-06,9.257799999318195e-05,3.688999981932284e-06,96,False
3776,9.900599999923543e-05,0.0001278350000006867,9.331000001111533e-06,9.978999997883875e-06,0.00011785600000280283,4.7409999979208806e-06,96,False
3777,5.952399999387126e-05,0.00010583400000996335,7.713000002240733e-06,9.774000005791095e-06,9.606000000417225e-05,5.270000002610686e-06,96,False
3778,9.649000000422348e-05,0.00011312499998439307,8.818999987170173e-06,1.0652999975491184e-05,0.00010247200000890189,5.434999991393852e-06,96,False
3779,4.359799999065217e-05,9.32270000078006e-05,7.197999991603865e-06,7.632999995621503e-06,8.55940000121791e-05,3.893999974025064e-06,96,False
3780,3.901299999142793e-05,0.00012094899997805442,7.039999985636314e-06,7.571999987021627e-06,0.00011337699999103279,3.593999991835517e-06,96,False
3781,4.4640999988132535e-05,9.347900001444032e-05,6.479999996145125e-06,8.105999995677848e-06,8.537300001876247e-05,4.2579999899317045e-06,96,False
3782,3.819799999860152e-05,8.903299999474257e-05,3.8259000007201394e-05,7.428000003528723e-06,8.160499999121384e-05,3.262000006998278e-06,96,False
3783,4.1869000000360757e-05,9.009400000081769e-05,6.482000003416033e-06,7.011000008105839e-06,8.308299999271185e-05,3.7340000176300236e-06,96,False
3784,3.8017999997919105e-05,8.88320000171916e-05,6.616000007397815e-06,7.12399997837565e-06,8.170800003881595e-05,3.5709999792743474e-06,96,False
3785,3.724500001567321e-05,8.856799999534815e-05,6.506000005401802e-06,7.253999996237326e-06,8.131399999911082e-05,3.5040000057051657e-06,96,False
3786,3.656200001955767e-05,0.00012791699998615513,6.810000002133165e-06,2.589799998986564e-05,0.0001020189999962895,6.055000000060318e-06,96,False
3787,3.9955999994845115e-05,9.079400001610338e-05,6.232000004047222e-06,7.803000016792794e-06,8.299099999931059e-05,3.500000019585059e-06,96,False
3788,3.7529000024960624e-05,8.971600001927982e-05,6.224000003385299e-06,7.330999977739339e-06,8.238500004154048e-05,3.6030000103437487e-06,96,False
3789,4.190200002085476e-05,8.887399999935042e-05,6.444999996801926e-06,7.178999993584512e-06,8.16950000057659e-05,3.6550000004353933e-06,96,False
3790,3.737500000511318e-05,8.660299999974086e-05,6.049000006669303e-06,7.264000004170157e-06,7.93389999955707e-05,3.620000001092194e-06,96,False
3791,3.6583999985850824e-05,8.783500001641187e-05,6.001999992122364e-06,7.348999986334093e-06,8.048600003007778e-05,3.4790000142947974e-06,96,False
3792,3.8703000001305554e-05,0.00012939100000153303,6.3880000027438655e-06,7.435000014766047e-06,0.00012195599998676698,2.027600001497376e-05,96,False
3793,4.106800000158728e-05,0.00013211399999590867,8.425999993733058e-06,7.4830000187375845e-06,0.00012463099997717109,3.488999993805919e-06,96,False
3794,6.63619999841103e-05,0.0001054679999867858,6.185999978924883e-06,9.57399998924302e-06,9.589399999754278e-05,4.9009999827376305e-06,96,False
3795,4.122500001813023e-05,9.263900000178182e-05,5.921999985503135e-06,7.3859999929482e-06,8.525300000883362e-05,3.874000015002821e-06,96,False
3796,3.8615999983449e-05,8.799599999065322e-05,5.651999998690371e-06,6.920000004129179e-06,8.107599998652404e-05,3.7689999885515135e-06,96,False
3797,3.6649000008992516e-05,0.00013565500000822794,6.530000007387571e-06,1.2456000007432522e-05,0.00012319900000079542,5.3710000145201775e-06,96,False
3798,4.0890999997600375e-05,9.305199998266289e-05,5.7110000000193395e-06,7.92099999102902e-06,8.513099999163387e-05,3.7079999799516372e-06,96,False
3799,3.7835000000541186e-05,8.937600000535895e-05,5.678000007947048e-06,7.600000003549212e-06,8.177600000180973e-05,3.7609999878895906e-06,96,False
3800,3.757899997935965e-05,8.898699999804194e-05,5.532000017183236e-06,7.430000010799631e-06,8.155699998724231e-05,3.695000003745008e-06,96,False
3801,3.715799999781666e-05,8.868199998346427e-05,5.633999990095617e-06,7.0490000041445455e-06,8.163299997931972e-05,3.7389999931747298e-06,96,False
3802,3.777500000978762e-05,8.691399997928784e-05,5.536999992727942e-06,7.227999986980649e-06,7.968599999230719e-05,3.6980000004405156e-06,96,False
3803,3.6241000003656154e-05,0.00012462200001550627,5.794999992758676e-06,2.0828000003803027e-05,0.00010379400001170325,6.245000008675561e-06,96,False
3804,4.007799998362316e-05,9.169899999506015e-05,5.670999996709725e-06,7.909000004246991e-06,8.378999999081316e-05,3.8290000077267905e-06,96,False
3805,3.8142999983392656e-05,8.902100000796054e-05,5.43699999866476e-06,7.0049999862931145e-06,8.201600002166742e-05,3.7800000143306534e-06,96,False
3806,3.682400000570851e-05,8.855400000129521e-05,5.4989999966892356e-06,7.043000010753531e-06,8.151099999054168e-05,3.6410000063824555e-06,96,False
3807,3.9729000008037474e-05,8.86589999993248e-05,5.450999992717698e-06,7.033999992245299e-06,8.16250000070795e-05,3.4370000037142745e-06,96,False
3808,3.616600000100334e-05,8.868099999403967e-05,5.3290000039396546e-06,7.164999999531574e-06,8.151599999450809e-05,3.5829999944780866e-06,96,False
3809,3.6833999985219634e-05,0.0001205510000090726,6.100000007336348e-06,6.855999998833795e-06,0.0001136950000102388,3.5120000063670886e-06,96,False
3810,4.119100000821163e-05,9.113000001548244e-05,5.553000022473498e-06,7.473000010804753e-06,8.365700000467768e-05,3.848999995170743e-06,96,False
3811,3.878799998346949e-05,8.848499999203341e-05,5.649000001994864e-06,7.0830000140631455e-06,8.140199997797026e-05,3.7789999964843446e-06,96,False
3812,3.6730000005036345e-05,8.676900000637033e-05,5.426999990731929e-06,7.027999998854284e-06,7.974100000751605e-05,3.37399998784349e-06,96,False
3813,3.755599999522019e-05,8.669400000371752e-05,5.6949999986954936e-06,6.722000023273722e-06,7.99719999804438e-05,3.660999993826408e-06,96,False
3814,3.719300002558157e-05,8.725800000775052e-05,5.627000007280003e-06,7.100000004811591e-06,8.015800000293893e-05,3.6250000050586095e-06,96,False
3815,3.6638000011635086e-05,0.00011075199998344942,6.427000016628881e-06,7.179000022006221e-06,0.0001035729999614432,3.402000004371075e-06,96,False
3816,4.6201999992945275e-05,9.32319999833453e-05,5.251000004591333e-06,7.952000004252113e-06,8.527999997909319e-05,4.16000000313943e-06,96,False
3817,3.7356999996518425e-05,8.768399999325993e-05,6.367999986878203e-06,7.084000003487745e-06,8.059999998977219e-05,3.4669999990910583e-06,96,False
3818,3.656600000567778e-05,8.651400000303511e-05,6.255000016608392e-06,6.959000018014194e-06,7.955499998502091e-05,3.4749999997529812e-06,96,False
3819,3.561699998044787e-05,8.533699997315125e-05,6.205999994790545e-06,6.76999999882355e-06,7.85669999743277e-05,3.2530000169117557e-06,96,False
3820,3.675900001098853e-05,8.641400000897193e-05,6.584999994174723e-06,6.80499999816675e-06,7.960900001080518e-05,3.3180000116317387e-06,96,False
3821,4.162299998711205e-05,0.00010820599999306069,8.20600001816274e-06,7.345000000213986e-06,0.0001008609999928467,3.6929999964741e-06,96,False
3822,5.244300001550073e-05,9.537899998690591e-05,6.567000014001678e-06,8.223999998335785e-06,8.715499998857013e-05,4.2210000117393065e-06,96,False
3823,3.773800000317351e-05,8.986700001401005e-05,6.548000015982325e-06,7.685000014134857e-06,8.218199999987519e-05,3.759000009040392e-06,96,False
3824,3.727599997205289e-05,8.622499998978128e-05,6.480999985569724e-06,6.88400001536138e-06,7.93409999744199e-05,3.7339999892083142e-06,96,False
3825,3.7381000026925904e-05,8.673899998257184e-05,6.3640000007580966e-06,7.111000002169021e-06,7.962799998040282e-05,3.296000016916878e-06,96,False
3826,3.7699999978713095e-05,8.602500000165492e-05,6.296999998767205e-06,7.035000010091608e-06,7.898999999156331e-05,3.551999981254994e-06,96,False
3827,3.608500000495951e-05,8.717099998989397e-05,6.009999992784287e-06,7.4490000088189845e-06,7.972199998107499e-05,3.330999987838368e-06,96,False
3828,6.585599999198166e-05,9.515100001067367e-05,6.518000020605541e-06,8.29699999371769e-06,8.685400001695598e-05,4.130000007762646e-06,96,False
3829,3.725199999848883e-05,8.676799998852402e-05,6.33700000207682e-06,7.230999983676156e-06,7.953700000484787e-05,3.3340000129555847e-06,96,False
3830,3.6958999999114894e-05,8.736899999917114e-05,6.2629999888486054e-06,6.660999986252136e-06,8.0708000012919e-05,3.4150000089994137e-06,96,False
3831,3.768499999523556e-05,0.00011929400000099122,6.596000019953863e-06,1.0669999994661339e-05,0.00010862400000632988,4.19400001305803e-06,96,False
3832,3.957399999876543e-05,9.056299998633222e-05,6.399000000101296e-06,7.519000007505383e-06,8.304399997882683e-05,4.08000002494191e-06,96,False
3833,0.0001448919999802456,0.00010469700001181081,7.32899999889014e-06,1.0323999987349453e-05,9.437300002446136e-05,4.480999990619239e-06,96,False
3834,4.010800000742165e-05,8.857800000328098e-05,6.215999974301667e-06,7.889000016803038e-06,8.068899998647794e-05,3.597000016952734e-06,96,False
3835,4.302400000710804e-05,8.744000001570384e-05,6.568999992850877e-06,7.100000004811591e-06,8.034000001089225e-05,3.5600000103386265e-06,96,False
3836,3.706699999384e-05,8.89039999947272e-05,6.4060000113386195e-06,7.183999997550927e-06,8.171999999717627e-05,3.5629999786124245e-06,96,False
3837,3.7106000007725015e-05,8.703399998921668e-05,6.290000015951591e-06,7.219999986318726e-06,7.981400000289796e-05,3.491000001076827e-06,96,False
3838,3.6147999992408586e-05,8.52809999969395e-05,6.512999988217416e-06,7.246999985000002e-06,7.80340000119395e-05,3.2850000195594475e-06,96,False
3839,3.640599999243932e-05,0.000104622000009158,6.634999976995459e-06,1.0029000009126321e-05,9.459300000003168e-05,4.154000009748415e-06,96,False
3840,3.8634999981468354e-05,9.024499999554791e-05,6.721000005427413e-06,7.749000019430241e-06,8.249599997611767e-05,3.4879999759596103e-06,96,False
3841,3.82270000045537e-05,8.84449999887238e-05,6.117999987509393e-06,7.4699999856875365e-06,8.097500000303626e-05,3.450000008342613e-06,96,False
3842,3.67149999931371e-05,8.701900000573914e-05,6.158000019240717e-06,6.811000019979474e-06,8.020799998575967e-05,3.6970000110159162e-06,96,False
3843,3.670000000965956e-05,8.657400002221038e-05,6.038000009311872e-06,7.092000004149668e-06,7.948200001806072e-05,3.5239999931491184e-06,96,False
3844,3.5394999997606647e-05,9.747699999707038e-05,6.127000006017624e-06,6.788999996842904e-06,9.068800000022748e-05,3.483000000414904e-06,96,False
3845,3.800199999659526e-05,0.00012612599999783924,6.666999979643151e-06,1.0943000006591319e-05,0.00011518299999124793,4.609999990634606e-06,96,False
3846,3.995299999814961e-05,8.863700000460994e-05,6.051000013940211e-06,7.3600000121132325e-06,8.127699999249671e-05,3.7400000110210385e-06,96,False
3847,3.8007000000561675e-05,8.806899998603512e-05,6.1759999994137615e-06,7.609999983060334e-06,8.045900000297479e-05,3.6890000103539933e-06,96,False
3848,3.665799999907904e-05,8.54930000002696e-05,5.905999984179289e-06,6.9499999995059625e-06,7.854300000076364e-05,3.486999986535011e-06,96,False
3849,4.003200001534424e-05,8.71809999978268e-05,5.888000004006244e-06,7.060000001501976e-06,8.012099999632483e-05,3.5220000142999197e-06,96,False
3850,3.653000001690998e-05,8.574399998906301e-05,5.910999988145704e-06,6.675999998151383e-06,7.906799999091163e-05,3.518999989182703e-06,96,False
3851,3.787399998600449e-05,0.0001309269999865137,6.671999983609567e-06,6.716000001460998e-06,0.0001242109999850527,2.30340000086926e-05,96,False
3852,4.0858000005528083e-05,8.95029999981034e-05,6.135999996104147e-06,7.238000023335189e-06,8.226499997476822e-05,3.6799999918457615e-06,96,False
3853,3.7265000003117166e-05,9.017500002528323e-05,5.8910000007017516e-06,6.72499999154752e-06,8.34500000337357e-05,3.4230000096613367e-06,96,False
3854,3.760199999192082e-05,0.00012778400000001966,7.001999989597607e-06,1.2182999995502541e-05,0.00011560100000451712,5.1490000032572425e-06,96,False
3855,4.1105999997625986e-05,9.230399999182737e-05,3.874300000461517e-05,7.850999992342622e-06,8.445299999948475e-05,3.520999996453611e-06,96,False
3856,4.224399998520312e-05,9.134000001154163e-05,6.431999992173587e-06,7.828999997627761e-06,8.351100001391387e-05,3.759000009040392e-06,96,False
3857,3.811599998471138e-05,8.653499997990366e-05,6.162999994785423e-06,7.0410000034826226e-06,7.949399997642104e-05,3.571000007696057e-06,96,False
3858,3.767399999787813e-05,8.815499998604537e-05,6.329000001414897e-06,7.151999994903235e-06,8.100299999114213e-05,3.555000006372211e-06,96,False
3859,3.633300002547912e-05,8.534799999893039e-05,5.8360000139145995e-06,6.926999986944793e-06,7.84210000119856e-05,3.4189999951195205e-06,96,False
3860,3.786300001706877e-05,0.000123856000016076,6.6469999921991985e-06,1.0609000014483172e-05,0.00011324700000159282,4.302999997207735e-06,96,False
3861,3.9227000002028944e-05,8.977499999218708e-05,6.205999994790545e-06,7.077000020672131e-06,8.269799997151495e-05,3.700999997136023e-06,96,False
3862,3.718199999980243e-05,8.811300000388655e-05,6.149000000732485e-06,7.038000006787115e-06,8.107499999709944e-05,3.4140000195748144e-06,96,False
3863,3.768400000581096e-05,9.137600000030943e-05,6.13200000998404e-06,7.373000016741571e-06,8.400299998356786e-05,3.745000014987454e-06,96,False
3864,3.705599999648257e-05,8.787400000187517e-05,6.2000000013995304e-06,7.445000022698878e-06,8.04289999791763e-05,3.4470000116471056e-06,96,False
3865,3.668000002221561e-05,8.775400002036804e-05,6.054000010635718e-06,7.0750000134012225e-06,8.067900000696682e-05,3.230000004350586e-06,96,False
3866,3.647699998055032e-05,0.00017056600000842081,6.858999995529302e-06,1.3582999997652223e-05,0.0001569830000107686,5.724000004647678e-06,96,False
3867,0.0006494970000119338,0.00020189199997844298,1.5953999991324963e-05,2.0940000013069948e-05,0.00018095199996537303,9.971999986646551e-06,96,False
3868,7.579500001497763e-05,0.00011582700000190016,8.766999997078528e-06,1.02359999800683e-05,0.00010559100002183186,4.86700000124074e-06,96,False
3869,4.9905999986776806e-05,0.00010580000000004475,8.200999985774615e-06,9.313999981941379e-06,9.648600001810337e-05,4.418999992594763e-06,96,False
3870,4.7488999996403436e-05,9.941400000457179e-05,7.570999997597028e-06,8.379000007607829e-06,9.103499999696396e-05,4.055999994534432e-06,96,False
3871,4.2907999983299305e-05,0.00020411899998862282,1.3835000004291942e-05,8.086000008233896e-06,0.00019603299998038892,3.7929999905372824e-06,96,False
3872,7.773699999802375e-05,0.00011797599998430996,8.385999990423443e-06,1.0583999994651094e-05,0.00010739199998965887,6.794999990233919e-06,96,False
3873,4.317299999456736e-05,0.0001145429999951375,7.003999996868515e-06,9.691000002476358e-06,0.00010485199999266115,5.012000002579953e-06,96,False
3874,4.056599999557875e-05,9.22829999865371e-05,6.787999978996595e-06,7.71599999893624e-06,8.456699998760087e-05,3.7749999819425284e-06,96,False
3875,3.915100000995153e-05,9.142599998313017e-05,6.734000010055752e-06,7.5220000042008905e-06,8.390399997892928e-05,3.640000016957856e-06,96,False
3876,3.893499999207961e-05,9.043299999689225e-05,6.776999981639165e-06,7.673999988355718e-06,8.275900000853653e-05,3.668999994488331e-06,96,False
3877,3.866100001914674e-05,0.00010388900000180001,7.132000007459283e-06,7.8410000128315e-06,9.604799998896851e-05,4.011000015680111e-06,96,False
3878,3.87890000013158e-05,8.973300001002826e-05,6.934999987606716e-06,7.713000002240733e-06,8.202000000778753e-05,3.5690000004251488e-06,96,False
3879,3.8292999988698284e-05,8.938300001659627e-05,7.178000004159912e-06,6.9989999929021e-06,8.238400002369417e-05,3.5609999997632258e-06,96,False
3880,3.842499998540916e-05,8.894600000530772e-05,6.5290000179629715e-06,6.8999999882635166e-06,8.204600001704421e-05,3.4349999964433664e-06,96,False
3881,6.684900000664129e-05,9.979199998610966e-05,6.893999994872502e-06,9.744000010414311e-06,9.004799997569535e-05,4.30800000117415e-06,96,False
3882,4.161299997917922e-05,9.001500001204477e-05,6.516000013334633e-06,7.347000007484894e-06,8.266800000455987e-05,3.721000013001685e-06,96,False
3883,3.767900000184454e-05,8.860900001650407e-05,6.122000002051209e-06,7.446000012123477e-06,8.116300000438059e-05,3.4550000123090285e-06,96,False
3884,3.718300001764874e-05,8.874700000660596e-05,5.7999999967250915e-06,7.398000008151939e-06,8.134899999845402e-05,3.603999999768348e-06,96,False
3885,5.9628000002476256e-05,8.934999999610227e-05,5.815999998048937e-06,7.264999993594756e-06,8.208500000250751e-05,3.5609999997632258e-06,96,False
3886,3.791899999328052e-05,8.850099999335725e-05,5.533999996032435e-06,7.382999996252693e-06,8.111799999710456e-05,3.4150000089994137e-06,96,False
3887,3.7426999995204824e-05,8.640999999443011e-05,5.2640000092196715e-06,6.995999996206592e-06,7.941399999822352e-05,3.3289999805674597e-06,96,False
3888,3.6434999998391504e-05,8.58400000254278e-05,5.5490000079316815e-06,6.823000006761504e-06,7.90170000186663e-05,3.195999994431986e-06,96,False
3889,3.7093999992521276e-05,8.620899998845744e-05,5.523999988099604e-06,6.688000013355122e-06,7.952099997510231e-05,3.3199999904809374e-06,96,False
3890,3.5932000002958375e-05,8.573499999897649e-05,5.2509999761696236e-06,7.017999990921453e-06,7.871700000805504e-05,3.3560000076704455e-06,96,False
3891,3.60839999871132e-05,9.009200002196849e-05,6.49700001531528e-06,7.570000008172428e-06,8.252200001379606e-05,3.4570000195799366e-06,96,False
3892,3.722799999650306e-05,8.871600002180458e-05,6.224000003385299e-06,7.197999991603865e-06,8.151800003020071e-05,3.716999998459869e-06,96,False
3893,3.5521999990351105e-05,0.00012324899998361616,6.734000010055752e-06,7.336000010127464e-06,0.0001159129999734887,3.3299999984137685e-06,96,False
3894,4.1437000021460335e-05,8.983300000409145e-05,6.229000007351715e-06,7.3969999903056305e-06,8.243600001378582e-05,3.822000024911176e-06,96,False
3895,3.7802999997893494e-05,8.895900000993606e-05,6.330999980264096e-06,6.969999986949915e-06,8.198900002298615e-05,3.4169999878486124e-06,96,False
3896,3.655499997989864e-05,8.879499998215579e-05,6.5159999849129235e-06,7.544999988340351e-06,8.124999999381544e-05,3.4050000010665826e-06,96,False
3897,3.6832000006370436e-05,0.00010757399999761219,1.0124999988647687e-05,6.455000004734757e-06,0.00010111899999287743,3.648000017619779e-06,96,False
3898,6.791799998495662e-05,0.0001092649999918649,6.810000002133165e-06,9.239000007710274e-06,0.00010002599998415462,5.455999996684113e-06,96,False
3899,4.2108999991796736e-05,9.353400000122747e-05,6.847999998171872e-06,7.995000004257236e-06,8.553899999697023e-05,3.6650000083682244e-06,96,False
3900,3.7743000007139926e-05,9.089600001743747e-05,6.342999995467835e-06,7.614999987026749e-06,8.328100003041072e-05,3.595999999106425e-06,96,False
3901,3.7345999999160995e-05,8.877099998017002e-05,6.028000001379041e-06,7.407999987663061e-06,8.136299999250696e-05,3.4850000076858123e-06,96,False
3902,3.674699999578479e-05,8.799300002237942e-05,6.263000017270315e-06,7.1560000094450515e-06,8.083700001293437e-05,3.4009999865247664e-06,96,False
3903,3.6697000012964054e-05,8.5737999995672e-05,6.304999999429128e-06,6.334000005381313e-06,7.940399999029069e-05,3.2529999884900462e-06,96,False
3904,3.712400001631977e-05,8.633000001623259e-05,6.247999976949359e-06,6.521999978303938e-06,7.980800003792865e-05,3.37399998784349e-06,96,False
3905,3.664500002287241e-05,0.00015564699998549258,8.82199998386568e-06,7.65999999430278e-06,0.0001479869999911898,2.2445000013249228e-05,96,False
3906,5.449700000781377e-05,9.979300000395597e-05,7.0750000134012225e-06,9.180999995805905e-06,9.061200000815006e-05,4.633000003195775e-06,96,False
3907,4.160099999239719e-05,9.260999999582964e-05,6.564000017306171e-06,7.56899999032612e-06,8.504100000550352e-05,3.682999988541269e-06,96,False
3908,3.880900001718146e-05,0.00010196300002007774,6.914000010738164e-06,7.377999992286277e-06,9.458500002779147e-05,3.6129999898548704e-06,96,False
3909,3.8861000007273105e-05,8.916600000929975e-05,6.4870000073824485e-06,7.872999987057483e-06,8.129300002224227e-05,3.4349999964433664e-06,96,False
3910,8.873199999470671e-05,9.78349999911643e-05,6.840999986934548e-06,8.645000008300485e-06,8.918999998286381e-05,4.261000015048921e-06,96,False
3911,4.0068000004112037e-05,8.997200001203964e-05,6.484000010686941e-06,7.879999998294807e-06,8.209200001374484e-05,3.536999997777457e-06,96,False
3912,3.750199999785764e-05,8.87630000079298e-05,6.062000011297641e-06,7.505000013452445e-06,8.125799999447736e-05,3.251999999065447e-06,96,False
3913,3.6673000010978285e-05,8.885999997687577e-05,6.4089999796124175e-06,7.439999990310753e-06,8.141999998656502e-05,3.3299999984137685e-06,96,False
3914,3.82610000144723e-05,8.771800000317853e-05,6.471000006058603e-06,7.05599998696016e-06,8.066200001621837e-05,3.4919999905014265e-06,96,False
3915,3.645900000037727e-05,8.766099998069876e-05,5.877000006648814e-06,6.870000021308442e-06,8.079099995939032e-05,3.5179999997581035e-06,96,False
3916,3.65059999865025e-05,8.614600000100836e-05,6.183000010651085e-06,6.812000009404073e-06,7.933399999160429e-05,3.4509999977672123e-06,96,False
3917,7.043799999451039e-05,9.877399998003966e-05,6.640000009383584e-06,9.258999995154227e-06,8.951499998488543e-05,4.141999994544676e-06,96,False
3918,3.9796000010028365e-05,8.857499997816376e-05,6.623999979638029e-06,7.358000004842324e-06,8.121699997332144e-05,3.7150000196106703e-06,96,False
3919,3.865200000063851e-05,8.830199999465549e-05,6.498999994164478e-06,7.5560000141194905e-06,8.0745999980536e-05,3.654000011010794e-06,96,False
3920,4.050799998367438e-05,8.734399997933906e-05,6.704999975681858e-06,7.070000009434807e-06,8.027399996990425e-05,3.5680000110005494e-06,96,False
3921,3.667000001428278e-05,8.684400000902315e-05,6.49699998689357e-06,6.762999987586227e-06,8.008100002143692e-05,3.5119999779453792e-06,96,False
3922,3.58009999956721e-05,8.905600000730374e-05,6.135999996104147e-06,7.333000013431956e-06,8.172299999387178e-05,3.5489999845594866e-06,96,False
3923,3.754899998398287e-05,8.82739999781279e-05,5.914000013262921e-06,7.63700001016332e-06,8.063699996796458e-05,3.4390000109851826e-06,96,False
3924,3.733999997734827e-05,8.635300000037205e-05,6.37100001199542e-06,7.006000004139423e-06,7.934699999623263e-05,3.5299999865401332e-06,96,False
3925,3.6910999995143357e-05,8.673500002487344e-05,6.267999992815021e-06,7.006000004139423e-06,7.972900002073402e-05,3.51099998852078e-06,96,False
3926,3.593400001022928e-05,8.646699998848817e-05,4.049400001804315e-05,6.8089999842868565e-06,7.965800000420131e-05,3.652999993164485e-06,96,False
3927,4.116900001349677e-05,9.080600000288541e-05,6.499999983589078e-06,7.6030000002447196e-06,8.320300000264069e-05,4.009999997833802e-06,96,False
3928,3.785100000186503e-05,8.80910000091717e-05,6.296999998767205e-06,7.05499999753556e-06,8.103600001163613e-05,3.6100000215810724e-06,96,False
3929,3.619100002083542e-05,0.00012880899998890527,6.876000014699457e-06,1.102199999536424e-05,0.00011778699999354103,4.429000000527594e-06,96,False
3930,3.9431999994121725e-05,9.021500000017113e-05,6.106000000727363e-06,7.86500001481727e-06,8.234999998535386e-05,3.853000009712559e-06,96,False
3931,3.7792000000536063e-05,0.00011851799999362811,7.2610000074746495e-06,1.0220999996590763e-05,0.00010829699999703735,4.74199998734548e-06,96,False
3932,4.229800001098738e-05,9.146400000759058e-05,6.55300001994874e-06,8.210000004282847e-06,8.325400000330774e-05,3.507000002400673e-06,96,False
3933,3.884299999867835e-05,8.894399999803682e-05,6.684000027235015e-06,7.232999990947064e-06,8.171100000708975e-05,3.458000009004536e-06,96,False
3934,5.6107000006022645e-05,9.27000000103817e-05,7.043000010753531e-06,7.717999977785439e-06,8.498200003259626e-05,3.934999995180988e-06,96,False
3935,3.8133999993306134e-05,8.771299999921212e-05,6.567000014001678e-06,7.017000001496854e-06,8.069599999771526e-05,3.445999993800797e-06,96,False
3936,3.7289000005102935e-05,8.593699999437376e-05,5.689000005304479e-06,6.725999980972119e-06,7.921100001340164e-05,3.381999988505413e-06,96,False
3937,3.771400000118774e-05,8.933799998089853e-05,5.694000009270894e-06,7.0330000028207e-06,8.230499997807783e-05,3.5549999779505015e-06,96,False
3938,3.755900002033741e-05,0.00011633600001914601,8.85600002220599e-06,6.963000004134301e-06,0.00010937300001501171,3.3880000103181374e-06,96,False
3939,5.6609000012031174e-05,0.00010448699998732991,6.5339999935076776e-06,8.982999986528739e-06,9.550400000080117e-05,5.374000011215685e-06,96,False
3940,7.774499999868567e-05,0.00011529999997605955,8.637999997063162e-06,1.207100001465733e-05,0.00010322899996140222,5.321999992702331e-06,96,False
3941,4.4072000008554824e-05,9.477099999344318e-05,6.431999992173587e-06,8.072999975183848e-06,8.669800001825934e-05,3.605000017614657e-06,96,False
3942,4.073799999559924e-05,9.065000000418877e-05,5.563000001984619e-06,7.46599999956743e-06,8.318400000462134e-05,3.3949999931337516e-06,96,False
3943,3.7482000010413685e-05,0.00011656799998149836,6.607000017311293e-06,7.4020000226937555e-06,0.0001091659999588046,3.4899999832305184e-06,96,False
3944,4.317900001638009e-05,9.242400000175621e-05,5.896000004668167e-06,8.100000002286833e-06,8.432399999946938e-05,3.49900000173875e-06,96,False
3945,3.845699998805685e-05,9.020100000611819e-05,5.745999999362539e-06,7.3969999903056305e-06,8.280400001581256e-05,3.56799998257884e-06,96,False
3946,3.732700000114164e-05,9.012099999949896e-05,5.635999997366525e-06,7.514999992963567e-06,8.26060000065354e-05,3.719000005730777e-06,96,False
3947,3.687399998852925e-05,8.937499998751264e-05,5.786000002672154e-06,7.498000002215122e-06,8.187699998529752e-05,3.557000013643119e-06,96,False
3948,4.302599998595724e-05,8.936800000469702e-05,5.527000013216821e-06,7.407999987663061e-06,8.196000001703396e-05,3.6570000077063014e-06,96,False
3949,3.941200000667777e-05,8.80249999966054e-05,5.48299999536539e-06,7.248000002846311e-06,8.077699999375909e-05,3.4269999957814434e-06,96,False
3950,3.707599998392652e-05,8.683000001497021e-05,5.576999996037557e-06,6.69000002062603e-06,8.013999999434418e-05,3.5220000142999197e-06,96,False
3951,3.670300000635507e-05,8.643000001029577e-05,5.566999988104726e-06,6.573999996817292e-06,7.985600001347848e-05,3.2719999865093996e-06,96,False
3952,6.998699998916891e-05,9.630900001411646e-05,5.905999984179289e-06,8.295999975871382e-06,8.801300003824508e-05,4.086000018332925e-06,96,False
3953,3.8269000015134225e-05,8.945499999413187e-05,5.372999993369376e-06,7.544999988340351e-06,8.191000000579152e-05,3.6579999971309007e-06,96,False
3954,3.8155999988020994e-05,8.825800000522577e-05,5.600999998023326e-06,7.188000012092743e-06,8.106999999313302e-05,3.399999997100167e-06,96,False
3955,4.8470999985283925e-05,8.944999999016545e-05,5.751000003328954e-06,7.416000016746693e-06,8.203399997341876e-05,3.418000005694921e-06,96,False
3956,3.680599999711376e-05,9.004199998230433e-05,5.51600001585939e-06,7.535000008829229e-06,8.25069999734751e-05,3.589999977293701e-06,96,False
3957,0.00012893999999619155,0.0001564629999961653,1.2569000006124043e-05,1.5367000003152498e-05,0.0001410959999930128,7.455000002209999e-06,96,False
3958,5.3210000004355607e-05,0.00010826500002281136,7.035999999516207e-06,9.52799999254239e-06,9.873700003026897e-05,4.225999987284013e-06,96,False
3959,4.4868999992786485e-05,9.977699997421041e-05,6.849000016018181e-06,8.215000008249262e-06,9.156199996596115e-05,3.7970000050790986e-06,96,False
3960,4.2588999974668695e-05,0.00011082099999271122,6.9840000094245624e-06,1.0524999993322126e-05,0.0001002959999993891,4.525999997895269e-06,96,False
3961,4.235400001562084e-05,9.469400001194117e-05,6.259000002728499e-06,8.07000000691005e-06,8.662400000503112e-05,3.88699999120945e-06,96,False
3962,4.012900001271191e-05,9.638499997777217e-05,6.116000008660194e-06,7.515999982388166e-06,8.8868999995384e-05,3.937999991876495e-06,96,False
3963,3.8757999988092706e-05,9.302500001240332e-05,6.0870000027080096e-06,7.868000011512777e-06,8.515700000089055e-05,3.559999981916917e-06,96,False
3964,3.929999999741085e-05,9.04499999876407e-05,5.8209999735936435e-06,7.392000014760924e-06,8.305799997287977e-05,3.551000020252104e-06,96,False
3965,3.8850000009915675e-05,9.024999999951433e-05,5.738999988125215e-06,7.148999998207728e-06,8.31010000013066e-05,3.480999993143996e-06,96,False
3966,6.887800000754396e-05,9.727900001621492e-05,6.194999997433115e-06,8.710999992445068e-06,8.856800002376986e-05,4.402000001846318e-06,96,False
3967,3.975699999614335e-05,9.161799999901632e-05,7.293999999546941e-06,7.77400001084061e-06,8.384399998817571e-05,3.4999999911633495e-06,96,False
3968,3.8392999982761467e-05,9.05229999830226e-05,6.05299999278941e-06,7.742999997617517e-06,8.277999998540508e-05,3.5520000096767035e-06,96,False
3969,3.805899999065332e-05,8.862999999337262e-05,5.701999981511108e-06,7.554000006848582e-06,8.107599998652404e-05,3.4099999766112887e-06,96,False
3970,3.781699999194643e-05,0.00014772199997992175,8.711000020866777e-06,1.7055999990134296e-05,0.00013066599998978745,6.2649999961195135e-06,96,False
3971,4.82140000030995e-05,0.00015437599998335827,7.760000016787671e-06,1.883000001612345e-05,0.00013554599996723482,7.088000018029561e-06,96,False
3972,4.619899999624977e-05,0.00011913599999502367,6.773000023940767e-06,8.24199997850883e-06,0.00011089400001651484,4.076999999824693e-06,96,False
3973,4.504399998950248e-05,9.53750000007858e-05,6.0169999755999015e-06,7.970999973849757e-06,8.740400002693605e-05,4.208999996535567e-06,96,False
3974,4.0379000012080724e-05,8.984599998029807e-05,5.48200000594079e-06,7.488000022704e-06,8.235799995759407e-05,3.652999993164485e-06,96,False
3975,5.497299997614391e-05,8.961500000737033e-05,5.657000002656787e-06,7.36300000880874e-06,8.225199999856159e-05,3.7869999971462676e-06,96,False
3976,3.818700000124409e-05,0.0001058909999755997,6.740000003446767e-06,7.5140000035389676e-06,9.837699997206073e-05,3.616999975974977e-06,96,False
3977,5.482800000322641e-05,9.411400000658432e-05,5.580999982157664e-06,8.153000010224787e-06,8.596099999635953e-05,4.075000020975494e-06,96,False
3978,6.593399999132998e-05,9.617999998567939e-05,7.377000002861678e-06,8.406000006289105e-06,8.777399997939028e-05,4.278000005797367e-06,96,False
3979,4.030499999885251e-05,9.056599998302772e-05,7.324000023345434e-06,7.341000014093879e-06,8.322499996893384e-05,3.7609999878895906e-06,96,False
3980,3.960600000141312e-05,8.996600001864863e-05,6.748999993533289e-06,7.741999979771208e-06,8.222400003887742e-05,3.4880000043813197e-06,96,False
3981,4.313299999125775e-05,9.202799998320188e-05,6.014999996750703e-06,7.776000018111517e-06,8.425199996509036e-05,3.6490000070443784e-06,96,False
3982,3.976599998622987e-05,0.00012907400000017333,6.659999996827537e-06,7.598999985702903e-06,0.00012147500001447042,7.259000000203741e-06,96,False
3983,4.345299998931296e-05,9.610899999756839e-05,5.691000012575387e-06,8.43500001224129e-06,8.76739999853271e-05,3.982000009727926e-06,96,False
3984,3.973099998688667e-05,9.166500001356326e-05,5.4709999801616505e-06,7.557999992968689e-06,8.410700002059457e-05,3.7780000070597453e-06,96,False
3985,3.819899998802612e-05,9.115199998177559e-05,5.509000004622067e-06,7.626000012805889e-06,8.35259999689697e-05,3.805999995165621e-06,96,False
3986,3.81589999847165e-05,8.819300001050578e-05,5.606000001989742e-06,7.533000001558321e-06,8.066000000894746e-05,3.411999983882197e-06,96,False
3987,3.732700000114164e-05,8.606599999438913e-05,5.177000019784828e-06,7.060999990926575e-06,7.900500000346256e-05,3.3980000182509684e-06,96,False
3988,3.642999999442509e-05,0.0001251940000202012,5.974999993441088e-06,7.113000009439929e-06,0.00011808100001076127,6.342000006043236e-06,96,False
3989,4.0947000002233835e-05,9.109399999829293e-05,5.704999978206615e-06,7.76100000621227e-06,8.333299999208066e-05,3.7429999792948365e-06,96,False
3990,3.680399998984285e-05,8.709099998327474e-05,5.431999994698344e-06,7.038000006787115e-06,8.005299997648763e-05,3.60199999249744e-06,96,False
3991,4.03360000120756e-05,8.805199999528668e-05,6.214000023874178e-06,7.4490000088189845e-06,8.06029999864677e-05,3.5079999918252724e-06,96,False
3992,3.824099999860664e-05,8.912399999871923e-05,5.475999984128066e-06,7.068000002163899e-06,8.205599999655533e-05,3.743000007716546e-06,96,False
3993,3.795699998931923e-05,0.00012169199999334523,8.895999997093895e-06,1.3184000010824093e-05,0.00010850799998252114,5.7579999861445685e-06,96,False
3994,4.6728000000939574e-05,0.00011579599998867707,8.188000009567986e-06,1.2202000021943604e-05,0.00010359399996673346,5.408000021134285e-06,96,False
3995,4.598900000019057e-05,9.66039999923396e-05,5.874999999377906e-06,8.42299999703755e-06,8.818099999530205e-05,3.89800001698859e-06,96,False
3996,4.056500000615415e-05,9.021299999290022e-05,6.454000015310157e-06,7.476000007500261e-06,8.273699998539996e-05,3.858000013678975e-06,96,False
3997,3.997599998228907e-05,9.139399998048248e-05,5.718000011256663e-06,7.4779999863494595e-06,8.391599999413302e-05,3.910999993195219e-06,96,False
3998,5.3360999999085834e-05,9.115099999235099e-05,5.831000009948184e-06,7.73800002207281e-06,8.341299997027818e-05,4.072999985282877e-06,96,False
3999,3.8783000007924784e-05,0.0001101800000071762,6.381999980931141e-06,7.189999990941942e-06,0.00010299000001623426,3.708999997797946e-06,96,False
4000,4.9380999996628816e-05,9.448900001984839e-05,5.597000011903219e-06,8.191999995688093e-06,8.62970000241603e-05,4.200999995873644e-06,96,False
4001,3.751499997406427e-05,9.109800001283475e-05,5.509000004622067e-06,7.800000020097286e-06,8.329799999273746e-05,3.7119999944934534e-06,96,False
4002,3.8963999998031795e-05,8.935099998552687e-05,5.646999994723956e-06,7.415999988324984e-06,8.193499999720188e-05,3.7570000017694838e-06,96,False
4003,3.763399999456851e-05,8.712999999715976e-05,6.514000006063725e-06,7.001000000173008e-06,8.012899999698675e-05,3.747999983261252e-06,96,False
4004,3.672499997264822e-05,9.028799999555304e-05,4.427199999668119e-05,7.319999980381908e-06,8.296800001517113e-05,3.644000003077963e-06,96,False
4005,4.659900000092421e-05,0.00012932400002796385,7.068999991588498e-06,7.769999996298793e-06,0.00012155400003166505,3.777000017635146e-06,96,False
4006,0.0005645630000117308,0.0005996959999947649,1.2122000015324375e-05,1.3405999993665318e-05,0.0005862900000010995,7.176999986313604e-06,96,False
4007,7.766199999537093e-05,0.0001598709999939274,1.0814999996000552e-05,1.1393999983511094e-05,0.0001484770000104163,5.5229999986750045e-06,96,False
4008,6.43580000030397e-05,0.00010710799998037146,6.503999998130894e-06,9.256999987883319e-06,9.785099999248814e-05,5.770000001348308e-06,96,False
4009,4.3236999999862746e-05,9.497800002122858e-05,5.720000018527571e-06,7.721999992327255e-06,8.725600002890133e-05,4.022999974040431e-06,96,False
4010,3.99150000021109e-05,9.087800000884272e-05,5.791000006638569e-06,7.599000014124613e-06,8.32789999947181e-05,3.5989999958019325e-06,96,False
4011,3.712699998459357e-05,8.86210000032861e-05,5.7550000178707705e-06,7.531000022709122e-06,8.108999998057698e-05,3.440000000409782e-06,96,False
4012,5.270400001222697e-05,8.979300000078183e-05,5.731000015885002e-06,7.277999998223095e-06,8.251500000255874e-05,3.4130000017285056e-06,96,False
4013,3.819600001975232e-05,0.00012148999999794796,7.86499998639556e-06,1.0317999993958438e-05,0.00011117200000398952,4.544000006490023e-06,96,False
4014,4.3547999979409724e-05,9.325999999987289e-05,6.9580000001678854e-06,8.053000016161604e-06,8.520699998371128e-05,3.7880000149925763e-06,96,False
4015,3.923500000269087e-05,9.038700000019162e-05,6.7039999862572586e-06,7.596000017429105e-06,8.279099998276251e-05,3.512999995791688e-06,96,False
4016,3.8874000011901444e-05,0.0001405650000094738,7.366000005504247e-06,1.1645000000726213e-05,0.0001289200000087476,4.421999989290271e-06,96,False
4017,4.112499999564534e-05,9.181399997260087e-05,6.8970000199897186e-06,7.578999998258951e-06,8.423499997434192e-05,3.864999996494589e-06,96,False
4018,3.7857999984680646e-05,0.00011829599998236517,7.468999996262937e-06,7.554000006848582e-06,0.00011074199997551659,3.753999976652267e-06,96,False
4019,5.026299999144612e-05,9.50550000027306e-05,6.94100000941944e-06,8.10300002740405e-06,8.695199997532654e-05,4.156000017019323e-06,96,False
4020,3.934400001526228e-05,8.963100000869417e-05,6.8999999882635166e-06,7.232999990947064e-06,8.239800001774711e-05,3.700999997136023e-06,96,False
4021,3.7481000020989086e-05,8.907300002647389e-05,6.756000004770613e-06,7.68299997844224e-06,8.139000004803165e-05,3.426000006356844e-06,96,False
4022,3.7641000005805836e-05,8.713699997997537e-05,6.3359999842305115e-06,7.506000002877045e-06,7.963099997709833e-05,3.330999987838368e-06,96,False
4023,3.711099998326972e-05,8.747199998992983e-05,6.296999998767205e-06,7.309000011446187e-06,8.016299997848364e-05,3.3279999911428604e-06,96,False
4024,3.722600001765386e-05,0.000111513000007335,7.145000012087621e-06,7.133000025305591e-06,0.0001043799999820294,3.3809999990808137e-06,96,False
4025,4.628499999626001e-05,9.305899999390022e-05,6.552999991527031e-06,8.004999983768357e-06,8.505400001013186e-05,4.077999989249292e-06,96,False
4026,3.929800001856165e-05,0.00011418000002549888,9.520999981305067e-06,7.580999977108149e-06,0.00010659900004839074,3.652999993164485e-06,96,False
4027,5.70050000021638e-05,0.00010407799999256895,7.315000004837202e-06,8.942000022216234e-06,9.513599997035271e-05,5.455999996684113e-06,96,False
4028,4.0525000002844536e-05,9.115199998177559e-05,6.791999993538411e-06,7.753999994974947e-06,8.339799998680064e-05,3.892000023597575e-06,96,False
4029,3.867399999535337e-05,8.990899999616886e-05,6.752000018650506e-06,7.342999992943078e-06,8.256600000322578e-05,3.872999997156512e-06,96,False
4030,3.740799999718547e-05,0.00015618800000538613,9.176999981264089e-06,1.5073999975356855e-05,0.00014111400003002927,6.01899998287081e-06,96,False
4031,4.989699999669028e-05,9.802900001432135e-05,6.912000003467256e-06,8.733999976584528e-06,8.929500003773683e-05,4.159999974717721e-06,96,False
4032,4.015299998627597e-05,0.00011061000000722743,7.55700000354409e-06,1.0932999998658488e-05,9.967700000856894e-05,4.786000005196911e-06,96,False
4033,4.173000002083427e-05,9.820899998658206e-05,6.888000001481487e-06,7.79600000555547e-06,9.041299998102659e-05,3.913000000466127e-06,96,False
4034,3.979099997764024e-05,0.0002540899999985413,1.8302999990282842e-05,1.0062000001198612e-05,0.0002440279999973427,4.450999995242455e-06,96,False
4035,0.00011136899999542038,0.00014929100001381812,9.712000007766619e-06,1.3956000003645386e-05,0.00013533500001017273,8.940000014945326e-06,96,False
4036,5.55649999967045e-05,0.00010943299997734357,8.11499998576437e-06,9.704000007104696e-06,9.972899997023887e-05,4.398000015726211e-06,96,False
4037,4.736099998581267e-05,0.00010311699998055701,7.847000006222515e-06,8.565000001681256e-06,9.455199997887576e-05,3.9729999912196945e-06,96,False
4038,4.3706000013798985e-05,9.77280000142855e-05,7.413999981054076e-06,7.687999982408655e-06,9.004000003187684e-05,3.904000010379605e-06,96,False
4039,4.216199999973469e-05,9.683200002541525e-05,7.189000001517343e-06,7.981999999628897e-06,8.885000002578636e-05,3.8130000064029446e-06,96,False
4040,4.157000000759581e-05,9.282499999585525e-05,6.761000008737028e-06,7.481000011466676e-06,8.534399998438857e-05,3.7449999865657446e-06,96,False
4041,3.951500002585817e-05,9.117300001548756e-05,6.8710000107330416e-06,7.268999979714863e-06,8.39040000357727e-05,3.7359999964792223e-06,96,False
4042,3.852400001846945e-05,0.00018502400001807473,1.1708000016596998e-05,7.487000004857691e-06,0.00017753700001321704,3.5200000070290116e-06,96,False
4043,0.00028442199999290096,0.00019235900001035589,1.0073000026977752e-05,2.71149999946374e-05,0.00016524400001571848,7.937999981777466e-06,96,False
4044,4.885100000251441e-05,0.00010552000000529915,6.949000010081363e-06,8.347999994384736e-06,9.717200001091442e-05,3.919000022278851e-06,96,False
4045,0.00012788099999738733,0.00021274700000617486,9.282999997139996e-06,6.912399999237095e-05,0.0001436230000138039,7.050999982993744e-06,96,False
4046,0.0001583559999858153,0.0001716520000059063,1.3469000009536103e-05,1.612799999861636e-05,0.00015552400000728994,9.336000005077949e-06,96,False
4047,6.42879999759316e-05,0.00017937399999823356,1.0063000019044921e-05,3.144900000506823e-05,0.00014792499999316533,7.087000000183252e-06,96,False
4048,5.599799999345123e-05,0.0001115879999815661,2.5175999979865082e-05,1.0228999997252686e-05,0.00010135899998431341,4.156000017019323e-06,96,False
4049,5.020700001523437e-05,0.00010540300002048753,8.039000022108667e-06,8.828000005678405e-06,9.657500001480912e-05,4.0719999958582775e-06,96,False
4050,4.583500000876484e-05,0.00010028899998815177,7.64800000752075e-06,8.463000000347165e-06,9.182599998780461e-05,3.7620000057358993e-06,96,False
4051,4.3035000004465473e-05,0.00013584399999899688,7.855000006884438e-06,8.121000007577095e-06,0.00012772299999141978,3.775999999788837e-06,96,False
4052,4.7330000001011285e-05,0.00010016599998152742,7.119000002830944e-06,8.847000003697758e-06,9.131899997782966e-05,4.204000020990861e-06,96,False
4053,4.228599999578364e-05,9.591899998895315e-05,6.874000007428549e-06,8.266000008916308e-06,8.765299998003684e-05,3.937000002451896e-06,96,False
4054,4.0549999994254904e-05,9.38270000006014e-05,6.877999993548656e-06,7.81899998969493e-06,8.600800001090647e-05,3.7460000044120534e-06,96,False
4055,4.028100002528845e-05,9.194100002218875e-05,6.289999987529882e-06,7.390999996914616e-06,8.455000002527413e-05,3.7660000202777155e-06,96,False
4056,3.863599999931466e-05,8.982299999615861e-05,6.8710000107330416e-06,7.027999998854284e-06,8.279499999730433e-05,3.512999995791688e-06,96,False
4057,3.874300000461517e-05,8.899300001985466e-05,6.825000014032412e-06,7.193000016059159e-06,8.18000000037955e-05,3.3480000070085225e-06,96,False
4058,3.792900000121335e-05,8.987399999682566e-05,6.512999988217416e-06,7.414000009475785e-06,8.245999998734987e-05,3.3420000136175076e-06,96,False
4059,3.9135999998052284e-05,8.898900000531285e-05,5.713999996714847e-06,7.353999990300508e-06,8.163500001501234e-05,3.276999990475815e-06,96,False
4060,3.7665999997216204e-05,8.906499999739026e-05,6.009999992784287e-06,7.300000021359665e-06,8.17649999760306e-05,3.3400000063465995e-06,96,False
4061,3.8084999999909996e-05,9.17490000063026e-05,6.42899999547808e-06,7.017000001496854e-06,8.473200000480574e-05,3.389999989167336e-06,96,False
4062,3.822900001182461e-05,8.952400000339367e-05,6.162999994785423e-06,7.46599999956743e-06,8.205800000382624e-05,3.4770000070238893e-06,96,False
4063,3.835799998341827e-05,0.00012592699999913748,7.21499998235231e-06,7.195999984332957e-06,0.00011873100001480452,3.5350000189282582e-06,96,False
4064,4.2543000006389775e-05,9.493999999676817e-05,6.26800002123673e-06,8.12700000096811e-06,8.681299999580006e-05,3.9909999998144485e-06,96,False
4065,4.0138999992223034e-05,9.058199998435157e-05,5.7110000000193395e-06,7.324999984348324e-06,8.325700000000325e-05,3.7489999726858514e-06,96,False
4066,3.7869000010459786e-05,8.914499997558778e-05,6.201999980248729e-06,7.468000006838338e-06,8.167699996874944e-05,3.3820000169271225e-06,96,False
4067,3.876599998875463e-05,8.987999999021667e-05,6.198999983553222e-06,7.517000000234475e-06,8.23629999899822e-05,3.5850000017489947e-06,96,False
4068,3.7171000002445e-05,8.952600001066457e-05,6.037000019887273e-06,7.073999995554914e-06,8.245200001510966e-05,3.5329999832356407e-06,96,False
4069,3.7676999994573634e-05,0.00015683700002000478,7.558000021390399e-06,7.320000008803618e-06,0.00014951700001120116,8.541999989120086e-06,96,False
4070,4.545499999153435e-05,9.949700000788653e-05,6.4349999888690945e-06,9.099000010337477e-06,9.039799999754905e-05,4.172000018343169e-06,96,False
4071,3.9168999990124576e-05,0.00010487699998407152,6.53099999681217e-06,8.234000006268616e-06,9.66429999778029e-05,3.6069999964638555e-06,96,False
4072,3.965600001265557e-05,9.173899999836976e-05,6.32600000471939e-06,7.562999996935105e-06,8.417600000143466e-05,3.794000008383591e-06,96,False
4073,3.982600000540515e-05,9.079199998041076e-05,5.700000002661909e-06,7.616000004873058e-06,8.31759999755377e-05,3.666999987217423e-06,96,False
4074,3.846800001383599e-05,8.91830000000482e-05,6.819999981644287e-06,6.799000004775735e-06,8.238399999527246e-05,3.496999994467842e-06,96,False
4075,3.902800000332718e-05,0.00010246799999436007,5.77809999811052e-05,9.97399999391746e-06,9.249400000044261e-05,4.529000023012486e-06,96,False
4076,5.0987999998142186e-05,9.785999998257466e-05,6.862000020646519e-06,7.740999990346609e-06,9.011899999222805e-05,3.625999994483209e-06,96,False
4077,4.077200000551784e-05,9.239199999910852e-05,6.442000000106418e-06,7.713999991665332e-06,8.467800000744319e-05,3.837999997813313e-06,96,False
4078,3.873399998610694e-05,9.065200001145968e-05,6.453999986888448e-06,7.23799999491348e-06,8.34140000165462e-05,3.7270000063927e-06,96,False
4079,3.805599999395781e-05,8.854000000724227e-05,6.533000004083078e-06,7.3969999903056305e-06,8.114300001693664e-05,3.4999999911633495e-06,96,False
4080,3.6751000010326607e-05,9.001999998758947e-05,6.146000004036978e-06,8.119999989730786e-06,8.189999999785869e-05,3.591999984564609e-06,96,False
4081,3.648700001690486e-05,8.713200000443067e-05,5.6560000132321875e-06,6.724000002122921e-06,8.040800000230774e-05,3.7909999832663743e-06,96,False
4082,3.6741000002393776e-05,0.00021710499999016974,6.686999995508813e-06,6.581000008054616e-06,0.00021052399998211513,3.355999979248736e-06,96,False
4083,4.7827999992478e-05,9.551200000146309e-05,5.6769999901007395e-06,8.443000012903212e-06,8.706899998855988e-05,4.030999974702354e-06,96,False
4084,4.000899997436136e-05,9.06269999916276e-05,5.579000003308465e-06,7.662999990998287e-06,8.296400000062931e-05,3.5770000010870717e-06,96,False
4085,3.829599998539379e-05,8.878999997818937e-05,5.3819999834558985e-06,7.642000014129735e-06,8.114799996405964e-05,3.6289999911787163e-06,96,False
4086,5.3929000017660655e-05,9.924300002239761e-05,5.740999995396123e-06,9.524000006422284e-06,8.971900001597533e-05,4.147999987935691e-06,96,False
4087,3.985699999020653e-05,8.833199999003227e-05,5.396000005930546e-06,7.19199999821285e-06,8.113999999181942e-05,3.5200000070290116e-06,96,False
4088,3.7460000015698824e-05,8.929800000601062e-05,5.24300000392941e-06,7.005000014714824e-06,8.22929999912958e-05,3.4029999937956745e-06,96,False
4089,3.672100001494982e-05,8.753599999522521e-05,5.25400000128684e-06,7.12400000679736e-06,8.041199998842785e-05,3.57900000835798e-06,96,False
4090,4.0455999993582736e-05,8.749800002760821e-05,5.370000025095578e-06,7.285000009460418e-06,8.02130000181478e-05,3.5079999918252724e-06,96,False
4091,3.687000000240914e-05,8.821000000125423e-05,5.401000009896961e-06,7.1560000094450515e-06,8.105399999180918e-05,3.490000011652228e-06,96,False
4092,3.655199998320313e-05,0.0001442909999980202,8.45799999638075e-06,1.8333000014081335e-05,0.00012595799998393886,6.3330000159567135e-06,96,False
4093,4.923099999132319e-05,9.620300002666227e-05,6.1290000132885325e-06,8.261000004949892e-06,8.794200002171237e-05,4.104999987930569e-06,96,False
4094,4.113800000027368e-05,0.0001475329999891528,8.408000013560013e-06,1.4704999983905509e-05,0.0001328280000052473,5.7210000079521706e-06,96,False
4095,4.832899998064022e-05,0.00010946899999453308,7.091999975727958e-06,8.475000015550904e-06,0.00010099399997898217,4.141999994544676e-06,96,False
4096,4.27989999991496e-05,0.00010238600000889164,6.6469999921991985e-06,9.02799999380477e-06,9.335800001508687e-05,3.907999996499711e-06,96,False
4097,4.182899999705114e-05,0.00013967699999284378,6.233999982896421e-06,1.1456999999381878e-05,0.0001282199999934619,4.28500001703469e-06,96,False
4098,4.588600000943188e-05,0.0001074029999870163,6.437999985564602e-06,9.356999981946501e-06,9.80460000050698e-05,4.060999998500847e-06,96,False
4099,4.170599999042679e-05,9.797800001365431e-05,6.963000004134301e-06,7.398000008151939e-06,9.058000000550237e-05,3.896999999142281e-06,96,False
4100,4.07940000002327e-05,9.848800002032476e-05,8.467000014888981e-06,7.581999994954458e-06,9.09060000253703e-05,3.6330000057205325e-06,96,False
4101,4.151400000296235e-05,9.63910000280066e-05,7.89999998573876e-06,7.912000000942498e-06,8.84790000270641e-05,3.361000011636861e-06,96,False
4102,4.26210000057381e-05,9.712499999636748e-05,2.0136999978603853e-05,8.167999993702324e-06,8.895700000266515e-05,3.5280000076909346e-06,96,False
4103,0.00012060199998131793,0.00015743899999165478,1.0663000011845725e-05,1.591299999859075e-05,0.00014152599999306403,8.18300000560157e-06,96,False
4104,6.217000000674489e-05,0.00012448699999367818,8.156999996344894e-06,1.0911999993368227e-05,0.00011357500000030996,5.485000002636298e-06,96,False
4105,5.079800001794865e-05,0.00010212999998771011,1.0077999974100749e-05,8.148000006258371e-06,9.398199998145174e-05,4.0090000084092026e-06,96,False
4106,7.876300000475567e-05,0.00011363699999833443,7.468999996262937e-06,1.0596999999279433e-05,0.000103039999999055,5.641000001332941e-06,96,False
4107,4.429500000924236e-05,0.0001555849999874681,8.644999979878776e-06,2.7602000017168393e-05,0.00012798299997029972,8.348999983809335e-06,96,False
4108,5.205100001148821e-05,0.00012384200002202306,8.156000006920294e-06,1.0251999981392146e-05,0.00011359000004063091,4.778999993959587e-06,96,False
4109,5.0657999992154146e-05,0.00011052199999994627,8.85599999378428e-06,8.839000003035835e-06,0.00010168299999691044,4.633000003195775e-06,96,False
4110,4.962500000260661e-05,9.373500000720014e-05,6.955999992896977e-06,8.140999995021048e-06,8.55940000121791e-05,3.549000012981196e-06,96,False
4111,3.9991999983612914e-05,9.258200000772376e-05,6.920999993553778e-06,7.764999992332378e-06,8.481700001539139e-05,3.6819999991166696e-06,96,False
4112,3.87870000224666e-05,0.00012810600000534578,7.419000013442201e-06,7.350999993605001e-06,0.00012075500001174078,3.539000005048365e-06,96,False
4113,4.269800001566182e-05,9.550600000807208e-05,6.453999986888448e-06,8.248999989746153e-06,8.725700001832593e-05,3.9569999898958486e-06,96,False
4114,3.9931999992859346e-05,9.20340000050146e-05,5.998999995426857e-06,7.178999993584512e-06,8.485500001143009e-05,3.827999989880482e-06,96,False
4115,3.828999999200278e-05,9.155399999372094e-05,6.635000005417169e-06,7.060000001501976e-06,8.449399999221896e-05,3.789999993841775e-06,96,False
4116,3.8929999988113195e-05,9.064899998634246e-05,6.823000006761504e-06,6.9339999981821165e-06,8.371499998816034e-05,3.571000007696057e-06,96,False
4117,3.844600001912113e-05,9.101800000621552e-05,6.627000004755246e-06,7.519000007505383e-06,8.349899999871013e-05,3.3869999924718286e-06,96,False
4118,4.117899999300789e-05,0.00010737900001345224,6.967000018676117e-06,1.0419000005867929e-05,9.696000000758431e-05,4.547000003185531e-06,96,False
4119,4.113599999300277e-05,9.256300000970441e-05,6.401000007372204e-06,7.65999999430278e-06,8.490300001540163e-05,3.88699999120945e-06,96,False
4120,3.846499998871877e-05,8.92879999980778e-05,6.516000013334633e-06,7.5720000154433365e-06,8.171599998263446e-05,3.905999989228803e-06,96,False
4121,3.810100000123384e-05,8.811999998670217e-05,5.552999994051788e-06,7.503000006181537e-06,8.061699998052063e-05,3.454000022884429e-06,96,False
4122,3.705700001432888e-05,0.00012148700000125245,8.20600001816274e-06,1.2717999993583362e-05,0.00010876900000766909,5.782000016552047e-06,96,False
4123,4.6566000008851915e-05,0.00011937700000430596,8.555999983173024e-06,8.21899999436937e-06,0.00011115800000993659,3.8739999865811114e-06,96,False
4124,6.586399999264358e-05,0.00010699199998498443,6.388899998910347e-05,1.0051000003841182e-05,9.694099998114325e-05,5.278000003272609e-06,96,False
4125,9.65339999936532e-05,0.00012088200000448523,7.937999981777466e-06,1.1218999986795097e-05,0.00010966300001769014,5.6749999828298314e-06,96,False
4126,4.751599999508471e-05,9.336299999063158e-05,6.1840000000756845e-06,7.93299997781105e-06,8.543000001282053e-05,3.8499999845953425e-06,96,False
4127,3.975499998887244e-05,9.055800001078751e-05,5.67600000067614e-06,7.125999985646558e-06,8.343200002514095e-05,3.7079999799516372e-06,96,False
4128,3.88249999900836e-05,0.00015126700000678284,6.401999996796803e-06,1.1399999976902109e-05,0.00013986700002988073,4.6319999853494664e-06,96,False
4129,4.169199999637385e-05,9.215999997991275e-05,5.703999988782016e-06,7.686000003559457e-06,8.44739999763533e-05,3.953000003775742e-06,96,False
4130,3.894699997886164e-05,9.158899999306414e-05,6.632000008721661e-06,7.536999987678428e-06,8.405200000538571e-05,3.833000022268607e-06,96,False
4131,3.819599999133061e-05,8.89039999947272e-05,6.233999982896421e-06,7.282000012764911e-06,8.162199998196229e-05,3.4029999937956745e-06,96,False
4132,3.6925999978620894e-05,9.573900001669244e-05,6.549000005406924e-06,7.041999992907222e-06,8.869700002378522e-05,3.6299999806033156e-06,96,False
4133,3.7505000022974855e-05,8.877900000925365e-05,5.628999986129202e-06,7.088000018029561e-06,8.169099999122409e-05,3.5480000235565967e-06,96,False
4134,3.7993999995933336e-05,0.00014368800000852389,6.354000021246975e-06,1.0887000001957858e-05,0.00013280100000656603,4.2679999978645355e-06,96,False
4135,4.107099999828279e-05,9.209300000634357e-05,5.536000003303343e-06,7.468000006838338e-06,8.462499999950523e-05,3.5639999964587332e-06,96,False
4136,3.766700001506251e-05,8.969299997829694e-05,6.491000021924265e-06,7.47699999692486e-06,8.221599998137208e-05,3.5059999845543643e-06,96,False
4137,3.765900001440059e-05,8.98899999981495e-05,6.244999980253851e-06,7.277000008798495e-06,8.261299998935101e-05,3.37399998784349e-06,96,False
4138,3.734099999519458e-05,0.00013751299999853472,9.264999988545242e-06,7.401000004847447e-06,0.00013011199999368728,5.141999992019919e-06,96,False
4139,5.066199997827425e-05,0.00013534499998968386,8.897000014940204e-06,8.977999982562324e-06,0.00012636700000712153,4.398000015726211e-06,96,False
4140,6.063899999730893e-05,0.00010472800002503391,7.525999990320997e-06,9.222999977964719e-06,9.550500004706919e-05,5.24300000392941e-06,96,False
4141,4.1984000006323186e-05,9.38979999887124e-05,6.038999998736472e-06,8.180999998330662e-06,8.571699999038174e-05,3.8579999852572655e-06,96,False
4142,3.9203999989467775e-05,9.03449999896111e-05,6.071999990808763e-06,7.831999994323269e-06,8.251299999528783e-05,3.2790000261684327e-06,96,False
4143,3.839900000457419e-05,9.021399998232482e-05,5.61900000661808e-06,7.722999981751855e-06,8.249100000057297e-05,3.428000013627752e-06,96,False
4144,3.743900001040856e-05,8.762299998466005e-05,5.3630000138582545e-06,7.167000006802482e-06,8.045599997785757e-05,3.3679999944524752e-06,96,False
4145,3.6456999993106365e-05,0.00013305699999932585,6.436999996140003e-06,3.126500001826571e-05,0.00010179199998106014,5.60799998083894e-06,96,False
4146,4.0662000003521825e-05,9.048999999095031e-05,5.677000018522449e-06,7.824000022083055e-06,8.266599996886725e-05,3.6080000143101643e-06,96,False
4147,4.592300001604599e-05,8.750399999257752e-05,5.528999992066019e-06,7.079999988945929e-06,8.042400000363159e-05,3.4960000050432427e-06,96,False
4148,3.6991999991187186e-05,8.563699998376251e-05,5.218000012519042e-06,6.775000002789966e-06,7.886199998097254e-05,3.367000005027876e-06,96,False
4149,3.723800000443589e-05,8.773700000119788e-05,5.213000008552626e-06,7.140000008121206e-06,8.059699999307668e-05,3.3159999759391212e-06,96,False
4150,3.719299999715986e-05,8.769899997673747e-05,5.5830000178502814e-06,6.886000022632288e-06,8.081299995410518e-05,3.5110000169424893e-06,96,False
4151,3.7708999997221326e-05,8.720299999254166e-05,5.626999978858294e-06,7.100000004811591e-06,8.010299998773007e-05,3.6020000209191494e-06,96,False
4152,3.6603000012291886e-05,8.58410000148524e-05,4.297899999983201e-05,7.035000010091608e-06,7.880600000476079e-05,3.421999991815028e-06,96,False
4153,4.074000000287015e-05,9.028600001670384e-05,6.080999980895285e-06,7.675000006202026e-06,8.261100001050181e-05,3.975999987915202e-06,96,False
4154,3.764699999919685e-05,0.00014128499998378174,6.293000012647099e-06,7.388000000219108e-06,0.00013389699998356264,3.5340000010819494e-06,96,False
4155,4.213700000832432e-05,9.236900001496906e-05,5.988999987494026e-06,8.557999990443932e-06,8.381100002452513e-05,3.8759999938520195e-06,96,False
4156,3.9125000000694854e-05,8.831200000258832e-05,5.51700000528399e-06,7.245999995575403e-06,8.106600000701292e-05,3.454000022884429e-06,96,False
4157,3.729400000906935e-05,8.871899999007837e-05,5.620000024464389e-06,7.0280000272759935e-06,8.169099996280238e-05,3.359000004365953e-06,96,False
4158,3.854700000260891e-05,8.738699997934418e-05,5.474999994703467e-06,7.144999983665912e-06,8.024199999567827e-05,3.37399998784349e-06,96,False
4159,3.702300000441028e-05,8.62329999904432e-05,5.3269999966687465e-06,6.5110000093682174e-06,7.972199998107499e-05,3.5200000070290116e-06,96,False
4160,3.638100000102895e-05,0.0001693659999943975,6.133999988833239e-06,7.133999986308481e-06,0.00016223200000808902,3.4450000043761975e-06,96,False
4161,4.932699999926626e-05,9.28040000189867e-05,6.1840000000756845e-06,7.866000004241869e-06,8.493800001474483e-05,3.830999986575989e-06,96,False
4162,5.496299999663279e-05,9.562300002130542e-05,6.151000008003393e-06,8.234999995693215e-06,8.73880000256122e-05,4.3440000183636585e-06,96,False
4163,3.866200000857134e-05,8.991900000410169e-05,5.230999988725671e-06,7.542000020066553e-06,8.237699998403514e-05,3.7720000136687304e-06,96,False
4164,3.8041999999904874e-05,8.696200001168108e-05,5.114000003914043e-06,6.976999998187239e-06,7.998500001349385e-05,3.474000010328382e-06,96,False
4165,3.7620000000515574e-05,8.608600001025479e-05,5.230999988725671e-06,6.9639999935589e-06,7.912200001669589e-05,3.302000010307893e-06,96,False
4166,6.184199997960604e-05,9.694999999965148e-05,5.815999998048937e-06,9.081999991167322e-06,8.786800000848416e-05,4.254000003811598e-06,96,False
4167,3.895599999736987e-05,8.781900001508802e-05,5.3370000046015775e-06,7.193999977062049e-06,8.062500003802597e-05,3.585999991173594e-06,96,False
4168,3.612200001157362e-05,8.678500000769418e-05,5.568000005951035e-06,7.410999984358568e-06,7.937400002333561e-05,3.3320000056846766e-06,96,False
4169,3.687399998852925e-05,8.665800001494972e-05,5.628999986129202e-06,7.293999999546941e-06,7.936400001540278e-05,3.4770000070238893e-06,96,False
4170,3.689700000109042e-05,8.819300001050578e-05,5.291999997325547e-06,7.280000005494003e-06,8.091300000501178e-05,3.3360000202264928e-06,96,False
4171,3.639100000896178e-05,8.775599999921724e-05,5.248999997320425e-06,7.115000016710837e-06,8.06409999825064e-05,3.193999987161078e-06,96,False
4172,3.964399999745183e-05,0.00010528199999271237,5.866999998715983e-06,9.844000004477493e-06,9.543799998823488e-05,4.278999995221966e-06,96,False
4173,3.946800001131123e-05,8.993899999154564e-05,5.321000003277732e-06,7.949999996981205e-06,8.198899999456444e-05,3.914999979315326e-06,96,False
4174,3.768199999854005e-05,8.633299998450639e-05,5.407000003287976e-06,6.974000001491731e-06,7.935899998301466e-05,3.5159999924871954e-06,96,False
4175,4.035899999621506e-05,9.000599999353653e-05,5.237000010538395e-06,7.077000020672131e-06,8.29289999728644e-05,3.480999993143996e-06,96,False
4176,3.6751999999751206e-05,8.722100000113642e-05,5.209999983435409e-06,6.9130000213135645e-06,8.030799997982285e-05,3.438999982563473e-06,96,False
4177,3.6354000002347675e-05,8.660500000701177e-05,5.438999977513959e-06,6.600999995498569e-06,8.00040000115132e-05,3.4409999898343813e-06,96,False
4178,3.680699998653836e-05,0.0001253039999937755,5.816999987473537e-06,2.4991999993062564e-05,0.00010031200000071294,5.372999993369376e-06,96,False
4179,4.077200000551784e-05,9.110199999895485e-05,5.371999975523067e-06,7.769000006874194e-06,8.333299999208066e-05,3.5820000050534873e-06,96,False
4180,4.223399997727029e-05,8.782299997278642e-05,5.307999998649393e-06,6.973000012067132e-06,8.084999996071929e-05,3.660999993826408e-06,96,False
4181,3.7197000011701675e-05,9.789699998918877e-05,6.70200000740806e-06,7.04400000017813e-06,9.085299998901064e-05,3.446999983225396e-06,96,False
4182,3.9079999993418824e-05,8.673599998587633e-05,6.283999994138867e-06,6.985999988273761e-06,7.974999999760257e-05,3.3789999918099056e-06,96,False
4183,3.66090000056829e-05,8.592399998974543e-05,6.2309999862009136e-06,6.944000006114948e-06,7.897999998363048e-05,3.6100000215810724e-06,96,False
4184,3.6706000003050576e-05,0.00012296400001332586,6.818000002795088e-06,7.197999991603865e-06,0.00011576600002172199,2.0600999988573676e-05,96,False
4185,4.042500000878135e-05,8.92529999987346e-05,6.635000005417169e-06,7.5849999916499655e-06,8.166800000708463e-05,3.6110000110056717e-06,96,False
4186,3.7492000018346516e-05,8.737699999983306e-05,6.1499999901570845e-06,7.131000018034683e-06,8.024599998179838e-05,3.6410000063824555e-06,96,False
4187,3.6843000003727866e-05,8.772799998268965e-05,6.221000006689792e-06,7.040000014058023e-06,8.068799996863163e-05,3.3000000030369847e-06,96,False
4188,3.758100001505227e-05,8.887100000265491e-05,6.111999994118378e-06,7.44300001542797e-06,8.142799998722694e-05,3.3390000169220002e-06,96,False
4189,4.546899998558729e-05,8.758300000977215e-05,6.057999996755825e-06,7.46599999956743e-06,8.011700001020472e-05,3.5559999957968103e-06,96,False
4190,3.7255999984608934e-05,0.00011828499998500774,6.8240000246078125e-06,7.051000011415454e-06,0.00011123399997359229,3.541000012319273e-06,96,False
4191,4.176400000233116e-05,9.260699999913413e-05,6.631999980299952e-06,7.769000006874194e-06,8.483799999225994e-05,3.7180000163061777e-06,96,False
4192,3.83650000230773e-05,8.887799998547052e-05,6.0669999868423474e-06,7.710999994969825e-06,8.11669999905007e-05,3.3050000070034002e-06,96,False
4193,3.7528000007114315e-05,8.74250000038046e-05,6.083000016587903e-06,7.217999979047818e-06,8.020700002475678e-05,3.4230000096613367e-06,96,False
4194,3.736200000048484e-05,8.65460000056828e-05,6.079000002046087e-06,7.132999996883882e-06,7.941300000879892e-05,3.3519999931286293e-06,96,False
4195,3.62200000267876e-05,8.694199999581542e-05,6.078000012621487e-06,7.369000002199755e-06,7.957299999361567e-05,3.393000014284553e-06,96,False
4196,3.623599999968974e-05,0.00010664199999155244,6.8870000120568875e-06,6.955999992896977e-06,9.968599999865546e-05,3.5120000063670886e-06,96,False
4197,4.641300000685078e-05,0.00010193700001082107,6.409999997458726e-06,9.993999981361412e-06,9.194300002945965e-05,4.284999988612981e-06,96,False
4198,3.983900001003349e-05,8.936500000800152e-05,5.770000001348308e-06,7.646000000249842e-06,8.171900000775167e-05,3.654000011010794e-06,96,False
4199,3.687100002025545e-05,8.830999999531741e-05,5.484000013211698e-06,7.519000007505383e-06,8.079099998781203e-05,3.5540000169476116e-06,96,False
4200,3.734100002361629e-05,8.598600001619161e-05,5.422000015187223e-06,7.096999979694374e-06,7.888900003649724e-05,3.2430000089789246e-06,96,False
4201,3.671600001098341e-05,8.645000002616143e-05,5.439999995360267e-06,7.186000004821835e-06,7.92640000213396e-05,3.3860000030472293e-06,96,False
4202,3.595299997982693e-05,0.00010959200000115743,6.001999992122364e-06,6.737000006751259e-06,0.00010285499999440617,3.3679999944524752e-06,96,False
4203,4.4469000016533755e-05,9.56899999948746e-05,5.338999983450776e-06,8.057000002281711e-06,8.763299999259289e-05,4.235999995216844e-06,96,False
4204,4.0709000018068764e-05,8.858000001055188e-05,5.375999990064884e-06,7.388000000219108e-06,8.119200001033278e-05,3.5509999918303947e-06,96,False
4205,3.693799999382463e-05,8.646000000567255e-05,1.5087000008406903e-05,7.108999994898113e-06,7.935100001077444e-05,3.347000017583923e-06,96,False
4206,3.6661999985199145e-05,8.670900001561677e-05,5.395999977508836e-06,6.939999991573131e-06,7.976900002404363e-05,3.0449999997017585e-06,96,False
4207,3.5875999998324914e-05,8.578599999964354e-05,5.340000001297085e-06,6.826000003457011e-06,7.895999999618653e-05,3.423999999085936e-06,96,False
4208,3.6536000010300995e-05,8.54580000009264e-05,5.209999983435409e-06,6.85000000544278e-06,7.860799999548362e-05,3.4229999812396272e-06,96,False
4209,7.61020000084045e-05,9.536000001730827e-05,5.680000015217956e-06,8.35400001619746e-06,8.70060000011108e-05,4.144999991240184e-06,96,False
4210,3.73489999958565e-05,8.76340000104392e-05,6.14300000734147e-06,7.62499999495958e-06,8.000900001547961e-05,3.415999998424013e-06,96,False
4211,3.763999998795953e-05,0.00010253400000692636,6.691999999475229e-06,6.9860000166954705e-06,9.554799999023089e-05,3.470999985211165e-06,96,False
4212,5.2904999989777934e-05,9.306000001174652e-05,5.623999982162786e-06,8.496000020841166e-06,8.456399999090536e-05,4.074000003129186e-06,96,False
4213,3.765799999655428e-05,8.727300001964977e-05,5.441999974209466e-06,6.997000014052901e-06,8.027600000559687e-05,3.478999985873088e-06,96,False
4214,3.694099999052014e-05,8.709799999451207e-05,5.428999998002837e-06,7.1540000021741434e-06,7.994399999233792e-05,3.3560000076704455e-06,96,False
4215,3.6730000005036345e-05,8.622699999705219e-05,5.105000013827521e-06,6.869999992886733e-06,7.935700000416546e-05,3.4080000261837995e-06,96,False
4216,3.602799998247974e-05,8.682699998985299e-05,5.3089999880739924e-06,7.347999996909493e-06,7.94789999929435e-05,3.690999989203192e-06,96,False
4217,3.550499999960266e-05,9.272900001633388e-05,5.990000005340335e-06,7.429000021375032e-06,8.529999999495885e-05,3.5409999838975637e-06,96,False
4218,5.6187000012641874e-05,9.826400000179092e-05,6.3430000238895445e-06,9.97300000449286e-06,8.829099999729806e-05,4.1609999925640295e-06,96,False
4219,3.833900001382062e-05,0.00012536099998783357,6.329000001414897e-06,7.62499999495958e-06,0.00011773599999287399,3.302999999732492e-06,96,False
4220,4.439899998942565e-05,9.257299998921553e-05,5.7029999993574165e-06,7.917999994333513e-06,8.465499999488202e-05,4.048000022294218e-06,96,False
4221,3.810300000850475e-05,8.85150000158319e-05,6.1419999894951616e-06,7.4069999982384616e-06,8.110800001759344e-05,3.7369999859038217e-06,96,False
4222,3.733099998726175e-05,8.752299999059687e-05,6.012000000055195e-06,7.349000014755802e-06,8.017399997584107e-05,3.483000000414904e-06,96,False
4223,3.676600002222585e-05,0.00037763899999276873,1.096500000130618e-05,1.0239000005185517e-05,0.0003673999999875832,2.390100002003237e-05,96,False
4224,6.570400000782683e-05,0.00011048400000390757,7.3760000134370785e-06,9.145999996462706e-06,0.00010133800000744486,6.20099999082413e-06,96,False
4225,4.1335999981129135e-05,9.332900000913469e-05,6.063000000722241e-06,7.851999981767221e-06,8.547700002736747e-05,3.741999989870237e-06,96,False
4226,4.00559999889083e-05,9.147100001882791e-05,6.667000008064861e-06,7.732000000260086e-06,8.373900001856782e-05,3.858000013678975e-06,96,False
4227,3.772799999524068e-05,0.00014640800000620402,6.627999994179845e-06,6.86199999222481e-06,0.0001395460000139792,6.284000022560576e-06,96,False
4228,4.195900001491282e-05,9.27730000057636e-05,5.670999996709725e-06,8.011000005581081e-06,8.476200000018252e-05,3.878000001122928e-06,96,False
4229,3.869600001848994e-05,8.956300001727868e-05,4.2165999985854796e-05,7.642999975132625e-06,8.192000004214606e-05,3.7460000044120534e-06,96,False
4230,6.064099997615813e-05,0.00010137400002463437,6.514000006063725e-06,1.0026000012430814e-05,9.134800001220356e-05,4.30800000117415e-06,96,False
4231,4.087299998900562e-05,9.40049999940129e-05,5.952000009301628e-06,7.48899998370689e-06,8.651600001030602e-05,3.722999991850884e-06,96,False
4232,3.815299999132549e-05,0.00010351800000307776,7.0469999968736374e-06,7.354000018722218e-06,9.616399998435554e-05,3.41999998454412e-06,96,False
4233,5.4065000000491636e-05,9.612300002004304e-05,5.556000019169005e-06,8.371000006945906e-06,8.775200001309713e-05,4.1220000071007235e-06,96,False
4234,3.903900000068461e-05,8.95359999901757e-05,5.47100000858336e-06,7.517000000234475e-06,8.201899998994122e-05,3.561999989187825e-06,96,False
4235,3.784300000120311e-05,9.226700001363497e-05,5.604999984143433e-06,7.110000012744422e-06,8.515700000089055e-05,3.3949999931337516e-06,96,False
4236,3.694299999779105e-05,8.8338000011845e-05,5.495999999993728e-06,6.767000002128043e-06,8.157100000971695e-05,3.410000005032998e-06,96,False
4237,3.838700001779216e-05,8.9432999999417e-05,9.936999987303352e-06,7.4390000008861534e-06,8.199399999853085e-05,3.577999990511671e-06,96,False
4238,8.231799998270617e-05,0.00015486999998870488,7.53400001940463e-06,2.9207000011410855e-05,0.00012566299997729402,7.401000004847447e-06,96,False
4239,4.6748000016805236e-05,9.824600002161787e-05,5.923999992774043e-06,9.019000003718247e-06,8.922700001789963e-05,3.7640000130068074e-06,96,False
4240,4.1642000013553115e-05,9.141900000031455e-05,6.6570000001320295e-06,7.763000013483179e-06,8.365599998683138e-05,3.735000007054623e-06,96,False
4241,3.7606000006462637e-05,9.051600000020699e-05,6.378999984235634e-06,7.563999986359704e-06,8.295200001384728e-05,3.7519999978030683e-06,96,False
4242,3.74549999833107e-05,8.789800000386094e-05,6.2000000013995304e-06,7.0699999810130976e-06,8.082800002284785e-05,3.696000021591317e-06,96,False
4243,3.7254999995184335e-05,8.822600000257808e-05,5.877000006648814e-06,7.2950000173932494e-06,8.093099998518483e-05,3.4040000116419833e-06,96,False
4244,3.646400000434369e-05,0.0001031430000182354,6.893999994872502e-06,1.0099999997237319e-05,9.304300002099808e-05,4.5249999800489604e-06,96,False
4245,4.028899999752866e-05,9.090799997579779e-05,6.1290000132885325e-06,7.801999998946485e-06,8.310599997685131e-05,3.5809999872071785e-06,96,False
4246,4.129499998839492e-05,8.940099999676931e-05,6.447000004072834e-06,7.560000000239597e-06,8.184099999652972e-05,3.3889999997427367e-06,96,False
4247,3.7002999988544616e-05,8.729000001039822e-05,5.954999977575426e-06,6.924999979673885e-06,8.036500003072433e-05,3.496999994467842e-06,96,False
4248,3.633800000102383e-05,8.83040000019264e-05,6.175000009989162e-06,6.891999987601594e-06,8.14120000143248e-05,3.1760000069880334e-06,96,False
4249,3.724900000179332e-05,8.664899999644149e-05,6.146000004036978e-06,6.912000003467256e-06,7.973699999297423e-05,3.509000009671581e-06,96,False
4250,5.068600000868173e-05,8.853699998212505e-05,6.640999998808184e-06,7.103000001507098e-06,8.143399998061795e-05,3.641999995807055e-06,96,False
4251,3.663100000039776e-05,8.789000000319902e-05,6.561999981613553e-06,7.254999985661925e-06,8.06350000175371e-05,3.4089999871866894e-06,96,False
4252,3.680300000041825e-05,8.703200001036748e-05,6.458000001430264e-06,6.802999990895842e-06,8.022900001947164e-05,3.5260000004200265e-06,96,False
4253,3.688500001430839e-05,0.00024991999998746905,8.221000001640277e-06,6.869999992886733e-06,0.00024304999999458232,9.736000009752388e-06,96,False
4254,4.958200000260149e-05,9.782399999380686e-05,5.9250000106203515e-06,8.850999989817865e-06,8.8973000003989e-05,4.2370000130631524e-06,96,False
4255,3.9943999979641376e-05,9.017599998628612e-05,5.547000000660773e-06,7.098999986965282e-06,8.307699999932083e-05,3.577999990511671e-06,96,False
4256,3.764600000977225e-05,0.0001334969999788882,6.0870000027080096e-06,7.577999980412642e-06,0.00012591899999847556,2.7477000003273133e-05,96,False
4257,4.067700001542107e-05,9.299699999587574e-05,5.649999991419463e-06,7.718000006207149e-06,8.527899998966859e-05,3.850000013017052e-06,96,False
4258,3.8200999995297025e-05,8.938199999874996e-05,5.2980000191382715e-06,7.224000000860542e-06,8.215799999788942e-05,3.644000003077963e-06,96,False
4259,3.7028000008376694e-05,9.060499999691274e-05,5.60799998083894e-06,7.2870000167313265e-06,8.331799998018141e-05,3.63600000241604e-06,96,False
4260,4.0081999998164974e-05,0.00016991800001164847,8.555000022170134e-06,2.2313000016538354e-05,0.00014760499999511012,8.038999993686957e-06,96,False
4261,4.918199999792705e-05,0.00011530599999787228,8.466999986467272e-06,8.538999992424579e-06,0.0001067670000054477,4.079000007095601e-06,96,False
4262,6.770999999616834e-05,0.00010631899999680172,6.5130000166391255e-06,9.306000009701165e-06,9.701299998710056e-05,5.1650000045810884e-06,96,False
4263,4.045900001869995e-05,9.166700002083417e-05,5.730000026460402e-06,7.633999985046103e-06,8.403300003578806e-05,3.7150000196106703e-06,96,False
4264,3.7868999982038076e-05,8.920700000203396e-05,5.748999996058046e-06,7.642000014129735e-06,8.156499998790423e-05,3.3769999845389975e-06,96,False
4265,3.838900002506307e-05,8.801199999197706e-05,5.772999998043815e-06,7.381000017403494e-06,8.063099997457357e-05,3.280000015593032e-06,96,False
4266,3.6295999990443306e-05,9.025599999290534e-05,5.552000004627189e-06,7.358000004842324e-06,8.289799998806302e-05,3.3789999918099056e-06,96,False
4267,3.5808000006909424e-05,0.00012095499999986714,6.409999997458726e-06,7.019000008767762e-06,0.00011393599999109938,3.468000016937367e-06,96,False
4268,4.5324000012669785e-05,9.362000000123771e-05,5.618999978196371e-06,7.858000003579946e-06,8.576199999765777e-05,4.326999999193504e-06,96,False
4269,3.7822999985337447e-05,8.677399998191504e-05,5.819000023166154e-06,7.251999988966418e-06,7.952199999294862e-05,3.486999986535011e-06,96,False
4270,3.762200000778648e-05,8.828599999333164e-05,5.350999998654515e-06,7.072000016705715e-06,8.121399997662593e-05,3.7720000136687304e-06,96,False
4271,3.7050999992516154e-05,8.902700000135155e-05,5.238999989387594e-06,7.005000014714824e-06,8.202199998663673e-05,3.57900000835798e-06,96,False
4272,3.710300001102951e-05,8.889000000067426e-05,5.563999991409219e-06,7.091999975727958e-06,8.17980000249463e-05,3.6959999931696075e-06,96,False
4273,3.778799998599425e-05,0.00011580600002503161,6.243000001404653e-06,7.102000012082499e-06,0.00010870400001294911,3.551999981254994e-06,96,False
4274,5.185999998502666e-05,9.64319999923191e-05,5.993999991460441e-06,8.583999999700609e-06,8.78479999926185e-05,4.700999994611266e-06,96,False
4275,3.77709999952458e-05,8.760599999391161e-05,6.4509999901929405e-06,7.2450000061508035e-06,8.03609999877608e-05,3.4699999957865657e-06,96,False
4276,3.790700000649849e-05,8.748400000513357e-05,5.56299997356291e-06,7.115999977713727e-06,8.036800002741984e-05,3.796999976657389e-06,96,False
4277,3.730200000973127e-05,8.694299998524002e-05,5.58499999669948e-06,7.140999997545805e-06,7.980199998769422e-05,3.2890000056795543e-06,96,False
4278,3.697799999713425e-05,8.673400000702713e-05,5.378000025757501e-06,7.011999997530438e-06,7.97220000094967e-05,3.3469999891622138e-06,96,False
4279,3.6878000003071065e-05,0.0001071929999909571,6.163999984210022e-06,7.257999982357433e-06,9.993500000859967e-05,3.1849999970745557e-06,96,False
4280,4.6864000012192264e-05,9.307599998464866e-05,5.518999984133188e-06,7.946000010861098e-06,8.512999997378756e-05,4.033999999819571e-06,96,False
4281,3.680500000768916e-05,8.6651999993137e-05,5.403000017167869e-06,7.1300000001883745e-06,7.952199999294862e-05,3.6190000116675947e-06,96,False
4282,3.609600000231694e-05,8.783300000914096e-05,5.625999989433694e-06,7.0049999862931145e-06,8.082800002284785e-05,3.5760000116624724e-06,96,False
4283,3.6241999993080753e-05,8.650300000567768e-05,5.115000021760352e-06,6.947999992235054e-06,7.955500001344262e-05,3.512999995791688e-06,96,False
4284,3.612800000496463e-05,8.711399999583591e-05,5.18600000987135e-06,6.858000006104703e-06,8.025599998973121e-05,3.2410000017080165e-06,96,False
4285,3.657700000303521e-05,8.678300000042327e-05,5.2010000217705965e-06,7.3180000015327096e-06,7.946499999889056e-05,3.4120000123039063e-06,96,False
4286,5.6597999986252034e-05,9.651199999893834e-05,5.799000007300492e-06,9.610999995857128e-06,8.690100000308121e-05,4.329999995889011e-06,96,False
4287,3.8506999999299296e-05,8.916800001657066e-05,6.554999998797939e-06,7.275999990952187e-06,8.189200002561847e-05,3.549000012981196e-06,96,False
4288,4.0798000014774516e-05,8.759299998928327e-05,6.127999995442224e-06,7.152999984327835e-06,8.044000000495544e-05,3.152999994426864e-06,96,False
4289,3.7504000005128546e-05,8.731999997735329e-05,5.5879999933949875e-06,7.027000009429685e-06,8.02929999679236e-05,3.652999993164485e-06,96,False
4290,3.693100001100902e-05,8.735800000181371e-05,5.623000021159896e-06,7.023999984312468e-06,8.033400001750124e-05,3.452999976616411e-06,96,False
4291,3.624200002150246e-05,0.00013220899998600544,7.0679999737421895e-06,7.035000010091608e-06,0.00012517399997591383,3.44200000768069e-06,96,False
4292,4.263200000309553e-05,9.179799999969873e-05,5.837999992763798e-06,8.062999995672726e-06,8.3735000004026e-05,3.7540000050739764e-06,96,False
4293,3.746300001239433e-05,8.795700000518991e-05,5.490000006602713e-06,7.141000025967514e-06,8.08159999792224e-05,3.3269999732965516e-06,96,False
4294,3.770700001837213e-05,8.607899999901747e-05,5.604000023140543e-06,6.7039999862572586e-06,7.937500001276021e-05,3.369999973301674e-06,96,False
4295,3.6580999989155316e-05,8.59479999917312e-05,5.406000013863377e-06,6.740000003446767e-06,7.920799998828443e-05,3.2819999944422307e-06,96,False
4296,3.630400001952694e-05,9.734799999705501e-05,6.7900000146892125e-06,7.202999995570281e-06,9.014500000148473e-05,3.426000006356844e-06,96,False
4297,3.627999998911946e-05,0.00011367199999767763,6.6469999921991985e-06,7.119000002830944e-06,0.00010655299999484669,3.181000010954449e-06,96,False
4298,4.3443000009801835e-05,9.295800001041243e-05,6.186999996771192e-06,7.903000010855976e-06,8.505499999955646e-05,4.227000005130321e-06,96,False
4299,3.824000000918204e-05,8.99599999968359e-05,5.735999991429708e-06,6.75900000146612e-06,8.320099999536978e-05,3.3560000076704455e-06,96,False
4300,3.728400000113652e-05,8.730999999784217e-05,6.301000013309022e-06,6.874000007428549e-06,8.043599999041362e-05,3.5360000083528575e-06,96,False
4301,3.708700000970566e-05,8.790499998667656e-05,6.467000019938496e-06,7.19199999821285e-06,8.071299998846371e-05,3.6819999991166696e-06,96,False
4302,3.659099999708815e-05,9.129800000096111e-05,6.09800000006544e-06,7.178999993584512e-06,8.41190000073766e-05,3.819000028215669e-06,96,False
4303,3.631299998119175e-05,0.0001088439999819002,7.143000004816713e-06,7.069000020010208e-06,0.00010177499996188999,3.409000015608399e-06,96,False
4304,4.467700000532204e-05,9.176599999705104e-05,6.397999982254987e-06,7.490999990977798e-06,8.427500000607324e-05,4.0379999859396776e-06,96,False
4305,3.722400001038295e-05,8.863000002179433e-05,6.581999997479215e-06,7.535000008829229e-06,8.10950000129651e-05,3.6000000136482413e-06,96,False
4306,3.670500001362598e-05,8.632800000896168e-05,3.790700000649849e-05,7.100000004811591e-06,7.922800000415009e-05,3.3000000030369847e-06,96,False
4307,4.081399998767665e-05,8.93609999934597e-05,6.911000014042656e-06,7.393000004185524e-06,8.196799998927418e-05,3.2629999964228773e-06,96,False
4308,3.6958000009690295e-05,8.693800000969532e-05,6.803999980320441e-06,7.371999998895262e-06,7.956600001080005e-05,3.3640000083323685e-06,96,False
4309,3.685100000438979e-05,0.0001122900000041227,7.336999999552063e-06,7.0910000147250685e-06,0.00010519899998939763,3.2549999957609543e-06,96,False
4310,4.4789000014588964e-05,9.344599999394632e-05,6.368000015299913e-06,7.916000015484315e-06,8.5529999978462e-05,4.1769999938878755e-06,96,False
4311,3.785600000583145e-05,8.834799999135612e-05,6.488999986231647e-06,7.326999991619232e-06,8.102099999973689e-05,3.931000009060881e-06,96,False
4312,3.701100001762825e-05,8.758200002034755e-05,6.399000000101296e-06,7.247000013421712e-06,8.033500000692584e-05,3.4429999971052894e-06,96,False
4313,3.5794000012856486e-05,8.635900002218477e-05,6.649999988894706e-06,6.936000005453025e-06,7.942300001673175e-05,3.1719999924462172e-06,96,False
4314,3.647200000500561e-05,8.527399998570218e-05,6.1630000232071325e-06,6.600000006073969e-06,7.86739999796282e-05,3.2109999779095233e-06,96,False
4315,3.599699999767836e-05,8.547900000621667e-05,6.181000003380177e-06,7.015000022647655e-06,7.846399998356901e-05,3.007999993087651e-06,96,False
4316,6.792700000346485e-05,9.490700000469587e-05,6.78199998560558e-06,8.151999992378478e-06,8.67550000123174e-05,4.187999991245306e-06,96,False
4317,4.3375000018386345e-05,8.880900000463043e-05,5.543000014540667e-06,7.359999983691523e-06,8.144900002093891e-05,3.67000001233464e-06,96,False
4318,3.718399997865163e-05,0.00015857500000038272,7.768000017449594e-06,7.6009999929738115e-06,0.0001509740000074089,3.674999987879346e-06,96,False
4319,4.3989000005240086e-05,0.00026194200000873025,1.3674000001628883e-05,6.721700000866804e-05,0.0001947250000000622,1.4169999985824688e-05,96,False
4320,7.223600002248531e-05,0.00013593899998909365,1.03030000104809e-05,1.3011000021379004e-05,0.00012292799996771464,5.4340000019692525e-06,96,False
4321,5.776800000489857e-05,0.00013122200002158024,8.232999988422307e-06,1.3731000024108653e-05,0.00011749099999747159,5.759000003990877e-06,96,False
4322,4.643799999826115e-05,0.00010148300000878407,7.092999993574267e-06,8.78800000236879e-06,9.269500000641528e-05,4.071000006433678e-06,96,False
4323,4.3671000014455785e-05,9.610199998633107e-05,7.05499999753556e-06,7.605000007515628e-06,8.849699997881544e-05,3.716999998459869e-06,96,False
4324,4.127599999037557e-05,9.472299998947165e-05,6.869999992886733e-06,7.8079999923375e-06,8.691499999713415e-05,3.7580000196157926e-06,96,False
4325,3.986100000474835e-05,9.385799998540278e-05,6.329999990839497e-06,7.458999988330106e-06,8.639899999707268e-05,3.84099999450882e-06,96,False
4326,3.9362000023857036e-05,9.206400000039139e-05,6.138000003375055e-06,7.578999998258951e-06,8.448500000213244e-05,3.5600000103386265e-06,96,False
4327,3.953699999215132e-05,0.0001316690000123799,6.853999991562887e-06,6.754999986924304e-06,0.0001249140000254556,2.3998000017400045e-05,96,False
4328,4.357599999593731e-05,9.40369999966606e-05,7.224000000860542e-06,8.357000012892968e-06,8.567999998376763e-05,3.57900000835798e-06,96,False
4329,3.904600001192193e-05,9.146499999701518e-05,6.829000000152519e-06,7.77300002141601e-06,8.369199997559917e-05,3.3410000241929083e-06,96,False
4330,3.820500000983884e-05,8.8304999991351e-05,5.841000017881015e-06,7.319999980381908e-06,8.098500001096909e-05,3.167999977904401e-06,96,False
4331,4.089500001214219e-05,9.142999999767198e-05,7.468000006838338e-06,7.323000005499125e-06,8.410699999217286e-05,3.3989999792538583e-06,96,False
4332,3.904799999077113e-05,8.976200001598045e-05,6.682999980966997e-06,7.5119999962680595e-06,8.225000001971239e-05,3.539000005048365e-06,96,False
4333,3.810400002635106e-05,8.954000000471751e-05,6.694000006746137e-06,7.751999987704039e-06,8.178800001701347e-05,3.456000001733628e-06,96,False
4334,3.897199999869372e-05,8.936899999412162e-05,6.47400000275411e-06,7.563999986359704e-06,8.180500000776192e-05,3.2840000017131388e-06,96,False
4335,3.775100000780185e-05,8.899599998812846e-05,6.324999986873081e-06,7.617000022719367e-06,8.13789999654091e-05,3.383000006351722e-06,96,False
4336,3.7184999996497936e-05,8.699700001102428e-05,6.107999979576562e-06,6.7279999882430275e-06,8.026900002278126e-05,3.448000001071705e-06,96,False
4337,3.7630999997873005e-05,8.723999999915577e-05,1.1073999985455885e-05,7.293999999546941e-06,7.994599999960883e-05,3.472999992482073e-06,96,False
4338,8.073899999772038e-05,0.00011144199999080229,7.471999992958445e-06,1.0328000001891269e-05,0.00010111399998891102,5.643999998028448e-06,96,False
4339,4.225399999313595e-05,0.0001181620000068051,8.14900002410468e-06,1.244699998892429e-05,0.00010571500001788081,5.57399999934205e-06,96,False
4340,4.7249999994392056e-05,9.554600001138169e-05,6.3179999756357574e-06,8.299999990413198e-06,8.72460000209685e-05,3.93199999848548e-06,96,False
4341,5.829200000562196e-05,9.373399998935383e-05,6.186000007346593e-06,7.961999983763235e-06,8.57720000055906e-05,3.899000006413189e-06,96,False
4342,4.0787000017417085e-05,9.06639999982417e-05,5.901000008634583e-06,7.531000022709122e-06,8.313299997553258e-05,3.609999993159363e-06,96,False
4343,3.8031000002547444e-05,0.0005540229999780877,1.6487999999981184e-05,6.989000013390978e-06,0.0005470339999646967,0.0001591009999799553,96,False
4344,0.00010404999997604136,0.0001616230000252017,1.183100002322135e-05,1.957199998514625e-05,0.00014205100004005544,9.430999995174716e-06,96,False
4345,6.18249999888576e-05,9.76639999805684e-05,7.440999979735352e-06,8.233000016844016e-06,8.943099996372439e-05,4.200999995873644e-06,96,False
4346,4.191000002151668e-05,9.218599998916943e-05,7.060999990926575e-06,8.008999998310173e-06,8.417699999085926e-05,4.047999993872509e-06,96,False
4347,3.917100002581719e-05,9.033099999555816e-05,6.921999982978377e-06,7.589999995616381e-06,8.274099999994178e-05,3.6410000063824555e-06,96,False
4348,3.875100000527709e-05,9.03440000001865e-05,6.477999988874217e-06,7.490000001553199e-06,8.28539999986333e-05,3.809000020282838e-06,96,False
4349,3.8815999999997075e-05,8.819399999993038e-05,6.4870000073824485e-06,7.273000022678389e-06,8.0920999977252e-05,3.3080000036989077e-06,96,False
4350,3.788899999790374e-05,8.828800000060255e-05,6.498000004739879e-06,7.086000010758653e-06,8.12019999898439e-05,3.5120000063670886e-06,96,False
4351,3.744500000379958e-05,0.00012680599999725928,6.947999992235054e-06,2.4570000022094973e-05,0.0001022359999751643,5.810999994082522e-06,96,False
4352,4.023400001074151e-05,9.084300000949952e-05,6.557000006068847e-06,7.775000000265209e-06,8.306800000923431e-05,3.656999979284592e-06,96,False
4353,3.792900000121335e-05,0.00010355099999515005,6.862999981649409e-06,1.009800001838812e-05,9.345299997676193e-05,4.254999993236197e-06,96,False
4354,4.168299997786562e-05,9.094299997514099e-05,6.310999992820143e-06,7.347999996909493e-06,8.35949999782315e-05,3.6250000050586095e-06,96,False
4355,3.833499999927881e-05,9.002300001270669e-05,6.2729999967814365e-06,7.475999979078551e-06,8.254700003362814e-05,3.686000013658486e-06,96,False
4356,3.771900000515416e-05,8.813699997745061e-05,6.159999998089916e-06,7.436000004190646e-06,8.070099997325997e-05,3.306999985852599e-06,96,False
4357,3.762299999721108e-05,8.895999999936066e-05,6.423999991511664e-06,7.369000002199755e-06,8.159099999716091e-05,3.4939999977723346e-06,96,False
4358,3.720099999782178e-05,8.797700002105557e-05,6.327000022565699e-06,7.119000002830944e-06,8.085800001822463e-05,3.589000016290811e-06,96,False
4359,7.911400001603397e-05,9.720799999968222e-05,7.06699998431759e-06,8.57200001291858e-06,8.863599998676364e-05,4.181999997854291e-06,96,False
4360,3.922199999806253e-05,9.000599999353653e-05,6.430999974327278e-06,7.891999985076836e-06,8.21140000084597e-05,3.696999982594207e-06,96,False
4361,3.8805000002639645e-05,8.727600001634528e-05,6.386999984897557e-06,7.173000000193497e-06,8.010300001615178e-05,3.555000006372211e-06,96,False
4362,3.774000001044442e-05,8.887399999935042e-05,6.340999988196927e-06,7.312000008141695e-06,8.156199999120872e-05,3.6450000209242717e-06,96,False
4363,3.754200000116725e-05,9.2558000005738e-05,6.290000015951591e-06,7.555999985697781e-06,8.500200002004021e-05,3.997999982630063e-06,96,False
4364,3.7027999979954984e-05,8.821800000191615e-05,6.213000006027869e-06,7.860000010850854e-06,8.03579999910653e-05,3.397999989829259e-06,96,False
4365,3.8119000009828596e-05,0.0001043750000064847,6.6469999921991985e-06,1.0413000012476914e-05,9.396199999400778e-05,4.476000015074533e-06,96,False
4366,4.0820999998913976e-05,9.015599999884216e-05,5.98399998352761e-06,7.85299999961353e-06,8.230299999922863e-05,3.668000005063732e-06,96,False
4367,3.9100999998709085e-05,8.852600001318933e-05,6.133999988833239e-06,7.560999989664197e-06,8.096500002352514e-05,3.805999995165621e-06,96,False
4368,3.745799998000621e-05,0.00013017500000955806,9.237999989863965e-06,7.428000003528723e-06,0.00012274700000602934,3.429999992476951e-06,96,False
4369,5.2514999993036326e-05,0.00010263900000495596,7.080999978370528e-06,9.135999988529875e-06,9.350300001642609e-05,4.947999997284569e-06,96,False
4370,4.128200001218829e-05,9.295799998199072e-05,6.225999982234498e-06,7.835999980443376e-06,8.512200000154735e-05,3.819999989218559e-06,96,False
4371,3.894500000001244e-05,9.040200001209087e-05,6.943000016690348e-06,7.345999989638585e-06,8.305600002245228e-05,3.5460000162856886e-06,96,False
4372,3.7982999998575906e-05,8.990899999616886e-05,6.172000013293655e-06,7.3239999949237244e-06,8.258500000124513e-05,3.490000011652228e-06,96,False
4373,3.773700001374891e-05,9.232299998984672e-05,6.431999992173587e-06,7.113999998864529e-06,8.520899999098219e-05,3.595999999106425e-06,96,False
4374,3.7893000012445555e-05,8.58100000016293e-05,5.7999999967250915e-06,7.008000011410331e-06,7.880199999021897e-05,3.270000007660201e-06,96,False
4375,3.6285999982510475e-05,8.661100000040278e-05,6.13200000998404e-06,7.36300000880874e-06,7.924799999159404e-05,3.3039999891570915e-06,96,False
4376,3.643600001623781e-05,8.792600002038853e-05,6.356000000096174e-06,7.64800000752075e-06,8.027800001286778e-05,3.6399999885361467e-06,96,False
4377,8.706599999186437e-05,0.00011399100000630824,9.165999983906659e-06,1.0685000006560585e-05,0.00010330599999974766,5.461000000650529e-06,96,False
4378,4.324400001110007e-05,9.483200000204306e-05,4.308300000843701e-05,8.131999976512816e-06,8.670000002553024e-05,4.055000005109832e-06,96,False
4379,4.428100001518942e-05,9.355800000321324e-05,7.244000016726204e-06,7.98900001086622e-06,8.556899999234702e-05,3.945000003113819e-06,96,False
4380,4.0013999978327774e-05,9.029000000282394e-05,6.595000002107554e-06,7.389000018065417e-06,8.290099998475853e-05,3.682999988541269e-06,96,False
4381,3.7926999993942445e-05,9.103399997911765e-05,6.662000004098445e-06,7.706999980428009e-06,8.332699999868964e-05,3.660999993826408e-06,96,False
4382,3.9100000009284486e-05,9.019899999884728e-05,6.452000008039249e-06,7.382000006828093e-06,8.281699999201919e-05,3.6229999977877014e-06,96,False
4383,3.824899999926856e-05,0.00010471300001313466,6.447999993497433e-06,7.954000011523021e-06,9.675900000161164e-05,3.890000016326667e-06,96,False
4384,3.8144000001238965e-05,8.846000000062304e-05,6.3720000014200195e-06,7.24899999227091e-06,8.121100000835213e-05,3.4150000089994137e-06,96,False
4385,3.690599999117694e-05,0.00010270900000364236,6.635999994841768e-06,1.0199000001875902e-05,9.251000000176646e-05,4.512000003842331e-06,96,False
4386,3.9624999999432475e-05,9.185099997921498e-05,6.476000010025018e-06,8.113000006915172e-06,8.37379999722998e-05,3.757999991194083e-06,96,False
4387,3.931499998088839e-05,9.641900001611248e-05,6.829000000152519e-06,8.021000013513913e-06,8.839800000259856e-05,3.724999999121792e-06,96,False
4388,3.892099999802667e-05,0.00010037399999873742,7.320999998228217e-06,9.787999999844033e-06,9.058599999889339e-05,4.458000006479779e-06,96,False
4389,3.9636999986214505e-05,9.023300000876588e-05,6.720000016002814e-06,7.6290000095013966e-06,8.260399999926449e-05,3.507000002400673e-06,96,False
4390,3.7802000008468895e-05,8.981900001003851e-05,6.320000011328375e-06,7.393000004185524e-06,8.242600000585298e-05,3.496999994467842e-06,96,False
4391,3.723899999386049e-05,8.708400000045913e-05,6.270000000085929e-06,7.304999996904371e-06,7.977900000355476e-05,3.3880000103181374e-06,96,False
4392,3.723499997931867e-05,8.720900001435439e-05,5.762999990110984e-06,7.291000002851433e-06,7.991800001150295e-05,3.445999993800797e-06,96,False
4393,3.7370000001146764e-05,8.683400000109032e-05,5.563000001984619e-06,7.148000008783129e-06,7.968599999230719e-05,3.518999989182703e-06,96,False
4394,3.737100001899307e-05,8.667299999842726e-05,5.692000001999986e-06,6.723000012698321e-06,7.994999998572894e-05,3.466000009666459e-06,96,False
4395,4.0264999995542894e-05,8.72479999998177e-05,5.6849999907626625e-06,7.11299998101822e-06,8.013500001879947e-05,3.5979999779556238e-06,96,False
4396,3.69619999958104e-05,8.850599999732367e-05,5.5830000178502814e-06,7.113999998864529e-06,8.139199999845914e-05,3.749000001107561e-06,96,False
4397,3.646499999376829e-05,8.650399999510228e-05,5.423000004611822e-06,7.058999983655667e-06,7.944500001144661e-05,3.5340000010819494e-06,96,False
4398,3.65390000069965e-05,8.673499999645173e-05,5.4340000019692525e-06,7.589999995616381e-06,7.914500000083535e-05,3.5969999885310244e-06,96,False
4399,3.665799999907904e-05,8.78810000131125e-05,5.326000007244147e-06,7.3500000041804014e-06,8.05310000089321e-05,3.420999973968719e-06,96,False
4400,3.6389999991115474e-05,0.00010643000001664404,6.469999988212294e-06,6.8959999737217e-06,9.953400004292234e-05,3.3289999805674597e-06,96,False
4401,5.002300000001014e-05,0.00010100500000476131,5.59699998348151e-06,8.467000014888981e-06,9.253799998987233e-05,4.240999999183259e-06,96,False
4402,3.7734000017053404e-05,9.153400000627698e-05,5.348999991383607e-06,8.452000002989735e-06,8.308200000328725e-05,3.783000011026161e-06,96,False
4403,3.643799999508701e-05,8.737999999652857e-05,5.409000010558884e-06,7.475999979078551e-06,7.990400001745002e-05,3.405999990491182e-06,96,False
4404,3.613199999108474e-05,8.856400000922804e-05,5.5830000178502814e-06,7.288999995580525e-06,8.127500001364751e-05,3.7060000011024385e-06,96,False
4405,3.6637999983213376e-05,8.771099999194121e-05,5.434999991393852e-06,7.256000003508234e-06,8.045499998843297e-05,3.587999998444502e-06,96,False
4406,3.828299998076545e-05,8.65070000202195e-05,5.256999997982348e-06,6.817000013370489e-06,7.9690000006849e-05,3.464000002395551e-06,96,False
4407,3.5910000008243514e-05,9.711600000628096e-05,5.397999984779744e-06,6.807000005437658e-06,9.03090000008433e-05,3.5950000096818258e-06,96,False
4408,3.752000000645239e-05,8.59509999884267e-05,5.125000001271474e-06,7.070999998859406e-06,7.88799999895673e-05,3.716999998459869e-06,96,False
4409,3.6741999991818375e-05,8.600000001024455e-05,5.302000005258378e-06,7.022000005463269e-06,7.897800000478128e-05,3.5500000024057954e-06,96,False
4410,3.6628999993126854e-05,8.698799999251605e-05,5.32299998212693e-06,7.371999998895262e-06,7.961599999362079e-05,3.456000001733628e-06,96,False
4411,3.659800000832547e-05,8.603399999174144e-05,5.393999998659638e-06,7.154999991598743e-06,7.88790000001427e-05,3.490000011652228e-06,96,False
4412,3.631599997788726e-05,8.781800002566342e-05,5.1040000244029216e-06,7.53399999098292e-06,8.02840000346805e-05,3.483000000414904e-06,96,False
4413,3.6514000015586134e-05,0.00012598300000377094,5.714000025136556e-06,7.137000011425698e-06,0.00011884599999234524,2.014200001099198e-05,96,False
4414,3.992399999219742e-05,0.0003754889999925126,9.478999999146254e-06,0.00019671000001153516,0.00017877899998097746,1.2212000001454726e-05,96,False
4415,5.144799999357019e-05,9.924400001182221e-05,6.6100000140068005e-06,8.681999986492883e-06,9.056200002532933e-05,4.0699999885873694e-06,96,False
4416,4.3420000025662375e-05,9.15759999884358e-05,5.794999992758676e-06,7.68199998901764e-06,8.389399999941816e-05,3.695000003745008e-06,96,False
4417,3.782999999657477e-05,8.833499998672778e-05,5.491999985451912e-06,7.651999993640857e-06,8.068299999308692e-05,3.4229999812396272e-06,96,False
4418,3.7085000002434754e-05,8.6860000010347e-05,5.4420000026311754e-06,7.194999994908358e-06,7.966500001543864e-05,3.4149999805777043e-06,96,False
4419,3.738800000974152e-05,0.00012450700000954384,6.146999993461577e-06,7.005999975717714e-06,0.00011750100003382613,3.549000012981196e-06,96,False
4420,0.000138803999988113,0.00010376299999848015,6.073999998079671e-06,1.0416000009172421e-05,9.334699998930773e-05,4.49099999855207e-06,96,False
4421,4.0034000022615146e-05,9.203500002286091e-05,5.486999981485496e-06,7.97800001350879e-06,8.405700000935212e-05,3.789999993841775e-06,96,False
4422,3.801100001510349e-05,0.00012720600000193372,6.046999999398395e-06,7.687000021405765e-06,0.00011951899998052795,3.4779999964484887e-06,96,False
4423,4.198700000301869e-05,9.278799998924114e-05,5.493000003298221e-06,8.451000013565135e-06,8.433699997567601e-05,3.840000005084221e-06,96,False
4424,3.7779999985332324e-05,8.825399999068395e-05,5.268000023761488e-06,7.474999989653952e-06,8.077900000103e-05,3.7270000063927e-06,96,False
4425,3.7515000002485976e-05,8.737600001040846e-05,5.794999992758676e-06,7.382999996252693e-06,7.999300001415577e-05,3.5770000010870717e-06,96,False
4426,3.6821999998437605e-05,8.86589999993248e-05,5.262999991373363e-06,7.361000001537832e-06,8.129799999778697e-05,3.8009999911992054e-06,96,False
4427,3.913300000135678e-05,8.694800001762815e-05,5.090000001928274e-06,6.853999991562887e-06,8.009400002606526e-05,3.7990000123500067e-06,96,False
4428,3.6401000016894614e-05,8.657600000105958e-05,5.103999995981212e-06,7.550000020728476e-06,7.902599998033111e-05,3.547000005710288e-06,96,False
4429,3.6868999984562834e-05,8.830999999531741e-05,5.361999996011946e-06,7.163000020682375e-06,8.114699997463504e-05,3.6250000050586095e-06,96,False
4430,4.065999999625092e-05,8.71469999879082e-05,5.262999991373363e-06,6.829000000152519e-06,8.031799998775568e-05,3.755999983923175e-06,96,False
4431,3.614100000959297e-05,0.000283897000002753,1.3305000010177537e-05,7.194999994908358e-06,0.0002767020000078446,3.6270000123295176e-06,96,False
4432,9.149299998512106e-05,0.00015492199997879652,9.992000002512214e-06,1.7672000012680655e-05,0.00013724999996611587,7.962000012184944e-06,96,False
4433,5.003700002248479e-05,9.440299999141644e-05,6.1399999822242535e-06,7.947999989710297e-06,8.645500000170614e-05,3.9100000037706195e-06,96,False
4434,4.0686000005507594e-05,8.918899999343921e-05,5.670000007285125e-06,7.585999981074565e-06,8.160300001236465e-05,3.917999976010833e-06,96,False
4435,3.920000000334767e-05,8.907000000135668e-05,5.796000010604985e-06,7.201000016721082e-06,8.186899998463559e-05,3.820999978643158e-06,96,False
4436,3.7868000021035186e-05,8.840500001383589e-05,5.6560000132321875e-06,7.32899999889014e-06,8.107600001494575e-05,3.587999998444502e-06,96,False
4437,3.747599998860096e-05,8.90799999808678e-05,5.420999997340914e-06,7.525000000896398e-06,8.15549999799714e-05,3.5889999878691015e-06,96,False
4438,3.743399997802044e-05,8.923199999344433e-05,5.380999994031299e-06,7.163000020682375e-06,8.206899997276196e-05,3.545999987863979e-06,96,False
4439,3.7583000022323176e-05,8.61620000023322e-05,5.6039999947188335e-06,6.826000003457011e-06,7.93359999988752e-05,3.4550000123090285e-06,96,False
4440,3.6284000003661276e-05,8.654399999841189e-05,5.3450000052635005e-06,6.49699998689357e-06,8.004700001151832e-05,3.6260000229049183e-06,96,False
4441,3.6754000007022114e-05,8.611900000232708e-05,5.075999979453627e-06,7.243000027301605e-06,7.887599997502548e-05,3.6939999858986994e-06,96,False
4442,3.672799999776544e-05,0.0001354629999923418,5.988999987494026e-06,1.1655999998083644e-05,0.00012380699999425815,4.6419999932822975e-06,96,False
4443,3.9967999981627145e-05,8.884600001124454e-05,5.864000002020475e-06,7.573999994292535e-06,8.1272000016952e-05,3.6929999964741e-06,96,False
4444,4.311000000711829e-05,9.109399999829293e-05,5.770000001348308e-06,7.802000027368194e-06,8.329199997092473e-05,4.105999977355168e-06,96,False
4445,3.7356000007093826e-05,8.947599999942213e-05,5.657999992081386e-06,7.331999995585647e-06,8.214400000383648e-05,3.7860000077216682e-06,96,False
4446,3.663300000766867e-05,8.843300000194176e-05,5.44899998544679e-06,7.183999997550927e-06,8.124900000439084e-05,3.741000000445638e-06,96,False
4447,3.587800000559582e-05,8.694099997796911e-05,5.532999978186126e-06,7.309999972449077e-06,7.963100000552004e-05,3.6469999997734703e-06,96,False
4448,3.683099998852413e-05,8.689199998457298e-05,5.135000009204305e-06,7.211000024653913e-06,7.968099995991906e-05,3.628000001754117e-06,96,False
4449,3.6139000002322064e-05,8.681799999976647e-05,5.302000005258378e-06,7.050999982993744e-06,7.976700001677273e-05,3.5889999878691015e-06,96,False
4450,3.70319999944968e-05,0.00012595600000508966,5.740999995396123e-06,1.1528000015914586e-05,0.00011442799998917508,4.444000012426841e-06,96,False
4451,4.046099999754915e-05,0.00010685500001272885,5.45900002180133e-06,7.813000024725625e-06,9.904199998800323e-05,3.6929999964741e-06,96,False
4452,3.862799999865274e-05,8.832700001448757e-05,5.42599997288562e-06,7.766999999603286e-06,8.056000001488428e-05,3.500999980587949e-06,96,False
4453,3.7244999987251504e-05,8.864000000130545e-05,5.393000009235038e-06,7.189000001517343e-06,8.145099999978811e-05,3.808000002436529e-06,96,False
4454,3.721400000245012e-05,0.00012258099999939986,5.988999987494026e-06,7.102999973085389e-06,0.00011547800002631448,3.598000006377333e-06,96,False
4455,4.117200001019228e-05,0.0001499949999868022,8.926999981895278e-06,1.6885999997384715e-05,0.0001331089999894175,6.442000000106418e-06,96,False
4456,4.7797000007676615e-05,9.349000001179775e-05,6.1030000040318555e-06,7.891999985076836e-06,8.559800002672091e-05,4.154000009748415e-06,96,False
4457,3.8930000016534905e-05,8.821900001976246e-05,4.234400000768801e-05,7.2790000160694035e-06,8.094000000369306e-05,3.82999999715139e-06,96,False
4458,8.444300001997362e-05,0.00010936399999650348,8.33100000363629e-06,9.769999991249279e-06,9.95940000052542e-05,5.387999976846913e-06,96,False
4459,4.565800000477793e-05,9.264400000574824e-05,6.063000000722241e-06,7.525000000896398e-06,8.511900000485184e-05,4.0330000103949715e-06,96,False
4460,3.8678000009895186e-05,8.94670000093356e-05,5.9879999980694265e-06,7.627999991655088e-06,8.183900001768052e-05,3.6980000004405156e-06,96,False
4461,3.717900000310692e-05,8.818399999199755e-05,5.6749999828298314e-06,7.417000006171293e-06,8.076699998582626e-05,3.4029999937956745e-06,96,False
4462,3.7151000015001046e-05,8.702799999582567e-05,5.419999979494605e-06,7.338999978401262e-06,7.96890000174244e-05,3.2570000030318624e-06,96,False
4463,3.63260000142418e-05,8.67550000123174e-05,7.0049999862931145e-06,7.0410000034826226e-06,7.971400000883477e-05,3.3990000076755678e-06,96,False
4464,3.739799998925264e-05,8.674500000438456e-05,7.0129999869550375e-06,7.091999975727958e-06,7.96530000286566e-05,3.5159999924871954e-06,96,False
4465,3.672099998652811e-05,0.00012278100001594794,7.205000002841189e-06,7.134000014730191e-06,0.00011564700000121775,3.3070000142743083e-06,96,False
4466,4.6008999987634525e-05,9.69880000241119e-05,6.743999989566873e-06,8.579000024155903e-06,8.8408999999956e-05,4.441000015731333e-06,96,False
4467,3.873099998941143e-05,8.946600001991101e-05,6.295999980920897e-06,7.251999988966418e-06,8.221400003094459e-05,3.5280000076909346e-06,96,False
4468,3.797500002633569e-05,8.67239999990943e-05,6.248000005371068e-06,6.765000023278844e-06,7.995899997581546e-05,3.4930000083477353e-06,96,False
4469,3.6389000001690874e-05,8.686500001431341e-05,6.396999992830388e-06,7.041999992907222e-06,7.982300002140619e-05,3.268000000389293e-06,96,False
4470,3.592600000956736e-05,8.546699999101293e-05,6.265000024541223e-06,7.096000018691484e-06,7.837099997232144e-05,3.3649999977569678e-06,96,False
4471,3.744200000710407e-05,8.7145000009059e-05,6.138000003375055e-06,7.379999999557185e-06,7.976500000950182e-05,3.437999993138874e-06,96,False
4472,3.608699998380871e-05,9.176099999308462e-05,6.206999984215145e-06,7.309000011446187e-06,8.445199998163844e-05,3.630000009025025e-06,96,False
4473,3.6284000003661276e-05,8.638400001359514e-05,6.3379999915014196e-06,6.875000025274858e-06,7.950899998832028e-05,3.243999998403524e-06,96,False
4474,3.675799999314222e-05,9.929799998076305e-05,6.714000022611799e-06,7.12399997837565e-06,9.21740000023874e-05,3.2709999970848003e-06,96,False
4475,3.6854000001085296e-05,8.634100001359002e-05,6.436999996140003e-06,7.211000024653913e-06,7.91299999889361e-05,3.1749999891417247e-06,96,False
4476,3.606300001024465e-05,8.702799999582567e-05,6.192999990162207e-06,6.5079999842510006e-06,8.052000001157467e-05,3.591999984564609e-06,96,False
4477,3.5988999997016435e-05,8.658699999841701e-05,6.159999998089916e-06,7.498000002215122e-06,7.908899999620189e-05,3.2009999983984017e-06,96,False
4478,3.590199997915988e-05,0.00010446800001773227,6.752000018650506e-06,9.879000003820693e-06,9.458900001391157e-05,4.387000018368781e-06,96,False
4479,3.952000000140288e-05,8.98189999816168e-05,6.231999975625513e-06,7.992000007561728e-06,8.182699997405507e-05,3.82999999715139e-06,96,False
4480,3.837599999201302e-05,8.823900000720641e-05,6.201999980248729e-06,7.402999983696645e-06,8.083600002350977e-05,3.4950000156186434e-06,96,False
4481,3.599600000825376e-05,8.823199999596909e-05,6.010999982208887e-06,7.163999981685265e-06,8.106800001428383e-05,3.367000005027876e-06,96,False
4482,6.641599998147285e-05,9.985599999140504e-05,6.5769999935128e-06,9.675000001152512e-06,9.018099999025253e-05,4.2759999985264585e-06,96,False
4483,3.916200000730896e-05,8.893000000398388e-05,6.305999988853728e-06,7.341999975096769e-06,8.158800002888711e-05,3.57900000835798e-06,96,False
4484,3.7504000005128546e-05,8.871099998941645e-05,5.8600000159003685e-06,7.480000022042077e-06,8.123099996737437e-05,3.695000003745008e-06,96,False
4485,3.6831999977948726e-05,8.713799999782168e-05,5.993999991460441e-06,7.0750000134012225e-06,8.006299998442046e-05,3.379999981234505e-06,96,False
4486,3.686399998059642e-05,8.740399999851434e-05,5.96099999938815e-06,7.358000004842324e-06,8.004599999367201e-05,3.525000010995427e-06,96,False
4487,3.915500002449335e-05,8.547499999167485e-05,5.646000005299356e-06,6.817000013370489e-06,7.865799997830436e-05,3.322000026173555e-06,96,False
4488,3.613199999108474e-05,8.560100002341642e-05,5.57300000991745e-06,6.786999989571996e-06,7.881400003384442e-05,3.7729999746716203e-06,96,False
4489,3.590299999700619e-05,8.757699998795943e-05,5.2199999913682404e-06,6.829999989577118e-06,8.074699999838231e-05,3.405999990491182e-06,96,False
4490,3.6603000012291886e-05,0.0001196710000215262,6.1920000007376075e-06,7.096999979694374e-06,0.00011257400004183182,3.4290000030523515e-06,96,False
4491,4.483000000732318e-05,9.192200002416939e-05,5.520999991404096e-06,8.102999998982341e-06,8.381900002518705e-05,3.698999989865115e-06,96,False
4492,3.824200001645295e-05,9.04159999777221e-05,5.726000011918586e-06,7.588999977770072e-06,8.282699999995202e-05,3.775999999788837e-06,96,False
4493,3.872700000329132e-05,8.868999998412619e-05,5.678999997371648e-06,7.5220000042008905e-06,8.11679999799253e-05,3.348999996433122e-06,96,False
4494,3.8643999999976586e-05,8.777800002235381e-05,5.395999977508836e-06,7.086000010758653e-06,8.069200001159516e-05,3.483000000414904e-06,96,False
4495,3.6614999999073916e-05,8.54900000035741e-05,5.2849999860882235e-06,6.831999996848026e-06,7.865800000672607e-05,3.3100000109698158e-06,96,False
4496,3.676800000107505e-05,8.699400001432878e-05,5.310000005920301e-06,7.151999994903235e-06,7.984200001942554e-05,3.4690000063619664e-06,96,False
4497,3.623599999968974e-05,8.553500001085013e-05,5.534999985457034e-06,7.23799999491348e-06,7.829700001593665e-05,3.4050000010665826e-06,96,False
4498,3.5967000002301575e-05,8.584099998643069e-05,5.6640000138941105e-06,7.019999998192361e-06,7.882099998823833e-05,3.3439999924667063e-06,96,False
4499,3.544000000488268e-05,9.753899999509485e-05,5.490999996027313e-06,7.416000016746693e-06,9.012299997834816e-05,3.3099999825481063e-06,96,False
4500,3.6013999988426804e-05,8.555300001944488e-05,5.447000006597591e-06,7.233999980371664e-06,7.831900003907322e-05,3.379999981234505e-06,96,False
4501,3.925400000071022e-05,8.679800001232252e-05,5.954000016572536e-06,7.097000008116083e-06,7.970100000420643e-05,3.322999987176445e-06,96,False
4502,3.505799998038128e-05,8.620700000960824e-05,5.560000005289112e-06,7.70599999100341e-06,7.850100001860483e-05,3.2739999937803077e-06,96,False
4503,3.6012999999002204e-05,0.0001075429999843891,6.4950000080443715e-06,1.0653000003912894e-05,9.68899999804762e-05,4.461000003175286e-06,96,False
4504,3.9431999994121725e-05,8.986800000343464e-05,5.512999990742173e-06,7.718999995631748e-06,8.21490000078029e-05,3.35100000370403e-06,96,False
4505,3.713199998855998e-05,8.913700000334757e-05,5.420999997340914e-06,7.823000004236746e-06,8.131399999911082e-05,3.4499999799209036e-06,96,False
4506,3.6844000021574175e-05,8.815399999662077e-05,5.286000003934532e-06,7.4859999870113825e-06,8.066800000960939e-05,3.470999985211165e-06,96,False
4507,3.683799999976145e-05,8.779600000252685e-05,5.598000001327819e-06,7.4069999982384616e-06,8.038900000428839e-05,3.650999985893577e-06,96,False
4508,3.695000000902837e-05,8.845600001450293e-05,5.515999987437681e-06,7.517000000234475e-06,8.093900001426846e-05,3.383999995776321e-06,96,False
4509,3.684099999645696e-05,8.749499997406929e-05,5.534999985457034e-06,6.734000010055752e-06,8.076099996401354e-05,3.356999997095045e-06,96,False
4510,0.00018925099999478334,0.0003148170000031314,1.0158000009141688e-05,2.7508999977499116e-05,0.0002873080000256323,9.696999995867372e-06,96,False
4511,5.266899998446206e-05,9.849599999256498e-05,6.3179999756357574e-06,8.358999991742166e-06,9.013700000082281e-05,3.945000003113819e-06,96,False
4512,6.861500000354681e-05,0.00011443600001825871,7.125999985646558e-06,1.0279000008495132e-05,0.00010415700000976358,4.281999991917473e-06,96,False
4513,5.592200000137382e-05,9.679400000095484e-05,5.926000000044951e-06,8.688000008305607e-06,8.810599999264923e-05,4.2290000124012295e-06,96,False
4514,3.9284999985511604e-05,9.221900000966343e-05,5.592000007936804e-06,7.958999987067727e-06,8.42600000225957e-05,3.7730000030933297e-06,96,False
4515,4.1234000008216753e-05,8.945500002255358e-05,5.53999998942345e-06,7.621000008839474e-06,8.18340000137141e-05,3.5140000136379967e-06,96,False
4516,3.7652999992587866e-05,8.968699998490592e-05,5.309000016495702e-06,7.740999990346609e-06,8.194599999455932e-05,3.877000011698328e-06,96,False
4517,3.7141999996492814e-05,8.83050000197727e-05,5.5250000059459126e-06,7.32899999889014e-06,8.097600002088257e-05,3.779999985908944e-06,96,False
4518,3.6902999994481434e-05,8.958199998687633e-05,5.383000001302207e-06,6.9789999770364375e-06,8.260300000983989e-05,3.466000009666459e-06,96,False
4519,3.726399998527086e-05,8.89039999947272e-05,5.385000008573115e-06,7.510999978421751e-06,8.139300001630545e-05,3.7570000017694838e-06,96,False
4520,6.846700000551209e-05,0.00011371200000098725,5.947999994759812e-06,9.412999986579962e-06,0.00010429900001440728,4.455000009784271e-06,96,False
4521,3.943400000139263e-05,0.00022951100001478153,5.063099999347287e-05,7.869999990361976e-06,0.00022164100002441955,3.638000009686948e-06,96,False
4522,0.00016832599999361264,0.00020173600000816805,1.1166999996703453e-05,2.3429999998825224e-05,0.00017830600000934282,1.0083999995913473e-05,96,False
4523,7.047799999782e-05,0.00019566200001008838,1.0261999989324977e-05,1.097699998808821e-05,0.00018468500002200017,4.6889999794075266e-06,96,False
4524,6.376600001090083e-05,0.00010720499997773913,6.41700000869605e-06,9.395000006406917e-06,9.780999997133222e-05,5.937999986826981e-06,96,False
4525,4.1268000018135353e-05,9.326899998995941e-05,6.1370000139504555e-06,8.015000020122898e-06,8.525399996983651e-05,4.042000000481494e-06,96,False
4526,3.919899998550136e-05,9.142999999767198e-05,5.643000008603849e-06,7.603999989669319e-06,8.382600000800267e-05,3.335000002380184e-06,96,False
4527,4.1882000004989095e-05,9.056800001872034e-05,5.683000011913464e-06,7.508999999572552e-06,8.305900001914779e-05,3.634999984569731e-06,96,False
4528,3.832900000588779e-05,8.832899999333677e-05,5.678999997371648e-06,6.939000002148532e-06,8.138999999118823e-05,3.5820000050534873e-06,96,False
4529,4.695199999105171e-05,8.947899999611764e-05,7.017999990921453e-06,7.580000016105259e-06,8.189899998001238e-05,3.5440000090147805e-06,96,False
4530,3.8929999988113195e-05,8.847299997682967e-05,6.651999996165614e-06,7.250000010117219e-06,8.122299996671245e-05,3.612000000430271e-06,96,False
4531,3.753600000777624e-05,8.678699998654338e-05,6.471000006058603e-06,7.083999975066035e-06,7.970300001147734e-05,3.6690000229100406e-06,96,False
4532,3.6150999989104093e-05,8.596399999305504e-05,6.710999997494582e-06,7.2060000206874975e-06,7.875799997236754e-05,3.3299999984137685e-06,96,False
4533,3.689200002554571e-05,0.00011747499999614774,4.41699999953471e-05,6.91899998628287e-06,0.00011055600000986487,3.3240000050227536e-06,96,False
4534,5.192100002204825e-05,9.654699999828154e-05,6.664999972372243e-06,8.409000002984612e-06,8.813799999529692e-05,4.512999993266931e-06,96,False
4535,3.897900000993104e-05,8.931800002187629e-05,6.7299999955139356e-06,7.152000023324945e-06,8.216599999855134e-05,3.7709999958224216e-06,96,False
4536,3.795700001774094e-05,8.862600000725251e-05,6.642999977657382e-06,7.175999996889004e-06,8.145000001036351e-05,3.652999993164485e-06,96,False
4537,3.802300000188552e-05,8.655700000304023e-05,6.2830000047142676e-06,6.772999995519058e-06,7.978400000752117e-05,3.54499999843938e-06,96,False
4538,3.730700001369769e-05,8.753900002034243e-05,6.284999983563466e-06,7.245999995575403e-06,8.029300002476703e-05,3.5200000070290116e-06,96,False
4539,6.633300000657982e-05,9.48109999967528e-05,6.8349999935435335e-06,8.436999991090488e-06,8.637400000566231e-05,4.208000007110968e-06,96,False
4540,5.2130999989685733e-05,9.028499999885753e-05,6.318999993482066e-06,7.624000005534981e-06,8.266099999332255e-05,3.61300001827658e-06,96,False
4541,3.7893000012445555e-05,8.97470000040812e-05,5.739000016546925e-06,7.4069999982384616e-06,8.234000000584274e-05,3.6250000050586095e-06,96,False
4542,3.784399999062771e-05,8.947499998157582e-05,5.91599999211212e-06,7.668999984389302e-06,8.180599999718652e-05,3.5169999819117947e-06,96,False
4543,3.8165000006529226e-05,8.857000000261905e-05,5.399000002626053e-06,6.995000006781993e-06,8.157499999583706e-05,3.381999988505413e-06,96,False
4544,3.600399998049397e-05,8.622699999705219e-05,6.1030000040318555e-06,7.400999976425737e-06,7.882600002062645e-05,3.37399998784349e-06,96,False
4545,3.656399999840687e-05,0.00012180400000261216,6.5920000054120464e-06,6.901000006109825e-06,0.00011490299999650233,3.500000019585059e-06,96,False
4546,4.183400000101756e-05,9.077400000023772e-05,5.665999992743309e-06,7.506000002877045e-06,8.326799999736068e-05,3.953000003775742e-06,96,False
4547,3.74189999945429e-05,8.741400000644717e-05,5.509999994046666e-06,7.1849999869755266e-06,8.022900001947164e-05,3.2799999871713226e-06,96,False
4548,3.664799999114621e-05,8.680700000240904e-05,6.6309999908753525e-06,7.262999986323848e-06,7.954400001608519e-05,3.437999993138874e-06,96,False
4549,3.69979999845782e-05,8.708800001500094e-05,6.321000000752974e-06,7.0830000140631455e-06,8.00050000009378e-05,3.4939999977723346e-06,96,False
4550,3.567499999235224e-05,8.53859999949691e-05,6.306000017275437e-06,6.600000006073969e-06,7.878599998889513e-05,3.405999990491182e-06,96,False
4551,3.559900000027483e-05,8.563199997979609e-05,5.719999990105862e-06,6.734999999480351e-06,7.889699998031574e-05,3.525000010995427e-06,96,False
4552,3.668200000106481e-05,8.583700000031058e-05,6.160999987514515e-06,6.9580000001678854e-06,7.88790000001427e-05,3.6090000037347636e-06,96,False
4553,3.5839000020132517e-05,8.615199999439938e-05,6.060000004026733e-06,7.2189999968941265e-06,7.893299999750525e-05,3.7420000182919466e-06,96,False
4554,3.6364000010280506e-05,8.861300000262418e-05,6.278000000747852e-06,7.041999992907222e-06,8.157100000971695e-05,3.3150000149362313e-06,96,False
4555,3.775900000846377e-05,8.676199999513301e-05,6.3150000073619594e-06,7.035999999516207e-06,7.97259999956168e-05,3.5840000123243954e-06,96,False
4556,3.7654999999858774e-05,8.604600000694518e-05,6.090999988828116e-06,7.052000000840053e-06,7.899400000610513e-05,3.5110000169424893e-06,96,False
4557,3.6422000022184875e-05,9.329200000252058e-05,6.715000012036398e-06,7.132000007459283e-06,8.61599999950613e-05,3.853999999137159e-06,96,False
4558,3.608599999438411e-05,0.00012950999999361557,7.4699999856875365e-06,1.1155999999346022e-05,0.00011835399999426954,4.442000005155933e-06,96,False
4559,3.908300001853604e-05,8.948499998950865e-05,5.861999994749567e-06,7.4049999909675535e-06,8.20799999985411e-05,3.5770000010870717e-06,96,False
4560,3.646400000434369e-05,8.756099998663558e-05,5.778000002010231e-06,7.355000008146817e-06,8.020599997848876e-05,3.4509999977672123e-06,96,False
4561,3.707400000507732e-05,8.635400001821836e-05,5.287999982783731e-06,7.312999997566294e-06,7.904100002065206e-05,3.4610000057000434e-06,96,False
4562,3.68929999865486e-05,8.560800000623203e-05,5.3870000158440234e-06,6.837000000814442e-06,7.877100000541759e-05,3.417000016270322e-06,96,False
4563,3.58009999956721e-05,8.608300001355929e-05,5.199999975502578e-06,6.909999996196348e-06,7.917300001736294e-05,3.329000008989169e-06,96,False
4564,3.6217000001670385e-05,8.621000000630374e-05,5.504000000655651e-06,7.361999990962431e-06,7.884800001534131e-05,3.4269999957814434e-06,96,False
4565,4.5860999989599804e-05,8.57409999923675e-05,5.428000008578238e-06,7.1589999777188496e-06,7.858200001464866e-05,3.2330000010460935e-06,96,False
4566,3.6297999997714214e-05,8.555499999829408e-05,5.586000014545789e-06,6.797999986929426e-06,7.875700001136465e-05,3.4390000109851826e-06,96,False
4567,3.5976999981812696e-05,8.617199998184333e-05,5.388999994693222e-06,7.139999979699496e-06,7.903200000214383e-05,3.4870000149567204e-06,96,False
4568,3.517100000749451e-05,8.688099998721555e-05,5.369999996673869e-06,7.21500001077402e-06,7.966599997644153e-05,3.363000018907769e-06,96,False
4569,3.610000001685876e-05,8.776600000715007e-05,5.2379999999629945e-06,7.176999986313604e-06,8.058900002083647e-05,3.5589999924923177e-06,96,False
4570,7.205099998941478e-05,0.00010861500001624336,6.501000001435386e-06,8.146999988412063e-06,0.0001004680000278313,3.981999981306217e-06,96,False
4571,5.295500000102038e-05,9.728200001291043e-05,5.457000014530422e-06,8.46900002215989e-06,8.881299999075054e-05,4.130000007762646e-06,96,False
4572,3.772799999524068e-05,9.008000000676475e-05,5.296000011867363e-06,7.476000007500261e-06,8.260399999926449e-05,3.672999980608438e-06,96,False
4573,3.696500002092762e-05,8.789200001046993e-05,5.372999993369376e-06,7.617000022719367e-06,8.027499998775056e-05,3.3729999984188908e-06,96,False
4574,3.6332000007632814e-05,8.59499999990021e-05,5.51700000528399e-06,7.402999983696645e-06,7.854700001530546e-05,3.4839999898395035e-06,96,False
4575,3.609999998843705e-05,8.792200000584671e-05,5.1149999933386425e-06,6.90699999950084e-06,8.101500000634587e-05,3.5329999832356407e-06,96,False
4576,3.519400002005568e-05,8.607500001289736e-05,5.33400000790607e-06,6.753000008075105e-06,7.932200000482226e-05,3.3400000063465995e-06,96,False
4577,3.606199999239834e-05,8.661000001097818e-05,5.348999991383607e-06,7.458999988330106e-06,7.915100002264808e-05,3.5900000057154102e-06,96,False
4578,3.6012000009577605e-05,8.639100002483246e-05,5.2299999993010715e-06,6.960999996863393e-06,7.943000002796907e-05,3.5200000070290116e-06,96,False
4579,3.5910999997668114e-05,8.607200001620186e-05,5.3109999953449005e-06,7.130999989612974e-06,7.894100002658888e-05,3.3929999858628435e-06,96,False
4580,3.5521000000926506e-05,8.641900001293834e-05,5.15199999995275e-06,7.3260000021946325e-06,7.909300001074371e-05,3.300999992461584e-06,96,False
4581,3.708800002755197e-05,8.687999999779095e-05,5.506000007926559e-06,7.042999982331821e-06,7.983700001545913e-05,3.515000003062596e-06,96,False
4582,3.668800002287753e-05,8.851900000195201e-05,6.435000017290804e-06,7.4650000101428304e-06,8.105399999180918e-05,3.4610000057000434e-06,96,False
4583,3.550200000290715e-05,0.00011757000001466622,6.906000010076241e-06,7.229000004826958e-06,0.00011034100000983926,3.294999999070569e-06,96,False
4584,4.298300001437383e-05,9.056400000417852e-05,6.202999998095038e-06,7.924000016146238e-06,8.263999998803229e-05,4.173000007767769e-06,96,False
4585,3.797499999791398e-05,8.820799999398332e-05,6.2100000093323615e-06,6.866000006766626e-06,8.13419999872167e-05,3.632999977298823e-06,96,False
4586,4.0627000004178626e-05,9.051499998236068e-05,6.518999981608431e-06,7.199000009450174e-06,8.33159999729105e-05,3.551999981254994e-06,96,False
4587,3.596900000957248e-05,8.659899998519904e-05,6.081999998741594e-06,7.240000002184388e-06,7.935899998301466e-05,3.5770000010870717e-06,96,False
4588,3.499099997839039e-05,8.587199999965378e-05,6.26899998223962e-06,7.296999996242448e-06,7.857500000341133e-05,3.3160000043608306e-06,96,False
4589,3.628900000762769e-05,8.604599997852347e-05,5.901999998059182e-06,7.573999994292535e-06,7.847199998423093e-05,3.2469999950990314e-06,96,False
4590,4.49799999842071e-05,8.59509999884267e-05,6.092000006674425e-06,7.058999983655667e-06,7.889200000477103e-05,3.25999999972737e-06,96,False
4591,3.711100001169143e-05,8.687400000439993e-05,6.0220000079880265e-06,6.914000010738164e-06,7.995999999366177e-05,3.222000003688663e-06,96,False
4592,3.6797000007027236e-05,8.807800000454336e-05,5.754000000024462e-06,7.209000017383005e-06,8.086899998716035e-05,3.410000005032998e-06,96,False
4593,3.684800000769428e-05,8.73919999833106e-05,6.124999998746716e-06,7.3859999929482e-06,8.00059999903624e-05,3.5140000136379967e-06,96,False
4594,3.604900001619171e-05,8.660899999313187e-05,6.151999997427993e-06,6.9760000087626395e-06,7.963299998436923e-05,3.4509999977672123e-06,96,False
4595,3.5773000007566225e-05,8.600999998975567e-05,6.239000015284546e-06,7.221000004165035e-06,7.878899998559064e-05,3.4679999885156576e-06,96,False
4596,3.634800000895666e-05,0.00010467199999197874,6.6489999994701066e-06,1.0277999990648823e-05,9.439400000132991e-05,4.6969999800694495e-06,96,False
4597,4.067799997642396e-05,8.905699999672834e-05,6.130000002713132e-06,7.057999994231068e-06,8.199900000249727e-05,3.6389999991115474e-06,96,False
4598,3.8224000007858194e-05,8.797399999593836e-05,5.9250000106203515e-06,7.052000000840053e-06,8.09219999950983e-05,3.6059999786175467e-06,96,False
4599,3.6604999991141085e-05,8.676699999909943e-05,5.557999998018204e-06,7.098999986965282e-06,7.966800001213414e-05,3.4259999779351347e-06,96,False
4600,4.1207999998960076e-05,0.00010365299999648414,6.0870000027080096e-06,6.624999997484338e-06,9.70279999989998e-05,3.6539999825890845e-06,96,False
4601,4.982199999403747e-05,9.414500001980741e-05,5.546000011236174e-06,8.005000012190067e-06,8.614000000761735e-05,4.206999989264659e-06,96,False
4602,7.960900001080518e-05,0.0003326370000138468,1.4673999999104126e-05,1.1231999991423436e-05,0.00032140500002242334,5.680000015217956e-06,96,False
4603,0.00011891899998772715,0.0001544890000104715,9.056999999756954e-06,1.4628000002403496e-05,0.000139861000008068,7.78400001877344e-06,96,False
4604,0.00014001999997503844,0.00024904399998604276,1.3596999991705161e-05,5.4726999991316916e-05,0.00019431699999472585,1.4724999999771171e-05,96,False
4605,7.155000000125256e-05,0.00010569400001259055,6.58899998029483e-06,9.751000021651635e-06,9.594299999093892e-05,4.523000001199762e-06,96,False
4606,4.312199999390032e-05,9.480800000005729e-05,6.0589999861804245e-06,8.266000008916308e-06,8.654199999114098e-05,3.861999999799082e-06,96,False
4607,4.0014000006749484e-05,9.169199998382283e-05,5.897000022514476e-06,8.124999993697202e-06,8.356699999012562e-05,3.7599999984649912e-06,96,False
4608,3.859099999203863e-05,0.0009270319999927779,6.141200000797653e-05,2.5404000012940742e-05,0.0009016279999798371,1.0557999985394417e-05,96,False
4609,0.00021625200000130462,0.00016864200000554774,1.2338999994199185e-05,1.8471000004183225e-05,0.00015017100000136452,8.737000001701745e-06,96,False
4610,5.6094000001394306e-05,0.0001498489999960384,8.868999998412619e-06,9.485999981961868e-06,0.00014036300001407653,4.6840000038628204e-06,96,False
4611,5.151600001340739e-05,0.00010715199999822289,7.624000005534981e-06,9.27899998259818e-06,9.787300001562471e-05,4.326999999193504e-06,96,False
4612,4.6964000006255446e-05,0.0004156009999860544,1.1518999997406354e-05,8.188000009567986e-06,0.0004074129999764864,4.174999986616967e-06,96,False
4613,7.720599998606303e-05,0.00017761800000926087,8.439999987785995e-06,1.1902000011332348e-05,0.00016571599999792852,3.0586999997694875e-05,96,False
4614,6.12249999960568e-05,0.00010470000000850632,7.221999993589634e-06,9.28999997995561e-06,9.541000002855071e-05,4.520999993928854e-06,96,False
4615,4.3844000003900874e-05,9.850000000710679e-05,6.5339999935076776e-06,8.089000004929403e-06,9.041100000217739e-05,3.967000026250389e-06,96,False
4616,4.272799998261689e-05,0.00019270499998924606,7.035999999516207e-06,1.2261000023272572e-05,0.0001804439999659735,4.840999991984063e-06,96,False
4617,6.557699998666067e-05,0.00011723000000074535,9.191999993163336e-06,1.0263000007171286e-05,0.00010696699999357406,4.494999984672177e-06,96,False
4618,6.831700000020646e-05,0.00014463299999079027,7.974999988391573e-06,1.0742000000618646e-05,0.00013389099999017162,5.27700001384801e-06,96,False
4619,5.1101999986258306e-05,0.00010425900001109767,6.74800000410869e-06,9.089000002404646e-06,9.517000000869302e-05,4.7149999886642036e-06,96,False
4620,6.965400001490707e-05,0.00010485600000720297,6.8249999856107024e-06,9.994999999207721e-06,9.486100000799524e-05,4.429000000527594e-06,96,False
4621,4.3350999987978867e-05,0.00013790500000254724,6.753000008075105e-06,1.1389000007966388e-05,0.00012651599999458085,4.4720000005327165e-06,96,False
4622,4.252299999052411e-05,9.461999999871296e-05,6.16699998090553e-06,7.984999996324404e-06,8.663500000238855e-05,3.632999977298823e-06,96,False
4623,3.9157999992767145e-05,9.304599998927188e-05,5.990000005340335e-06,7.74000000092201e-06,8.530599998834987e-05,3.641999995807055e-06,96,False
4624,3.925400000071022e-05,9.260499999186322e-05,6.208999991486053e-06,7.723999999598163e-06,8.488099999226506e-05,3.7970000050790986e-06,96,False
4625,3.891000000066924e-05,0.0001269180000065262,6.32600000471939e-06,7.456000020056308e-06,0.00011946199998646989,3.5179999997581035e-06,96,False
4626,4.2737000001125125e-05,9.198800000831397e-05,5.8440000145765225e-06,7.502000016756938e-06,8.448599999155704e-05,3.706999990527038e-06,96,False
4627,3.8768999985450137e-05,9.111699998243239e-05,5.894999986821858e-06,7.691999996950472e-06,8.342499998548192e-05,3.802000009045514e-06,96,False
4628,4.296000000181266e-05,9.107500000027358e-05,5.548000018507082e-06,7.320999998228217e-06,8.375400000204536e-05,3.7260000169681007e-06,96,False
4629,3.7632000015719314e-05,8.926499998551662e-05,5.469000001312452e-06,7.296999996242448e-06,8.196799998927418e-05,3.4499999799209036e-06,96,False
4630,3.901700000596975e-05,9.000299999684103e-05,5.82499998813546e-06,7.159000006140559e-06,8.284399999070047e-05,3.4069999799157813e-06,96,False
4631,3.7254999995184335e-05,0.0001319449999925837,6.2469999875247595e-06,6.9159999895873625e-06,0.00012502900000299633,2.478999999766529e-05,96,False
4632,4.124800000226969e-05,9.304899998596738e-05,5.751000003328954e-06,8.119999989730786e-06,8.49289999962366e-05,3.719000005730777e-06,96,False
4633,3.8119000009828596e-05,8.875000000330147e-05,5.856000001358552e-06,6.968999997525316e-06,8.178100000577615e-05,3.5370000261991663e-06,96,False
4634,3.771999999457876e-05,8.91820000106236e-05,5.423999994036421e-06,7.029000016700593e-06,8.2152999993923e-05,3.666999987217423e-06,96,False
4635,3.697600001828505e-05,8.708600000773004e-05,5.44799999602219e-06,6.715000012036398e-06,8.037099999569364e-05,3.6180000222429953e-06,96,False
4636,3.7619000011090975e-05,0.0001473879999878136,8.461999982500856e-06,1.7137999975602725e-05,0.00013025000001221088,6.289999987529882e-06,96,False
4637,7.531200000698846e-05,0.00011317199999894001,7.81900001811664e-06,1.2316999999484324e-05,0.00010085499999945569,5.25400000128684e-06,96,False
4638,4.4037999998636224e-05,9.466799997426278e-05,6.142999978919761e-06,7.710000005545226e-06,8.695799996871756e-05,3.81800001036936e-06,96,False
4639,3.996300000608244e-05,9.083000000487118e-05,5.887999975584535e-06,7.1720000107688975e-06,8.365799999410228e-05,3.6379999812652386e-06,96,False
4640,4.045000000019172e-05,0.00010325499999908061,5.671999986134324e-06,7.71699998836084e-06,9.553800001071977e-05,3.724999999121792e-06,96,False
4641,4.323400000316724e-05,0.0001067660000160231,7.15800001671596e-06,8.823999991136589e-06,9.794200002488651e-05,4.119999999829815e-06,96,False
4642,4.478099998550533e-05,0.0001547749999986081,7.033999992245299e-06,2.7929999987463816e-05,0.0001268450000111443,6.9889999849692686e-06,96,False
4643,4.840400001171474e-05,9.204400001294744e-05,5.805000000691507e-06,8.170000000973232e-06,8.38740000119742e-05,3.4470000116471056e-06,96,False
4644,3.904100000795552e-05,9.127900000294176e-05,6.997000014052901e-06,7.560999989664197e-06,8.371800001327756e-05,3.573000014966965e-06,96,False
4645,3.7687999991931065e-05,8.768899999722635e-05,6.653000014011923e-06,7.095000000845175e-06,8.059399999638117e-05,3.7810000037552527e-06,96,False
4646,3.767399999787813e-05,8.80940000058672e-05,6.468000009363095e-06,7.065999994892991e-06,8.102800001097421e-05,3.60199999249744e-06,96,False
4647,3.739599998198173e-05,8.68659999753163e-05,6.286000001409775e-06,6.817000013370489e-06,8.004899996194581e-05,3.6000000136482413e-06,96,False
4648,3.648899999575406e-05,0.0001243209999870487,6.7669999737063335e-06,1.0928000023113782e-05,0.00011339299996393493,4.357999983994887e-06,96,False
4649,3.972000001795095e-05,9.040599999821097e-05,6.920000004129179e-06,7.460999995601014e-06,8.294500000260996e-05,3.869000011036405e-06,96,False
4650,4.0504999986978873e-05,8.802700000387631e-05,6.787999978996595e-06,7.0750000134012225e-06,8.095199999047509e-05,3.5660000037296413e-06,96,False
4651,3.619699998580472e-05,8.617800000365605e-05,6.186999996771192e-06,6.89600000214341e-06,7.928200000151264e-05,3.6350000129914406e-06,96,False
4652,3.664199999775519e-05,8.559099998706188e-05,6.456999983583955e-06,6.501000001435386e-06,7.908999998562649e-05,3.6449999925025622e-06,96,False
4653,3.6526999991792763e-05,0.00011615299999334638,6.681999991542398e-06,7.099999976389881e-06,0.0001090530000169565,3.4570000195799366e-06,96,False
4654,4.1323000004922505e-05,0.00010485900000389847,6.25799998488219e-06,1.0182000011127457e-05,9.467699999277102e-05,4.117000003134308e-06,96,False
4655,3.9885999996158716e-05,9.025500000348075e-05,5.63099999340011e-06,7.331999995585647e-06,8.29230000078951e-05,3.896000009717682e-06,96,False
4656,3.793099998006255e-05,8.934400000271125e-05,5.28800001120544e-06,7.170000003497989e-06,8.217399999921327e-05,3.3059999964279996e-06,96,False
4657,4.119499999433174e-05,8.878899998876477e-05,5.704999978206615e-06,7.3180000015327096e-06,8.147099998723206e-05,3.5169999819117947e-06,96,False
4658,3.697699997928794e-05,8.906700000466117e-05,5.5519999762054795e-06,7.4390000008861534e-06,8.162800000377501e-05,3.381999988505413e-06,96,False
4659,3.746800001636075e-05,8.76029999972161e-05,6.582999986903815e-06,7.280000005494003e-06,8.03229999917221e-05,3.5179999997581035e-06,96,False
4660,3.7643999974079634e-05,0.0001246300000161682,6.912000003467256e-06,1.1402000012594726e-05,0.00011322800000357347,4.4010000124217186e-06,96,False
4661,3.955100001462597e-05,8.92900000053487e-05,5.885999996735336e-06,7.0699999810130976e-06,8.22200000243356e-05,3.7570000017694838e-06,96,False
4662,3.7185999985922535e-05,8.757099999456841e-05,5.633000000671018e-06,6.796999997504827e-06,8.077399999706358e-05,3.6499999964689778e-06,96,False
4663,3.632499999639549e-05,9.759799999642382e-05,5.601999987447925e-06,7.143000004816713e-06,9.045499999160711e-05,3.507000002400673e-06,96,False
4664,3.6581999978579915e-05,8.785800000055133e-05,5.49399999272282e-06,7.4750000180756615e-06,8.038299998247567e-05,3.3990000076755678e-06,96,False
4665,3.690900001629416e-05,8.620499997391562e-05,5.074000000604428e-06,6.912999992891855e-06,7.929199998102376e-05,3.3829999779300124e-06,96,False
4666,3.7652000003163266e-05,0.0001254449999805729,5.842999996730214e-06,2.0764000026929352e-05,0.00010468099995364355,5.952000009301628e-06,96,False
4667,4.027900001801754e-05,9.145800001419957e-05,5.340999990721684e-06,7.775000000265209e-06,8.368300001393436e-05,3.7800000143306534e-06,96,False
4668,3.7106000007725015e-05,8.669999999710853e-05,6.415000001425142e-06,7.1279999929174664e-06,7.957200000419107e-05,3.409000015608399e-06,96,False
4669,3.7482999999838285e-05,8.686099999977159e-05,5.48200000594079e-06,6.7640000054325355e-06,8.009699999433906e-05,3.6080000143101643e-06,96,False
4670,3.640200000631921e-05,8.629499998846768e-05,5.524000016521313e-06,7.245999995575403e-06,7.904899999289228e-05,3.472000003057474e-06,96,False
4671,3.935699999146891e-05,8.73209999951996e-05,5.680000015217956e-06,7.3940000220318325e-06,7.992699997316777e-05,3.438999982563473e-06,96,False
4672,3.6523999995097256e-05,0.00011749099999747159,6.033999994770056e-06,7.68300000686395e-06,0.00010980799999060764,3.268999989813892e-06,96,False
4673,4.114700001878191e-05,9.182700000565092e-05,5.536000003303343e-06,8.100999991711433e-06,8.372600001393948e-05,3.7949999978081905e-06,96,False
4674,3.7505999983977745e-05,8.903200000531797e-05,5.189999995991457e-06,7.486000015433092e-06,8.154599998988488e-05,3.5200000070290116e-06,96,False
4675,7.344000002262874e-05,9.573600001999694e-05,5.8809999927689205e-06,8.406000006289105e-06,8.733000001370783e-05,4.256000011082506e-06,96,False
4676,3.8713000009238385e-05,8.965900002522176e-05,5.370999986098468e-06,6.922000011400087e-06,8.273700001382167e-05,3.641999995807055e-06,96,False
4677,3.700100000969542e-05,8.829999998738458e-05,5.376000018486593e-06,7.081999996216837e-06,8.121799999116774e-05,3.5010000090096582e-06,96,False
4678,3.67499999924803e-05,0.00012629299999389332,5.882000010615229e-06,2.0829000021649335e-05,0.00010546399997224398,5.993000002035842e-06,96,False
4679,4.245799999580413e-05,0.00014673900000161666,7.221999993589634e-06,7.891999985076836e-06,0.00013884700001653982,3.8579999852572655e-06,96,False
4680,5.551699999273296e-05,9.753300000170384e-05,5.641000001332941e-06,8.698000016238439e-06,8.88349999854654e-05,4.458000006479779e-06,96,False
4681,3.8666999984116046e-05,9.025699998232994e-05,6.5769999935128e-06,7.570999997597028e-06,8.268599998473292e-05,3.4370000037142745e-06,96,False
4682,4.2575999998462066e-05,8.862500001782792e-05,6.548999976985215e-06,7.570000008172428e-06,8.105500000965549e-05,3.870000000461005e-06,96,False
4683,3.754299999059185e-05,8.741999999983818e-05,6.054000010635718e-06,7.428000003528723e-06,7.999199999630946e-05,3.603999999768348e-06,96,False
4684,0.00010909200000241981,9.896800000319672e-05,7.396000000881031e-06,8.6500000122669e-06,9.031799999092982e-05,4.197000009753538e-06,96,False
4685,4.419999999072388e-05,9.260400000243862e-05,5.962299999850984e-05,7.846999977800806e-06,8.475700002463782e-05,4.036999996515078e-06,96,False
4686,0.00014737600000103157,0.00010847100000432874,8.151000002953879e-06,1.0864000017818398e-05,9.760699998651035e-05,4.934000003231631e-06,96,False
4687,4.140600000823724e-05,9.259199998723489e-05,6.722999984276612e-06,7.845999988376207e-06,8.474599999885868e-05,3.6459999819271616e-06,96,False
4688,3.946199998949851e-05,0.00012828599997760648,7.153000012749544e-06,1.1187000012569115e-05,0.00011709899996503736,4.38800000779338e-06,96,False
4689,4.098699997712174e-05,9.085900001082337e-05,5.985000001373919e-06,8.059999998977219e-06,8.279900001184615e-05,3.771000024244131e-06,96,False
4690,3.811700000255769e-05,8.920400000533846e-05,6.2649999961195135e-06,7.366999994928847e-06,8.183700001040961e-05,3.426000006356844e-06,96,False
4691,3.7903000020378386e-05,0.00013161799998329116,6.917999996858271e-06,7.0320000133961e-06,0.00012458599996989506,3.4759999891775806e-06,96,False
4692,4.2396999987204254e-05,9.159900000099697e-05,6.186999996771192e-06,7.723999999598163e-06,8.38750000013988e-05,3.6589999865555e-06,96,False
4693,3.781899999921734e-05,8.871699998280747e-05,6.328000011990298e-06,7.68199998901764e-06,8.103499999378982e-05,3.4839999898395035e-06,96,False
4694,3.678199999512799e-05,8.783499998799016e-05,6.0609999934513326e-06,7.366999994928847e-06,8.046799999306131e-05,3.4519999871918117e-06,96,False
4695,3.619099999241371e-05,8.84819999953379e-05,6.095999992794532e-06,7.504999985030736e-06,8.097700001030717e-05,3.201999987823001e-06,96,False
4696,3.660099997659927e-05,8.643600000368679e-05,5.9070000020255975e-06,7.284000020035819e-06,7.915199998365097e-05,3.405999990491182e-06,96,False
4697,3.598199998577911e-05,0.00010965200002033271,6.859999984953902e-06,7.324000023345434e-06,0.00010232799999698727,3.4669999990910583e-06,96,False
4698,4.7386000005644746e-05,9.281300000907322e-05,6.581999997479215e-06,7.702999994307902e-06,8.511000001476532e-05,4.033999999819571e-06,96,False
4699,4.085200001213707e-05,8.958399999414723e-05,6.112000022540087e-06,7.623999977113272e-06,8.196000001703396e-05,3.5239999931491184e-06,96,False
4700,6.958099999110345e-05,0.00011930600001619496,9.315999989212287e-06,1.2190000006739865e-05,0.00010711600000945509,5.908999980874796e-06,96,False
4701,4.531900000870337e-05,9.584000000018023e-05,6.758000012041521e-06,8.421000018188352e-06,8.741899998199187e-05,4.246000003149675e-06,96,False
4702,3.887799999802155e-05,9.029899999291047e-05,6.831000007423427e-06,7.742999997617517e-06,8.255599999529295e-05,3.7529999872276676e-06,96,False
4703,3.8109999991320365e-05,0.00012072599997736688,8.694999991121222e-06,1.3269999982412628e-05,0.00010745599999495425,5.643999998028448e-06,96,False
4704,4.6248000018067614e-05,9.458399998152345e-05,6.773999984943657e-06,8.188999998992585e-06,8.639499998253086e-05,3.93199999848548e-06,96,False
4705,3.8770000003296445e-05,8.882099999141246e-05,6.614000000126907e-06,7.544999988340351e-06,8.127600000307211e-05,3.705000011677839e-06,96,False
4706,3.849300000524636e-05,8.709799999451207e-05,6.568999992850877e-06,7.549000002882167e-06,7.95489999916299e-05,3.512999995791688e-06,96,False
4707,3.7608999974736435e-05,8.772499998599415e-05,6.358000007367082e-06,7.2169999896232184e-06,8.050799999637093e-05,3.203999995093909e-06,96,False
4708,3.80889999860301e-05,0.0001272029999768165,7.490999990977798e-06,7.197000002179266e-06,0.00012000599997463723,3.5949999812601163e-06,96,False
4709,5.0601999987520685e-05,9.612699997774143e-05,6.619999993517922e-06,8.54900000035741e-06,8.757799997738402e-05,4.494000023669287e-06,96,False
4710,3.82270000045537e-05,8.851900000195201e-05,6.624000008059738e-06,7.836000008865085e-06,8.068299999308692e-05,3.6110000110056717e-06,96,False
4711,3.769200000647288e-05,8.800400001973685e-05,6.073999998079671e-06,7.55700000354409e-06,8.044700001619276e-05,3.4690000063619664e-06,96,False
4712,3.626500000564192e-05,8.759499999655418e-05,5.936000007977782e-06,7.312000008141695e-06,8.028299998841248e-05,3.3119999898190144e-06,96,False
4713,3.700600001366183e-05,9.230700001694458e-05,5.880000003344321e-06,7.149999987632327e-06,8.515700002931226e-05,3.5860000195953035e-06,96,False
4714,4.0457000011429045e-05,8.825099999398844e-05,2.195199999732722e-05,7.170999992922589e-06,8.108000000106586e-05,3.54499999843938e-06,96,False
4715,5.4657999982055117e-05,9.616899998832196e-05,6.380999991506542e-06,8.518999976558916e-06,8.765000001176304e-05,4.2210000117393065e-06,96,False
4716,3.8224999997282794e-05,8.890899999869362e-05,6.450000000768341e-06,7.503000006181537e-06,8.140599999251208e-05,3.732999999783715e-06,96,False
4717,3.6489999985178656e-05,8.667800000239367e-05,6.2889999981052824e-06,7.234000008793373e-06,7.94439999936003e-05,3.230000004350586e-06,96,False
4718,3.7665999997216204e-05,8.720099998527076e-05,6.50800001267271e-06,6.557000006068847e-06,8.064399997920191e-05,3.314999986514522e-06,96,False
4719,3.726399998527086e-05,8.914000000004307e-05,6.557000006068847e-06,7.10099999423619e-06,8.203900000580688e-05,3.9889999925435404e-06,96,False
4720,3.69969999951536e-05,8.872099999734928e-05,6.643999995503691e-06,6.475000020600419e-06,8.224599997674886e-05,3.808000002436529e-06,96,False
4721,6.733600000075057e-05,9.674700001482961e-05,7.023999984312468e-06,8.629999996401239e-06,8.811700001842837e-05,4.378999989285148e-06,96,False
4722,3.949699998884171e-05,9.162000000628723e-05,6.469999988212294e-06,7.757999981095054e-06,8.386200002519217e-05,4.076999999824693e-06,96,False
4723,3.7631999987297604e-05,8.740799998463444e-05,6.159999998089916e-06,7.188000012092743e-06,8.02199999725417e-05,3.607999985888455e-06,96,False
4724,3.6558999994440455e-05,0.00011856700001544596,6.616000007397815e-06,6.947000002810455e-06,0.0001116200000126355,6.224999992809899e-06,96,False
4725,4.0434999988292475e-05,8.975400001531852e-05,6.1890000040421e-06,7.855000006884438e-06,8.189900000843409e-05,3.5380000156237656e-06,96,False
4726,3.722900001434937e-05,0.0001063450000060584,7.341000014093879e-06,7.656999997607272e-06,9.868800000845113e-05,3.595999999106425e-06,96,False
4727,5.200999999033229e-05,0.00010070100000802995,6.847999998171872e-06,8.530000002338056e-06,9.21710000056919e-05,4.2659999905936274e-06,96,False
4728,3.8179000000582164e-05,9.111500000358319e-05,6.522999996150247e-06,7.67000000223561e-06,8.344500000134758e-05,3.5559999957968103e-06,96,False
4729,3.802000000519001e-05,9.036299999820585e-05,6.48599998953614e-06,7.557999992968689e-06,8.280500000523716e-05,3.6530000215861946e-06,96,False
4730,3.8042999989329473e-05,8.895799999208975e-05,6.630000001450753e-06,7.514999992963567e-06,8.144299999912619e-05,3.577999990511671e-06,96,False
4731,3.752099999587699e-05,8.817200000521552e-05,6.229999996776314e-06,6.815000006099581e-06,8.135699999911594e-05,3.4759999891775806e-06,96,False
4732,3.682700000240402e-05,0.00024513599998954305,1.5384000022322653e-05,7.756000002245855e-06,0.0002373799999872972,3.6479999891980697e-06,96,False
4733,0.00011968699999442833,0.0001611059999788722,9.52799999254239e-06,1.6375000001289663e-05,0.00014473099997758254,7.68300000686395e-06,96,False
4734,5.4771999998592946e-05,0.00010978000000250177,8.293999997022183e-06,9.77900000975751e-06,0.00010000099999274425,4.273000001830951e-06,96,False
4735,4.6690999994325466e-05,0.00010049800002320808,7.758000009516763e-06,8.250000007592462e-06,9.224800001561562e-05,4.036000007090479e-06,96,False
4736,4.335600002036699e-05,9.656000000290987e-05,6.977999987611838e-06,8.019999995667604e-06,8.854000000724227e-05,3.6069999964638555e-06,96,False
4737,4.159900001354799e-05,9.51230000225678e-05,6.600000006073969e-06,7.434999986344337e-06,8.768800003622346e-05,3.6730000090301473e-06,96,False
4738,4.11819999897034e-05,9.324999999194006e-05,6.983999981002853e-06,7.181999990280019e-06,8.606800000166004e-05,3.7609999878895906e-06,96,False
4739,3.902699998548087e-05,0.000368345000026693,1.4095000011593584e-05,2.933999999754633e-05,0.0003390050000291467,9.918000017705708e-06,96,False
4740,9.320899999920584e-05,0.0001420779999818933,8.612000016228194e-06,1.4446999983874775e-05,0.00012763099999801852,5.807000007962415e-06,96,False
4741,5.531499999733569e-05,0.00012025499998458145,7.489000012128599e-06,9.69999999256288e-06,0.00011055499999201857,4.22800002297663e-06,96,False
4742,4.750400000830268e-05,0.00011968600000500373,7.328000009465541e-06,1.1548000003358538e-05,0.0001081380000016452,4.833999980746739e-06,96,False
4743,4.6635000018113715e-05,9.922799998207665e-05,6.512999988217416e-06,8.083000011538388e-06,9.114499997053827e-05,3.7860000077216682e-06,96,False
4744,4.252799999449053e-05,9.541299999682451e-05,6.247000015946469e-06,7.906000007551484e-06,8.750699998927303e-05,3.719000005730777e-06,96,False
4745,4.0753000007498486e-05,9.543400000211477e-05,5.861000005324968e-06,7.877999991023898e-06,8.755600001109087e-05,3.8040000163164223e-06,96,False
4746,4.442200000198682e-05,9.201700001426616e-05,5.775000005314723e-06,7.683999996288549e-06,8.433300001797761e-05,3.7629999951604987e-06,96,False
4747,3.976799999350078e-05,0.00012014500001100714,6.745000007413182e-06,7.640999996283426e-06,0.00011250400001472372,3.632000016295933e-06,96,False
4748,4.630199998700846e-05,9.7446000012269e-05,5.752999982178153e-06,8.355999995046659e-06,8.909000001722234e-05,4.152000002477507e-06,96,False
4749,3.9452999999411986e-05,0.00010619899998687288,5.904999994754689e-06,7.43199998964883e-06,9.876699999722405e-05,3.4899999832305184e-06,96,False
4750,3.927500000600048e-05,9.042400000680573e-05,6.081999998741594e-06,7.726999996293671e-06,8.269700001051206e-05,3.648999978622669e-06,96,False
4751,3.781799998137103e-05,8.893599999737489e-05,5.815000008624338e-06,7.482999990315875e-06,8.145300000705902e-05,3.591000023561719e-06,96,False
4752,4.006300000014562e-05,0.00011495000001104927,6.256000006032991e-06,1.0787999997319275e-05,0.00010416200001373,4.275000009101859e-06,96,False
4753,4.159399998115987e-05,0.00010480299999926501,6.138000003375055e-06,9.930000004487738e-06,9.487299999477727e-05,4.152000002477507e-06,96,False
4754,4.0515999984336304e-05,9.089400001016656e-05,5.3999999920506525e-06,8.006999991039265e-06,8.28870000191273e-05,3.7599999984649912e-06,96,False
4755,3.869400001121903e-05,8.846200000789395e-05,5.651999998690371e-06,7.081000006792237e-06,8.138100000110171e-05,3.5280000076909346e-06,96,False
4756,4.589799999621391e-05,9.479299998815804e-05,7.109999984322712e-06,7.267999990290264e-06,8.752499999786778e-05,3.3279999911428604e-06,96,False
4757,4.0353000002824047e-05,8.92179999993914e-05,4.535200000077566e-05,7.553999978426873e-06,8.166400002096452e-05,3.483000000414904e-06,96,False
4758,4.5301000000108615e-05,0.0001318829999945592,8.042000018804174e-06,7.726999996293671e-06,0.00012415599999826554,3.6270000123295176e-06,96,False
4759,4.7741000003043155e-05,9.636100000420811e-05,7.1300000001883745e-06,8.222999980489476e-06,8.813800002371863e-05,4.2390000203340605e-06,96,False
4760,3.8518000025078436e-05,9.071499999890875e-05,6.5059999769800925e-06,7.73900001149741e-06,8.297599998741134e-05,3.817000020944761e-06,96,False
4761,3.803399999924295e-05,8.867700000791956e-05,6.419999976969848e-06,7.395000011456432e-06,8.128199999646313e-05,3.3050000070034002e-06,96,False
4762,3.748499997868748e-05,8.895999999936066e-05,6.182000021226486e-06,7.081000006792237e-06,8.187899999256842e-05,3.536999997777457e-06,96,False
4763,3.803500001708926e-05,8.85879999827921e-05,6.248000005371068e-06,7.005000014714824e-06,8.158299996807727e-05,3.515000003062596e-06,96,False
4764,3.710200002160491e-05,0.00011249100001009538,7.0389999962117145e-06,7.302000000208864e-06,0.00010518900000988651,3.3039999891570915e-06,96,False
4765,4.717699999901015e-05,9.455000000002656e-05,6.2100000093323615e-06,8.191000006263494e-06,8.635899999376306e-05,4.121999978679014e-06,96,False
4766,3.820999998538355e-05,8.909799998946255e-05,6.556000016644248e-06,7.164999999531574e-06,8.193299998993098e-05,3.5500000024057954e-06,96,False
4767,3.842199998871365e-05,8.856200000195713e-05,6.592999994836646e-06,7.003999996868515e-06,8.155800000508862e-05,3.935999984605587e-06,96,False
4768,3.740000002494526e-05,8.673300001760254e-05,6.286000001409775e-06,6.8790000113949645e-06,7.985400000620757e-05,3.2709999970848003e-06,96,False
4769,3.6810000011655575e-05,0.00016765899999882095,8.03599999699145e-06,6.799999994200334e-06,0.0001608590000046206,3.5479999951348873e-06,96,False
4770,5.5422000002636196e-05,0.00010714200001871177,7.425000006833216e-06,1.0757000012517892e-05,9.638500000619388e-05,5.150000021103551e-06,96,False
4771,4.196999998384854e-05,0.00010473800000454503,6.295999980920897e-06,7.734000007530994e-06,9.700399999701403e-05,3.93299998791008e-06,96,False
4772,3.963000000339889e-05,9.135799999171468e-05,5.734999973583399e-06,7.672999998931118e-06,8.368499999278356e-05,3.3820000169271225e-06,96,False
4773,3.767399999787813e-05,9.377000000654334e-05,9.691999991900957e-06,7.382000006828093e-06,8.638799999971525e-05,3.462999984549242e-06,96,False
4774,7.671799997410744e-05,0.00011040100000059283,6.718999998156505e-06,9.89299999787363e-06,0.0001005080000027192,5.372000003944777e-06,96,False
4775,6.97739999964142e-05,0.0001067670000054477,6.791999993538411e-06,1.047500001050139e-05,9.629199999494631e-05,4.713999999239604e-06,96,False
4776,4.250000000638465e-05,9.434699998678298e-05,6.250000012641976e-06,8.280000002969246e-06,8.606699998381373e-05,3.813999995827544e-06,96,False
4777,3.936599998155543e-05,9.429199999999582e-05,6.823999996186103e-06,7.765000020754087e-06,8.652699997924174e-05,3.8919999951758655e-06,96,False
4778,3.885499998546038e-05,9.001300000477386e-05,5.968000010625474e-06,7.124999996221959e-06,8.28880000085519e-05,3.4539999944627198e-06,96,False
4779,3.767300000845353e-05,0.000329442999998264,7.310000000870787e-06,6.902000023956134e-06,0.00032254099997430785,3.5840000123243954e-06,96,False
4780,5.343099999777223e-05,0.00010122599999817794,6.01799999344621e-06,8.7200000109533e-06,9.250599998722464e-05,4.7389999906499725e-06,96,False
4781,4.055100001210121e-05,9.082100001478466e-05,5.619999996042679e-06,7.804000006217393e-06,8.301700000856727e-05,3.7339999892083142e-06,96,False
4782,4.042500000878135e-05,8.869999999205902e-05,5.774999976893014e-06,7.1300000001883745e-06,8.156999999187065e-05,3.6449999925025622e-06,96,False
4783,3.7653999982012465e-05,0.00033853799999405965,1.359800000955147e-05,2.6532999982009642e-05,0.00031200500001205,9.25599999845872e-06,96,False
4784,7.213399999272951e-05,0.00010280200001488993,7.437000022036955e-06,9.028999983229369e-06,9.377300003166056e-05,4.700999994611266e-06,96,False
4785,4.2909999990570213e-05,9.327099999723032e-05,7.765000020754087e-06,7.434999986344337e-06,8.583600001088598e-05,3.86400000706999e-06,96,False
4786,4.177299999241768e-05,9.269500000641528e-05,6.259999992153098e-06,7.778999986385315e-06,8.491600002002997e-05,3.5420000017438724e-06,96,False
4787,4.036999999357249e-05,9.256600000639992e-05,6.132999999408639e-06,7.878000019445608e-06,8.468799998695431e-05,3.684999995812177e-06,96,False
4788,3.947900000866866e-05,9.13640000135274e-05,5.815000008624338e-06,7.541999991644843e-06,8.382200002188256e-05,3.5340000010819494e-06,96,False
4789,3.823700001248653e-05,9.18560000116031e-05,5.986999980223118e-06,6.914000010738164e-06,8.494200000086494e-05,3.4819999825685954e-06,96,False
4790,3.7848999994594124e-05,8.910699997954907e-05,6.059000014602134e-06,7.524000011471799e-06,8.158299996807727e-05,3.7279999958172994e-06,96,False
4791,3.7585000001172375e-05,0.00010581399999409768,5.7009999920865084e-06,6.97500001933804e-06,9.883899997475964e-05,3.4799999752976873e-06,96,False
4792,3.9284999985511604e-05,0.00032049199998596123,1.6912000006641392e-05,2.9654000002210523e-05,0.0002908379999837507,1.1066000013215671e-05,96,False
4793,9.291500001040731e-05,0.0001312050000024101,9.029000011651078e-06,1.2400000002799061e-05,0.00011880499999961103,5.268999984764378e-06,96,False
4794,5.692299998827366e-05,0.00011544699998466967,8.387999997694351e-06,1.0245999988001131e-05,0.00010520099999666854,4.598000003852576e-06,96,False
4795,5.129300001271986e-05,0.00011160200000404075,8.266000008916308e-06,9.993999981361412e-06,0.00010160800002267933,4.556999982696652e-06,96,False
4796,5.1331000008758565e-05,0.0001065579999988131,8.341000011569122e-06,8.838000013611236e-06,9.771999998520187e-05,4.3569999945702875e-06,96,False
4797,4.8209999988557684e-05,0.00012082699998927637,9.248999987221396e-06,9.44999999319407e-06,0.0001113769999960823,4.4679999859909e-06,96,False
4798,5.705600000283084e-05,0.00011595399999464462,9.131000012985169e-06,9.48299998526636e-06,0.00010647100000937826,4.668999991963574e-06,96,False
4799,5.0157000003991925e-05,0.00014251800001829906,7.718000006207149e-06,1.1798000002727349e-05,0.0001307200000155717,4.806000021062573e-06,96,False
4800,4.527499999085194e-05,9.633599998437603e-05,7.199999998874773e-06,7.957999997643128e-06,8.83779999867329e-05,3.747000022258362e-06,96,False
4801,4.162700000165387e-05,9.440299999141644e-05,6.990999992240177e-06,7.630999988350595e-06,8.677200000306584e-05,3.5869999805981934e-06,96,False
4802,4.0675000008150164e-05,9.36520000038854e-05,6.602999974347767e-06,7.549000002882167e-06,8.610300000100324e-05,3.682999988541269e-06,96,False
4803,4.026900001008471e-05,0.0001477000000136286,9.74599998926351e-06,1.6780999999355117e-05,0.00013091900001427348,6.0609999934513326e-06,96,False
4804,5.148200000348879e-05,9.932200001117053e-05,7.355999997571416e-06,8.540999999695487e-06,9.078100001147504e-05,4.05800000180534e-06,96,False
4805,4.2782000008401155e-05,9.177600000498387e-05,6.968999997525316e-06,7.662000001573688e-06,8.411400000341018e-05,3.79599998723279e-06,96,False
4806,4.0890999997600375e-05,9.235400000306981e-05,6.094000013945333e-06,7.947999989710297e-06,8.440600001335952e-05,3.5420000017438724e-06,96,False
4807,3.950499998950363e-05,9.362900001974594e-05,5.914000013262921e-06,7.8760000121747e-06,8.575300000757125e-05,3.4390000109851826e-06,96,False
4808,4.028200001471305e-05,9.347799999659401e-05,6.706999982952766e-06,7.729999992989178e-06,8.574800000360483e-05,3.792000001112683e-06,96,False
4809,3.896800001257361e-05,9.34020000045166e-05,5.993000002035842e-06,6.6180000146687235e-06,8.678399998984787e-05,3.7389999931747298e-06,96,False
4810,3.827599999794984e-05,0.00015442400001575152,8.342000000993721e-06,7.092999993574267e-06,0.00014733100002217725,3.5840000123243954e-06,96,False
4811,6.626699999401353e-05,0.00010301899999376474,7.61399999760215e-06,9.26600000639155e-06,9.375299998737319e-05,4.566000001204884e-06,96,False
4812,4.196699998715303e-05,0.0001011779999942064,1.9724999987147385e-05,8.397000016202583e-06,9.278099997800382e-05,4.1429999839692755e-06,96,False
4813,5.4079999983969174e-05,9.807800000771749e-05,6.558000023915156e-06,8.504999982505979e-06,8.957300002521151e-05,4.122999996525323e-06,96,False
4814,4.023899998628622e-05,9.211100001493833e-05,5.924999982198642e-06,7.835999980443376e-06,8.427500003449495e-05,3.587999998444502e-06,96,False
4815,3.94230000040352e-05,9.138800001551317e-05,6.511999998792817e-06,7.430000010799631e-06,8.395800000471354e-05,3.330000026835478e-06,96,False
4816,4.216900001097201e-05,9.559399998693152e-05,6.823999996186103e-06,7.379999999557185e-06,8.821399998737434e-05,3.54499999843938e-06,96,False
4817,4.06190000035167e-05,9.689899999898444e-05,6.6229999902134296e-06,7.2450000061508035e-06,8.965399999283363e-05,3.6110000110056717e-06,96,False
4818,3.8885999998683474e-05,8.940999998685584e-05,6.3070000067000365e-06,7.6290000095013966e-06,8.178099997735444e-05,3.3889999997427367e-06,96,False
4819,3.702199998656397e-05,8.88339999960408e-05,6.224000003385299e-06,7.471999992958445e-06,8.136200000308236e-05,3.141000007644834e-06,96,False
4820,3.6240000014231555e-05,0.00012036900000111928,9.230999978626642e-06,1.2615999992249272e-05,0.00010775300000887,5.570000013221943e-06,96,False
4821,4.6293999986346535e-05,0.0001529059999825222,8.563999983834947e-06,3.159199999913653e-05,0.00012131399998338566,7.623000016110382e-06,96,False
4822,4.626800000551157e-05,9.624099999427926e-05,7.1589999777188496e-06,8.573000002343178e-06,8.766799999193609e-05,3.947000010384727e-06,96,False
4823,3.9667000010013e-05,9.068600002137828e-05,6.600000006073969e-06,7.497000012790522e-06,8.318900000858775e-05,3.6160000149720872e-06,96,False
4824,3.827199998340802e-05,8.990400002062415e-05,6.073999998079671e-06,7.723999999598163e-06,8.218000002102599e-05,3.713000012339762e-06,96,False
4825,3.8928000009264e-05,8.85519999940243e-05,6.198999983553222e-06,7.197000002179266e-06,8.135499999184503e-05,3.8659999859191885e-06,96,False
4826,3.9159000010613454e-05,8.924299999080176e-05,6.039999988161071e-06,7.3520000114513095e-06,8.189099997935045e-05,3.5399999944729643e-06,96,False
4827,4.045900001869995e-05,8.768199998598902e-05,6.267999992815021e-06,7.285000009460418e-06,8.03969999765286e-05,3.6209999905167933e-06,96,False
4828,3.61189999864564e-05,8.77770000045075e-05,6.457000012005665e-06,6.7379999961758585e-06,8.103900000833164e-05,3.56799998257884e-06,96,False
4829,3.676000000041313e-05,8.724200000642668e-05,6.172000013293655e-06,6.7119999869191815e-06,8.05300000195075e-05,3.555000006372211e-06,96,False
4830,3.6821999998437605e-05,8.620099998779551e-05,4.4093000013845085e-05,6.920999993553778e-06,7.927999999424173e-05,3.4489999904963042e-06,96,False
4831,4.24800000189407e-05,8.899099998416204e-05,6.888000001481487e-06,7.07800001009673e-06,8.191299997406531e-05,3.868000021611806e-06,96,False
4832,3.740500000048996e-05,8.827799999266972e-05,6.828000010727919e-06,7.1019999836607894e-06,8.117600000900893e-05,3.7400000110210385e-06,96,False
4833,3.7084000013010154e-05,0.00014500300000008792,6.936999994877624e-06,2.278399998090208e-05,0.00012221900001918584,4.767999996602157e-06,96,False
4834,4.092699998636817e-05,9.188499998913358e-05,6.334000005381313e-06,7.834999991018776e-06,8.40499999981148e-05,3.90900001434602e-06,96,False
4835,4.0240000004132526e-05,9.508300001925818e-05,6.775000002789966e-06,8.11600000361068e-06,8.69670000156475e-05,3.7300000030882074e-06,96,False
4836,3.9932000021281056e-05,0.00010004899999671579,6.42899999547808e-06,8.573000002343178e-06,9.147599999437261e-05,3.753000015649377e-06,96,False
4837,4.0845999990324344e-05,9.401699998079494e-05,6.039999988161071e-06,8.482999987791118e-06,8.553399999300382e-05,3.832000004422298e-06,96,False
4838,3.722900001434937e-05,8.878200000594916e-05,6.239000015284546e-06,7.1199999922555435e-06,8.166200001369361e-05,3.781999993179852e-06,96,False
4839,3.7926000004517846e-05,8.827999999994063e-05,6.323999997448482e-06,7.259000000203741e-06,8.102099999973689e-05,3.5850000017489947e-06,96,False
4840,3.705599999648257e-05,8.980600000541017e-05,6.020999990141718e-06,7.779000014807025e-06,8.202699999060314e-05,3.668000005063732e-06,96,False
4841,4.074000000287015e-05,9.162200001355814e-05,6.083999977590793e-06,7.301000010784264e-06,8.432100000277387e-05,3.607999985888455e-06,96,False
4842,3.919900001392307e-05,9.123999998905674e-05,5.8100000046579225e-06,7.079999988945929e-06,8.416000000011081e-05,3.4999999911633495e-06,96,False
4843,3.8201999984721624e-05,8.980700002325648e-05,5.8969999940927664e-06,7.070999998859406e-06,8.273600002439707e-05,3.6739999984547467e-06,96,False
4844,3.725199999848883e-05,9.751700000038e-05,6.572999978970984e-06,7.999999979801942e-06,8.951700002057805e-05,3.864999996494589e-06,96,False
4845,3.7356000007093826e-05,0.00013493199998038108,7.2610000074746495e-06,1.0900999996010796e-05,0.00012403099998437028,4.7049999807313725e-06,96,False
4846,4.693400001087866e-05,9.803599999713697e-05,6.4609999981257715e-06,8.647000015571393e-06,8.938899998156558e-05,4.470999982686408e-06,96,False
4847,3.767800001241994e-05,0.00011200299999813979,7.314000015412603e-06,7.205999992265788e-06,0.000104797000005874,3.620000001092194e-06,96,False
4848,4.500999997958388e-05,9.316899999589623e-05,5.377999997335792e-06,7.804999995641992e-06,8.536400000025424e-05,4.227999994554921e-06,96,False
4849,3.740700000776087e-05,8.766799999193609e-05,5.356000002620931e-06,7.199000009450174e-06,8.046899998248591e-05,3.888000009055759e-06,96,False
4850,3.673200001230725e-05,8.879200001388199e-05,6.205999994790545e-06,7.643000003554334e-06,8.114900001032765e-05,3.617999993821286e-06,96,False
4851,3.713399999583089e-05,8.84119999966515e-05,6.10999998684747e-06,7.232999990947064e-06,8.117900000570444e-05,3.814999985252143e-06,96,False
4852,3.72799999865947e-05,8.700800000838171e-05,6.311000021241853e-06,6.745000007413182e-06,8.026300000096853e-05,3.6920000070495007e-06,96,False
4853,3.6742999981242974e-05,8.75319999806834e-05,6.149000000732485e-06,7.512000024689769e-06,8.001999995599363e-05,3.4050000010665826e-06,96,False
4854,3.611099998579448e-05,8.761500001241984e-05,6.1450000146123784e-06,7.018000019343162e-06,8.059699999307668e-05,3.3170000222071394e-06,96,False
4855,4.221599999709724e-05,8.900599999606129e-05,6.172000013293655e-06,7.2060000206874975e-06,8.17999999753738e-05,3.7519999978030683e-06,96,False
4856,3.687000000240914e-05,8.636100000103397e-05,6.144999986190669e-06,7.222999983014233e-06,7.913800001801974e-05,3.491000001076827e-06,96,False
4857,3.623699998911434e-05,0.00013185500000645334,6.6200000219396316e-06,7.152999984327835e-06,0.0001247020000221255,3.383999995776321e-06,96,False
4858,4.008499999486048e-05,9.232200000042212e-05,5.934999990131473e-06,8.244000014201447e-06,8.407799998622068e-05,3.541000012319273e-06,96,False
4859,3.808099998536818e-05,8.807599999727245e-05,5.98399998352761e-06,7.2109999962322036e-06,8.086500000104024e-05,3.413999991153105e-06,96,False
4860,3.849199998740005e-05,9.74470000016936e-05,6.380999991506542e-06,7.64899999694535e-06,8.979800000474825e-05,3.6530000215861946e-06,96,False
4861,4.130900001086957e-05,9.679100000425933e-05,6.8009999836249335e-06,7.793000008859963e-06,8.899799999539937e-05,3.993000007085357e-06,96,False
4862,4.092199998240176e-05,0.00010053099998685866,7.963000001609544e-06,8.477999983824702e-06,9.205300000303396e-05,4.005999983291986e-06,96,False
4863,4.256899998722474e-05,0.00010563399999341527,7.428000003528723e-06,8.383000022149645e-06,9.725099997126563e-05,4.022000013037541e-06,96,False
4864,4.2452999991837714e-05,0.0001056780000112667,7.56800000090152e-06,9.140000003071691e-06,9.653800000819501e-05,4.413999988628348e-06,96,False
4865,4.0925999996943574e-05,0.00010327600000437087,6.148000011307886e-06,8.725999975922605e-06,9.455000002844827e-05,4.024999981311339e-06,96,False
4866,3.584399999567722e-05,9.020100000611819e-05,5.8990000013636745e-06,7.543999998915751e-06,8.265700000720244e-05,4.119999999829815e-06,96,False
4867,3.758000002562767e-05,8.741999999983818e-05,6.097000010640841e-06,7.49900002006143e-06,7.992099997977675e-05,3.547000005710288e-06,96,False
4868,3.722900001434937e-05,8.659700000634984e-05,6.261000009999407e-06,6.5079999842510006e-06,8.008900002209884e-05,3.4619999951246427e-06,96,False
4869,4.014399999618945e-05,0.00010339900001099522,7.264000004170157e-06,1.0290000005852562e-05,9.310900000514266e-05,4.530000012437085e-06,96,False
4870,3.973100001530838e-05,9.198199998650125e-05,6.834000004118934e-06,8.327000017516184e-06,8.365499996898507e-05,3.61300001827658e-06,96,False
4871,3.781899999921734e-05,9.151400001883303e-05,6.318000004057467e-06,7.2970000246641575e-06,8.421699999416887e-05,4.388999997217979e-06,96,False
4872,3.8350000011178054e-05,8.810400001380003e-05,6.310000003395544e-06,7.076999992250421e-06,8.102700002154961e-05,3.6270000123295176e-06,96,False
4873,3.963000000339889e-05,9.550699999749668e-05,6.1290000132885325e-06,7.4939999876733054e-06,8.801300000982337e-05,3.7099999872225453e-06,96,False
4874,4.459799998812741e-05,9.188999999309999e-05,6.471999995483202e-06,8.387999997694351e-06,8.350199999540564e-05,3.741000000445638e-06,96,False
4875,3.97010000199316e-05,9.244900002158829e-05,6.872000000157641e-06,7.551999999577674e-06,8.489700002201062e-05,3.827999989880482e-06,96,False
4876,3.863100002376996e-05,9.734600001820581e-05,6.433999999444495e-06,8.680999997068284e-06,8.866500002113753e-05,4.332999992584519e-06,96,False
4877,4.0205000004789326e-05,9.429199999999582e-05,6.577999982937399e-06,7.312000008141695e-06,8.697999999185413e-05,4.339000014397243e-06,96,False
4878,3.8940999985470626e-05,8.88680000059594e-05,6.799999994200334e-06,6.934999987606716e-06,8.193300001835269e-05,3.523000003724519e-06,96,False
4879,3.8247999981422254e-05,8.825500000853026e-05,6.482999992840632e-06,6.82700002130332e-06,8.142799998722694e-05,3.410000005032998e-06,96,False
4880,3.7221000013687444e-05,9.249500001828892e-05,6.591000015987447e-06,7.1540000021741434e-06,8.534100001611478e-05,3.7570000017694838e-06,96,False
4881,5.6017999980895183e-05,0.00011148799998750292,7.248000002846311e-06,1.1096999998017054e-05,0.00010039099998948586,5.366000010553762e-06,96,False
4882,4.4606000017211045e-05,9.864700001571691e-05,6.829999989577118e-06,8.543999996390994e-06,9.010300001932592e-05,4.321000005802489e-06,96,False
4883,8.838699997681942e-05,0.00022058499999388914,1.579700000320372e-05,2.9363999999532098e-05,0.00019122099999435704,1.1402000012594726e-05,96,False
4884,7.313199998293385e-05,0.00013421099998822683,8.906999994451326e-06,1.4200999999047781e-05,0.00012000999998917905,5.47100000858336e-06,96,False
4885,5.421800000249277e-05,0.00010983300001043972,8.205000000316431e-06,9.933999990607845e-06,9.989900001983187e-05,4.30800000117415e-06,96,False
4886,4.879299999061004e-05,0.00013298100000724844,8.70899998517416e-06,8.82100002286279e-06,0.00012415999998438565,4.410000002508241e-06,96,False
4887,0.00013628799999310104,0.0003124289999902885,1.11129999993409e-05,3.042299999833631e-05,0.0002820059999919522,9.815999987949908e-06,96,False
4888,0.000132581000002574,0.0002701950000130182,1.2638000015385842e-05,2.5400999987823525e-05,0.0002447940000251947,8.747999999059175e-06,96,False
4889,0.00011135899998748755,0.00012771499999075786,1.3311000003568552e-05,1.1052999980165623e-05,0.00011666200001059224,7.417999995595892e-06,96,False
4890,6.624200000260316e-05,0.00011093200001255354,8.072000014180958e-06,9.744000010414311e-06,0.00010118800000213923,4.919999980756984e-06,96,False
4891,4.5483000008061936e-05,0.00010119300000610565,7.874000004903792e-06,8.86800000898802e-06,9.232499999711763e-05,4.288000013730198e-06,96,False
4892,4.3784999974150196e-05,9.92770000038945e-05,7.67099999166021e-06,8.358999991742166e-06,9.091800001215233e-05,3.880999997818435e-06,96,False
4893,4.344900000319285e-05,9.827400000972375e-05,7.818000000270331e-06,8.330999975214581e-06,8.994300003450917e-05,4.224000008434814e-06,96,False
4894,4.295799999454175e-05,9.623899998700836e-05,7.257000021354543e-06,8.05900000955262e-06,8.817999997745574e-05,4.0459999866016005e-06,96,False
4895,6.52370000011615e-05,0.0001234079999790083,7.871999997632884e-06,1.0505000005878173e-05,0.00011290299997313014,4.315000012411474e-06,96,False
4896,4.155800002081378e-05,9.418799999139083e-05,6.71399999419009e-06,8.155000017495695e-06,8.603299997389513e-05,4.093999990573138e-06,96,False
4897,4.014500001403576e-05,9.857000000579319e-05,6.893000005447902e-06,7.50000000948603e-06,9.106999999630716e-05,4.012999994529309e-06,96,False
4898,3.908699997623444e-05,9.165800000232593e-05,6.914000010738164e-06,7.664999998269195e-06,8.399300000405674e-05,3.563000007034134e-06,96,False
4899,3.8724999996020415e-05,9.042899998235043e-05,6.743000000142274e-06,7.439999990310753e-06,8.298899999203968e-05,3.7099999872225453e-06,96,False
4900,3.804700000387129e-05,0.00021963099999311453,6.002000000648877e-05,7.837999987714284e-06,0.00021179300000540024,3.628000001754117e-06,96,False
4901,5.371699998590884e-05,0.00010093899999219502,7.264999993594756e-06,8.700999984512237e-06,9.223800000768279e-05,4.5769999985623144e-06,96,False
4902,3.970700001332261e-05,9.14350000016384e-05,6.697000003441644e-06,8.029000014175836e-06,8.340599998746256e-05,3.7220000024262845e-06,96,False
4903,4.117700001415869e-05,9.16799999970408e-05,6.942999988268639e-06,7.702999994307902e-06,8.39770000027329e-05,3.656000018281702e-06,96,False
4904,3.9603000004717615e-05,9.164200000100209e-05,6.49700001531528e-06,7.095000000845175e-06,8.454700000015691e-05,3.63600000241604e-06,96,False
4905,3.794700000980811e-05,0.00012597700001037992,7.21500001077402e-06,7.597999996278304e-06,0.00011837900001410162,3.607999985888455e-06,96,False
4906,4.317200000514276e-05,9.378299998274997e-05,8.266999998340907e-06,8.284000017511062e-06,8.549899996523891e-05,3.713000012339762e-06,96,False
4907,5.375599999979386e-05,9.528500001465545e-05,5.722999986801369e-06,8.325999999669875e-06,8.695900001498558e-05,4.0639999951963546e-06,96,False
4908,3.91410000020187e-05,8.935100001394858e-05,5.90400000533009e-06,7.76199999563687e-06,8.158900001831171e-05,3.595999999106425e-06,96,False
4909,3.745500001173241e-05,8.709799999451207e-05,5.692000001999986e-06,7.307000004175279e-06,7.979099999033679e-05,3.519999978607302e-06,96,False
4910,3.684099999645696e-05,8.836000000655986e-05,5.614999992076264e-06,7.310000000870787e-06,8.105000000568907e-05,3.3139999970899225e-06,96,False
4911,3.6195000006955524e-05,0.0001309269999865137,6.567000014001678e-06,1.1680999989494012e-05,0.00011924599999701968,4.560000007813869e-06,96,False
4912,4.0264000006118295e-05,9.086899999033449e-05,5.412999996678991e-06,7.366000005504247e-06,8.350299998483024e-05,3.6929999964741e-06,96,False
4913,3.8005999982715366e-05,9.050200000615405e-05,5.555999990747296e-06,7.68199998901764e-06,8.282000001713641e-05,3.53300001165735e-06,96,False
4914,3.768299998796465e-05,8.877799999140734e-05,5.74400002051334e-06,7.56899999032612e-06,8.120900000108122e-05,3.4169999878486124e-06,96,False
4915,3.764400000250134e-05,8.899899998482397e-05,5.427000019153638e-06,7.479000004195768e-06,8.15199999806282e-05,3.5260000004200265e-06,96,False
4916,3.688199998919117e-05,8.723799999188486e-05,5.60799998083894e-06,7.139999979699496e-06,8.009800001218537e-05,3.523000003724519e-06,96,False
4917,3.7038000016309525e-05,0.0001394049999987601,6.368000015299913e-06,2.39830000055008e-05,0.0001154219999932593,5.751999992753554e-06,96,False
4918,4.089500001214219e-05,9.178199999837489e-05,6.740000003446767e-06,8.007999980463865e-06,8.377400001791102e-05,3.393000014284553e-06,96,False
4919,3.806999998801075e-05,8.87969999894267e-05,6.390999999439373e-06,7.243999988304495e-06,8.15530000011222e-05,3.7380000037501304e-06,96,False
4920,3.712700001301528e-05,8.833399999730318e-05,5.842000007305614e-06,7.293999999546941e-06,8.103999999775624e-05,3.478999985873088e-06,96,False
4921,3.735200002097372e-05,8.83769999973083e-05,6.46300000539668e-06,7.0959999902697746e-06,8.128100000703853e-05,3.625999994483209e-06,96,False
4922,3.642600000830498e-05,8.78110000144261e-05,6.6440000239254005e-06,7.092999993574267e-06,8.071800002085183e-05,3.2739999937803077e-06,96,False
4923,3.689599998324411e-05,0.00012803000001326836,6.836000011389842e-06,1.2107000003425128e-05,0.00011592300000984324,4.893000010497417e-06,96,False
4924,3.9909999998144485e-05,9.222100001693434e-05,5.786999992096753e-06,7.62499999495958e-06,8.459600002197476e-05,3.906000017650513e-06,96,False
4925,8.185199999388715e-05,0.00011234499999090986,9.696000006442773e-06,1.0214999974778038e-05,0.00010213000001613182,5.66500000331871e-06,96,False
4926,4.7249999994392056e-05,9.427999998479208e-05,7.369000002199755e-06,7.804999995641992e-06,8.647499998915009e-05,3.889999987904957e-06,96,False
4927,4.002200000741141e-05,9.310300001175165e-05,6.3640000007580966e-06,7.93399999565736e-06,8.516900001609429e-05,3.925999976672756e-06,96,False
4928,3.847799999334711e-05,8.891100000596452e-05,6.409000008034127e-06,7.416999977749583e-06,8.149400002821494e-05,3.454000022884429e-06,96,False
4929,3.6934000007704526e-05,8.771099999194121e-05,6.253999998762083e-06,7.13500000415479e-06,8.057599998778642e-05,3.2890000056795543e-06,96,False
4930,3.645099999971535e-05,8.77070000058211e-05,6.185999978924883e-06,7.320000008803618e-06,8.038699999701748e-05,3.25999999972737e-06,96,False
4931,3.692199999250079e-05,8.782400001905444e-05,6.026999983532733e-06,7.12399997837565e-06,8.070000004067879e-05,3.179000003683541e-06,96,False
4932,7.597100000111823e-05,0.00011783900001205438,8.960000002389279e-06,1.2781999998878746e-05,0.00010505700001317564,5.51699997686228e-06,96,False
4933,4.638900000486501e-05,9.37530000157949e-05,7.0990000153869914e-06,7.828000008203162e-06,8.592500000759173e-05,3.939999999147403e-06,96,False
4934,3.990399997633176e-05,9.054899999227928e-05,6.517000002759232e-06,7.382999996252693e-06,8.316599999602658e-05,3.7469999938366527e-06,96,False
4935,3.8826999997354505e-05,8.983099999682054e-05,6.345000002738743e-06,7.5380000055247365e-06,8.22929999912958e-05,3.5829999944780866e-06,96,False
4936,3.7391999995861624e-05,8.772600000384045e-05,6.4790000067205256e-06,7.234000008793373e-06,8.049199999504708e-05,3.732999999783715e-06,96,False
4937,4.0458999990278244e-05,0.00011079899999799636,7.033999992245299e-06,7.371999998895262e-06,0.0001034269999991011,3.492000018923136e-06,96,False
4938,4.65600000154609e-05,0.00012409100000354556,6.4429999895310175e-06,1.9641999983832648e-05,0.00010444900001971291,5.7790000198565394e-06,96,False
4939,4.196800000499934e-05,9.149999999635838e-05,6.194999997433115e-06,7.844999998951607e-06,8.365499999740678e-05,3.867000003765497e-06,96,False
4940,4.197100000169485e-05,0.00010243299999501687,6.243000001404653e-06,7.646000000249842e-06,9.478699999476703e-05,1.4926000005743845e-05,96,False
4941,3.819699998075521e-05,8.81640000045536e-05,6.3150000073619594e-06,7.364999987657939e-06,8.079900001689566e-05,3.7720000136687304e-06,96,False
4942,3.7869999999884385e-05,8.728399998858549e-05,6.1419999894951616e-06,7.128999982342066e-06,8.015500000624343e-05,3.4300000208986603e-06,96,False
4943,3.735200002097372e-05,0.00012500199997589334,6.664000011369353e-06,7.0469999968736374e-06,0.0001179549999790197,3.4310000103232596e-06,96,False
4944,4.117999998243249e-05,9.04519999949116e-05,6.036999991465564e-06,7.640999996283426e-06,8.281099999862818e-05,3.7270000063927e-06,96,False
4945,3.732099997932892e-05,8.92209999960869e-05,6.219999988843483e-06,7.264999993594756e-06,8.195600000249215e-05,3.5260000004200265e-06,96,False
4946,3.74889999932293e-05,0.00018274199999268603,7.116999995560036e-06,1.2113999986240742e-05,0.0001706280000064453,5.0079999880381365e-06,96,False
4947,4.2339999993146193e-05,9.040099999424456e-05,6.26900001066133e-06,7.2870000167313265e-06,8.311399997751323e-05,3.4919999905014265e-06,96,False
4948,3.735900000378933e-05,8.78150000005462e-05,6.374999998115527e-06,7.223000011435943e-06,8.059199998911026e-05,3.15700000896868e-06,96,False
4949,0.00010489599998209087,0.0001009290000126839,6.923000000824686e-06,8.669999999710853e-06,9.225900001297305e-05,4.572999984020498e-06,96,False
4950,3.9125000000694854e-05,9.052899997641362e-05,6.2469999875247595e-06,7.500999998910629e-06,8.302799997750299e-05,3.5319999938110413e-06,96,False
4951,3.7333999983957256e-05,8.79150000230311e-05,6.0609999934513326e-06,7.038000006787115e-06,8.087700001624398e-05,3.593999991835517e-06,96,False
4952,3.7905999988652184e-05,8.829099999729806e-05,6.0849999954371015e-06,7.2370000054888806e-06,8.105399999180918e-05,3.507000002400673e-06,96,False
4953,3.734399999189009e-05,8.966400000076646e-05,6.263000017270315e-06,7.603999989669319e-06,8.206000001109715e-05,3.383000006351722e-06,96,False
4954,4.231799999843133e-05,0.00012250999998286716,7.7739999824189e-06,7.683999996288549e-06,0.00011482599998657861,3.868000021611806e-06,96,False
4955,4.9200999995946404e-05,0.00012739099997816083,9.005999999089909e-06,1.3561000002937362e-05,0.00011382999997522347,5.947999994759812e-06,96,False
4956,5.1912000003540015e-05,0.000102794000014228,7.135999993579389e-06,9.280999989869088e-06,9.351300002435892e-05,4.708000005848589e-06,96,False
4957,4.2430999997122854e-05,9.316899999589623e-05,6.983000019999963e-06,7.634999974470702e-06,8.553400002142553e-05,3.8189999997939594e-06,96,False
4958,3.870899999469657e-05,9.038599998234531e-05,6.119999994780301e-06,7.734000007530994e-06,8.265199997481432e-05,3.4950000156186434e-06,96,False
4959,3.739300001370793e-05,0.00027197100001785657,9.668000018336897e-06,7.034000020667008e-06,0.00026493699999718956,3.410000005032998e-06,96,False
4960,5.2757999981167814e-05,0.00010371600001235493,7.526000018742707e-06,9.835000014390971e-06,9.388099999796395e-05,5.138000005899812e-06,96,False
4961,4.224899998916953e-05,0.00010950099999718077,7.065999994892991e-06,8.045000015499681e-06,0.00010145599998168109,3.9729999912196945e-06,96,False
4962,4.1563000024780195e-05,9.093500000290078e-05,6.575000014663601e-06,7.5460000061866594e-06,8.338899999671412e-05,3.804999977319312e-06,96,False
4963,3.946800001131123e-05,8.999900001072092e-05,6.62200000078883e-06,7.058999983655667e-06,8.294000002706525e-05,4.015999991224817e-06,96,False
4964,3.839699999730328e-05,0.0001161589999867374,7.060000001501976e-06,6.765999984281734e-06,0.00010939300000245566,3.3949999931337516e-06,96,False
4965,4.3899000019109735e-05,9.393499999532651e-05,6.275999993476944e-06,7.941000006894683e-06,8.599399998843182e-05,4.172000018343169e-06,96,False
4966,3.889999999273641e-05,8.792500000254222e-05,5.829999992101875e-06,7.040000014058023e-06,8.08849999884842e-05,3.668999994488331e-06,96,False
4967,3.8484000015159836e-05,8.71439999912127e-05,6.110000015269179e-06,6.783999992876488e-06,8.03599999983362e-05,3.5669999931542407e-06,96,False
4968,4.175499998382293e-05,8.834999999862703e-05,6.138000003375055e-06,7.37499999559077e-06,8.097500000303626e-05,3.4610000057000434e-06,96,False
4969,7.902599998033111e-05,0.00010004899999671579,6.729000006089336e-06,9.634000008418298e-06,9.04149999882975e-05,4.3569999945702875e-06,96,False
4970,3.9182999984177513e-05,9.141300000692354e-05,6.304999999429128e-06,7.968999995000559e-06,8.344400001192298e-05,3.7730000030933297e-06,96,False
4971,3.759000000513879e-05,0.00014125600000625127,4.801699998324693e-05,1.7482000004065412e-05,0.00012377400000218586,6.893999994872502e-06,96,False
4972,0.0006633349999844995,0.00012063100001569182,9.23299998589755e-06,1.2330999993537262e-05,0.00010830000002215456,5.434999991393852e-06,96,False
4973,4.65600000154609e-05,9.405400001583075e-05,7.121000010101852e-06,8.067999999639142e-06,8.598600001619161e-05,4.012999994529309e-06,96,False
4974,3.9667000010013e-05,8.982299999615861e-05,6.525999992845755e-06,7.615999976451349e-06,8.220700001970727e-05,3.5409999838975637e-06,96,False
4975,3.842299997813825e-05,9.48810000238609e-05,6.783999992876488e-06,7.418999985020491e-06,8.746200003884042e-05,3.371000019569692e-06,96,False
4976,4.071499998303807e-05,0.0001550489999999627,8.99200000503697e-06,1.5369000010423406e-05,0.00013967999998953928,6.160999987514515e-06,96,False
4977,4.5506999981625995e-05,9.429799999338684e-05,6.880999990244163e-06,8.166999975856015e-06,8.613100001753082e-05,3.917000015007943e-06,96,False
4978,3.844200000457931e-05,8.899099998416204e-05,6.829999989577118e-06,6.7980000153511355e-06,8.219299996881091e-05,3.4739999819066725e-06,96,False
4979,3.763600000183942e-05,8.744900000579037e-05,6.7250000199692295e-06,6.608000006735892e-06,8.084099999905447e-05,3.4630000129709515e-06,96,False
4980,3.801399998337729e-05,0.00010565400000928094,6.863000010071119e-06,7.5220000042008905e-06,9.813200000508004e-05,3.5680000110005494e-06,96,False
4981,3.8610000018479695e-05,8.763900001440561e-05,6.453999986888448e-06,7.519000007505383e-06,8.012000000690023e-05,3.4800000037193968e-06,96,False
4982,6.895800001416319e-05,0.00010299100000565886,6.93000001206201e-06,8.42399998646215e-06,9.456700001919671e-05,4.711000002544097e-06,96,False
4983,3.814799998735907e-05,8.866400000329122e-05,6.184999989500284e-06,7.417999995595892e-06,8.124600000769533e-05,3.4130000017285056e-06,96,False
4984,3.795599999989463e-05,0.00013509000001477034,8.510000014894104e-06,1.6422000015836602e-05,0.00011866799999893374,7.644000021400643e-06,96,False
4985,4.620500001806249e-05,9.597499999358661e-05,6.664000011369353e-06,7.988999982444511e-06,8.79860000111421e-05,4.165000007105846e-06,96,False
4986,3.994200000079218e-05,9.642300000223258e-05,7.242000009455296e-06,8.334000000331798e-06,8.808900000190079e-05,4.2210000117393065e-06,96,False
4987,3.8179000000582164e-05,0.0001472069999977066,8.648999994420592e-06,2.6015000003098976e-05,0.00012119199999460761,7.890000006227638e-06,96,False
4988,4.626800000551157e-05,9.471800001392694e-05,6.51999999945474e-06,8.30999999834603e-06,8.640800001558091e-05,4.012999994529309e-06,96,False
4989,3.99830000219481e-05,9.063900000683134e-05,6.240999994133745e-06,7.519000007505383e-06,8.311999999932596e-05,3.811999988556636e-06,96,False
4990,3.803799998536306e-05,8.866600001056213e-05,6.13200000998404e-06,7.5769999909880426e-06,8.108900001957409e-05,3.4439999865298887e-06,96,False
4991,4.8219999996490515e-05,8.997800000543066e-05,7.533000001558321e-06,7.0330000028207e-06,8.294500000260996e-05,3.8029999984701135e-06,96,False
4992,3.682900000967493e-05,8.758199999192584e-05,6.21199998818156e-06,7.193999977062049e-06,8.038800001486379e-05,3.2490000023699395e-06,96,False
4993,3.6913999991838864e-05,9.982000000263724e-05,6.936000005453025e-06,9.989999995241305e-06,8.983000000739594e-05,4.335999989280026e-06,96,False
4994,3.97029999987808e-05,9.041199999160199e-05,6.224999992809899e-06,7.70400001215421e-06,8.270799997944778e-05,3.630000009025025e-06,96,False
4995,3.8564000021779066e-05,8.786099999724684e-05,6.170999995447346e-06,6.845999990900964e-06,8.101500000634587e-05,3.7179999878844683e-06,96,False
4996,3.747800002429358e-05,8.690199999250581e-05,6.256000006032991e-06,6.8530000021382875e-06,8.004899999036752e-05,3.4599999878537346e-06,96,False
4997,4.197699999508586e-05,0.00010232999997583647,7.199999998874773e-06,7.525000000896398e-06,9.480499997494007e-05,3.3660000156032766e-06,96,False
4998,5.138400001669652e-05,9.571799998298047e-05,6.062999972300531e-06,8.162000000311309e-06,8.755599998266916e-05,4.117999992558907e-06,96,False
4999,6.709499999146828e-05,9.645099999033846e-05,6.600000006073969e-06,8.385000000998843e-06,8.806599998933962e-05,3.942000006418311e-06,96,False
5000,3.959900001859751e-05,8.889000000067426e-05,6.342000006043236e-06,7.436999993615245e-06,8.145300000705902e-05,3.4630000129709515e-06,96,False
