step,select_seconds,update_seconds,logging_seconds,update_linear_solve_seconds,update_other_seconds,projection_inclusive_seconds,array_payload_bytes,projection_active
1,0.0001733759999922313,0.00017070900000248912,1.0946000003286827e-05,1.6866999999365362e-05,0.00015384200000312376,8.989000008341463e-06,96,False
2,5.927999998789346e-05,0.00014845599997670433,9.422000005088194e-06,1.0830000007899798e-05,0.00013762599996880454,4.742999976770079e-06,96,False
3,5.4259999984651586e-05,0.00011105299998348528,8.44599998117701e-06,9.783999985302216e-06,0.00010126899999818306,4.323000013073397e-06,96,False
4,4.651899999430498e-05,0.00010322299999643292,8.057000002281711e-06,8.900000011635711e-06,9.43229999847972e-05,4.103999998505969e-06,96,False
5,4.442100001256222e-05,9.863699997936237e-05,7.528999987016505e-06,8.43499998381958e-06,9.020199999554279e-05,3.978999984610709e-06,96,False
6,4.237999999645581e-05,9.779699999512559e-05,7.634000013467812e-06,7.959000015489437e-06,8.983799997963615e-05,3.864999996494589e-06,96,False
7,4.1721999991750636e-05,9.526699997763899e-05,7.514999992963567e-06,7.230999983676156e-06,8.803599999396283e-05,3.880999997818435e-06,96,False
8,4.0274999975054016e-05,0.00022520000001691187,1.5652999991289107e-05,2.8385999996771716e-05,0.00019681400002014016,1.1331999985486618e-05,96,False
9,9.366099999397193e-05,0.0001390219999848341,8.904999987180418e-06,1.351800000293224e-05,0.00012550399998190187,5.948000023181521e-06,96,False
10,5.338799999776711e-05,0.00010815500002081535,8.635000000367654e-06,9.306000009701165e-06,9.884900001111419e-05,4.3229999846516876e-06,96,False
11,4.90930000012213e-05,0.00010367999999516542,7.928999991690944e-06,8.746999981212866e-06,9.493300001395255e-05,4.016000019646526e-06,96,False
12,4.6065999981692585e-05,0.00013752500001373846,8.672999996406361e-06,8.398999995051781e-06,0.00012912600001868668,4.153000020323816e-06,96,False
13,5.382199998393844e-05,0.00012170700000524448,8.859000018901497e-06,1.0091999996575396e-05,0.00011161500000866909,5.245000011200318e-06,96,False
14,0.00014120599999500882,0.0002497849999940627,1.5149000006431379e-05,1.2203000011368204e-05,0.00023758199998269447,4.926000002569708e-06,96,False
15,0.00010139300002265372,0.0001876860000038505,9.72200001569945e-06,1.6908999981524175e-05,0.00017077700002232632,9.299999987888441e-06,96,False
16,5.555699999604258e-05,0.0001122209999948609,8.656000005657916e-06,9.395000006406917e-06,0.00010282599998845399,4.6840000038628204e-06,96,False
17,4.7933000018929306e-05,0.00010141300001009768,7.4959999949442135e-06,8.323999992398967e-06,9.308900001769871e-05,3.81800001036936e-06,96,False
18,4.368000000454231e-05,9.637300001941185e-05,7.388000000219108e-06,7.70500000157881e-06,8.866800001783304e-05,3.9829999991525256e-06,96,False
19,4.023500000016611e-05,9.4391999994059e-05,7.310999990295386e-06,7.804999995641992e-06,8.658699999841701e-05,3.583000022899796e-06,96,False
20,3.994600001533399e-05,9.387900001911476e-05,6.9499999995059625e-06,7.767999989027885e-06,8.611100003008687e-05,3.6879999925076845e-06,96,False
21,3.817199998934484e-05,9.127799998509545e-05,6.829000000152519e-06,7.55700000354409e-06,8.372099998155136e-05,3.5749999938161636e-06,96,False
22,3.906300000267038e-05,0.0002550259999907212,1.2373999993542384e-05,7.444000004852569e-06,0.0002475819999858686,3.3449999818913057e-06,96,False
23,5.8111000015514946e-05,0.00010702800000217394,7.952999993676713e-06,9.12999999513886e-06,9.789800000703508e-05,5.087999994657366e-06,96,False
24,4.4846999998071624e-05,9.743900000103167e-05,7.683999996288549e-06,7.535000008829229e-06,8.990399999220244e-05,3.5680000110005494e-06,96,False
25,4.215100000237726e-05,9.552999998163614e-05,6.945999984964146e-06,8.137000008900941e-06,8.73929999727352e-05,3.6650000083682244e-06,96,False
26,4.126300001416894e-05,9.249999999383363e-05,6.948000020656764e-06,7.5560000141194905e-06,8.494399997971414e-05,3.816000003098452e-06,96,False
27,3.9820000012014134e-05,9.242499999118081e-05,6.733999981634042e-06,7.2349999982179725e-06,8.518999999296284e-05,3.7309999925128068e-06,96,False
28,4.002700001137782e-05,9.190300002615004e-05,6.613000010702308e-06,7.4390000008861534e-06,8.446400002526389e-05,3.5179999997581035e-06,96,False
29,3.894700000728335e-05,8.993199998030832e-05,6.837000000814442e-06,7.56800000090152e-06,8.23639999794068e-05,3.4210000023904286e-06,96,False
30,3.920000000334767e-05,9.136899998907211e-05,6.573999996817292e-06,7.650000014791658e-06,8.371899997428045e-05,3.7270000063927e-06,96,False
31,3.874999998743078e-05,8.989700000938683e-05,6.691999999475229e-06,7.441999997581661e-06,8.245500001180517e-05,3.581999976631778e-06,96,False
32,3.732000001832603e-05,0.00013260600002240608,7.620000019414874e-06,7.220999975743325e-06,0.00012538500004666275,3.4029999937956745e-06,96,False
33,4.35729999992418e-05,9.254500000110966e-05,6.323999997448482e-06,7.8760000121747e-06,8.466899998893496e-05,3.6890000103539933e-06,96,False
34,3.897100000926912e-05,0.00010109499999089167,7.28300000218951e-06,6.831000007423427e-06,9.426399998346824e-05,3.6799999918457615e-06,96,False
35,3.822900001182461e-05,8.83069999986219e-05,6.525000003421155e-06,6.7640000054325355e-06,8.154299999318937e-05,3.504999995129765e-06,96,False
36,3.8735000003953246e-05,8.976200001598045e-05,6.616999996822415e-06,7.302000000208864e-06,8.246000001577158e-05,3.7010000255577324e-06,96,False
37,3.820499998141713e-05,0.00012659000000780907,9.26699999581615e-06,1.382600001420542e-05,0.00011276399999360365,5.9799999974075035e-06,96,False
38,4.797000002554341e-05,9.591299999556213e-05,7.721999992327255e-06,7.991999979140019e-06,8.792100001642211e-05,4.139999987273768e-06,96,False
39,4.131699998310978e-05,0.00015957100001173785,9.435999999141131e-06,1.275500000019747e-05,0.00014681600001154038,5.3639999748611444e-06,96,False
40,5.308400000103575e-05,0.00013844200000789897,1.1651999983541828e-05,9.030999990500277e-06,0.0001294110000173987,4.622999995262944e-06,96,False
41,6.241599999157188e-05,0.0001262219999773606,1.0250000002542947e-05,1.4077999992423429e-05,0.00011214399998493718,5.063000003246998e-06,96,False
42,5.644099999813079e-05,0.00017515199999706965,1.1051000001316424e-05,1.352999998971427e-05,0.00016162200000735538,6.815000006099581e-06,96,False
43,5.8306999989099495e-05,0.0001241040000081739,7.734000007530994e-06,9.93900002299597e-06,0.00011416499998517793,4.7229999893261265e-06,96,False
44,5.6462000003421053e-05,0.00011936699999637312,1.0307999986025607e-05,8.984999993799647e-06,0.00011038200000257348,4.326999999193504e-06,96,False
45,5.533500001320135e-05,0.0001269189999959508,7.406000008813862e-06,8.731999997735329e-06,0.00011818699999821547,5.556000019169005e-06,96,False
46,5.3724999986570765e-05,0.00012237699999673168,7.30599998632897e-06,1.338100000225495e-05,0.00010899599999447673,4.7569999992447265e-06,96,False
47,5.4430999995247475e-05,0.00012616500001172426,1.0430999992649959e-05,1.277700002333404e-05,0.00011338799998839022,4.770000003873065e-06,96,False
48,5.378800000244155e-05,0.0001017740000008871,7.142999976395004e-06,9.532999996508806e-06,9.224100000437829e-05,3.963000011708573e-06,96,False
49,3.909700001258898e-05,9.095600000819104e-05,6.093999985523624e-06,7.608000004211135e-06,8.33480000039799e-05,3.644000003077963e-06,96,False
50,3.871699999535849e-05,9.730100001092978e-05,7.264999993594756e-06,7.826000000932254e-06,8.947500000999753e-05,3.5850000017489947e-06,96,False
51,4.7924999989845674e-05,8.930699999609715e-05,7.40900000550937e-06,6.880000000819564e-06,8.242699999527758e-05,3.7970000050790986e-06,96,False
52,6.0781000001952634e-05,0.00010110900001336631,7.478999975774059e-06,1.0128000013764904e-05,9.098099999960141e-05,4.267000008439936e-06,96,False
53,4.0400000017370985e-05,9.132200000294688e-05,6.58899998029483e-06,7.47699999692486e-06,8.384500000602202e-05,3.741000000445638e-06,96,False
54,3.8826999997354505e-05,8.975800000143863e-05,6.6280000226015545e-06,7.973000009542375e-06,8.178499999189626e-05,3.559999981916917e-06,96,False
55,3.804300001775118e-05,8.902700000135155e-05,6.976999998187239e-06,6.85000000544278e-06,8.217699999590877e-05,3.695000003745008e-06,96,False
56,3.895000000397886e-05,0.00010428499999193264,6.522000006725648e-06,7.3519999830296e-06,9.693300000890304e-05,3.6840000063875777e-06,96,False
57,3.9089000011927055e-05,8.71439999912127e-05,6.293000012647099e-06,7.314000015412603e-06,7.982999997580009e-05,3.286000008984047e-06,96,False
58,3.861999999799082e-05,8.849800002508346e-05,6.413000022575943e-06,7.310000000870787e-06,8.118800002421267e-05,3.5350000189282582e-06,96,False
59,3.715599999054575e-05,8.725200001435951e-05,6.265999985544113e-06,7.831999994323269e-06,7.942000002003624e-05,3.2659999931183847e-06,96,False
60,3.7171000002445e-05,8.764199998267941e-05,6.251999991491175e-06,7.484999997586783e-06,8.015699998509263e-05,3.5159999924871954e-06,96,False
61,3.638299997987815e-05,8.667200000900266e-05,6.6200000219396316e-06,7.369000002199755e-06,7.93030000068029e-05,3.327000001718261e-06,96,False
62,3.657399997791799e-05,8.66510000037124e-05,6.169999977601037e-06,6.9030000133807334e-06,7.974799999033166e-05,3.241999991132616e-06,96,False
63,3.74520000150369e-05,8.915200001524681e-05,6.425000009357973e-06,7.222999983014233e-06,8.192900003223258e-05,3.4519999871918117e-06,96,False
64,3.930200000468176e-05,0.00013060200001291378,7.726000006869072e-06,2.739999999334941e-05,0.00010320200001956437,6.0220000079880265e-06,96,False
65,4.053300000350646e-05,9.133800000427073e-05,6.616999996822415e-06,7.563999986359704e-06,8.377400001791102e-05,3.886000001784851e-06,96,False
66,3.853399999798057e-05,8.881400000859685e-05,6.3410000166186364e-06,7.081000006792237e-06,8.173300000180461e-05,3.402000004371075e-06,96,False
67,3.674500001693559e-05,8.715299998129922e-05,6.493000000773463e-06,7.145000012087621e-06,8.00079999692116e-05,3.474000010328382e-06,96,False
68,3.833499999927881e-05,8.914599999343409e-05,6.232000004047222e-06,7.3809999889817846e-06,8.17650000044523e-05,3.486999986535011e-06,96,False
69,0.0001594169999918904,0.00021750299998757328,1.599199998736367e-05,2.284100000338185e-05,0.00019466199998419143,9.80199999389697e-06,96,False
70,7.37469999876339e-05,0.00012636499999985062,6.029400000784335e-05,1.2075999990202035e-05,0.00011428900000964859,5.375000000640284e-06,96,False
71,5.9652999993886624e-05,0.0005367930000090837,1.3421000005564565e-05,0.0002797889999897052,0.0002570040000193785,1.0398999990002267e-05,96,False
72,7.805500001722976e-05,0.00013520199999561555,9.730000016361373e-06,1.248099999884289e-05,0.00012272099999677266,6.350999996129758e-06,96,False
73,5.3953999980649314e-05,0.00010464800001841468,7.72800001413998e-06,8.861999987175295e-06,9.578600003123938e-05,4.020999995191232e-06,96,False
74,4.291700000180754e-05,0.00011405899999772373,7.589999995616381e-06,8.111999989068863e-06,0.00010594700000865487,4.060000009076248e-06,96,False
75,4.153400001882801e-05,9.413699999072378e-05,7.3709999810489535e-06,7.908999975825282e-06,8.62280000148985e-05,3.793000018958992e-06,96,False
76,3.979400000275746e-05,9.237899999448018e-05,7.4390000008861534e-06,7.614999987026749e-06,8.476400000745343e-05,3.418000005694921e-06,96,False
77,4.0105000010726144e-05,9.269599999583988e-05,6.909000006771748e-06,7.535999998253828e-06,8.515999999758606e-05,3.644000003077963e-06,96,False
78,4.046399999424466e-05,9.104299999762588e-05,6.9339999981821165e-06,7.22600000813145e-06,8.381699998949443e-05,3.7610000163113e-06,96,False
79,3.8335000027700517e-05,8.988099997964127e-05,6.787000017993705e-06,7.165999988956173e-06,8.27149999906851e-05,3.732999999783715e-06,96,False
80,0.0001503409999941141,0.00016555899998138557,1.4956000001120628e-05,1.4426999996430823e-05,0.00015113199998495475,7.979999992357989e-06,96,False
81,6.165699997495722e-05,0.00013024000000427804,9.837999982664769e-06,1.1368000002676126e-05,0.00011887200000160192,5.3349999973306694e-06,96,False
82,5.220099998837213e-05,0.00010400100001106694,7.732000000260086e-06,8.758999996416605e-06,9.524200001465033e-05,4.09199998330223e-06,96,False
83,4.3934000018452934e-05,0.00010086899999350862,7.702000004883303e-06,8.260000015525293e-06,9.260899997798333e-05,3.972000001795095e-06,96,False
84,7.492000000297594e-05,0.000106450000004088,7.640999996283426e-06,9.457999993855992e-06,9.6992000010232e-05,4.5429999886437145e-06,96,False
85,4.351999999130385e-05,9.751599998253369e-05,7.6089999936357344e-06,8.291000000326676e-06,8.922499998220701e-05,4.095000008419447e-06,96,False
86,4.175099999770282e-05,9.559400001535323e-05,7.275999990952187e-06,7.737999993651101e-06,8.785600002170213e-05,3.958999997166757e-06,96,False
87,4.1493999987096686e-05,9.431200001586149e-05,7.2610000074746495e-06,7.697000000916887e-06,8.66150000149446e-05,3.6229999977877014e-06,96,False
88,4.07930000108081e-05,9.300300001768846e-05,6.888000001481487e-06,7.559000010814998e-06,8.544400000687347e-05,3.603999999768348e-06,96,False
89,3.957399999876543e-05,0.0001312139999924966,7.286999988309617e-06,7.824000022083055e-06,0.00012338999997041356,1.7698999982940222e-05,96,False
90,4.4536000018524646e-05,9.40040000045883e-05,6.654000003436522e-06,8.38999997654355e-06,8.561400002804476e-05,3.5889999878691015e-06,96,False
91,4.134000002409266e-05,9.263699999451092e-05,7.252999978391017e-06,7.987999993019912e-06,8.4649000001491e-05,3.617999993821286e-06,96,False
92,4.114399999366469e-05,9.55159999875832e-05,7.516999971812766e-06,7.714999981089932e-06,8.780100000649327e-05,3.4169999878486124e-06,96,False
93,4.220899998585992e-05,9.915000001115004e-05,7.366000005504247e-06,8.370999978524196e-06,9.077900003262585e-05,3.993999996509956e-06,96,False
94,8.527699998239768e-05,0.0001539969999839741,8.831999991798511e-06,1.07250000098702e-05,0.0001432719999741039,5.762999990110984e-06,96,False
95,0.00013903500001788416,0.00027793900000006033,1.0875000015175829e-05,1.1955000019270301e-05,0.00026598399998079003,5.974999993441088e-06,96,False
96,5.411800000842959e-05,0.00010537500000395994,7.5460000061866594e-06,9.668999979339787e-06,9.570600002462015e-05,4.610000019056315e-06,96,False
97,8.686600000373801e-05,0.00024808999998526815,9.559999995190083e-06,1.1615999994774029e-05,0.00023647399999049412,8.478000012246412e-06,96,False
98,0.00016718199998422278,0.00031343399999173016,4.487699999344841e-05,2.0443000011027834e-05,0.0002929909999807023,9.176999981264089e-06,96,False
99,7.830799998487237e-05,0.00012260599999081023,9.08399999843823e-06,1.1539000013272016e-05,0.00011106699997753822,5.5510000152025896e-06,96,False
100,5.0156000014567326e-05,0.00010299600000962528,7.904999989705175e-06,8.46899999373818e-06,9.45270000158871e-05,4.0379999859396776e-06,96,False
101,4.506800001990996e-05,9.779500001627639e-05,7.232999990947064e-06,8.350000001655644e-06,8.944500001462075e-05,3.819999989218559e-06,96,False
102,0.00014219799999182214,0.00019035399998301727,2.007300000173018e-05,1.7172000013943034e-05,0.00017318199996907424,8.895000007669296e-06,96,False
103,7.716100000720871e-05,0.00012214999998150233,8.828999995103004e-06,1.1194000023806439e-05,0.0001109559999576959,4.311999987294257e-06,96,False
104,4.9133000004530913e-05,0.00010395199998924909,8.211000022129156e-06,9.41400000442627e-06,9.453799998482282e-05,3.974000009066003e-06,96,False
105,4.520699999943645e-05,0.00010269700001686033,7.55700000354409e-06,8.974999985866816e-06,9.372200003099351e-05,3.929000001789973e-06,96,False
106,4.407299999797942e-05,9.863799999720868e-05,7.280999994918602e-06,8.221000001640277e-06,9.04169999955684e-05,3.819999989218559e-06,96,False
107,4.345100001046376e-05,9.774000000106753e-05,7.346000018060295e-06,8.242999996355138e-06,8.949700000471239e-05,4.088999986606723e-06,96,False
108,4.1347000006908274e-05,9.536199999615746e-05,6.9239999902492855e-06,8.590000021513333e-06,8.677199997464413e-05,3.8070000130119297e-06,96,False
109,4.076999999824693e-05,0.0002082259999838243,1.4308999993772886e-05,8.33199999306089e-06,0.0001998939999907634,3.816999992523051e-06,96,False
110,7.858600000076876e-05,0.00012134599998603335,8.043999997653373e-06,9.809999994558893e-06,0.00011153599999147445,7.103000001507098e-06,96,False
111,4.4274999993376696e-05,9.80450000156452e-05,7.505000013452445e-06,8.728000011615222e-06,8.931700000402998e-05,3.9780000236078195e-06,96,False
112,4.247799998324808e-05,9.328200002300946e-05,7.087999989607852e-06,7.640000006858827e-06,8.564200001615063e-05,3.6049999891929474e-06,96,False
113,4.0342999994891215e-05,0.0001439790000006269,7.4330000074951386e-06,1.3264000017443323e-05,0.0001307149999831836,5.421999986765513e-06,96,False
114,4.370100000983257e-05,9.530099998755759e-05,6.7019999789863505e-06,8.312000005616937e-06,8.698899998194065e-05,3.7890000044171757e-06,96,False
115,3.9351999987502495e-05,9.130399999435213e-05,6.567000014001678e-06,7.69400000422138e-06,8.360999999013075e-05,3.4349999964433664e-06,96,False
116,3.9809000014656704e-05,0.00010346300001629061,6.909000006771748e-06,9.935000008454153e-06,9.352800000783645e-05,4.39999999457541e-06,96,False
117,4.0935000015451806e-05,9.284799997999471e-05,6.535000011353986e-06,7.474000000229353e-06,8.537399997976536e-05,3.7609999878895906e-06,96,False
118,3.9295999982869034e-05,8.964699998159631e-05,6.3150000073619594e-06,7.231000012097866e-06,8.241599996949844e-05,3.713000012339762e-06,96,False
119,3.838999998606596e-05,8.962600000472776e-05,6.420999994816157e-06,6.614000000126907e-06,8.301200000460085e-05,3.4550000123090285e-06,96,False
120,3.92440000211991e-05,9.114700000623088e-05,6.51900001003014e-06,7.3239999949237244e-06,8.382300001130716e-05,3.311000000394415e-06,96,False
121,3.828900000257818e-05,8.971500000143351e-05,6.510000019943618e-06,7.065999994892991e-06,8.264900000654052e-05,3.662000011672717e-06,96,False
122,3.8028999995276536e-05,0.00012788499998350744,7.081000006792237e-06,1.1962999991510515e-05,0.00011592199999199693,5.206000025737012e-06,96,False
123,4.194300001358897e-05,9.167099997853256e-05,1.0777999989386444e-05,7.651999993640857e-06,8.401899998489171e-05,3.6840000063875777e-06,96,False
124,8.071100000961451e-05,0.00010922399999913068,8.20700000758734e-06,9.855999991259523e-06,9.936800000787116e-05,5.438999977513959e-06,96,False
125,4.25860000063949e-05,9.531699998888143e-05,6.788999996842904e-06,8.100999991711433e-06,8.721599999717e-05,3.878000001122928e-06,96,False
126,3.9249000025165515e-05,9.148300000560994e-05,6.546000008711417e-06,7.615000015448459e-06,8.386799999016148e-05,3.7949999978081905e-06,96,False
127,3.90000000152213e-05,0.0001551199999880737,8.793999995759805e-06,1.5383999993900943e-05,0.00013973599999417274,5.797000000029584e-06,96,False
128,4.695100000162711e-05,9.502500000735381e-05,6.7539999974997045e-06,8.42399998646215e-06,8.660100002089166e-05,3.945000003113819e-06,96,False
129,3.980599998953949e-05,9.06299999883231e-05,6.737000006751259e-06,7.401999994272046e-06,8.322799999405106e-05,3.771999985247021e-06,96,False
130,3.8883000001987966e-05,0.00012749399999734123,6.606999988889584e-06,9.651999988591342e-06,0.00011784200000874989,3.5099999990961805e-06,96,False
131,3.832899997746608e-05,9.027199999422919e-05,6.626000015330646e-06,7.772000003569701e-06,8.249999999065949e-05,3.4439999865298887e-06,96,False
132,3.8427999982104666e-05,0.00011153299999477895,7.153000012749544e-06,7.131000018034683e-06,0.00010440199997674426,3.512999995791688e-06,96,False
133,4.9007000001211054e-05,9.419799999932366e-05,6.509999991521909e-06,7.643999992978934e-06,8.655400000634472e-05,4.185999983974398e-06,96,False
134,3.9692000001423366e-05,9.184300000697476e-05,6.7720000060944585e-06,7.544999988340351e-06,8.429800001863441e-05,3.7070000189487473e-06,96,False
135,3.799899999989975e-05,8.917799999608178e-05,6.589000008716539e-06,7.675000006202026e-06,8.150299998987975e-05,3.4259999779351347e-06,96,False
136,3.746399997339722e-05,8.983600000078695e-05,6.533000004083078e-06,7.917000004908914e-06,8.191899999587804e-05,3.4470000116471056e-06,96,False
137,3.7665999997216204e-05,9.003300002063952e-05,6.216999992147976e-06,7.252000017388127e-06,8.278100000325139e-05,3.729000013663608e-06,96,False
138,3.785100000186503e-05,0.000107014000008121,7.210000006807604e-06,7.1219999995264516e-06,9.989200000859455e-05,3.381999988505413e-06,96,False
139,4.81799999931809e-05,9.363300000586605e-05,6.1130000119646866e-06,7.672000009506519e-06,8.596099999635953e-05,4.106999995201477e-06,96,False
140,3.77029999754086e-05,8.873900000594404e-05,5.78130000121746e-05,7.036999988940806e-06,8.170200001700323e-05,3.4029999937956745e-06,96,False
141,4.285400001435846e-05,8.92539999881592e-05,6.475999981603309e-06,7.0469999968736374e-06,8.220699999128556e-05,3.4460000222225062e-06,96,False
142,3.7757000001192864e-05,8.711499998526051e-05,6.653999975014813e-06,6.749000021954998e-06,8.036599996330551e-05,3.5509999918303947e-06,96,False
143,3.769699998201759e-05,8.789999998271014e-05,6.661000014673846e-06,7.250999999541818e-06,8.064899998316832e-05,3.347000017583923e-06,96,False
144,3.7493999997195715e-05,0.00019897199999263648,7.124999996221959e-06,7.119000002830944e-06,0.00019185299998980554,3.098999997064311e-06,96,False
145,4.4126999995341976e-05,9.49889999901643e-05,6.688000013355122e-06,8.132000004934525e-06,8.685699998522978e-05,3.953000003775742e-06,96,False
146,3.87180000132048e-05,9.065000000418877e-05,6.546000008711417e-06,7.815000003574823e-06,8.283500000061395e-05,3.7099999872225453e-06,96,False
147,3.7972000001218476e-05,8.947700001726844e-05,6.423000002087065e-06,7.219000025315836e-06,8.22579999919526e-05,3.6879999925076845e-06,96,False
148,3.845899999532776e-05,8.968399998821042e-05,6.293000012647099e-06,7.436999993615245e-06,8.224699999459517e-05,3.6189999832458852e-06,96,False
149,3.796600000782746e-05,8.89380000046458e-05,6.490000004077956e-06,7.656999997607272e-06,8.128100000703853e-05,3.6910000176249014e-06,96,False
150,6.339899999829868e-05,9.761100000105216e-05,6.635999994841768e-06,9.438999995836639e-06,8.817200000521552e-05,4.27400001967726e-06,96,False
151,3.915199999937613e-05,8.825699998737946e-05,6.411000015305035e-06,7.5220000042008905e-06,8.073499998317857e-05,3.831000014997699e-06,96,False
152,3.770400002167662e-05,8.735299999784729e-05,6.4529999974638486e-06,6.87299998958224e-06,8.048000000826505e-05,3.478999985873088e-06,96,False
153,5.18360000114626e-05,8.817700000918194e-05,6.20099999082413e-06,7.176999986313604e-06,8.100000002286833e-05,3.591999984564609e-06,96,False
154,3.7482000010413685e-05,8.8764999986779e-05,5.861000005324968e-06,7.269999997561172e-06,8.149499998921783e-05,3.6250000050586095e-06,96,False
155,3.814100000454346e-05,0.0006593630000111261,7.729000003564579e-06,7.393999993610123e-06,0.000651969000017516,3.668000005063732e-06,96,False
156,0.000298598999989963,0.0002028859999825272,1.4039000006960123e-05,2.6141000006418835e-05,0.00017674499997610837,1.0584000023072804e-05,96,False
157,6.693500000665153e-05,0.0001182689999836839,9.06200000372337e-06,1.0796999987405798e-05,0.0001074719999962781,4.609000001210006e-06,96,False
158,5.0339000011945245e-05,0.00010537400001453534,8.2299999917268e-06,9.626999997180974e-06,9.574700001735437e-05,3.890999977329557e-06,96,False
159,4.6440999994956655e-05,0.0001005819999875257,7.40900000550937e-06,8.067000010214542e-06,9.251499997731116e-05,3.8999999958377884e-06,96,False
160,4.4045999999298147e-05,9.623200000419274e-05,9.570999992547513e-06,8.18399999502617e-06,8.804800000916657e-05,3.6090000037347636e-06,96,False
161,8.368799998947907e-05,0.00011515299999587114,8.83300000964482e-06,1.0750000001280569e-05,0.00010440299999459057,5.52800000264142e-06,96,False
162,4.618799999889234e-05,0.0002527470000188714,1.4023000005636277e-05,8.587000024817826e-06,0.0002441599999940536,4.111999999167892e-06,96,False
163,8.2891999994672e-05,0.00014382800000589668,8.952000001727356e-06,1.4310000011619195e-05,0.0001295179999942775,6.259000002728499e-06,96,False
164,5.704300002662421e-05,0.0001171060000046964,8.293000007597584e-06,1.0940000009895812e-05,0.00010616599999480059,4.360999980690394e-06,96,False
165,9.307700000249497e-05,0.0002692680000109249,1.1075999992726793e-05,1.2710999982346038e-05,0.00025655700002857884,6.366999997453604e-06,96,False
166,6.347000001483138e-05,0.0001212220000184061,2.773099998876205e-05,1.0902000013857105e-05,0.000110320000004549,5.40299998874616e-06,96,False
167,7.867100001135441e-05,0.00012131399998338566,9.350999988555486e-06,1.1388999979544678e-05,0.00010992500000384098,5.613000013227065e-06,96,False
168,4.960700002243357e-05,0.00014393000000723077,8.714000017562284e-06,8.984000004375048e-06,0.00013494600000285573,4.098999994539554e-06,96,False
169,5.099700001665042e-05,0.00010513800000921947,8.019999995667604e-06,9.261999991849734e-06,9.587600001736973e-05,4.670999999234482e-06,96,False
170,0.00012223400000266338,0.0001570189999995364,1.2847999983023328e-05,1.792800000544048e-05,0.0001390909999940959,8.272000002307323e-06,96,False
171,4.749300001094525e-05,9.649599999761449e-05,7.401000004847447e-06,8.20699997916563e-06,8.828900001844886e-05,3.8739999865811114e-06,96,False
172,4.0923999989672666e-05,9.145199999238685e-05,6.723000012698321e-06,7.524000011471799e-06,8.392799998091505e-05,3.512999995791688e-06,96,False
173,3.880200000594414e-05,0.00013876100001652958,7.869999990361976e-06,3.5144000008813236e-05,0.00010361700000771634,6.203999987519637e-06,96,False
174,4.181199997788099e-05,9.334899999657864e-05,6.450000000768341e-06,8.266999998340907e-06,8.508199999823773e-05,3.933000016331789e-06,96,False
175,3.9465000014615725e-05,9.2662000014343e-05,6.3980000106766965e-06,7.205000002841189e-06,8.54570000115018e-05,3.7609999878895906e-06,96,False
176,3.789999999526117e-05,8.856600001649895e-05,6.1470000218832865e-06,7.508999999572552e-06,8.10570000169264e-05,3.4380000215605833e-06,96,False
177,3.8463999999294174e-05,8.796599999527643e-05,6.221000006689792e-06,6.662999993523044e-06,8.130300000175339e-05,3.53300001165735e-06,96,False
178,3.852599999731865e-05,8.77079999952457e-05,6.544000001440509e-06,7.168000024648791e-06,8.053999997059691e-05,3.563000007034134e-06,96,False
179,3.7825999982032954e-05,0.000130222000024105,7.2899999850051245e-06,1.1332999974911218e-05,0.00011888900004919378,4.614000005176422e-06,96,False
180,4.0992000009509866e-05,9.123899999963214e-05,6.5419999941696005e-06,7.533000001558321e-06,8.370599999807382e-05,3.500000019585059e-06,96,False
181,3.871899997420769e-05,8.92529999987346e-05,6.651999996165614e-06,7.087000000183252e-06,8.216599999855134e-05,3.6650000083682244e-06,96,False
182,3.7585000001172375e-05,8.727499999849897e-05,6.208999991486053e-06,6.657999989556629e-06,8.061700000894234e-05,3.4179999772732117e-06,96,False
183,3.779300001838237e-05,8.84129999860761e-05,6.311000021241853e-06,7.100000004811591e-06,8.131299998126451e-05,3.4150000089994137e-06,96,False
184,3.715500000112115e-05,8.786400002236405e-05,6.116000008660194e-06,6.734000010055752e-06,8.11300000123083e-05,3.5190000176044123e-06,96,False
185,3.712099999120255e-05,0.00013434900000675043,6.686999995508813e-06,1.2034000008043222e-05,0.0001223149999987072,5.2139999979772256e-06,96,False
186,3.9977999989559976e-05,9.161500000232081e-05,6.111999994118378e-06,7.489000012128599e-06,8.412599999019221e-05,3.9990000004763715e-06,96,False
187,3.793100000848426e-05,9.130700001946934e-05,6.329000001414897e-06,7.6190000015685655e-06,8.368800001790078e-05,3.7339999892083142e-06,96,False
188,3.802500000915643e-05,9.113499999102714e-05,6.24599999810016e-06,7.567000011476921e-06,8.356799997955022e-05,3.821999996489467e-06,96,False
189,3.742900000247573e-05,8.902799999077615e-05,6.049000006669303e-06,7.4699999856875365e-06,8.155800000508862e-05,3.71599998061356e-06,96,False
190,3.6217999991094985e-05,8.804999998801577e-05,6.002000020544074e-06,7.2269999975560495e-06,8.082299999045972e-05,3.729000013663608e-06,96,False
191,3.742100000181381e-05,0.00010498699998606753,6.637000012688077e-06,1.0059000004503105e-05,9.492799998156443e-05,4.240999999183259e-06,96,False
192,4.048799999623043e-05,8.936999998354622e-05,6.344000013314144e-06,7.344000010789387e-06,8.202599997275684e-05,3.496999994467842e-06,96,False
193,3.7674999987302726e-05,8.842700000855075e-05,6.077999984199778e-06,7.167999996227081e-06,8.125900001232367e-05,3.500999980587949e-06,96,False
194,6.431299999576368e-05,9.835099999122576e-05,6.568999992850877e-06,8.67400001425267e-06,8.967699997697309e-05,3.968999976677878e-06,96,False
195,3.8953999990098964e-05,8.868000000461507e-05,6.2649999961195135e-06,7.2349999982179725e-06,8.14450000063971e-05,3.947999999809326e-06,96,False
196,3.698499997994986e-05,8.809799999198731e-05,5.947999994759812e-06,7.527999997591905e-06,8.05699999943954e-05,3.460000016275444e-06,96,False
197,5.55630000178553e-05,9.845900001437258e-05,6.829000000152519e-06,9.798000007776864e-06,8.866100000659571e-05,4.26299999389812e-06,96,False
198,3.893799998877512e-05,8.976000000870954e-05,6.146000004036978e-06,7.156999998869651e-06,8.260300000983989e-05,3.698999989865115e-06,96,False
199,3.804799999329589e-05,0.00012581400000044596,9.116999990510521e-06,1.4028999999027292e-05,0.00011178500000141867,5.9799999974075035e-06,96,False
200,4.825600001368002e-05,9.731800000167823e-05,6.772999995519058e-06,8.157999985769493e-06,8.916000001590874e-05,4.147999987935691e-06,96,False
201,3.9809000014656704e-05,9.057299999426505e-05,6.484000010686941e-06,7.259000000203741e-06,8.33139999940613e-05,3.612000000430271e-06,96,False
202,3.821399999992536e-05,0.00014971999999602303,8.82199998386568e-06,7.5140000035389676e-06,0.00014220599999248407,3.8029999984701135e-06,96,False
203,5.3234999995765975e-05,0.00010113700000147219,6.809000012708566e-06,8.836999995764927e-06,9.230000000570726e-05,4.920000009178693e-06,96,False
204,4.08649999883437e-05,9.42460000032952e-05,6.225999982234498e-06,7.792000019435363e-06,8.645399998385983e-05,3.849000023592453e-06,96,False
205,3.884500000594926e-05,0.00010304100001690131,6.959999979017084e-06,9.828000003153647e-06,9.321300001374766e-05,4.383999993251564e-06,96,False
206,4.0959000017437575e-05,0.000137085999995179,6.855999998833795e-06,7.64799997909904e-06,0.00012943800001607997,6.4140000120005425e-06,96,False
207,4.094400000553833e-05,9.100500000158718e-05,5.990000005340335e-06,7.528999987016505e-06,8.347600001457067e-05,3.93299998791008e-06,96,False
208,3.774200001771533e-05,8.807199998273063e-05,5.9410000119441975e-06,7.293999999546941e-06,8.077799998318369e-05,3.660999993826408e-06,96,False
209,3.760399999919173e-05,0.00010131400000545909,6.093999985523624e-06,6.954000014047779e-06,9.435999999141131e-05,3.5749999938161636e-06,96,False
210,3.837600002043473e-05,8.863100001121893e-05,4.618899998831694e-05,7.109999984322712e-06,8.152100002689622e-05,3.652999993164485e-06,96,False
211,5.708200001208752e-05,9.717999998315463e-05,6.799999994200334e-06,8.376000010912321e-06,8.880399997224231e-05,4.21699999719749e-06,96,False
212,3.930400001195267e-05,8.969900000010966e-05,6.2260000106562075e-06,7.514999992963567e-06,8.21840000071461e-05,3.656999979284592e-06,96,False
213,3.8244999984726746e-05,8.814999998207895e-05,6.272000007356837e-06,7.229000004826958e-06,8.0920999977252e-05,3.5829999944780866e-06,96,False
214,3.854999999930442e-05,8.873900000594404e-05,6.17800000668467e-06,7.547999985035858e-06,8.119100002090818e-05,3.7709999958224216e-06,96,False
215,3.743000002032204e-05,8.651999999642612e-05,6.364999990182696e-06,7.087999989607852e-06,7.943200000681827e-05,3.49900000173875e-06,96,False
216,3.6455000014257166e-05,0.00011567100000320352,6.581999997479215e-06,6.41700000869605e-06,0.00010925399999450747,3.4880000043813197e-06,96,False
217,4.428200000461402e-05,9.151399999041132e-05,5.985999990798518e-06,7.627999991655088e-06,8.388599999875623e-05,4.169000021647662e-06,96,False
218,3.853300000855597e-05,9.006899998098561e-05,6.423000002087065e-06,7.173999989618096e-06,8.289499999136751e-05,3.438999982563473e-06,96,False
219,3.730499997800507e-05,8.814499997811254e-05,6.090999988828116e-06,7.12400000679736e-06,8.102099997131518e-05,3.877000011698328e-06,96,False
220,3.6330999989786505e-05,8.673199999975623e-05,5.940999983522488e-06,7.170000003497989e-06,7.956199999625824e-05,3.456000001733628e-06,96,False
221,3.6184000009598094e-05,9.182700000565092e-05,5.920000006653936e-06,8.823999991136589e-06,8.300300001451433e-05,3.523000003724519e-06,96,False
222,3.628299998581497e-05,0.00016083599999205944,7.275999990952187e-06,7.416999977749583e-06,0.00015341900001430986,3.233999990470693e-06,96,False
223,4.936400000588037e-05,9.669400000689166e-05,6.674000019302184e-06,8.083000011538388e-06,8.861099999535327e-05,4.2679999978645355e-06,96,False
224,3.954199999611774e-05,9.152100000164864e-05,6.235999990167329e-06,7.696000011492288e-06,8.382499999015636e-05,3.46499999182015e-06,96,False
225,3.729399998064764e-05,8.860799999865776e-05,6.41700000869605e-06,7.405000019389263e-06,8.12029999792685e-05,3.431999999747859e-06,96,False
226,3.728600000840743e-05,8.847399999467598e-05,6.146999993461577e-06,7.1640000101069745e-06,8.1309999984569e-05,3.423999999085936e-06,96,False
227,3.665399998453722e-05,9.965600000327868e-05,6.579000000783708e-06,9.726000001819557e-06,8.993000000145912e-05,4.101999991235061e-06,96,False
228,3.949699998884171e-05,0.00012309600001003673,6.9419999988440395e-06,9.549999987257252e-06,0.00011354600002277948,4.3649999952322105e-06,96,False
229,4.1629999998349376e-05,9.289700000181256e-05,6.479999996145125e-06,8.060999988401818e-06,8.483600001341074e-05,3.703000004406931e-06,96,False
230,3.858400000922302e-05,9.042799999292583e-05,5.8369999749174895e-06,7.284999981038709e-06,8.314300001188712e-05,3.268000000389293e-06,96,False
231,3.776500000185479e-05,8.851100000129009e-05,5.959999981541841e-06,7.4390000008861534e-06,8.107200000040393e-05,3.63600000241604e-06,96,False
232,3.834199998209442e-05,0.00010189799999693605,6.2000000013995304e-06,7.424999978411506e-06,9.447300001852454e-05,3.460000016275444e-06,96,False
233,3.8544999995338e-05,0.00017179900001451642,7.783000000927132e-06,1.5714999989313583e-05,0.00015608400002520284,6.111999994118378e-06,96,False
234,5.332899999643814e-05,0.00010258000000362699,6.392999978288572e-06,8.909000001722234e-06,9.367100000190476e-05,4.854999986037001e-06,96,False
235,4.058700000086901e-05,9.225899998455134e-05,6.089999999403517e-06,7.867999983091067e-06,8.439100000146027e-05,3.800000001774606e-06,96,False
236,3.8267999997287916e-05,8.966599997961566e-05,5.495000010569129e-06,7.391000025336325e-06,8.227499995427934e-05,3.6010000030728406e-06,96,False
237,3.7756000011768265e-05,8.824799999729294e-05,5.770000001348308e-06,7.001000000173008e-06,8.124699999711993e-05,3.5840000123243954e-06,96,False
238,3.7129000020286185e-05,8.801900000321439e-05,5.764999997381892e-06,7.35100002202671e-06,8.066799998118768e-05,3.431999999747859e-06,96,False
239,3.682599998455771e-05,0.00012085599999522856,6.1659999914809305e-06,7.433999996919738e-06,0.00011342199999830882,3.246000005674432e-06,96,False
240,4.231700000900673e-05,9.386400000721551e-05,5.866999998715983e-06,7.866000004241869e-06,8.599800000297364e-05,4.009999997833802e-06,96,False
241,3.850300001317919e-05,8.894300000861222e-05,5.750000013904355e-06,7.229000004826958e-06,8.171400000378526e-05,3.5669999931542407e-06,96,False
242,3.791300002831122e-05,8.812100000454848e-05,5.766999976231091e-06,7.194000005483758e-06,8.092699999906472e-05,3.4070000083374907e-06,96,False
243,3.710900000442052e-05,8.625199998846256e-05,5.497999978842927e-06,6.455000004734757e-06,7.97969999837278e-05,3.46499999182015e-06,96,False
244,3.66790000043693e-05,8.575499998642044e-05,5.48200000594079e-06,6.883999986939671e-06,7.887099999948077e-05,3.4070000083374907e-06,96,False
245,3.673900002354458e-05,0.00011005100000716084,7.207999999536696e-06,6.949000010081363e-06,0.00010310199999707947,3.3059999964279996e-06,96,False
246,4.4207000001961205e-05,9.260900000640504e-05,5.874000009953306e-06,7.814000014150224e-06,8.479499999225482e-05,4.18299998727889e-06,96,False
247,3.732600001171704e-05,8.727600001634528e-05,5.5619999841383105e-06,7.183999997550927e-06,8.009200001879435e-05,3.3420000136175076e-06,96,False
248,3.6492000020871274e-05,8.541500000092128e-05,5.3890000231149315e-06,7.030000006125192e-06,7.838499999479609e-05,3.4359999858679657e-06,96,False
249,3.623199998514792e-05,8.82369999999355e-05,5.327999986093346e-06,7.119000002830944e-06,8.111799999710456e-05,3.4739999819066725e-06,96,False
250,3.716899999517409e-05,8.66199999904893e-05,5.366000010553762e-06,6.934999987606716e-06,7.968500000288259e-05,3.278000008322124e-06,96,False
251,3.6628999993126854e-05,8.67599999878621e-05,5.556999980171895e-06,7.1019999836607894e-06,7.965800000420131e-05,3.1940000155827875e-06,96,False
252,7.373199997573465e-05,9.852599998794176e-05,5.9519999808799184e-06,8.859999979904387e-06,8.966600000803737e-05,4.264000011744429e-06,96,False
253,3.90019999940705e-05,8.986500000673914e-05,5.358999999316438e-06,7.764000002907778e-06,8.210100000383136e-05,3.6270000123295176e-06,96,False
254,3.691400002026057e-05,8.741499999587177e-05,5.3739999827939755e-06,7.366999994928847e-06,8.004800000094292e-05,3.4429999971052894e-06,96,False
255,3.6843999993152465e-05,8.715600000641643e-05,5.286000003934532e-06,7.133999986308481e-06,8.002200002010795e-05,3.6090000037347636e-06,96,False
256,3.747399998133005e-05,9.813199997665834e-05,6.643000006079092e-06,7.119000002830944e-06,9.101299997382739e-05,3.545999987863979e-06,96,False
257,3.749199998992481e-05,8.688799999845287e-05,6.578000011359109e-06,7.044999989602729e-06,7.984300000885014e-05,3.593999991835517e-06,96,False
258,6.446699998718941e-05,9.712499999636748e-05,6.860000013375611e-06,8.835000016915728e-06,8.828999997945175e-05,4.324999991922596e-06,96,False
259,3.932600000666753e-05,8.86930000092434e-05,6.248000005371068e-06,7.328000009465541e-06,8.136499999977787e-05,3.5350000189282582e-06,96,False
260,3.7539000004471745e-05,8.934200002386206e-05,5.589000011241296e-06,7.1460000015122205e-06,8.219600002234984e-05,3.7270000063927e-06,96,False
261,3.714300001433912e-05,8.718699999121782e-05,5.60800000926065e-06,7.507999981726243e-06,7.967900000949157e-05,3.4210000023904286e-06,96,False
262,7.025700000440338e-05,0.0001003670000159218,6.071999990808763e-06,1.0346999999910622e-05,9.002000001601118e-05,4.496999991943085e-06,96,False
263,3.949099999545069e-05,8.835500000259344e-05,5.816999987473537e-06,7.3079999935998785e-06,8.104700000899356e-05,3.3989999792538583e-06,96,False
264,3.768500002365727e-05,8.769000001507266e-05,6.387000013319266e-06,7.054000008110961e-06,8.06360000069617e-05,3.3949999931337516e-06,96,False
265,3.579999997782579e-05,0.00014526699999350967,6.960999996863393e-06,6.772999995519058e-06,0.0001384939999979906,3.165000009630603e-06,96,False
266,5.131100002131461e-05,9.707600000297134e-05,5.650000019841173e-06,8.417000003646535e-06,8.86589999993248e-05,4.357999983994887e-06,96,False
267,3.804300001775118e-05,0.00012813900002583978,6.310000003395544e-06,7.665999987693795e-06,0.00012047300003814598,3.7179999878844683e-06,96,False
268,4.54749999789783e-05,9.392999999136009e-05,5.886999986159935e-06,8.199000006925417e-06,8.573099998443467e-05,4.287999985308488e-06,96,False
269,3.7701999985984e-05,8.951200001661164e-05,5.396000005930546e-06,7.359999983691523e-06,8.215200003292011e-05,3.420999973968719e-06,96,False
270,3.8861999996697705e-05,8.940199998619391e-05,6.431999992173587e-06,7.217000018044928e-06,8.218499996814899e-05,3.5340000010819494e-06,96,False
271,3.776200000515928e-05,8.750800000711934e-05,6.213000006027869e-06,7.00999999025953e-06,8.04980000168598e-05,3.3789999918099056e-06,96,False
272,3.661100001295381e-05,8.816399997613189e-05,5.3009999874120695e-06,7.148999998207728e-06,8.101499997792416e-05,3.642999985231654e-06,96,False
273,3.6640000018905994e-05,0.00011339499999962754,6.240999994133745e-06,7.162000002836066e-06,0.00010623299999679148,3.418000005694921e-06,96,False
274,4.42779999900722e-05,9.230300000240277e-05,6.151999997427993e-06,7.609999983060334e-06,8.469300001934243e-05,3.837999997813313e-06,96,False
275,3.7355000017669227e-05,0.0001216770000098677,8.485999984486625e-06,1.3225999992982906e-05,0.00010845100001688479,5.934999990131473e-06,96,False
276,4.710700000032375e-05,9.327700001904304e-05,7.765999981756977e-06,8.165999986431416e-06,8.511100003261163e-05,3.921999990552649e-06,96,False
277,3.968600000803235e-05,9.121000002210167e-05,6.662999993523044e-06,7.834000001594177e-06,8.337600002050749e-05,3.3949999931337516e-06,96,False
278,3.8738000000648753e-05,8.926099999939652e-05,6.400000017947605e-06,7.446000012123477e-06,8.181499998727304e-05,3.5460000162856886e-06,96,False
279,3.9158000021188855e-05,0.00014444699999671684,8.949999994456448e-06,1.4413000002377885e-05,0.00013003399999433896,5.993000002035842e-06,96,False
280,4.717699999901015e-05,9.587700000679433e-05,6.913999982316454e-06,8.513000011589611e-06,8.736399999520472e-05,4.134000022304463e-06,96,False
281,4.002800000080242e-05,0.00010323900002617847,7.165999988956173e-06,1.000800000383606e-05,9.323100002234241e-05,4.713999999239604e-06,96,False
282,4.197800001293217e-05,9.128199999963726e-05,6.431000002748988e-06,7.850999992342622e-06,8.343100000729464e-05,3.6699999839129305e-06,96,False
283,3.872899998214052e-05,8.917100001326617e-05,6.326999994143989e-06,7.382999996252693e-06,8.178800001701347e-05,3.6999999792897142e-06,96,False
284,3.7585000001172375e-05,0.00012819799999874704,6.909000006771748e-06,7.594000010158197e-06,0.00012060399998858884,3.660000004401809e-06,96,False
285,4.1197999991027245e-05,9.190499997657753e-05,3.9475999983551446e-05,8.037000014837758e-06,8.386799996173977e-05,3.6980000004405156e-06,96,False
286,4.439599999273014e-05,9.165599999505503e-05,6.3150000073619594e-06,7.745000004888425e-06,8.39109999901666e-05,3.934000005756388e-06,96,False
287,3.7620999989940174e-05,8.78849999992326e-05,5.633000000671018e-06,6.968999997525316e-06,8.091600000170729e-05,3.6000000136482413e-06,96,False
288,3.731699999320881e-05,8.773600001177329e-05,5.53899999999885e-06,6.939000002148532e-06,8.079700000962475e-05,3.44200000768069e-06,96,False
289,3.7551000019675485e-05,8.730999999784217e-05,5.452999999988606e-06,7.2919999922760326e-06,8.001800000556614e-05,3.7199999951553764e-06,96,False
290,3.618000002347799e-05,0.00012978699999166565,5.800999986149691e-06,1.1016000001973225e-05,0.00011877099998969243,4.504000003180408e-06,96,False
291,3.989500001466695e-05,8.874499999933505e-05,5.369999996673869e-06,7.30599998632897e-06,8.143900001300608e-05,3.7720000136687304e-06,96,False
292,3.7267000010388074e-05,8.886200001256839e-05,5.471999998007959e-06,7.535999998253828e-06,8.132600001431456e-05,3.321000008327246e-06,96,False
293,3.694200000836645e-05,8.778399998732311e-05,5.601999987447925e-06,7.4879999942822906e-06,8.029599999304082e-05,3.747000022258362e-06,96,False
294,3.6694000016268546e-05,0.00010532000001717279,5.919000017229337e-06,1.0363000001234468e-05,9.495700001593832e-05,4.34300000051735e-06,96,False
295,4.0033999994193437e-05,8.916900000599526e-05,5.378999986760391e-06,7.4590000167518156e-06,8.170999998924344e-05,3.593999991835517e-06,96,False
296,3.7984999977425105e-05,0.00010544999997819104,5.810999994082522e-06,1.000799997541435e-05,9.54420000027767e-05,4.171000000496861e-06,96,False
297,3.955299999347517e-05,8.917900001392809e-05,5.67600000067614e-06,7.710000005545226e-06,8.146900000838286e-05,3.6699999839129305e-06,96,False
298,3.70650000149908e-05,9.038800001803793e-05,5.853000004663045e-06,7.329999988314739e-06,8.305800002972319e-05,3.6189999832458852e-06,96,False
299,3.884100001982915e-05,8.961800000406583e-05,5.6949999986954936e-06,6.844000012051765e-06,8.277399999201407e-05,3.4329999891724583e-06,96,False
300,3.7138999999797306e-05,8.983000000739594e-05,5.872000002682398e-06,7.3600000121132325e-06,8.24699999952827e-05,3.6000000136482413e-06,96,False
301,3.71690000235958e-05,8.83079999880465e-05,5.458000003955021e-06,7.221000004165035e-06,8.108699998388147e-05,3.4429999971052894e-06,96,False
302,3.7839000015083e-05,0.00013773699998864686,6.26899998223962e-06,1.1666999995441074e-05,0.00012606999999320578,5.042000026378446e-06,96,False
303,4.039099999886275e-05,9.012900000016089e-05,5.6949999986954936e-06,7.379000010132586e-06,8.27499999900283e-05,3.716999998459869e-06,96,False
304,3.7472000002480854e-05,8.836099999598446e-05,5.625000000009095e-06,6.904999992229932e-06,8.145600000375453e-05,3.5089999812498718e-06,96,False
305,3.747600001702267e-05,8.874700000660596e-05,5.47100000858336e-06,7.148999998207728e-06,8.159800000839823e-05,3.7300000030882074e-06,96,False
306,3.725799999187984e-05,8.727799999519448e-05,5.4099999999834836e-06,7.282000012764911e-06,7.999599998242957e-05,3.523000003724519e-06,96,False
307,3.729699997734315e-05,8.734200000048986e-05,6.329999990839497e-06,7.278999987647694e-06,8.006300001284217e-05,3.4590000268508447e-06,96,False
308,0.000528228999996827,0.00014965199997618583,9.492000003774592e-06,1.6569999985449613e-05,0.00013308199999073622,6.102000014607256e-06,96,False
309,5.1990999992312936e-05,0.00011111800000662697,8.242000006930539e-06,9.728000009090465e-06,0.0001013899999975365,4.611000008480914e-06,96,False
310,4.4322999997348234e-05,9.060700000418365e-05,0.00013822600001844876,7.68200001743935e-06,8.29249999867443e-05,3.641999995807055e-06,96,False
311,0.00011656399999537825,0.00019867099999260063,1.054300000191688e-05,1.5123000025596411e-05,0.00018354799996700422,7.035999999516207e-06,96,False
312,4.8493000008420495e-05,9.832300000311989e-05,7.1019999836607894e-06,8.83300000964482e-06,8.948999999347507e-05,4.515000000537839e-06,96,False
313,4.1143000004240093e-05,9.29839999912474e-05,6.6859999776625045e-06,8.05799999170631e-06,8.492599999954109e-05,3.817999981947651e-06,96,False
314,3.987300001995209e-05,9.091600000488143e-05,6.788999996842904e-06,7.4229999995623075e-06,8.349300000531912e-05,3.4749999997529812e-06,96,False
315,3.9087999994080747e-05,9.03819999962252e-05,6.4140000120005425e-06,7.531999983712012e-06,8.285000001251319e-05,3.6049999891929474e-06,96,False
316,3.7847999976747815e-05,8.822099999861166e-05,6.310000003395544e-06,7.528999987016505e-06,8.069200001159516e-05,3.2719999865093996e-06,96,False
317,3.7163000001783075e-05,8.868000000461507e-05,6.2000000013995304e-06,7.56800000090152e-06,8.111200000371355e-05,3.3970000004046597e-06,96,False
318,7.286100000669649e-05,9.738299999639821e-05,6.847999998171872e-06,9.572999999818421e-06,8.780999999657979e-05,4.1529999919021066e-06,96,False
319,3.955399998289977e-05,8.940699999016033e-05,6.431000002748988e-06,7.32899999889014e-06,8.207799999127019e-05,3.2709999970848003e-06,96,False
320,3.8019000015765414e-05,0.00010307099998385638,6.5130000166391255e-06,7.292000020697742e-06,9.577899996315864e-05,3.523000003724519e-06,96,False
321,3.834000000324522e-05,8.719499999187974e-05,6.0480000172447035e-06,7.2659999830193556e-06,7.992900000886038e-05,3.254000006336355e-06,96,False
322,3.635799998846778e-05,8.515400000419504e-05,6.116999998084793e-06,6.538000008049494e-06,7.861599999614555e-05,3.3080000036989077e-06,96,False
323,3.718400000707334e-05,8.637599998451151e-05,6.009999992784287e-06,7.147000019358529e-06,7.922899996515298e-05,3.2629999964228773e-06,96,False
324,5.8715999983860456e-05,9.826100000509541e-05,6.41700000869605e-06,9.557999987919175e-06,8.870300001717624e-05,4.204999981993751e-06,96,False
325,3.836800001977281e-05,8.875000000330147e-05,1.6638000005286813e-05,7.523000022047199e-06,8.122699998125427e-05,3.2799999871713226e-06,96,False
326,5.474700000718258e-05,9.483200000204306e-05,6.250000012641976e-06,8.359000020163876e-06,8.647299998187918e-05,3.969999994524187e-06,96,False
327,3.792199998997603e-05,8.801299998140166e-05,5.570000013221943e-06,7.193000016059159e-06,8.08199999653425e-05,3.3620000010614604e-06,96,False
328,3.719100001831066e-05,8.721099999320359e-05,5.9590000205389515e-06,7.3239999949237244e-06,7.988699999827986e-05,3.3929999858628435e-06,96,False
329,6.352999997716324e-05,0.00031029900000589805,9.23199999647295e-06,1.2477000012722783e-05,0.00029782199999317527,5.740000005971524e-06,96,False
330,5.314800000633113e-05,0.00010118500000544373,6.995999996206592e-06,9.085000016284539e-06,9.209999998915919e-05,4.735000004529866e-06,96,False
331,4.047400000217749e-05,9.211800002617565e-05,6.530000007387571e-06,7.552999989002274e-06,8.456500003717338e-05,3.7020000149823318e-06,96,False
332,3.910899999937101e-05,9.205699998915406e-05,6.466999991516786e-06,7.474999989653952e-06,8.458199999950011e-05,3.945999992538418e-06,96,False
333,3.863599999931466e-05,9.005200001865887e-05,6.662999993523044e-06,7.510000017418861e-06,8.254200000124001e-05,3.850000013017052e-06,96,False
334,3.7585999990596974e-05,0.00013224699998204414,6.9869999776983605e-06,1.1900999993486039e-05,0.0001203459999885581,4.447999998546948e-06,96,False
335,4.0503999997554274e-05,9.077600000750863e-05,6.26800002123673e-06,7.232999990947064e-06,8.354300001656156e-05,3.695000003745008e-06,96,False
336,3.84379999900375e-05,9.115199998177559e-05,6.4429999895310175e-06,7.3239999949237244e-06,8.382799998685186e-05,3.5260000004200265e-06,96,False
337,3.7813000005826325e-05,8.895400000596965e-05,6.021000018563427e-06,7.448999980397275e-06,8.150500002557237e-05,3.436000014289675e-06,96,False
338,3.721500002029643e-05,8.800200001246594e-05,5.942999990793396e-06,7.280000005494003e-06,8.072200000697194e-05,3.502999987858857e-06,96,False
339,3.705899999317808e-05,8.77760000150829e-05,5.5250000059459126e-06,7.111000002169021e-06,8.066500001291388e-05,3.428000013627752e-06,96,False
340,3.741099999388098e-05,0.00013417899998557914,7.0750000134012225e-06,1.248000000941829e-05,0.00012169899997616085,5.28800001120544e-06,96,False
341,4.1176999985736984e-05,9.190500000499924e-05,5.861999994749567e-06,8.174999976517938e-06,8.37300000284813e-05,3.906999978653403e-06,96,False
342,3.8030000013122844e-05,8.791499999460939e-05,5.494999982147419e-06,7.399999987001138e-06,8.051500000760825e-05,3.423999999085936e-06,96,False
343,5.188500000485874e-05,8.974099998226848e-05,5.556000019169005e-06,7.417000006171293e-06,8.232399997609718e-05,3.6730000090301473e-06,96,False
344,3.704400000970054e-05,8.347600001457067e-05,5.340999990721684e-06,6.721999994852013e-06,7.675400001971866e-05,3.4610000057000434e-06,96,False
345,3.516000001013708e-05,8.536800001479605e-05,5.4889999887564045e-06,6.943999977693238e-06,7.842400003710281e-05,3.1769999964126328e-06,96,False
346,3.6424000001034074e-05,0.0001226960000053623,5.724000004647678e-06,7.141999986970404e-06,0.00011555400001839189,6.055999989484917e-06,96,False
347,3.9022999999360763e-05,8.725399999320871e-05,5.065999999942505e-06,7.651999993640857e-06,7.960199999956785e-05,3.7570000017694838e-06,96,False
348,3.689300001497031e-05,8.483000002001972e-05,5.276000024423411e-06,6.7019999789863505e-06,7.812800004103337e-05,3.5300000149618427e-06,96,False
349,3.606699999636476e-05,8.437699997898562e-05,5.256999997982348e-06,6.818000002795088e-06,7.755899997619053e-05,3.3780000023853063e-06,96,False
350,3.631699999573357e-05,8.280100001911705e-05,5.367999989402961e-06,6.981000012729055e-06,7.5820000006388e-05,3.300999992461584e-06,96,False
351,3.511500000286105e-05,8.368500002120527e-05,5.0809999834200426e-06,7.04400000017813e-06,7.664100002102714e-05,3.2250000003841706e-06,96,False
352,3.542700000025434e-05,8.29589999966629e-05,1.8103000002156477e-05,6.689999992204321e-06,7.626900000445858e-05,3.423999999085936e-06,96,False
353,5.275899999901412e-05,8.983600000078695e-05,5.616999999347172e-06,7.758000009516763e-06,8.207799999127019e-05,3.7140000017643615e-06,96,False
354,3.717900000310692e-05,8.53159999962827e-05,5.19700000722878e-06,7.334999992281155e-06,7.798100000400154e-05,3.2810000050176313e-06,96,False
355,3.642499999045867e-05,0.00015260500001090804,8.827999977256695e-06,1.208199998359305e-05,0.000140523000027315,4.914000015787678e-06,96,False
356,5.7806999990361874e-05,0.00010057099999016827,7.277999998223095e-06,8.425999993733058e-06,9.214499999643522e-05,5.0760000078753365e-06,96,False
357,4.0455999993582736e-05,8.966400000076646e-05,6.630000001450753e-06,7.767999989027885e-06,8.189600001173858e-05,3.804999977319312e-06,96,False
358,3.732700000114164e-05,0.00036991400000374597,2.061700001831923e-05,5.296800000564872e-05,0.00031694599999809725,7.650999975794548e-06,96,False
359,0.00015871799999445102,0.000152269000011529,8.806000010963544e-06,1.4410999995106977e-05,0.000137858000016422,7.89899999631416e-06,96,False
360,5.447199998798169e-05,0.00010620899999480571,7.239000012759789e-06,9.296000001768334e-06,9.691299999303737e-05,4.036000007090479e-06,96,False
361,4.73719999831701e-05,9.74479999911182e-05,9.51960000179497e-05,8.257000018829785e-06,8.919099997228841e-05,3.870999989885604e-06,96,False
362,0.00010112800001138567,0.0001507659999901989,1.1075999992726793e-05,1.2624999982335794e-05,0.0001381410000078631,7.081000006792237e-06,96,False
363,5.060499998421619e-05,9.149699999966288e-05,7.379999999557185e-06,7.822000014812147e-06,8.367499998485073e-05,3.942999995842911e-06,96,False
364,7.699099998603742e-05,0.0001326130000052217,7.586999998920874e-06,1.2429000008751245e-05,0.00012018399999647045,5.176000001938519e-06,96,False
365,4.010899999684625e-05,9.035899998366403e-05,5.974999993441088e-06,8.04699999434888e-06,8.231199998931515e-05,3.4419999792589806e-06,96,False
366,3.888099999471706e-05,8.958700001926445e-05,6.71399999419009e-06,8.044999987077972e-06,8.154200003218648e-05,3.598000006377333e-06,96,False
367,3.7119000012353354e-05,8.854999998675339e-05,5.649000001994864e-06,7.242000009455296e-06,8.13079999772981e-05,3.448000001071705e-06,96,False
368,3.69950000163044e-05,8.794000001444147e-05,6.356999989520773e-06,7.194000005483758e-06,8.074600000895771e-05,3.711000005068854e-06,96,False
369,3.687000000240914e-05,8.586100000229635e-05,6.627000004755246e-06,7.1829999797046185e-06,7.867800002259173e-05,3.356999997095045e-06,96,False
370,3.571800002077907e-05,0.00012043300000641466,6.904000002805333e-06,6.9259999975201936e-06,0.00011350700000889447,1.7624999998133717e-05,96,False
371,3.9647999983571935e-05,8.977499999218708e-05,5.684000001338063e-06,8.00099999764825e-06,8.177399999453883e-05,3.842000012355129e-06,96,False
372,3.705699998590717e-05,8.412599999019221e-05,5.431999994698344e-06,7.04400000017813e-06,7.708199999001408e-05,3.4960000050432427e-06,96,False
373,3.5101000008808114e-05,8.47860000021683e-05,5.4180000006454065e-06,7.011999997530438e-06,7.777400000463786e-05,3.4960000050432427e-06,96,False
374,3.5920000016176346e-05,8.453000000940847e-05,9.453000018311286e-06,6.7800000067563815e-06,7.775000000265209e-05,3.3849999852009205e-06,96,False
375,7.541799999444265e-05,0.00010721099999955186,6.888000001481487e-06,1.0274000004528716e-05,9.693699999502314e-05,5.387999976846913e-06,96,False
376,3.9851000025237227e-05,0.0001427400000011403,8.072000014180958e-06,1.4458999999078515e-05,0.00012828100000206177,8.622000024161025e-06,96,False
377,4.334600001243416e-05,9.226399998851775e-05,6.460000008701172e-06,8.328999996365383e-06,8.393499999215237e-05,3.700999997136023e-06,96,False
378,3.7789000003840556e-05,0.00030611399998292654,1.452199998652759e-05,7.381000017403494e-06,0.00029873299996552305,3.47600001759929e-06,96,False
379,9.84719999905792e-05,0.00029292499999655774,9.176999981264089e-06,1.832999998896412e-05,0.0002745950000075936,7.931999988386451e-06,96,False
380,5.53919999788377e-05,0.00010904600000571918,7.003000007443916e-06,1.0131000010460411e-05,9.891499999525877e-05,4.415999995899256e-06,96,False
381,4.408899999930327e-05,0.00011140600000203449,6.444999996801926e-06,7.75000000885484e-06,0.00010365599999317965,3.719000005730777e-06,96,False
382,4.2180000008329444e-05,9.280199998329408e-05,6.455000004734757e-06,7.605999996940227e-06,8.519599998635385e-05,3.921999990552649e-06,96,False
383,3.983400000606707e-05,9.086099998967256e-05,6.208000002061453e-06,7.059000012077377e-06,8.380199997759519e-05,3.6619999832510075e-06,96,False
384,3.839900000457419e-05,8.70749999819509e-05,5.7919999960631685e-06,6.972000022642533e-06,8.010299995930836e-05,3.5120000063670886e-06,96,False
385,3.71729999812942e-05,0.00022562899999911679,1.2493000014046629e-05,2.1796999988055177e-05,0.0002038320000110616,7.76199999563687e-06,96,False
386,5.8136000006925315e-05,9.492499998486892e-05,7.052000000840053e-06,8.610000008957286e-06,8.631499997591163e-05,4.028999995853155e-06,96,False
387,3.9273999988154173e-05,8.860399998411594e-05,6.383999988202049e-06,7.794999987709161e-06,8.080899999640678e-05,3.843000001779728e-06,96,False
388,3.711499999781154e-05,8.482800001274882e-05,6.126999977595915e-06,6.972000022642533e-06,7.785599999010628e-05,3.3480000070085225e-06,96,False
389,3.651700001228164e-05,0.0003661229999920579,1.3348000010182659e-05,6.821999988915195e-06,0.0003593010000031427,3.3219999977518455e-06,96,False
390,0.00015149600000086139,0.00011625800001979769,9.820000002491724e-06,1.2602999987620933e-05,0.00010365500003217676,6.101999986185547e-06,96,False
391,4.3855999990682903e-05,9.000400001468734e-05,6.562999999459862e-06,7.702999994307902e-06,8.230100002037943e-05,3.886000001784851e-06,96,False
392,3.803699999593846e-05,8.519299998965835e-05,5.683000011913464e-06,6.928000004791102e-06,7.826499998486725e-05,3.664999979946515e-06,96,False
393,3.613999999174666e-05,0.00010355300000242096,6.579999990208307e-06,1.0094000003846304e-05,9.345899999857465e-05,4.321999995227088e-06,96,False
394,3.856999998674837e-05,8.616900001356953e-05,6.313999989515651e-06,7.428999992953322e-06,7.874000002061621e-05,3.515000003062596e-06,96,False
395,3.6536999999725595e-05,8.536499998967884e-05,5.849999979545828e-06,7.595000028004506e-06,7.776999996167433e-05,3.5019999984342576e-06,96,False
396,3.701199997863114e-05,8.55970000088746e-05,6.089000009978918e-06,7.0570000048064685e-06,7.854000000406813e-05,3.356999997095045e-06,96,False
397,3.6194999978533815e-05,8.527099998900667e-05,5.929999986165058e-06,6.863000010071119e-06,7.840799997893555e-05,3.41999998454412e-06,96,False
398,3.6227999999027816e-05,8.672600000636521e-05,6.028000001379041e-06,7.104000019353407e-06,7.96219999870118e-05,3.579999997782579e-06,96,False
399,3.6469000008310104e-05,0.00012189599999601342,6.768999980977242e-06,6.892999977026193e-06,0.00011500300001898722,3.24800001294534e-06,96,False
400,4.122500001813023e-05,9.053700000549725e-05,5.64200001917925e-06,7.763000013483179e-06,8.277399999201407e-05,3.872999997156512e-06,96,False
401,3.726999997866187e-05,8.553300000357922e-05,5.3459999946881e-06,7.3600000121132325e-06,7.817299999146599e-05,3.4880000043813197e-06,96,False
402,3.59740000135389e-05,0.00010282099998448757,5.826999995406368e-06,7.209999978385895e-06,9.561100000610168e-05,3.397999989829259e-06,96,False
403,3.7243999997826904e-05,8.59840000089207e-05,5.194999999957872e-06,7.315000004837202e-06,7.86690000040835e-05,3.3390000169220002e-06,96,False
404,3.642900000500049e-05,8.438300000079835e-05,5.318000006582224e-06,6.777000010060874e-06,7.760599999073747e-05,3.268000000389293e-06,96,False
405,3.540000000157306e-05,8.482900000217342e-05,5.28900000063004e-06,6.931000001486609e-06,7.78980000006868e-05,3.387999981896428e-06,96,False
406,3.6594999983208254e-05,8.388599999875623e-05,5.171999987396703e-06,7.0490000041445455e-06,7.683699999461169e-05,3.276999990475815e-06,96,False
407,3.58350000055907e-05,8.436900000674541e-05,5.3890000231149315e-06,6.6730000014558755e-06,7.769600000528953e-05,3.2639999858474766e-06,96,False
408,3.511500000286105e-05,8.315300001981996e-05,5.313999992040408e-06,6.867000024612935e-06,7.628599999520702e-05,3.24800001294534e-06,96,False
409,3.553999999894586e-05,9.922699999265205e-05,6.0849999954371015e-06,1.0191999990638578e-05,8.903500000201348e-05,4.1529999919021066e-06,96,False
410,3.8531000001285065e-05,8.642299999905845e-05,5.294999994021055e-06,7.395000011456432e-06,7.902799998760202e-05,3.555000006372211e-06,96,False
411,3.681299997992937e-05,8.52849999830596e-05,5.286999993359132e-06,7.2819999843432015e-06,7.80029999987164e-05,3.2330000010460935e-06,96,False
412,3.590299999700619e-05,8.138399999779722e-05,4.986000021744985e-06,7.114999988289128e-06,7.426900000950809e-05,2.9350000261274545e-06,96,False
413,3.450100001600731e-05,8.041000000957865e-05,5.119000007880459e-06,6.4169999802743405e-06,7.399300002930431e-05,3.2270000076550787e-06,96,False
414,3.384200002187754e-05,7.941699999491902e-05,5.4420000026311754e-06,6.566999985579969e-06,7.285000000933906e-05,2.8289999818298384e-06,96,False
415,3.481199999555429e-05,0.00010980400000448753,6.00699999608878e-06,7.049999993569145e-06,0.00010275400001091839,3.910999993195219e-06,96,False
416,4.352999999923668e-05,8.747199998992983e-05,5.138000005899812e-06,7.692999986375071e-06,7.977900000355476e-05,3.958999997166757e-06,96,False
417,3.537599999958729e-05,8.290400000987574e-05,5.1650000045810884e-06,7.005000014714824e-06,7.589899999516092e-05,3.3459999997376144e-06,96,False
418,3.480899999885878e-05,8.131199999183991e-05,4.813999993302787e-06,6.731000013360244e-06,7.458099997847967e-05,3.322000026173555e-06,96,False
419,3.405600000405684e-05,8.047100001817853e-05,5.146000006561735e-06,6.369000004724512e-06,7.410200001345402e-05,3.1689999957507098e-06,96,False
420,3.4802000016043166e-05,8.148199998458949e-05,5.103999995981212e-06,6.680000012693199e-06,7.48019999718963e-05,3.0650000155674206e-06,96,False
421,3.444399999352754e-05,8.172599999056729e-05,5.415000003949899e-06,6.718999998156505e-06,7.500699999241078e-05,3.3419999851957982e-06,96,False
422,3.4176000013985686e-05,0.00011678199999209937,5.561000023135421e-06,1.0126000006493996e-05,0.00010665599998560538,4.015999991224817e-06,96,False
423,3.731400002493501e-05,0.00011467099997730656,5.533999996032435e-06,1.193499997498293e-05,0.00010273600000232364,4.825999980084816e-06,96,False
424,3.758299999390147e-05,8.328399999868452e-05,4.850999999916894e-06,7.188000012092743e-06,7.609599998659178e-05,3.276000001051216e-06,96,False
425,3.6386999994419966e-05,8.233400001245172e-05,5.100000009861105e-06,6.354999982249865e-06,7.597900003020186e-05,3.3780000023853063e-06,96,False
426,5.884000000833112e-05,0.00011605800000324962,8.17199997982243e-06,1.2726000022666994e-05,0.00010333199998058262,5.404999996017068e-06,96,False
427,4.366699999991397e-05,0.0001077189999989514,7.257000021354543e-06,8.116999993035279e-06,9.960200000591612e-05,3.8450000090506364e-06,96,False
428,6.925199997454001e-05,0.0001018819999956122,6.6389999915372755e-06,9.097999992491168e-06,9.278400000312104e-05,4.875999991327262e-06,96,False
429,3.9315999998734696e-05,8.750100002430372e-05,5.720000018527571e-06,7.304999996904371e-06,8.019600002739935e-05,3.660999993826408e-06,96,False
430,3.662900002154856e-05,8.385700002122576e-05,5.064000021093307e-06,6.979000005458147e-06,7.687800001576761e-05,3.222000003688663e-06,96,False
431,3.5475000004225876e-05,8.273500000655076e-05,5.114000003914043e-06,6.490999993502555e-06,7.624400001304821e-05,3.454000022884429e-06,96,False
432,3.500399998301873e-05,8.3170999999993e-05,5.273999988730793e-06,6.51999999945474e-06,7.665100000053826e-05,3.356999997095045e-06,96,False
433,3.456700000015189e-05,8.082599998715523e-05,5.238999989387594e-06,6.659999996827537e-06,7.416599999032769e-05,3.2770000188975246e-06,96,False
434,5.474200000321616e-05,9.359699998867654e-05,5.509999994046666e-06,9.32300000044961e-06,8.427399998822693e-05,3.878000001122928e-06,96,False
435,3.675900001098853e-05,8.435899999881258e-05,5.233999985421178e-06,7.140999997545805e-06,7.721800000126677e-05,3.1929999977364787e-06,96,False
436,3.5714000006237256e-05,8.4649000001491e-05,6.2569999954575906e-06,7.162999992260666e-06,7.748600000923034e-05,3.5479999951348873e-06,96,False
437,3.547299999695497e-05,8.161200000245117e-05,6.181000003380177e-06,6.3640000007580966e-06,7.524800000169307e-05,3.155000001697772e-06,96,False
438,3.4645999988924814e-05,8.054399998513873e-05,5.946199999584678e-05,6.490999993502555e-06,7.405299999163617e-05,3.337000009651092e-06,96,False
439,3.874099999734426e-05,8.121500002289395e-05,6.049000006669303e-06,6.890999998176994e-06,7.432400002471695e-05,3.2370000155879097e-06,96,False
440,3.382700000997829e-05,9.843299997669419e-05,6.683999998813306e-06,9.486999999808177e-06,8.894599997688601e-05,4.078999978673892e-06,96,False
441,3.6502999989806995e-05,8.219399998665722e-05,5.388999994693222e-06,7.0750000134012225e-06,7.5118999973256e-05,3.1120000016926497e-06,96,False
442,3.388700000073186e-05,8.043400001156442e-05,5.00300001249343e-06,6.826000003457011e-06,7.360800000810741e-05,3.195000005007387e-06,96,False
443,3.349899998283945e-05,8.049400000231799e-05,4.954000019097293e-06,6.3070000067000365e-06,7.418699999561795e-05,3.2399999838617077e-06,96,False
444,3.3083999994687474e-05,8.020599997848876e-05,4.7649999999066495e-06,6.82799998230621e-06,7.337799999618255e-05,3.108000015572543e-06,96,False
445,3.296100001648483e-05,7.9126000002816e-05,4.781000001230495e-06,6.572999978970984e-06,7.255300002384502e-05,3.286999998408646e-06,96,False
446,3.345499999340973e-05,7.934799998565722e-05,5.851999986816736e-06,6.689999992204321e-06,7.26579999934529e-05,3.2570000030318624e-06,96,False
447,6.43930000023829e-05,8.951600000273174e-05,6.321999990177574e-06,8.87899997792374e-06,8.0637000024808e-05,3.7519999978030683e-06,96,False
448,3.537199998504548e-05,8.19059999912497e-05,5.913999984841212e-06,6.840999986934548e-06,7.506500000431515e-05,3.3230000155981543e-06,96,False
449,3.3984000026521244e-05,8.087899999509318e-05,5.485000002636298e-06,6.5659999961553694e-06,7.431299999893781e-05,3.144999993764941e-06,96,False
450,3.3369999982824083e-05,7.950199997708296e-05,5.7190000006812625e-06,6.632999998146261e-06,7.28689999789367e-05,3.276999990475815e-06,96,False
451,3.366099997492711e-05,7.9092999982322e-05,5.486999981485496e-06,6.479999996145125e-06,7.261299998617687e-05,3.243999998403524e-06,96,False
452,3.3309000002645917e-05,7.844300000670046e-05,5.756999996719969e-06,6.42899999547808e-06,7.201400001122238e-05,3.181000010954449e-06,96,False
453,3.361099999210637e-05,0.0006300510000016857,1.4206000003014196e-05,2.958799998964423e-05,0.0006004630000120414,2.2429000011925382e-05,96,False
454,7.791000001589055e-05,0.00011702699998750177,8.03599999699145e-06,1.1830000005375041e-05,0.00010519699998212673,4.697999997915758e-06,96,False
455,4.7956999992493365e-05,9.880400000383815e-05,7.47699999692486e-06,8.585000017546918e-06,9.021899998629124e-05,3.775000010364238e-06,96,False
456,4.0994000016780774e-05,8.80240000071808e-05,6.97500001933804e-06,7.4069999982384616e-06,8.061700000894234e-05,3.270000007660201e-06,96,False
457,3.705399998921166e-05,8.361300001524796e-05,5.957000013268043e-06,7.232000001522465e-06,7.63810000137255e-05,3.426000006356844e-06,96,False
458,3.607700000429759e-05,8.28189999992901e-05,5.296000011867363e-06,7.3260000021946325e-06,7.549299999709547e-05,3.080999988469557e-06,96,False
459,3.3402999974896375e-05,8.03609999877608e-05,5.576000006612958e-06,6.894999984297101e-06,7.34660000034637e-05,3.1540000122731726e-06,96,False
460,3.395699999941826e-05,0.00017107900001178677,1.0407999980088789e-05,6.841000015356258e-06,0.00016423799999643052,3.128999992441095e-06,96,False
461,6.234299999618997e-05,9.87500000064756e-05,5.802000003996e-06,8.50399999308138e-06,9.024600001339422e-05,6.279000018594161e-06,96,False
462,6.079600001385188e-05,9.244499997862476e-05,5.797999989454183e-06,9.19799998655435e-06,8.324699999207041e-05,3.931000009060881e-06,96,False
463,3.6854000001085296e-05,8.128600001100494e-05,5.362999985436545e-06,6.807999994862257e-06,7.447800001614269e-05,3.2699999792384915e-06,96,False
464,3.459699999552868e-05,7.84590000080243e-05,6.1759999994137615e-06,6.4480000219191425e-06,7.201099998610516e-05,2.953000006300499e-06,96,False
465,3.363599998351674e-05,7.897399999023946e-05,5.5959999940569105e-06,6.415999990849741e-06,7.255799999938972e-05,3.2129999851804314e-06,96,False
466,3.24609999893255e-05,7.59999999786487e-05,5.457000014530422e-06,6.368000015299913e-06,6.963199996334879e-05,2.9570000208423153e-06,96,False
467,3.2615999998597545e-05,7.528499997988547e-05,4.869999997936247e-06,6.04100000600738e-06,6.924399997387809e-05,3.0470000069726666e-06,96,False
468,3.2524999994620885e-05,7.649899998796172e-05,4.822000022386419e-06,6.258000013303899e-06,7.024099997465783e-05,3.068000012262928e-06,96,False
469,5.913199998985874e-05,8.273900002109258e-05,5.306999980803084e-06,7.416999977749583e-06,7.5322000043343e-05,3.5220000142999197e-06,96,False
470,3.334000001586901e-05,7.71580000105132e-05,4.850000010492295e-06,6.3170000146328675e-06,7.084099999588034e-05,3.06600000499202e-06,96,False
471,3.3287999997355655e-05,7.764200000792698e-05,5.100999999285705e-06,6.466999991516786e-06,7.11750000164102e-05,3.1190000129299733e-06,96,False
472,3.2879000002594694e-05,7.804700001656784e-05,4.7830000085014035e-06,6.786000000147396e-06,7.126100001642044e-05,3.2659999931183847e-06,96,False
473,3.326300000594529e-05,7.625400002098104e-05,5.0259999966328905e-06,6.144000025187779e-06,7.010999999579326e-05,2.8830000076141005e-06,96,False
474,3.199200000381097e-05,7.626200002164296e-05,4.886999988684693e-06,6.098999989490039e-06,7.016300003215292e-05,3.1769999964126328e-06,96,False
475,5.0146999996059094e-05,7.727999999929125e-05,1.8046999997523017e-05,6.490000004077956e-06,7.078999999521329e-05,3.1680000063261105e-06,96,False
476,4.831300000773808e-05,8.376499999940279e-05,5.047000001923152e-06,7.247000013421712e-06,7.651799998598108e-05,3.821999996489467e-06,96,False
477,3.373500001657703e-05,7.801399999607384e-05,4.68499999328742e-06,6.5110000093682174e-06,7.150299998670562e-05,3.1789999752618314e-06,96,False
478,3.295999999863852e-05,7.672799998204027e-05,4.8279999873557244e-06,6.420000005391557e-06,7.030799997664872e-05,3.120999991779172e-06,96,False
479,3.1841999998505344e-05,7.65619999754108e-05,5.203000000619795e-06,6.464999984245878e-06,7.009699999116492e-05,2.995000016881022e-06,96,False
480,3.20389999899362e-05,7.740600000261111e-05,4.85500001445871e-06,6.544000001440509e-06,7.08620000011706e-05,2.8240000062851323e-06,96,False
481,3.280399999994188e-05,7.611499998461113e-05,4.732000007834358e-06,6.322999979602173e-06,6.979200000500896e-05,3.0000000208474376e-06,96,False
482,3.247600000122475e-05,7.6942000021063e-05,4.681999996591912e-06,6.444999996801926e-06,7.049700002426107e-05,3.1989999911274936e-06,96,False
483,5.744899999626796e-05,8.337399998481487e-05,5.127000008542382e-06,7.381000017403494e-06,7.599299996741138e-05,3.7300000030882074e-06,96,False
484,3.3799999982875306e-05,7.766499999206644e-05,4.4880000018565624e-06,6.7070000113744754e-06,7.095799998069197e-05,3.1159999878127564e-06,96,False
485,3.2193999999208245e-05,7.637799998860828e-05,4.840999991984063e-06,6.365000018604405e-06,7.001299997000388e-05,2.995000016881022e-06,96,False
486,3.247300000452924e-05,7.54349999851911e-05,4.695000001220251e-06,6.130999992137731e-06,6.930399999305337e-05,3.163000002359695e-06,96,False
487,3.162100000508872e-05,7.53970000175741e-05,4.527000015741578e-06,5.898000011939075e-06,6.949900000563503e-05,3.106000008301635e-06,96,False
488,3.1873000011728436e-05,7.547999999246713e-05,4.985999993323276e-06,5.946000015910613e-06,6.953399997655652e-05,3.076000012924851e-06,96,False
489,3.17209999991519e-05,7.55380000043715e-05,4.590000003190653e-06,6.160999987514515e-06,6.937700001685698e-05,3.136999993103018e-06,96,False
490,4.438599998479731e-05,8.783300000914096e-05,1.5029000024924244e-05,8.648000004995993e-06,7.918500000414497e-05,3.7709999958224216e-06,96,False
491,4.3910000016467166e-05,8.166800000708463e-05,4.9710000098457385e-06,7.064000016043792e-06,7.460399999104084e-05,3.4210000023904286e-06,96,False
492,3.347300000200448e-05,7.73699999854216e-05,4.829000005202033e-06,6.471999995483202e-06,7.08979999899384e-05,3.025000012257806e-06,96,False
493,3.186600000049111e-05,7.551199999511482e-05,4.784000026347712e-06,5.9799999974075035e-06,6.953199999770732e-05,2.94099999109676e-06,96,False
494,3.182200001106139e-05,7.583199999317003e-05,4.700000005186666e-06,6.458000001430264e-06,6.937399999173977e-05,2.9159999996863917e-06,96,False
495,7.282299998223607e-05,9.487900001659e-05,7.449999998243584e-06,8.83300000964482e-06,8.604600000694518e-05,4.732999997258958e-06,96,False
496,3.6342000015565645e-05,0.0001314229999991312,7.468999996262937e-06,7.296999996242448e-06,0.00012412600000288876,1.887599998440237e-05,96,False
497,4.2849999999816646e-05,8.426799999483592e-05,6.10999998684747e-06,7.492999998248706e-06,7.677499999658721e-05,3.642999985231654e-06,96,False
498,3.494700001738238e-05,7.935299998962364e-05,5.678000007947048e-06,7.0389999962117145e-06,7.231399999341193e-05,3.0960000003688037e-06,96,False
499,3.3275000021149026e-05,7.731699997748365e-05,5.125000001271474e-06,6.583999976328414e-06,7.073300000115523e-05,3.0089999825122504e-06,96,False
500,3.2719999978780834e-05,7.499600002347506e-05,5.392000019810439e-06,6.554999998797939e-06,6.844100002467712e-05,3.1099999944217416e-06,96,False
501,3.250999998272164e-05,7.492399998909605e-05,5.455999996684113e-06,6.181999992804776e-06,6.874199999629127e-05,2.999000003001129e-06,96,False
502,4.967300000657815e-05,7.506600002216146e-05,5.052999995314167e-06,6.0849999954371015e-06,6.898100002672436e-05,3.175000017563434e-06,96,False
503,3.254099999594473e-05,8.902199999738514e-05,6.721000005427413e-06,8.949999994456448e-06,8.007200000292869e-05,4.201000024295354e-06,96,False
504,3.523899999891e-05,7.775199998150129e-05,4.861999997274324e-06,6.404000004067711e-06,7.134799997743357e-05,3.155000001697772e-06,96,False
505,3.3163000011882104e-05,7.438200000819961e-05,4.678999999896405e-06,5.9279999788941495e-06,6.845400002930546e-05,3.0449999997017585e-06,96,False
506,3.187099997603582e-05,7.414999998900385e-05,4.598999993277175e-06,6.300000023884422e-06,6.784999996511942e-05,3.096999989793403e-06,96,False
507,3.1555999981947025e-05,7.426400000554167e-05,4.6860000111337285e-06,6.306999978278327e-06,6.795700002726335e-05,3.0209999977159896e-06,96,False
508,3.100000000699765e-05,7.440699999960998e-05,4.792999988012525e-06,6.156000011969809e-06,6.825099998764017e-05,2.9240000003483146e-06,96,False
509,3.205199999456454e-05,9.923400000388938e-05,5.018999985395567e-06,5.998000006002258e-06,9.323599999788712e-05,2.7760000023135945e-06,96,False
510,3.659000000766355e-05,7.89510000061e-05,4.779999983384187e-06,7.085000021334054e-06,7.186599998476595e-05,3.401000014946476e-06,96,False
511,3.2465999993291916e-05,7.43439999837392e-05,4.598999993277175e-06,6.3379999915014196e-06,6.800599999223778e-05,3.0390000063107436e-06,96,False
512,3.1269999993810416e-05,7.467599999699814e-05,4.5249999800489604e-06,6.5159999849129235e-06,6.816000001208522e-05,2.9440000162139768e-06,96,False
513,3.163700000641256e-05,7.337299999221614e-05,4.515000000537839e-06,5.780999998705738e-06,6.75919999935104e-05,2.8890000010051153e-06,96,False
514,3.270900000984511e-05,7.441199997515469e-05,5.3109999953449005e-06,6.339000009347728e-06,6.807299996580696e-05,2.894000004971531e-06,96,False
515,3.159199999913653e-05,7.359599999290367e-05,4.541999999219115e-05,5.8889999934308435e-06,6.770699999947283e-05,2.8430000043044856e-06,96,False
516,3.476699998827826e-05,0.0001072949999922912,6.271999978935128e-06,6.587000001445631e-06,0.00010070799999084556,3.108000015572543e-06,96,False
517,3.676099998983773e-05,7.753199997750926e-05,5.452999999988606e-06,6.608999996160492e-06,7.092299998134877e-05,3.3869999924718286e-06,96,False
518,3.205900000580186e-05,7.485499997983425e-05,5.423000004611822e-06,6.23400001131813e-06,6.862099996851612e-05,2.945000005638576e-06,96,False
519,3.17200000097273e-05,7.4731000012207e-05,4.861000007849725e-06,6.437999985564602e-06,6.82930000266424e-05,2.9379999944012525e-06,96,False
520,3.127499999777683e-05,7.404600000882056e-05,5.090999991352874e-06,6.064999979571439e-06,6.798100002924912e-05,3.042000003006251e-06,96,False
521,3.115100000172788e-05,0.00010542300000793148,5.659999999352294e-06,6.213000006027869e-06,9.921000000190361e-05,6.038000009311872e-06,96,False
522,3.4805000012738674e-05,7.741900000723945e-05,4.705999998577681e-06,6.863000010071119e-06,7.055599999716833e-05,3.15700000896868e-06,96,False
523,3.1782999997176375e-05,0.00010970100001372884,5.025000007208291e-06,6.216000002723376e-06,0.00010348500001100547,2.8489999976955005e-06,96,False
524,3.578600001219456e-05,7.808899999872665e-05,5.348000001959008e-06,6.855000009409196e-06,7.123399998931745e-05,3.232000011621494e-06,96,False
525,3.223699999921337e-05,7.478200001287405e-05,5.441000013206576e-06,6.030999998074549e-06,6.87510000147995e-05,2.856000008932824e-06,96,False
526,3.15810000017791e-05,7.672799998204027e-05,5.137000016475213e-06,6.276999982901543e-06,7.045099999913873e-05,2.8970000016670383e-06,96,False
527,5.357000000572043e-05,8.531800000355361e-05,5.63099999340011e-06,8.690000015576516e-06,7.662799998797709e-05,3.6510000143152865e-06,96,False
528,3.4155999998120024e-05,7.793600002514722e-05,5.2560000085577485e-06,6.399000000101296e-06,7.153700002504593e-05,3.270000007660201e-06,96,False
529,4.4231999993371574e-05,7.565000001363842e-05,5.147000024408044e-06,6.714000022611799e-06,6.893599999102662e-05,3.1620000129350956e-06,96,False
530,3.10850000175833e-05,7.251799999608011e-05,4.984000014474077e-06,6.30399998158282e-06,6.621400001449729e-05,2.846000000999993e-06,96,False
531,3.0028999987052885e-05,7.259599999542843e-05,5.010000023730754e-06,6.301000013309022e-06,6.629499998211941e-05,2.797000007603856e-06,96,False
532,3.0849999973270315e-05,7.154399997943983e-05,4.998999997951614e-06,5.953000027147937e-06,6.55909999522919e-05,2.8799999824968836e-06,96,False
533,3.0312999996340295e-05,7.087000000183252e-05,4.837000005863956e-06,5.7550000178707705e-06,6.511499998396175e-05,2.7220000049510418e-06,96,False
534,3.0051000010189455e-05,0.00010618000001727523,5.372000003944777e-06,9.457000004431393e-06,9.672300001284384e-05,3.6890000103539933e-06,96,False
535,3.314200000659184e-05,7.365099997969082e-05,4.964000027030124e-06,6.423999991511664e-06,6.722699998817916e-05,2.985000008948191e-06,96,False
536,3.039999998577514e-05,7.110399999987749e-05,5.011000013155353e-06,5.731000015885002e-06,6.537299998399249e-05,2.8959999838207295e-06,96,False
537,3.0654999989110365e-05,7.105100002036124e-05,4.8299999946266325e-06,5.940000022519598e-06,6.511099999784165e-05,2.9320000010102376e-06,96,False
538,2.9529000016736973e-05,7.075199999917459e-05,4.838999984713155e-06,5.928999996740458e-06,6.482300000243413e-05,2.4979999864171987e-06,96,False
539,2.9299999994236714e-05,7.066499998131803e-05,4.893999999922016e-06,5.490000006602713e-06,6.517499997471532e-05,2.7379999778531783e-06,96,False
540,2.979399999958332e-05,7.180599999401238e-05,4.910000001245862e-06,6.005000017239581e-06,6.58009999767728e-05,2.65599999238475e-06,96,False
541,3.0304000006253773e-05,6.995900000106303e-05,4.78799998404611e-06,5.975999982865687e-06,6.398300001819734e-05,2.8229999884388235e-06,96,False
542,5.232500001284279e-05,7.94099999836817e-05,4.881999984718277e-06,7.240999991608987e-06,7.216899999207271e-05,3.383000006351722e-06,96,False
543,3.117399998586734e-05,7.291500000405904e-05,4.4010000124217186e-06,6.253000009337484e-06,6.666199999472155e-05,2.875999996376777e-06,96,False
544,3.150599999912629e-05,7.17059999999492e-05,4.392999983338086e-06,5.6039999947188335e-06,6.610200000523037e-05,2.9599999891161133e-06,96,False
545,3.0884000011610624e-05,7.063699999321216e-05,5.045999984076843e-06,5.874000009953306e-06,6.476299998325885e-05,2.9500000096049916e-06,96,False
546,3.0134000013504192e-05,6.991899999775342e-05,4.554000014422854e-06,5.879000013919722e-06,6.40399999838337e-05,2.704999985780887e-06,96,False
547,2.9728000015438738e-05,7.104799999524403e-05,4.904000007854847e-06,5.5510000152025896e-06,6.549699998004144e-05,2.619999975195242e-06,96,False
548,2.941899998631925e-05,6.941099999835387e-05,4.660999991301651e-06,5.944000008639705e-06,6.346699998971417e-05,2.5299999890648905e-06,96,False
549,2.941699997904834e-05,9.357400000453708e-05,4.958999994641999e-06,5.9230000033494434e-06,8.765100000118764e-05,2.766000022802473e-06,96,False
550,3.625900001225091e-05,7.591499999648477e-05,4.444000012426841e-06,6.880000000819564e-06,6.90349999956652e-05,3.311000000394415e-06,96,False
551,3.166600001236475e-05,7.414099999891732e-05,5.541999996694358e-06,6.521999978303938e-06,6.761900002061338e-05,3.0810000168912666e-06,96,False
552,3.0609000020831445e-05,7.221199999207784e-05,4.364000005807611e-06,6.216999992147976e-06,6.599499999992986e-05,2.8870000221559167e-06,96,False
553,2.9949000008855364e-05,6.993700000634817e-05,4.578999977411513e-06,5.918999988807627e-06,6.401800001754054e-05,2.7920000036374404e-06,96,False
554,3.0746000021508735e-05,9.930600000984668e-05,4.807000010487172e-06,9.784000013723926e-06,8.952199999612276e-05,3.8999999958377884e-06,96,False
555,3.272099999662714e-05,7.475900000031288e-05,4.681999996591912e-06,6.209000019907762e-06,6.854999998040512e-05,2.9470000129094842e-06,96,False
556,3.0632000004970905e-05,7.02620000083698e-05,4.52500000847067e-06,6.009999992784287e-06,6.425200001558551e-05,2.7920000036374404e-06,96,False
557,9.698400000957008e-05,8.110699999974713e-05,5.576000006612958e-06,7.753999994974947e-06,7.335300000477218e-05,3.3800000096562144e-06,96,False
558,3.2043999993902617e-05,8.636199999045857e-05,5.649000001994864e-06,1.8219999986968105e-05,6.814200000349047e-05,3.0770000023494504e-06,96,False
559,3.0355999996345417e-05,7.049600000641476e-05,4.781999990655095e-06,6.055999989484917e-06,6.444000001692984e-05,2.7929999930620397e-06,96,False
560,2.914600000281098e-05,7.061900001303911e-05,5.069999986062612e-06,5.902999987483781e-06,6.471600002555533e-05,2.942999998367668e-06,96,False
561,2.9501999989633987e-05,6.922700001155135e-05,4.683000014438221e-06,5.798999978878783e-06,6.342800003267257e-05,2.765000004956164e-06,96,False
562,2.8890000010051153e-05,6.874700000025769e-05,4.216000007772891e-06,5.3659999821320525e-06,6.338100001812563e-05,2.725000001646549e-06,96,False
563,2.8725999982270878e-05,6.967200002350182e-05,4.283000009763782e-06,5.8549999835122435e-06,6.381700003998958e-05,2.864000009594747e-06,96,False
564,2.9530000006161572e-05,0.00010486200000059398,4.74199998734548e-06,9.042000016279417e-06,9.581999998431456e-05,3.668999994488331e-06,96,False
565,3.117500000371365e-05,7.048399999121102e-05,4.277000016372767e-06,6.2910000053761905e-06,6.419299998583483e-05,2.858999977206622e-06,96,False
566,2.9582999985677816e-05,6.846300001939198e-05,4.184000005125199e-06,5.582000000003973e-06,6.288100001938801e-05,2.791000014212841e-06,96,False
567,2.952299999492425e-05,6.854599999428501e-05,4.270000005135444e-06,5.49399999272282e-06,6.305200000156219e-05,2.864000009594747e-06,96,False
568,3.018300000690033e-05,6.90340000062406e-05,4.457999978058069e-06,5.558000026439913e-06,6.347599997980069e-05,2.7940000109083485e-06,96,False
569,2.895099999022932e-05,6.898099999830265e-05,4.2110000038064754e-06,5.939000004673289e-06,6.304199999362936e-05,2.679999994370519e-06,96,False
570,2.921200001537727e-05,6.879500000422922e-05,4.141999994544676e-06,5.614999992076264e-06,6.318000001215296e-05,2.593000004935675e-06,96,False
571,2.9412999992928235e-05,6.87870000035673e-05,4.20599999984006e-06,5.681000004642556e-06,6.310599999892474e-05,2.706999993051795e-06,96,False
572,2.937299998961862e-05,7.936899999094749e-05,4.66200000914796e-06,7.70400001215421e-06,7.166499997879328e-05,3.3949999931337516e-06,96,False
573,3.107399999180416e-05,7.019199998126169e-05,4.1689999932259525e-06,6.17700001726007e-06,6.401499996400162e-05,2.908999988449068e-06,96,False
574,2.9813999987027273e-05,6.941199998777847e-05,4.12599999322083e-06,5.959999981541841e-06,6.345200000623663e-05,2.754999997023333e-06,96,False
575,2.859899998952642e-05,6.814700000745688e-05,4.132999976036444e-06,5.830000020523585e-06,6.23169999869333e-05,2.7110000075936114e-06,96,False
576,2.881300000012743e-05,6.557199998269425e-05,4.174999986616967e-06,5.367999989402961e-06,6.020399999329129e-05,2.4870000174814777e-06,96,False
577,2.8077999985498536e-05,6.745900000737493e-05,4.4330000150694104e-06,5.479000009245283e-06,6.197999999812964e-05,2.967000000353437e-06,96,False
578,2.8340000000071086e-05,6.700000000137152e-05,4.03499998924417e-06,5.651000009265772e-06,6.134899999210575e-05,2.585000004273752e-06,96,False
579,2.780099998744845e-05,6.665399999405963e-05,4.0350000176658796e-06,5.662000006623202e-06,6.099199998743643e-05,2.4990000042635074e-06,96,False
580,2.8399000001400054e-05,8.002599997780635e-05,4.681999996591912e-06,7.662000001573688e-06,7.236399997623266e-05,3.213000013602141e-06,96,False
581,3.0316999982460402e-05,6.830699999227363e-05,4.196999981331828e-06,5.673999993405232e-06,6.26329999988684e-05,2.7899999963665323e-06,96,False
582,2.8219000000717642e-05,6.729500000801636e-05,4.277000016372767e-06,5.75600000729537e-06,6.153900000072099e-05,2.5889999903938588e-06,96,False
583,2.727500000787586e-05,6.60110000012537e-05,3.975999987915202e-06,5.538000010574251e-06,6.0472999990679455e-05,2.5500000049305527e-06,96,False
584,2.737700000920995e-05,6.644399999800044e-05,3.969999994524187e-06,5.614999992076264e-06,6.082900000592417e-05,2.7009999996607803e-06,96,False
585,2.8578000012657867e-05,6.580999999528103e-05,4.128999989916338e-06,5.28800001120544e-06,6.052199998407559e-05,2.5390000075731223e-06,96,False
586,2.7417000012519566e-05,6.661099999405451e-05,4.245000013725075e-06,5.538000010574251e-06,6.107299998348026e-05,2.6409999804855033e-06,96,False
587,2.8262000000722765e-05,6.574700000783196e-05,3.974999998490603e-06,5.332999990059761e-06,6.0414000017772196e-05,2.6060000095640135e-06,96,False
588,2.8009999994083046e-05,9.353699999792298e-05,4.4980000097893935e-06,5.199000014499688e-06,8.833799998342329e-05,2.5900000082401675e-06,96,False
589,3.12999999891872e-05,0.0001021649999870533,4.496000002518485e-06,9.594999994533282e-06,9.256999999252002e-05,4.060999998500847e-06,96,False
590,3.912600001854116e-05,7.026000000109889e-05,4.368000020349427e-06,6.102000014607256e-06,6.415799998649163e-05,2.762999997685256e-06,96,False
591,2.9188000013391502e-05,6.82570000094529e-05,2.8556000017943006e-05,5.605000012565142e-06,6.265199999688775e-05,2.733000002308472e-06,96,False
592,3.223400000251786e-05,6.946400000629183e-05,4.25100000711609e-06,6.067000015264057e-06,6.339699999102777e-05,3.0810000168912666e-06,96,False
593,2.900799998428738e-05,6.808800000612791e-05,4.252999985965289e-06,5.9539999881508265e-06,6.213400001797709e-05,2.840000007608978e-06,96,False
594,2.9310999991594144e-05,6.761599999549617e-05,5.315000009886717e-06,5.278999992697209e-06,6.233700000279896e-05,2.8110000016567938e-06,96,False
595,2.8673999992179233e-05,6.75910000040858e-05,4.735999993954465e-06,5.720999979530461e-06,6.187000002455534e-05,2.6040000022931054e-06,96,False
596,6.322400000158268e-05,7.372499999291904e-05,4.4619999925998854e-06,6.418000026542359e-06,6.730699996637668e-05,3.1399999897985253e-06,96,False
597,2.8864000000794476e-05,6.732200000669764e-05,4.199999978027336e-06,5.867000027137692e-06,6.145499997955994e-05,2.8169999950478086e-06,96,False
598,2.8697999994165002e-05,6.731900001000213e-05,4.019000016342034e-06,5.69900001323731e-06,6.161999999676482e-05,2.7739999950426864e-06,96,False
599,2.807199999210752e-05,8.133200000770557e-05,5.780000009281139e-06,5.57300000991745e-06,7.575899999778812e-05,2.6710000042839965e-06,96,False
600,3.9933000010705655e-05,7.167900000126792e-05,4.519999976082545e-06,6.5600000027643546e-06,6.511899999850357e-05,3.19199997989017e-06,96,False
601,2.9038999997510473e-05,6.882700000687691e-05,4.082000003791109e-06,5.8969999940927664e-06,6.293000001278415e-05,2.6100000241058297e-06,96,False
602,2.8400999980249253e-05,6.841600000484505e-05,4.754000002549219e-06,5.942999990793396e-06,6.247300001405165e-05,2.7259999910711485e-06,96,False
603,2.8576999994811558e-05,6.703600001856103e-05,4.58200000252873e-06,5.608999998685249e-06,6.142700001987578e-05,2.751000010903226e-06,96,False
604,2.8372000002718778e-05,6.770600001004823e-05,5.10600000325212e-06,5.688000015879879e-06,6.201799999416835e-05,2.7840000029755174e-06,96,False
605,2.8748999994832047e-05,6.936900001619506e-05,5.032999979448505e-06,5.911999977570304e-06,6.345700003862476e-05,2.890000018851424e-06,96,False
606,2.9308999984323236e-05,6.700200000864243e-05,4.232999998521336e-06,5.354999984774622e-06,6.16470000238678e-05,2.698000002965273e-06,96,False
607,2.8125999989470074e-05,6.859000001213644e-05,4.127000011067139e-06,5.716999993410354e-06,6.287300001872609e-05,2.599999987751289e-06,96,False
608,4.227599998785081e-05,7.355200000347395e-05,4.6860000111337285e-06,6.358000007367082e-06,6.719399999610687e-05,3.205000012940218e-06,96,False
609,2.943000001209839e-05,6.865599999628103e-05,4.098999994539554e-06,5.895000015243568e-06,6.276099998103746e-05,2.6689999970130884e-06,96,False
610,2.805099998681726e-05,6.541900000911482e-05,4.099999983964153e-06,5.227000002605564e-06,6.019200000650926e-05,2.663999993046673e-06,96,False
611,2.7304000013828045e-05,6.383100000562081e-05,4.077999989249292e-06,5.011000013155353e-06,5.8819999992465455e-05,2.5840000148491526e-06,96,False
612,2.7631999984123468e-05,6.41459999997096e-05,4.049000011718817e-06,5.192000003262365e-06,5.895399999644724e-05,2.2689999923386495e-06,96,False
613,2.7724999995371036e-05,6.43920000129583e-05,4.326000009768904e-06,5.200000003924288e-06,5.919200000903402e-05,2.350000016804188e-06,96,False
614,2.7181999996628292e-05,6.366100001287123e-05,4.05800000180534e-06,5.059000017126891e-06,5.8601999995744336e-05,2.4569999936829845e-06,96,False
615,2.8716999992184356e-05,6.408699999838063e-05,4.812000014453588e-06,5.1229999940005655e-06,5.896400000438007e-05,2.4590000009538926e-06,96,False
616,2.7794000004632835e-05,7.71550000138177e-05,4.5970000144279766e-06,7.482000000891276e-06,6.967300001292642e-05,3.2040000235156185e-06,96,False
617,5.8578999983183166e-05,0.00010342900000637201,8.564000012256656e-06,8.591000010937933e-06,9.483799999543407e-05,5.9719999967455806e-06,96,False
618,3.810499998735395e-05,7.106199998929696e-05,4.8379999952885555e-06,6.207000012636854e-06,6.485499997666011e-05,2.9240000003483146e-06,96,False
619,3.0565000002980014e-05,6.743500000538916e-05,5.092999998623782e-06,5.5490000079316815e-06,6.188599999745747e-05,2.9499999811832822e-06,96,False
620,2.9197000003478024e-05,6.562099997609039e-05,4.810999996607279e-06,5.346999984112699e-06,6.027399999197769e-05,2.6849999983369344e-06,96,False
621,4.898599999592079e-05,8.829300000456897e-05,6.803999980320441e-06,9.430999995174716e-06,7.886200000939425e-05,4.0980000051149545e-06,96,False
622,3.297700001780868e-05,7.076500000380292e-05,5.275000006577102e-06,6.194999997433115e-06,6.457000000636981e-05,2.829999999676147e-06,96,False
623,5.2722000020821724e-05,9.213000001295768e-05,5.404999996017068e-06,6.9639999935589e-06,8.516600001939878e-05,3.274999983204907e-06,96,False
624,3.221899999061861e-05,7.07209999859515e-05,5.063000003246998e-06,6.347999999434251e-06,6.437299998651724e-05,2.894000004971531e-06,96,False
625,2.9569999981049477e-05,6.673900000464528e-05,4.216000007772891e-06,5.6560000132321875e-06,6.108299999141309e-05,2.546000018810446e-06,96,False
626,2.739999999334941e-05,6.359599998972953e-05,4.085999989911215e-06,5.373000021791086e-06,5.822299996793845e-05,2.4969999969925993e-06,96,False
627,2.7647999985447314e-05,6.691000001524117e-05,4.601999989972683e-06,6.3459999921633425e-06,6.0564000023077824e-05,2.4830000029396615e-06,96,False
628,2.751499999931184e-05,6.317899999430665e-05,4.6680000025389745e-06,5.272999999306194e-06,5.790599999500046e-05,2.4309999844263075e-06,96,False
629,2.731999998673018e-05,6.293100000220875e-05,4.068000009738171e-06,5.173000005243011e-06,5.7757999996965736e-05,2.5260000029447838e-06,96,False
630,2.7588999984118345e-05,6.422600000632883e-05,4.37700001043595e-06,5.42500001188273e-06,5.88009999944461e-05,2.809999983810485e-06,96,False
631,4.24469999984467e-05,7.351299998958893e-05,4.504999992605008e-06,7.293999999546941e-06,6.6218999990042e-05,2.9419999805213592e-06,96,False
632,2.9642000015428493e-05,6.503399998791792e-05,4.504000003180408e-06,5.764000007957293e-06,5.926999997996063e-05,2.6620000141974742e-06,96,False
633,2.863200001002042e-05,6.399199997986216e-05,4.0090000084092026e-06,5.294000004596455e-06,5.86979999752657e-05,2.6689999970130884e-06,96,False
634,2.778799998282011e-05,6.377799999768285e-05,4.015999991224817e-06,5.1699999801257945e-06,5.860800001755706e-05,2.532999985760398e-06,96,False
635,2.7011000014454112e-05,6.28449999737768e-05,4.03499998924417e-06,5.240999996658502e-06,5.760399997711829e-05,2.5139999877410446e-06,96,False
636,2.719599999068123e-05,6.469799998853887e-05,4.622000005838345e-06,5.280999999968117e-06,5.941699998857075e-05,2.5939999943602743e-06,96,False
637,2.7111000008517294e-05,6.43589999924643e-05,4.638000007162191e-06,5.7210000079521706e-06,5.8637999984512135e-05,2.4500000108673703e-06,96,False
638,2.7882000011913988e-05,6.513900001436923e-05,4.7730000005685724e-06,5.651999998690371e-06,5.948700001567886e-05,2.56499998840809e-06,96,False
639,2.7657000003955545e-05,8.984499999087348e-05,4.948999986709168e-06,5.259999994677855e-06,8.458499999619562e-05,2.615999989075135e-06,96,False
640,3.067200000828052e-05,6.652799999073977e-05,4.723999978750726e-06,5.477000001974375e-06,6.10509999887654e-05,2.6540000135355513e-06,96,False
641,2.779999999802385e-05,6.377700000825826e-05,4.789000001892418e-06,5.3819999834558985e-06,5.839500002480236e-05,2.3679999969772325e-06,96,False
642,2.7437999989388118e-05,6.399000000101296e-05,4.555999993272053e-06,5.563000001984619e-06,5.842699999902834e-05,2.3929999883876008e-06,96,False
643,2.7733999985457558e-05,6.32299999949737e-05,4.7939999774371245e-06,5.412999996678991e-06,5.7816999998294705e-05,2.623999989737058e-06,96,False
644,2.731999998673018e-05,6.204300001400043e-05,4.7830000085014035e-06,5.1490000032572425e-06,5.6894000010743184e-05,2.4349999989681237e-06,96,False
645,2.594299999714167e-05,6.229599998164304e-05,4.367000002503119e-06,5.240000007233903e-06,5.705599997440913e-05,2.4220000227614946e-06,96,False
646,2.612399998724868e-05,6.124600000134706e-05,4.429000000527594e-06,5.423000004611822e-06,5.5822999996735234e-05,2.5030000188053236e-06,96,False
647,2.5626999985206567e-05,6.092399999602094e-05,4.404999998541825e-06,5.143999999290827e-06,5.577999999673011e-05,2.411999986406954e-06,96,False
648,2.5972000003093854e-05,7.56090000209042e-05,4.738000001225373e-06,7.167000006802482e-06,6.844200001410172e-05,3.090000006977789e-06,96,False
649,2.857399999811605e-05,6.403400001886439e-05,4.398999976729101e-06,5.509000004622067e-06,5.852500001424232e-05,2.5129999983164453e-06,96,False
650,2.652300000249852e-05,6.285200001343583e-05,3.93299998791008e-06,5.347000012534409e-06,5.750500000090142e-05,2.5679999851035973e-06,96,False
651,2.6380000008430216e-05,6.275199999095094e-05,3.7689999885515135e-06,5.259000005253256e-06,5.749299998569768e-05,2.3539999745025852e-06,96,False
652,2.5802000010344273e-05,6.283999999823209e-05,4.270999994560043e-06,5.40299998874616e-06,5.743700000948593e-05,2.31399999961468e-06,96,False
653,2.6564999984657334e-05,6.193800001597083e-05,4.268999987289135e-06,5.0600000065514905e-06,5.687800000941934e-05,2.502000000959015e-06,96,False
654,2.5595000010980584e-05,6.163800000535957e-05,4.232000009096737e-06,4.906999976128645e-06,5.673100002923093e-05,2.348999998957879e-06,96,False
655,2.6257000001805864e-05,6.196800001134761e-05,4.347000015059166e-06,5.041000008532137e-06,5.6927000002815475e-05,2.4729999950068304e-06,96,False
656,2.6726000015742102e-05,6.247499999290085e-05,4.4279999826812855e-06,4.973000017116647e-06,5.75019999757842e-05,2.4279999877308e-06,96,False
657,4.729200000497258e-05,7.000100001164355e-05,4.394999990608994e-06,6.29199999480079e-06,6.370900001684277e-05,2.9340000082811457e-06,96,False
658,2.7403000018466628e-05,6.34419999983038e-05,4.557000011118362e-06,5.2119999907063175e-06,5.823000000759748e-05,2.502000000959015e-06,96,False
659,2.7050999989342017e-05,7.206600000131402e-05,4.850999999916894e-06,6.933000008757517e-06,6.51329999925565e-05,2.9340000082811457e-06,96,False
660,2.865599998358448e-05,6.350499998575287e-05,4.396999997879902e-06,5.11799999003415e-06,5.8386999995718725e-05,2.4750000022777385e-06,96,False
661,2.6891000004525267e-05,6.182100000273749e-05,4.3830000038269645e-06,4.919999980756984e-06,5.690100002198051e-05,2.1379999850523745e-06,96,False
662,2.6520999995227612e-05,6.278600000086954e-05,4.379999978709748e-06,5.370999986098468e-06,5.741500001477107e-05,2.322000000276603e-06,96,False
663,2.6993999995283957e-05,6.193400000142901e-05,4.28600000645929e-06,4.975000024387555e-06,5.695899997704146e-05,2.417000018795079e-06,96,False
664,2.6449000017692015e-05,6.109000000265041e-05,4.374000013740442e-06,4.7489999985828035e-06,5.634100000406761e-05,2.4100000075577555e-06,96,False
665,2.6235999996515602e-05,8.851100000129009e-05,4.792999988012525e-06,5.0760000078753365e-06,8.343499999341475e-05,4.305999993903242e-06,96,False
666,2.8935999978330074e-05,6.413099998781036e-05,2.8213999996751227e-05,5.627000007280003e-06,5.850399998053035e-05,2.603000012868506e-06,96,False
667,2.9811000018753475e-05,7.091899999522866e-05,5.065999999942505e-06,6.458000001430264e-06,6.44609999937984e-05,2.9949999884593126e-06,96,False
668,2.8331999999409163e-05,6.357799998113478e-05,4.378999989285148e-06,5.205000007890703e-06,5.837299997324408e-05,2.6019999950221973e-06,96,False
669,2.6322999985950446e-05,6.347300001152689e-05,4.6840000038628204e-06,5.352999977503714e-06,5.812000003402318e-05,2.385999977150277e-06,96,False
670,2.586100001167324e-05,6.166300002519165e-05,4.350000011754673e-06,5.2219999986391485e-06,5.64410000265525e-05,2.2870000009334035e-06,96,False
671,2.609999998526291e-05,6.27419999830181e-05,4.193999984636321e-06,5.461999990075128e-06,5.7279999992942976e-05,2.465000022766617e-06,96,False
672,2.7051000017763727e-05,6.195199998160206e-05,4.336999978704625e-06,5.217999984097332e-06,5.6733999997504725e-05,2.4149999831024616e-06,96,False
673,2.5835000002416564e-05,6.148899998947854e-05,1.6235000003916866e-05,5.388000005268623e-06,5.610099998420992e-05,2.469999998311323e-06,96,False
674,3.9563000001408e-05,6.769000000872438e-05,4.576000009137715e-06,6.210999998756961e-06,6.147900000996742e-05,2.9949999884593126e-06,96,False
675,2.7849999980844586e-05,6.292699998766693e-05,4.208000007110968e-06,5.512000001317574e-06,5.741499998634936e-05,2.467999991040415e-06,96,False
676,2.668299998731527e-05,6.17170000225542e-05,4.394999990608994e-06,5.25400000128684e-06,5.646300002126736e-05,2.554000019472369e-06,96,False
677,2.6242999979331216e-05,6.170000000338405e-05,4.300000000512227e-06,4.84499997810417e-06,5.685500002527988e-05,2.4739999844314298e-06,96,False
678,2.6622999996561703e-05,6.131999998615356e-05,4.077999989249292e-06,5.103000006556613e-06,5.621699997959695e-05,2.367000007552633e-06,96,False
679,2.6391000005787646e-05,6.218699999749333e-05,3.849000023592453e-06,5.251999994015932e-06,5.69350000034774e-05,2.4510000002919696e-06,96,False
680,2.6882000014438745e-05,5.9208999999782463e-05,3.571999997120656e-06,5.149999992681842e-06,5.405900000710062e-05,2.318999975159386e-06,96,False
681,2.4707999983775153e-05,5.9081999978616295e-05,4.1140000064388005e-06,4.9349999926562305e-06,5.4146999985960065e-05,2.3430000055668643e-06,96,False
682,2.4758000023439308e-05,0.0001373620000038045,5.50500001850196e-06,4.6419999932822975e-06,0.0001327200000105222,2.3430000055668643e-06,96,False
683,3.4199999987549745e-05,6.611800000655421e-05,4.610000019056315e-06,5.591999979515094e-06,6.052600002703912e-05,3.2289999865042773e-06,96,False
684,2.7074000001903187e-05,6.550099999458325e-05,4.116000013709709e-06,5.495000010569129e-06,6.0005999984014124e-05,2.7439999996659026e-06,96,False
685,2.7340000002595843e-05,6.301199999825258e-05,4.136000001153661e-06,5.404999996017068e-06,5.760700000223551e-05,3.1969999838565855e-06,96,False
686,2.636399997868466e-05,9.849299999586947e-05,5.45900002180133e-06,9.546000001137145e-06,8.894699999473232e-05,3.54499999843938e-06,96,False
687,2.978299997380418e-05,7.303600000341248e-05,3.920000011703451e-06,5.840999989459306e-06,6.719500001395318e-05,3.0369999990398355e-06,96,False
688,2.7144000000589585e-05,6.302599999230551e-05,4.283000009763782e-06,4.73000000056345e-06,5.8295999991742065e-05,2.5780000214581378e-06,96,False
689,2.563399999644389e-05,6.114799998613307e-05,4.278000005797367e-06,5.442999992055775e-06,5.57049999940773e-05,2.512000008891846e-06,96,False
690,2.5570000019570216e-05,6.098200000792531e-05,4.2919999998503044e-06,5.148000013832643e-06,5.5833999994092665e-05,2.4089999897114467e-06,96,False
691,2.695800000651616e-05,6.107500001917288e-05,4.603999997243591e-06,5.5359999748816335e-06,5.553900004429124e-05,2.2039999976186664e-06,96,False
692,2.4864000010893506e-05,6.163300000139316e-05,4.149000005782e-06,5.479999998669882e-06,5.6153000002723275e-05,2.394999995658509e-06,96,False
693,2.7259000006552014e-05,6.240199999751894e-05,4.240999999183259e-06,6.063000000722241e-06,5.63389999967967e-05,2.4710000161576318e-06,96,False
694,2.7111000008517294e-05,6.134699998483484e-05,3.695000003745008e-06,5.6849999907626625e-06,5.5661999994072175e-05,2.4600000188002014e-06,96,False
695,4.76539999851866e-05,7.237099998746999e-05,5.3550000131963316e-06,7.175999996889004e-06,6.519499999058098e-05,3.359000004365953e-06,96,False
696,2.8646000004073358e-05,6.237999997438237e-05,4.326999999193504e-06,5.797999989454183e-06,5.658199998492819e-05,2.742000020816704e-06,96,False
697,2.5813000007701703e-05,6.064999999466636e-05,4.328999978042702e-06,5.385000008573115e-06,5.5264999986093244e-05,2.5539999910506594e-06,96,False
698,2.5511999979244138e-05,5.892499999049505e-05,4.0090000084092026e-06,4.888000006531001e-06,5.403699998396405e-05,2.3999999996249244e-06,96,False
699,2.5286000010282805e-05,5.9254000007058494e-05,3.8499999845953425e-06,4.842000009830372e-06,5.441199999722812e-05,2.2970000088662346e-06,96,False
700,2.5196999985155344e-05,5.9001000010994176e-05,3.7339999892083142e-06,4.620999987992036e-06,5.438000002300214e-05,2.399000010200325e-06,96,False
701,2.54969999957666e-05,5.852900000036243e-05,3.7240000096971926e-06,4.881000023715387e-06,5.364799997664704e-05,2.2000000114985596e-06,96,False
702,2.4952000018174658e-05,5.791199998839147e-05,3.571000007696057e-06,4.864999993969832e-06,5.304699999442164e-05,2.2749999857296643e-06,96,False
703,2.4329000012812685e-05,5.8068000015509824e-05,3.47600001759929e-06,5.006999998613537e-06,5.306100001689629e-05,2.322000000276603e-06,96,False
704,3.955400001132148e-05,6.681499999672269e-05,3.6920000070495007e-06,6.448999982922032e-06,6.036600001380066e-05,2.757000004294241e-06,96,False
705,2.543900001228394e-05,5.7862000005570735e-05,3.5159999924871954e-06,5.022999999937383e-06,5.283900000563335e-05,2.4600000188002014e-06,96,False
706,2.4411000026702823e-05,5.7085999998207626e-05,3.410000005032998e-06,4.822999983389309e-06,5.226300001481832e-05,2.255999987710311e-06,96,False
707,2.472400001352071e-05,5.7862000005570735e-05,3.5040000057051657e-06,5.0600000065514905e-06,5.2801999999019245e-05,2.3199999930056947e-06,96,False
708,2.4010999993606674e-05,5.7145999988961194e-05,3.395999982558351e-06,4.762999992635741e-06,5.238299999632545e-05,2.1159999903375137e-06,96,False
709,2.3870999996233877e-05,5.676300000345691e-05,3.472999992482073e-06,4.703999991306773e-06,5.2059000012150136e-05,2.2380000075372664e-06,96,False
710,2.4897000002965797e-05,5.658000000607899e-05,3.6479999891980697e-06,4.7120000203904056e-06,5.1867999985688584e-05,2.366000018128034e-06,96,False
711,2.7700000003960668e-05,5.7508999987021525e-05,3.4770000070238893e-06,4.758999978093925e-06,5.27500000089276e-05,2.3249999969721102e-06,96,False
712,2.4435000000266882e-05,5.654300002788659e-05,3.5479999951348873e-06,4.5369999952527e-06,5.200600003263389e-05,2.3430000055668643e-06,96,False
713,2.4569000004248664e-05,7.53639999970801e-05,3.8450000090506364e-06,4.465000017717102e-06,7.0898999979363e-05,2.2360000002663583e-06,96,False
714,2.879199999483717e-05,6.0938000018495586e-05,3.4300000208986603e-06,5.232999995996579e-06,5.570500002249901e-05,2.736999988428579e-06,96,False
715,2.4697000014839432e-05,5.873700001757243e-05,3.2890000056795543e-06,4.754000002549219e-06,5.398300001502321e-05,2.4280000161525095e-06,96,False
716,2.4228999990327793e-05,5.6381000007377224e-05,3.40799999776209e-06,4.647999986673312e-06,5.173300002070391e-05,2.225999992333527e-06,96,False
717,2.442499999233405e-05,5.7624999982408553e-05,3.3970000004046597e-06,4.928999999265216e-06,5.269599998314334e-05,2.2449999903528806e-06,96,False
718,2.4400000000923683e-05,5.699199999753546e-05,3.413999991153105e-06,4.750000016429112e-06,5.2241999981106346e-05,2.225999992333527e-06,96,False
719,2.3919000000205415e-05,5.698800001141535e-05,3.7400000110210385e-06,4.635999999891283e-06,5.235200001152407e-05,2.2870000009334035e-06,96,False
720,2.4137999986351133e-05,5.646900001465838e-05,3.484000018261213e-06,4.6079999833636975e-06,5.186100003129468e-05,2.3359999943295406e-06,96,False
721,2.3814000002175817e-05,5.6985000014719844e-05,3.44200000768069e-06,4.896000007192924e-06,5.208900000752692e-05,2.241999993657373e-06,96,False
722,2.38770000180466e-05,5.7177999991608885e-05,3.528999997115534e-06,4.994999983409798e-06,5.218300000819909e-05,2.1470000035606063e-06,96,False
723,2.4250999985042654e-05,7.23409999920932e-05,3.832999993846897e-06,7.057999994231068e-06,6.528299999786213e-05,2.862000002323839e-06,96,False
724,2.6474999998526982e-05,5.960000001437038e-05,3.3119999898190144e-06,5.305999991378485e-06,5.4294000022991895e-05,2.2950000015953265e-06,96,False
725,2.487200001155543e-05,5.783000000292304e-05,4.215000018348292e-06,4.993999993985199e-06,5.2836000008937845e-05,2.2449999903528806e-06,96,False
726,2.326100002392195e-05,5.5809999992106896e-05,4.1429999839692755e-06,4.681000007167313e-06,5.112899998493958e-05,2.075999987027899e-06,96,False
727,2.354999998033236e-05,5.600900001923037e-05,4.0619999879254465e-06,4.529999984015376e-06,5.1479000035214995e-05,2.1889999857194198e-06,96,False
728,2.3849999990943616e-05,5.580600000598679e-05,4.028000006428556e-06,4.547000003185531e-06,5.125900000280126e-05,2.1250000088457455e-06,96,False
729,2.3838999993586185e-05,5.557700001190824e-05,3.8450000090506364e-06,4.632000013771176e-06,5.0944999998137064e-05,2.21100000885599e-06,96,False
730,2.3418000012043194e-05,5.5218999989392614e-05,3.79599998723279e-06,4.563999993933976e-06,5.065499999545864e-05,2.2099999910096813e-06,96,False
731,2.3722999998199157e-05,5.559699999935219e-05,3.974000009066003e-06,4.51300002168864e-06,5.108399997766355e-05,2.375000008214556e-06,96,False
732,2.341100000080587e-05,5.473699999924975e-05,3.945000003113819e-06,4.850000010492295e-06,4.988699998875745e-05,2.2549999982857116e-06,96,False
733,4.449700000463963e-05,6.096799998545066e-05,4.265000001169028e-06,5.469000001312452e-06,5.549899998413821e-05,2.5719999996454135e-06,96,False
734,2.4058000008153613e-05,8.420599999681144e-05,4.517000007808747e-06,4.861000007849725e-06,7.934499998896172e-05,2.174999991666482e-06,96,False
735,2.7113000015788202e-05,6.459399997993387e-05,4.709999984697788e-06,5.717999982834954e-06,5.8875999997098916e-05,2.859999995052931e-06,96,False
736,2.5905000001102962e-05,5.6950000015376645e-05,4.083000021637417e-06,4.610999980059205e-06,5.233900003531744e-05,2.261999981101326e-06,96,False
737,2.4707000022772263e-05,5.605399999808469e-05,3.893999974025064e-06,4.573000012442208e-06,5.1480999985642484e-05,2.109999996946499e-06,96,False
738,2.3647999995546343e-05,5.6310999980269116e-05,3.905999989228803e-06,4.881000023715387e-06,5.142999995655373e-05,2.1390000028986833e-06,96,False
739,2.3591000001488283e-05,5.55980000171985e-05,3.7400000110210385e-06,4.711999991968696e-06,5.0886000025229805e-05,2.1490000108315144e-06,96,False
740,2.30699999974604e-05,5.6175999986862735e-05,3.74999999053216e-06,4.509999996571423e-06,5.166599999029131e-05,2.209000001585082e-06,96,False
741,2.363800001603522e-05,5.6538999984923066e-05,3.6899999997785926e-06,4.820000015115511e-06,5.1718999969807555e-05,2.187000006870221e-06,96,False
742,2.3647999995546343e-05,7.651399999986097e-05,2.685499998733576e-05,9.719000019003943e-06,6.679499998085703e-05,3.2840000017131388e-06,96,False
743,3.3962000003384674e-05,6.750200000738005e-05,4.689000007829236e-06,5.99500000930675e-06,6.15069999980733e-05,2.7829999851292087e-06,96,False
744,2.8535000012652745e-05,6.166000000007443e-05,4.0410000110568944e-06,5.657999992081386e-06,5.600200000799305e-05,2.5500000049305527e-06,96,False
745,2.4886999995032966e-05,5.673699999420023e-05,4.366000013078519e-06,4.508000017722225e-06,5.222899997647801e-05,2.3099999850728636e-06,96,False
746,2.4862999993047197e-05,5.653299999153205e-05,3.949999978658525e-06,4.6579999946061434e-06,5.187499999692591e-05,2.181999974482096e-06,96,False
747,2.4205000016763734e-05,5.606799999213763e-05,3.878999990547527e-06,4.635000010466683e-06,5.1432999981670946e-05,2.1619999870381434e-06,96,False
748,2.3717000004808142e-05,5.6028000017249724e-05,3.8390000156596216e-06,4.564999983358575e-06,5.146300003389115e-05,2.0780000227205164e-06,96,False
749,2.378700000349454e-05,5.5446000004621965e-05,3.652000003739886e-06,4.544000006490023e-06,5.090199999813194e-05,2.124999980424036e-06,96,False
750,2.3624000021982283e-05,7.660599999326223e-05,3.912000011041528e-06,4.4379999906141165e-06,7.216800000264811e-05,2.158999990342636e-06,96,False
751,2.794799999605857e-05,5.8738000006997027e-05,3.6129999898548704e-06,5.0600000065514905e-06,5.3678000000445536e-05,2.7319999844621634e-06,96,False
752,2.4328000023388086e-05,5.674300001601296e-05,4.122999996525323e-06,4.611000008480914e-06,5.213200000753204e-05,2.4590000009538926e-06,96,False
753,2.4161999988336902e-05,5.645299998491282e-05,3.901000013684097e-06,4.834999998593048e-06,5.1617999986319774e-05,2.4069999824405386e-06,96,False
754,2.3271999992857673e-05,5.533600000262595e-05,4.074000003129186e-06,4.765999989331249e-06,5.05700000132947e-05,2.1150000009129144e-06,96,False
755,2.318500000342283e-05,5.5298999996011844e-05,3.81800001036936e-06,4.785000015772312e-06,5.051399998023953e-05,2.104000003555484e-06,96,False
756,2.38089999982094e-05,5.617000002189343e-05,3.879999979972126e-06,4.523999990624361e-06,5.164600003126907e-05,2.4059999930159393e-06,96,False
757,2.335600001401872e-05,5.6325000002743764e-05,4.085999989911215e-06,4.848999992645986e-06,5.147600001009778e-05,2.2289999890290346e-06,96,False
758,2.2882999985540664e-05,5.6241999999429027e-05,4.009999997833802e-06,4.8539999966124014e-06,5.1388000002816625e-05,2.072000000907792e-06,96,False
759,2.3470999991559438e-05,5.500800000390882e-05,4.040999982635185e-06,4.43400000449401e-06,5.057399999941481e-05,2.110999986371098e-06,96,False
760,2.3609000010083037e-05,7.991900000092755e-05,4.141000005120077e-06,1.7135999996753526e-05,6.278300000417403e-05,3.686000013658486e-06,96,False
761,2.528199999574099e-05,5.892699999776596e-05,4.0809999859448e-06,4.94700000785997e-06,5.397999998990599e-05,2.389000002267494e-06,96,False
762,2.4816999996346567e-05,5.699000001868626e-05,3.993999996509956e-06,4.687999989982927e-06,5.230200002870333e-05,2.318000014156496e-06,96,False
763,2.397199997972166e-05,5.605300000866009e-05,3.775000010364238e-06,4.784999987350602e-06,5.126800002130949e-05,2.281999996966988e-06,96,False
764,2.383399998961977e-05,5.85880000016914e-05,3.490000011652228e-06,4.601000000548083e-06,5.3987000001143315e-05,2.289999997628911e-06,96,False
765,2.5209999989783682e-05,5.442799999855197e-05,3.5379999872020562e-06,4.810999996607279e-06,4.961700000194469e-05,2.273999996305065e-06,96,False
766,2.315099999350423e-05,5.774000001679269e-05,3.3920000248599536e-06,4.1140000064388005e-06,5.362600001035389e-05,2.15400001479793e-06,96,False
767,2.3443000003453562e-05,5.349299999579671e-05,3.4939999977723346e-06,4.436000011764918e-06,4.905699998403179e-05,2.1070000002509914e-06,96,False
768,2.2895000000744403e-05,5.3884999999809224e-05,3.320000018902647e-06,4.248999999845182e-06,4.963599999996404e-05,2.2080000121604826e-06,96,False
769,2.321900001334143e-05,5.3780999991204226e-05,3.9180000044325425e-06,4.485000005161055e-06,4.929599998604317e-05,2.14299998901879e-06,96,False
770,2.31030000179544e-05,6.0848999993368125e-05,4.094999979997738e-06,5.9279999788941495e-06,5.4921000014473975e-05,2.7380000062748877e-06,96,False
771,2.435700000091856e-05,5.606799999213763e-05,3.775000010364238e-06,4.606000004514499e-06,5.146199998762313e-05,2.1270000161166536e-06,96,False
772,2.353500002527653e-05,5.487100000323153e-05,3.54499999843938e-06,4.574000001866807e-06,5.029700000136472e-05,2.064000000245869e-06,96,False
773,2.3280999982944195e-05,5.597599999873637e-05,3.7730000030933297e-06,4.359999991265795e-06,5.1616000007470575e-05,2.1250000088457455e-06,96,False
774,2.3816000009446725e-05,5.578099998615471e-05,3.832000004422298e-06,4.590999992615252e-06,5.118999999353946e-05,2.1020000247062853e-06,96,False
775,2.3748999979034124e-05,7.653700001242214e-05,3.95500001104665e-06,1.4610999983233341e-05,6.19260000291888e-05,3.431999999747859e-06,96,False
776,2.5729000014962367e-05,5.674299998759125e-05,3.421999991815028e-06,4.780000011805896e-06,5.196299997578535e-05,2.392000027384711e-06,96,False
777,2.3722999998199157e-05,5.472300000519681e-05,3.4850000076858123e-06,4.547000003185531e-06,5.017600000201128e-05,2.2229999956380198e-06,96,False
778,2.3098000013987985e-05,5.520099998079786e-05,3.3929999858628435e-06,4.637000017737591e-06,5.056399996306027e-05,2.273999996305065e-06,96,False
779,2.294600000141145e-05,7.244499997227649e-05,4.021999984615832e-06,4.743999994616388e-06,6.77009999776601e-05,2.3729999725219386e-06,96,False
780,3.1315999990511045e-05,5.885199999511315e-05,3.232000011621494e-06,5.236000021113796e-06,5.361599997399935e-05,2.9050000023289613e-06,96,False
781,2.3920000018051724e-05,5.4863000002569606e-05,3.357999986519644e-06,4.657000005181544e-06,5.020599999738806e-05,2.235000010841759e-06,96,False
782,2.2849999993468373e-05,5.5013999997299834e-05,3.311000000394415e-06,4.826999997931125e-06,5.018699999936871e-05,2.1709999771246657e-06,96,False
783,2.254699998616161e-05,5.4398999992599784e-05,3.3970000004046597e-06,4.6840000038628204e-06,4.971499998873696e-05,2.162000015459853e-06,96,False
784,2.278299999147748e-05,5.438899998466695e-05,3.343000003042107e-06,4.756000009820127e-06,4.9632999974846825e-05,2.055999999583946e-06,96,False
785,2.3671000008107512e-05,5.3530999991835415e-05,3.1640000202060037e-06,4.367999991927718e-06,4.91629999999077e-05,2.1129999936420063e-06,96,False
786,2.289899998686451e-05,5.418399999257417e-05,3.1719999924462172e-06,4.4880000018565624e-06,4.969599999071761e-05,2.144999996289698e-06,96,False
787,2.204500000857479e-05,5.481600001644438e-05,3.2149999924513395e-06,4.654000008486037e-06,5.016200000795834e-05,2.2650000062185427e-06,96,False
788,2.1825000004582762e-05,5.328500000700842e-05,3.3209999799055367e-06,4.432999986647701e-06,4.885200002036072e-05,2.0479999989220232e-06,96,False
789,2.2370000010596414e-05,5.3635000000440414e-05,3.415999998424013e-06,4.412000009779149e-06,4.9222999990661265e-05,2.1310000022367603e-06,96,False
790,3.929999999741085e-05,5.729999998038693e-05,3.375999995114398e-06,5.123999983425165e-06,5.2175999996961764e-05,2.4109999969823548e-06,96,False
791,2.2908000005372742e-05,5.26100000115548e-05,3.3689999838770746e-06,4.41100002035455e-06,4.819899999120025e-05,2.1139999830666056e-06,96,False
792,2.2026000010555435e-05,5.2207999999609456e-05,3.2659999931183847e-06,4.270999994560043e-06,4.793700000504941e-05,2.083999987689822e-06,96,False
793,2.2333000003982306e-05,5.174599999691054e-05,3.1210000202008814e-06,4.145000019661893e-06,4.760099997724865e-05,2.055999999583946e-06,96,False
794,2.1616000026369875e-05,5.103000000872271e-05,3.1400000182202348e-06,4.327999988618103e-06,4.6702000020104606e-05,2.1370000240494846e-06,96,False
795,2.1731000003910594e-05,5.028000001061628e-05,3.2209999858423544e-06,4.227999994554921e-06,4.6052000016061356e-05,2.004999998916901e-06,96,False
796,2.061800000774383e-05,5.068600000868173e-05,3.03199999507342e-06,4.219999993892998e-06,4.646600001478873e-05,1.9379999969260098e-06,96,False
797,2.139299999726063e-05,5.170099998963451e-05,3.0410000135816517e-06,4.321999995227088e-06,4.737899999440742e-05,2.073000018754101e-06,96,False
798,2.127999999856911e-05,5.1114000001462045e-05,3.1120000016926497e-06,4.206999989264659e-06,4.6907000012197386e-05,1.7950000028577051e-06,96,False
799,2.154199998471995e-05,5.065599998488324e-05,3.1339999964075105e-06,4.05800000180534e-06,4.65979999830779e-05,1.9109999982447334e-06,96,False
800,2.1343000014439895e-05,6.694100000004255e-05,3.6650000083682244e-06,4.232000009096737e-06,6.270899999094581e-05,1.9599999916408706e-06,96,False
801,2.5237000016886668e-05,6.412599998384394e-05,3.935000023602697e-06,5.137999977478103e-06,5.898800000636584e-05,2.4510000002919696e-06,96,False
802,2.2594999990133147e-05,5.251999999700274e-05,3.739999982599329e-06,4.571999994595899e-06,4.794800000240684e-05,1.9679999923027935e-06,96,False
803,2.2529000005988564e-05,5.246400002079099e-05,3.843999991204328e-06,4.266999980018227e-06,4.8197000040772764e-05,2.168999998275467e-06,96,False
804,2.1662999984073394e-05,5.1423000002159824e-05,3.826000011031283e-06,4.472999989957316e-06,4.695000001220251e-05,2.0479999989220232e-06,96,False
805,2.2024999992709127e-05,5.169800002136071e-05,3.6579999971309007e-06,4.141000005120077e-06,4.7557000016240636e-05,2.0219999896653462e-06,96,False
806,2.2024999992709127e-05,5.167500000879954e-05,3.5609999997632258e-06,4.21799998662209e-06,4.7457000022177454e-05,1.9210000061775645e-06,96,False
807,2.1596999999928812e-05,5.1409999997531486e-05,3.779999985908944e-06,4.2290000124012295e-06,4.7180999985130256e-05,2.125999998270345e-06,96,False
808,2.1354000011797325e-05,5.1375999987612886e-05,3.496999994467842e-06,4.0639999951963546e-06,4.731199999241653e-05,1.8669999803933024e-06,96,False
809,2.143000000387474e-05,5.244500002277164e-05,3.6170000043966866e-06,4.128000000491738e-06,4.83170000222799e-05,2.033999976447376e-06,96,False
810,2.1544000020412568e-05,5.245299999501185e-05,3.676999995150254e-06,4.37699998201424e-06,4.807600001299761e-05,2.039000008835501e-06,96,False
811,2.1341000007168986e-05,6.213699998625088e-05,4.040999982635185e-06,6.209000019907762e-06,5.592799996634312e-05,2.562000020134292e-06,96,False
812,2.3427999991554316e-05,5.2232999991019824e-05,3.6299999806033156e-06,4.4539999919379625e-06,4.777899999908186e-05,2.1289999949658522e-06,96,False
813,2.231700000265846e-05,5.112100001269937e-05,3.4870000149567204e-06,4.214000000501983e-06,4.6907000012197386e-05,1.972999996269209e-06,96,False
814,2.220300001454234e-05,5.1843000022699925e-05,3.7689999885515135e-06,4.418000003170164e-06,4.742500001952976e-05,1.975000003540117e-06,96,False
815,2.3040999991508215e-05,5.1400999979023254e-05,3.8130000064029446e-06,4.4299999899521936e-06,4.697099998907106e-05,2.023000007511655e-06,96,False
816,2.189500000326916e-05,5.140600001141138e-05,3.7150000196106703e-06,4.434999993918609e-06,4.697100001749277e-05,1.9919999942885624e-06,96,False
817,2.1787000008544055e-05,5.199000000288834e-05,1.8574999984366514e-05,4.289000003154797e-06,4.770099999973354e-05,2.0030000200677023e-06,96,False
818,2.4373999991667006e-05,5.300899999838293e-05,3.571000007696057e-06,4.37700001043595e-06,4.863199998794698e-05,2.314999989039279e-06,96,False
819,2.205499998808591e-05,6.455100000835046e-05,4.09299997272683e-06,4.024000020308449e-06,6.052699998804201e-05,2.037999990989192e-06,96,False
820,2.64090000143824e-05,5.495099998142905e-05,3.4679999885156576e-06,4.887000017106402e-06,5.006399996432265e-05,2.375000008214556e-06,96,False
821,2.214500000263797e-05,7.719999999267202e-05,3.507000002400673e-06,6.637000012688077e-06,7.056299997998394e-05,2.684000008912335e-06,96,False
822,2.3569000006773422e-05,5.171300000483825e-05,3.1760000069880334e-06,4.423000007136579e-06,4.728999999770167e-05,2.2100000194313907e-06,96,False
823,2.1236999998563988e-05,5.091199997764306e-05,3.1689999957507098e-06,4.305999993903242e-06,4.660599998373982e-05,2.015000006849732e-06,96,False
824,2.1696999993991994e-05,5.118999999353946e-05,3.2269999792333692e-06,4.211999993231075e-06,4.6978000000308384e-05,2.0870000128070387e-06,96,False
825,2.1886000013182638e-05,5.1477999988946976e-05,3.114999998388157e-06,4.477000004499132e-06,4.7000999984447844e-05,2.0989999995890685e-06,96,False
826,2.130100000385937e-05,5.1307999996197395e-05,3.0850000030113733e-06,4.606000004514499e-06,4.6701999991682897e-05,2.0059999883415003e-06,96,False
827,2.1061000012423392e-05,5.1171999984944705e-05,3.5950000096818258e-06,4.442999994580532e-06,4.672899999036417e-05,2.002999991645993e-06,96,False
828,2.170199999795841e-05,5.133499999487867e-05,3.5700000182714575e-06,4.4980000097893935e-06,4.683699998508928e-05,1.9430000008924253e-06,96,False
829,2.223600000661463e-05,5.206900002008297e-05,3.233999990470693e-06,4.29700000381672e-06,4.777200001626625e-05,2.045999991651115e-06,96,False
830,2.212399999734771e-05,5.1856999988331154e-05,3.197999973281185e-06,4.453000002513363e-06,4.740399998581779e-05,2.130000012812161e-06,96,False
831,2.1354000011797325e-05,5.160200001341764e-05,3.2240000109595712e-06,4.450000005817856e-06,4.715200000759978e-05,2.088000002231638e-06,96,False
832,0.0001310009999997419,0.0002889650000099664,7.162999992260666e-06,1.4687999993157064e-05,0.0002742770000168093,4.8829999741428765e-06,96,False
833,3.224400001045069e-05,5.75699999956214e-05,3.38500001362263e-06,5.042999987381336e-06,5.2527000008240066e-05,2.4750000022777385e-06,96,False
834,2.533800000037445e-05,5.3929000017660655e-05,3.306999985852599e-06,4.6499999939442205e-06,4.9279000023716435e-05,2.2480000154700974e-06,96,False
835,2.2587000017892933e-05,5.21209999817529e-05,3.2570000030318624e-06,4.683000014438221e-06,4.743799996731468e-05,2.055000010159347e-06,96,False
836,2.2049999984119495e-05,5.101799999351897e-05,2.9949999884593126e-06,4.0959999978440464e-06,4.6921999995674923e-05,2.045000002226516e-06,96,False
837,2.1762000017133687e-05,5.187600001477222e-05,3.090999996402388e-06,4.326999999193504e-06,4.754900001557871e-05,2.0280000114780705e-06,96,False
838,2.171299999531584e-05,7.495099998777732e-05,4.09299997272683e-06,4.281000002492874e-06,7.066999998528445e-05,2.101999996284576e-06,96,False
839,3.406900000868518e-05,5.369499999119398e-05,3.800000001774606e-06,4.703999991306773e-06,4.899099999988721e-05,2.314999989039279e-06,96,False
840,2.221300002247517e-05,5.255499999634594e-05,3.737000014325531e-06,4.520999993928854e-06,4.803400000241709e-05,2.118999987033021e-06,96,False
841,2.216999999404834e-05,5.1890999998249754e-05,3.5179999997581035e-06,4.4720000005327165e-06,4.741899999771704e-05,1.972999996269209e-06,96,False
842,2.1718999988706855e-05,5.122300001403346e-05,3.8120000169783452e-06,4.177999983312475e-06,4.7045000030720985e-05,2.088000002231638e-06,96,False
843,2.136199998403754e-05,5.087799999614617e-05,3.942000006418311e-06,4.276999987951058e-06,4.6601000008195115e-05,2.083999987689822e-06,96,False
844,2.1787999997968654e-05,5.0213999998049985e-05,3.4939999977723346e-06,3.996000003780864e-06,4.621799999426912e-05,2.0020000022213935e-06,96,False
845,2.1424999999908323e-05,4.964900000459238e-05,3.2610000175736786e-06,4.115999985287999e-06,4.553300001930438e-05,2.0030000200677023e-06,96,False
846,2.1220000007815543e-05,5.12039999875924e-05,3.688999981932284e-06,4.243000006454167e-06,4.696099998113823e-05,2.091999988351745e-06,96,False
847,2.151999999000509e-05,4.953499998805455e-05,3.7039999938315304e-06,3.926999994519065e-06,4.5607999993535486e-05,2.02900000090267e-06,96,False
848,2.1239000005834896e-05,4.9553999986073904e-05,3.56799998257884e-06,4.0150000018002174e-06,4.553899998427369e-05,1.940999993621517e-06,96,False
849,2.1831999987398376e-05,5.946400000311769e-05,4.004000004442787e-06,5.831999999372783e-06,5.3632000003744906e-05,2.5639999989834905e-06,96,False
850,2.390099999161066e-05,5.205600001545463e-05,4.149999995206599e-06,4.440999987309624e-06,4.7615000028145005e-05,2.168999998275467e-06,96,False
851,2.228299999273986e-05,5.0418999990142765e-05,3.4179999772732117e-06,4.0250000097330485e-06,4.639399998040972e-05,1.9599999916408706e-06,96,False
852,2.169200001844729e-05,5.032500001789231e-05,3.557999974646009e-06,4.155999988597614e-06,4.616900002929469e-05,2.057000017430255e-06,96,False
853,2.1537999998599844e-05,0.00011673500000597414,4.692999993949343e-06,4.265499998723499e-05,7.408000001873916e-05,3.960999976015955e-06,96,False
854,2.9890000007526396e-05,5.568899999275345e-05,3.7810000037552527e-06,4.595999996581668e-06,5.1092999996171784e-05,2.4530000075628777e-06,96,False
855,2.2655999998733023e-05,5.0693999980921944e-05,3.687000003083085e-06,4.414000017050057e-06,4.627999996387189e-05,1.956000005520764e-06,96,False
856,2.0932000012408025e-05,5.0394999988156997e-05,3.482000010990305e-06,4.101999991235061e-06,4.6292999996921935e-05,2.011999981732515e-06,96,False
857,2.131499999791231e-05,4.946699999663906e-05,3.565000014305042e-06,3.998000011051772e-06,4.546899998558729e-05,1.8469999929493497e-06,96,False
858,2.1162999985335773e-05,4.885000001308981e-05,3.448000001071705e-06,4.028000006428556e-06,4.4822000006661256e-05,1.913999994940241e-06,96,False
859,2.0841000008431365e-05,4.788100000041595e-05,3.4550000123090285e-06,3.6650000083682244e-06,4.421599999204773e-05,1.944999979741624e-06,96,False
860,2.122199998666474e-05,4.771299998651557e-05,3.2650000036937854e-06,3.8109999991320365e-06,4.390199998738353e-05,1.8770000167478429e-06,96,False
861,2.0188000007692608e-05,4.8480000003792156e-05,3.296000016916878e-06,3.916999986586234e-06,4.456300001720592e-05,1.8490000002202578e-06,96,False
862,2.0917999989933378e-05,4.788500001495777e-05,3.3420000136175076e-06,4.032999981973262e-06,4.3852000032984506e-05,1.8670000088150118e-06,96,False
863,2.0546000001786524e-05,6.629599999996572e-05,3.6819999991166696e-06,3.78400000045076e-06,6.251199999951496e-05,1.8770000167478429e-06,96,False
864,2.2766999990153636e-05,7.228299998018883e-05,3.731999981937406e-06,4.385000011097873e-06,6.789799996909096e-05,2.0149999784280226e-06,96,False
865,2.3905000006152477e-05,5.126599998561687e-05,3.15700000896868e-06,4.4359999833432084e-06,4.6830000002273664e-05,2.15499997580082e-06,96,False
866,2.173700002572332e-05,4.928300000983654e-05,3.1079999871508335e-06,4.273000001830951e-06,4.501000000800559e-05,1.9539999982498557e-06,96,False
867,2.104299997540693e-05,4.901500000187298e-05,2.956999992420606e-06,4.166999985955044e-06,4.484800001591793e-05,1.9269999995685794e-06,96,False
868,2.0570000003772293e-05,4.826099998922473e-05,2.9900000129146065e-06,3.6970000110159162e-06,4.456399997820881e-05,2.021000000240747e-06,96,False
869,2.056100001368577e-05,4.7057000017503015e-05,3.4509999977672123e-06,3.851000002441651e-06,4.320600001506136e-05,1.881999992292549e-06,96,False
870,2.1000999993248115e-05,4.7833999985869013e-05,3.2500000202162482e-06,3.7289999852418987e-06,4.4105000000627115e-05,1.954999987674455e-06,96,False
871,2.0446000007723342e-05,4.760000001624576e-05,3.133000006982911e-06,3.8060000235873304e-06,4.379399999265843e-05,1.9959999804086692e-06,96,False
872,2.016199999843593e-05,4.8242999980629975e-05,2.985000008948191e-06,3.797999994503698e-06,4.444499998612628e-05,1.8750000094769348e-06,96,False
873,2.10649999985435e-05,4.7784999992472876e-05,3.0249999838360964e-06,3.953000003775742e-06,4.3831999988697135e-05,1.7910000167375983e-06,96,False
874,2.0270999982585636e-05,4.799499998853207e-05,2.999999992425728e-06,3.872999997156512e-06,4.412199999137556e-05,1.8240000088098896e-06,96,False
875,2.0626000008405754e-05,4.878100000382801e-05,3.098000007639712e-06,4.015999991224817e-06,4.4765000012603196e-05,1.920999977755855e-06,96,False
876,4.271600002425657e-05,5.334299999049108e-05,3.3889999997427367e-06,4.781000001230495e-06,4.8561999989260585e-05,2.1840000101747137e-06,96,False
877,2.1595999982082503e-05,6.500400002096285e-05,5.242000014504811e-06,4.180000019005092e-06,6.0824000001957756e-05,1.958000012791672e-06,96,False
878,3.696600001035222e-05,5.9754000005796115e-05,3.5179999997581035e-06,5.312999974194099e-06,5.4441000031602016e-05,3.130999999712003e-06,96,False
879,2.3031000011997094e-05,5.276499999240514e-05,3.288999977257845e-06,4.555000003847454e-06,4.8209999988557684e-05,2.065999979095068e-06,96,False
880,2.189600002111547e-05,4.9553999986073904e-05,1.1069999999335778e-05,4.348000004483765e-06,4.520599998159014e-05,2.093999995622653e-06,96,False
881,3.985000000739092e-05,5.876899999179841e-05,4.232999998521336e-06,5.369999996673869e-06,5.339899999512454e-05,2.7929999930620397e-06,96,False
882,2.243000000134998e-05,5.095199998095268e-05,3.4790000142947974e-06,4.397999987304502e-06,4.6553999993648176e-05,2.1339999989322678e-06,96,False
883,2.149599998801932e-05,4.9665999995340826e-05,3.090000006977789e-06,4.162999999834938e-06,4.550299999550589e-05,2.088000002231638e-06,96,False
884,2.0909999989271455e-05,4.82509999812919e-05,3.593999991835517e-06,4.010000026255511e-06,4.4240999955036386e-05,2.021000000240747e-06,96,False
885,2.0534000015004494e-05,6.496800000377334e-05,4.015999991224817e-06,3.975999987915202e-06,6.099200001585814e-05,1.978999989660224e-06,96,False
886,2.7884999980187786e-05,5.205499999760832e-05,3.4250000169322448e-06,4.580000023679531e-06,4.747499997392879e-05,2.2629999989476346e-06,96,False
887,2.1488999976781997e-05,4.851799999983086e-05,3.4669999990910583e-06,4.117999992558907e-06,4.4400000007271956e-05,1.982000014777441e-06,96,False
888,2.0487999989882155e-05,4.822599998988153e-05,3.1399999897985253e-06,4.185999983974398e-06,4.404000000590713e-05,1.9699999995737016e-06,96,False
889,2.050599999847691e-05,4.731199999241653e-05,3.063999997721112e-06,3.820999978643158e-06,4.349100001377337e-05,1.889999992954472e-06,96,False
890,2.0258000006379007e-05,4.822700000772784e-05,3.1270000135918963e-06,3.964000001133172e-06,4.4263000006594666e-05,1.8789999955970416e-06,96,False
891,2.0923999983324393e-05,4.773399999180583e-05,2.9720000043198525e-06,3.785000018297069e-06,4.394899997350876e-05,1.9189999989066564e-06,96,False
892,2.0018000014943027e-05,4.7250000022813765e-05,3.241999991132616e-06,3.907999996499711e-06,4.3342000026314054e-05,1.9630000167580874e-06,96,False
893,2.0420999987891264e-05,4.686899998773697e-05,2.34569999975065e-05,3.7860000077216682e-06,4.30829999800153e-05,2.01700001412064e-06,96,False
894,2.214699998148717e-05,4.9040999982707945e-05,3.1680000063261105e-06,4.101000001810462e-06,4.493999998089748e-05,1.8910000108007807e-06,96,False
895,1.9919999999729043e-05,4.711599999041027e-05,3.0530000003636815e-06,3.96699999782868e-06,4.3148999992581594e-05,1.748999977735366e-06,96,False
896,1.989999998386338e-05,4.745999999045125e-05,3.0489999858218653e-06,3.94399998526751e-06,4.351600000518374e-05,1.8700000055105193e-06,96,False
897,3.906200001324578e-05,5.261499998709951e-05,3.268999989813892e-06,4.574999991291406e-06,4.80399999958081e-05,2.3190000035810954e-06,96,False
898,2.125599999658334e-05,4.952099999400161e-05,3.837999997813313e-06,4.050000001143417e-06,4.5470999992858196e-05,1.9559999770990544e-06,96,False
899,2.0946999995885562e-05,4.9064999984693713e-05,3.716999998459869e-06,3.9809999918816175e-06,4.5083999992812096e-05,1.8689999876642105e-06,96,False
900,2.0852000005788796e-05,4.775599998652069e-05,3.4050000010665826e-06,3.8450000090506364e-06,4.3910999977470055e-05,1.8829999817171483e-06,96,False
901,2.0261999992499113e-05,4.727699999307333e-05,3.434000007018767e-06,3.856000006408067e-06,4.3420999986665265e-05,1.913999994940241e-06,96,False
902,2.0393999989209988e-05,4.81440000044131e-05,3.379999981234505e-06,4.067999981316461e-06,4.407600002309664e-05,1.7520000028525828e-06,96,False
903,2.002700000502955e-05,4.658500000687127e-05,3.3080000036989077e-06,3.759000009040392e-06,4.282599999783088e-05,1.837000013438228e-06,96,False
904,1.9734999995080216e-05,4.6830000002273664e-05,3.359000004365953e-06,3.8659999859191885e-06,4.2964000016354476e-05,1.8120000220278598e-06,96,False
905,1.9846000014922538e-05,4.658200001017576e-05,3.243999998403524e-06,3.996999993205463e-06,4.25850000169703e-05,1.7630000002100132e-06,96,False
906,1.9006000002264045e-05,4.681599997979902e-05,3.3039999891570915e-06,3.902999992533296e-06,4.291299998726572e-05,1.8000000068241206e-06,96,False
907,1.959200000101191e-05,4.521799999679388e-05,3.1460000116112496e-06,3.729000013663608e-06,4.148899998313027e-05,1.7549999995480903e-06,96,False
908,1.929500001551787e-05,6.737300000736468e-05,3.6469999997734703e-06,1.15349999987302e-05,5.583800000863448e-05,3.2570000030318624e-06,96,False
909,2.181500002507164e-05,4.839999999717293e-05,3.5010000090096582e-06,4.28500001703469e-06,4.4114999980138236e-05,1.871999984359718e-06,96,False
910,2.0236999972667036e-05,7.284699998422184e-05,3.7180000163061777e-06,1.675599997952304e-05,5.60910000046988e-05,3.2899999951041536e-06,96,False
911,2.188299998806542e-05,4.964900000459238e-05,3.2659999931183847e-06,4.447999998546948e-06,4.520100000604543e-05,2.002999991645993e-06,96,False
912,2.1459000009826923e-05,4.770099999973354e-05,3.3419999851957982e-06,3.9649999905577715e-06,4.373600000917577e-05,1.9070000121246267e-06,96,False
913,2.029999998853782e-05,4.697299999634197e-05,3.405999990491182e-06,4.082000003791109e-06,4.289099999255086e-05,1.8470000213710591e-06,96,False
914,1.9721000001027278e-05,4.699199999436132e-05,3.2830000122885394e-06,4.0539999872635235e-06,4.29380000070978e-05,1.8549999936112727e-06,96,False
915,1.942299999768693e-05,4.815300002292133e-05,3.306999985852599e-06,4.032999981973262e-06,4.412000004094807e-05,1.8510000074911659e-06,96,False
916,1.938899998776833e-05,4.6760000003587265e-05,3.2719999865093996e-06,3.920000011703451e-06,4.2839999991883815e-05,1.8460000035247504e-06,96,False
917,1.9996999981231056e-05,4.724199999373013e-05,3.234999979895292e-06,3.924999987248157e-06,4.3317000006481976e-05,1.8939999790745787e-06,96,False
918,2.023300001496864e-05,4.6967000002950954e-05,3.3240000050227536e-06,3.9260000050944655e-06,4.304099999785649e-05,1.8589999797313794e-06,96,False
919,2.105100000449056e-05,6.170899999347057e-05,3.7599999984649912e-06,3.979000013032419e-06,5.772999998043815e-05,1.9359999896551017e-06,96,False
920,2.3406999986264054e-05,4.9415999995972015e-05,3.24899997394823e-06,4.278999995221966e-06,4.513700000075005e-05,2.1600000081889448e-06,96,False
921,1.9771000012269724e-05,4.6896999975842846e-05,3.3240000050227536e-06,3.9100000037706195e-06,4.2986999972072226e-05,1.975000003540117e-06,96,False
922,1.986699999179109e-05,4.668500000093445e-05,3.163000002359695e-06,3.856999995832666e-06,4.2828000005101785e-05,1.99499999098407e-06,96,False
923,1.964000000498345e-05,4.674100000556791e-05,3.0960000003688037e-06,3.7220000024262845e-06,4.301900000314163e-05,1.8650000015441037e-06,96,False
924,1.9748999989133154e-05,4.742799998780356e-05,3.1280000030164956e-06,4.166999985955044e-06,4.3261000001848515e-05,1.91499998436484e-06,96,False
925,2.0052999985864517e-05,5.568800000332885e-05,3.4189999951195205e-06,1.1360000002014203e-05,4.432800000131465e-05,2.0040000094923016e-06,96,False
926,2.0054000003710826e-05,4.720100000099592e-05,3.3080000036989077e-06,4.048000022294218e-06,4.31529999787017e-05,1.883999999563457e-06,96,False
927,1.9882000003690337e-05,4.6749000006229835e-05,3.2319999831997848e-06,4.2339999879459356e-06,4.25150000182839e-05,1.7819999982293666e-06,96,False
928,1.9790999999713677e-05,4.681100000425431e-05,3.159000016239588e-06,3.9909999998144485e-06,4.282000000443986e-05,1.8770000167478429e-06,96,False
929,1.9441000006281683e-05,4.5505999992201396e-05,3.3359999918047833e-06,3.6710000017592392e-06,4.1834999990442157e-05,1.8109999757598416e-06,96,False
930,1.9152000021449567e-05,4.622800000220195e-05,2.922000021499116e-06,3.923999997823557e-06,4.2304000004378395e-05,1.7060000061519531e-06,96,False
931,1.8968999995649938e-05,6.715099999610175e-05,3.2959999884951685e-06,7.12300001737276e-06,6.0027999978728985e-05,2.778999999009102e-06,96,False
932,2.127999999856911e-05,4.7730000005685724e-05,2.8549999910865154e-06,4.133000004458154e-06,4.359700000122757e-05,1.982000014777441e-06,96,False
933,1.9266999998990286e-05,4.671199999961573e-05,2.9270000254655315e-06,4.014000012375618e-06,4.269799998724011e-05,1.8519999969157652e-06,96,False
934,1.962900000762602e-05,4.6577999995633945e-05,2.862000002323839e-06,3.870000000461005e-06,4.270799999517294e-05,1.7799999909584585e-06,96,False
935,2.0148000004382993e-05,4.6451000002889486e-05,2.7769999917381938e-06,3.7369999859038217e-06,4.2714000016985665e-05,1.8000000068241206e-06,96,False
936,1.9484999995711405e-05,4.573000001073524e-05,2.7860000102464255e-06,3.7240000096971926e-06,4.2006000001038046e-05,1.8960000147671963e-06,96,False
937,1.911399999698915e-05,4.5415000016646445e-05,2.7809999778583006e-06,3.7270000063927e-06,4.1688000010253745e-05,1.6999999843392288e-06,96,False
938,1.883999999563457e-05,4.585599998563339e-05,2.7639999871098553e-06,3.7240000096971926e-06,4.2131999975936196e-05,1.8249999982344889e-06,96,False
939,1.8917000005558293e-05,4.553599998757818e-05,2.7359999990039796e-06,3.7480000116829615e-06,4.178799997589522e-05,1.6890000154035079e-06,96,False
940,1.962600001093051e-05,4.807900000969312e-05,3.053999989788281e-06,3.7549999944985757e-06,4.432400001519454e-05,1.8339999883210112e-06,96,False
941,2.0190000014963516e-05,4.690200000823097e-05,3.0810000168912666e-06,3.7549999944985757e-06,4.3147000013732395e-05,1.8490000002202578e-06,96,False
942,1.944499999240179e-05,4.592400000547059e-05,3.042000003006251e-06,3.6639999905219156e-06,4.226000001494867e-05,1.9069999837029172e-06,96,False
943,1.8941000007544062e-05,6.76629999816214e-05,3.1380000109493267e-06,6.124999998746716e-06,6.153799998287468e-05,2.451999989716569e-06,96,False
944,2.061800000774383e-05,4.8127000013664656e-05,2.9969999957302207e-06,4.056999983959031e-06,4.4070000029705625e-05,1.92600001014398e-06,96,False
945,2.0008000007010196e-05,4.71230000016476e-05,2.8069999871149776e-06,3.945999992538418e-06,4.317700000910918e-05,1.944000018738734e-06,96,False
946,2.0098000021562257e-05,4.686500000161686e-05,2.7920000036374404e-06,3.820000017640268e-06,4.3044999983976595e-05,1.8099999863352423e-06,96,False
947,1.9497000010915144e-05,4.656900000554742e-05,2.817999984472408e-06,4.100000012385863e-06,4.246899999316156e-05,1.8510000074911659e-06,96,False
948,1.935500000627144e-05,4.5507000010047705e-05,2.803000000994871e-06,3.7000000077114237e-06,4.180700000233628e-05,1.996999998254978e-06,96,False
949,1.9313999985115515e-05,4.5051000000739805e-05,2.8810000003431924e-06,3.5249999825737177e-06,4.152600001816609e-05,1.6689999995378457e-06,96,False
950,1.9199000007574796e-05,4.6464999996942424e-05,2.762999997685256e-06,3.931000009060881e-06,4.253399998788154e-05,1.7520000028525828e-06,96,False
951,1.9716999986485462e-05,4.593699998167722e-05,2.7669999838053627e-06,3.918999993857142e-06,4.2017999987820076e-05,1.905999994278318e-06,96,False
952,1.9420000000991422e-05,4.501099999743019e-05,2.8000000042993634e-06,3.79599998723279e-06,4.12150000101974e-05,1.6799999968952761e-06,96,False
953,1.8313999987640273e-05,4.424499999799991e-05,2.733000002308472e-06,3.5179999997581035e-06,4.072699999824181e-05,1.6460000153983856e-06,96,False
954,1.849900002071081e-05,4.411100002243984e-05,2.6429999877564114e-06,3.7860000077216682e-06,4.032500001471817e-05,1.6110000160551863e-06,96,False
955,1.8538000006174116e-05,6.368399999701069e-05,2.9809999944063748e-06,3.6229999977877014e-06,6.0060999999222986e-05,3.199999980552093e-06,96,False
956,2.0464999977320986e-05,4.54350000040904e-05,2.7450000175122113e-06,3.8070000130119297e-06,4.162799999107847e-05,1.9249999922976713e-06,96,False
957,1.8879999998944186e-05,4.475199997955315e-05,2.7259999910711485e-06,3.9020000031086965e-06,4.084999997644445e-05,1.803000003519628e-06,96,False
958,1.9014999992350567e-05,4.417899998543362e-05,3.304000017578801e-06,3.724999999121792e-06,4.045399998631183e-05,1.85799999030678e-06,96,False
959,1.8844000010176387e-05,4.3855999990682903e-05,3.1200000023545726e-06,3.7300000030882074e-06,4.0125999987594696e-05,1.6549999770631985e-06,96,False
960,1.8838999977788262e-05,4.3852999993987396e-05,3.3039999891570915e-06,3.5909999951400096e-06,4.0261999998847386e-05,1.7479999883107666e-06,96,False
961,1.8721000003552035e-05,4.3511000001217326e-05,2.9230000109237153e-06,3.57900000835798e-06,3.9931999992859346e-05,1.7469999988861673e-06,96,False
962,1.8538000006174116e-05,4.328200000713878e-05,3.183999979228247e-06,3.6739999984547467e-06,3.960800000868403e-05,1.623000002837216e-06,96,False
963,1.8108999995547492e-05,4.323600001043815e-05,2.9250000181946234e-06,3.62400001563401e-06,3.961199999480414e-05,1.6559999949095072e-06,96,False
964,1.8311000019366475e-05,4.31519999892771e-05,3.0070000036630518e-06,3.5559999957968103e-06,3.959599999348029e-05,1.5519999863045086e-06,96,False
965,1.8615000016097838e-05,6.116399998745692e-05,3.429999992476951e-06,5.469000001312452e-06,5.569499998614447e-05,2.136000006203176e-06,96,False
966,1.9997000009652766e-05,4.4936999984201975e-05,2.795999989757547e-06,3.6919999786277913e-06,4.1245000005574184e-05,1.782999987653966e-06,96,False
967,1.9054000006235583e-05,5.630699999414901e-05,3.5280000076909346e-06,3.690999989203192e-06,5.261600000494582e-05,1.7069999955765525e-06,96,False
968,2.424400000222704e-05,4.8026999991179764e-05,2.1693000007871888e-05,4.115999985287999e-06,4.3911000005891765e-05,2.1879999962948204e-06,96,False
969,2.1538999988024443e-05,4.7182000002976565e-05,2.89499999439613e-06,4.0879999971821235e-06,4.309400000579444e-05,1.938999986350609e-06,96,False
970,2.0110000008344286e-05,4.541900000276655e-05,3.2190000069931557e-06,3.86400000706999e-06,4.155499999569656e-05,1.7440000021906599e-06,96,False
971,1.932000000692824e-05,4.518299999745068e-05,3.356999997095045e-06,3.7310000209345162e-06,4.145199997651616e-05,1.8740000200523355e-06,96,False
972,1.8896000000268032e-05,4.484900000534253e-05,2.8510000049664086e-06,3.6929999964741e-06,4.115600000886843e-05,1.8249999982344889e-06,96,False
973,1.8240000002833767e-05,4.51160000238815e-05,3.2110000063312327e-06,3.853000009712559e-06,4.126300001416894e-05,1.7650000074809213e-06,96,False
974,1.8468000007487717e-05,4.457600002183426e-05,2.7920000036374404e-06,3.5930000024109177e-06,4.0983000019423343e-05,1.8769999883261335e-06,96,False
975,1.9065000003593013e-05,4.436300000065785e-05,2.7230000227973505e-06,3.7650000024314068e-06,4.059799999822644e-05,1.6379999863147532e-06,96,False
976,1.875000000950422e-05,4.390700001977166e-05,2.6689999970130884e-06,3.7360000249009317e-06,4.0170999994870726e-05,1.7899999988912896e-06,96,False
977,1.8775999990339187e-05,4.4389999999339125e-05,2.661000024772875e-06,3.6309999984496244e-06,4.07590000008895e-05,1.7389999982242443e-06,96,False
978,1.844099998038473e-05,4.396599999267892e-05,2.6939999884234567e-06,3.7129999839180527e-06,4.0253000008760864e-05,1.7529999922771822e-06,96,False
979,1.8379000010781965e-05,5.496200000720819e-05,3.1440000043403415e-06,3.609999993159363e-06,5.1352000014048826e-05,1.7239999863249977e-06,96,False
980,2.3621999986289666e-05,4.651399999033856e-05,2.64400000560272e-06,4.054000015685233e-06,4.245999997465333e-05,2.061999992974961e-06,96,False
981,1.877099998637277e-05,4.429499998082065e-05,2.5650000168297993e-06,3.8040000163164223e-06,4.0490999964504226e-05,1.7209999896294903e-06,96,False
982,1.848599998766076e-05,4.35739999886664e-05,2.730999995037564e-06,3.599999985226532e-06,3.997400000343987e-05,1.8049999823688267e-06,96,False
983,1.8194000006133138e-05,4.3556000008493356e-05,2.6230000003124587e-06,3.5660000037296413e-06,3.9990000004763715e-05,1.7719999902965355e-06,96,False
984,1.8936999993002246e-05,4.5858999982328896e-05,3.444000014951598e-06,3.71599998061356e-06,4.2143000001715336e-05,1.910000008820134e-06,96,False
985,1.9782999999051754e-05,4.5278999976972045e-05,3.456000001733628e-06,3.804999977319312e-06,4.147399999965273e-05,1.9060000227000273e-06,96,False
986,1.905799999235569e-05,4.462100000068858e-05,3.189000011616372e-06,3.47699997860218e-06,4.11440000220864e-05,1.5880000034940167e-06,96,False
987,1.8834999991668155e-05,4.4583000004649875e-05,2.8000000042993634e-06,3.682999988541269e-06,4.0900000016108606e-05,1.7490000061570754e-06,96,False
988,1.8377000003511057e-05,4.513700000075005e-05,2.835999993067162e-06,3.7119999944934534e-06,4.1425000006256596e-05,1.7910000167375983e-06,96,False
989,1.8988000022091e-05,4.5152999973652186e-05,3.1280000030164956e-06,3.527999979269225e-06,4.162499999438296e-05,1.8389999922874267e-06,96,False
990,1.8730999983063157e-05,4.484199999410521e-05,3.21400000302674e-06,3.832999993846897e-06,4.100900000025831e-05,1.8500000180665666e-06,96,False
991,1.871599999958562e-05,4.476000000863678e-05,3.242999980557215e-06,3.6090000037347636e-06,4.1151000004902016e-05,1.782999987653966e-06,96,False
992,1.8871000008857663e-05,5.2619999991065924e-05,3.462999984549242e-06,5.074000000604428e-06,4.7545999990461496e-05,2.2099999910096813e-06,96,False
993,2.0336999995151928e-05,4.658000000290485e-05,3.1120000016926497e-06,3.880999997818435e-06,4.269900000508642e-05,1.8989999830409943e-06,96,False
994,1.9653999999036387e-05,4.5392999993509875e-05,3.207999981214016e-06,3.6710000017592392e-06,4.1721999991750636e-05,1.865999990968703e-06,96,False
995,1.9369999989748976e-05,4.4822000006661256e-05,3.2290000149259868e-06,3.853000009712559e-06,4.0968999996948696e-05,1.8810000028679497e-06,96,False
996,1.8766000010828066e-05,4.4664000000693704e-05,2.799999975877654e-06,3.7909999832663743e-06,4.087300001742733e-05,1.7430000127660605e-06,96,False
997,1.848600001608247e-05,4.411900002310176e-05,2.7009999996607803e-06,3.5139999852162873e-06,4.0605000037885475e-05,1.8380000028628274e-06,96,False
998,1.8673999989005097e-05,4.4993999978260035e-05,3.062000018871913e-06,3.7860000077216682e-06,4.120799997053837e-05,1.7559999889726896e-06,96,False
999,1.8656000008832052e-05,4.521599998952297e-05,3.0960000003688037e-06,3.945000003113819e-06,4.127099998640915e-05,1.714000006813876e-06,96,False
1000,1.8718000006856528e-05,4.415399999402325e-05,2.989000023490007e-06,3.5120000063670886e-06,4.064199998765616e-05,1.7309999975623214e-06,96,False
1001,1.9112000018139952e-05,4.511599999545979e-05,3.583999983902686e-06,3.5010000090096582e-06,4.161499998645013e-05,1.7180000213556923e-06,96,False
1002,1.943300000561976e-05,4.2691000004424495e-05,3.0109999897831585e-06,3.462999984549242e-06,3.922800001987525e-05,1.6710000068087538e-06,96,False
1003,1.833999999689695e-05,4.302499999653264e-05,3.110999983846341e-06,3.49900000173875e-06,3.952599999479389e-05,1.8060000002151355e-06,96,False
1004,1.8641999986357405e-05,0.00044576299998766444,7.936000002928267e-06,3.3389999885002908e-06,0.00044242399999916415,1.6919999836773059e-06,96,False
1005,4.813499998590487e-05,7.673100000715749e-05,4.584999999224237e-06,7.400999976425737e-06,6.933000003073175e-05,3.609999993159363e-06,96,False
1006,2.8010999983507645e-05,5.694399999356392e-05,4.065000013042663e-06,5.042999987381336e-06,5.1901000006182585e-05,2.320999982430294e-06,96,False
1007,2.4155000005521288e-05,5.210200001215526e-05,3.939000009722804e-06,4.665000005843467e-06,4.743700000631179e-05,2.0100000028833165e-06,96,False
1008,2.183799998078939e-05,5.003800001190939e-05,3.792000001112683e-06,4.263999983322719e-06,4.577400002858667e-05,1.968999981727393e-06,96,False
1009,2.2126000004618618e-05,4.840800002625656e-05,3.6810000096920703e-06,4.123999985949922e-06,4.428400004030664e-05,1.8769999883261335e-06,96,False
1010,2.168099999266815e-05,4.943199999729586e-05,3.5909999951400096e-06,4.060999998500847e-06,4.5370999998795014e-05,1.900000000887303e-06,96,False
1011,2.0773999978018765e-05,4.9109000002545145e-05,3.49900000173875e-06,4.128000000491738e-06,4.4981000002053406e-05,1.975000003540117e-06,96,False
1012,2.044999999384345e-05,4.6371000024691966e-05,3.507000002400673e-06,3.964000001133172e-06,4.2407000023558794e-05,1.7579999962435977e-06,96,False
1013,1.9654999988460986e-05,4.685700000095494e-05,3.3540000003995374e-06,3.922999979977249e-06,4.293400002097769e-05,1.6930000015236146e-06,96,False
1014,1.9608000002335757e-05,4.7113999983139365e-05,3.311000000394415e-06,4.165999996530445e-06,4.294799998660892e-05,1.7289999902914133e-06,96,False
1015,1.9530000002987435e-05,5.679299999883369e-05,3.698999989865115e-06,3.84099999450882e-06,5.295200000432487e-05,1.7850000233465835e-06,96,False
1016,2.0307999989199743e-05,4.6371999985694856e-05,3.343000003042107e-06,3.93199999848548e-06,4.2439999987209376e-05,1.8080000074860436e-06,96,False
1017,1.9522000002325512e-05,4.6259000015425045e-05,3.3820000169271225e-06,3.9889999925435404e-06,4.2270000022881504e-05,1.8500000180665666e-06,96,False
1018,1.89559999910216e-05,6.480199999714387e-05,3.7189999773090676e-06,3.9829999991525256e-06,6.081899999799134e-05,1.7570000068189984e-06,96,False
1019,2.1923000019796746e-05,4.769700001361343e-05,3.193999987161078e-06,4.269000015710844e-06,4.342799999790259e-05,1.746000009461568e-06,96,False
1020,1.9886999979235043e-05,0.0002248939999844879,1.774800000475807e-05,0.00010209399999894231,0.00012279999998554558,1.0213999985353439e-05,96,False
1021,0.0001024409999956788,0.00010784200000557576,4.905999986704046e-06,1.5187999991894685e-05,9.265400001368107e-05,6.103999993456455e-06,96,False
1022,2.653300001043135e-05,5.526900000063506e-05,4.1400000156954775e-06,4.862000025696034e-06,5.0406999974939026e-05,2.164999983733651e-06,96,False
1023,2.3392999992211116e-05,5.206299999827024e-05,3.821999996489467e-06,4.487000012431963e-06,4.757599998583828e-05,2.0329999870227766e-06,96,False
1024,2.2446000002673827e-05,5.020899999408357e-05,3.789999993841775e-06,4.070999978011969e-06,4.61380000160716e-05,2.0319999975981773e-06,96,False
1025,2.1219999979393833e-05,4.9005999983364745e-05,3.660999993826408e-06,3.7810000037552527e-06,4.522499997960949e-05,1.9179999810603476e-06,96,False
1026,2.0661000007748953e-05,4.82490000024427e-05,3.482000010990305e-06,3.913000000466127e-06,4.433600000197657e-05,1.816999997572566e-06,96,False
1027,2.0804999991241857e-05,4.8947999999882086e-05,3.41999998454412e-06,4.161999981988629e-06,4.478600001789346e-05,1.929999996264087e-06,96,False
1028,2.088200000116558e-05,4.766600000039034e-05,3.4939999977723346e-06,3.844999980628927e-06,4.3821000019761414e-05,1.879999985021641e-06,96,False
1029,2.040199998987191e-05,4.675299999234994e-05,3.335000002380184e-06,3.7189999773090676e-06,4.3034000015040874e-05,1.6250000101081241e-06,96,False
1030,2.0263000010345422e-05,4.611599999293503e-05,3.545999987863979e-06,3.743000007716546e-06,4.2372999985218485e-05,1.711999999542968e-06,96,False
1031,2.7961999990111508e-05,4.8846000026969705e-05,3.464000002395551e-06,4.227999994554921e-06,4.4618000032414784e-05,1.8780000061724422e-06,96,False
1032,1.9817000008970354e-05,4.645800001412681e-05,3.57900000835798e-06,3.911999982619818e-06,4.254600003150699e-05,1.982000014777441e-06,96,False
1033,1.950000000761065e-05,4.693500000030326e-05,3.3500000142794306e-06,3.924999987248157e-06,4.3010000013055105e-05,1.8120000220278598e-06,96,False
1034,2.0148000004382993e-05,4.63889999764433e-05,3.232000011621494e-06,3.7049999832561298e-06,4.268399999318717e-05,1.8449999856784416e-06,96,False
1035,1.9507999979850865e-05,4.542300001730837e-05,3.365999987181567e-06,3.6910000176249014e-06,4.173199999968347e-05,1.6689999995378457e-06,96,False
1036,1.982199998451506e-05,6.255799999621559e-05,4.138000008424569e-06,6.53099999681217e-06,5.6026999999403415e-05,2.6910000201496587e-06,96,False
1037,2.2813000015275975e-05,4.840700000841025e-05,3.509000009671581e-06,4.265000001169028e-06,4.414200000724122e-05,1.978999989660224e-06,96,False
1038,2.048100000706654e-05,4.671900001085305e-05,3.3560000076704455e-06,3.7620000057358993e-06,4.295700000511715e-05,1.9619999989117787e-06,96,False
1039,1.946799997654125e-05,4.7146000014208767e-05,3.5159999924871954e-06,3.896000009717682e-06,4.3250000004491085e-05,1.8879999856835639e-06,96,False
1040,1.9734999995080216e-05,4.757300001756448e-05,2.694600001973413e-05,4.246000003149675e-06,4.332700001441481e-05,1.8499999896448571e-06,96,False
1041,2.1430999993299338e-05,4.685700000095494e-05,3.353000010974938e-06,3.822999985914066e-06,4.3034000015040874e-05,1.7830000160756754e-06,96,False
1042,1.9747000010283955e-05,4.64910000061991e-05,3.5139999852162873e-06,3.894000002446774e-06,4.259700000375233e-05,1.8519999969157652e-06,96,False
1043,2.0016999997096718e-05,4.559100000278704e-05,3.219999996417755e-06,3.700999997136023e-06,4.189000000565102e-05,1.873999991630626e-06,96,False
1044,1.9264999991719378e-05,4.542100001003746e-05,3.2280000255013874e-06,3.648999978622669e-06,4.177200003141479e-05,1.8939999790745787e-06,96,False
1045,1.903500000821623e-05,4.541200001995094e-05,3.3540000003995374e-06,3.7810000037552527e-06,4.1631000016195685e-05,1.7840000055002747e-06,96,False
1046,1.9212000012203134e-05,4.4938000002048284e-05,3.230000004350586e-06,3.700999997136023e-06,4.123700000491226e-05,1.7890000094666902e-06,96,False
1047,1.9385000001648223e-05,4.4754000015245765e-05,3.0730000162293436e-06,3.5940000202572264e-06,4.115999999498854e-05,1.8049999823688267e-06,96,False
1048,1.8787999977121217e-05,4.456700000332603e-05,2.8810000003431924e-06,3.515000003062596e-06,4.105200000026343e-05,1.7549999995480903e-06,96,False
1049,1.9121999997651073e-05,4.5005999993463774e-05,3.094999982522495e-06,3.56799998257884e-06,4.1438000010884934e-05,1.9210000061775645e-06,96,False
1050,1.9347999995034115e-05,4.644800000619398e-05,2.8110000016567938e-06,4.103999998505969e-06,4.234400000768801e-05,1.792999995586797e-06,96,False
1051,2.0177000010335178e-05,4.637899999693218e-05,2.8510000049664086e-06,3.890999977329557e-06,4.248800001960262e-05,1.7279999724451045e-06,96,False
1052,1.9372999986444484e-05,4.6132000022680586e-05,2.8340000142179633e-06,3.8550000169834675e-06,4.227700000569712e-05,1.7970000101286132e-06,96,False
1053,1.9166000015502505e-05,4.585599998563339e-05,2.864000009594747e-06,3.8630000176453905e-06,4.1992999967988e-05,1.83500000616732e-06,96,False
1054,1.9223999998985164e-05,4.6601999997619714e-05,2.773000005618087e-06,3.926999994519065e-06,4.267500000310065e-05,1.9390000147723185e-06,96,False
1055,1.9301999998333486e-05,4.624199999625489e-05,2.8499999871201e-06,3.903000020955005e-06,4.2338999975299885e-05,1.7370000193750457e-06,96,False
1056,1.9065000003593013e-05,4.7958000010339674e-05,2.904000012904362e-06,4.071000006433678e-06,4.3887000003905996e-05,1.7879999916203815e-06,96,False
1057,2.835999998751504e-05,4.7934000008353905e-05,3.0489999858218653e-06,4.485999994585654e-06,4.344800001376825e-05,1.80099999624872e-06,96,False
1058,2.1704999994653917e-05,4.7092000016846214e-05,2.8459999725782836e-06,3.994999985934555e-06,4.309700003091166e-05,1.8580000187284895e-06,96,False
1059,1.9723999997722785e-05,7.191099999204198e-05,3.1339999964075105e-06,6.016000014597012e-06,6.589499997744497e-05,2.3889999738457846e-06,96,False
1060,2.0795000011730735e-05,4.722500000298169e-05,2.983000001677283e-06,3.9360000130272965e-06,4.328899998995439e-05,1.8229999909635808e-06,96,False
1061,1.988900001492766e-05,4.693599998972786e-05,2.827999992405239e-06,3.779999985908944e-06,4.315600000381892e-05,1.8229999909635808e-06,96,False
1062,1.910100002078252e-05,7.08960000110892e-05,4.613999976754712e-06,7.63700001016332e-06,6.325900000092588e-05,3.2450000162498327e-06,96,False
1063,2.9398000009450698e-05,5.1629000012098913e-05,3.895000020293082e-06,4.485000005161055e-06,4.714400000693786e-05,2.1079999896755908e-06,96,False
1064,2.137100000254577e-05,4.944399998407789e-05,3.7810000037552527e-06,4.085000000486616e-06,4.5358999983591275e-05,1.8800000134433503e-06,96,False
1065,4.282000000443986e-05,6.974800001557924e-05,4.440999987309624e-06,6.854999980987486e-06,6.289300003459175e-05,2.8159999772015e-06,96,False
1066,2.898399998230161e-05,5.472900002700953e-05,3.7709999958224216e-06,4.724000007172435e-06,5.00050000198371e-05,2.5740000069163216e-06,96,False
1067,2.2115000007261187e-05,5.1569999982348236e-05,3.405999990491182e-06,4.281999991917473e-06,4.728799999043076e-05,2.064000000245869e-06,96,False
1068,2.1071999981359113e-05,4.941399998870111e-05,3.2250000003841706e-06,4.1400000156954775e-06,4.527399997300563e-05,2.088000002231638e-06,96,False
1069,2.027700000439836e-05,4.822299999318602e-05,3.06600000499202e-06,3.970999983948786e-06,4.4252000009237236e-05,1.9470000154342415e-06,96,False
1070,1.991199999906712e-05,4.794099999116952e-05,2.937000004976653e-06,3.93299998791008e-06,4.400800000325944e-05,1.974000014115518e-06,96,False
1071,1.9836000006989707e-05,4.668899998705456e-05,3.3010000208832935e-06,3.911000021616928e-06,4.277799996543763e-05,1.8480000107956585e-06,96,False
1072,1.9453999982488313e-05,4.655000000752807e-05,3.106999997726234e-06,3.98999998196814e-06,4.256000002555993e-05,1.8069999896397348e-06,96,False
1073,1.9704000010278833e-05,4.7022000018159815e-05,3.1210000202008814e-06,4.02300000246214e-06,4.2999000015697675e-05,1.7760000048383517e-06,96,False
1074,1.9613999995726772e-05,0.00010790299998575392,6.8060000160130585e-06,9.119999987206029e-06,9.87829999985479e-05,4.0799999965202005e-06,96,False
1075,4.574000001866807e-05,6.052700001646372e-05,2.9230000109237153e-06,3.794000008383591e-06,5.6733000008080126e-05,1.9610000094871793e-06,96,False
1076,2.0623000011710246e-05,4.780099999379672e-05,3.0280000089533132e-06,3.92100000112805e-06,4.387999999266867e-05,2.0549999817376374e-06,96,False
1077,1.9713999989789954e-05,4.688100000294071e-05,2.900999987787145e-06,3.825999982609574e-06,4.3055000020331136e-05,1.8200000226897828e-06,96,False
1078,2.000400002089009e-05,4.7523999995746635e-05,2.920000014228208e-06,4.086000018332925e-06,4.343799997741371e-05,1.827000005505397e-06,96,False
1079,1.9847000004347137e-05,4.749499998979445e-05,2.8449999831536843e-06,3.872999997156512e-06,4.362199999263794e-05,1.8420000174046436e-06,96,False
1080,5.017500001258668e-05,5.944200000840283e-05,4.5269999873198685e-06,5.25400000128684e-06,5.418800000711599e-05,2.9039999844826525e-06,96,False
1081,2.3236000004089874e-05,5.165400000350928e-05,3.9389999813010945e-06,4.531999991286284e-06,4.7122000012223e-05,2.138000013474084e-06,96,False
1082,2.1299999986013063e-05,5.025099997624238e-05,3.62400001563401e-06,4.203999992569152e-06,4.604699998367323e-05,2.1209999943039293e-06,96,False
1083,2.0785999993222504e-05,4.897499999856336e-05,3.7309999925128068e-06,4.264000011744429e-06,4.4710999986818933e-05,2.0840000161115313e-06,96,False
1084,2.051499998856343e-05,4.921699999727025e-05,3.5350000189282582e-06,4.173999997192368e-06,4.504300000007788e-05,2.0479999989220232e-06,96,False
1085,1.992299999642455e-05,4.813300000705567e-05,3.4800000037193968e-06,4.113999978017091e-06,4.401900002903858e-05,1.863999983697795e-06,96,False
1086,1.992500000369546e-05,4.792500001826738e-05,3.0449999997017585e-06,4.189999998516214e-06,4.373500001975117e-05,1.9850000114729482e-06,96,False
1087,1.9734000005655616e-05,4.711799999768118e-05,3.1190000129299733e-06,3.937000002451896e-06,4.3180999995229286e-05,1.7240000147467072e-06,96,False
1088,1.9207999997661318e-05,4.710800001817006e-05,2.9039999844826525e-06,3.9549999826249405e-06,4.315300003554512e-05,1.7520000028525828e-06,96,False
1089,1.9415000025446716e-05,4.6965000024101755e-05,3.429999992476951e-06,3.6189999832458852e-06,4.334600004085587e-05,1.8810000028679497e-06,96,False
1090,1.9882000003690337e-05,4.736700000762539e-05,3.3299999984137685e-06,3.801000019620915e-06,4.356599998800448e-05,1.7819999982293666e-06,96,False
1091,1.9773999980543522e-05,4.806600000506478e-05,3.3459999997376144e-06,4.078000017671002e-06,4.398799998739378e-05,2.0140000174251327e-06,96,False
1092,2.003599999511607e-05,6.427299999245406e-05,4.724999996597035e-06,6.746999986262381e-06,5.752600000619168e-05,3.0109999897831585e-06,96,False
1093,2.3919000000205415e-05,5.154999999490428e-05,3.864999996494589e-06,4.515000000537839e-06,4.7034999994366444e-05,2.1660000015799596e-06,96,False
1094,2.1255000007158742e-05,4.913899999792193e-05,3.5609999997632258e-06,4.218000015043799e-06,4.492099998287813e-05,1.9189999989066564e-06,96,False
1095,2.3836999986315277e-05,4.882700000052864e-05,3.44200000768069e-06,4.19400001305803e-06,4.463299998747061e-05,1.86900001608592e-06,96,False
1096,2.0296000002417713e-05,4.785100000503917e-05,3.484999979264103e-06,3.9889999925435404e-06,4.386200001249563e-05,2.088000002231638e-06,96,False
1097,1.9870000016908307e-05,4.780699998718774e-05,3.51099998852078e-06,4.014000012375618e-06,4.379299997481212e-05,1.8229999909635808e-06,96,False
1098,1.9757999979219676e-05,4.792900000438749e-05,3.2129999851804314e-06,3.974999998490603e-06,4.395400000589689e-05,2.045000002226516e-06,96,False
1099,2.0478000010371034e-05,8.328800001322634e-05,5.004999991342629e-06,8.90299997990951e-06,7.438500003331683e-05,3.2879999878332455e-06,96,False
1100,2.674099999921964e-05,7.536199998980919e-05,3.7990000123500067e-06,6.608999996160492e-06,6.87529999936487e-05,2.829000010251548e-06,96,False
1101,2.3951000002853107e-05,7.589800000573632e-05,4.262000004473521e-06,6.732999992209443e-06,6.916500001352688e-05,2.8610000128992397e-06,96,False
1102,2.3874000021351094e-05,5.157499998631465e-05,3.7609999878895906e-06,4.471000011108117e-06,4.7103999975206534e-05,2.0569999890085455e-06,96,False
1103,2.129300000319745e-05,7.489999998711028e-05,5.158999982768364e-06,8.25199998644166e-06,6.664800000066862e-05,3.1840000076499564e-06,96,False
1104,2.5606999997762614e-05,5.444700002499303e-05,3.47600001759929e-06,4.780000011805896e-06,4.9667000013187135e-05,2.247000026045498e-06,96,False
1105,2.238600001192026e-05,5.025699999805511e-05,3.5060000129760738e-06,4.220000022314707e-06,4.60369999757404e-05,2.045000002226516e-06,96,False
1106,2.1205999985340895e-05,4.9155999988670374e-05,3.6819999991166696e-06,4.044999997177001e-06,4.511099999149337e-05,2.01700001412064e-06,96,False
1107,2.1236999998563988e-05,4.965100001186329e-05,3.4669999990910583e-06,4.0170000090711255e-06,4.563400000279216e-05,2.1049999929800833e-06,96,False
1108,2.0855000002484303e-05,4.954700000325829e-05,3.4800000037193968e-06,4.3910000044888875e-06,4.51559999987694e-05,1.905999994278318e-06,96,False
1109,2.052600001434257e-05,4.8821999996562226e-05,3.6980000004405156e-06,3.925000015669866e-06,4.489699998089236e-05,1.8209999836926727e-06,96,False
1110,2.09250000011707e-05,4.965000002243869e-05,3.5600000103386265e-06,4.1849999945497984e-06,4.546500002788889e-05,2.000000023372195e-06,96,False
1111,2.0248999987870775e-05,4.9689000007901996e-05,3.51099998852078e-06,4.287000024305598e-06,4.54019999835964e-05,1.9699999995737016e-06,96,False
1112,2.041400000507565e-05,4.920699998933742e-05,3.3729999984188908e-06,4.192999995211721e-06,4.50139999941257e-05,1.940000004196918e-06,96,False
1113,2.0736999999826367e-05,5.02890000007028e-05,3.3990000076755678e-06,4.210999975384766e-06,4.607800002531803e-05,2.0100000028833165e-06,96,False
1114,2.043700001763682e-05,4.9541000009867275e-05,3.4230000096613367e-06,4.248999999845182e-06,4.529200001002209e-05,1.8660000193904125e-06,96,False
1115,2.019899997662833e-05,4.904700000452067e-05,2.1927999995341452e-05,4.25199999654069e-06,4.479500000797998e-05,1.8949999969208875e-06,96,False
1116,4.292599999189406e-05,6.130899998879613e-05,5.18600000987135e-06,5.6640000138941105e-06,5.564499997490202e-05,3.0269999911070045e-06,96,False
1117,2.3188999989542936e-05,5.178299997510294e-05,3.747999983261252e-06,4.484999976739346e-06,4.7297999998363593e-05,2.0269999936317618e-06,96,False
1118,2.1831999987398376e-05,5.103200001599362e-05,3.664000018943625e-06,4.130999997187246e-06,4.690100001880637e-05,1.9930000121348712e-06,96,False
1119,2.2138000019822357e-05,4.999099999736245e-05,3.605000017614657e-06,4.208999996535567e-06,4.5782000000826883e-05,1.908000001549226e-06,96,False
1120,2.147200001445526e-05,4.992000000925145e-05,3.4470000116471056e-06,4.171000000496861e-06,4.574900000875459e-05,2.043000023377317e-06,96,False
1121,2.0758000005116628e-05,5.016400001522925e-05,3.4710000136328745e-06,4.152000002477507e-06,4.601200001275174e-05,1.9799999790848233e-06,96,False
1122,2.0761000001812135e-05,7.619999999519678e-05,3.957999979320448e-06,4.227999994554921e-06,7.197200000064186e-05,2.002999991645993e-06,96,False
1123,2.4759999973866798e-05,5.532600002311483e-05,3.861000010374482e-06,4.652000001215129e-06,5.06740000218997e-05,2.3899999916920933e-06,96,False
1124,2.2360000002663583e-05,5.325999998717634e-05,3.7519999978030683e-06,4.408999984661932e-06,4.885100000251441e-05,2.1110000147928076e-06,96,False
1125,2.172400002109498e-05,5.195300002469594e-05,3.6920000070495007e-06,4.310999997869658e-06,4.764200002682628e-05,2.116000018759223e-06,96,False
1126,2.2342000022490538e-05,5.200600000421218e-05,3.708999997797946e-06,4.174999986616967e-06,4.7831000017595215e-05,1.9350000002305023e-06,96,False
1127,2.2359000013238983e-05,5.238399998575005e-05,3.688000020929394e-06,4.5769999985623144e-06,4.780699998718774e-05,2.045999991651115e-06,96,False
1128,2.185099998541773e-05,5.276400000298054e-05,3.6799999918457615e-06,4.691000015100144e-06,4.8072999987880394e-05,1.912000016091042e-06,96,False
1129,2.1570000001247536e-05,5.120800000213421e-05,3.4800000037193968e-06,4.448999987971547e-06,4.6759000014162666e-05,1.9439999903170246e-06,96,False
1130,2.1357000008492832e-05,5.093999999417065e-05,3.595999999106425e-06,4.4299999899521936e-06,4.6510000004218455e-05,1.9189999989066564e-06,96,False
1131,2.0920999986628885e-05,5.1261000010072166e-05,3.410000005032998e-06,4.55900001838927e-06,4.6701999991682897e-05,1.9189999989066564e-06,96,False
1132,2.0919000007779687e-05,5.075499998952182e-05,3.24800001294534e-06,4.345999997212857e-06,4.6408999992308964e-05,1.7719999902965355e-06,96,False
1133,2.1172999993268604e-05,5.18739999790796e-05,3.2160000102976483e-06,4.5369999952527e-06,4.73369999838269e-05,1.986999990322147e-06,96,False
1134,2.170199999795841e-05,5.18370000008872e-05,3.193999987161078e-06,4.506999999875916e-06,4.7330000001011285e-05,1.7430000127660605e-06,96,False
1135,2.2004000015840575e-05,5.0783000006049406e-05,3.276000001051216e-06,4.396999997879902e-06,4.6386000008169503e-05,1.96000002006258e-06,96,False
1136,2.14529999880142e-05,5.063000000404827e-05,3.7180000163061777e-06,4.195999991907229e-06,4.643400001214104e-05,1.7919999777404882e-06,96,False
1137,2.1149999980707435e-05,5.0874999999450665e-05,3.7780000070597453e-06,4.359999991265795e-06,4.651500000818487e-05,1.9539999982498557e-06,96,False
1138,2.1089999989953867e-05,5.0955999995494494e-05,3.716999998459869e-06,4.410000002508241e-06,4.654599999298625e-05,2.010999992307916e-06,96,False
1139,2.1425999989332922e-05,5.0452000010636766e-05,3.577999990511671e-06,4.243999995878767e-06,4.6208000014758e-05,2.02900000090267e-06,96,False
1140,2.087000001438355e-05,5.125900000280126e-05,3.549000012981196e-06,4.321999995227088e-06,4.693700000757417e-05,2.0249999863608537e-06,96,False
1141,2.119999999194988e-05,5.176199999823439e-05,3.6559999898599926e-06,4.392999983338086e-06,4.73690000148963e-05,1.9070000121246267e-06,96,False
1142,2.1825000004582762e-05,5.03939999987324e-05,3.6309999984496244e-06,4.214000000501983e-06,4.6179999998230414e-05,1.8830000101388578e-06,96,False
1143,2.0988999978044376e-05,5.0773999987541174e-05,3.6330000057205325e-06,4.230999991250428e-06,4.6542999996290746e-05,1.792999995586797e-06,96,False
1144,2.103999997871142e-05,6.443099999842161e-05,4.2390000203340605e-06,6.32600000471939e-06,5.810499999370222e-05,2.6870000056078425e-06,96,False
1145,2.4252999992313562e-05,5.555699999604258e-05,3.7849999898753595e-06,4.7020000124575745e-06,5.0854999983585e-05,2.152000007527022e-06,96,False
1146,2.2986000004721063e-05,5.503200000589459e-05,3.484999979264103e-06,4.766999978755848e-06,5.026500002713874e-05,2.064000000245869e-06,96,False
1147,2.3591999990912882e-05,5.4180000006454065e-05,3.5280000076909346e-06,4.428000011102995e-06,4.975199999535107e-05,2.071000011483193e-06,96,False
1148,2.2924000006696588e-05,5.641000001332941e-05,4.060999998500847e-06,4.984000014474077e-06,5.142599999885533e-05,2.0869999843853293e-06,96,False
1149,2.3518000006106377e-05,6.59760000019105e-05,4.130999997187246e-06,6.4850000001115404e-06,5.9491000001798966e-05,2.6320000188206905e-06,96,False
1150,2.4474000014151898e-05,5.485500000190768e-05,3.872000007731913e-06,4.482000008465548e-06,5.0372999993442136e-05,2.2460000081991893e-06,96,False
1151,2.26479999980711e-05,5.469100000254912e-05,3.923999997823557e-06,4.738000001225373e-06,4.9953000001323744e-05,2.1600000081889448e-06,96,False
1152,2.2230000013223616e-05,5.384599998592421e-05,3.7449999865657446e-06,4.439999997885025e-06,4.9405999988039184e-05,2.184999999599313e-06,96,False
1153,2.283000000602442e-05,5.434900000977905e-05,3.7100000156442547e-06,4.826999997931125e-06,4.952200001184792e-05,2.314999989039279e-06,96,False
1154,2.269199998750082e-05,5.3723999997146166e-05,3.834000011693206e-06,4.423999996561179e-06,4.930000000058499e-05,2.1029999857091752e-06,96,False
1155,2.1970000005921975e-05,5.377799999450872e-05,3.743000007716546e-06,4.442999994580532e-06,4.9334999999928186e-05,2.1129999936420063e-06,96,False
1156,2.263599998286736e-05,5.294700000035846e-05,3.7000000077114237e-06,4.3129999767188565e-06,4.86340000236396e-05,2.171000005546375e-06,96,False
1157,2.2672999989481468e-05,5.397800001105679e-05,3.859000003103574e-06,4.434999993918609e-06,4.9543000017138183e-05,2.1390000028986833e-06,96,False
1158,2.263599998286736e-05,5.3176999983861606e-05,3.729000013663608e-06,4.055999994534432e-06,4.9120999989327174e-05,2.2080000121604826e-06,96,False
1159,2.2986999994145663e-05,5.370899998524692e-05,3.595999999106425e-06,4.418999992594763e-06,4.9289999992652156e-05,2.1740000022418826e-06,96,False
1160,2.283099999544902e-05,5.273599998645295e-05,3.690999989203192e-06,4.558000000542961e-06,4.817799998590999e-05,2.0429999949556077e-06,96,False
1161,4.0127999994865604e-05,6.22119999889037e-05,4.021999984615832e-06,6.218999999418884e-06,5.5992999989484815e-05,2.6040000022931054e-06,96,False
1162,2.4520000010852527e-05,5.6094999990818906e-05,3.676999995150254e-06,4.919000019754094e-06,5.117599997106481e-05,2.383000008876479e-06,96,False
1163,2.3066000011340293e-05,5.5230000015171754e-05,3.856000006408067e-06,4.547000003185531e-06,5.0683000011986223e-05,2.2709999996095576e-06,96,False
1164,2.3941000023341985e-05,6.486400002359005e-05,3.7939999799618818e-06,6.674000019302184e-06,5.819000000428787e-05,2.5800000003073364e-06,96,False
1165,2.4878000004946443e-05,5.63730000067153e-05,4.431000007798502e-06,4.646000007824114e-06,5.172699999889119e-05,2.459999990378492e-06,96,False
1166,2.5455999974610677e-05,5.7771999991018674e-05,3.684999995812177e-06,5.188999978145148e-06,5.2583000012873526e-05,2.1559999936471286e-06,96,False
1167,2.350200000478253e-05,5.4099000010410236e-05,3.7949999978081905e-06,4.5160000183841476e-06,4.958299999202609e-05,2.2220000062134204e-06,96,False
1168,2.3747000000184926e-05,5.654299999946488e-05,4.398999976729101e-06,4.767999996602157e-06,5.1775000002862726e-05,2.1299999843904516e-06,96,False
1169,2.3944000020037493e-05,5.5570000000670916e-05,3.2160000102976483e-06,4.452000013088764e-06,5.111799998758215e-05,2.3829999804547697e-06,96,False
1170,2.424199999495613e-05,5.604099999345635e-05,3.861999999799082e-06,4.850999999916894e-06,5.118999999353946e-05,2.1820000029038056e-06,96,False
1171,2.3886999997557723e-05,0.00028733599998531645,1.0048999996570274e-05,1.9390999995039238e-05,0.0002679449999902772,6.5130000166391255e-06,96,False
1172,5.3838999974686885e-05,7.60650000017904e-05,5.3109999953449005e-06,7.29499998897154e-06,6.877000001281885e-05,2.993000009610114e-06,96,False
1173,3.19689999912498e-05,6.614599999466009e-05,4.402999991270917e-06,5.600999998023326e-06,6.054499999663676e-05,2.4990000042635074e-06,96,False
1174,2.8909999997495106e-05,6.419899997922585e-05,4.263999983322719e-06,5.375000000640284e-06,5.882399997858556e-05,2.4080000002868474e-06,96,False
1175,2.7780000010579897e-05,6.135900000003858e-05,4.090000004453032e-06,5.409000010558884e-06,5.594999998947969e-05,2.4009999890495237e-06,96,False
1176,2.6719999993929378e-05,5.989800001771073e-05,4.048000022294218e-06,4.940999986047245e-06,5.495700003166348e-05,2.304999981106448e-06,96,False
1177,3.754300001901356e-05,6.109000000265041e-05,4.007999990562894e-06,5.242000014504811e-06,5.58479999881456e-05,2.389000002267494e-06,96,False
1178,2.523500000961576e-05,5.9687000003805224e-05,3.615000025547488e-06,5.281999989392716e-06,5.440500001441251e-05,2.4189999976442778e-06,96,False
1179,2.538499998649968e-05,5.774600001018371e-05,4.683000014438221e-06,4.788000012467819e-06,5.295799999771589e-05,2.2060000048895745e-06,96,False
1180,3.249200000254859e-05,5.9937000003174035e-05,4.905000025701156e-06,5.218000012519042e-06,5.471899999065499e-05,2.320000021427404e-06,96,False
1181,2.489400000627029e-05,5.825399998116154e-05,4.589000013766054e-06,5.014000009850861e-06,5.323999997131068e-05,2.3199999930056947e-06,96,False
1182,2.415099999097947e-05,5.755699999099306e-05,4.3649999952322105e-06,5.154999996648257e-06,5.2401999994344806e-05,2.1750000200881914e-06,96,False
1183,2.4145999987013056e-05,5.685499999685817e-05,3.901599998812344e-05,4.749000027004513e-06,5.2105999969853656e-05,2.2279999996044353e-06,96,False
1184,8.366500000533961e-05,9.011599999553255e-05,7.735999986380193e-06,8.704999999054053e-06,8.14109999964785e-05,4.573000012442208e-06,96,False
1185,5.103699999153832e-05,7.39530000259947e-05,5.3109999953449005e-06,7.5039999956061365e-06,6.644900003038856e-05,3.2369999871662003e-06,96,False
1186,2.9939000000922533e-05,6.416700000499986e-05,4.289999992579396e-06,5.646999994723956e-06,5.852000001027591e-05,2.4500000108673703e-06,96,False
1187,2.7431999995997103e-05,6.281299999955081e-05,4.2579999899317045e-06,5.149999992681842e-06,5.766300000686897e-05,2.3370000121758494e-06,96,False
1188,2.6222000002462664e-05,5.986299998994582e-05,3.945000003113819e-06,5.069999986062612e-06,5.479300000388321e-05,2.433000020118925e-06,96,False
1189,2.5118000024804132e-05,5.871300001558666e-05,3.15070000169726e-05,5.2299999993010715e-06,5.348300001628559e-05,2.284000004237896e-06,96,False
1190,2.768400000263682e-05,6.0027000017726095e-05,4.111000009743293e-06,4.928999999265216e-06,5.509800001846088e-05,2.5090000121963385e-06,96,False
1191,2.5319999991779696e-05,5.768599999100843e-05,3.846999987899835e-06,4.828000015777434e-06,5.2857999975230996e-05,2.3439999949914636e-06,96,False
1192,2.520199998912176e-05,5.6865000004791e-05,4.670000009809883e-06,4.66200000914796e-06,5.220299999564304e-05,2.3350000049049413e-06,96,False
1193,2.491400002213595e-05,7.950500000220018e-05,4.910000001245862e-06,4.7750000078394805e-06,7.47299999943607e-05,2.4189999976442778e-06,96,False
1194,3.3252000008587856e-05,6.23509999968519e-05,4.735000004529866e-06,5.412999996678991e-06,5.6938000000172906e-05,2.7499999930569174e-06,96,False
1195,2.566899999578709e-05,5.980899999258327e-05,4.3020000077831355e-06,5.103999995981212e-06,5.4704999996602055e-05,2.2720000174558663e-06,96,False
1196,2.529100001424922e-05,5.914300001563788e-05,3.888999998480358e-06,4.926000002569708e-06,5.421700001306817e-05,2.3599999963153095e-06,96,False
1197,2.4741000004269154e-05,5.798999998773979e-05,4.248000010420583e-06,5.009999995309045e-06,5.297999999243075e-05,2.1740000022418826e-06,96,False
1198,2.4316000008184346e-05,5.7612999995626524e-05,4.2599999972026126e-06,4.861999997274324e-06,5.27509999983522e-05,2.2199999989425123e-06,96,False
1199,2.424499999165164e-05,5.768500000158383e-05,4.128999989916338e-06,4.872999994631755e-06,5.2812000006952076e-05,2.1939999896858353e-06,96,False
1200,2.4741999993693753e-05,5.79890000267369e-05,4.099999983964153e-06,4.721999999901527e-06,5.3267000026835376e-05,2.3030000022572494e-06,96,False
1201,2.519000000233973e-05,0.00011002200000120865,5.084999997961859e-06,4.584000009799638e-06,0.00010543799999140901,2.257999994981219e-06,96,False
1202,0.0002534110000169676,0.00023327499999936663,9.059000007027862e-06,1.8629000010150776e-05,0.00021464599998921585,6.3359999842305115e-06,96,False
1203,5.6631000006746035e-05,0.00010047800000734242,7.44299998700626e-06,1.142000002118948e-05,8.905799998615294e-05,5.278000003272609e-06,96,False
1204,3.607899998314679e-05,6.658999998876425e-05,4.713000009815005e-06,5.8079999973870144e-06,6.0781999991377234e-05,2.728999987766656e-06,96,False
1205,2.8309999976272593e-05,0.00020869499999776053,8.669999999710853e-06,1.8500999999560008e-05,0.00019019399999820052,6.9499999995059625e-06,96,False
1206,4.4400999996696555e-05,7.003400000371585e-05,4.706999988002281e-06,6.544000001440509e-06,6.349000000227534e-05,2.9230000109237153e-06,96,False
1207,2.9073999996853672e-05,6.37220000214711e-05,4.5769999985623144e-06,5.599000019174127e-06,5.8123000002296976e-05,2.6120000029550283e-06,96,False
1208,2.6961999992636265e-05,0.0002118109999855733,7.423999988986907e-06,1.0872000018480321e-05,0.00020093899996709297,4.380000007131457e-06,96,False
1209,3.725899998130444e-05,7.233299999143128e-05,5.455000007259514e-06,6.315999996786559e-06,6.601699999464472e-05,2.8369999824917613e-06,96,False
1210,2.7668000001312976e-05,6.174299997496746e-05,4.602000018394392e-06,5.208000004586211e-06,5.653499997038125e-05,2.4139999936778622e-06,96,False
1211,2.629499999784457e-05,6.008200000451325e-05,4.272000012406352e-06,5.15199999995275e-06,5.49300000045605e-05,2.386999994996586e-06,96,False
1212,2.5905999990527562e-05,5.944199997998112e-05,4.3750000031650416e-06,5.0889999840819655e-06,5.4352999995899154e-05,2.225000002908928e-06,96,False
1213,2.55319999951098e-05,5.923599999846374e-05,4.449999977396146e-06,4.9899999794433825e-06,5.424600001902036e-05,2.342999977145155e-06,96,False
1214,2.614800001765616e-05,5.809200001749559e-05,4.2630000223198294e-06,5.032999979448505e-06,5.305900003804709e-05,2.3270000042430183e-06,96,False
1215,2.43019999857097e-05,5.8762999998407395e-05,4.235000005792244e-06,4.838999984713155e-06,5.392400001369424e-05,2.397000002929417e-06,96,False
1216,2.508899999043024e-05,5.824400000165042e-05,3.907000007075112e-06,5.055000002585075e-06,5.3188999999065345e-05,2.2099999910096813e-06,96,False
1217,2.4930999984462687e-05,5.8773000006340226e-05,3.7300000030882074e-06,5.0419999979567365e-06,5.373100000838349e-05,2.2950000015953265e-06,96,False
1218,2.4798999987751813e-05,5.919000000176311e-05,4.146999998511092e-06,5.297000001291963e-06,5.389300000047115e-05,2.375000008214556e-06,96,False
1219,2.4279999990994838e-05,5.8227000010901975e-05,4.125000003796231e-06,4.942000003893554e-06,5.328500000700842e-05,2.265999995643142e-06,96,False
1220,2.442499999233405e-05,5.764799999496972e-05,4.367000002503119e-06,4.9060000151257555e-06,5.274199997984397e-05,2.2119999982805894e-06,96,False
1221,2.413100000353552e-05,5.67240000179936e-05,4.06899999916277e-06,4.529999984015376e-06,5.219400003397823e-05,2.2709999996095576e-06,96,False
1222,2.407100001278195e-05,5.8283000015535436e-05,3.8089999918611284e-06,4.7389999906499725e-06,5.354400002488546e-05,2.203000008194067e-06,96,False
1223,2.7238999990686352e-05,5.809200001749559e-05,4.289999992579396e-06,4.826000008506526e-06,5.326600000898907e-05,2.43900001350994e-06,96,False
1224,0.00010899699998390133,9.861300000579831e-05,9.901999987960153e-06,8.430000008274874e-06,9.018299999752344e-05,5.8440000145765225e-06,96,False
1225,5.594099999939317e-05,7.001599999512109e-05,5.441000013206576e-06,6.356999989520773e-06,6.365900000560032e-05,3.055999997059189e-06,96,False
1226,2.8251000003365334e-05,6.32660000121632e-05,4.739999980074572e-06,5.6669999821679085e-06,5.7599000029995295e-05,2.5820000075782445e-06,96,False
1227,2.6976000015110912e-05,6.18599999882008e-05,4.674000024351699e-06,5.427999980156528e-06,5.643200000804427e-05,2.6589999890802574e-06,96,False
1228,2.6941000015767713e-05,5.952899999783767e-05,4.299000011087628e-06,5.109999989372227e-06,5.4419000008465446e-05,2.3430000055668643e-06,96,False
1229,2.5404000012940742e-05,5.9036000010337375e-05,4.325000020344305e-06,4.93599998208083e-06,5.4100000028256545e-05,2.27999998969608e-06,96,False
1230,2.523499998119405e-05,5.957999999850472e-05,4.345000007788258e-06,4.9530000012509845e-06,5.4626999997253733e-05,2.4990000042635074e-06,96,False
1231,2.4889000002303874e-05,7.815700001856385e-05,4.383999993251564e-06,4.721999999901527e-06,7.343500001866232e-05,2.2990000161371427e-06,96,False
1232,2.8613000012001066e-05,6.265100000746315e-05,4.3020000077831355e-06,5.759000003990877e-06,5.6892000003472276e-05,2.625999997007966e-06,96,False
1233,2.6240000011057418e-05,5.956500001502718e-05,4.528000005166177e-06,5.093999988048381e-06,5.44710000269788e-05,2.354999992348894e-06,96,False
1234,2.5956999991194607e-05,6.055000000060318e-05,3.81800001036936e-06,5.2460000006249174e-06,5.530399999997826e-05,2.6999999818144715e-06,96,False
1235,2.5244999989126882e-05,6.0882999974865015e-05,3.8130000064029446e-06,5.235000003267487e-06,5.564799997159753e-05,2.5459999903887365e-06,96,False
1236,2.4979000016855935e-05,5.84839999930864e-05,3.6970000110159162e-06,4.736999983379064e-06,5.3747000009707335e-05,2.2649999777968333e-06,96,False
1237,2.7781999989429096e-05,5.9285000020281586e-05,3.878999990547527e-06,4.967999984728522e-06,5.4317000035553065e-05,2.2970000088662346e-06,96,False
1238,2.51080000168713e-05,6.763100000739541e-05,3.957000018317558e-06,6.660999986252136e-06,6.097000002114328e-05,2.9459999950631754e-06,96,False
1239,2.696900000387359e-05,6.0630000007222407e-05,3.5200000070290116e-06,5.069999986062612e-06,5.5560000021159794e-05,2.563000009558891e-06,96,False
1240,2.5174999990440483e-05,5.954700000643243e-05,3.547000005710288e-06,5.109999989372227e-06,5.44370000170602e-05,2.2950000015953265e-06,96,False
1241,2.5420000014264588e-05,5.946400000311769e-05,3.62400001563401e-06,4.951999983404676e-06,5.4512000019713014e-05,2.540999986422321e-06,96,False
1242,2.5294000010944728e-05,5.969100001834704e-05,3.737999975328421e-06,4.94700000785997e-06,5.474400001048707e-05,2.474000012853139e-06,96,False
1243,2.527099999838356e-05,5.82360000009885e-05,3.947999999809326e-06,4.635000010466683e-06,5.3600999990521814e-05,2.332000008209434e-06,96,False
1244,2.488300000891286e-05,5.832100001157414e-05,3.886000001784851e-06,4.84399998867957e-06,5.347700002289457e-05,2.35900000689071e-06,96,False
1245,2.4560000014162142e-05,5.796899998244953e-05,3.6830000169629784e-06,5.034999986719413e-06,5.293399999573012e-05,2.4580000115292933e-06,96,False
1246,2.4718999981132583e-05,5.829100001619736e-05,3.771999985247021e-06,5.115999982763242e-06,5.317500003343412e-05,2.320000021427404e-06,96,False
1247,2.4315000018759747e-05,8.326300002181597e-05,3.9549999826249405e-06,5.198999986077979e-06,7.806400003573799e-05,2.340000008871357e-06,96,False
1248,2.7350999999953274e-05,6.082900000592417e-05,3.695000003745008e-06,5.283000007239025e-06,5.554599999868515e-05,2.595000012206583e-06,96,False
1249,2.5126999986468945e-05,5.8671000005006135e-05,3.625999994483209e-06,5.222999988063748e-06,5.344800001694239e-05,2.4109999969823548e-06,96,False
1250,2.4658999990379016e-05,5.718699998169541e-05,3.6760000057256548e-06,4.823000011811018e-06,5.236399996988439e-05,2.358000017466111e-06,96,False
1251,2.6779000023680055e-05,5.781200002275e-05,3.6830000169629784e-06,4.531999991286284e-06,5.3280000031463715e-05,2.590999997664767e-06,96,False
1252,2.4707999983775153e-05,5.8009000014180856e-05,3.775000010364238e-06,4.7409999979208806e-06,5.3268000016259975e-05,2.33699998375414e-06,96,False
1253,2.5253999979213404e-05,5.785900000887523e-05,3.6189999832458852e-06,4.630999995924867e-06,5.322800001295036e-05,2.289999997628911e-06,96,False
1254,2.387799997904949e-05,5.9410999995179736e-05,4.008000018984603e-06,4.8039999853699555e-06,5.460700000980978e-05,2.308000006223665e-06,96,False
1255,2.4192000012135395e-05,5.8396000014226956e-05,3.816999992523051e-06,4.805000003216264e-06,5.359100001101069e-05,2.3690000148235413e-06,96,False
1256,2.5244999989126882e-05,0.0001085260000195376,4.628999988653959e-06,4.680000017742714e-06,0.00010384600000179489,7.6030000002447196e-06,96,False
1257,3.3115999997335166e-05,6.565199998931348e-05,3.7589999806186825e-06,5.689999994729078e-06,5.99619999945844e-05,3.242999980557215e-06,96,False
1258,2.6052999999137683e-05,6.14719999987301e-05,4.555999993272053e-06,5.456999986108713e-06,5.6015000012621385e-05,2.544000011539538e-06,96,False
1259,2.596300001300733e-05,5.8842000015602025e-05,4.321999995227088e-06,5.2640000092196715e-06,5.3578000006382354e-05,2.2229999956380198e-06,96,False
1260,2.5186000016219623e-05,5.7749999996303814e-05,3.5900000057154102e-06,4.9690000025748304e-06,5.278099999372898e-05,2.378999994334663e-06,96,False
1261,2.460700000028737e-05,5.59519999967506e-05,3.5509999918303947e-06,4.75300001312462e-06,5.119899998362598e-05,2.3380000016004487e-06,96,False
1262,2.4394999996957267e-05,5.799499999170621e-05,3.753999976652267e-06,4.841999981408662e-06,5.3153000010297546e-05,2.1660000015799596e-06,96,False
1263,2.4260999992975485e-05,5.676600000015242e-05,3.3820000169271225e-06,5.1120000250648445e-06,5.165399997508757e-05,2.3620000035862176e-06,96,False
1264,2.337799998031187e-05,5.654399998888948e-05,3.47699997860218e-06,4.711000002544097e-06,5.1832999986345385e-05,2.164999983733651e-06,96,False
1265,2.5755000024219044e-05,5.6015000012621385e-05,4.4423000019833125e-05,4.568000008475792e-06,5.144700000414559e-05,2.2800000181177893e-06,96,False
1266,3.7735000006478e-05,6.390800001554453e-05,3.926999994519065e-06,5.684000001338063e-06,5.822400001420647e-05,2.902000005633454e-06,96,False
1267,2.4656000022105218e-05,5.8730000006335104e-05,3.6710000017592392e-06,4.966000005879323e-06,5.376400000045578e-05,2.2620000095230353e-06,96,False
1268,2.4598999999625448e-05,5.8673000012277043e-05,3.956000000471249e-06,4.7200000210523285e-06,5.3952999991224715e-05,2.14299998901879e-06,96,False
1269,2.4991000003637964e-05,6.18939999981194e-05,4.014000012375618e-06,6.153999976277191e-06,5.5740000021842206e-05,2.688999984457041e-06,96,False
1270,2.432400000884627e-05,5.660499999748936e-05,3.5329999832356407e-06,4.678999999896405e-06,5.192599999759295e-05,2.1699999877000664e-06,96,False
1271,2.3564999992231606e-05,6.863999999495718e-05,3.843999991204328e-06,4.8980000144638325e-06,6.374199998049335e-05,2.2750000141513738e-06,96,False
1272,2.434600000356113e-05,5.76390000048832e-05,3.6250000050586095e-06,4.8459999959504785e-06,5.279300000893272e-05,2.4520000181382784e-06,96,False
1273,2.4897000002965797e-05,5.702600000745406e-05,3.4880000043813197e-06,4.8560000038833095e-06,5.217000000357075e-05,2.2870000009334035e-06,96,False
1274,2.417499999296524e-05,5.745600000750528e-05,3.6490000070443784e-06,4.9080000223966636e-06,5.254799998510862e-05,2.397000002929417e-06,96,False
1275,4.482999997890147e-05,6.349500000624175e-05,4.111000009743293e-06,6.010999982208887e-06,5.7484000024032866e-05,2.8320000069470552e-06,96,False
1276,2.5661999984549766e-05,5.810500002212393e-05,3.4509999977672123e-06,5.044000005227645e-06,5.306100001689629e-05,2.346999991686971e-06,96,False
1277,2.4086999985684088e-05,5.6883000013385754e-05,3.3869999924718286e-06,4.727000003867943e-06,5.215600000951781e-05,2.2609999916767265e-06,96,False
1278,2.3688999988280557e-05,7.908300000281088e-05,3.7340000176300236e-06,7.745999994313024e-06,7.133700000849785e-05,3.251999999065447e-06,96,False
1279,2.582700000175464e-05,6.152299999939714e-05,3.6340000235668413e-06,5.093999988048381e-06,5.642900001134876e-05,2.3929999883876008e-06,96,False
1280,2.5913000001764885e-05,6.767900001136695e-05,3.904000010379605e-06,5.452999999988606e-06,6.222600001137835e-05,3.045999989126358e-06,96,False
1281,2.5558999993791076e-05,5.7884999989710195e-05,3.375000005689799e-06,4.719999992630619e-06,5.3164999997079576e-05,2.453999996987477e-06,96,False
1282,2.3711000011417127e-05,5.6935999992902e-05,3.7439999971411453e-06,4.78699999462151e-06,5.214899999828049e-05,2.209000001585082e-06,96,False
1283,2.4399000011499083e-05,5.686200000809549e-05,3.536999997777457e-06,4.776999986688679e-06,5.208500002140681e-05,2.3540000029242947e-06,96,False
1284,6.73119999987648e-05,6.874100000686667e-05,4.337000007126335e-06,6.567000014001678e-06,6.217399999286499e-05,3.322000026173555e-06,96,False
1285,2.6941000015767713e-05,5.950800002096912e-05,3.7180000163061777e-06,4.815000011149095e-06,5.4693000009820025e-05,2.3430000055668643e-06,96,False
1286,2.716000000191343e-05,5.922500000110631e-05,3.831000014997699e-06,5.074000000604428e-06,5.415100000050188e-05,2.4580000115292933e-06,96,False
1287,2.5607999987187213e-05,5.705999998895095e-05,4.528000005166177e-06,4.9690000025748304e-06,5.209099998637612e-05,2.579000010882737e-06,96,False
1288,2.3990000016738122e-05,6.256099999291109e-05,4.363999977385902e-06,6.17700001726007e-06,5.638399997565102e-05,2.6069999989886128e-06,96,False
1289,2.4704999987079646e-05,5.5891000016572434e-05,4.099999983964153e-06,4.87799999859817e-06,5.1013000017974264e-05,2.1590000187643454e-06,96,False
1290,2.381100000548031e-05,5.6059999991475706e-05,4.204999981993751e-06,4.735999993954465e-06,5.132399999752124e-05,2.1750000200881914e-06,96,False
1291,2.388000001474211e-05,5.5341999996016966e-05,3.830999986575989e-06,4.6860000111337285e-06,5.065599998488324e-05,2.273999996305065e-06,96,False
1292,2.356999999619802e-05,5.5650999996714745e-05,3.822999985914066e-06,4.701999984035865e-06,5.094900001267888e-05,2.1270000161166536e-06,96,False
1293,2.256600001260267e-05,8.486200002266742e-05,4.609999990634606e-06,7.005000014714824e-06,7.785700000795259e-05,2.791999975215731e-06,96,False
1294,2.6002999987895237e-05,5.87990000155969e-05,4.129999979340937e-06,5.0549999741633656e-06,5.374400004143354e-05,2.516999984436552e-06,96,False
1295,2.4271000000908316e-05,5.6950000015376645e-05,4.173000007767769e-06,4.8219999939647096e-06,5.2128000021411935e-05,2.3870000234182953e-06,96,False
1296,2.3648999984970942e-05,5.584800001656731e-05,4.101000001810462e-06,4.62799999922936e-06,5.122000001733795e-05,2.407000010862248e-06,96,False
1297,2.3808000008784802e-05,5.5888999980879817e-05,3.971000012370496e-06,4.857000021729618e-06,5.10319999591502e-05,2.252000001590204e-06,96,False
1298,2.326399999219575e-05,5.5786000018542836e-05,4.162999999834938e-06,4.493999995247577e-06,5.129200002329526e-05,2.2140000055514975e-06,96,False
1299,2.341000001138127e-05,5.5742000000691405e-05,3.918999993857142e-06,4.580999984682421e-06,5.1161000016008984e-05,2.162000015459853e-06,96,False
1300,2.4281000008841147e-05,5.582899999012625e-05,3.9889999925435404e-06,4.640999975435989e-06,5.118800001469026e-05,2.2800000181177893e-06,96,False
1301,2.3324000011371027e-05,5.531399997948938e-05,3.6570000077063014e-06,4.601000000548083e-06,5.07129999789413e-05,2.1900000035657285e-06,96,False
1302,2.3899000012761462e-05,5.530699999667377e-05,3.980000002457018e-06,4.670000009809883e-06,5.0636999986863884e-05,2.104000003555484e-06,96,False
1303,3.982100000143873e-05,6.138899999541536e-05,3.895999981295972e-06,5.681000004642556e-06,5.5707999990772805e-05,2.645999984451919e-06,96,False
1304,2.3597999984303897e-05,5.5755000005319744e-05,3.745999975990344e-06,4.58200000252873e-06,5.1173000002791014e-05,2.096000002893561e-06,96,False
1305,2.397000000087246e-05,5.569300000729527e-05,3.851999991866251e-06,4.528000005166177e-06,5.116500000212909e-05,2.1219999837285286e-06,96,False
1306,2.3214999998799613e-05,5.4885999986709066e-05,4.058999991229939e-06,4.636999989315882e-06,5.0248999997393184e-05,2.1959999969567434e-06,96,False
1307,2.2696000002042638e-05,5.718700001011712e-05,3.7860000077216682e-06,4.904999997279447e-06,5.228200001283767e-05,2.033000015444486e-06,96,False
1308,2.293299999678311e-05,5.4101000017681145e-05,3.706999990527038e-06,4.146999998511092e-06,4.995400001917005e-05,2.0850000055361306e-06,96,False
1309,3.001299998572904e-05,5.596799999807445e-05,3.9100000037706195e-06,4.715000017085913e-06,5.1252999980988534e-05,2.344999984416063e-06,96,False
1310,2.271500000006199e-05,5.3292999979248634e-05,3.81800001036936e-06,4.3990000051508105e-06,4.8893999974097824e-05,2.0520000134638394e-06,96,False
1311,2.2344000001339737e-05,5.399000002626053e-05,3.7970000050790986e-06,4.475999986652823e-06,4.951400003960771e-05,2.059999985704053e-06,96,False
1312,2.311400001531183e-05,5.3645999997797844e-05,3.5820000050534873e-06,4.430000018373903e-06,4.921599997942394e-05,2.2229999956380198e-06,96,False
1313,4.148700000428107e-05,5.890200000635559e-05,3.811999988556636e-06,5.166000022427397e-06,5.3735999983928195e-05,2.469999998311323e-06,96,False
1314,2.3198000008051167e-05,5.522300000393443e-05,3.4919999905014265e-06,4.5769999985623144e-06,5.0646000005372116e-05,2.206999994314174e-06,96,False
1315,2.252300001259755e-05,5.4122000022971406e-05,3.816000003098452e-06,4.561999986663068e-06,4.956000003630834e-05,2.109999996946499e-06,96,False
1316,2.236399998878369e-05,5.3953999980649314e-05,3.5500000024057954e-06,4.5189999866579456e-06,4.943499999399137e-05,2.071000011483193e-06,96,False
1317,2.2398000027124e-05,5.411000000776767e-05,3.32800001956457e-06,4.681000007167313e-06,4.9429000000600354e-05,2.1070000002509914e-06,96,False
1318,2.491400002213595e-05,5.3804999993189995e-05,3.3419999851957982e-06,4.5249999800489604e-06,4.9280000013141034e-05,2.179000006208298e-06,96,False
1319,2.3007999999435924e-05,6.313599999430153e-05,3.79599998723279e-06,6.2549999881866825e-06,5.6881000006114846e-05,2.589999979818458e-06,96,False
1320,2.4434000010842283e-05,5.624099998158272e-05,3.448000001071705e-06,4.9899999794433825e-06,5.1251000002139335e-05,2.1799999956328975e-06,96,False
1321,2.294300000471594e-05,5.444799998599592e-05,3.4669999990910583e-06,4.614000005176422e-06,4.98339999808195e-05,2.146000014136007e-06,96,False
1322,2.4969000008923103e-05,7.232400000134476e-05,3.78400000045076e-06,4.475999986652823e-06,6.784800001469193e-05,2.1900000035657285e-06,96,False
1323,2.6598999994575934e-05,5.714900001407841e-05,3.5930000024109177e-06,4.770000003873065e-06,5.2379000010205345e-05,2.464000004920308e-06,96,False
1324,2.3254000012684628e-05,5.40519999958633e-05,3.319000001056338e-06,4.441000015731333e-06,4.9610999980131965e-05,2.0729999903323915e-06,96,False
1325,2.269500001261804e-05,5.379800001037438e-05,3.242999980557215e-06,4.515999989962438e-06,4.928200002041194e-05,2.1629999764627428e-06,96,False
1326,2.2924000006696588e-05,5.371999998260435e-05,3.389999989167336e-06,4.440999987309624e-06,4.9278999995294726e-05,2.110999986371098e-06,96,False
1327,2.2302000019180923e-05,5.389800000443756e-05,3.21400000302674e-06,4.4279999826812855e-06,4.947000002175628e-05,2.1059999824046827e-06,96,False
1328,2.275199997825439e-05,5.479399999330781e-05,3.3260000122936617e-06,4.776999986688679e-06,5.001700000661913e-05,2.158999990342636e-06,96,False
1329,2.2434000015891797e-05,5.355600001166749e-05,3.3139999970899225e-06,4.410000002508241e-06,4.914600000915925e-05,2.117999997608422e-06,96,False
1330,2.218099999140577e-05,5.260300000031748e-05,3.41999998454412e-06,4.589000013766054e-06,4.8013999986551426e-05,2.101999996284576e-06,96,False
1331,2.18730000085543e-05,0.00015910799999119263,4.119999999829815e-06,4.278999995221966e-06,0.00015482899999597066,2.2349999824200495e-06,96,False
1332,2.7541999997993116e-05,5.779800000027535e-05,3.2899999951041536e-06,5.1959999893824715e-06,5.260200001089288e-05,2.2939999837490177e-06,96,False
1333,2.3494999993545207e-05,5.3586000007044277e-05,3.3809999990808137e-06,4.761000013786543e-06,4.8824999993257734e-05,2.0469999810757145e-06,96,False
1334,2.2217000008595278e-05,5.342200000768571e-05,3.3480000070085225e-06,4.75399997412751e-06,4.86680000335582e-05,2.001000012796794e-06,96,False
1335,2.2752999996100698e-05,5.303500000763961e-05,3.3609999832151516e-06,4.138999997849169e-06,4.889600000979044e-05,2.10899997910019e-06,96,False
1336,2.5308999994422265e-05,5.32070000076601e-05,3.205000012940218e-06,4.543000017065424e-06,4.8663999990594675e-05,2.0399999982601003e-06,96,False
1337,2.2376999993412028e-05,5.216599998902893e-05,3.348999996433122e-06,4.474999997228224e-06,4.769099999180071e-05,2.197000014803052e-06,96,False
1338,2.1946000003936206e-05,5.248600001550585e-05,3.371000019569692e-06,4.264000011744429e-06,4.822200000376142e-05,2.0610000035503617e-06,96,False
1339,2.202299998543822e-05,5.172799998831579e-05,3.31699999378543e-06,4.121999978679014e-06,4.760600000963677e-05,2.045999991651115e-06,96,False
1340,2.173600000787701e-05,5.3075000010949225e-05,3.2490000023699395e-06,4.323000013073397e-06,4.875199999787583e-05,2.0009999843750848e-06,96,False
1341,3.693999997267383e-05,5.915700000969082e-05,3.53300001165735e-06,5.884000017886137e-06,5.327299999180468e-05,2.696999985118964e-06,96,False
1342,2.3608000020658437e-05,5.382200001236015e-05,2.399299998501192e-05,4.49099999855207e-06,4.933100001380808e-05,2.0829999982652225e-06,96,False
1343,2.6198999989901495e-05,5.535900001518712e-05,3.4950000156186434e-06,4.736999983379064e-06,5.0622000031808057e-05,2.19999998307685e-06,96,False
1344,2.3316000010709104e-05,0.0001142929999957687,4.12599999322083e-06,4.651000011790529e-06,0.00010964199998397817,2.106000010826392e-06,96,False
1345,2.8944000007413706e-05,0.00012462699999105098,9.559000005765483e-06,1.5122999997174702e-05,0.00010950399999387628,6.198000022550332e-06,96,False
1346,6.114999999340398e-05,7.01259999971171e-05,4.904999997279447e-06,6.608000006735892e-06,6.351799999038121e-05,3.0890000175531895e-06,96,False
1347,2.9549999993605525e-05,6.266299999424518e-05,4.340000003821842e-06,5.461000000650529e-06,5.7201999993594654e-05,2.3720000115190487e-06,96,False
1348,2.658000002497829e-05,5.9308999993845646e-05,3.8759999938520195e-06,5.111000007218536e-06,5.419799998662711e-05,2.152999996951621e-06,96,False
1349,2.427800001214564e-05,6.40040000234876e-05,3.870000000461005e-06,4.884000020410895e-06,5.912000000307671e-05,2.0690000042122847e-06,96,False
1350,2.660499998796695e-05,5.6323000023894565e-05,3.76199997731419e-06,4.822999983389309e-06,5.1500000040505256e-05,2.221000016788821e-06,96,False
1351,2.4058000008153613e-05,5.5800000012595774e-05,4.461000003175286e-06,4.691000015100144e-06,5.110899999749563e-05,2.324000007547511e-06,96,False
1352,2.372000000150365e-05,5.4065000000491636e-05,4.082999993215708e-06,4.210999975384766e-06,4.985400002510687e-05,2.053999992313038e-06,96,False
1353,2.3163999998132567e-05,5.308299998318944e-05,3.882999976667634e-06,4.469999993261808e-06,4.861299998992763e-05,1.9610000094871793e-06,96,False
1354,2.312699999151846e-05,5.386800000906078e-05,3.919000022278851e-06,4.303999986632334e-06,4.9564000022428445e-05,2.12000000487933e-06,96,False
1355,2.2860999990825803e-05,5.299000000036358e-05,3.862999989223681e-06,4.30899999059875e-06,4.868100000976483e-05,2.0500000061929313e-06,96,False
1356,2.2622000017236132e-05,5.2914999997710765e-05,3.6589999865555e-06,4.515000000537839e-06,4.839999999717293e-05,1.985999972475838e-06,96,False
1357,2.245400000333575e-05,5.2267000000938424e-05,3.708999997797946e-06,4.2679999978645355e-06,4.799900000307389e-05,2.077999994298807e-06,96,False
1358,2.2258000001329492e-05,5.2198999981101224e-05,3.5320000222327508e-06,4.3440000183636585e-06,4.7854999962737566e-05,2.1750000200881914e-06,96,False
1359,2.2359000013238983e-05,5.192800000486386e-05,3.851000002441651e-06,4.3309999853136105e-06,4.759700001955025e-05,2.0030000200677023e-06,96,False
1360,2.2150000006604387e-05,0.00011945200000695877,8.604999976569161e-06,1.4007000004312431e-05,0.00010544500000264634,5.774000015890124e-06,96,False
1361,4.227600001627252e-05,7.064199999717857e-05,4.988999990018783e-06,6.600999995498569e-06,6.404100000168e-05,2.7560000148696417e-06,96,False
1362,2.9993999987709685e-05,6.290599998237667e-05,4.222000001163906e-06,5.507999986775758e-06,5.739799999560091e-05,2.502000000959015e-06,96,False
1363,2.6725999987320392e-05,5.968999997207902e-05,4.066999991891862e-06,5.251000004591333e-06,5.443899996748769e-05,2.437999995663631e-06,96,False
1364,2.7688000017178638e-05,5.579400001920476e-05,3.6939999858986994e-06,4.360999980690394e-06,5.1433000038514365e-05,2.1219999837285286e-06,96,False
1365,2.4590000009538926e-05,5.498500001976936e-05,3.3909999785919354e-06,4.555999993272053e-06,5.0429000026497306e-05,2.1129999936420063e-06,96,False
1366,2.368300002331125e-05,5.3827000016326565e-05,3.528999997115534e-06,4.481000019040948e-06,4.934599999728562e-05,2.1039999751337746e-06,96,False
1367,2.3620999996865066e-05,5.4102000007105744e-05,3.5660000037296413e-06,4.3649999952322105e-06,4.973700001187353e-05,2.2340000214171596e-06,96,False
1368,2.2846999996772865e-05,5.389200001104655e-05,3.5420000017438724e-06,4.441000015731333e-06,4.9450999995315215e-05,2.1419999995941907e-06,96,False
1369,2.2814999994125174e-05,5.3495000003067616e-05,3.4669999990910583e-06,4.272000012406352e-06,4.9222999990661265e-05,2.093999995622653e-06,96,False
1370,2.341100000080587e-05,5.333400000040456e-05,3.4069999799157813e-06,4.3489999939083646e-06,4.898500000649619e-05,2.144999996289698e-06,96,False
1371,2.2629000000051747e-05,5.244299998707902e-05,3.470999985211165e-06,4.340000003821842e-06,4.810299998325718e-05,2.144000006865099e-06,96,False
1372,2.2096999998666433e-05,5.257999998775631e-05,4.139999987273768e-06,4.361999998536703e-06,4.8217999989219607e-05,2.118999987033021e-06,96,False
1373,2.2301999990759214e-05,5.148600001803061e-05,4.122999996525323e-06,4.109000002472385e-06,4.7377000015558224e-05,2.0610000035503617e-06,96,False
1374,2.2060000020474035e-05,5.160099999557133e-05,3.922000018974359e-06,4.06899999916277e-06,4.753199999640856e-05,2.1470000035606063e-06,96,False
1375,2.1717999999282256e-05,5.1617999986319774e-05,4.0430000183278025e-06,4.255999982660796e-06,4.736200000365898e-05,1.972999996269209e-06,96,False
1376,4.1165999988379554e-05,5.922700000837722e-05,4.195999991907229e-06,5.930999975589657e-06,5.329600003278756e-05,2.591999987089366e-06,96,False
1377,2.7489000018476872e-05,9.060900001145455e-05,6.646000002774599e-06,7.516000010809876e-06,8.309300000064468e-05,3.644000003077963e-06,96,False
1378,3.0368000011549157e-05,5.844099999308128e-05,3.664000018943625e-06,4.706999988002281e-06,5.3734000005079e-05,2.1150000009129144e-06,96,False
1379,2.3508999987598145e-05,5.491300001381205e-05,3.490000011652228e-06,4.6390000250084995e-06,5.027399998880355e-05,2.257999994981219e-06,96,False
1380,2.3176000013336306e-05,5.4876999996622544e-05,3.8370000083887135e-06,4.596999986006267e-06,5.028000001061628e-05,2.009000013458717e-06,96,False
1381,2.3106000014649908e-05,7.435599999894293e-05,3.8210000070648675e-06,4.660999991301651e-06,6.969500000764128e-05,2.077999994298807e-06,96,False
1382,2.826600001526458e-05,7.9371999987643e-05,4.052000008414325e-06,4.8219999939647096e-06,7.454999999367828e-05,2.2549999982857116e-06,96,False
1383,2.8087999993431367e-05,5.9376000024258246e-05,4.09199998330223e-06,5.229000009876472e-06,5.4147000014381774e-05,2.601000005597598e-06,96,False
1384,2.4229000018749502e-05,5.7439000016756836e-05,3.5559999957968103e-06,4.839000013134864e-06,5.260000000362197e-05,2.2990000161371427e-06,96,False
1385,2.343599999221624e-05,5.523799998741197e-05,3.4359999858679657e-06,4.485999994585654e-06,5.075199999282631e-05,2.21100000885599e-06,96,False
1386,2.2997999991503093e-05,5.4771999998592946e-05,3.3310000162600772e-06,4.635000010466683e-06,5.013699998812626e-05,2.2420000220790826e-06,96,False
1387,2.3007000010011325e-05,5.445200000053774e-05,3.292999991799661e-06,4.522000011775162e-06,4.9929999988762575e-05,2.2660000240648515e-06,96,False
1388,2.278399998090208e-05,5.403000000114844e-05,3.207999981214016e-06,4.727999993292542e-06,4.9302000007855895e-05,2.1890000141411292e-06,96,False
1389,2.2263000005295908e-05,5.330999999841879e-05,3.4470000116471056e-06,4.398000015726211e-06,4.891199998269258e-05,2.109999996946499e-06,96,False
1390,2.264699998022479e-05,5.32070000076601e-05,3.230000004350586e-06,4.252999985965289e-06,4.895400002169481e-05,2.019999982394438e-06,96,False
1391,2.2287000007281677e-05,5.4385999987971445e-05,3.2840000017131388e-06,4.4010000124217186e-06,4.9984999975549727e-05,1.9940000015594705e-06,96,False
1392,2.224899998282126e-05,5.316400000765498e-05,3.268000000389293e-06,4.5320000197079935e-06,4.863199998794698e-05,2.0909999989271455e-06,96,False
1393,2.5050999994391532e-05,5.32429999964279e-05,3.222000003688663e-06,4.563999993933976e-06,4.867900000249392e-05,2.166999991004559e-06,96,False
1394,2.2677999993447884e-05,5.38410000103795e-05,3.2449999878281233e-06,4.494000023669287e-06,4.9346999986710216e-05,2.14299998901879e-06,96,False
1395,2.2563999976910054e-05,6.25639999896066e-05,3.7529999872276676e-06,5.934999990131473e-06,5.662899999947513e-05,2.6959999956943648e-06,96,False
1396,2.449299998374954e-05,5.4624000000558226e-05,3.2629999964228773e-06,4.505000021026717e-06,5.011899997953151e-05,2.1920000108366366e-06,96,False
1397,2.315999998359075e-05,5.4247999997869556e-05,4.222999990588505e-06,4.574999991291406e-06,4.967300000657815e-05,2.205000015464975e-06,96,False
1398,2.304600002389634e-05,5.344600000967148e-05,3.947999999809326e-06,4.539000002523608e-06,4.890700000714787e-05,2.0749999976032996e-06,96,False
1399,2.326299997434944e-05,5.6196999992152996e-05,4.2550000216579065e-06,4.663999987997158e-06,5.153300000415584e-05,2.178000016783699e-06,96,False
1400,2.374200002464022e-05,5.530600000724917e-05,3.491000001076827e-06,4.688000018404637e-06,5.061799998884453e-05,2.2119999982805894e-06,96,False
1401,2.3511999984293652e-05,5.498699999861856e-05,3.5319999938110413e-06,4.366000013078519e-06,5.062099998554004e-05,2.184999999599313e-06,96,False
1402,2.3626000000831482e-05,5.604599999742277e-05,3.5190000176044123e-06,4.515000000537839e-06,5.153099999688493e-05,2.158999990342636e-06,96,False
1403,2.393699998037846e-05,8.553000000688371e-05,5.4420000026311754e-06,4.383999993251564e-06,8.114600001363215e-05,2.1250000088457455e-06,96,False
1404,3.423699999416385e-05,6.605400000125883e-05,4.690000025675545e-06,6.205000005365946e-06,5.984899999589288e-05,2.9170000175327004e-06,96,False
1405,2.9307999994898637e-05,5.8590999998386906e-05,3.7570000017694838e-06,5.031999990023905e-06,5.3559000008363e-05,2.4449999784792453e-06,96,False
1406,2.502899999967667e-05,5.736600002137493e-05,3.6819999991166696e-06,4.697999997915758e-06,5.266800002345917e-05,2.2829999863915873e-06,96,False
1407,2.7243999994652768e-05,5.6585999999470005e-05,3.983999988577125e-06,4.2839999991883815e-06,5.230200000028162e-05,2.2529999910148035e-06,96,False
1408,2.432200000157536e-05,5.621500000074775e-05,3.5120000063670886e-06,4.629999978078558e-06,5.158500002266919e-05,2.1779999883619894e-06,96,False
1409,2.5465000021540618e-05,5.611000000271815e-05,3.367000005027876e-06,4.521999983353453e-06,5.15880000193647e-05,2.2300000068753434e-06,96,False
1410,2.4217000003545763e-05,5.627400000207672e-05,3.428000013627752e-06,4.659000012452452e-06,5.1614999989624266e-05,2.2140000055514975e-06,96,False
1411,2.3622000014711375e-05,7.547800001361793e-05,5.794999992758676e-06,4.70700001642399e-06,7.077099999719394e-05,2.1750000200881914e-06,96,False
1412,4.66650000134905e-05,7.077600000116036e-05,4.870999987360847e-06,6.557000006068847e-06,6.421899999509151e-05,3.448000001071705e-06,96,False
1413,2.730799999994815e-05,6.381800000099247e-05,4.444999973429731e-06,5.180000016480335e-06,5.8637999984512135e-05,2.6759999798287026e-06,96,False
1414,2.5900000025558256e-05,5.853299998648254e-05,4.010999987258401e-06,5.227999992030163e-06,5.330499999445237e-05,2.429999995001708e-06,96,False
1415,2.4680999985093877e-05,5.63720000172907e-05,3.6570000077063014e-06,4.8299999946266325e-06,5.154200002266407e-05,2.2769999930005724e-06,96,False
1416,2.438100000290433e-05,5.5321999980151304e-05,3.587000009019903e-06,4.454999981362562e-06,5.086699999878874e-05,2.322000000276603e-06,96,False
1417,2.444800000489522e-05,5.94310000110454e-05,3.654000011010794e-06,5.036000004565722e-06,5.439500000647968e-05,2.209000001585082e-06,96,False
1418,2.5045000001000517e-05,5.8957000021564454e-05,3.5200000070290116e-06,5.0150000276971696e-06,5.3941999993867285e-05,2.3700000042481406e-06,96,False
1419,2.4817999985771166e-05,5.922300002225711e-05,2.8994999979659042e-05,4.929999988689815e-06,5.4293000033567296e-05,2.4600000188002014e-06,96,False
1420,3.8802999995368737e-05,6.388399998513705e-05,4.851999989341493e-06,5.405999985441667e-06,5.8477999999695385e-05,2.7639999871098553e-06,96,False
1421,2.9035000011390366e-05,6.20019999928445e-05,4.517999997233346e-06,5.065999999942505e-06,5.6935999992902e-05,2.5139999877410446e-06,96,False
1422,2.6161000022284497e-05,6.024799998272101e-05,4.230999991250428e-06,5.118999979458749e-06,5.512900000326226e-05,2.447000014171863e-06,96,False
1423,2.6001999998470637e-05,6.029200000057244e-05,4.097999976693245e-06,5.1959999893824715e-06,5.509600001118997e-05,2.570000020796215e-06,96,False
1424,2.5594000021555985e-05,5.927300000507785e-05,4.2599999972026126e-06,4.79800002040065e-06,5.44749999846772e-05,2.407000010862248e-06,96,False
1425,2.4979999977858824e-05,5.866800000831063e-05,4.36599998465681e-06,4.74199998734548e-06,5.392600002096515e-05,2.362999993010817e-06,96,False
1426,2.4883999998337458e-05,5.8158000001640175e-05,4.198999988602736e-06,4.807999999911772e-06,5.3350000001728404e-05,2.293000022746128e-06,96,False
1427,2.476899999237503e-05,5.890299999578019e-05,4.386999989947071e-06,4.897999986042123e-06,5.400500000973807e-05,2.1900000035657285e-06,96,False
1428,0.00016256200001407706,0.00010060200000339137,9.32300000044961e-06,1.0400999997273175e-05,9.020100000611819e-05,5.408999982137175e-06,96,False
1429,3.746600000908984e-05,7.471899999700327e-05,5.612999984805356e-06,6.966000000829808e-06,6.775299999617346e-05,3.3219999977518455e-06,96,False
1430,3.081699998119802e-05,6.534700000315752e-05,4.708000005848589e-06,6.093999985523624e-06,5.9253000017633894e-05,2.671999993708596e-06,96,False
1431,2.657999999655658e-05,6.107799998744667e-05,4.750999977432002e-06,5.206999986739902e-06,5.587100000070677e-05,2.344999984416063e-06,96,False
1432,2.582600001233004e-05,6.111499999406078e-05,4.2030000031445525e-06,5.427999980156528e-06,5.568700001390425e-05,2.623999989737058e-06,96,False
1433,2.5642999986530413e-05,6.0790000020460866e-05,3.957999979320448e-06,5.264999998644271e-06,5.5525000021816595e-05,2.306999988377356e-06,96,False
1434,2.5020999999014748e-05,5.9937999992598634e-05,1.829400000019632e-05,5.1859999814496405e-06,5.4752000011148994e-05,2.332999997634033e-06,96,False
1435,4.111499998771251e-05,6.550499998070336e-05,4.826000008506526e-06,5.942000001368797e-06,5.956299997933456e-05,2.741000002970395e-06,96,False
1436,2.596499999185653e-05,6.225199999221331e-05,4.703000001882174e-06,5.484999974214588e-06,5.6767000017998726e-05,2.480000006244154e-06,96,False
1437,2.5426000007655603e-05,5.9925999977394895e-05,4.496000002518485e-06,5.135999998628904e-06,5.478999997876599e-05,2.237000018112667e-06,96,False
1438,2.5744999987864503e-05,8.355100001722349e-05,4.9690000025748304e-06,5.031999990023905e-06,7.851900002719958e-05,2.3610000141616183e-06,96,False
1439,2.827999998089581e-05,6.408099997656791e-05,4.509000007146824e-06,5.695999988120093e-06,5.8384999988447817e-05,2.801999983148562e-06,96,False
1440,2.6883000003863344e-05,6.164199999147968e-05,4.392999983338086e-06,5.2219999986391485e-06,5.641999999284053e-05,2.4080000002868474e-06,96,False
1441,2.597799999648487e-05,6.190400000605223e-05,7.383999985677292e-06,4.950999993980076e-06,5.695300001207215e-05,2.4160000009487703e-06,96,False
1442,5.735299998832488e-05,7.819600000402716e-05,5.317999978160515e-06,7.1219999995264516e-06,7.10740000045007e-05,3.864999996494589e-06,96,False
1443,4.907100000650644e-05,7.407299997908012e-05,5.894999986821858e-06,6.952000006776871e-06,6.712099997230325e-05,3.5930000024109177e-06,96,False
1444,2.8536999991501943e-05,6.429699999443983e-05,4.649000004519621e-06,5.474000005278867e-06,5.882299998916096e-05,2.5680000135253067e-06,96,False
1445,2.8033000006644215e-05,6.632900002045972e-05,4.611000008480914e-06,5.234000013842888e-06,6.109500000661683e-05,2.540999986422321e-06,96,False
1446,2.664699999854747e-05,6.225600000675513e-05,4.2759999985264585e-06,5.428999998002837e-06,5.682700000875229e-05,2.629000022125183e-06,96,False
1447,2.6270000006434202e-05,6.180799999810915e-05,4.397999987304502e-06,5.423000004611822e-06,5.638499999349733e-05,2.4320000022726163e-06,96,False
1448,2.631999998925494e-05,6.14759999848502e-05,4.437000001189517e-06,5.307999998649393e-06,5.616799998620081e-05,2.421999994339785e-06,96,False
1449,2.5991999990537806e-05,6.347299998310518e-05,4.5060000104513165e-06,5.1930000211086735e-06,5.827999996199651e-05,2.391000009538402e-06,96,False
1450,2.5753000016948135e-05,6.035600000586783e-05,3.805999995165621e-06,4.9369999999271386e-06,5.541900000594069e-05,2.223999985062619e-06,96,False
1451,2.565700000900506e-05,8.832099999267484e-05,4.367000002503119e-06,8.419000010917443e-06,7.99019999817574e-05,3.47699997860218e-06,96,False
1452,2.7678000009245807e-05,7.779599999935272e-05,4.090999993877631e-06,5.779999980859429e-06,7.201600001849329e-05,2.641999998331812e-06,96,False
1453,2.6963999999907173e-05,6.126499999936641e-05,3.84099999450882e-06,5.109999989372227e-06,5.615500000999418e-05,2.561000002287983e-06,96,False
1454,2.594099998987076e-05,6.154799999080751e-05,3.805999995165621e-06,5.213000008552626e-06,5.6334999982254885e-05,2.4619999976494e-06,96,False
1455,2.6241999989906617e-05,6.145000000401524e-05,4.027000017003957e-06,5.1129999860677344e-06,5.63370000179475e-05,2.6160000174968445e-06,96,False
1456,2.6595000008455827e-05,6.0141000005842216e-05,3.630000009025025e-06,5.039000001261229e-06,5.5102000004580987e-05,2.623999989737058e-06,96,False
1457,2.4763999988408614e-05,6.044000002702887e-05,3.5889999878691015e-06,4.979999999932261e-06,5.546000002709661e-05,2.572999989070013e-06,96,False
1458,2.5631999989172982e-05,5.886200000304598e-05,3.5120000063670886e-06,5.009000005884445e-06,5.385299999716153e-05,2.4530000075628777e-06,96,False
1459,2.448400002208473e-05,5.801399998972556e-05,3.7730000030933297e-06,5.042000026378446e-06,5.2971999963347116e-05,2.292000004899819e-06,96,False
1460,2.441500001282293e-05,7.231499998283653e-05,4.18299998727889e-06,7.280000005494003e-06,6.503499997734252e-05,2.96300001423333e-06,96,False
1461,2.694300002303862e-05,6.179799999017632e-05,4.192999995211721e-06,5.234000013842888e-06,5.6563999976333434e-05,2.5090000121963385e-06,96,False
1462,2.6404999999840584e-05,6.0860999980150154e-05,4.039999993210586e-06,4.891999992651108e-06,5.5968999987499046e-05,2.375000008214556e-06,96,False
1463,2.5493000009646494e-05,6.560699998203745e-05,4.541000009794516e-06,5.305999991378485e-06,6.0300999990658966e-05,2.4469999857501534e-06,96,False
1464,2.548499998056286e-05,5.9981999982028356e-05,3.870999989885604e-06,5.011000013155353e-06,5.4970999968873e-05,2.2260000207552366e-06,96,False
1465,2.4726999981794506e-05,5.924500001697197e-05,3.8120000169783452e-06,4.807000010487172e-06,5.44380000064848e-05,2.397000002929417e-06,96,False
1466,2.4577999994335187e-05,5.864499999574946e-05,3.595999999106425e-06,4.862999986698924e-06,5.3782000009050535e-05,2.3430000055668643e-06,96,False
1467,2.4590000009538926e-05,5.9228999987226416e-05,3.804999977319312e-06,4.9659999774576136e-06,5.42630000097688e-05,2.2629999989476346e-06,96,False
1468,4.652499998769599e-05,7.487499999569991e-05,5.4989999966892356e-06,6.8429999942054565e-06,6.803200000149445e-05,3.4819999825685954e-06,96,False
1469,5.659400000013193e-05,7.380400001011367e-05,5.125000001271474e-06,6.763999977010826e-06,6.704000003310284e-05,3.480999993143996e-06,96,False
1470,2.8693000018620296e-05,6.30920000048718e-05,4.05800000180534e-06,5.366000010553762e-06,5.7725999994318045e-05,2.465000022766617e-06,96,False
1471,2.6023999993185498e-05,6.105899998942732e-05,4.8459999959504785e-06,5.177000019784828e-06,5.588199996964249e-05,2.4619999976494e-06,96,False
1472,2.5379000021530373e-05,6.141299999740113e-05,4.830000023048342e-06,5.242000014504811e-06,5.617099998289632e-05,2.3929999883876008e-06,96,False
1473,2.5330999989137126e-05,6.036600001380066e-05,4.359000001841196e-06,5.181000005904934e-06,5.5185000007895724e-05,2.3450000128377724e-06,96,False
1474,2.5933999978633437e-05,6.017300000848991e-05,4.3020000077831355e-06,5.297000001291963e-06,5.4876000007197945e-05,2.415000011524171e-06,96,False
1475,2.550700000369943e-05,5.9388000011040276e-05,4.176000004463276e-06,4.695000001220251e-06,5.4693000009820025e-05,2.397000002929417e-06,96,False
1476,2.4980999995705133e-05,5.834500001355991e-05,4.330000024310721e-06,4.531000001861685e-06,5.3814000011698226e-05,2.3350000049049413e-06,96,False
1477,2.538499998649968e-05,7.857899998953144e-05,4.928000009840616e-06,5.0210000210881844e-06,7.355799996844326e-05,2.4429999996300467e-06,96,False
1478,3.280200002109268e-05,6.430299998783084e-05,4.270999994560043e-06,5.29999999798747e-06,5.9002999989843374e-05,2.7780000095845025e-06,96,False
1479,2.5905000001102962e-05,6.0371999978769963e-05,4.248999999845182e-06,5.000000015797923e-06,5.537199996297204e-05,2.3279999936676177e-06,96,False
1480,2.5488000005680078e-05,5.9265000004415924e-05,1.685600000200793e-05,4.920000009178693e-06,5.434499999523723e-05,2.328000022089327e-06,96,False
1481,3.782999999657477e-05,6.437900000832997e-05,4.41099999193284e-06,5.830999981526475e-06,5.854800002680349e-05,2.9439999877922673e-06,96,False
1482,2.6345000009087016e-05,6.084299999997711e-05,4.152000002477507e-06,5.398000013201454e-06,5.5444999986775656e-05,2.6140000102259364e-06,96,False
1483,2.4638000013510464e-05,6.088599999998223e-05,4.2659999905936274e-06,4.955000008521893e-06,5.593099999146034e-05,2.397000002929417e-06,96,False
1484,2.4662999976499123e-05,5.936099998393729e-05,4.230000001825829e-06,5.294999994021055e-06,5.4065999989916236e-05,2.2549999982857116e-06,96,False
1485,2.4725000002945308e-05,6.011500002500725e-05,4.265000001169028e-06,5.044999994652244e-06,5.5070000030355004e-05,2.397000002929417e-06,96,False
1486,2.492900000561349e-05,8.203000001572036e-05,4.5449999959146226e-06,4.915999994636877e-06,7.711400002108348e-05,2.3719999830973393e-06,96,False
1487,2.9307999994898637e-05,7.513299999573064e-05,4.050000001143417e-06,5.8260000059817685e-06,6.930699998974887e-05,2.6959999956943648e-06,96,False
1488,2.628299998264083e-05,6.130299999540512e-05,4.209999985960167e-06,5.396000005930546e-06,5.590699998947457e-05,2.500000022109816e-06,96,False
1489,2.4827000004279398e-05,5.9996000004503e-05,4.079000007095601e-06,5.1309999946624885e-06,5.4865000009840514e-05,2.292000004899819e-06,96,False
1490,2.539500002285422e-05,5.8730000006335104e-05,4.082999993215708e-06,4.849999982070585e-06,5.388000002426452e-05,2.2790000002714805e-06,96,False
1491,2.482599998643309e-05,7.269700000733792e-05,4.729000011138851e-06,7.080000017367638e-06,6.561699998997028e-05,3.1900000010409713e-06,96,False
1492,3.054300000826515e-05,6.0698999988062496e-05,2.67279999945913e-05,5.054000013160476e-06,5.564499997490202e-05,2.6060000095640135e-06,96,False
1493,2.839299997958733e-05,6.117099999869424e-05,4.208000007110968e-06,5.216999994672733e-06,5.595400000402151e-05,2.7319999844621634e-06,96,False
1494,2.500799999438641e-05,8.113799998454851e-05,4.555999993272053e-06,4.732999997258958e-06,7.640499998728956e-05,2.360999985739909e-06,96,False
1495,2.960199998369717e-05,6.23850000067705e-05,4.162000010410338e-06,5.313000002615809e-06,5.707200000415469e-05,2.672999983133195e-06,96,False
1496,2.5182000001677807e-05,6.037500000388718e-05,4.192999995211721e-06,5.262000001948763e-06,5.511300000193842e-05,2.611000013530429e-06,96,False
1497,2.6416999986622614e-05,5.829899998843757e-05,4.131999986611845e-06,4.902999990008539e-06,5.3395999998429033e-05,2.3090000240699737e-06,96,False
1498,2.4362999994309575e-05,5.7975999993686855e-05,3.979000013032419e-06,4.9239999952988e-06,5.3051999998388055e-05,2.308000006223665e-06,96,False
1499,2.4155999994945887e-05,5.704599999489801e-05,3.969000005099588e-06,4.547000003185531e-06,5.249899999171248e-05,2.421999994339785e-06,96,False
1500,2.3996000010129137e-05,5.85899999805406e-05,4.052999997838924e-06,4.71900000320602e-06,5.387099997733458e-05,2.4969999969925993e-06,96,False
1501,2.3865000002842862e-05,5.744300000287694e-05,4.1140000064388005e-06,5.030000011174707e-06,5.2412999991702236e-05,2.39300001680931e-06,96,False
1502,2.4362000004884976e-05,5.771100001084051e-05,6.013000017901504e-06,4.952000011826385e-06,5.275899999901412e-05,2.330999990363125e-06,96,False
1503,5.150800001274547e-05,9.845899998595087e-05,5.5490000079316815e-06,6.437000024561712e-06,9.202199996138916e-05,3.575999983240763e-06,96,False
1504,3.334800001653093e-05,6.646099998874888e-05,4.665999995268066e-06,6.038999998736472e-06,6.042199999001241e-05,3.130999999712003e-06,96,False
1505,2.6423999997859937e-05,6.054599998606136e-05,4.415999995899256e-06,5.097000013165598e-06,5.544899997289576e-05,2.6120000029550283e-06,96,False
1506,2.868999999350308e-05,6.023500000651438e-05,4.38800000779338e-06,5.4969999894183275e-06,5.4738000017096056e-05,2.4329999916972156e-06,96,False
1507,2.5711999995792212e-05,5.831500001818313e-05,4.055000005109832e-06,4.703999991306773e-06,5.3611000026876354e-05,2.356999999619802e-06,96,False
1508,2.3874999982353984e-05,5.655600000409322e-05,3.9889999925435404e-06,4.5769999985623144e-06,5.1979000005530906e-05,2.2929999943244184e-06,96,False
1509,2.4451000001590728e-05,6.003499998996631e-05,4.18299998727889e-06,4.7910000091633265e-06,5.524399998080298e-05,2.195000007532144e-06,96,False
1510,2.4889999991728473e-05,5.945600000245577e-05,4.169999982650552e-06,5.032000018445615e-06,5.442399998401015e-05,2.35900000689071e-06,96,False
1511,2.554200000304263e-05,5.85530000023482e-05,4.1480000163574005e-06,5.1389999953244114e-06,5.341400000702379e-05,2.3380000016004487e-06,96,False
1512,2.4249999995618055e-05,7.700499998009036e-05,4.30800000117415e-06,4.626000020380161e-06,7.23789999597102e-05,2.2269999817581265e-06,96,False
1513,2.897499999221509e-05,6.146100000137267e-05,4.270000005135444e-06,5.5309999993369274e-06,5.593000000203574e-05,2.6599999785048567e-06,96,False
1514,2.5548999985858245e-05,5.6359000012662364e-05,3.974000009066003e-06,4.818999997269202e-06,5.154000001539316e-05,2.3700000042481406e-06,96,False
1515,2.3838000004161586e-05,5.654799997500959e-05,3.706999990527038e-06,4.814999982727386e-06,5.17329999922822e-05,2.342000016142265e-06,96,False
1516,2.368599999158505e-05,5.681700000081946e-05,4.118999981983507e-06,4.540999981372806e-06,5.2276000019446656e-05,2.2440000009282812e-06,96,False
1517,2.4113000023362474e-05,5.6596000007402836e-05,3.900999985262388e-06,4.737000011800774e-06,5.185899999560206e-05,2.322000000276603e-06,96,False
1518,2.3443999992878162e-05,5.529399999204543e-05,3.947999999809326e-06,4.557000011118362e-06,5.073699998092707e-05,2.2709999996095576e-06,96,False
1519,2.3596000005454698e-05,5.5330999998659536e-05,3.861000010374482e-06,4.659000012452452e-06,5.0671999986207084e-05,2.229000017450744e-06,96,False
1520,2.6281000003791632e-05,5.685000002131346e-05,4.1220000071007235e-06,4.698999987340358e-06,5.2151000033973105e-05,2.429999995001708e-06,96,False
1521,2.3317999989558302e-05,5.4911000006541144e-05,3.8120000169783452e-06,4.509999996571423e-06,5.040100000996972e-05,2.2189999810962036e-06,96,False
1522,2.2701000006009053e-05,8.055399999307156e-05,4.314000022986875e-06,7.127000003492867e-06,7.342699998957869e-05,2.765000004956164e-06,96,False
1523,3.3481999992091005e-05,5.873300000303061e-05,3.767999999126914e-06,5.100000009861105e-06,5.3632999993169506e-05,2.4059999930159393e-06,96,False
1524,2.422199997909047e-05,5.6289000013975965e-05,3.851999991866251e-06,4.690999986678435e-06,5.159800002729753e-05,2.205999976467865e-06,96,False
1525,2.3835999996890678e-05,7.586700002093494e-05,4.287999985308488e-06,6.743999989566873e-06,6.912300003136806e-05,2.7540000075987336e-06,96,False
1526,2.6047999995171267e-05,6.0140000016417616e-05,4.173999997192368e-06,5.035000015141122e-06,5.5105000001276494e-05,2.8120000195031025e-06,96,False
1527,2.4408999991010205e-05,5.6529000005411945e-05,3.861999999799082e-06,4.55999997939216e-06,5.1969000026019785e-05,2.257999994981219e-06,96,False
1528,2.366399999687019e-05,5.703799999423609e-05,3.974000009066003e-06,4.861999997274324e-06,5.2175999996961764e-05,2.4169999903733697e-06,96,False
1529,2.4093000007496812e-05,5.6529000005411945e-05,3.923999997823557e-06,4.353000008450181e-06,5.2175999996961764e-05,2.2429999830819725e-06,96,False
1530,2.4389000003566252e-05,5.655499998624691e-05,3.917000015007943e-06,4.692999993949343e-06,5.186199999229757e-05,2.260000002252127e-06,96,False
1531,2.370900000414622e-05,7.408999999825028e-05,4.297999993241319e-06,4.574999991291406e-06,6.951500000695887e-05,2.3659999897063244e-06,96,False
1532,2.7256999999281106e-05,5.934099999649334e-05,3.7580000196157926e-06,5.130000005237889e-06,5.421099999125545e-05,2.58700001154466e-06,96,False
1533,2.3631999994222497e-05,5.6631000006746035e-05,4.09100002229934e-06,4.770000003873065e-06,5.186100000287297e-05,2.2730000068804657e-06,96,False
1534,2.5184999998373314e-05,5.499899998540059e-05,3.8679999931900966e-06,4.807999999911772e-06,5.0190999985488816e-05,2.1230000015748374e-06,96,False
1535,2.2999000009349402e-05,5.3097000005664086e-05,3.781999993179852e-06,4.333999982009118e-06,4.876300002365497e-05,2.1399999923232826e-06,96,False
1536,2.3021000004064263e-05,5.4864999981418805e-05,3.4919999905014265e-06,4.4900000091274705e-06,5.0374999972291334e-05,2.180999985057497e-06,96,False
1537,2.327600000739949e-05,5.4738000017096056e-05,3.4870000149567204e-06,4.681999996591912e-06,5.005600002050414e-05,2.0520000134638394e-06,96,False
1538,2.301200001397774e-05,5.474599998933627e-05,3.735000007054623e-06,4.5999999827017746e-06,5.0146000006634495e-05,2.255999987710311e-06,96,False
1539,2.305699999283206e-05,5.4271000010430726e-05,3.4669999990910583e-06,4.587999995919745e-06,4.968300001451098e-05,2.1470000035606063e-06,96,False
1540,2.3099999992837184e-05,5.39469999978337e-05,3.5329999832356407e-06,4.164999978684136e-06,4.9782000019149564e-05,2.1419999995941907e-06,96,False
1541,2.4454999987710835e-05,7.08319999773721e-05,3.812999977981235e-06,4.173999997192368e-06,6.665799998017974e-05,2.140999981747882e-06,96,False
1542,2.740200000062032e-05,5.706000001737266e-05,3.5420000017438724e-06,4.892000021072818e-06,5.216799999629984e-05,2.4469999857501534e-06,96,False
1543,2.297699998621283e-05,5.44749999846772e-05,3.2250000003841706e-06,4.43400000449401e-06,5.004099998018319e-05,2.1600000081889448e-06,96,False
1544,2.3088999995479753e-05,5.422099999918828e-05,3.836000018964114e-06,4.397000026301612e-06,4.982399997288667e-05,2.2039999976186664e-06,96,False
1545,2.2908000005372742e-05,5.421100001967716e-05,4.156999978022213e-06,4.326999999193504e-06,4.9884000020483654e-05,2.3439999949914636e-06,96,False
1546,2.3349000002781395e-05,5.4535000003852474e-05,3.892999984600465e-06,4.51399998269153e-06,5.0021000021160944e-05,2.276000003575973e-06,96,False
1547,2.2617999974272607e-05,5.3487000002405694e-05,3.7080000083733466e-06,4.325000020344305e-06,4.916199998206139e-05,2.116999979762113e-06,96,False
1548,2.26829999974143e-05,5.59860000066692e-05,3.2799999871713226e-06,4.651000011790529e-06,5.133499999487867e-05,2.1779999883619894e-06,96,False
1549,2.2529000005988564e-05,5.353899999249734e-05,3.397999989829259e-06,4.218000015043799e-06,4.932099997745354e-05,2.163000004884452e-06,96,False
1550,2.2777999987511066e-05,5.345899998587811e-05,3.9209999727063405e-06,4.3549999872993794e-06,4.910399999857873e-05,2.205000015464975e-06,96,False
1551,2.2790999992139405e-05,6.742899998357643e-05,4.118999981983507e-06,4.157999995868522e-06,6.327099998770791e-05,2.1949999791104347e-06,96,False
1552,2.9968000006874718e-05,5.782499999895663e-05,3.4069999799157813e-06,5.051000016464968e-06,5.277399998249166e-05,2.5420000042686297e-06,96,False
1553,2.3323000021946427e-05,5.39829999866015e-05,3.393000014284553e-06,4.705999998577681e-06,4.927699998802382e-05,2.1129999936420063e-06,96,False
1554,2.2367000013900906e-05,5.370799999582232e-05,3.4029999937956745e-06,4.7229999893261265e-06,4.898500000649619e-05,2.1740000022418826e-06,96,False
1555,2.239799999870229e-05,5.354800001100557e-05,3.5039999772834562e-06,4.555999993272053e-06,4.899200001773352e-05,2.125999998270345e-06,96,False
1556,2.2787999995443897e-05,5.338600001891791e-05,3.2430000089789246e-06,4.566999990629483e-06,4.881900002828843e-05,2.1680000088508677e-06,96,False
1557,2.19089999973221e-05,5.318099999840342e-05,3.482000010990305e-06,4.557999972121252e-06,4.862300002628217e-05,2.053999992313038e-06,96,False
1558,2.18739999979789e-05,5.14869999790335e-05,3.1620000129350956e-06,4.0459999866016005e-06,4.74409999924319e-05,2.0680000147876854e-06,96,False
1559,2.1328999991965247e-05,5.22599999897011e-05,3.262000006998278e-06,4.047000004447909e-06,4.821299998525319e-05,2.15400001479793e-06,96,False
1560,2.239700000927769e-05,5.297499998846433e-05,3.1680000063261105e-06,4.212999982655674e-06,4.876200000580866e-05,2.1500000002561137e-06,96,False
1561,2.2665999978244145e-05,5.213200000753204e-05,3.324999994447353e-06,4.475999986652823e-06,4.765600002087922e-05,2.1779999883619894e-06,96,False
1562,2.2661999992124038e-05,6.827400000020134e-05,3.837999997813313e-06,6.055000000060318e-06,6.221900000014102e-05,2.5759999857655203e-06,96,False
1563,2.6384000022972032e-05,5.488200000058896e-05,3.35100000370403e-06,4.493999995247577e-06,5.038800000534138e-05,2.2620000095230353e-06,96,False
1564,2.2824000012633405e-05,5.338799999776711e-05,3.304999978581691e-06,4.31999998795618e-06,4.906800000981093e-05,2.247999987048388e-06,96,False
1565,2.253299999210867e-05,5.327599998850019e-05,2.1168999978726788e-05,4.324999991922596e-06,4.895099999657759e-05,2.1599999797672353e-06,96,False
1566,2.4316999997608946e-05,0.0002656919999992624,9.489999996503684e-06,4.818000007844603e-06,0.0002608739999914178,2.178000016783699e-06,96,False
1567,7.643700001835896e-05,0.00013870999998744082,6.509999991521909e-06,9.167000001752967e-06,0.00012954299998568786,5.457999975533312e-06,96,False
1568,3.690599999117694e-05,6.451900000570276e-05,4.036000007090479e-06,6.0220000079880265e-06,5.849699999771474e-05,3.102999983184418e-06,96,False
1569,2.5525000012294186e-05,9.332799999128838e-05,4.37700001043595e-06,7.0990000153869914e-06,8.622899997590139e-05,2.9679999897780363e-06,96,False
1570,2.940799998896182e-05,6.385199998248936e-05,4.708999995273189e-06,5.6300000039755105e-06,5.822199997851385e-05,2.5699999923745054e-06,96,False
1571,2.604499999847576e-05,7.240499999738859e-05,4.412000009779149e-06,4.7830000085014035e-06,6.762199998888718e-05,2.1479999929852056e-06,96,False
1572,2.607999999781896e-05,6.409800002415977e-05,3.6539999825890845e-06,5.248999997320425e-06,5.884900002683935e-05,2.522000016824677e-06,96,False
1573,2.3937999998224768e-05,5.551600000330836e-05,3.258000020878171e-06,4.747999980736495e-06,5.076800002257187e-05,2.281999996966988e-06,96,False
1574,2.249800002118718e-05,5.312499999376996e-05,3.2629999964228773e-06,4.1589999852931214e-06,4.896600000847684e-05,2.140999981747882e-06,96,False
1575,2.1967000009226467e-05,5.279600000562823e-05,3.2709999970848003e-06,4.345000007788258e-06,4.845099999783997e-05,2.2199999989425123e-06,96,False
1576,2.1763000006558286e-05,5.2390999996987375e-05,3.3019999818861834e-06,4.37700001043595e-06,4.8013999986551426e-05,2.0770000048742077e-06,96,False
1577,2.4625000008882125e-05,5.2437000022109714e-05,3.44200000768069e-06,4.474000007803625e-06,4.796300001430609e-05,2.1350000167785765e-06,96,False
1578,2.197400002046379e-05,5.2379999999629945e-05,3.1809999825327395e-06,4.143999973393875e-06,4.823600002623607e-05,2.1680000088508677e-06,96,False
1579,4.466699999738921e-05,6.212200000277335e-05,4.700000005186666e-06,5.154999996648257e-06,5.696700000612509e-05,2.55300000162606e-06,96,False
1580,2.5035999982492285e-05,5.938099999980295e-05,4.298999982665919e-06,5.080000022417153e-06,5.43009999773858e-05,2.5230000062492763e-06,96,False
1581,2.4647000003596986e-05,5.997599998863734e-05,4.104999987930569e-06,5.227000002605564e-06,5.474899998603178e-05,2.563000009558891e-06,96,False
1582,2.4808999995684644e-05,5.881300000964984e-05,4.152000002477507e-06,5.057999999280582e-06,5.375500001036926e-05,2.3119999923437717e-06,96,False
1583,2.399100000616272e-05,7.781599998679667e-05,4.013999983953909e-06,4.9089999833995535e-06,7.290700000339712e-05,2.3839999983010784e-06,96,False
1584,2.4636000006239556e-05,5.4066999979340835e-05,3.5059999845543643e-06,4.692999993949343e-06,4.937399998539149e-05,2.2369999896909576e-06,96,False
1585,2.1765000013829194e-05,5.312299998649905e-05,3.294999999070569e-06,4.464999989295393e-06,4.865799999720366e-05,2.069999993636884e-06,96,False
1586,2.2720000004028407e-05,5.242299999963507e-05,3.1719999924462172e-06,4.469000003837209e-06,4.795399999579786e-05,2.0600000141257624e-06,96,False
1587,2.1721999985402363e-05,5.229699999631521e-05,3.1090000049971422e-06,4.51399998269153e-06,4.778300001362368e-05,2.0580000068548543e-06,96,False
1588,2.1500999991985736e-05,5.2014000004874106e-05,3.0380000168861443e-06,4.263999983322719e-06,4.7750000021551386e-05,2.109999996946499e-06,96,False
1589,2.2256000022480293e-05,5.1091000017322585e-05,3.1929999977364787e-06,4.2399999813369504e-06,4.6851000035985635e-05,2.0100000028833165e-06,96,False
1590,2.1476000000575368e-05,5.130499999950189e-05,3.1440000043403415e-06,3.9569999898958486e-06,4.734800000960604e-05,2.041000016106409e-06,96,False
1591,2.398000000880529e-05,5.174599999691054e-05,3.139000000373926e-06,4.085999989911215e-06,4.7660000006999326e-05,2.1230000015748374e-06,96,False
1592,2.2296000025789908e-05,5.1296999998839965e-05,3.56799998257884e-06,4.082999993215708e-06,4.721400000562426e-05,1.9979999876795773e-06,96,False
1593,2.227300001322874e-05,5.1444999996874685e-05,3.7629999951604987e-06,3.991999989239048e-06,4.745300000763564e-05,2.0269999936317618e-06,96,False
1594,3.0514999991737568e-05,5.687800000941934e-05,4.03499998924417e-06,5.635999997366525e-06,5.124200001205281e-05,2.411999986406954e-06,96,False
1595,2.2788999984868497e-05,5.219299998771021e-05,3.593999991835517e-06,4.474999997228224e-06,4.7717999990481985e-05,2.099999989013668e-06,96,False
1596,2.1557999986043797e-05,5.112100001269937e-05,3.6190000116675947e-06,4.058999991229939e-06,4.706200002146943e-05,2.166999991004559e-06,96,False
1597,2.129300000319745e-05,5.097299998624294e-05,1.2021000003414883e-05,4.119999999829815e-06,4.6852999986413124e-05,2.1939999896858353e-06,96,False
1598,2.2518999998055733e-05,5.036600001062652e-05,3.6839999779658683e-06,4.018999987920324e-06,4.63470000227062e-05,2.1170000081838225e-06,96,False
1599,2.155500001777e-05,5.1046999999471154e-05,3.7269999779709906e-06,3.998000011051772e-06,4.704899998841938e-05,1.9710000174200104e-06,96,False
1600,2.130299998270857e-05,5.031200001326397e-05,3.518999989182703e-06,4.111999999167892e-06,4.6200000014096076e-05,2.0059999883415003e-06,96,False
1601,2.1390999989989723e-05,5.087099998490885e-05,3.4200000129658292e-06,4.098999994539554e-06,4.6771999990369295e-05,2.1129999936420063e-06,96,False
1602,2.1379999992632293e-05,4.977699998676144e-05,3.0790000096203585e-06,3.947999999809326e-06,4.582899998695211e-05,1.9459999975879327e-06,96,False
1603,2.0681000023614615e-05,5.0442000002703935e-05,3.1140000089635578e-06,4.146000009086492e-06,4.629599999361744e-05,2.0589999962794536e-06,96,False
1604,2.115300000582465e-05,5.020000000399705e-05,8.579299998245915e-05,4.011000015680111e-06,4.618899998831694e-05,1.9290000068394875e-06,96,False
1605,4.0629000011449534e-05,5.7873999992352765e-05,3.696000021591317e-06,5.109999989372227e-06,5.276400000298054e-05,2.801999983148562e-06,96,False
1606,2.308000000539323e-05,5.271399999173809e-05,3.9360000130272965e-06,4.424999985985778e-06,4.8289000005752314e-05,2.1339999989322678e-06,96,False
1607,2.2037999997337465e-05,7.508600000960541e-05,5.7290000086140935e-06,4.374000013740442e-06,7.071199999586497e-05,2.172999984395574e-06,96,False
1608,3.298300001119969e-05,6.262200000151097e-05,4.230000001825829e-06,5.508000015197467e-06,5.71139999863135e-05,3.440000000409782e-06,96,False
1609,2.4502000002257773e-05,5.454999998733001e-05,4.0670000203135714e-06,4.724000007172435e-06,4.9825999980157576e-05,2.207999983738773e-06,96,False
1610,2.2573999984842885e-05,5.3234000006341375e-05,3.765999991856006e-06,4.352000019025581e-06,4.8881999987315794e-05,2.152999996951621e-06,96,False
1611,2.2540999992770594e-05,5.329399999709494e-05,3.646000010348871e-06,4.802999995945356e-06,4.849100000114959e-05,2.0159999962743314e-06,96,False
1612,2.2403999992093304e-05,5.269499999371874e-05,3.5979999779556238e-06,4.42200001771198e-06,4.827299997600676e-05,1.996999998254978e-06,96,False
1613,2.2607999994761485e-05,6.663099998149846e-05,5.746999988787138e-06,4.118999981983507e-06,6.251199999951496e-05,2.084999977114421e-06,96,False
1614,4.268600000045808e-05,6.382300000495889e-05,4.12599999322083e-06,5.734999973583399e-06,5.8088000031375486e-05,3.0040000069675443e-06,96,False
1615,2.4440999993657897e-05,5.4637999994611164e-05,3.5239999931491184e-06,4.832000001897541e-06,4.980599999271362e-05,2.21100000885599e-06,96,False
1616,2.3255999991533827e-05,5.370700000639772e-05,3.2169999997222476e-06,4.7910000091633265e-06,4.8915999997234394e-05,2.1090000075218995e-06,96,False
1617,2.2631999996747254e-05,5.2617999983795016e-05,3.187999993770063e-06,4.455000009784271e-06,4.8162999974010745e-05,2.1600000081889448e-06,96,False
1618,2.2172000001319248e-05,7.24420000040027e-05,3.8089999918611284e-06,6.296999998767205e-06,6.614500000523549e-05,2.5900000082401675e-06,96,False
1619,2.319599997235855e-05,5.596399998353263e-05,3.195999994431986e-06,4.415999995899256e-06,5.1547999987633375e-05,2.1679999804291583e-06,96,False
1620,2.2619000020540625e-05,5.293199998845921e-05,3.1419999970694334e-06,4.452000013088764e-06,4.847999997537045e-05,2.0159999962743314e-06,96,False
1621,2.220499999339154e-05,5.236500001615241e-05,3.2330000010460935e-06,4.482000008465548e-06,4.788300000768686e-05,2.1080000180973e-06,96,False
1622,2.2666999996090453e-05,5.2583000012873526e-05,3.1559999911223713e-06,4.366000013078519e-06,4.821699999979501e-05,2.0969999923181604e-06,96,False
1623,2.1772999986069408e-05,7.055300000047282e-05,3.6819999991166696e-06,4.3809999965560564e-06,6.617200000391676e-05,2.0680000147876854e-06,96,False
1624,2.543099998320031e-05,5.478100001710118e-05,3.836999979967004e-06,4.656999976759835e-06,5.012400004034134e-05,2.320000021427404e-06,96,False
1625,2.2207999990087046e-05,5.247800001484393e-05,3.690999989203192e-06,4.517999997233346e-06,4.796000001761058e-05,2.3190000035810954e-06,96,False
1626,2.165699999068238e-05,5.18700000213812e-05,3.6000000136482413e-06,4.4720000005327165e-06,4.7398000020848485e-05,2.0040000094923016e-06,96,False
1627,2.163199999927201e-05,5.130399998165558e-05,3.67000001233464e-06,4.394000001184395e-06,4.6909999980471184e-05,2.1550000042225292e-06,96,False
1628,2.187100000128339e-05,5.197499999098909e-05,3.2049999845185084e-06,4.416999985323855e-06,4.7558000005665235e-05,2.2570000055566197e-06,96,False
1629,2.1627000023727305e-05,5.1001000002770525e-05,3.5950000096818258e-06,4.17199998992146e-06,4.6829000012849065e-05,2.1470000035606063e-06,96,False
1630,2.1432000011145647e-05,5.086799998821334e-05,3.144999993764941e-06,4.110000020318694e-06,4.675799996789465e-05,1.9450000081633334e-06,96,False
1631,2.086899999653724e-05,5.0317000017230384e-05,3.0380000168861443e-06,4.090000004453032e-06,4.622700001277735e-05,2.0930000061980536e-06,96,False
1632,2.1049999986644252e-05,4.946499998936815e-05,2.99799998515482e-06,4.062000016347156e-06,4.5402999973020997e-05,1.929999996264087e-06,96,False
1633,2.1003000000519023e-05,5.38070000004609e-05,3.827000000455882e-06,4.05800000180534e-06,4.974899999865556e-05,2.197000014803052e-06,96,False
1634,2.166899997746441e-05,7.31460000054085e-05,4.192999995211721e-06,6.339999998772328e-06,6.680600000663617e-05,2.5379999897268135e-06,96,False
1635,2.329900001996066e-05,5.290999999374435e-05,3.672999980608438e-06,4.4800000011946395e-06,4.842999999254971e-05,2.1980000042276515e-06,96,False
1636,2.2004000015840575e-05,5.104999999616666e-05,3.6639999905219156e-06,4.3309999853136105e-06,4.671900001085305e-05,1.9780000002356246e-06,96,False
1637,2.396099998236423e-05,5.830000000628388e-05,3.739999982599329e-06,4.189999998516214e-06,5.411000000776767e-05,2.0509999956175307e-06,96,False
1638,2.2143999984791662e-05,5.250099999898339e-05,3.779999985908944e-06,4.339000014397243e-06,4.8161999984586146e-05,2.067999986365976e-06,96,False
1639,2.1800000013172394e-05,5.076700000472556e-05,3.7549999944985757e-06,4.20599999984006e-06,4.65610000048855e-05,1.996999998254978e-06,96,False
1640,2.115399999524925e-05,5.0349000019878076e-05,2.335599998559701e-05,4.16000000313943e-06,4.6189000016738646e-05,1.9640000061826868e-06,96,False
1641,2.4066000008815536e-05,5.0805000000764267e-05,3.737999975328421e-06,4.222999990588505e-06,4.658200001017576e-05,2.0530000028884388e-06,96,False
1642,2.1627000023727305e-05,5.024099999673126e-05,3.5829999944780866e-06,3.973000019641404e-06,4.626799997708986e-05,1.958000012791672e-06,96,False
1643,2.1938000003274283e-05,5.034600002318257e-05,3.375999995114398e-06,4.344999979366548e-06,4.600100004381602e-05,2.0280000114780705e-06,96,False
1644,2.1580999998604966e-05,6.756999999879554e-05,3.6920000070495007e-06,4.130999997187246e-06,6.343900000160829e-05,2.0770000048742077e-06,96,False
1645,2.626200000577228e-05,5.352200000174889e-05,3.4429999971052894e-06,4.693999983373942e-06,4.882800001837495e-05,2.4100000075577555e-06,96,False
1646,2.2451000006640243e-05,5.1228000017999875e-05,3.4930000083477353e-06,4.452000013088764e-06,4.677600000491111e-05,1.958000012791672e-06,96,False
1647,2.1239999995259495e-05,5.248500002608125e-05,3.6330000057205325e-06,4.486999984010254e-06,4.7998000042071e-05,2.007000006187809e-06,96,False
1648,2.1172000003844005e-05,5.045700001460318e-05,3.4470000116471056e-06,4.316000001836073e-06,4.614100001276711e-05,1.9439999903170246e-06,96,False
1649,2.1344999993289093e-05,4.973800000129813e-05,3.5179999997581035e-06,4.2659999905936274e-06,4.5472000010704505e-05,2.0540000207347475e-06,96,False
1650,2.10630000196943e-05,6.396299997390997e-05,3.975999987915202e-06,6.381000019928251e-06,5.758199995398172e-05,2.710999979171902e-06,96,False
1651,2.4515000006886112e-05,5.233100000623381e-05,3.571999997120656e-06,4.434999993918609e-06,4.78960000123152e-05,2.209000001585082e-06,96,False
1652,2.215699998942e-05,5.160000000614673e-05,3.6080000143101643e-06,4.415999995899256e-06,4.718400001024747e-05,2.1789999777865887e-06,96,False
1653,2.22240000198326e-05,5.0192000003335124e-05,3.5559999957968103e-06,4.334000010430827e-06,4.58579999929043e-05,2.104000003555484e-06,96,False
1654,2.1379999992632293e-05,5.035700002054e-05,1.6677000019171828e-05,4.028000006428556e-06,4.632900001411144e-05,2.2509999837438954e-06,96,False
1655,3.116599998520542e-05,5.3075000010949225e-05,3.886000001784851e-06,4.81000000718268e-06,4.8265000003766545e-05,2.3879999844211852e-06,96,False
1656,2.199699997618154e-05,4.962700000987752e-05,3.268000000389293e-06,4.133000004458154e-06,4.5494000005419366e-05,1.8780000061724422e-06,96,False
1657,2.1262000018396066e-05,4.926500000124179e-05,3.5239999931491184e-06,4.141999994544676e-06,4.512300000669711e-05,1.9730000246909185e-06,96,False
1658,2.063099998395046e-05,4.951200000391509e-05,3.502000026855967e-06,4.047999993872509e-06,4.546400001004258e-05,1.9530000088252564e-06,96,False
1659,2.1071000020356223e-05,4.9324000002570756e-05,3.4519999871918117e-06,4.196000020328938e-06,4.512799998224182e-05,1.9999999949504854e-06,96,False
1660,2.0634999998492276e-05,4.837099999122074e-05,3.4880000043813197e-06,4.036999996515078e-06,4.4333999994705664e-05,2.164999983733651e-06,96,False
1661,2.019599997993282e-05,4.838600000311999e-05,3.415999998424013e-06,3.921999990552649e-06,4.446400001256734e-05,2.0020000022213935e-06,96,False
1662,2.2296999986792798e-05,4.773300000238123e-05,3.6010000030728406e-06,3.878999990547527e-06,4.3854000011833705e-05,1.999000005525886e-06,96,False
1663,2.063200000179677e-05,4.877200001374149e-05,3.4130000017285056e-06,4.095000008419447e-06,4.467700000532204e-05,2.0220000180870557e-06,96,False
1664,2.052699997534546e-05,4.904600001509607e-05,3.462000023546352e-06,4.074999992553785e-06,4.4971000022542285e-05,1.9899999870176543e-06,96,False
1665,2.0876999997199164e-05,4.842999999254971e-05,3.5440000090147805e-06,3.8399999766625115e-06,4.45900000158872e-05,1.9679999923027935e-06,96,False
1666,3.742900000247573e-05,5.51089999873966e-05,3.765999991856006e-06,5.004999991342629e-06,5.010399999605397e-05,2.3780000049100636e-06,96,False
1667,2.2137999991400648e-05,7.541299999047624e-05,3.7480000116829615e-06,6.728000016664737e-06,6.86849999738115e-05,2.7760000023135945e-06,96,False
1668,2.3158999994166152e-05,5.312599998319456e-05,3.294999999070569e-06,4.2290000124012295e-06,4.889699997079333e-05,2.0889999916562374e-06,96,False
1669,2.0986999999195177e-05,5.031099999541766e-05,3.5809999872071785e-06,4.305999993903242e-06,4.600500000151442e-05,1.9539999982498557e-06,96,False
1670,4.306100001372215e-05,6.38679999838132e-05,5.222999988063748e-06,5.745999999362539e-06,5.812199998445067e-05,3.0879999997068808e-06,96,False
1671,2.459800001020085e-05,5.330700000172328e-05,3.377000012960707e-06,4.651000011790529e-06,4.865599998993275e-05,2.312999981768371e-06,96,False
1672,2.25099999795475e-05,5.136300001140626e-05,3.302000010307893e-06,4.335999989280026e-06,4.702700002212623e-05,2.265999995643142e-06,96,False
1673,2.1772000025066518e-05,5.0169000019195664e-05,3.126999985170187e-06,4.3180000091069815e-06,4.585100001008868e-05,2.0429999949556077e-06,96,False
1674,2.1284000013110926e-05,4.946900000390997e-05,3.0790000096203585e-06,4.186000012396107e-06,4.528299999151386e-05,2.02900000090267e-06,96,False
1675,2.1309999993945894e-05,4.974999998808016e-05,3.050000003668174e-06,4.204999981993751e-06,4.554500000608641e-05,1.9450000081633334e-06,96,False
1676,5.128800000875344e-05,6.09469999801604e-05,4.808999989336371e-06,5.670000007285125e-06,5.5276999972875274e-05,2.9779999977108673e-06,96,False
1677,2.367299998695671e-05,5.1103000004104615e-05,3.781999993179852e-06,4.4099999740865314e-06,4.6693000030018084e-05,1.910000008820134e-06,96,False
1678,2.1858999986079652e-05,4.968400000393558e-05,3.6750000163010554e-06,4.111999999167892e-06,4.557200000476769e-05,2.0749999976032996e-06,96,False
1679,2.9364999988956697e-05,4.940100001249448e-05,3.4210000023904286e-06,4.1769999938878755e-06,4.52240000186066e-05,1.974000014115518e-06,96,False
1680,2.1357999997917432e-05,4.91280000005645e-05,3.4290000030523515e-06,4.093999990573138e-06,4.503400000999136e-05,1.980999996931132e-06,96,False
1681,2.0746999979337488e-05,4.908200000386387e-05,3.5010000090096582e-06,4.236999984641443e-06,4.4845000019222425e-05,2.1660000015799596e-06,96,False
1682,2.0433000003095003e-05,4.809899999713707e-05,3.098999997064311e-06,3.916999986586234e-06,4.418200001055084e-05,2.0030000200677023e-06,96,False
1683,2.1146999984011927e-05,4.835199999320139e-05,3.3240000050227536e-06,4.032000020970372e-06,4.431999997223102e-05,2.0500000061929313e-06,96,False
1684,2.019800001562544e-05,4.742600000895436e-05,3.4359999858679657e-06,3.913000000466127e-06,4.3513000008488234e-05,1.9459999975879327e-06,96,False
1685,1.9962000010309566e-05,4.772500000171931e-05,3.240000012283417e-06,3.880999997818435e-06,4.3844000003900874e-05,1.912999977093932e-06,96,False
1686,1.989000000435226e-05,6.205900001532427e-05,3.950000007080234e-06,3.978999984610709e-06,5.808000003071356e-05,1.8910000108007807e-06,96,False
1687,2.7931000005310125e-05,5.182999998964988e-05,3.3729999984188908e-06,4.571999994595899e-06,4.725799999505398e-05,2.278000010846881e-06,96,False
1688,2.080199999454635e-05,4.927699998802382e-05,3.2309999937751854e-06,4.244999985303366e-06,4.503200000272045e-05,2.0249999863608537e-06,96,False
1689,2.0032000008995965e-05,4.822300002160773e-05,3.383000006351722e-06,4.1480000163574005e-06,4.407500000525033e-05,1.7840000055002747e-06,96,False
1690,2.3157999976319843e-05,4.887399998665387e-05,3.4779999964484887e-06,3.957000018317558e-06,4.491699996833631e-05,2.047000009497424e-06,96,False
1691,2.0019000004367626e-05,4.8745000015060214e-05,3.3729999984188908e-06,4.2470000209959835e-06,4.449799999406423e-05,2.0610000035503617e-06,96,False
1692,2.0206000016287362e-05,4.734600000233513e-05,3.219999996417755e-06,3.934000005756388e-06,4.341199999657874e-05,1.790999988315889e-06,96,False
1693,1.9530000002987435e-05,4.883100001507046e-05,3.3250000228690624e-06,3.993999996509956e-06,4.48370000185605e-05,1.913999994940241e-06,96,False
1694,2.000199998519747e-05,4.71560000221416e-05,3.3279999911428604e-06,3.877000011698328e-06,4.327900001044327e-05,1.7779999836875504e-06,96,False
1695,1.9964000017580474e-05,4.8163000002432454e-05,3.0120000076294673e-06,4.093000001148539e-06,4.4070000001283915e-05,1.9599999916408706e-06,96,False
1696,2.012900000636364e-05,4.812400001696915e-05,2.9820000122526835e-06,4.02399999188674e-06,4.410000002508241e-05,1.8599999975776882e-06,96,False
1697,2.0468999991862802e-05,4.8243999998476284e-05,3.1159999878127564e-06,3.965000018979481e-06,4.42789999794968e-05,1.982000014777441e-06,96,False
1698,2.01169999911599e-05,5.580100000202037e-05,3.5500000024057954e-06,5.476000012549775e-06,5.03249999894706e-05,2.3099999850728636e-06,96,False
1699,2.1457000002556015e-05,4.870100002563049e-05,3.0140000149003754e-06,4.243999995878767e-06,4.4457000029751725e-05,1.9930000121348712e-06,96,False
1700,2.03240000189453e-05,5.142800000612624e-05,3.0289999983779126e-06,4.13700001899997e-06,4.729099998712627e-05,1.9439999903170246e-06,96,False
1701,1.962900000762602e-05,4.7432999991769975e-05,3.1030000116061274e-06,4.015999991224817e-06,4.341700000054516e-05,1.80099999624872e-06,96,False
1702,1.9859999980553766e-05,4.7431999973923666e-05,2.9090000168707775e-06,4.177999983312475e-06,4.325399999061119e-05,1.8689999876642105e-06,96,False
1703,1.9757999979219676e-05,4.713000001288492e-05,2.910999995719976e-06,3.907000007075112e-06,4.322300000580981e-05,1.764999979059212e-06,96,False
1704,2.143800000453666e-05,4.78979999911644e-05,3.46499999182015e-06,3.988000003118941e-06,4.3909999988045456e-05,1.803000003519628e-06,96,False
1705,2.0131000013634548e-05,4.635699997379561e-05,4.185999983974398e-06,3.923999997823557e-06,4.243299997597205e-05,1.8380000028628274e-06,96,False
1706,1.9515999980512788e-05,4.6351999998250903e-05,3.4450000043761975e-06,3.7720000136687304e-06,4.257999998458217e-05,1.8549999936112727e-06,96,False
1707,1.9350999991729623e-05,4.659499998638239e-05,3.3749999772680894e-06,3.6479999891980697e-06,4.294699999718432e-05,1.792999995586797e-06,96,False
1708,1.9630999986475217e-05,4.66319999929965e-05,3.3860000030472293e-06,3.9909999998144485e-06,4.264099999318205e-05,1.792999995586797e-06,96,False
1709,1.906899998971312e-05,5.692999999951098e-05,3.901999974686987e-06,3.842000012355129e-06,5.3087999987155854e-05,1.8860000068343652e-06,96,False
1710,2.7488999990055163e-05,5.1025000004756293e-05,3.278000008322124e-06,4.539000002523608e-06,4.6486000002232686e-05,2.221999977791711e-06,96,False
1711,1.999399998453555e-05,4.812500000639375e-05,3.6559999898599926e-06,4.270000005135444e-06,4.3855000001258304e-05,1.8580000187284895e-06,96,False
1712,2.010500000437787e-05,4.7398999981851375e-05,2.050599999847691e-05,4.064999984620954e-06,4.333399999723042e-05,1.8810000028679497e-06,96,False
1713,2.2650999994766607e-05,4.8209999988557684e-05,3.437999993138874e-06,3.9260000050944655e-06,4.428399998346322e-05,2.0770000048742077e-06,96,False
1714,2.019699999777913e-05,4.7762000008333416e-05,3.2810000050176313e-06,4.121999978679014e-06,4.36400000296544e-05,1.8519999969157652e-06,96,False
1715,1.9999000016923674e-05,4.7421999994412545e-05,3.491000001076827e-06,4.0459999866016005e-06,4.3376000007810944e-05,1.9610000094871793e-06,96,False
1716,1.9690000016225895e-05,4.7148999982482565e-05,3.1569999805469706e-06,3.997999982630063e-06,4.31509999998525e-05,1.8700000055105193e-06,96,False
1717,1.9802999986495706e-05,4.608099999359183e-05,2.97500000101536e-06,3.803999987894713e-06,4.227700000569712e-05,1.8309999916255038e-06,96,False
1718,1.9420000000991422e-05,6.266099998697428e-05,3.773999992517929e-06,4.048000022294218e-06,5.861299996468006e-05,1.843000006829243e-06,96,False
1719,2.4918000008256058e-05,4.984299999932773e-05,3.0230000049868977e-06,4.3549999872993794e-06,4.548800001202835e-05,2.1299999843904516e-06,96,False
1720,2.0339000002422836e-05,4.7602999984519556e-05,0.00018407999999681124,3.868999982614696e-06,4.373400000190486e-05,1.8220000015389815e-06,96,False
1721,0.00017361599998366728,0.00012320499999418644,6.168999988176438e-06,8.952999991151955e-06,0.00011425200000303448,4.601000000548083e-06,96,False
1722,3.186600000049111e-05,6.371300000296287e-05,4.2919999998503044e-06,5.812000011928831e-06,5.790099999103404e-05,2.500999983112706e-06,96,False
1723,2.6543000018364182e-05,5.7566999998925894e-05,3.646000010348871e-06,4.899999993313031e-06,5.266700000561286e-05,2.1419999995941907e-06,96,False
1724,2.5027999981830362e-05,5.266200000164645e-05,3.437999993138874e-06,4.609999990634606e-06,4.805200001101184e-05,2.0989999995890685e-06,96,False
1725,2.163400000654292e-05,4.9690999986751194e-05,3.1219999812037713e-06,4.112999988592492e-06,4.55779999981587e-05,1.967000002878194e-06,96,False
1726,2.144100000123217e-05,4.879300001903175e-05,3.199999980552093e-06,3.9549999826249405e-06,4.483800003640681e-05,1.9699999995737016e-06,96,False
1727,2.0785000003797904e-05,4.813499998590487e-05,3.120999991779172e-06,4.0980000051149545e-06,4.4036999980789915e-05,1.932000003534995e-06,96,False
1728,2.0696000007092152e-05,4.7648999981220186e-05,2.9059999917535606e-06,3.949000017655635e-06,4.369999996356455e-05,1.9390000147723185e-06,96,False
1729,1.9826999988481475e-05,4.701500000692249e-05,3.019000018866791e-06,3.92100000112805e-06,4.309400000579444e-05,1.9189999989066564e-06,96,False
1730,1.999299999511095e-05,4.751700001293102e-05,3.0230000049868977e-06,3.968000015674988e-06,4.354899999725603e-05,1.8620000048485963e-06,96,False
1731,2.0005999999739288e-05,4.6772000018791005e-05,3.0310000056488207e-06,3.888000009055759e-06,4.2884000009735246e-05,1.8480000107956585e-06,96,False
1732,1.9917999992458135e-05,4.792000001430097e-05,2.8930000155469315e-06,3.678000012996563e-06,4.4242000001304405e-05,1.7000000127609383e-06,96,False
1733,2.220400000396694e-05,4.691099999831749e-05,2.983000001677283e-06,3.848000005746144e-06,4.306299999257135e-05,1.8020000140950287e-06,96,False
1734,1.9495000003644236e-05,4.634500001543529e-05,3.7389999931747298e-06,3.8710000183073134e-06,4.2473999997127976e-05,1.83500000616732e-06,96,False
1735,1.9960999992463258e-05,4.6690999994325466e-05,3.9569999898958486e-06,3.7740000209396385e-06,4.291699997338583e-05,1.916000002211149e-06,96,False
1736,1.9768000015574216e-05,0.00019747300001426993,8.869999987837218e-06,6.698199999277676e-05,0.00013049100002149316,1.190000000406144e-05,96,False
1737,4.441499999074949e-05,7.232699999804026e-05,5.1830000131758425e-06,6.807999994862257e-06,6.551900000317801e-05,2.660000006926566e-06,96,False
1738,3.068399999506255e-05,6.148399998551213e-05,4.84400001710128e-06,5.25400000128684e-06,5.622999998422529e-05,2.5459999903887365e-06,96,False
1739,2.6497999982666443e-05,5.782200000226112e-05,4.588000024341454e-06,4.950999993980076e-06,5.2871000008281044e-05,2.267000013489451e-06,96,False
1740,2.472099998840349e-05,5.4887999993979975e-05,4.598000003852576e-06,4.755000020395528e-06,5.013299997358445e-05,2.0489999883466226e-06,96,False
1741,2.411799999890718e-05,5.4615000010471704e-05,4.064999984620954e-06,4.6030000078189914e-06,5.001200000265271e-05,2.059999985704053e-06,96,False
1742,2.3158000004741552e-05,5.079799998952694e-05,3.913999989890726e-06,4.333000021006228e-06,4.6464999968520715e-05,1.9640000061826868e-06,96,False
1743,2.048000001764194e-05,4.8765000002504166e-05,3.456999991158227e-06,4.220999983317597e-06,4.454400001918657e-05,1.958000012791672e-06,96,False
1744,2.0702999989907767e-05,4.8483000000487664e-05,3.4450000043761975e-06,4.219000004468398e-06,4.4263999996019265e-05,1.881999992292549e-06,96,False
1745,2.0955999985972085e-05,4.7593000005008435e-05,3.7080000083733466e-06,3.923999997823557e-06,4.366900000718488e-05,1.8260000160807976e-06,96,False
1746,2.0295000012993114e-05,5.930500000772554e-05,7.925000005570837e-06,4.0959999978440464e-06,5.520900000988149e-05,1.7680000041764288e-06,96,False
1747,5.2242000009528056e-05,4.833799999914845e-05,3.3500000142794306e-06,4.111999999167892e-06,4.422599999998056e-05,1.8570000008821808e-06,96,False
1748,2.01869999898463e-05,4.89520000144239e-05,3.6379999812652386e-06,4.119999999829815e-06,4.483200001459409e-05,1.9930000121348712e-06,96,False
1749,2.0466999984591894e-05,4.8264000014341946e-05,3.2040000235156185e-06,4.24000000975866e-06,4.4024000004583286e-05,1.879999985021641e-06,96,False
1750,1.975400002152128e-05,4.801100001827763e-05,3.6659999977928237e-06,4.076999999824693e-06,4.3934000018452934e-05,1.8310000200472132e-06,96,False
1751,2.0373000012341436e-05,4.810399997268178e-05,3.434000007018767e-06,3.991999989239048e-06,4.411199998344273e-05,1.8180000154188747e-06,96,False
1752,2.315099999350423e-05,6.813400000282854e-05,3.900999985262388e-06,4.164000017681246e-06,6.39699999851473e-05,1.9490000227051496e-06,96,False
1753,2.5024999985134855e-05,5.1888000001554246e-05,3.4539999944627198e-06,4.587999995919745e-06,4.73000000056345e-05,2.3979999923540163e-06,96,False
1754,2.0852999995213395e-05,4.781700002354228e-05,3.2330000010460935e-06,4.159000013714831e-06,4.365800000982745e-05,1.7969999817069038e-06,96,False
1755,2.0069000015610072e-05,4.7068000014860445e-05,3.233999990470693e-06,3.877000011698328e-06,4.319100000316212e-05,1.7449999916152592e-06,96,False
1756,2.0621999993863938e-05,8.004899999036752e-05,4.65099998336882e-06,9.016999996447339e-06,7.103199999392018e-05,3.3970000004046597e-06,96,False
1757,2.6609000002508765e-05,5.2449000008891744e-05,3.4290000030523515e-06,4.841000020405772e-06,4.760799998848597e-05,2.257999994981219e-06,96,False
1758,2.1956000011869037e-05,4.978300000857416e-05,3.888999998480358e-06,4.29700000381672e-06,4.548600000475744e-05,1.991000004863963e-06,96,False
1759,2.1559999993314705e-05,4.8708999997870706e-05,3.848000005746144e-06,4.068000009738171e-06,4.4640999988132535e-05,2.004999998916901e-06,96,False
1760,2.1455999984709706e-05,6.708899999807727e-05,4.9739999781195365e-06,7.073999995554914e-06,6.0015000002522356e-05,3.0540000182099902e-06,96,False
1761,2.8066999988141106e-05,5.155299999159979e-05,3.96699999782868e-06,4.483999987314746e-06,4.7069000004285044e-05,2.1900000035657285e-06,96,False
1762,2.2277999988773445e-05,7.002600000305392e-05,3.956000000471249e-06,1.2569000006124043e-05,5.745699999692988e-05,3.3540000003995374e-06,96,False
1763,2.3044999977628322e-05,5.101799999351897e-05,3.802000009045514e-06,4.622000005838345e-06,4.6395999987680625e-05,2.136000006203176e-06,96,False
1764,2.1344999993289093e-05,5.237199999896802e-05,3.7599999984649912e-06,4.299999972090518e-06,4.8072000026877504e-05,2.031000008173578e-06,96,False
1765,2.1273000015753496e-05,4.9041000011129654e-05,3.7389999931747298e-06,4.09199998330223e-06,4.4949000027827424e-05,1.9610000094871793e-06,96,False
1766,2.1677000006548042e-05,5.0109999989444987e-05,3.397999989829259e-06,4.424000024982888e-06,4.56859999644621e-05,1.9029999975828105e-06,96,False
1767,2.0338999974001126e-05,4.739600001357758e-05,3.251999999065447e-06,3.6779999845748534e-06,4.3718000029002724e-05,1.9880000081684557e-06,96,False
1768,2.0057999989830932e-05,4.805500000770735e-05,3.431999999747859e-06,3.915000007737035e-06,4.4139999999970314e-05,1.7269999830205052e-06,96,False
1769,2.0831000000498534e-05,4.8004000007040304e-05,3.486999986535011e-06,4.139999987273768e-06,4.3864000019766536e-05,1.8670000088150118e-06,96,False
1770,2.035899998986679e-05,4.7693999988496216e-05,3.3459999997376144e-06,4.116000013709709e-06,4.357799997478651e-05,1.9189999989066564e-06,96,False
1771,2.076699999520315e-05,5.065199999876313e-05,3.492000018923136e-06,4.258999979356304e-06,4.639300001940683e-05,1.9790000180819334e-06,96,False
1772,2.104099999655773e-05,4.985499998610976e-05,3.359000004365953e-06,4.20599999984006e-06,4.56489999862697e-05,1.9199999883312557e-06,96,False
1773,2.0955999985972085e-05,4.9873999984129114e-05,3.19100001888728e-06,4.141999994544676e-06,4.573199998958444e-05,1.9640000061826868e-06,96,False
1774,3.941199997825606e-05,5.623799998488721e-05,3.7000000077114237e-06,5.319999985431423e-06,5.091799999945579e-05,2.3300000009385258e-06,96,False
1775,2.4784000004274276e-05,5.22939999996197e-05,3.6000000136482413e-06,4.561999986663068e-06,4.773200001295663e-05,2.011999981732515e-06,96,False
1776,2.1220999997240142e-05,5.146399999489404e-05,3.5740000043915643e-06,4.366000013078519e-06,4.709799998181552e-05,2.0520000134638394e-06,96,False
1777,2.1353999983375616e-05,5.0315999999384076e-05,3.509000009671581e-06,4.299000011087628e-06,4.601699998829645e-05,1.9959999804086692e-06,96,False
1778,2.1408000009159878e-05,4.888800000912852e-05,3.335000002380184e-06,4.005999983291986e-06,4.488200002583653e-05,1.913999994940241e-06,96,False
1779,2.111999998533065e-05,4.907199999593104e-05,3.3150000149362313e-06,3.8630000176453905e-06,4.520899997828565e-05,1.922999985026763e-06,96,False
1780,2.0589999991216246e-05,4.925400000388436e-05,3.1319999891366024e-06,3.894000002446774e-06,4.5360000001437584e-05,2.0780000227205164e-06,96,False
1781,2.1067999995239006e-05,4.968399997551387e-05,3.0710000089584355e-06,4.101000001810462e-06,4.558299997370341e-05,2.004999998916901e-06,96,False
1782,2.0930999994561716e-05,4.977400001848764e-05,3.12299999905008e-06,4.107999984626076e-06,4.5666000033861565e-05,1.956000005520764e-06,96,False
1783,2.1287000009806434e-05,5.0375000000713044e-05,3.1980000017028942e-06,4.157999995868522e-06,4.621700000484452e-05,1.921999995602164e-06,96,False
1784,2.163400000654292e-05,4.994500000066182e-05,3.0739999772322335e-06,4.139999987273768e-06,4.580500001338805e-05,2.000000023372195e-06,96,False
1785,2.1459000009826923e-05,5.0737999998773375e-05,2.9939999990347133e-06,4.404000009117226e-06,4.633399998965615e-05,2.041999977109299e-06,96,False
1786,2.1139000011771714e-05,5.096200001730722e-05,2.9390999998213374e-05,4.4720000005327165e-06,4.64900000167745e-05,2.049999977771222e-06,96,False
1787,2.4064000001544628e-05,5.153800000812225e-05,3.4410000182560907e-06,4.271000022981752e-06,4.72669999851405e-05,2.0530000028884388e-06,96,False
1788,2.1449000001894092e-05,7.380900001408008e-05,4.840999991984063e-06,4.528999994590777e-06,6.928000001948931e-05,1.96000002006258e-06,96,False
1789,3.019400000425776e-05,6.1790999978939e-05,4.051999979992615e-06,5.465000015192345e-06,5.6325999963746654e-05,2.7680000016516715e-06,96,False
1790,2.422200000751218e-05,5.357199998456963e-05,3.2789999977467232e-06,4.76400001048205e-06,4.880799997408758e-05,2.1090000075218995e-06,96,False
1791,2.253299999210867e-05,5.20469999969464e-05,3.2490000023699395e-06,4.512999993266931e-06,4.7534000003679466e-05,2.0600000141257624e-06,96,False
1792,2.1898999989389267e-05,5.0554000011970857e-05,3.0530000003636815e-06,4.267000008439936e-06,4.628700000353092e-05,1.9039999870074098e-06,96,False
1793,2.1362000012459248e-05,5.051999997363055e-05,3.060000011601005e-06,4.21699999719749e-06,4.630299997643306e-05,1.8869999962589645e-06,96,False
1794,2.1465000003217938e-05,8.080200001359117e-05,1.0040000006483751e-05,4.1689999932259525e-06,7.663300002036522e-05,2.488000006906077e-06,96,False
1795,8.328399999868452e-05,6.633899999997084e-05,4.210000014381876e-06,5.575999978191248e-06,6.076300002177959e-05,3.092000014248697e-06,96,False
1796,2.4444000018775114e-05,5.469900000321104e-05,3.4819999825685954e-06,4.563000004509377e-06,5.0135999998701664e-05,2.354999992348894e-06,96,False
1797,2.3063000014644786e-05,5.286699999373923e-05,3.3849999852009205e-06,4.3729999958941335e-06,4.8493999997845094e-05,2.053999992313038e-06,96,False
1798,2.2252999997363077e-05,5.2643000003627094e-05,3.3620000010614604e-06,4.227999994554921e-06,4.841500000907217e-05,2.118999987033021e-06,96,False
1799,2.276199998618722e-05,5.254500001683482e-05,4.151999974055798e-06,4.311000026291367e-06,4.823399999054345e-05,1.9659999850318854e-06,96,False
1800,3.054300000826515e-05,5.310599999575061e-05,4.040999982635185e-06,4.144000001815584e-06,4.8961999993935024e-05,2.3099999850728636e-06,96,False
1801,2.2309000001996537e-05,5.1753999997572464e-05,3.803999987894713e-06,4.128000000491738e-06,4.7625999997080726e-05,2.0139999890034233e-06,96,False
1802,2.296700000670171e-05,5.107800001269425e-05,3.7039999938315304e-06,4.171000000496861e-06,4.6907000012197386e-05,1.929999996264087e-06,96,False
1803,2.2279000006619754e-05,5.676499998230611e-05,3.941000016993712e-06,4.313999994565165e-06,5.245099998774094e-05,2.2209999883671117e-06,96,False
1804,2.26829999974143e-05,5.224000000225715e-05,3.835999990542405e-06,3.95500001104665e-06,4.82849999912105e-05,2.0969999923181604e-06,96,False
1805,2.2325999992744983e-05,5.132799998364135e-05,3.6830000169629784e-06,3.945000003113819e-06,4.738299998052753e-05,2.0409999876846996e-06,96,False
1806,2.2303999998030122e-05,5.223599998771533e-05,3.7189999773090676e-06,4.130000007762646e-06,4.8105999979952685e-05,2.0440000128019165e-06,96,False
1807,2.184999999599313e-05,5.1923000000897446e-05,3.6899999997785926e-06,4.189999998516214e-06,4.773300000238123e-05,2.0850000055361306e-06,96,False
1808,2.2154999982149093e-05,5.196799997975177e-05,3.7039999938315304e-06,4.2659999905936274e-06,4.770199998915814e-05,2.0520000134638394e-06,96,False
1809,2.2414000000026135e-05,5.168900000285248e-05,3.7469999938366527e-06,4.165999996530445e-06,4.7523000006322036e-05,2.0889999916562374e-06,96,False
1810,2.1949000000631713e-05,5.245200000558725e-05,3.7570000017694838e-06,4.49099999855207e-06,4.796100000703518e-05,2.0580000068548543e-06,96,False
1811,2.1760999999287378e-05,5.099599999880411e-05,3.7620000057358993e-06,4.006000011713695e-06,4.6989999987090414e-05,2.132999981085959e-06,96,False
1812,2.14869999979328e-05,5.202099998768972e-05,3.7540000050739764e-06,4.343999989941949e-06,4.767699999774777e-05,2.0079999956124084e-06,96,False
1813,2.2242999989430245e-05,5.242000000293956e-05,3.4530000050381204e-06,4.156999978022213e-06,4.8263000024917346e-05,2.2320000141462515e-06,96,False
1814,2.17689999999493e-05,5.2389000018138177e-05,3.687000003083085e-06,4.248999999845182e-06,4.8140000018292994e-05,2.0600000141257624e-06,96,False
1815,3.964500001529814e-05,6.43920000129583e-05,4.510999985996023e-06,5.774000015890124e-06,5.861799999706818e-05,2.8629999917484383e-06,96,False
1816,2.5946999983261776e-05,6.029900001180977e-05,4.3020000077831355e-06,4.826999997931125e-06,5.547200001387864e-05,2.4409999923591386e-06,96,False
1817,2.520199998912176e-05,6.212900001401067e-05,3.6789999739994528e-06,5.393999998659638e-06,5.6735000015351034e-05,2.4369999778173224e-06,96,False
1818,2.227299998480703e-05,5.177200000616722e-05,3.950999996504834e-06,4.29700000381672e-06,4.74750000023505e-05,2.1210000227256387e-06,96,False
1819,2.2433999987470088e-05,5.175100000087696e-05,3.833000022268607e-06,3.907000007075112e-06,4.7843999993801845e-05,2.077999994298807e-06,96,False
1820,2.1556000007194598e-05,5.203399999231806e-05,3.907999996499711e-06,4.049000011718817e-06,4.798499998059924e-05,2.0500000061929313e-06,96,False
1821,2.4031000009472336e-05,5.3382000004376096e-05,3.821999996489467e-06,4.515000000537839e-06,4.886700000383826e-05,2.1260000266920542e-06,96,False
1822,2.336599999352984e-05,5.392400001369424e-05,3.842000012355129e-06,4.370999988623225e-06,4.9553000025071015e-05,2.08599999496073e-06,96,False
1823,2.3210999984257796e-05,5.3634000011015814e-05,3.8919999951758655e-06,4.434999993918609e-06,4.9199000017097205e-05,2.109999996946499e-06,96,False
1824,2.2834999981569126e-05,5.352799999513991e-05,3.87500000442742e-06,4.152000002477507e-06,4.93759999926624e-05,2.1299999843904516e-06,96,False
1825,2.251199998681841e-05,5.3426999983230417e-05,3.8069999845902203e-06,4.489000019702871e-06,4.8937999963527545e-05,2.150999989680713e-06,96,False
1826,2.2878999999420557e-05,5.4830000010497315e-05,3.7520000262247777e-06,4.463000010446194e-06,5.036700000005112e-05,2.0920000167734543e-06,96,False
1827,2.2326999982169582e-05,5.3110999999717023e-05,3.810000009707437e-06,4.2659999905936274e-06,4.8845000009123396e-05,2.0500000061929313e-06,96,False
1828,2.4902000006932212e-05,5.389300000047115e-05,3.6710000017592392e-06,4.493000005822978e-06,4.939999999464817e-05,1.956999994945363e-06,96,False
1829,2.2770000015270853e-05,5.3723999997146166e-05,4.0799999965202005e-06,4.523999990624361e-06,4.9200000006521805e-05,2.015000006849732e-06,96,False
1830,2.247599999805061e-05,5.3438000009009556e-05,3.595999999106425e-06,4.449000016393256e-06,4.89889999926163e-05,2.089000020077947e-06,96,False
1831,2.3019999986217954e-05,5.4659999989326025e-05,3.745999975990344e-06,4.5140000111132395e-06,5.0145999978212785e-05,2.158999990342636e-06,96,False
1832,2.4707999983775153e-05,5.399299999453433e-05,3.8999999958377884e-06,4.416999985323855e-06,4.9576000009210475e-05,2.160999997613544e-06,96,False
1833,2.228400001058617e-05,5.296500000895321e-05,3.7549999944985757e-06,4.367000002503119e-06,4.859800000645009e-05,2.0709999830614834e-06,96,False
1834,4.0173000002141634e-05,6.04530000032355e-05,3.9100000037706195e-06,5.2139999979772256e-06,5.5239000005258276e-05,2.5660000062543986e-06,96,False
1835,2.4772000017492246e-05,6.357899999898109e-05,3.861999999799082e-06,6.1920000007376075e-06,5.738699999824348e-05,2.6859999877615337e-06,96,False
1836,2.5193999988459836e-05,5.765999998175175e-05,3.507000002400673e-06,4.982000007203169e-06,5.2677999974548584e-05,2.399000010200325e-06,96,False
1837,2.34569999975065e-05,5.6686999982957786e-05,3.3709999911479827e-06,4.861999997274324e-06,5.182499998568346e-05,2.134999988356867e-06,96,False
1838,2.484600000229875e-05,5.621899998686786e-05,4.133000004458154e-06,4.6050000150898995e-06,5.161399997177796e-05,2.26800000291405e-06,96,False
1839,2.3846999994248108e-05,5.47569999866937e-05,4.055000005109832e-06,4.517999997233346e-06,5.0238999989460353e-05,2.239999986386465e-06,96,False
1840,2.3470999991559438e-05,6.306000000222411e-05,3.907999996499711e-06,4.738000001225373e-06,5.832200000099874e-05,2.263999988372234e-06,96,False
1841,2.3804000022664695e-05,5.4683000001887194e-05,3.5559999957968103e-06,4.473999979381915e-06,5.020900002250528e-05,2.2260000207552366e-06,96,False
1842,2.3231999989548058e-05,5.432099999325146e-05,3.4179999772732117e-06,4.6030000078189914e-06,4.971799998543247e-05,2.124999980424036e-06,96,False
1843,2.2640999986833776e-05,5.402799999387753e-05,3.86400000706999e-06,4.381999985980656e-06,4.964600000789687e-05,2.2859999830870947e-06,96,False
1844,2.2676000014598685e-05,5.555699999604258e-05,3.878999990547527e-06,4.692999993949343e-06,5.0864000002093235e-05,2.3940000062339095e-06,96,False
1845,2.3963999979059736e-05,5.5570000000670916e-05,3.869000011036405e-06,4.8199999866938015e-06,5.0750000013977115e-05,2.1430000174404995e-06,96,False
1846,2.5992999979962406e-05,5.5561000010584394e-05,3.5639999964587332e-06,4.738000001225373e-06,5.082300000935902e-05,2.089000020077947e-06,96,False
1847,2.2755000003371606e-05,5.5559000003313486e-05,3.5300000149618427e-06,4.737000011800774e-06,5.082199999151271e-05,1.956999994945363e-06,96,False
1848,2.3601999998845713e-05,5.5297999978165535e-05,3.8370000083887135e-06,4.743999994616388e-06,5.055399998354915e-05,2.110999986371098e-06,96,False
1849,2.3050999999441046e-05,5.573599997887868e-05,3.843000001779728e-06,4.822000022386419e-06,5.091399995649226e-05,2.0500000061929313e-06,96,False
1850,2.3885999979711414e-05,5.519000001186214e-05,3.805999995165621e-06,4.469999993261808e-06,5.072000001860033e-05,2.083999987689822e-06,96,False
1851,2.3429999998825224e-05,5.527700000129698e-05,4.0590000196516485e-06,4.5349999879817915e-06,5.074200001331519e-05,2.2309999962999427e-06,96,False
1852,2.3573999982318128e-05,5.547200001387864e-05,3.918999993857142e-06,4.6940000117956515e-06,5.077800000208299e-05,2.1260000266920542e-06,96,False
1853,2.3677000001498527e-05,5.548299998281436e-05,3.959000025588466e-06,4.69600001906656e-06,5.07869999637478e-05,2.163000004884452e-06,96,False
1854,2.3224999978310734e-05,5.541699999866978e-05,3.817999981947651e-06,4.6339999926203745e-06,5.0783000006049406e-05,1.984000022048349e-06,96,False
1855,2.3077000008697723e-05,6.794600000148421e-05,3.7970000050790986e-06,6.372999990844619e-06,6.157300001063959e-05,2.714000004289119e-06,96,False
1856,2.5716999999758627e-05,5.743799999891053e-05,3.54499999843938e-06,5.017000006546368e-06,5.242099999236416e-05,2.2469999976237887e-06,96,False
1857,2.384600000482351e-05,5.69000000041342e-05,3.732999999783715e-06,4.6760000032008975e-06,5.22240000009333e-05,2.2369999896909576e-06,96,False
1858,2.4737999979151937e-05,5.600099999014674e-05,3.347000017583923e-06,4.865999983394431e-06,5.113500000675231e-05,2.1479999929852056e-06,96,False
1859,2.3374999983616362e-05,5.698100000017803e-05,2.2513000004664718e-05,5.409000010558884e-06,5.1571999989619144e-05,2.163000004884452e-06,96,False
1860,3.0987000002369314e-05,5.8305000010250296e-05,4.1950000024826295e-06,4.960000012488308e-06,5.334499999776199e-05,2.4609999798030913e-06,96,False
1861,2.4556999989044925e-05,5.6677000003446665e-05,4.119000010405216e-06,4.744999984040987e-06,5.193200001940568e-05,2.2810000075423886e-06,96,False
1862,2.42669999863665e-05,5.625299999678646e-05,4.117999992558907e-06,4.842000009830372e-06,5.1410999986956085e-05,2.1910000214120373e-06,96,False
1863,2.3819999995566832e-05,5.6243000017275335e-05,3.5820000050534873e-06,4.735999993954465e-06,5.150700002332087e-05,2.2140000055514975e-06,96,False
1864,2.337800000873358e-05,5.516500002045177e-05,3.3469999891622138e-06,4.677999982050096e-06,5.0487000038401675e-05,2.2629999989476346e-06,96,False
1865,2.341000001138127e-05,5.429299997672388e-05,3.4070000083374907e-06,4.385000011097873e-06,4.9907999965626004e-05,2.144999996289698e-06,96,False
1866,2.2999999998774e-05,5.487100000323153e-05,3.383000006351722e-06,4.6760000032008975e-06,5.019500000003063e-05,2.0600000141257624e-06,96,False
1867,2.405900002599992e-05,5.6709999995518956e-05,4.358000012416596e-06,4.885999999260093e-06,5.182399999625886e-05,2.1350000167785765e-06,96,False
1868,2.4795000001631706e-05,5.5282999994688e-05,4.20599999984006e-06,4.573000012442208e-06,5.070999998224579e-05,2.171000005546375e-06,96,False
1869,2.3414999986925977e-05,5.681999999751497e-05,4.168000003801353e-06,4.779999983384187e-06,5.204000001413078e-05,2.2720000174558663e-06,96,False
1870,2.338999999551561e-05,5.6427000004077854e-05,3.876000022273729e-06,4.717999985359711e-06,5.170900001871814e-05,2.0969999923181604e-06,96,False
1871,2.3623999993560574e-05,5.5843999973603786e-05,4.090000004453032e-06,4.732000007834358e-06,5.111199996576943e-05,1.9940000015594705e-06,96,False
1872,2.3368000000800748e-05,6.759200002193211e-05,4.676999992625497e-06,6.672000012031276e-06,6.092000000990083e-05,2.762999997685256e-06,96,False
1873,2.6240000011057418e-05,5.849500001886554e-05,4.149000005782e-06,4.907000004550355e-06,5.3588000014315185e-05,2.37099999367274e-06,96,False
1874,2.6743000006490547e-05,5.770699999629869e-05,4.076000010400094e-06,4.967000023725632e-06,5.273999997257306e-05,2.322000000276603e-06,96,False
1875,2.4741000004269154e-05,5.845900000167603e-05,4.637999978740481e-06,4.869000008511648e-06,5.358999999316438e-05,2.3479999811115704e-06,96,False
1876,2.4788000018816092e-05,5.7998000016823426e-05,3.824999993184974e-06,4.681999996591912e-06,5.331600002023151e-05,2.7439999996659026e-06,96,False
1877,2.51780000155577e-05,5.728299998963848e-05,3.480999993143996e-06,4.950999993980076e-06,5.233199999565841e-05,2.2469999976237887e-06,96,False
1878,2.4168999999574226e-05,5.819600002610059e-05,3.5569999852214096e-06,5.168999990701195e-06,5.3027000035399396e-05,2.508999983774629e-06,96,False
1879,2.4201000002221917e-05,6.47420000063903e-05,3.765999991856006e-06,4.617999991296529e-06,6.012400001509377e-05,2.340999998295956e-06,96,False
1880,2.4512999999615204e-05,5.775600001811654e-05,4.350000011754673e-06,4.831000012472941e-06,5.2925000005643597e-05,2.3619999751645082e-06,96,False
1881,2.4491999994324942e-05,5.656799999087525e-05,4.055000005109832e-06,4.814999982727386e-06,5.1753000008147865e-05,2.243000011503682e-06,96,False
1882,2.4238000008836025e-05,5.718700001011712e-05,3.922999979977249e-06,4.986000021744985e-06,5.220099998837213e-05,2.1750000200881914e-06,96,False
1883,2.4502999991682373e-05,5.7327999996914514e-05,3.9020000031086965e-06,4.6230000236846536e-06,5.270499997322986e-05,2.297999998290834e-06,96,False
1884,2.428799999165676e-05,5.726000000549902e-05,3.6510000143152865e-06,4.452999974091654e-06,5.280700003140737e-05,2.3559999817734933e-06,96,False
1885,2.3772000020017003e-05,5.6220000004714166e-05,3.4779999964484887e-06,4.7229999893261265e-06,5.149700001538804e-05,2.255999987710311e-06,96,False
1886,2.352399999949739e-05,6.869500001016604e-05,4.426000003832087e-06,6.6289999836044444e-06,6.20660000265616e-05,2.896000012242439e-06,96,False
1887,2.6601000001846842e-05,5.895099999975173e-05,3.6750000163010554e-06,5.047999991347751e-06,5.390300000840398e-05,2.3460000022623717e-06,96,False
1888,2.465400001483431e-05,6.473599998457757e-05,4.515999989962438e-06,4.861999997274324e-06,5.987399998730325e-05,2.163000004884452e-06,96,False
1889,2.6036999997813837e-05,5.999000001111199e-05,4.133999993882753e-06,5.131999984087088e-06,5.48580000270249e-05,2.6400000194826134e-06,96,False
1890,2.4091999989650503e-05,7.344000002262874e-05,4.761000013786543e-06,4.7779999761132785e-06,6.866200004651546e-05,2.3099999850728636e-06,96,False
1891,3.165300000773641e-05,6.272999999623607e-05,4.2599999972026126e-06,5.485000002636298e-06,5.724499999359978e-05,2.6620000141974742e-06,96,False
1892,2.8606999990188342e-05,6.227299999750358e-05,4.066000002467263e-06,5.294999994021055e-06,5.697800000348252e-05,2.421999994339785e-06,96,False
1893,2.6391999995212245e-05,6.22450000093977e-05,4.63899999658679e-06,5.286999993359132e-06,5.695800001603857e-05,2.4729999950068304e-06,96,False
1894,2.5775000011662996e-05,8.497900000747904e-05,4.939999996622646e-06,5.2769999854263006e-06,7.970200002205274e-05,2.433000020118925e-06,96,False
1895,3.3072999997330044e-05,6.479300000705734e-05,4.3020000077831355e-06,5.61900000661808e-06,5.9174000000439264e-05,2.8469999904245924e-06,96,False
1896,2.6505999983328365e-05,6.117699999208526e-05,4.543999978068314e-06,5.242000014504811e-06,5.5934999977580446e-05,2.2490000048946968e-06,96,False
1897,2.6081000015665268e-05,9.82190000229366e-05,6.522999996150247e-06,5.1590000111900736e-06,9.306000001174652e-05,4.948000025706278e-06,96,False
1898,3.503700000351273e-05,6.820300001209034e-05,4.977999992661353e-06,6.26899998223962e-06,6.193400002985072e-05,2.902999995058053e-06,96,False
1899,5.9937000003174035e-05,7.924999999886495e-05,5.406999974866267e-06,8.202999993045523e-06,7.104700000581943e-05,3.743000007716546e-06,96,False
1900,3.077799999573472e-05,6.582899999330039e-05,4.338000024972644e-06,5.958999992117242e-06,5.9870000001183143e-05,2.483999992364261e-06,96,False
1901,2.7076000009174095e-05,6.208799999285475e-05,3.993000007085357e-06,5.194999999957872e-06,5.6892999992896875e-05,2.4619999976494e-06,96,False
1902,2.680899999063513e-05,6.066099999202379e-05,3.9260000050944655e-06,5.044999994652244e-06,5.5615999997371546e-05,2.5660000062543986e-06,96,False
1903,2.9112999982316978e-05,6.150200002252859e-05,4.154999999173015e-06,5.251000004591333e-06,5.625100001793726e-05,2.469999998311323e-06,96,False
1904,2.597700000706027e-05,6.035499998802152e-05,3.860999981952773e-06,4.893000010497417e-06,5.54619999775241e-05,2.5150000055873534e-06,96,False
1905,2.572500000042055e-05,6.012299999724746e-05,3.822999985914066e-06,4.728999982717141e-06,5.539400001453032e-05,2.4789999883978453e-06,96,False
1906,2.5934999996479746e-05,5.9445000005098336e-05,4.974000006541246e-06,4.69599999064485e-06,5.4749000014453486e-05,2.318000014156496e-06,96,False
1907,2.5709999988521304e-05,9.082399998305846e-05,5.01499999927546e-06,7.675000006202026e-06,8.314899997685643e-05,3.10099997591351e-06,96,False
1908,2.760499998544219e-05,6.120200001191733e-05,4.615000023022731e-06,5.025000007208291e-06,5.6177000004709043e-05,2.4420000102054473e-06,96,False
1909,2.5379999982533263e-05,0.00016635500000461434,7.3629999803870305e-06,6.655900000396286e-05,9.979600000065147e-05,4.975000024387555e-06,96,False
1910,4.235299999777453e-05,9.065300000088428e-05,4.705999998577681e-06,7.998000000952743e-06,8.265499999993153e-05,3.996000003780864e-06,96,False
1911,2.8158999981542365e-05,6.88570000022537e-05,4.207000017686369e-06,5.532000017183236e-06,6.332499998507046e-05,2.829999999676147e-06,96,False
1912,2.827899999147121e-05,8.030699999039825e-05,5.041000008532137e-06,6.089999999403517e-06,7.421699999099474e-05,3.3620000010614604e-06,96,False
1913,2.8240999995432503e-05,6.485200000838631e-05,4.885000009835494e-06,5.398000013201454e-06,5.945399999518486e-05,2.738999995699487e-06,96,False
1914,2.6810000008481438e-05,6.464300000175172e-05,4.522000011775162e-06,5.527000013216821e-06,5.9115999988534895e-05,2.514000016162754e-06,96,False
1915,2.7266999978792228e-05,6.416299999045805e-05,4.405999987966425e-06,5.4340000019692525e-06,5.8728999988488795e-05,2.6689999970130884e-06,96,False
1916,2.6886000000558852e-05,6.405900001027476e-05,4.635000010466683e-06,5.194999999957872e-06,5.8864000010316886e-05,2.6800000227922283e-06,96,False
1917,2.9067000014038058e-05,6.420099998649675e-05,4.9269999919943075e-06,5.137000016475213e-06,5.906399997002154e-05,2.657999999655658e-06,96,False
1918,2.681800000914336e-05,6.307499998570165e-05,4.3309999853136105e-06,5.28900000063004e-06,5.778599998507161e-05,2.5960000016311824e-06,96,False
1919,2.6382000015701124e-05,6.367099999238235e-05,4.4199999820193625e-06,5.230999988725671e-06,5.844000000365668e-05,2.5599999844416743e-06,96,False
1920,2.6286000007758048e-05,6.317200001149104e-05,4.351000001179273e-06,5.135999998628904e-06,5.803600001286213e-05,2.526999992369383e-06,96,False
1921,2.685500001575747e-05,6.277800000020761e-05,4.3200000163778896e-06,5.1330000019333966e-06,5.7644999998274216e-05,2.6019999950221973e-06,96,False
1922,2.6872000006505914e-05,8.510000000683249e-05,6.946000013385856e-06,5.544999993389865e-06,7.955500001344262e-05,2.579000010882737e-06,96,False
1923,6.474799999978131e-05,7.962600000155362e-05,5.850000007967537e-06,7.052000000840053e-06,7.257400000071357e-05,3.5500000024057954e-06,96,False
1924,3.0429000020149033e-05,6.917199999634249e-05,4.903000018430248e-06,5.837999992763798e-06,6.33340000035787e-05,2.8690000135611626e-06,96,False
1925,2.8434999990167853e-05,6.669400002579096e-05,4.482999997890147e-06,5.652999988114971e-06,6.104100003767599e-05,2.572999989070013e-06,96,False
1926,2.8042999986155337e-05,6.440299998189403e-05,4.7129999813932955e-06,5.098999992014797e-06,5.930399998987923e-05,2.4809999956687534e-06,96,False
1927,2.817600000071252e-05,6.725200000801124e-05,4.498999999213993e-06,5.332000000635162e-06,6.192000000737607e-05,2.5709999817991047e-06,96,False
1928,2.743699999996352e-05,6.701899999939087e-05,4.636999989315882e-06,5.65399997753957e-06,6.13650000218513e-05,2.7170000009846262e-06,96,False
1929,2.784599999472448e-05,6.502099998328958e-05,4.861000007849725e-06,5.633999990095617e-06,5.938699999319397e-05,2.7909999857911316e-06,96,False
1930,2.718500002174551e-05,6.648100000461454e-05,4.725999986021634e-06,5.509000004622067e-06,6.097199999999248e-05,2.4760000201240473e-06,96,False
1931,2.9638000000886677e-05,6.69619999769111e-05,3.057200001421734e-05,6.030999998074549e-06,6.093099997883655e-05,2.6540000135355513e-06,96,False
1932,3.2889999999952124e-05,6.807400001207498e-05,5.07199999333352e-06,6.015999986175302e-06,6.205800002589967e-05,2.7720000161934877e-06,96,False
1933,2.8092000007973184e-05,6.563799999526054e-05,4.743999994616388e-06,5.706999985477523e-06,5.993100000978302e-05,2.732000012883873e-06,96,False
1934,2.7633000001969776e-05,6.494000001566747e-05,4.65099998336882e-06,5.3999999920506525e-06,5.954000002361681e-05,2.6069999989886128e-06,96,False
1935,2.7295999984744412e-05,6.492500000376822e-05,4.784000026347712e-06,5.084000008537259e-06,5.984099999523096e-05,2.5680000135253067e-06,96,False
1936,2.7829000003976034e-05,6.41430000030141e-05,4.581000013104131e-06,5.282999978817315e-06,5.886000002419678e-05,2.639999991060904e-06,96,False
1937,5.002899999340116e-05,7.519599998317972e-05,4.808999989336371e-06,7.5849999916499655e-06,6.761099999152975e-05,3.139000000373926e-06,96,False
1938,2.998899998374327e-05,6.676500001390195e-05,4.501000006484901e-06,5.364999992707453e-06,6.14000000211945e-05,2.7039999963562877e-06,96,False
1939,2.83459999934621e-05,6.566899998006193e-05,4.512000003842331e-06,5.522000009250405e-06,6.014699997081152e-05,2.7600000009897485e-06,96,False
1940,2.7295999984744412e-05,6.571599999460886e-05,5.131000023084198e-06,5.477999991398974e-06,6.023800000320989e-05,2.767000012227072e-06,96,False
1941,2.6915000006511036e-05,6.642400001055648e-05,4.4679999859909e-06,5.937000025824091e-06,6.048699998473239e-05,2.5379999897268135e-06,96,False
1942,2.7808999988110372e-05,6.507599999849845e-05,4.4250000144074875e-06,5.421999986765513e-06,5.965400001173293e-05,2.6360000049407972e-06,96,False
1943,2.7677999980824097e-05,6.47079999964717e-05,4.692999993949343e-06,5.251000004591333e-06,5.9456999991880366e-05,2.536000010877615e-06,96,False
1944,2.7033000009168973e-05,6.492599999319282e-05,4.689000007829236e-06,5.454000017834915e-06,5.94719999753579e-05,2.590999997664767e-06,96,False
1945,3.103600002418716e-05,9.161800002743803e-05,5.3810000224530086e-06,8.075000010876465e-06,8.354300001656156e-05,3.223999982537862e-06,96,False
1946,2.995400001282178e-05,6.640600000196173e-05,4.5529999965765455e-06,5.61900000661808e-06,6.078699999534365e-05,2.6069999989886128e-06,96,False
1947,2.75379999834513e-05,6.72079999901598e-05,4.8170000184200035e-06,6.237999997438237e-06,6.096999999272157e-05,2.6950000062697654e-06,96,False
1948,2.9091999977026717e-05,6.63259999953425e-05,4.630999995924867e-06,5.722000025798479e-06,6.060399996954402e-05,2.65599999238475e-06,96,False
1949,2.839399999743364e-05,6.632000000195148e-05,4.477999993923731e-06,5.216999994672733e-06,6.110300000727875e-05,2.5900000082401675e-06,96,False
1950,2.8173000004017013e-05,6.641900000659007e-05,4.698999987340358e-06,5.364000003282854e-06,6.105500000330721e-05,2.6360000049407972e-06,96,False
1951,2.8022000009286785e-05,6.731600001330662e-05,4.58200000252873e-06,5.4989999966892356e-06,6.181700001661738e-05,2.80399999041947e-06,96,False
1952,2.8054000011934477e-05,6.688499999540909e-05,4.5429999886437145e-06,5.886999986159935e-06,6.0998000009249154e-05,2.8080000049612863e-06,96,False
1953,2.857600000538696e-05,9.789499998191786e-05,5.1049999854058115e-06,5.977000000711996e-06,9.191799998120587e-05,2.7499999930569174e-06,96,False
1954,3.061799998249626e-05,6.923000000824686e-05,4.652999990639728e-06,5.8910000007017516e-06,6.333900000754511e-05,2.7819999957046093e-06,96,False
1955,2.9146999992235578e-05,6.95619999930841e-05,4.7649999999066495e-06,5.591000018512204e-06,6.39709999745719e-05,2.8539999732402066e-06,96,False
1956,2.923799999621224e-05,6.893599999102662e-05,4.751000005853712e-06,5.762999990110984e-06,6.317300000091564e-05,2.765000004956164e-06,96,False
1957,2.8603999993492835e-05,6.681699997557189e-05,4.5019999959095e-06,5.582999989428572e-06,6.123399998614332e-05,2.8729999996812694e-06,96,False
1958,2.8454999977611806e-05,6.619800001317344e-05,4.499999988638592e-06,5.417000011220807e-06,6.0781000001952634e-05,2.783000013550918e-06,96,False
1959,2.8065999998716507e-05,6.91059999837762e-05,4.585999988648837e-06,5.403000017167869e-06,6.370299996660833e-05,2.574999996340921e-06,96,False
1960,2.8283000006013026e-05,6.632000000195148e-05,4.639999986011389e-06,5.709000021170141e-06,6.0610999980781344e-05,2.672999983133195e-06,96,False
1961,2.8170999996746104e-05,6.550300000185416e-05,4.512000003842331e-06,5.332999990059761e-06,6.01700000117944e-05,2.775000012888995e-06,96,False
1962,2.8238999988161595e-05,6.52020000018183e-05,4.58200000252873e-06,5.396000005930546e-06,5.980599999588776e-05,2.5230000062492763e-06,96,False
1963,2.8242999974281702e-05,6.547800001044379e-05,4.75300001312462e-06,5.07199999333352e-06,6.040600001711027e-05,2.4429999996300467e-06,96,False
1964,2.765199999998913e-05,6.682900001919734e-05,4.945999990013661e-06,5.752000021175263e-06,6.107699999802207e-05,2.490000014176985e-06,96,False
1965,2.9216000001497378e-05,6.91019999976561e-05,4.652999990639728e-06,5.6660000211650186e-06,6.343599997649108e-05,2.514999977165644e-06,96,False
1966,2.8476000011323777e-05,6.74130000106743e-05,4.635999999891283e-06,5.6589999815059855e-06,6.175400002916831e-05,2.6289999937034736e-06,96,False
1967,2.912000002197601e-05,0.0001434130000177447,1.2194000021281681e-05,5.325000017819548e-06,0.00013808799999992516,2.738999995699487e-06,96,False
1968,0.00017975500000488864,0.00011413699999707205,8.532999999033564e-06,1.1097999987441654e-05,0.0001030390000096304,6.185000017921993e-06,96,False
1969,4.12529999778144e-05,8.45430000140368e-05,6.256000006032991e-06,7.532000012133722e-06,7.701100000190308e-05,3.3860000030472293e-06,96,False
1970,3.479700001207675e-05,7.816600000865037e-05,5.7450000099379395e-06,6.759999990890719e-06,7.140600001775965e-05,3.0690000016875274e-06,96,False
1971,3.2808000014483696e-05,7.61350000004768e-05,5.8260000059817685e-06,6.541000004745001e-06,6.959399999573179e-05,2.888000011580516e-06,96,False
1972,3.2355000001871304e-05,7.442100002208463e-05,5.7679999940774e-06,6.492000011348864e-06,6.792900001073576e-05,3.00900001093396e-06,96,False
1973,3.265300000521165e-05,8.367699999212164e-05,5.770000001348308e-06,6.455000004734757e-06,7.722199998738688e-05,2.902999995058053e-06,96,False
1974,3.131200000439094e-05,0.00010502099999598613,1.7374000009340307e-05,6.106999990151962e-06,9.891400000583417e-05,2.8249999957097316e-06,96,False
1975,3.676899999049965e-05,7.787999999209205e-05,5.500000014535544e-06,6.841000015356258e-06,7.10389999767358e-05,3.151000015577665e-06,96,False
1976,3.232800000319003e-05,7.433999999761909e-05,5.3999999920506525e-06,6.597000009378462e-06,6.774299998824063e-05,2.914000020837193e-06,96,False
1977,3.1326999987868476e-05,7.208300002048418e-05,5.1410000025953195e-06,6.1759999994137615e-06,6.590700002107042e-05,2.9920000201855146e-06,96,False
1978,3.113099998586222e-05,7.119900001839596e-05,5.02699998605749e-06,6.186999996771192e-06,6.501200002162477e-05,2.674000000979504e-06,96,False
1979,3.0447000000322078e-05,7.2655999986182e-05,4.967999984728522e-06,6.071000001384164e-06,6.658499998479783e-05,2.7199999976801337e-06,96,False
1980,3.0723000008947565e-05,7.055099999320191e-05,5.0339999972948135e-06,6.01800002186792e-06,6.453299997133399e-05,2.7860000102464255e-06,96,False
1981,2.9745000006187183e-05,7.119500000385415e-05,1.844199999823104e-05,5.9719999967455806e-06,6.522300000710857e-05,2.6919999811525486e-06,96,False
1982,4.5166000006702234e-05,7.904500000677217e-05,5.484000013211698e-06,6.917000007433671e-06,7.21279999993385e-05,3.2810000050176313e-06,96,False
1983,3.20710000210056e-05,7.35369999915747e-05,5.349999980808207e-06,6.10900002584458e-06,6.742799996573012e-05,2.9599999891161133e-06,96,False
1984,3.114199998321965e-05,7.326399997964472e-05,5.546000011236174e-06,6.189999993466699e-06,6.707399998617802e-05,2.900999987787145e-06,96,False
1985,3.037700000163568e-05,7.213499998215411e-05,5.020999992666475e-06,6.216999992147976e-06,6.591799999000614e-05,2.789000006941933e-06,96,False
1986,3.0336000008901465e-05,7.109099999524915e-05,4.875000001902663e-06,5.853000004663045e-06,6.52379999905861e-05,2.700000010236181e-06,96,False
1987,3.046800000561234e-05,0.00010783499999433843,5.61900000661808e-06,9.320999993178702e-06,9.851400000115973e-05,3.7599999984649912e-06,96,False
1988,3.297399999269146e-05,7.499500000562875e-05,5.008000016459846e-06,6.399999989525895e-06,6.859500001610286e-05,2.9939999990347133e-06,96,False
1989,5.325000000766522e-05,8.062300000233336e-05,5.511000011892975e-06,7.0200000266140705e-06,7.360299997571929e-05,3.4329999891724583e-06,96,False
1990,3.204199998663171e-05,7.430299999100498e-05,4.949000015130878e-06,6.46300000539668e-06,6.78399999856083e-05,3.0480000248189754e-06,96,False
1991,3.1133999982557725e-05,7.325299998228729e-05,5.063000003246998e-06,6.295999980920897e-06,6.69570000013664e-05,2.8450000115753937e-06,96,False
1992,3.084300001887641e-05,7.259199998088661e-05,5.036999993990321e-06,6.003000009968673e-06,6.658899997091794e-05,2.9320000010102376e-06,96,False
1993,2.9664000010143354e-05,7.155299999794806e-05,4.9400000250443554e-06,6.0849999954371015e-06,6.546800000251096e-05,2.8590000056283316e-06,96,False
1994,4.7625000007656126e-05,0.00010000500000728607,7.697999990341486e-06,1.1095999980170745e-05,8.890900002711533e-05,4.748000009158204e-06,96,False
1995,3.694099999052014e-05,7.608000001368964e-05,5.738999988125215e-06,6.625000025906047e-06,6.94549999877836e-05,3.125000006320988e-06,96,False
1996,0.00012135500000454158,9.064400001079775e-05,7.40900000550937e-06,7.891000024073946e-06,8.275299998672381e-05,4.38800000779338e-06,96,False
1997,3.4257000010029515e-05,7.381099999292928e-05,5.225999984759255e-06,6.206000023212255e-06,6.760499996971703e-05,2.9549999851496977e-06,96,False
1998,3.085399998781213e-05,7.048199998394011e-05,5.241999986083101e-06,6.232000004047222e-06,6.424999997989289e-05,2.8349999752208532e-06,96,False
1999,2.9846999979099564e-05,7.036899998524859e-05,4.951999983404676e-06,6.106999990151962e-06,6.426199999509663e-05,2.7539999791770242e-06,96,False
2000,2.9938000011497934e-05,6.91740000036134e-05,3.885299997818947e-05,5.449000013868499e-06,6.37249999897449e-05,2.6470000022982276e-06,96,False
2001,3.419299997631242e-05,7.182699999930264e-05,5.255999980136039e-06,5.9519999808799184e-06,6.587500001842272e-05,3.04300002085256e-06,96,False
2002,4.481700000269484e-05,0.00010492100000192295,5.4260000013073295e-06,9.554000001799068e-06,9.536700000012388e-05,3.894999991871373e-06,96,False
2003,3.2250000003841706e-05,7.338800000411538e-05,5.1229999940005655e-06,6.156000011969809e-06,6.723199999214557e-05,2.8690000135611626e-06,96,False
2004,3.0722000019522966e-05,7.105599999590595e-05,4.923000005874201e-06,5.93800001524869e-06,6.511799998065726e-05,2.833999985796254e-06,96,False
2005,3.010299997185939e-05,6.968299999243754e-05,4.914000015787678e-06,5.931999993435966e-06,6.375099999900158e-05,2.9500000096049916e-06,96,False
2006,2.9423000000861066e-05,6.953700000167373e-05,4.926000002569708e-06,5.939999994097889e-06,6.359700000757584e-05,2.7680000016516715e-06,96,False
2007,2.9719999986355106e-05,6.90699999950084e-05,4.90100001115934e-06,5.633000000671018e-06,6.343699999433738e-05,2.742999981819594e-06,96,False
2008,2.9173999990916855e-05,6.86799999982668e-05,4.950999993980076e-06,5.428999998002837e-06,6.325100000026396e-05,2.932999990434837e-06,96,False
2009,2.9423000000861066e-05,6.963800001358322e-05,5.029000021750107e-06,5.517999994708589e-06,6.412000001887463e-05,2.7820000241263187e-06,96,False
2010,4.457600002183426e-05,7.745699997485644e-05,5.3459999946881e-06,7.764999992332378e-06,6.969199998252407e-05,3.348999996433122e-06,96,False
2011,3.056599999240461e-05,6.998699998916891e-05,5.2299999993010715e-06,6.135999996104147e-06,6.385099999306476e-05,2.714999993713718e-06,96,False
2012,2.954599997906371e-05,7.010100000570674e-05,4.937999989351738e-06,5.646000005299356e-06,6.445500000040738e-05,2.916999989110991e-06,96,False
2013,3.0073999994328915e-05,6.941000000892927e-05,5.4260000013073295e-06,5.764000007957293e-06,6.364600000097198e-05,2.613999981804227e-06,96,False
2014,3.0849000012267425e-05,7.021500002224457e-05,4.94700000785997e-06,5.544000003965266e-06,6.46710000182793e-05,2.946000023484885e-06,96,False
2015,2.9481000012765435e-05,6.913499998972839e-05,4.859000000578817e-06,5.889000021852553e-06,6.324599996787583e-05,2.7499999930569174e-06,96,False
2016,3.151699999648372e-05,6.83300000048348e-05,4.8119999860318785e-06,5.4099999999834836e-06,6.292000000485132e-05,2.7039999963562877e-06,96,False
2017,2.8845999992199722e-05,6.851900002402544e-05,5.095999995319289e-06,5.682999983491754e-06,6.283600004053369e-05,2.7630000261069654e-06,96,False
2018,4.284799999254574e-05,7.604999998989115e-05,5.286999993359132e-06,6.64599997435289e-06,6.940400001553826e-05,3.3760000235361076e-06,96,False
2019,2.9835000020739244e-05,7.476399997585759e-05,4.902000000583939e-06,6.380999991506542e-06,6.838299998435104e-05,2.8970000016670383e-06,96,False
2020,3.0244999976503095e-05,7.139400000255591e-05,5.275000006577102e-06,5.88199998219352e-06,6.551200002036239e-05,2.80399999041947e-06,96,False
2021,3.120900001363225e-05,7.147600001644605e-05,4.822999983389309e-06,6.039999988161071e-06,6.543600002828498e-05,2.778999999009102e-06,96,False
2022,3.0108000004247515e-05,7.011499999975968e-05,4.816999989998294e-06,5.9150000026875205e-06,6.419999999707215e-05,2.9499999811832822e-06,96,False
2023,2.8990999993538935e-05,7.01969999852281e-05,4.927999981418907e-06,5.885000007310737e-06,6.431199997791737e-05,2.6550000029601506e-06,96,False
2024,2.9652999984364214e-05,6.966800000896001e-05,4.691000015100144e-06,5.751999992753554e-06,6.391600001620645e-05,2.910999995719976e-06,96,False
2025,6.248799999752919e-05,7.64540000091074e-05,5.2299999993010715e-06,6.891999987601594e-06,6.956200002150581e-05,3.3860000030472293e-06,96,False
2026,3.075099999705344e-05,7.094100001836523e-05,4.850000010492295e-06,5.886999986159935e-06,6.50540000322053e-05,2.789000006941933e-06,96,False
2027,3.0938999998397776e-05,6.924800001684162e-05,4.758999978093925e-06,5.762000000686385e-06,6.348600001615523e-05,2.827999992405239e-06,96,False
2028,2.970399998503126e-05,6.979400001227987e-05,5.084999997961859e-06,5.9230000033494434e-06,6.387100000893042e-05,2.6849999983369344e-06,96,False
2029,2.856300000075862e-05,6.869099999562422e-05,4.895000017768325e-06,5.791000006638569e-06,6.289999998898566e-05,2.6449999950273195e-06,96,False
2030,3.210500000250249e-05,7.016499998258041e-05,5.2980000191382715e-06,6.229999996776314e-06,6.39349999858041e-05,3.005999985816743e-06,96,False
2031,2.9398999998875297e-05,6.679199998416152e-05,4.6760000032008975e-06,5.476000012549775e-06,6.131599997161175e-05,2.7199999976801337e-06,96,False
2032,2.8030999999373307e-05,9.302799998067712e-05,5.45900002180133e-06,5.28900000063004e-06,8.773899998004708e-05,2.7019999890853796e-06,96,False
2033,3.743100000974664e-05,7.27620000020579e-05,4.966000005879323e-06,6.23500000074273e-06,6.652700000131517e-05,3.2789999977467232e-06,96,False
2034,2.9752000017424507e-05,6.800699998166237e-05,4.62799999922936e-06,5.525999995370512e-06,6.248099998629186e-05,2.752999989752425e-06,96,False
2035,2.8127999996740982e-05,6.757099998822014e-05,4.713000009815005e-06,5.8369999749174895e-06,6.173400001330265e-05,2.817999984472408e-06,96,False
2036,2.8000000014571924e-05,6.722500000932996e-05,4.51399998269153e-06,5.485999992060897e-06,6.173900001726906e-05,2.7530000181741343e-06,96,False
2037,2.7919999979530985e-05,6.825500000218199e-05,4.677999982050096e-06,5.4520000105640065e-06,6.280299999161798e-05,2.491999993026184e-06,96,False
2038,2.8326000006018148e-05,6.580800001643183e-05,4.4619999925998854e-06,5.917999999383028e-06,5.9890000017048806e-05,2.528999999640291e-06,96,False
2039,2.7293999977473504e-05,6.578600002171697e-05,4.539999991948207e-06,5.641000001332941e-06,6.014500002038403e-05,2.6040000022931054e-06,96,False
2040,2.755999997816616e-05,6.722499998090825e-05,1.574200001641657e-05,5.791000006638569e-06,6.143399997426968e-05,2.5779999930364284e-06,96,False
2041,4.18169999818474e-05,7.595400001036978e-05,5.1049999854058115e-06,6.5399999868986924e-06,6.941400002347109e-05,3.153999983851463e-06,96,False
2042,2.9079000000820088e-05,6.715600000006816e-05,4.830999984051232e-06,5.557999998018204e-06,6.159800000204996e-05,2.4089999897114467e-06,96,False
2043,2.910999998562147e-05,6.846700000551209e-05,4.786000005196911e-06,5.623999982162786e-06,6.28430000233493e-05,2.6829999910660263e-06,96,False
2044,3.2513999997263454e-05,7.17390000204432e-05,4.487000012431963e-06,6.391999988863972e-06,6.534700003157923e-05,2.835999993067162e-06,96,False
2045,2.7915999993410878e-05,6.485200000838631e-05,4.4539999919379625e-06,5.258000015828657e-06,5.9593999992557656e-05,2.6480000201445364e-06,96,False
2046,2.716299999860894e-05,6.6218999990042e-05,4.482999997890147e-06,5.4130000251007004e-06,6.080599996494129e-05,2.550999994355152e-06,96,False
2047,2.8201000020544598e-05,6.851699998833283e-05,6.014999996750703e-06,5.796000010604985e-06,6.272099997772784e-05,2.6609999963511655e-06,96,False
2048,4.0696999974443315e-05,9.094800000752912e-05,5.029000021750107e-06,6.509000002097309e-06,8.443900000543181e-05,3.1120000016926497e-06,96,False
2049,3.164400001764989e-05,6.888699999763048e-05,4.596000025003377e-06,5.990000005340335e-06,6.289699999229015e-05,2.752999989752425e-06,96,False
2050,2.810700001987243e-05,6.602400000588204e-05,4.5249999800489604e-06,5.748000006633447e-06,6.02759999992486e-05,2.459999990378492e-06,96,False
2051,3.0264999992368757e-05,6.76989999988109e-05,4.55899998996756e-06,5.974000004016489e-06,6.172499999479442e-05,2.591999987089366e-06,96,False
2052,2.8098999990788798e-05,6.45329999997557e-05,4.690999986678435e-06,5.004999991342629e-06,5.952800000841307e-05,2.4790000168195547e-06,96,False
2053,2.765000002113993e-05,6.586399999264358e-05,4.6600000018770515e-06,5.098000002590197e-06,6.076599999005339e-05,2.7179999904092256e-06,96,False
2054,2.8285000013283934e-05,6.554800000913019e-05,4.390000015064288e-06,5.3790000151821005e-06,6.016899999394809e-05,2.679999994370519e-06,96,False
2055,0.00048135500000512366,7.597100000111823e-05,5.194999999957872e-06,7.361000001537832e-06,6.86099999995804e-05,3.413999991153105e-06,96,False
2056,2.9592999993610647e-05,0.0005025459999785653,1.0690000010527001e-05,0.00011294300000486146,0.00038960299997370385,1.592300000652358e-05,96,False
2057,9.440799999538285e-05,0.00013420400000541122,9.336999994502548e-06,1.464700000042285e-05,0.00011955700000498837,6.065000007993149e-06,96,False
2058,5.0304000012602046e-05,9.95269999748416e-05,6.436999996140003e-06,9.113000004390415e-06,9.041399997045119e-05,3.851000002441651e-06,96,False
2059,3.704400000970054e-05,7.741900000723945e-05,6.057999996755825e-06,6.662000004098445e-06,7.0757000003141e-05,3.1600000056641875e-06,96,False
2060,3.3767000019224724e-05,7.363500000678869e-05,5.555000001322696e-06,6.415000001425142e-06,6.722000000536354e-05,3.0289999983779126e-06,96,False
2061,3.182099999321508e-05,8.229400000914211e-05,6.043000013278288e-06,6.127000006017624e-06,7.616700000312449e-05,2.7359999990039796e-06,96,False
2062,4.240900000240799e-05,7.623099997999816e-05,5.3579999814701296e-06,6.966999990254408e-06,6.926399998974375e-05,3.1499999977313564e-06,96,False
2063,3.095799999641713e-05,7.236400000465437e-05,5.06099999597609e-06,6.56500000673077e-06,6.57989999979236e-05,2.882999979192391e-06,96,False
2064,3.0207999998310697e-05,7.05810000170004e-05,4.622999995262944e-06,6.071000001384164e-06,6.451000001561624e-05,2.71299998644281e-06,96,False
2065,2.9523999984348848e-05,6.854599999428501e-05,4.575999980716006e-06,5.7630000185326935e-06,6.278299997575232e-05,2.898000019513347e-06,96,False
2066,2.9130000001487133e-05,6.872100001942272e-05,4.434999993918609e-06,5.901999998059182e-06,6.281900002136354e-05,2.5570000161678763e-06,96,False
2067,5.6253999986211056e-05,7.257400000071357e-05,4.624000013109253e-06,6.327000022565699e-06,6.624699997814787e-05,3.0590000221764058e-06,96,False
2068,2.9116000007434195e-05,6.867400000487578e-05,4.450000005817856e-06,5.7999999967250915e-06,6.287400000815069e-05,2.706999993051795e-06,96,False
2069,2.883599998426689e-05,6.753700000672325e-05,4.208999996535567e-06,5.998999995426857e-06,6.153800001129639e-05,2.5880000009692594e-06,96,False
2070,2.742500001318149e-05,6.74820000199361e-05,3.1180999997104664e-05,5.85800000862946e-06,6.162400001130663e-05,2.6369999943653966e-06,96,False
2071,3.194799998595954e-05,6.798499998694751e-05,4.455999999208871e-06,5.5959999940569105e-06,6.23889999928906e-05,2.8110000016567938e-06,96,False
2072,3.776500000185479e-05,8.87260000013157e-05,5.833999978221982e-06,7.33999999624757e-06,8.138600000506813e-05,3.593999991835517e-06,96,False
2073,4.104399999960151e-05,8.748900000909998e-05,6.8530000021382875e-06,6.973000012067132e-06,8.051599999703285e-05,3.4189999951195205e-06,96,False
2074,3.854900000987982e-05,7.249799998021444e-05,5.134999980782595e-06,5.8340000066436914e-06,6.666399997357075e-05,2.8530000122373167e-06,96,False
2075,2.9312999998865052e-05,6.879000000026281e-05,4.875000001902663e-06,5.850999997392137e-06,6.293900000287067e-05,2.7790000274308113e-06,96,False
2076,2.9056999977683517e-05,6.839899998567489e-05,4.738000001225373e-06,5.867999988140582e-06,6.253099999753431e-05,2.5559999983215675e-06,96,False
2077,2.8866999997489984e-05,6.823399999689173e-05,4.464999989295393e-06,5.708999992748431e-06,6.25250000041433e-05,2.5410000148440304e-06,96,False
2078,2.8993000000809843e-05,6.81559999975434e-05,5.135999998628904e-06,5.752000021175263e-06,6.240399997636814e-05,2.6310000009743817e-06,96,False
2079,2.8773999986242416e-05,6.93860000069435e-05,4.893999999922016e-06,6.00699999608878e-06,6.337900001085472e-05,2.750000021478627e-06,96,False
2080,2.8657000001430788e-05,6.712100000072496e-05,4.808999989336371e-06,5.453999989413205e-06,6.166700001131176e-05,2.4819999850933527e-06,96,False
2081,2.953300000285708e-05,6.757399998491564e-05,4.192999995211721e-06,5.622999992738187e-06,6.195099999217746e-05,2.7379999778531783e-06,96,False
2082,2.9163000021981134e-05,0.00017165700000987272,1.1771000004046073e-05,2.132599999526974e-05,0.00015033100001460298,9.18599999977232e-06,96,False
2083,7.376199999953315e-05,0.00011655199998017451,8.356999984471258e-06,9.545000011712546e-06,0.00010700699996846197,4.015999991224817e-06,96,False
2084,8.420300000011594e-05,8.909999999673346e-05,6.1319999815623305e-06,8.760000014262914e-06,8.033999998247054e-05,3.835999990542405e-06,96,False
2085,3.665599999180813e-05,7.863199999746939e-05,5.903000015905491e-06,6.659999996827537e-06,7.197200000064186e-05,3.1829999898036476e-06,96,False
2086,3.258799998206996e-05,7.433600001149898e-05,5.605000012565142e-06,6.375999987540126e-06,6.796000002395886e-05,2.857999987782023e-06,96,False
2087,3.572400001417009e-05,7.389600000351493e-05,5.8079999973870144e-06,6.29199999480079e-06,6.760400000871414e-05,2.8320000069470552e-06,96,False
2088,3.1452000001763736e-05,7.169700000986268e-05,5.4340000019692525e-06,6.148000011307886e-06,6.554899999855479e-05,2.8739999891058687e-06,96,False
2089,2.9705999992302168e-05,7.039000001896056e-05,5.196999978807071e-06,5.968000010625474e-06,6.442200000833509e-05,2.7799999884337012e-06,96,False
2090,3.0292999980474633e-05,6.944199998315526e-05,5.0419999979567365e-06,5.4420000026311754e-06,6.399999998052408e-05,2.9480000023340835e-06,96,False
2091,2.953200001343248e-05,7.037399998921501e-05,5.398000013201454e-06,5.662000006623202e-06,6.47119999825918e-05,2.7889999785202235e-06,96,False
2092,3.068399999506255e-05,0.00020747799999298877,1.1225000008607822e-05,3.2318999984681795e-05,0.00017515900000830698,8.702000002358545e-06,96,False
2093,5.357199998456963e-05,9.063100000616942e-05,5.394999988084237e-06,8.164000007582217e-06,8.24669999985872e-05,4.075000020975494e-06,96,False
2094,3.2215999993923106e-05,7.271100000139086e-05,4.9870000111695845e-06,6.158999980243607e-06,6.655200002114725e-05,2.825999985134331e-06,96,False
2095,3.16869999892333e-05,7.151500000190936e-05,5.996999988155949e-06,5.985000001373919e-06,6.553000000053544e-05,2.892999987125222e-06,96,False
2096,3.128000000174325e-05,7.13870000197403e-05,5.179999988058626e-06,6.1840000000756845e-06,6.520300001966461e-05,2.7819999957046093e-06,96,False
2097,3.071800000498115e-05,7.001500000569649e-05,4.670999999234482e-06,5.735000002005108e-06,6.428000000369138e-05,2.795000000332948e-06,96,False
2098,3.0734000006304996e-05,7.042200002160826e-05,5.218000012519042e-06,5.823000009286261e-06,6.4599000012322e-05,2.6149999996505358e-06,96,False
2099,3.3104999999977736e-05,6.99440000175855e-05,5.1229999940005655e-06,5.77899999143483e-06,6.416500002615066e-05,2.741000002970395e-06,96,False
2100,2.9882000006864473e-05,7.146400000124231e-05,5.242000014504811e-06,5.9539999881508265e-06,6.551000001309149e-05,2.8389999897626694e-06,96,False
2101,3.891599999406026e-05,8.072500000366745e-05,5.305999991378485e-06,8.726999993768914e-06,7.199800000989853e-05,3.662000011672717e-06,96,False
2102,3.086799998186507e-05,7.12849999899845e-05,4.66200000914796e-06,6.2100000093323615e-06,6.507499998065214e-05,2.9400000016721606e-06,96,False
2103,2.9199000010748932e-05,6.97709999997187e-05,4.6210000164137455e-06,6.078000012621487e-06,6.369299998709721e-05,2.9480000023340835e-06,96,False
2104,2.9409999996232727e-05,0.00011629200000129458,4.996999990680706e-06,1.8353999990949887e-05,9.79380000103447e-05,1.9234999996342594e-05,96,False
2105,3.248100000519116e-05,7.367099999555649e-05,4.453000002513363e-06,6.775000002789966e-06,6.689599999276652e-05,3.1929999977364787e-06,96,False
2106,3.061900000034257e-05,7.184300000062649e-05,4.273000001830951e-06,6.046999999398395e-06,6.57960000012281e-05,2.6939999884234567e-06,96,False
2107,3.0065000004242393e-05,7.104100001242841e-05,4.178000011734184e-06,5.980000025829213e-06,6.50609999865992e-05,2.9099999778736674e-06,96,False
2108,3.0267999989064265e-05,7.324799997832088e-05,4.614000005176422e-06,6.457999973008555e-06,6.679000000531232e-05,2.9629999858116207e-06,96,False
2109,3.0997999999726744e-05,0.0001024760000234437,7.113000009439929e-06,5.768999983501999e-06,9.67070000399417e-05,2.894000004971531e-06,96,False
2110,4.5815000021320884e-05,8.554099997581943e-05,5.3839999907268066e-06,7.541000002220244e-06,7.799999997359919e-05,4.509000007146824e-06,96,False
2111,5.702100000348764e-05,9.477099999344318e-05,6.600999995498569e-06,1.0290000005852562e-05,8.448099998759062e-05,4.1509999846311985e-06,96,False
2112,3.768400000581096e-05,7.717900001580347e-05,5.047000001923152e-06,6.7070000113744754e-06,7.047200000442899e-05,3.082000006315866e-06,96,False
2113,3.311999998345527e-05,7.470599999237493e-05,4.931000006536124e-06,6.114000001389286e-06,6.859199999098564e-05,3.0439999818554497e-06,96,False
2114,3.1895999995867896e-05,7.295000000340224e-05,4.739999980074572e-06,6.604000020615786e-06,6.634599998278645e-05,2.936000015552054e-06,96,False
2115,3.820500000983884e-05,9.644400000752285e-05,5.597000011903219e-06,9.709000011071112e-06,8.673499999645173e-05,4.073000013704586e-06,96,False
2116,3.549199999497432e-05,7.754800000725481e-05,4.717999985359711e-06,6.670999994184967e-06,7.087700001306985e-05,3.071999998383035e-06,96,False
2117,3.359300001193333e-05,9.392300000854448e-05,5.4680000118878525e-06,6.3150000073619594e-06,8.760800000118252e-05,3.005999985816743e-06,96,False
2118,4.291600001238294e-05,7.910699997637494e-05,4.4800000011946395e-06,6.977999987611838e-06,7.21289999887631e-05,3.5729999865452555e-06,96,False
2119,3.175800000576601e-05,7.363199998167147e-05,4.329000006464412e-06,6.7619999981616274e-06,6.686999998350984e-05,2.829999999676147e-06,96,False
2120,3.089799997724185e-05,7.213600000000042e-05,4.620999987992036e-06,6.300999984887312e-06,6.583500001511311e-05,2.7819999957046093e-06,96,False
2121,3.214099999127029e-05,7.63139999833129e-05,4.773999989993172e-06,6.7070000113744754e-06,6.960699997193842e-05,2.9369999765549437e-06,96,False
2122,3.194800001438125e-05,8.9148000000705e-05,7.212000014078512e-06,6.6750000087267836e-06,8.247299999197821e-05,2.7480000142077188e-06,96,False
2123,5.2882000005638474e-05,9.005600000477898e-05,5.526999984795111e-06,7.856000024730747e-06,8.219999998004823e-05,4.5029999853341e-06,96,False
2124,3.5010000004831454e-05,7.865400002060596e-05,5.020999992666475e-06,6.920000004129179e-06,7.173400001647678e-05,3.3019999818861834e-06,96,False
2125,3.324700000462144e-05,7.72639999979674e-05,4.609000001210006e-06,6.561000020610663e-06,7.070299997735674e-05,3.2069999917894165e-06,96,False
2126,3.3468999987462666e-05,7.50800000162144e-05,4.646999997248713e-06,6.274000014627745e-06,6.880600000158665e-05,3.116000016234466e-06,96,False
2127,3.180900000643305e-05,7.567500000504879e-05,4.75299998470291e-06,6.6830000093887065e-06,6.899199999566008e-05,3.125000006320988e-06,96,False
2128,3.2182000012426215e-05,7.44810000128382e-05,4.839000013134864e-06,6.36000001463799e-06,6.81209999982002e-05,2.738999995699487e-06,96,False
2129,3.1212999999752356e-05,8.036299999503171e-05,4.978999982085952e-06,6.270000000085929e-06,7.409299999494579e-05,3.023999994411497e-06,96,False
2130,3.097999999113199e-05,7.349200001272038e-05,5.145000017137136e-06,5.800999986149691e-06,6.769100002657069e-05,2.843999993729085e-06,96,False
2131,3.143300000374438e-05,7.277000000271983e-05,4.635000010466683e-06,5.947999994759812e-06,6.682200000796001e-05,3.027000019528714e-06,96,False
2132,5.0339000011945245e-05,0.00010186299999759285,6.916999979011962e-06,1.0699999990038123e-05,9.116300000755473e-05,4.59399998931076e-06,96,False
2133,3.956000000471249e-05,8.01829999943493e-05,5.16399998673478e-06,6.908999978350039e-06,7.327400001599926e-05,3.2330000010460935e-06,96,False
2134,3.3562999988134834e-05,7.827900000734189e-05,5.151000010528151e-06,6.571000000121785e-06,7.170800000722011e-05,3.1360000036784186e-06,96,False
2135,3.3631000007972034e-05,7.847099999480633e-05,5.1229999940005655e-06,6.7099999796482734e-06,7.176100001515806e-05,3.0329999844980193e-06,96,False
2136,3.317899998478424e-05,7.967100000882965e-05,4.708999995273189e-06,7.253999996237326e-06,7.241700001259233e-05,3.284999991137738e-06,96,False
2137,3.268099999331753e-05,7.805199999211254e-05,4.74199998734548e-06,6.651000006741015e-06,7.140099998537153e-05,3.047999996397266e-06,96,False
2138,3.273799998737559e-05,7.860499999878812e-05,5.001000005222522e-06,6.708999990223674e-06,7.189600000856444e-05,3.080999988469557e-06,96,False
2139,3.335299999207564e-05,7.813000001988257e-05,4.759000006515635e-06,6.446000014648234e-06,7.168400000523434e-05,3.0129999970540666e-06,96,False
2140,3.304600002707048e-05,7.668300000318595e-05,4.971999999270338e-06,6.361000004062589e-06,7.032199999912336e-05,2.831000017522456e-06,96,False
2141,3.302799999005401e-05,7.659999999987122e-05,4.802000006520757e-06,6.35999998621628e-06,7.024000001365494e-05,2.958999999691514e-06,96,False
2142,3.22820000064894e-05,7.738100001120074e-05,4.665999995268066e-06,6.595999991532153e-06,7.078500001966859e-05,3.2629999964228773e-06,96,False
2143,3.341700002579273e-05,8.040699998446144e-05,5.134999980782595e-06,6.381999980931141e-06,7.40250000035303e-05,3.1430000149157422e-06,96,False
2144,3.289299999664763e-05,7.657400001903625e-05,5.091999980777473e-06,6.468000009363095e-06,7.010600000967315e-05,3.165000009630603e-06,96,False
2145,3.1978000009758034e-05,7.637699999918368e-05,5.006999998613537e-06,6.34899998885885e-06,7.002800001032483e-05,3.270000007660201e-06,96,False
2146,5.417299999521674e-05,0.00018653699999049422,1.202400000011039e-05,8.750999995754682e-06,0.00017778599999473954,3.6570000077063014e-06,96,False
2147,7.594300001301235e-05,0.00011722699997562813,5.918200000110119e-05,1.0760999998637999e-05,0.00010646599997699013,6.642999977657382e-06,96,False
2148,5.500800000390882e-05,9.125100001483588e-05,6.544000001440509e-06,8.256000000983477e-06,8.29950000138524e-05,4.405999987966425e-06,96,False
2149,3.588399999898684e-05,8.331899999802772e-05,5.71000001059474e-06,7.441999997581661e-06,7.587700000044606e-05,3.3960000109800603e-06,96,False
2150,3.6399999999048305e-05,8.462299999223433e-05,5.626999978858294e-06,7.24899999227091e-06,7.737399999996342e-05,3.3780000023853063e-06,96,False
2151,3.4779000003482e-05,8.829899999795998e-05,6.041999995431979e-06,7.62500002338129e-06,8.067399997457869e-05,3.741999989870237e-06,96,False
2152,3.835499998672276e-05,9.406500001318818e-05,6.527000010692063e-06,7.679000020743842e-06,8.638599999244434e-05,3.0640000261428213e-06,96,False
2153,4.118999999036532e-05,8.682699998985299e-05,5.086999976811057e-06,8.124000004272602e-06,7.870299998558039e-05,3.206000002364817e-06,96,False
2154,5.8558000006314614e-05,9.05229999830226e-05,5.736999980854307e-06,8.915000023534958e-06,8.160799995948764e-05,4.03499998924417e-06,96,False
2155,3.54480000055446e-05,8.303300000989111e-05,5.229000009876472e-06,6.894999984297101e-06,7.613800002559401e-05,3.246000005674432e-06,96,False
2156,3.9454000017258295e-05,0.0001394399999981033,8.718000003682391e-06,7.893000002923145e-06,0.00013154699999518016,3.551999981254994e-06,96,False
2157,5.429099999787468e-05,0.00011689800001590811,6.909999996196348e-06,1.0014999986651674e-05,0.00010688300002925644,4.672999978083681e-06,96,False
2158,4.428100001518942e-05,0.0001034279999885257,7.044999989602729e-06,8.406999995713704e-06,9.5020999992812e-05,4.209999985960167e-06,96,False
2159,4.0433000009443276e-05,0.0001582159999884425,7.843999981105299e-06,1.5929999989339194e-05,0.0001422859999991033,6.7720000060944585e-06,96,False
2160,4.945500000985703e-05,9.451199997556614e-05,5.805000000691507e-06,9.495999989894699e-06,8.501599998567144e-05,4.004000004442787e-06,96,False
2161,3.624400000035166e-05,9.859899998332367e-05,5.517999994708589e-06,7.1380000008502975e-06,9.146099998247337e-05,3.7769999892134365e-06,96,False
2162,3.545900000290203e-05,8.132499999646825e-05,5.24300000392941e-06,7.168999985651681e-06,7.415600001081657e-05,3.429999992476951e-06,96,False
2163,3.388299998619004e-05,8.09889999970892e-05,5.474000005278867e-06,6.785000010722797e-06,7.42039999863664e-05,3.1079999871508335e-06,96,False
2164,3.35470000152327e-05,7.973199998900782e-05,5.154999996648257e-06,6.614000000126907e-06,7.311799998888091e-05,3.0859999924359727e-06,96,False
2165,3.3287000007931056e-05,0.00011453400000505098,5.633000000671018e-06,2.4828000022125707e-05,8.970599998292528e-05,5.141999992019919e-06,96,False
2166,3.628300001423668e-05,8.27119999939896e-05,5.012999992004552e-06,6.89600000214341e-06,7.581599999184618e-05,3.3090000215452164e-06,96,False
2167,3.412899999943875e-05,7.978200000025026e-05,5.001999994647122e-06,6.8089999842868565e-06,7.297300001596341e-05,3.050000003668174e-06,96,False
2168,3.33380000085981e-05,0.00012307299999747556,7.143999994241312e-06,1.341600000159815e-05,0.00010965699999587741,5.260999984102455e-06,96,False
2169,4.1289999984428505e-05,8.588800000097763e-05,5.786999992096753e-06,7.553000017423983e-06,7.833499998355364e-05,3.426000006356844e-06,96,False
2170,3.58000000062475e-05,8.11270000156128e-05,5.189999995991457e-06,7.139999979699496e-06,7.39870000359133e-05,3.3929999858628435e-06,96,False
2171,3.373899997427543e-05,0.00011742199998820979,7.792000019435363e-06,7.046000007449038e-06,0.00011037599998076075,3.161999984513386e-06,96,False
2172,5.565699999010576e-05,9.493199999610624e-05,6.053999982214009e-06,8.567999998376763e-06,8.636399999772948e-05,4.739999980074572e-06,96,False
2173,3.6604999991141085e-05,8.303900000328213e-05,5.084999997961859e-06,7.482999990315875e-06,7.555600001296625e-05,3.3880000103181374e-06,96,False
2174,3.4084999981587316e-05,8.880000001454391e-05,5.211000001281718e-06,8.755000010296499e-06,8.004500000424741e-05,3.851000002441651e-06,96,False
2175,3.568599998970967e-05,7.966000001147222e-05,4.904000007854847e-06,6.682999980966997e-06,7.297700003050522e-05,3.136999993103018e-06,96,False
2176,3.322800000660209e-05,7.781099998283025e-05,4.84399998867957e-06,6.501999990859986e-06,7.130899999197027e-05,3.018000001020482e-06,96,False
2177,3.3001000019794446e-05,7.733400002507551e-05,4.69600001906656e-06,6.627999994179845e-06,7.070600003089567e-05,3.0589999937546963e-06,96,False
2178,5.6267999980263994e-05,9.487699998089738e-05,6.1659999914809305e-06,8.306000012225923e-06,8.657099996867146e-05,3.6939999858986994e-06,96,False
2179,3.898900001786387e-05,8.991199999286437e-05,5.135000009204305e-06,7.877999991023898e-06,8.203400000184047e-05,3.835000001117805e-06,96,False
2180,3.3197000021800704e-05,7.732899999268739e-05,4.713000009815005e-06,6.522000006725648e-06,7.080699998596174e-05,2.9539999957250984e-06,96,False
2181,3.295499999467211e-05,7.760900001585469e-05,4.8199999866938015e-06,6.755000015346013e-06,7.085400000050868e-05,2.981000022828084e-06,96,False
2182,3.2056000009106356e-05,7.615699999519165e-05,4.781000001230495e-06,6.627999994179845e-06,6.952900000101181e-05,3.0230000049868977e-06,96,False
2183,3.147800001102041e-05,7.689200000982055e-05,4.802999995945356e-06,6.540999976323292e-06,7.035100003349726e-05,2.8580000162037322e-06,96,False
2184,3.213499999787928e-05,7.600399999319052e-05,1.7567000014651057e-05,6.2360000185890385e-06,6.976799997460148e-05,2.7929999930620397e-06,96,False
2185,4.7252000001662964e-05,8.853099998873404e-05,5.84700001127203e-06,7.823000004236746e-06,8.070799998449729e-05,3.630000009025025e-06,96,False
2186,4.1984000006323186e-05,0.00010208500000885579,5.9519999808799184e-06,8.019999995667604e-06,9.406500001318818e-05,3.6249999766369e-06,96,False
2187,3.577799998311093e-05,7.746800000063558e-05,4.813999993302787e-06,6.6489999994701066e-06,7.081900000116548e-05,3.0960000003688037e-06,96,False
2188,3.270900000984511e-05,0.00015058199997497468,5.7370000092760165e-06,6.45199997961754e-06,0.00014412999999535714,5.324099998915699e-05,96,False
2189,0.00024466900001129943,0.00018495300000154202,8.157999985769493e-06,4.232899999578876e-05,0.00014262400000575326,8.273999981156521e-06,96,False
2190,0.00013813199998935488,0.0001468199999976605,1.3099999989663047e-05,1.3921000004302186e-05,0.0001328989999933583,8.033000000295942e-06,96,False
2191,5.413100001305793e-05,9.829900000113412e-05,6.812999998828673e-06,8.850000000393266e-06,8.944900000074085e-05,3.7640000130068074e-06,96,False
2192,4.2211000021552536e-05,9.096599998770216e-05,6.0849999954371015e-06,8.466999986467272e-06,8.249900000123489e-05,3.3400000063465995e-06,96,False
2193,3.844899998739493e-05,8.408200000076249e-05,5.821000002015353e-06,7.251999988966418e-06,7.683000001179607e-05,3.2110000063312327e-06,96,False
2194,3.544799997712289e-05,8.307199999535442e-05,5.405999985441667e-06,6.73600001732666e-06,7.633599997802776e-05,3.2399999838617077e-06,96,False
2195,3.5101999998232714e-05,0.00023279400002707007,7.947000000285698e-06,7.202999995570281e-06,0.0002255910000314998,3.0630000082965125e-06,96,False
2196,5.170399998633002e-05,0.00013422600000012608,9.306999999125765e-06,1.5926000003219087e-05,0.00011829999999690699,6.367999986878203e-06,96,False
2197,4.8128999992513855e-05,8.630799999309602e-05,7.177999975738203e-06,7.594999999582797e-06,7.871299999351322e-05,3.6389999991115474e-06,96,False
2198,3.7004999995815524e-05,8.153499999252745e-05,5.663999985472401e-06,6.8690000034621335e-06,7.466599998906531e-05,3.3520000215503387e-06,96,False
2199,3.624600000762257e-05,8.252000000652515e-05,6.270999989510528e-06,7.058000022652777e-06,7.546199998387237e-05,3.2730000043557084e-06,96,False
2200,3.785499998798514e-05,8.206100000052174e-05,6.4850000001115404e-06,6.756999994195212e-06,7.530400000632653e-05,3.4349999964433664e-06,96,False
2201,3.406100000802326e-05,7.843099999149672e-05,5.19799999665338e-06,6.775999992214565e-06,7.165499999928215e-05,2.9419999805213592e-06,96,False
2202,3.378499999939777e-05,7.769799998413873e-05,4.861000007849725e-06,6.21199998818156e-06,7.148599999595717e-05,3.106999997726234e-06,96,False
2203,3.384899997627144e-05,7.790799998019793e-05,4.955999997946492e-06,6.501000001435386e-06,7.140699997876254e-05,3.215000020873049e-06,96,False
2204,3.3357999996042054e-05,7.681299999262592e-05,5.005999980767228e-06,6.35999998621628e-06,7.045300000640964e-05,3.1200000023545726e-06,96,False
2205,3.327300001387812e-05,7.799100001193437e-05,4.73000000056345e-06,6.3670000258753134e-06,7.162399998605906e-05,2.9619999963870214e-06,96,False
2206,3.294999999070569e-05,0.00012432500000159052,5.64199999075754e-06,9.845999983326692e-06,0.00011447900001826383,3.7460000044120534e-06,96,False
2207,3.6889999989853095e-05,0.0002661100000125316,1.1448000009295356e-05,2.487199998313372e-05,0.00024123800002939788,8.841999999731343e-06,96,False
2208,6.447199999115583e-05,0.00012503199999969183,8.988000018916864e-06,1.180700002123558e-05,0.00011322499997845625,4.966000005879323e-06,96,False
2209,5.323299998849507e-05,0.00010925999998789848,7.261999996899249e-06,9.545000011712546e-06,9.971499997618594e-05,4.420999999865671e-06,96,False
2210,4.451099999869257e-05,9.052799998698902e-05,6.1370000139504555e-06,7.520999986354582e-06,8.300700000063443e-05,3.4610000057000434e-06,96,False
2211,3.7802999997893494e-05,8.310999999139312e-05,5.608999998685249e-06,7.240000002184388e-06,7.586999998920874e-05,3.0859999924359727e-06,96,False
2212,3.6195000006955524e-05,8.098600000039369e-05,5.262999991373363e-06,6.714999983614689e-06,7.4271000016779e-05,3.3299999984137685e-06,96,False
2213,3.5933000020804684e-05,7.991800001150295e-05,5.160999990039272e-06,6.249999984220267e-06,7.366800002728269e-05,3.308999993123507e-06,96,False
2214,3.734200001304089e-05,8.04960000095889e-05,5.1049999854058115e-06,6.823000006761504e-06,7.36730000028274e-05,3.327000001718261e-06,96,False
2215,3.3620000010614604e-05,7.946600001673687e-05,5.190999985416056e-06,6.680999973696089e-06,7.278500004304078e-05,3.125000006320988e-06,96,False
2216,3.3913000009988536e-05,8.07440000016868e-05,4.859000000578817e-06,6.855999998833795e-06,7.3888000002853e-05,3.139000000373926e-06,96,False
2217,6.821200000217686e-05,8.805400000255759e-05,5.511999972895865e-06,7.896999989043252e-06,8.015700001351433e-05,3.816000003098452e-06,96,False
2218,3.606000001354914e-05,8.068500000035783e-05,5.022999999937383e-06,6.801000012046643e-06,7.388399998831119e-05,3.0369999990398355e-06,96,False
2219,3.504599999359925e-05,7.946799999558607e-05,5.00400000191803e-06,6.700000000137152e-06,7.276799999544892e-05,3.2009999983984017e-06,96,False
2220,3.4085000010009026e-05,7.826899999940906e-05,4.872999994631755e-06,6.757999983619811e-06,7.151100001578925e-05,3.2250000003841706e-06,96,False
2221,3.404699998554861e-05,7.907999997769366e-05,4.86700000124074e-06,6.901000006109825e-06,7.217899997158383e-05,2.9939999990347133e-06,96,False
2222,3.35130000053141e-05,7.767599998942387e-05,4.928999999265216e-06,6.773000023940767e-06,7.09029999654831e-05,2.9400000016721606e-06,96,False
2223,3.3162000022457505e-05,8.13400000083675e-05,4.968000013150231e-06,7.18100000085542e-06,7.415900000751208e-05,3.232000011621494e-06,96,False
2224,3.433899999549794e-05,8.030800000824456e-05,5.751000003328954e-06,6.756999994195212e-06,7.355100001404935e-05,3.106999997726234e-06,96,False
2225,3.5851999996339146e-05,8.17979999965246e-05,4.906999976128645e-06,6.779000017331782e-06,7.501899997919281e-05,3.094000021519605e-06,96,False
2226,3.388899997958106e-05,8.161700000641758e-05,4.988000000594184e-06,6.771000016669859e-06,7.484599998974772e-05,3.247000023520741e-06,96,False
2227,3.4462000002122295e-05,7.868900001994916e-05,3.6717999989832606e-05,6.475999981603309e-06,7.221300003834585e-05,3.1179999950836645e-06,96,False
2228,3.7937000001875276e-05,8.490900000879265e-05,5.462000018496838e-06,7.132000007459283e-06,7.777700000133336e-05,3.379999981234505e-06,96,False
2229,3.422499997896011e-05,8.111599998983365e-05,5.111999996643135e-06,6.8979999809926085e-06,7.421800000884105e-05,3.0589999937546963e-06,96,False
2230,3.34089999967091e-05,0.00011377300000958712,7.1460000015122205e-06,6.5110000093682174e-06,0.0001072620000002189,3.330999987838368e-06,96,False
2231,3.811400000586218e-05,8.59479999917312e-05,6.283999994138867e-06,7.794999987709161e-06,7.815300000402203e-05,3.482000010990305e-06,96,False
2232,3.486899998961235e-05,8.14120000143248e-05,5.860999976903258e-06,6.811999980982364e-06,7.460000003334244e-05,3.3379999990756914e-06,96,False
2233,3.4654999979011336e-05,8.031100000494007e-05,5.865999980869674e-06,6.831999996848026e-06,7.347900000809204e-05,3.090999996402388e-06,96,False
2234,3.429400001664362e-05,7.995900000423717e-05,5.084000008537259e-06,6.70200000740806e-06,7.325699999682911e-05,3.1639999917842943e-06,96,False
2235,3.3366999986128576e-05,8.076000000301065e-05,5.223000016485457e-06,6.842000004780857e-06,7.391799999822979e-05,3.0879999997068808e-06,96,False
2236,3.388999999742737e-05,7.994399999233792e-05,5.780999998705738e-06,6.476000010025018e-06,7.34679999823129e-05,3.126999985170187e-06,96,False
2237,3.4040000002732995e-05,7.9126000002816e-05,5.697000005966402e-06,6.672999973034166e-06,7.245300002978183e-05,3.1929999977364787e-06,96,False
2238,3.4029000005375565e-05,7.932699998036696e-05,5.531999988761527e-06,6.919000014704579e-06,7.240799996566238e-05,3.2080000096357253e-06,96,False
2239,3.413799998952527e-05,8.231200001773686e-05,5.670999996709725e-06,6.718000008731906e-06,7.559400000900496e-05,3.340999995771199e-06,96,False
2240,3.4792999997534935e-05,8.224600000517057e-05,5.728000019189494e-06,6.885000004785979e-06,7.536100000038459e-05,3.266999982542984e-06,96,False
2241,3.429999998161293e-05,8.124799998654453e-05,5.601999987447925e-06,6.614000000126907e-06,7.463399998641762e-05,3.266999982542984e-06,96,False
2242,3.50979999836909e-05,8.3980999988853e-05,5.800999986149691e-06,6.501000001435386e-06,7.747999998741761e-05,3.296000016916878e-06,96,False
2243,3.578800001946547e-05,8.104400001229806e-05,5.7759999947393226e-06,6.5579999954934465e-06,7.448600001680461e-05,3.1459999831895402e-06,96,False
2244,6.36869999937062e-05,0.00011547200000450175,9.671999976035295e-06,8.488000020179243e-06,0.00010698399998432251,4.0799999965202005e-06,96,False
2245,5.820600000561171e-05,9.789500001033957e-05,6.296999998767205e-06,8.779000012282268e-06,8.91159999980573e-05,4.96999999199943e-06,96,False
2246,3.807999999594358e-05,8.533699997315125e-05,6.299999995462713e-06,7.686000003559457e-06,7.76509999695918e-05,3.7700000063978223e-06,96,False
2247,3.5851999996339146e-05,8.254100001181541e-05,6.152999986852592e-06,6.85000000544278e-06,7.569100000637263e-05,3.4669999990910583e-06,96,False
2248,3.5566000008202536e-05,8.267300000852629e-05,5.439999995360267e-06,7.185999976400126e-06,7.548700003212616e-05,3.359000004365953e-06,96,False
2249,3.429599999549282e-05,8.225299998798619e-05,5.168999990701195e-06,6.847999998171872e-06,7.540499998981431e-05,3.090999996402388e-06,96,False
2250,3.426199998557422e-05,8.128300001430944e-05,5.232999995996579e-06,6.767000002128043e-06,7.45160000121814e-05,3.187000004345464e-06,96,False
2251,3.4499999998161e-05,8.107499999709944e-05,5.804000011266908e-06,6.8690000034621335e-06,7.42059999936373e-05,3.37399998784349e-06,96,False
2252,3.4336999988227035e-05,8.16950000057659e-05,6.1399999822242535e-06,6.546000008711417e-06,7.514899999705449e-05,3.2579999924564618e-06,96,False
2253,3.560999999763226e-05,8.488099999226506e-05,5.899999990788274e-06,7.05499999753556e-06,7.78259999947295e-05,3.324999994447353e-06,96,False
2254,3.608500000495951e-05,8.529100000487233e-05,3.046599999834143e-05,7.070000009434807e-06,7.822099999543752e-05,3.6139999792794697e-06,96,False
2255,7.386600000813814e-05,0.00010524200001782447,7.756000002245855e-06,9.23299998589755e-06,9.600900003192692e-05,5.173999994667611e-06,96,False
2256,5.993100000978302e-05,0.00010325799999577612,6.407000000763219e-06,1.0102999993932826e-05,9.315500000184329e-05,4.238999991912351e-06,96,False
2257,4.774399999973866e-05,9.022900002264578e-05,6.095999992794532e-06,8.205000000316431e-06,8.202400002232935e-05,3.5930000024109177e-06,96,False
2258,3.830599999332662e-05,8.85150000158319e-05,5.6140000026516645e-06,7.538999994949336e-06,8.097600002088257e-05,3.6589999865555e-06,96,False
2259,3.706999999053551e-05,8.733100000313243e-05,5.423000004611822e-06,7.643000003554334e-06,7.96879999995781e-05,3.5559999957968103e-06,96,False
2260,3.6663000003045454e-05,8.793899999659516e-05,5.67600000067614e-06,7.804999995641992e-06,8.013400000095316e-05,3.4349999964433664e-06,96,False
2261,3.6171000004969756e-05,8.543499998836523e-05,5.343999987417192e-06,7.479000004195768e-06,7.795599998416947e-05,3.2549999957609543e-06,96,False
2262,3.637099999309612e-05,8.692299999779607e-05,5.262999991373363e-06,7.312999997566294e-06,7.961000000022977e-05,3.4189999951195205e-06,96,False
2263,3.560499999366584e-05,8.544400000687347e-05,5.248999997320425e-06,7.355000008146817e-06,7.808899999872665e-05,3.286999998408646e-06,96,False
2264,3.5669999988385825e-05,8.532999999033564e-05,5.420000007916315e-06,7.47699999692486e-06,7.785299999341078e-05,3.3459999997376144e-06,96,False
2265,3.6557999976594147e-05,8.49660000028507e-05,5.205999997315303e-06,6.708000000799075e-06,7.825800000205163e-05,3.3260000122936617e-06,96,False
2266,3.69950000163044e-05,8.774599999128441e-05,5.333000018481471e-06,7.0330000028207e-06,8.071299998846371e-05,3.536999997777457e-06,96,False
2267,3.80159999906482e-05,8.59480000201529e-05,5.526000023792221e-06,7.052000000840053e-06,7.889600001931285e-05,3.402000004371075e-06,96,False
2268,3.677000000834596e-05,0.000111727000017936,6.7250000199692295e-06,6.870999982311332e-06,0.00010485600003562467,3.456000001733628e-06,96,False
2269,4.845400002295719e-05,9.621300000617339e-05,6.603000002769477e-06,7.946000010861098e-06,8.826699999531229e-05,4.0150000018002174e-06,96,False
2270,3.866399998742054e-05,8.949600001528779e-05,6.331999998110405e-06,7.319999980381908e-06,8.217600003490588e-05,3.779999985908944e-06,96,False
2271,4.161200001817633e-05,8.786000000782224e-05,6.537999979627784e-06,7.428000003528723e-06,8.043200000429351e-05,3.4029999937956745e-06,96,False
2272,3.705699998590717e-05,8.976099999813414e-05,6.125999988171316e-06,7.46599999956743e-06,8.229499999856671e-05,3.7829999826044514e-06,96,False
2273,3.839999999399879e-05,8.715900000311194e-05,6.196999976282314e-06,7.304999996904371e-06,7.985400000620757e-05,3.549000012981196e-06,96,False
2274,3.768400000581096e-05,9.687900001154048e-05,6.272000007356837e-06,7.103000001507098e-06,8.977600001003339e-05,3.4150000089994137e-06,96,False
2275,3.803699999593846e-05,9.02370000233077e-05,6.691999999475229e-06,7.760999977790561e-06,8.247600004551714e-05,3.821999996489467e-06,96,False
2276,3.8747999980159875e-05,9.050200000615405e-05,6.1579999908190075e-06,7.492999998248706e-06,8.300900000790534e-05,3.5520000096767035e-06,96,False
2277,3.908400000796064e-05,8.945400000470727e-05,5.657000002656787e-06,7.2710000154074805e-06,8.218299998929979e-05,3.440000000409782e-06,96,False
2278,3.666899999643647e-05,8.678599999711878e-05,6.3880000027438655e-06,7.1849999869755266e-06,7.960100001014325e-05,3.4460000222225062e-06,96,False
2279,3.575499999897147e-05,8.647800001426731e-05,6.186000007346593e-06,6.9760000087626395e-06,7.950200000550467e-05,3.4329999891724583e-06,96,False
2280,3.7003000016966325e-05,8.74620000104187e-05,5.6140000026516645e-06,7.349000014755802e-06,8.01129999956629e-05,3.5520000096767035e-06,96,False
2281,3.774000001044442e-05,9.96999999927084e-05,6.551000012677832e-06,9.566999978005697e-06,9.01330000147027e-05,4.496000002518485e-06,96,False
2282,4.063200000814504e-05,8.970299998622977e-05,5.423000004611822e-06,7.517000000234475e-06,8.21859999859953e-05,3.4930000083477353e-06,96,False
2283,3.7583999983326066e-05,8.944199998950353e-05,5.4079999927125755e-06,7.412000002204877e-06,8.202999998729865e-05,3.3609999832151516e-06,96,False
2284,3.7173000009715906e-05,8.797800001048017e-05,5.178000009209427e-06,7.345000000213986e-06,8.063300001026619e-05,3.563000007034134e-06,96,False
2285,0.00011887100001217732,0.00014255199999979595,1.0469000017110375e-05,1.28350000068167e-05,0.00012971699999297925,7.803999977795684e-06,96,False
2286,9.761800001228949e-05,0.0002707860000157325,1.5277999978025036e-05,1.082899999005349e-05,0.000259957000025679,4.85500001445871e-06,96,False
2287,0.00011864800001148978,0.00021626299999866205,1.2069000007386421e-05,4.257900002357928e-05,0.00017368399997508277,9.846000011748401e-06,96,False
2288,6.3970000013569e-05,0.00033266799999864816,1.3128999995615231e-05,1.0328000001891269e-05,0.0003223399999967569,4.724999996597035e-06,96,False
2289,7.640399999786496e-05,0.00023844400001848953,2.551999997990606e-05,1.2365000003455862e-05,0.00022607900001503367,5.625000000009095e-06,96,False
2290,6.700599999476253e-05,0.0001172120000205723,9.091999999100153e-06,1.0726999988719399e-05,0.0001064850000318529,5.066999989367105e-06,96,False
2291,4.6338000004197966e-05,0.0001024089999930311,7.653000011487165e-06,8.94799998718554e-06,9.346100000584556e-05,4.121000017676124e-06,96,False
2292,4.2897999975366474e-05,9.748700000500321e-05,7.531999983712012e-06,8.665999985169037e-06,8.882100001983417e-05,3.5639999964587332e-06,96,False
2293,4.180799999176088e-05,9.575500001801629e-05,6.970000015371625e-06,8.687000018881008e-06,8.706799999913528e-05,3.855999977986357e-06,96,False
2294,4.0455999993582736e-05,0.00011297800000420466,7.1640000101069745e-06,2.4986999989096148e-05,8.799100001510851e-05,3.874999976005711e-06,96,False
2295,7.577599998853657e-05,9.918599999991784e-05,7.060000001501976e-06,8.782999998402374e-06,9.040300000151547e-05,4.487999973434853e-06,96,False
2296,4.1006000003562804e-05,9.360399999991387e-05,6.8169999849487795e-06,8.23999999965963e-06,8.536400000025424e-05,3.907000007075112e-06,96,False
2297,4.103000000554857e-05,9.222100001693434e-05,6.786000000147396e-06,8.00200001549456e-06,8.421900000143978e-05,3.6010000030728406e-06,96,False
2298,3.899399999340858e-05,9.074700000155644e-05,6.509999991521909e-06,7.5460000061866594e-06,8.320099999536978e-05,3.638000009686948e-06,96,False
2299,3.869299999337272e-05,9.34400000005553e-05,6.577000021934509e-06,7.587000027342583e-06,8.585299997321272e-05,3.5800000262042886e-06,96,False
2300,3.887099998678423e-05,9.058200001277328e-05,6.478000017295926e-06,7.551999999577674e-06,8.30300000131956e-05,3.9829999991525256e-06,96,False
2301,3.8621000015837126e-05,8.775599999921724e-05,4.2108999991796736e-05,7.090999986303359e-06,8.066500001291388e-05,3.446999983225396e-06,96,False
2302,4.09680000075241e-05,9.08720000154517e-05,6.194000008008516e-06,7.905000018126884e-06,8.296699999732482e-05,3.4509999977672123e-06,96,False
2303,3.767900000184454e-05,8.963100000869417e-05,6.484000010686941e-06,7.554999996273182e-06,8.207600001242099e-05,3.804999977319312e-06,96,False
2304,3.702300000441028e-05,8.909900000730886e-05,6.475999981603309e-06,7.4519999770927825e-06,8.164700003021608e-05,3.5280000076909346e-06,96,False
2305,3.802500000915643e-05,9.173099999770784e-05,5.6480000125702645e-06,7.496000023365923e-06,8.423499997434192e-05,3.660000004401809e-06,96,False
2306,3.8474000007227005e-05,0.00011718299998619841,7.398999997576539e-06,7.503000006181537e-06,0.00010967999998001687,3.680999981270361e-06,96,False
2307,4.701599999634709e-05,9.43229999847972e-05,6.4169999802743405e-06,8.237999992388723e-06,8.608499999240848e-05,4.028999995853155e-06,96,False
2308,3.8267000007863317e-05,8.98879999908786e-05,5.909999998721105e-06,7.766000010178686e-06,8.212199998069991e-05,3.512999995791688e-06,96,False
2309,3.745099999719059e-05,8.926399999609202e-05,5.549999997356281e-06,7.662999990998287e-06,8.160100000509374e-05,3.357999986519644e-06,96,False
2310,3.803900000320937e-05,8.867799999734416e-05,5.705000006628325e-06,7.482999990315875e-06,8.119500000702828e-05,3.5409999838975637e-06,96,False
2311,3.7344000020311796e-05,9.006600001271181e-05,6.356000000096174e-06,7.6009999929738115e-06,8.2465000019738e-05,3.3599999937905523e-06,96,False
2312,3.7847000015744925e-05,9.003499999948872e-05,6.726000009393829e-06,7.700999987036994e-06,8.233400001245172e-05,3.6899999997785926e-06,96,False
2313,3.73489999958565e-05,9.542300000475734e-05,6.136000024525856e-06,7.869999990361976e-06,8.755300001439537e-05,3.557000013643119e-06,96,False
2314,3.817500001446206e-05,0.0001508649999948375,8.812999993779158e-06,1.7307000007349416e-05,0.00013355799998748807,6.4249999809362635e-06,96,False
2315,4.901299999460207e-05,9.92819999794392e-05,2.236199998151278e-05,8.885999989161064e-06,9.039599999027814e-05,4.1240000143716316e-06,96,False
2316,7.414499998503743e-05,0.000107682000020759,8.191000006263494e-06,9.989000005816706e-06,9.76930000149423e-05,5.458999993379621e-06,96,False
2317,5.459899998072615e-05,9.496900000272035e-05,2.484799998114795e-05,8.409000002984612e-06,8.655999999973574e-05,3.767999999126914e-06,96,False
2318,5.530100000328275e-05,9.930199999530487e-05,6.936000005453025e-06,9.159999990515644e-06,9.014200000478922e-05,4.302999997207735e-06,96,False
2319,4.083100000684681e-05,9.149599998181657e-05,6.689999992204321e-06,7.53399999098292e-06,8.396199999083365e-05,3.547000005710288e-06,96,False
2320,3.997300001401527e-05,9.19279999891387e-05,6.809000012708566e-06,8.065000002943634e-06,8.386299998619506e-05,3.4320000281695684e-06,96,False
2321,3.8609999990057986e-05,8.932999998023661e-05,6.439000003410911e-06,7.668999984389302e-06,8.16609999958473e-05,3.5850000017489947e-06,96,False
2322,3.835800001183998e-05,9.028800002397475e-05,6.5499999948315235e-06,7.691999996950472e-06,8.259600002702427e-05,3.620000001092194e-06,96,False
2323,3.7585000001172375e-05,8.892500000001746e-05,6.380999991506542e-06,7.787999976471838e-06,8.113700002354562e-05,3.4939999977723346e-06,96,False
2324,3.726199997799995e-05,8.703099999252117e-05,6.0140000073261035e-06,7.275999990952187e-06,7.975500000156899e-05,3.587000009019903e-06,96,False
2325,3.657999999973072e-05,8.919500001525194e-05,6.404999993492311e-06,7.617000022719367e-06,8.157799999253257e-05,3.5360000083528575e-06,96,False
2326,3.856999998674837e-05,8.883999998943182e-05,6.455999994159356e-06,7.388000000219108e-06,8.145199998921271e-05,3.6029999819220393e-06,96,False
2327,3.782100000648825e-05,9.070199999428041e-05,6.3070000067000365e-06,7.541999991644843e-06,8.316000000263557e-05,3.4259999779351347e-06,96,False
2328,3.644700001359524e-05,8.715300000972093e-05,6.400000017947605e-06,7.432000018070539e-06,7.972099999165039e-05,3.375000005689799e-06,96,False
2329,3.652199998782635e-05,8.699499997533167e-05,6.316999986211158e-06,7.448000019394385e-06,7.954699995593728e-05,3.434000007018767e-06,96,False
2330,3.710900000442052e-05,0.00010351299999911134,6.294999991496297e-06,9.868000006463262e-06,9.364499999264808e-05,4.480999990619239e-06,96,False
2331,4.076299998700961e-05,8.98150000239184e-05,6.203999987519637e-06,7.666000016115504e-06,8.21490000078029e-05,3.644000003077963e-06,96,False
2332,3.8256999999930486e-05,8.923300001129064e-05,6.14399999676607e-06,7.629999998925996e-06,8.160300001236465e-05,3.5500000024057954e-06,96,False
2333,3.818599998339778e-05,8.962699999415236e-05,6.439000003410911e-06,7.452000005514492e-06,8.217499998863786e-05,3.5729999865452555e-06,96,False
2334,3.6843000003727866e-05,8.727200000180346e-05,6.423000002087065e-06,7.201999977723972e-06,8.007000002407949e-05,3.4519999871918117e-06,96,False
2335,3.700699997466472e-05,8.968700001332763e-05,6.017000004021611e-06,7.505000013452445e-06,8.218199999987519e-05,3.5159999924871954e-06,96,False
2336,3.8245000013148456e-05,8.663599999181315e-05,5.28800001120544e-06,7.245999995575403e-06,7.938999999623775e-05,3.5249999825737177e-06,96,False
2337,3.702899999780129e-05,8.699299999648247e-05,5.475999984128066e-06,6.807000005437658e-06,8.018599999104481e-05,3.426000006356844e-06,96,False
2338,3.995300002657132e-05,8.63680000122713e-05,5.4789999808235734e-06,7.154999991598743e-06,7.921300002067255e-05,3.472000003057474e-06,96,False
2339,3.623200001356963e-05,8.789299999989453e-05,6.205000005365946e-06,7.513000014114368e-06,8.037999998578016e-05,3.496999994467842e-06,96,False
2340,3.711299999054063e-05,8.92880000264995e-05,6.206999984215145e-06,7.53400001940463e-06,8.175400000709487e-05,3.460000016275444e-06,96,False
2341,3.625499999770909e-05,0.00010443700000450917,5.8010000145714e-06,7.495000005519614e-06,9.694199999898956e-05,3.260999989151969e-06,96,False
2342,4.049599999689235e-05,0.00011813500000812382,6.14300000734147e-06,7.456999981059198e-06,0.00011067800002706463,3.3100000109698158e-06,96,False
2343,4.376600000455255e-05,9.371600000918079e-05,6.339000009347728e-06,7.897000017464961e-06,8.581899999171583e-05,4.149999995206599e-06,96,False
2344,3.7425999977358515e-05,8.884400000397363e-05,6.444999996801926e-06,7.643999992978934e-06,8.12000000109947e-05,3.460000016275444e-06,96,False
2345,3.719000000046435e-05,8.73919999833106e-05,6.605999999464984e-06,7.2269999975560495e-06,8.016499998575455e-05,3.3059999964279996e-06,96,False
2346,3.717699999583601e-05,8.883600000331171e-05,6.237000008013638e-06,7.259000000203741e-06,8.157700000310797e-05,3.3540000003995374e-06,96,False
2347,3.6606000008987394e-05,8.768000000713982e-05,6.06399999014684e-06,7.353000000875909e-06,8.032700000626392e-05,3.3929999858628435e-06,96,False
2348,3.591699999105913e-05,8.72859999958564e-05,6.011000010630596e-06,7.207999999536696e-06,8.00779999963197e-05,3.3729999984188908e-06,96,False
2349,3.641699998979675e-05,8.637800002020413e-05,3.0745000003662426e-05,7.049999993569145e-06,7.932800002663498e-05,3.327000001718261e-06,96,False
2350,5.358499998919797e-05,9.50589999888507e-05,6.482000003416033e-06,8.49200000629935e-06,8.656699998255135e-05,4.165999996530445e-06,96,False
2351,3.7494000025617424e-05,8.955900000273687e-05,6.474999992178709e-06,7.721000002902656e-06,8.183799999983421e-05,3.679000002421162e-06,96,False
2352,3.747800002429358e-05,8.821999998076535e-05,6.208000002061453e-06,7.582999984379057e-06,8.06369999963863e-05,3.466000009666459e-06,96,False
2353,3.710400000045411e-05,8.832299999994575e-05,5.662000006623202e-06,7.3859999929482e-06,8.093700000699755e-05,3.652000003739886e-06,96,False
2354,3.732499999387073e-05,8.664800000701689e-05,6.493000000773463e-06,7.422000010137708e-06,7.922599999687918e-05,3.2650000036937854e-06,96,False
2355,5.361499998457475e-05,9.433199997488373e-05,6.9319999909112084e-06,8.12700000096811e-06,8.620499997391562e-05,4.162000010410338e-06,96,False
2356,4.172699999571705e-05,8.902599998350524e-05,6.425000009357973e-06,7.071999988284006e-06,8.195399999522124e-05,3.4650000202418596e-06,96,False
2357,3.7904999999227584e-05,8.755800001836178e-05,5.956999984846334e-06,7.0570000048064685e-06,8.050100001355531e-05,3.4599999878537346e-06,96,False
2358,3.708700000970566e-05,8.676499999182852e-05,6.004999988817872e-06,7.151000005478636e-06,7.961399998634988e-05,3.401000014946476e-06,96,False
2359,3.6227000009603216e-05,8.94689999881848e-05,6.106999990151962e-06,7.5560000141194905e-06,8.191299997406531e-05,3.6229999977877014e-06,96,False
2360,3.6559999983865055e-05,8.663099998784674e-05,5.939999994097889e-06,7.236000016064281e-06,7.939499997178245e-05,3.6369999918406393e-06,96,False
2361,3.6695000005693146e-05,8.546899999828383e-05,6.0140000073261035e-06,7.0149999942259456e-06,7.845400000405789e-05,3.3780000023853063e-06,96,False
2362,3.635999999573869e-05,8.538299999827359e-05,5.981999976256702e-06,6.963000004134301e-06,7.841999999413929e-05,3.3700000017233833e-06,96,False
2363,3.638399999772446e-05,8.63349999917773e-05,6.149000000732485e-06,6.741999982295965e-06,7.959300000948133e-05,3.2350000083170016e-06,96,False
2364,3.7119000012353354e-05,8.626000001754619e-05,6.3720000014200195e-06,7.100000004811591e-06,7.91600000127346e-05,3.217999989146847e-06,96,False
2365,3.6821000009013005e-05,8.698100000970044e-05,5.848000000696629e-06,6.955000003472378e-06,8.002600000622806e-05,3.502999987858857e-06,96,False
2366,3.699999999184911e-05,8.916000001590874e-05,6.2230000139607e-06,7.546999995611259e-06,8.161300002029748e-05,3.70400002225324e-06,96,False
2367,3.711400000838694e-05,0.00012612100002229454,6.639000019958985e-06,6.916000018009072e-06,0.00011920500000428547,3.6550000004353933e-06,96,False
2368,4.0490000003501336e-05,9.005999999089909e-05,6.033000005345457e-06,8.088000015504804e-06,8.197199997539428e-05,3.7909999832663743e-06,96,False
2369,3.6877999974649356e-05,8.741400000644717e-05,6.0849999954371015e-06,7.734999996955594e-06,7.967900000949157e-05,3.2490000023699395e-06,96,False
2370,4.4023000015158686e-05,8.983499998294064e-05,6.533000004083078e-06,7.32899999889014e-06,8.25059999840505e-05,3.743000007716546e-06,96,False
2371,3.677800000900788e-05,8.721800000444091e-05,6.098999989490039e-06,7.5380000055247365e-06,7.967999999891617e-05,3.5909999951400096e-06,96,False
2372,3.647200000500561e-05,8.682300000373289e-05,6.305999988853728e-06,7.623000016110382e-06,7.91999999876225e-05,3.2639999858474766e-06,96,False
2373,3.843599998276659e-05,8.691700000440505e-05,3.683799999976145e-05,7.531000022709122e-06,7.938599998169593e-05,3.3080000036989077e-06,96,False
2374,4.165999999372616e-05,9.132599998906699e-05,6.6990000107125525e-06,7.818000000270331e-06,8.350799998879666e-05,3.6739999984547467e-06,96,False
2375,3.899199998613767e-05,0.0008493020000059914,1.39619999970364e-05,7.468999996262937e-06,0.0008418330000097285,3.3800000096562144e-06,96,False
2376,8.472499999356842e-05,0.00034613600001875966,1.251599999818609e-05,5.272699999636643e-05,0.00029340900002239323,1.6957000013917423e-05,96,False
2377,7.405200000221157e-05,0.00016211499999485568,9.179000016956707e-06,1.4263999986496856e-05,0.00014785100000835882,8.232999988422307e-06,96,False
2378,5.287499999440115e-05,0.00010724899999559057,7.871000008208284e-06,9.638999983963004e-06,9.761000001162756e-05,4.418000003170164e-06,96,False
2379,4.6042000008128525e-05,0.00010074700000473058,8.882999992465557e-06,8.59400000763344e-06,9.215299999709714e-05,4.062999977350046e-06,96,False
2380,5.831000001421671e-05,0.00010415999997803738,7.100000004811591e-06,9.070999993809892e-06,9.508899998422748e-05,4.394999990608994e-06,96,False
2381,4.283600000576371e-05,9.728099999506412e-05,6.8189999922196876e-06,8.337000025449015e-06,8.89439999696151e-05,3.769000016973223e-06,96,False
2382,5.8273000007602604e-05,9.558200000014949e-05,7.4879999942822906e-06,8.28599999636026e-06,8.729600000378923e-05,3.7629999951604987e-06,96,False
2383,4.025900000215188e-05,9.254799999780516e-05,7.047000025295347e-06,7.55700000354409e-06,8.499099999426107e-05,3.6930000248958095e-06,96,False
2384,4.2031999981873014e-05,9.130500001219843e-05,6.423000002087065e-06,7.3500000041804014e-06,8.395500000801803e-05,3.4799999752976873e-06,96,False
2385,3.923099998814905e-05,0.000129275000006146,7.268999979714863e-06,1.1132000025781963e-05,0.00011814299998036404,4.4359999833432084e-06,96,False
2386,4.073899998502384e-05,9.414500001980741e-05,6.721999994852013e-06,7.874999994328391e-06,8.627000002547902e-05,3.5720000255423656e-06,96,False
2387,3.918300001259922e-05,8.961599999679493e-05,6.597000009378462e-06,7.353999990300508e-06,8.226200000649442e-05,3.6510000143152865e-06,96,False
2388,3.8122000006524104e-05,8.873900000594404e-05,6.340999988196927e-06,7.2690000081365724e-06,8.146999999780746e-05,3.8370000083887135e-06,96,False
2389,3.7598000005800714e-05,8.777299998996568e-05,6.5769999935128e-06,7.270000025982881e-06,8.05029999639828e-05,3.5639999964587332e-06,96,False
2390,3.755399998794928e-05,8.573900001351831e-05,6.381999980931141e-06,6.5130000166391255e-06,7.922599999687918e-05,3.4150000089994137e-06,96,False
2391,3.6515000005010734e-05,0.0001258669999799622,7.40900000550937e-06,1.1177999994060883e-05,0.00011468899998590132,4.402000001846318e-06,96,False
2392,4.155599998512116e-05,9.303199999521894e-05,6.4899999756562465e-06,8.016999998972096e-06,8.501499999624684e-05,3.755000022920285e-06,96,False
2393,3.8746000001310676e-05,9.079299999825707e-05,6.390999999439373e-06,7.90999999367159e-06,8.288300000458548e-05,3.668999994488331e-06,96,False
2394,3.844800002639204e-05,8.887499998877502e-05,6.55300001994874e-06,7.258000010779142e-06,8.161699997799587e-05,3.641999995807055e-06,96,False
2395,3.796500001840286e-05,8.936800000469702e-05,6.256000006032991e-06,7.300000021359665e-06,8.206799998333736e-05,3.705000011677839e-06,96,False
2396,3.7539000004471745e-05,8.836800000722178e-05,6.259000002728499e-06,7.651000004216257e-06,8.071700000300552e-05,3.5520000096767035e-06,96,False
2397,3.8109000001895765e-05,0.00015531800002577256,7.405000019389263e-06,1.1213999982828682e-05,0.00014410400004294388,4.509000007146824e-06,96,False
2398,5.1788000007491064e-05,0.00010241399999699752,6.441000010681819e-06,8.90100000106031e-06,9.351299999593721e-05,4.214999989926582e-06,96,False
2399,3.905200000531295e-05,9.25260000030903e-05,6.413000022575943e-06,7.834999991018776e-06,8.469100001207153e-05,3.708999997797946e-06,96,False
2400,3.8657000004604924e-05,8.90459999993709e-05,6.297999988191805e-06,7.425999996257815e-06,8.162000000311309e-05,3.464000002395551e-06,96,False
2401,3.7780000013754034e-05,8.907000000135668e-05,6.255999977611282e-06,7.741000018768318e-06,8.132899998258836e-05,3.5169999819117947e-06,96,False
2402,5.647499997962768e-05,9.142599998313017e-05,2.9376000014735837e-05,7.879000008870207e-06,8.354699997425996e-05,3.434000007018767e-06,96,False
2403,5.6483999998135914e-05,9.787400000504931e-05,7.1170000239817455e-06,8.903999997755818e-06,8.897000000729349e-05,4.06899999916277e-06,96,False
2404,3.9581000010002754e-05,0.0001704919999951926,8.137000008900941e-06,2.0616000000472923e-05,0.00014987599999471968,7.726000006869072e-06,96,False
2405,7.243799998946088e-05,0.00011039999998274652,7.44299998700626e-06,1.0962000004610672e-05,9.943799997813585e-05,5.054000013160476e-06,96,False
2406,4.269600000839091e-05,9.493700000007266e-05,6.8870000120568875e-06,8.519999994405225e-06,8.641700000566743e-05,3.88699999120945e-06,96,False
2407,3.8517999996656727e-05,9.152000001222405e-05,6.540000015320402e-06,8.613000005652793e-06,8.290700000657125e-05,3.500999980587949e-06,96,False
2408,3.8872000004630536e-05,9.193299999310511e-05,6.310999992820143e-06,7.732000000260086e-06,8.420099999284503e-05,3.7449999865657446e-06,96,False
2409,3.9100999998709085e-05,9.004699998627075e-05,6.329999990839497e-06,7.86400002539267e-06,8.218299996087808e-05,3.5690000004251488e-06,96,False
2410,3.8269999976137115e-05,8.988499999418309e-05,6.185999978924883e-06,7.597000006853705e-06,8.228799998732939e-05,3.751000008378469e-06,96,False
2411,6.602700000257755e-05,9.728800000630144e-05,6.812000009404073e-06,8.581000003005101e-06,8.870700000329634e-05,4.135000011729062e-06,96,False
2412,3.8781000000653876e-05,9.105099999828781e-05,6.071999990808763e-06,8.041999990382465e-06,8.300900000790534e-05,3.4329999891724583e-06,96,False
2413,4.28339999984928e-05,0.0001100399999813817,7.478000014771169e-06,7.900000014160469e-06,0.00010213999996722123,3.5380000156237656e-06,96,False
2414,4.805199998259013e-05,9.458299999209885e-05,6.728000016664737e-06,8.466999986467272e-06,8.611600000563158e-05,4.349999983332964e-06,96,False
2415,3.931100002318999e-05,9.058599999889339e-05,6.1399999822242535e-06,7.772000003569701e-06,8.281399999532368e-05,3.512999995791688e-06,96,False
2416,3.738699999189521e-05,0.0001156669999886617,7.0859999823369435e-06,7.68200001743935e-06,0.00010798499997122235,3.5340000010819494e-06,96,False
2417,4.465700001787809e-05,9.455400001456837e-05,6.431000002748988e-06,8.214000018824663e-06,8.633999999574371e-05,4.1849999945497984e-06,96,False
2418,3.886499999339321e-05,8.921399998484958e-05,6.151999997427993e-06,7.580000016105259e-06,8.163399996874432e-05,3.512999995791688e-06,96,False
2419,3.7891000005174647e-05,8.845699997550582e-05,6.1549999941235e-06,7.267000000865664e-06,8.118999997464016e-05,3.3480000070085225e-06,96,False
2420,3.712399998789806e-05,8.804199998735385e-05,6.024000015258935e-06,7.667000005540103e-06,8.037499998181374e-05,3.4269999957814434e-06,96,False
2421,3.7595000009105206e-05,8.688600001960367e-05,6.151000008003393e-06,7.2710000154074805e-06,7.961500000419619e-05,3.37399998784349e-06,96,False
2422,3.694399998721565e-05,0.00010570500000994798,7.190999980366541e-06,7.152999984327835e-06,9.855200002562015e-05,3.3540000003995374e-06,96,False
2423,5.1251999991563935e-05,9.553900000014437e-05,6.227000000080807e-06,8.384999972577134e-06,8.715400002756724e-05,4.237999974066042e-06,96,False
2424,3.8301000017781917e-05,8.966999999415748e-05,6.175000009989162e-06,7.497000012790522e-06,8.217299998136696e-05,3.4890000222276285e-06,96,False
2425,3.8063999994619735e-05,8.747299997935443e-05,6.256000006032991e-06,7.238999984338079e-06,8.023399999501635e-05,3.5380000156237656e-06,96,False
2426,3.7207999980637396e-05,0.00012150899999596732,7.292999981700632e-06,6.78100002460269e-06,0.00011472799997136462,3.2610000175736786e-06,96,False
2427,5.266200000164645e-05,0.00010635099999944941,6.909000006771748e-06,8.2640000016454e-06,9.808699999780401e-05,4.248999999845182e-06,96,False
2428,3.948500000205968e-05,0.00013202799999589843,8.340000022144523e-06,1.1873999994804763e-05,0.00012015400000109366,5.164000015156489e-06,96,False
2429,4.6853000014834834e-05,0.00010047099999610509,6.38299999877745e-06,8.927000010316988e-06,9.15439999857881e-05,4.181000008429692e-06,96,False
2430,3.831000000786844e-05,8.87989999966976e-05,6.4060000113386195e-06,7.302000000208864e-06,8.149699999648874e-05,3.444000014951598e-06,96,False
2431,3.768499999523556e-05,8.82699999920078e-05,6.026999983532733e-06,7.270999986985771e-06,8.099900000502203e-05,3.37399998784349e-06,96,False
2432,3.8039999992633966e-05,8.779000000913584e-05,6.285000011985176e-06,7.287999977734216e-06,8.050200003140162e-05,3.4570000195799366e-06,96,False
2433,3.7209999987908304e-05,9.039599999027814e-05,6.197000004704023e-06,7.3549999797251076e-06,8.304100001055303e-05,3.379999981234505e-06,96,False
2434,3.7756000011768265e-05,0.00010583299999211704,6.7800000067563815e-06,1.0088999999879888e-05,9.574399999223715e-05,4.384000021673273e-06,96,False
2435,4.000599997766585e-05,9.028500002727924e-05,6.21199998818156e-06,7.871000008208284e-06,8.241400001907095e-05,3.6319999878742237e-06,96,False
2436,3.8383000003250345e-05,8.902599998350524e-05,5.974000004016489e-06,7.401000004847447e-06,8.16249999786578e-05,3.399999997100167e-06,96,False
2437,3.8633999992043755e-05,8.620799999903284e-05,5.8910000007017516e-06,7.076999992250421e-06,7.913100000678241e-05,3.4599999878537346e-06,96,False
2438,3.686099998390091e-05,8.945600001197818e-05,6.0769999947751785e-06,7.801000009521886e-06,8.165500000245629e-05,3.5520000096767035e-06,96,False
2439,3.706300000771989e-05,8.758799998531686e-05,6.0950000033699325e-06,7.449999998243584e-06,8.013799998707327e-05,3.377000012960707e-06,96,False
2440,3.765799999655428e-05,0.0001296560000128011,6.5760000040882005e-06,1.2521000002152505e-05,0.00011713500001064858,4.9950000118315074e-06,96,False
2441,4.3536999982052293e-05,9.013900000809372e-05,6.34899998885885e-06,7.363999998233339e-06,8.277500000986038e-05,3.678000012996563e-06,96,False
2442,3.8649000003943e-05,8.896099998878526e-05,4.603600001473751e-05,7.276000019373896e-06,8.168499996941136e-05,3.4470000116471056e-06,96,False
2443,4.399799999532661e-05,9.156000001553366e-05,6.743999989566873e-06,7.631999977775195e-06,8.392800003775847e-05,3.939999999147403e-06,96,False
2444,3.7869999999884385e-05,8.861699998874428e-05,6.165000002056331e-06,7.159999995565158e-06,8.145699999317912e-05,3.6170000043966866e-06,96,False
2445,3.841099999135622e-05,8.92900000053487e-05,6.261999999424006e-06,7.5929999923118885e-06,8.169700001303681e-05,3.5690000004251488e-06,96,False
2446,6.642200000328558e-05,9.984900000858943e-05,6.758000012041521e-06,1.0174999999890133e-05,8.96740000086993e-05,4.224999997859413e-06,96,False
2447,4.007699999419856e-05,8.954099999414211e-05,5.924999982198642e-06,7.83100000489867e-06,8.170999998924344e-05,3.7800000143306534e-06,96,False
2448,3.79800000018804e-05,8.838900001251204e-05,6.012000000055195e-06,7.506000002877045e-06,8.0883000009635e-05,3.3780000023853063e-06,96,False
2449,3.7731000020357897e-05,8.819000001381028e-05,6.1239999809004075e-06,7.4540000127854e-06,8.073600000102488e-05,3.5740000043915643e-06,96,False
2450,3.781700002036814e-05,8.868399999073517e-05,6.197000004704023e-06,7.210000006807604e-06,8.147399998392757e-05,3.6819999991166696e-06,96,False
2451,3.820699998868804e-05,8.884000001785353e-05,6.312000010666452e-06,7.483999979740474e-06,8.135600003811305e-05,3.5460000162856886e-06,96,False
2452,7.186199999864584e-05,9.938800002373682e-05,6.767999991552642e-06,1.0182000011127457e-05,8.920600001260937e-05,4.459999985328977e-06,96,False
2453,3.90700000139077e-05,9.047800000416828e-05,6.251000002066576e-06,7.621999998264073e-06,8.28560000059042e-05,3.563000007034134e-06,96,False
2454,3.719000000046435e-05,8.83410000085405e-05,5.728000019189494e-06,7.5199999969299824e-06,8.082100001161052e-05,3.446999983225396e-06,96,False
2455,4.0401000006795584e-05,8.623499999771411e-05,5.673000003980633e-06,6.722999984276612e-06,7.95120000134375e-05,3.553999988525902e-06,96,False
2456,3.6502999989806995e-05,8.785599999328042e-05,6.038999998736472e-06,7.018999980346052e-06,8.083700001293437e-05,3.327000001718261e-06,96,False
2457,3.7289000005102935e-05,8.741100000975166e-05,6.051999974943101e-06,7.0209999876169604e-06,8.03900000221347e-05,3.4029999937956745e-06,96,False
2458,0.0002530969999838817,0.00024850300002299264,1.1102999991408069e-05,1.36430000168275e-05,0.00023486000000616514,5.722999986801369e-06,96,False
2459,6.396000000563618e-05,0.00010798399998179775,7.497000012790522e-06,9.989999995241305e-06,9.799399998655645e-05,5.101999988710304e-06,96,False
2460,4.260899999053436e-05,9.619999997312334e-05,7.095000000845175e-06,8.073999993030156e-06,8.812599998009318e-05,3.968000015674988e-06,96,False
2461,4.064700002004429e-05,0.00013278200000854667,7.0049999862931145e-06,2.6411000021653308e-05,0.00010637099998689337,6.130999992137731e-06,96,False
2462,4.290199998990829e-05,9.236899998654735e-05,7.0410000034826226e-06,8.118000010881588e-06,8.425099997566576e-05,3.674999987879346e-06,96,False
2463,3.936100000601073e-05,0.00025406099999258913,9.658999999828666e-06,1.751899998225781e-05,0.00023654200001033132,6.529999978965861e-06,96,False
2464,5.2173000000266256e-05,0.00010723799999823314,6.950999988930562e-06,9.57400001766473e-06,9.76639999805684e-05,4.485999994585654e-06,96,False
2465,4.049899999358786e-05,9.847300000842552e-05,6.858999995529302e-06,7.839999994985192e-06,9.063300001344032e-05,3.652999993164485e-06,96,False
2466,0.00013199700001109704,0.00022359900000878952,1.7388999992817844e-05,2.7211000002580477e-05,0.00019638800000620904,1.1400000005323818e-05,96,False
2467,8.488599999623148e-05,0.00014138399998842033,8.838000013611236e-06,1.333500000555432e-05,0.000128048999982866,5.432999984122944e-06,96,False
2468,5.110600000080012e-05,0.000109406000007084,8.465999997042672e-06,9.356999981946501e-06,0.0001000490000251375,3.994999985934555e-06,96,False
2469,4.6792999995659557e-05,0.00026714599999877464,1.680200000464538e-05,2.826599998684287e-05,0.00023888000001193177,1.0204999995266917e-05,96,False
2470,8.420000000342043e-05,0.0001417200000162211,1.0582000015801896e-05,1.3770000009571959e-05,0.00012795000000664913,5.756999996719969e-06,96,False
2471,5.908599999315811e-05,0.00010551900001587455,7.526999979745597e-06,9.435999999141131e-06,9.608300001673342e-05,4.094999979997738e-06,96,False
2472,4.6543999985715345e-05,9.944000001382847e-05,6.708999990223674e-06,8.789000020215099e-06,9.065099999361337e-05,3.848999995170743e-06,96,False
2473,4.342799999790259e-05,9.660700001745681e-05,6.358999996791681e-06,8.189999988417185e-06,8.841700002903963e-05,3.7480000116829615e-06,96,False
2474,4.177499999968859e-05,9.416399998940506e-05,6.2389999868628365e-06,8.09200000162491e-06,8.607199998778015e-05,3.767000009702315e-06,96,False
2475,4.100800001083371e-05,9.29820000123982e-05,6.189999993466699e-06,7.75099999827944e-06,8.523100001411876e-05,3.878999990547527e-06,96,False
2476,3.9294999993444435e-05,9.061299999757466e-05,5.606999991414341e-06,7.85399998903813e-06,8.275900000853653e-05,3.8189999997939594e-06,96,False
2477,3.861999999799082e-05,0.00020978500000978784,1.0298999995939084e-05,7.254999985661925e-06,0.0002025300000241259,3.759000009040392e-06,96,False
2478,5.994200000714045e-05,0.00011015000001179942,6.75900000146612e-06,9.951999999202599e-06,0.00010019800001259682,4.4880000018565624e-06,96,False
2479,4.395199999862598e-05,9.99780000086048e-05,6.651999996165614e-06,8.405000016864506e-06,9.157299999174029e-05,4.028999995853155e-06,96,False
2480,4.235199997992822e-05,9.502900002189563e-05,6.475999981603309e-06,7.957999997643128e-06,8.70710000242525e-05,3.9729999912196945e-06,96,False
2481,4.15689999897495e-05,9.433400001057635e-05,6.495999997468971e-06,7.713999991665332e-06,8.662000001891101e-05,3.640999977960746e-06,96,False
2482,4.2293000007020964e-05,0.00011516700001834579,6.834000004118934e-06,8.133999983783724e-06,0.00010703300003456206,3.929000001789973e-06,96,False
2483,4.931000000851782e-05,0.00010260300001618816,6.613000010702308e-06,8.618999999043808e-06,9.398400001714435e-05,4.076999999824693e-06,96,False
2484,4.058099997905629e-05,9.252899999978581e-05,6.261000009999407e-06,7.799999991675577e-06,8.472900000811023e-05,3.6250000050586095e-06,96,False
2485,3.884599999537386e-05,8.972300000209543e-05,6.1130000119646866e-06,7.60200001082012e-06,8.212099999127531e-05,3.5680000110005494e-06,96,False
2486,3.821600000719627e-05,0.00010839199998713411,8.437000019512197e-06,7.310999990295386e-06,0.00010108099999683873,3.6389999991115474e-06,96,False
2487,5.3917999991881516e-05,9.734700000763041e-05,6.991999981664776e-06,8.592000000362532e-06,8.875500000726788e-05,4.284999988612981e-06,96,False
2488,5.402900001172384e-05,9.218799999644034e-05,6.820000010065996e-06,8.337999986451905e-06,8.385000000998843e-05,3.561999989187825e-06,96,False
2489,3.859000000261403e-05,8.954500000868393e-05,6.598999988227661e-06,7.67099999166021e-06,8.187400001702372e-05,3.6840000063875777e-06,96,False
2490,3.820300000256793e-05,8.956499999612788e-05,6.369000004724512e-06,7.525000000896398e-06,8.203999999523148e-05,3.5429999911684718e-06,96,False
2491,3.765899998597888e-05,8.999700000345001e-05,6.450000000768341e-06,7.592000002887289e-06,8.240500000056272e-05,3.448000001071705e-06,96,False
2492,3.8975999984813825e-05,9.026199998629636e-05,6.403000014643112e-06,7.508999999572552e-06,8.275299998672381e-05,3.557000013643119e-06,96,False
2493,3.756600000315302e-05,0.00015042500001527515,9.675000001152512e-06,1.9202000004270303e-05,0.00013122300001100484,7.398000008151939e-06,96,False
2494,5.185899999560206e-05,0.0001004389999934574,7.341000014093879e-06,8.916000012959557e-06,9.152299998049784e-05,4.297999993241319e-06,96,False
2495,4.2486999973334605e-05,9.574699998893266e-05,7.15799998829425e-06,8.319000016854261e-06,8.74279999720784e-05,3.4779999964484887e-06,96,False
2496,3.9626000017278784e-05,9.17509999851518e-05,6.82799998230621e-06,7.844999998951607e-06,8.390599998620019e-05,3.7640000130068074e-06,96,False
2497,3.9648000011993645e-05,9.873300001572716e-05,6.409000008034127e-06,7.777999996960716e-06,9.095500001876644e-05,3.835000001117805e-06,96,False
2498,3.894599998943704e-05,0.00012320799999088194,8.895999997093895e-06,1.3037000002213972e-05,0.00011017099998866797,5.686999998033571e-06,96,False
2499,4.751999998120482e-05,9.840000001304361e-05,6.9680000081007165e-06,9.051000006365939e-06,8.934900000667767e-05,3.905999989228803e-06,96,False
2500,4.062200000021221e-05,9.227300000702598e-05,7.0679999737421895e-06,7.958999987067727e-06,8.431400001995826e-05,3.5299999865401332e-06,96,False
2501,4.095599999232036e-05,9.17840000056458e-05,6.491000021924265e-06,7.88700000953213e-06,8.389699999611366e-05,3.87500000442742e-06,96,False
2502,3.8563999993357356e-05,9.042500002465204e-05,6.4509999901929405e-06,7.743999987042116e-06,8.268100003760992e-05,3.789999993841775e-06,96,False
2503,3.763700001968573e-05,8.90030000277875e-05,6.251000002066576e-06,7.753000005550348e-06,8.125000002223715e-05,3.4120000123039063e-06,96,False
2504,3.748499997868748e-05,0.00013513499999362466,7.087000000183252e-06,7.573999994292535e-06,0.00012756099999933213,3.3599999937905523e-06,96,False
2505,4.2828999994526384e-05,9.278300001369644e-05,6.3150000073619594e-06,8.08199999369208e-06,8.470100002000436e-05,3.7259999885463913e-06,96,False
2506,3.9159000010613454e-05,9.103599998638856e-05,6.705999993528167e-06,7.858000003579946e-06,8.317799998280861e-05,3.575999983240763e-06,96,False
2507,3.8506999999299296e-05,8.987100000013015e-05,6.551000012677832e-06,7.173999989618096e-06,8.269700001051206e-05,3.6249999766369e-06,96,False
2508,3.8577999987410294e-05,8.86910000019725e-05,5.939999994097889e-06,7.573000004867936e-06,8.111799999710456e-05,3.7140000017643615e-06,96,False
2509,3.8016999980072796e-05,0.000113166000005549,6.611999992855999e-06,7.1900000193636515e-06,0.00010597599998618534,3.41999998454412e-06,96,False
2510,4.743700000631179e-05,0.0001064870000107021,5.759999993415477e-06,8.33199999306089e-06,9.815500001764121e-05,4.281000002492874e-06,96,False
2511,3.963000000339889e-05,9.128399997848646e-05,1.6330000022435343e-05,7.885999991685821e-06,8.339799998680064e-05,3.7309999925128068e-06,96,False
2512,5.6994999994230966e-05,9.499800000867253e-05,5.895000015243568e-06,8.141000023442757e-06,8.685699998522978e-05,4.0070000011382945e-06,96,False
2513,3.8678000009895186e-05,8.986099999219732e-05,5.4709999801616505e-06,7.495000005519614e-06,8.236599998667771e-05,3.4870000149567204e-06,96,False
2514,3.751900001702779e-05,8.829000000787346e-05,4.199299999640971e-05,7.452000005514492e-06,8.083800000235897e-05,3.5609999997632258e-06,96,False
2515,4.148799999370567e-05,9.060800002202996e-05,6.55399998095163e-06,7.565000004206013e-06,8.304300001782394e-05,3.634999984569731e-06,96,False
2516,3.8348000003907146e-05,9.058500000946879e-05,5.737999998700616e-06,7.930999998961852e-06,8.265400001050693e-05,3.5559999957968103e-06,96,False
2517,3.81939999840597e-05,8.907500000532309e-05,5.671999986134324e-06,7.2089999889612955e-06,8.18660000163618e-05,3.579999997782579e-06,96,False
2518,3.823100001909552e-05,8.835999997813815e-05,5.756999996719969e-06,7.329999988314739e-06,8.102999998982341e-05,3.468999977940257e-06,96,False
2519,3.740699997933916e-05,8.915699999079152e-05,5.660999988776894e-06,8.059999998977219e-06,8.10969999918143e-05,4.0619999879254465e-06,96,False
2520,3.701299999647745e-05,8.832899999333677e-05,5.777000012585631e-06,7.440000018732462e-06,8.08889999746043e-05,3.472000003057474e-06,96,False
2521,3.7910000003194e-05,0.00012347800000611642,5.974000004016489e-06,7.230999983676156e-06,0.00011624700002244026,3.668000005063732e-06,96,False
2522,4.2043000007652154e-05,9.276100001898158e-05,5.743000002667031e-06,8.12600001154351e-06,8.463500000743807e-05,3.796999976657389e-06,96,False
2523,3.8781000000653876e-05,9.00649999948655e-05,5.71000001059474e-06,7.291000002851433e-06,8.277399999201407e-05,3.536999997777457e-06,96,False
2524,3.806800000916155e-05,8.887799998547052e-05,5.5069999973511585e-06,7.639000017434228e-06,8.12389999680363e-05,3.4249999885105353e-06,96,False
2525,3.720199998724638e-05,8.75320000091051e-05,5.609999988109848e-06,7.2919999922760326e-06,8.024000001682907e-05,3.5900000057154102e-06,96,False
2526,4.117299999961688e-05,8.75669999800266e-05,5.207000015161611e-06,7.03299997439899e-06,8.05340000056276e-05,3.415999998424013e-06,96,False
2527,3.65390000069965e-05,8.701100000507722e-05,5.679999986796247e-06,7.632000006196904e-06,7.937899999888032e-05,3.381999988505413e-06,96,False
2528,3.727300000377909e-05,8.810899998934474e-05,5.4180000006454065e-06,7.518999979083674e-06,8.059000001026106e-05,3.3129999792436138e-06,96,False
2529,3.779599998665617e-05,9.130300000492753e-05,5.6689999894388166e-06,7.253999996237326e-06,8.40490000086902e-05,3.3700000017233833e-06,96,False
2530,3.7802999997893494e-05,8.788700000650351e-05,5.705000006628325e-06,7.259000000203741e-06,8.062800000629977e-05,3.4880000043813197e-06,96,False
2531,4.0413999983002213e-05,9.023000001207038e-05,5.797000000029584e-06,7.508999999572552e-06,8.272100001249783e-05,3.5949999812601163e-06,96,False
2532,3.8017999997919105e-05,8.69680000050721e-05,6.540000015320402e-06,7.247000013421712e-06,7.972099999165039e-05,3.187000004345464e-06,96,False
2533,3.821500001777167e-05,8.683199999381941e-05,6.470999977636893e-06,6.981999973731945e-06,7.985000002008746e-05,3.4089999871866894e-06,96,False
2534,6.160899999940739e-05,0.00010967400001504757,6.694999996170736e-06,9.943000009116076e-06,9.973100000593149e-05,4.12600002164254e-06,96,False
2535,4.0104000021301545e-05,8.977999999615349e-05,6.2990000060381135e-06,7.211999985656803e-06,8.256800001049669e-05,3.5489999845594866e-06,96,False
2536,3.8267000007863317e-05,9.088800001677555e-05,6.162999994785423e-06,7.758000009516763e-06,8.313000000725879e-05,3.6639999905219156e-06,96,False
2537,3.7721000012425066e-05,8.851100000129009e-05,6.173000002718254e-06,7.444000004852569e-06,8.106699999643752e-05,3.773999992517929e-06,96,False
2538,3.680500000768916e-05,8.770200000185469e-05,6.188000014617501e-06,7.377000002861678e-06,8.032499999899301e-05,3.5580000030677184e-06,96,False
2539,3.669900002023496e-05,8.733699999652345e-05,6.366999997453604e-06,7.054000008110961e-06,8.028299998841248e-05,3.5979999779556238e-06,96,False
2540,4.433699999140117e-05,9.012300000676987e-05,6.756999994195212e-06,7.5039999956061365e-06,8.261900001116373e-05,3.9100000037706195e-06,96,False
2541,3.7095000010367585e-05,8.814499997811254e-05,6.1110000046937785e-06,7.0650000054683915e-06,8.107999997264415e-05,3.520999996453611e-06,96,False
2542,3.663100000039776e-05,8.668199998851378e-05,6.2729999967814365e-06,6.7619999981616274e-06,7.991999999035215e-05,3.57900000835798e-06,96,False
2543,3.670199998850876e-05,8.632799998053997e-05,6.431999992173587e-06,6.904000002805333e-06,7.942399997773464e-05,3.3419999851957982e-06,96,False
2544,3.708599999185935e-05,0.0003292290000160847,1.5426000004481466e-05,7.250000010117219e-06,0.00032197900000596746,3.4679999885156576e-06,96,False
2545,9.726299998646937e-05,0.0001414049999937106,9.328000004416026e-06,1.3069999994286263e-05,0.00012833499999942433,7.622999987688672e-06,96,False
2546,5.332300000304713e-05,0.00010832899999968504,7.541000002220244e-06,9.63000002229819e-06,9.869899997738685e-05,4.372000006469534e-06,96,False
2547,4.580099999884624e-05,9.963499999798842e-05,7.64800000752075e-06,8.188999998992585e-06,9.144599999899583e-05,3.931000009060881e-06,96,False
2548,4.388599998605969e-05,9.434500000793378e-05,6.583000015325524e-06,8.016000009547497e-06,8.632899999838628e-05,3.9440000136892195e-06,96,False
2549,3.9135999998052284e-05,0.00013222100000120918,6.8790000113949645e-06,2.6051999981291374e-05,0.0001061690000199178,6.3619999934871885e-06,96,False
2550,4.3513000008488234e-05,9.561199999552628e-05,6.877999993548656e-06,8.121999997001694e-06,8.748999999852458e-05,3.957000018317558e-06,96,False
2551,4.048400001011032e-05,9.269200000971978e-05,6.493999990198063e-06,7.5769999909880426e-06,8.511500001873173e-05,3.6619999832510075e-06,96,False
2552,0.00010594699998023316,0.0001242159999890191,8.986000011645956e-06,1.2507000008099567e-05,0.00011170899998091954,5.711999989443939e-06,96,False
2553,4.742899997722816e-05,0.00025758399999631365,9.253999991187811e-06,3.0086000009532654e-05,0.000227497999986781,6.867999985615825e-06,96,False
2554,0.0001820640000005369,0.00017788900001391994,1.4423999999735315e-05,1.6905999984828668e-05,0.00016098300002909127,9.013999999751832e-06,96,False
2555,6.258199999820135e-05,0.00011525700000447614,7.961999983763235e-06,1.0402000015119484e-05,0.00010485499998935666,4.692000004524743e-06,96,False
2556,4.803300001299249e-05,0.0001050099999986287,7.041999992907222e-06,9.333000008382442e-06,9.567699999024626e-05,4.101000001810462e-06,96,False
2557,4.4231999993371574e-05,9.764000000700435e-05,6.834000004118934e-06,7.891999985076836e-06,8.974800002192751e-05,3.5729999865452555e-06,96,False
2558,4.178800000431693e-05,9.507699999744545e-05,6.408000018609528e-06,8.282000010240154e-06,8.67949999872053e-05,3.6229999977877014e-06,96,False
2559,4.0673999990303855e-05,9.506999998620813e-05,6.488000025228757e-06,8.09299999104951e-06,8.697699999515862e-05,3.6190000116675947e-06,96,False
2560,4.060100002334366e-05,9.457400000201233e-05,7.5849999916499655e-06,7.965000008880452e-06,8.660899999313187e-05,3.5760000116624724e-06,96,False
2561,0.00018686900000375317,0.00014529599999946186,1.404200000365563e-05,1.3239000026032954e-05,0.0001320569999734289,7.764000002907778e-06,96,False
2562,5.382100002293555e-05,0.00011114700001257916,7.468000006838338e-06,1.0081999988642565e-05,0.00010106500002393659,4.553999986001145e-06,96,False
2563,4.062200000021221e-05,9.540399997831628e-05,6.936999994877624e-06,8.230999981151399e-06,8.717299999716488e-05,3.7100000156442547e-06,96,False
2564,4.035899999621506e-05,9.18570000010277e-05,6.615000017973216e-06,8.20700000758734e-06,8.364999999344036e-05,3.541000012319273e-06,96,False
2565,3.95620000119834e-05,9.159000001091044e-05,6.209999980910652e-06,7.427000014104124e-06,8.416299999680632e-05,3.5809999872071785e-06,96,False
2566,4.0205000004789326e-05,9.240899998985697e-05,6.235999990167329e-06,8.237000002964123e-06,8.417199998689284e-05,3.7189999773090676e-06,96,False
2567,3.8450999994665835e-05,9.077799998635783e-05,6.316999986211158e-06,7.679000020743842e-06,8.309899996561398e-05,3.779000024906054e-06,96,False
2568,3.769499997474668e-05,9.300499999653766e-05,6.313000000091051e-06,7.551000010153075e-06,8.545399998638459e-05,3.4939999977723346e-06,96,False
2569,3.70650000149908e-05,8.789599999659004e-05,6.582999986903815e-06,7.216000000198619e-06,8.067999999639142e-05,3.238000005012509e-06,96,False
2570,6.0779999984106325e-05,0.00010222699998507778,6.944000006114948e-06,9.600999987924297e-06,9.262599999715349e-05,4.3649999952322105e-06,96,False
2571,4.062600001475403e-05,9.153099998115977e-05,6.339999998772328e-06,8.006000001614666e-06,8.35249999795451e-05,3.6510000143152865e-06,96,False
2572,3.794100001641709e-05,9.032799999886265e-05,6.250000012641976e-06,7.775000000265209e-06,8.255299999859744e-05,3.375000005689799e-06,96,False
2573,3.716699998790318e-05,0.00010753699999099808,6.046000009973795e-06,7.4599999777547055e-06,0.00010007700001324338,3.49900000173875e-06,96,False
2574,3.852300000062314e-05,0.00010677599999553422,6.944000006114948e-06,1.0631999998622632e-05,9.614399999691159e-05,4.426000003832087e-06,96,False
2575,3.980399998226858e-05,8.861099999535327e-05,6.377000005386435e-06,7.59099998504098e-06,8.102000001031229e-05,3.466000009666459e-06,96,False
2576,3.789599998071935e-05,9.099999999762076e-05,6.486999978960739e-06,7.660999983727379e-06,8.333900001389338e-05,3.612000000430271e-06,96,False
2577,3.7469999995209946e-05,8.895999999936066e-05,6.0950000033699325e-06,7.417999995595892e-06,8.154200000376477e-05,3.7000000077114237e-06,96,False
2578,3.767100000118262e-05,8.979199998293552e-05,6.054000010635718e-06,7.164999999531574e-06,8.262699998340395e-05,3.4349999964433664e-06,96,False
2579,3.819599999133061e-05,8.854899999732879e-05,6.3800000020819425e-06,7.149999987632327e-06,8.139900000969646e-05,3.51099998852078e-06,96,False
2580,3.714499999318832e-05,8.705300001565774e-05,6.307999996124636e-06,7.247000013421712e-06,7.980600000223603e-05,3.5379999872020562e-06,96,False
2581,3.6730000005036345e-05,8.637899998120702e-05,6.194000008008516e-06,7.2009999882993725e-06,7.917799999290764e-05,3.571999997120656e-06,96,False
2582,3.707999999846834e-05,0.00010380899999518078,6.46200001597208e-06,9.837999982664769e-06,9.397100001251601e-05,4.351000001179273e-06,96,False
2583,4.572600002461513e-05,9.1331999982458e-05,6.281999986867959e-06,7.803000016792794e-06,8.352899996566521e-05,3.765999991856006e-06,96,False
2584,3.76630000005207e-05,8.709499999781656e-05,6.215999974301667e-06,7.266000011441065e-06,7.982899998637549e-05,3.5700000182714575e-06,96,False
2585,3.6889000000428496e-05,8.720700000708348e-05,6.367999986878203e-06,7.293999999546941e-06,7.991300000753654e-05,3.5040000057051657e-06,96,False
2586,3.693099998258731e-05,0.00014292599999521372,4.683399998839377e-05,7.185000015397236e-06,0.00013574099997981648,3.3609999832151516e-06,96,False
2587,6.571299999791336e-05,0.00010459899999659683,8.371999996370505e-06,9.537000011050623e-06,9.506199998554621e-05,4.470000021683518e-06,96,False
2588,4.0923999989672666e-05,9.351299999593721e-05,6.568999992850877e-06,8.097999995015925e-06,8.541500000092128e-05,3.9020000031086965e-06,96,False
2589,3.984800000012001e-05,8.981599998492129e-05,6.802000001471242e-06,7.615000015448459e-06,8.220099996947283e-05,3.787999986570867e-06,96,False
2590,3.841099999135622e-05,8.837299998276649e-05,6.668999986914059e-06,7.193000016059159e-06,8.117999996670733e-05,3.7199999951553764e-06,96,False
2591,3.782199999591285e-05,8.758900000316316e-05,6.323999997448482e-06,7.315000004837202e-06,8.027399999832596e-05,3.53300001165735e-06,96,False
2592,3.7100000014334e-05,9.171100001026389e-05,6.087999992132609e-06,6.9789999770364375e-06,8.473200003322745e-05,3.429999992476951e-06,96,False
2593,3.745600000115701e-05,0.00012163400000986258,6.883000025936781e-06,7.387000010794509e-06,0.00011424699999906807,3.664999979946515e-06,96,False
2594,4.414599999336133e-05,9.401299999467483e-05,6.108000007998271e-06,8.18499998445077e-06,8.582800001022406e-05,4.289000003154797e-06,96,False
2595,3.832199999465047e-05,8.914299999673858e-05,6.492000011348864e-06,7.320999998228217e-06,8.182199999851036e-05,3.876999983276619e-06,96,False
2596,3.719200000773526e-05,9.994100000199069e-05,6.498000004739879e-06,7.554000006848582e-06,9.23869999951421e-05,3.5149999746408866e-06,96,False
2597,4.143300000691852e-05,8.838399998012392e-05,6.6650000007939525e-06,6.7299999955139356e-06,8.165399998460998e-05,3.607000024885565e-06,96,False
2598,3.767199999060722e-05,8.73589999912383e-05,6.358999996791681e-06,6.80400000874215e-06,8.055499998249616e-05,3.4919999905014265e-06,96,False
2599,3.7779000024329434e-05,8.848400000260881e-05,5.9330000112822745e-06,7.145000012087621e-06,8.133899999052119e-05,3.5489999845594866e-06,96,False
2600,3.6880000010341973e-05,8.764500000779663e-05,6.224000003385299e-06,6.844000012051765e-06,8.080099999574486e-05,3.4200000129658292e-06,96,False
2601,3.6263999987795614e-05,8.646599999906357e-05,6.2729999967814365e-06,7.330000016736449e-06,7.913599998232712e-05,3.641999995807055e-06,96,False
2602,3.788399999393732e-05,8.701199999450182e-05,5.9959999987313495e-06,6.963000004134301e-06,8.004899999036752e-05,3.46499999182015e-06,96,False
2603,3.6252999990438184e-05,8.683599997993952e-05,6.0870000027080096e-06,7.07800001009673e-06,7.975799996984279e-05,3.6100000215810724e-06,96,False
2604,3.68520000222361e-05,8.674899999050467e-05,6.1130000119646866e-06,7.183000008126328e-06,7.956599998237834e-05,3.7140000017643615e-06,96,False
2605,3.698300000110066e-05,8.69670000156475e-05,5.929999986165058e-06,7.277999998223095e-06,7.96890000174244e-05,3.3349999739584746e-06,96,False
2606,3.649999999311149e-05,0.00010113099997965946,6.4950000080443715e-06,9.903000005806462e-06,9.1227999973853e-05,4.333000021006228e-06,96,False
2607,4.0525999992269135e-05,8.848500002045512e-05,5.909000009296506e-06,7.631000016772305e-06,8.085400000368281e-05,3.5580000030677184e-06,96,False
2608,3.681500001562199e-05,8.799200000453311e-05,6.0060000066641805e-06,7.36300000880874e-06,8.062899999572437e-05,3.440000000409782e-06,96,False
2609,3.7859000002526955e-05,8.859800001914664e-05,5.367999989402961e-06,7.34099998567217e-06,8.125700003347447e-05,3.4939999977723346e-06,96,False
2610,3.727399999320369e-05,8.659699997792814e-05,5.1650000045810884e-06,7.191000008788251e-06,7.940599996913988e-05,3.405999990491182e-06,96,False
2611,3.989199998954973e-05,8.759499999655418e-05,5.526999984795111e-06,7.163999981685265e-06,8.043100001486891e-05,3.3620000010614604e-06,96,False
2612,3.6526000002368164e-05,8.719900000642156e-05,5.5049999900802504e-06,7.390999996914616e-06,7.980800000950694e-05,3.4109999944575975e-06,96,False
2613,3.612899999438923e-05,8.678599999711878e-05,5.513999980166773e-06,7.2919999922760326e-06,7.949400000484275e-05,3.6270000123295176e-06,96,False
2614,3.651099999046892e-05,8.642700001360026e-05,5.563000001984619e-06,6.7720000060944585e-06,7.96550000075058e-05,3.246000005674432e-06,96,False
2615,3.641799997922135e-05,8.484700001076817e-05,6.08600001328341e-06,7.1820000187017285e-06,7.766499999206644e-05,3.3599999937905523e-06,96,False
2616,3.5819999993691454e-05,8.614600000100836e-05,6.009999992784287e-06,6.955000003472378e-06,7.919099999753598e-05,3.1829999898036476e-06,96,False
2617,3.65069999759271e-05,8.783399999856556e-05,6.182999982229376e-06,7.259999989628341e-06,8.057400000893722e-05,3.5500000024057954e-06,96,False
2618,3.74889999932293e-05,8.712099997865153e-05,2.2607999994761485e-05,6.9499999995059625e-06,8.017099997914556e-05,3.4189999951195205e-06,96,False
2619,5.305700000235447e-05,9.533299999020528e-05,6.6910000100506295e-06,8.624000003010224e-06,8.670899998719506e-05,4.135000011729062e-06,96,False
2620,3.8016999980072796e-05,8.8973000003989e-05,6.3459999921633425e-06,7.5119999962680595e-06,8.146100000772094e-05,3.4589999984291353e-06,96,False
2621,3.68530000116607e-05,9.711700002412726e-05,6.2990000060381135e-06,7.517000000234475e-06,8.960000002389279e-05,3.793000018958992e-06,96,False
2622,0.00015540800001190291,9.922399999595655e-05,7.276999980376786e-06,8.607000012261778e-06,9.061699998369477e-05,4.63899999658679e-06,96,False
2623,3.91760000013619e-05,9.049900000945854e-05,6.323999997448482e-06,7.7729999929943e-06,8.272600001646424e-05,3.525000010995427e-06,96,False
2624,3.80150000012236e-05,8.871700001122917e-05,6.417999998120649e-06,6.870999982311332e-06,8.184600002891784e-05,3.660999993826408e-06,96,False
2625,4.416600000922699e-05,8.759799999324969e-05,6.240999994133745e-06,6.957000010743286e-06,8.06409999825064e-05,3.4189999951195205e-06,96,False
2626,3.666499998189465e-05,8.798299998602488e-05,6.350000006705159e-06,7.632999995621503e-06,8.034999999040338e-05,3.2910000129504624e-06,96,False
2627,3.677300000504147e-05,8.697300000903851e-05,6.514999995488324e-06,7.238999984338079e-06,7.973400002470044e-05,3.413999991153105e-06,96,False
2628,3.719399998658446e-05,8.806700000718592e-05,5.732000005309601e-06,7.638999989012518e-06,8.04280000181734e-05,3.258999981881061e-06,96,False
2629,3.708099998789294e-05,8.638500000301974e-05,5.465999976195235e-06,7.379999999557185e-06,7.900500000346256e-05,3.31699999378543e-06,96,False
2630,3.6924999989196294e-05,0.00016014399997743567,8.507000018198596e-06,2.473500001087814e-05,0.00013540899996655753,5.884999978889027e-06,96,False
2631,5.399500000180524e-05,0.00010313999999311818,6.249999984220267e-06,9.63099998330108e-06,9.35090000098171e-05,4.791999998587926e-06,96,False
2632,4.104599997845071e-05,9.18910000109463e-05,5.974000004016489e-06,7.859999982429144e-06,8.403100002851716e-05,3.7720000136687304e-06,96,False
2633,3.906499998151958e-05,9.058799997774258e-05,5.665999992743309e-06,7.777000007536117e-06,8.281099997020647e-05,3.708999997797946e-06,96,False
2634,3.8084999999909996e-05,8.851700002310281e-05,5.194999999957872e-06,7.748999991008532e-06,8.076800003209428e-05,3.3580000149413536e-06,96,False
2635,3.648500000963395e-05,8.810700001049554e-05,5.763999979535583e-06,7.754999984399547e-06,8.0352000026096e-05,3.294999999070569e-06,96,False
2636,3.767199999060722e-05,8.750399999257752e-05,5.375000000640284e-06,7.063999987622083e-06,8.044000000495544e-05,3.523000003724519e-06,96,False
2637,3.7608000013733545e-05,0.0002867919999971491,1.3615000000299915e-05,7.542899999180008e-05,0.00021136300000534902,1.6906000013250377e-05,96,False
2638,9.585199998696226e-05,0.00014839199999983066,8.313000023463246e-06,1.4319000001705717e-05,0.00013407299999812494,6.3070000067000365e-06,96,False
2639,5.225199998903918e-05,0.00011268200000813522,8.037000014837758e-06,1.0031000016397229e-05,0.00010265099999173799,4.367000002503119e-06,96,False
2640,4.606199999557248e-05,0.00010148499998763327,6.979000005458147e-06,8.550000018203718e-06,9.293499996942955e-05,3.976999977339801e-06,96,False
2641,4.246199998192424e-05,9.674999998310341e-05,6.5600000027643546e-06,8.460000003651658e-06,8.828999997945175e-05,3.706999990527038e-06,96,False
2642,4.118900000094072e-05,0.00021231499999885273,7.928999991690944e-06,1.2755999989622069e-05,0.00019955900000923066,5.280000010543517e-06,96,False
2643,5.784399999697598e-05,0.00011976499999377666,7.272999994256679e-06,1.0532999993984049e-05,0.0001092319999997926,5.405999985441667e-06,96,False
2644,4.896499999063053e-05,0.00011208899999815003,5.805999990116106e-06,9.833999996544662e-06,0.00010225500000160537,4.5689999979003915e-06,96,False
2645,4.020099999024751e-05,9.268499999848245e-05,6.035000012616365e-06,7.695999983070578e-06,8.498900001541188e-05,3.753000015649377e-06,96,False
2646,4.010800000742165e-05,9.155600000099184e-05,5.8079999973870144e-06,7.963999991034143e-06,8.35920000099577e-05,3.4799999752976873e-06,96,False
2647,3.954199999611774e-05,0.0004947269999888704,6.665999998745065e-05,3.477200002066638e-05,0.000459954999968204,1.1849000003394394e-05,96,False
2648,0.00017929499998103893,0.00029732900000567497,1.3613000021450716e-05,3.0029000015474594e-05,0.0002672999999902004,1.0134999996580518e-05,96,False
2649,7.454999999367828e-05,0.00034250900000643014,1.1244000006627175e-05,1.1790000002065426e-05,0.0003307190000043647,4.870999987360847e-06,96,False
2650,6.791999999222753e-05,0.00011831300000153533,7.489000012128599e-06,1.0753999987400675e-05,0.00010755900001413465,5.418999990070006e-06,96,False
2651,4.8732999999856474e-05,0.00012339599999222628,8.003999994343758e-06,8.6169999917729e-06,0.00011477900000045338,4.136999990578261e-06,96,False
2652,5.557899999075744e-05,0.00010345399999778238,6.5659999961553694e-06,9.293999994497426e-06,9.416000000328495e-05,4.293000017696613e-06,96,False
2653,4.2977999981985704e-05,0.0001074000000187425,6.5499999948315235e-06,8.528999984491747e-06,9.887100003425076e-05,4.128999989916338e-06,96,False
2654,4.084099998635793e-05,9.3367999994598e-05,6.10899999742287e-06,7.95500000094762e-06,8.541299999365037e-05,3.856000006408067e-06,96,False
2655,4.157099999702041e-05,9.348500000783133e-05,6.028000001379041e-06,8.016000009547497e-06,8.546899999828383e-05,3.7199999951553764e-06,96,False
2656,3.959699998290489e-05,9.175499999969361e-05,5.859999987478659e-06,7.863000007546361e-06,8.389199999214725e-05,3.763999984585098e-06,96,False
2657,9.144899999569134e-05,0.00010334600000305727,6.928999994215701e-06,9.826999985307339e-06,9.351900001774993e-05,4.441000015731333e-06,96,False
2658,4.088400001478476e-05,0.00013403099998754442,6.791000004113812e-06,8.585000017546918e-06,0.0001254459999699975,2.457499999763968e-05,96,False
2659,4.3661000006522954e-05,9.406399999534187e-05,5.920999996078535e-06,8.592000000362532e-06,8.547199999497934e-05,3.7300000030882074e-06,96,False
2660,3.920199998219687e-05,9.315699998069249e-05,5.9490000126061204e-06,8.108000002948756e-06,8.504899997774373e-05,3.7860000077216682e-06,96,False
2661,3.995299999814961e-05,9.091800001215233e-05,4.3641000019079e-05,8.173999987093339e-06,8.2744000025059e-05,3.7400000110210385e-06,96,False
2662,4.1630999987773976e-05,9.253999999714324e-05,6.423999991511664e-06,7.946000010861098e-06,8.459399998628214e-05,3.6810000096920703e-06,96,False
2663,3.874399999403977e-05,9.03460000074574e-05,5.772999998043815e-06,7.530999994287413e-06,8.281500001316999e-05,3.3640000083323685e-06,96,False
2664,3.83310000131587e-05,9.104500000489679e-05,5.751000003328954e-06,7.818000000270331e-06,8.322700000462646e-05,3.5099999990961805e-06,96,False
2665,3.739599998198173e-05,8.846399998674315e-05,5.598000001327819e-06,7.537999977103027e-06,8.092600000964012e-05,3.5609999997632258e-06,96,False
2666,3.7289999994527534e-05,8.855300001187061e-05,5.6929999914245855e-06,7.60200001082012e-06,8.095100000105049e-05,3.5660000037296413e-06,96,False
2667,3.655300000104944e-05,0.00011047499998539934,6.132999999408639e-06,1.0637999992013647e-05,9.983699999338569e-05,4.500000017060302e-06,96,False
2668,4.231299999446492e-05,9.217299998454109e-05,5.582999989428572e-06,7.709000016120626e-06,8.446399996842047e-05,3.819999989218559e-06,96,False
2669,4.2610999997805266e-05,9.644899998306755e-05,5.719999990105862e-06,7.943000014165591e-06,8.850599996890196e-05,3.872999997156512e-06,96,False
2670,6.43900000056874e-05,9.989500000529006e-05,6.104999982881054e-06,1.0169999995923718e-05,8.972500000936634e-05,4.176000004463276e-06,96,False
2671,4.00200000001405e-05,9.131000001616485e-05,5.53899999999885e-06,7.524000011471799e-06,8.378600000469305e-05,3.547000005710288e-06,96,False
2672,7.478800000626507e-05,0.00011618400000656948,8.624999992434823e-06,1.1194999984809328e-05,0.00010498900002176015,5.655999984810478e-06,96,False
2673,4.443900002115697e-05,9.449899999935951e-05,6.149000000732485e-06,8.00099999764825e-06,8.649800000171126e-05,3.7640000130068074e-06,96,False
2674,3.947199999743134e-05,9.140400001683702e-05,5.772999998043815e-06,7.804999995641992e-06,8.359900002119502e-05,3.7810000037552527e-06,96,False
2675,4.042899999490146e-05,9.124100000690305e-05,5.734000012580509e-06,7.343999982367677e-06,8.389700002453537e-05,3.737999975328421e-06,96,False
2676,3.799099999923783e-05,8.866699999998673e-05,5.939999994097889e-06,6.842000004780857e-06,8.182499999520587e-05,3.666000026214533e-06,96,False
2677,3.8141999993968057e-05,9.137699998973403e-05,5.6849999907626625e-06,7.39700001872734e-06,8.397999997100669e-05,3.679000002421162e-06,96,False
2678,3.788899999790374e-05,9.059499998897991e-05,5.965000013929966e-06,8.250000007592462e-06,8.234499998138745e-05,3.7570000017694838e-06,96,False
2679,3.7835999989965785e-05,0.0001389469999821813,7.793999998284562e-06,7.567000011476921e-06,0.00013137999997070438,3.5099999990961805e-06,96,False
2680,5.0477000002047134e-05,0.00010124800002131451,6.282000015289668e-06,9.25599999845872e-06,9.199200002285579e-05,4.807000010487172e-06,96,False
2681,4.0253000008760864e-05,0.0001294909999955962,6.407000000763219e-06,1.1026000009906056e-05,0.00011846499998569016,4.504000003180408e-06,96,False
2682,4.6453999999584994e-05,9.400700000128381e-05,5.59600002247862e-06,7.938999999623775e-06,8.606800000166004e-05,3.737000014325531e-06,96,False
2683,3.968899997630615e-05,9.027100000480459e-05,5.5309999993369274e-06,7.941999996319282e-06,8.232900000848531e-05,3.573000014966965e-06,96,False
2684,3.760499998861633e-05,8.7954999997919e-05,5.348000001959008e-06,7.196000012754666e-06,8.075899998516434e-05,3.531000004386442e-06,96,False
2685,3.761700000382007e-05,8.805199999528668e-05,5.7110000000193395e-06,7.194999994908358e-06,8.085700000037832e-05,3.2890000056795543e-06,96,False
2686,3.816899999264933e-05,8.900199998151948e-05,5.880000003344321e-06,7.070999998859406e-06,8.193099998266007e-05,3.3789999918099056e-06,96,False
2687,3.8953000000674365e-05,8.956400000670328e-05,5.294000004596455e-06,7.683999996288549e-06,8.188000001041473e-05,3.5949999812601163e-06,96,False
2688,3.65040000076533e-05,9.091100000091501e-05,5.44799999602219e-06,7.1800000114308205e-06,8.373099998948419e-05,3.5989999958019325e-06,96,False
2689,3.6717999989832606e-05,8.637800002020413e-05,5.3819999834558985e-06,7.1199999922555435e-06,7.925800002794858e-05,3.3849999852009205e-06,96,False
2690,3.63629999924342e-05,8.806399998206871e-05,5.452999999988606e-06,7.259000000203741e-06,8.080499998186497e-05,3.6639999905219156e-06,96,False
2691,3.599400000098285e-05,8.868599999800608e-05,5.4420000026311754e-06,7.531999983712012e-06,8.115400001429407e-05,3.428000013627752e-06,96,False
2692,3.6762999997108636e-05,8.650399999510228e-05,5.431000005273745e-06,7.017000001496854e-06,7.948699999360542e-05,3.235999997741601e-06,96,False
2693,3.7563999995882114e-05,0.00011527499998464918,6.316000025208268e-06,7.12400000679736e-06,0.00010815099997785182,3.5010000090096582e-06,96,False
2694,4.7228999989101794e-05,9.517800000935495e-05,5.689000005304479e-06,8.170000000973232e-06,8.700800000838171e-05,4.159000013714831e-06,96,False
2695,3.880200000594414e-05,8.934299998486495e-05,5.4140000145253e-06,7.653000011487165e-06,8.168999997337778e-05,3.458000009004536e-06,96,False
2696,4.059700000880184e-05,8.866599998214042e-05,5.463999997346036e-06,7.709000016120626e-06,8.09569999660198e-05,3.5580000030677184e-06,96,False
2697,3.740700000776087e-05,0.00012313499999550004,6.208000002061453e-06,1.1724000017920844e-05,0.0001114109999775792,4.743999994616388e-06,96,False
2698,4.050600000482518e-05,9.154500000363441e-05,5.255999980136039e-06,7.675999995626626e-06,8.386900000800779e-05,3.8029999984701135e-06,96,False
2699,3.8509000006570204e-05,8.945199999743636e-05,5.598999990752418e-06,7.515000021385276e-06,8.193699997605108e-05,3.4370000037142745e-06,96,False
2700,3.861900000856622e-05,8.787999999526619e-05,5.471999998007959e-06,6.877999993548656e-06,8.100200000171753e-05,3.43099998190155e-06,96,False
2701,3.673999998454747e-05,8.6722999981248e-05,5.320000013853132e-06,7.417999995595892e-06,7.93049999856521e-05,3.33999997792489e-06,96,False
2702,3.6139000002322064e-05,8.65509999812275e-05,5.5250000059459126e-06,7.030000006125192e-06,7.952099997510231e-05,3.4839999898395035e-06,96,False
2703,3.707999999846834e-05,0.00010632000001464803,6.065000007993149e-06,7.248000002846311e-06,9.907200001180172e-05,3.3390000169220002e-06,96,False
2704,3.8781999990078475e-05,8.976199998755874e-05,5.611000005956157e-06,7.309000011446187e-06,8.245299997611255e-05,3.6929999964741e-06,96,False
2705,3.8074999991977165e-05,8.727900001304079e-05,2.1909999986746698e-05,7.186000004821835e-06,8.009300000821895e-05,3.800000001774606e-06,96,False
2706,5.325099999708982e-05,9.684799999831739e-05,5.848999990121229e-06,8.74100001624356e-06,8.810699998207383e-05,4.1349999833073525e-06,96,False
2707,3.814099997612175e-05,8.974200000011479e-05,5.333999979484361e-06,7.961999983763235e-06,8.178000001635155e-05,3.6170000043966866e-06,96,False
2708,3.7288999976681225e-05,8.952099997827645e-05,5.404999996017068e-06,7.332999985010247e-06,8.21879999932662e-05,3.646000010348871e-06,96,False
2709,3.658800000039264e-05,8.802399997875909e-05,5.24300000392941e-06,7.434999986344337e-06,8.058899999241476e-05,3.4029999937956745e-06,96,False
2710,4.3567999995275386e-05,8.869799998478811e-05,5.846000021847431e-06,6.893000005447902e-06,8.180499997934021e-05,3.775999999788837e-06,96,False
2711,3.7585000001172375e-05,8.841800001846423e-05,5.536999992727942e-06,7.129000010763775e-06,8.128900000770045e-05,3.3940000037091522e-06,96,False
2712,3.6945000005061956e-05,8.770900001309201e-05,5.286000003934532e-06,6.992999999511085e-06,8.071600001358092e-05,3.575999983240763e-06,96,False
2713,3.7085000002434754e-05,8.801699999594348e-05,5.4130000251007004e-06,7.616000004873058e-06,8.040099999107042e-05,3.5989999958019325e-06,96,False
2714,3.580899999633402e-05,8.719800001699696e-05,5.51600001585939e-06,7.428999992953322e-06,7.976900002404363e-05,3.5260000004200265e-06,96,False
2715,3.6217999991094985e-05,8.759199999985867e-05,5.592000007936804e-06,7.3130000259880035e-06,8.027899997387067e-05,3.3480000070085225e-06,96,False
2716,3.6537999989150194e-05,8.699099998921156e-05,5.295999983445654e-06,7.429000021375032e-06,7.956199996783653e-05,3.2109999779095233e-06,96,False
2717,3.7529999985963514e-05,8.771599999590762e-05,6.846000019322673e-06,7.227999986980649e-06,8.048800000892697e-05,3.294999999070569e-06,96,False
2718,3.621300001555028e-05,0.0001261859999885928,6.982999991578254e-06,2.9244000018024963e-05,9.694199997056785e-05,5.525999995370512e-06,96,False
2719,4.048200000283941e-05,9.045900000614893e-05,6.463999994821279e-06,7.82999998705236e-06,8.262900001909657e-05,3.5260000004200265e-06,96,False
2720,3.737200000841767e-05,9.194000000434244e-05,6.4169999802743405e-06,7.466999988992029e-06,8.447300001535041e-05,3.429999992476951e-06,96,False
2721,3.7265999992541765e-05,8.688200000506185e-05,6.138999992799654e-06,7.581000005529859e-06,7.9300999999532e-05,3.504999995129765e-06,96,False
2722,3.63620000030096e-05,8.7286999985281e-05,6.408000018609528e-06,7.164999999531574e-06,8.012199998574943e-05,3.399999997100167e-06,96,False
2723,3.6458999971955564e-05,8.736200001635552e-05,6.2469999875247595e-06,7.264000004170157e-06,8.009800001218537e-05,3.3459999997376144e-06,96,False
2724,3.919499999938125e-05,8.928200000468678e-05,6.300999984887312e-06,7.50000000948603e-06,8.178199999520075e-05,3.5239999931491184e-06,96,False
2725,3.5658999991028395e-05,8.659899998519904e-05,6.349000017280559e-06,7.129000010763775e-06,7.946999997443527e-05,3.684999995812177e-06,96,False
2726,3.7208000009059106e-05,8.561300001019845e-05,5.7919999960631685e-06,6.683999998813306e-06,7.892900001138514e-05,3.4519999871918117e-06,96,False
2727,3.608500000495951e-05,0.000232419000013806,1.700600000731356e-05,7.070000009434807e-06,0.0002253490000043712,3.2690000182356016e-06,96,False
2728,0.000127797000004648,0.00015440000001376575,9.944999987965275e-06,1.4743999997790525e-05,0.00013965600001597522,7.854000017459839e-06,96,False
2729,5.676600000015242e-05,0.00011272599999756494,8.157999985769493e-06,9.69900000313828e-06,0.00010302699999442666,4.35399999787478e-06,96,False
2730,4.7627000014927034e-05,0.00022596700000576675,9.63200000114739e-06,8.404999988442796e-06,0.00021756200001732395,3.952999975354032e-06,96,False
2731,7.046499999319167e-05,0.00011647700000594341,7.426000024679524e-06,1.1494999995420585e-05,0.00010498200001052282,4.885999999260093e-06,96,False
2732,4.479500000797998e-05,9.761600000501858e-05,7.668999984389302e-06,8.379999997032428e-06,8.923600000798615e-05,3.918999993857142e-06,96,False
2733,4.1746000022158114e-05,9.570000000280743e-05,7.100000004811591e-06,7.874999994328391e-06,8.782500000847904e-05,3.593999991835517e-06,96,False
2734,4.084100001477964e-05,9.402500000987857e-05,6.957000010743286e-06,7.797999984404669e-06,8.62270000254739e-05,3.5950000096818258e-06,96,False
2735,4.009799999948882e-05,9.19610000096327e-05,6.760000019312429e-06,7.592000002887289e-06,8.436900000674541e-05,3.7900000222634844e-06,96,False
2736,0.00013024400001881986,0.00025350699999648896,1.4370000002372763e-05,7.760399998346657e-05,0.0001759030000130224,1.148900000202957e-05,96,False
2737,6.605799998737893e-05,0.000100752000008697,7.1460000015122205e-06,9.606999981315312e-06,9.114500002738168e-05,4.329999995889011e-06,96,False
2738,4.127299999368006e-05,0.00010584000000335436,7.866999993666468e-06,8.11499998576437e-06,9.772500001758999e-05,3.844999980628927e-06,96,False
2739,4.064899999889349e-05,9.17889999811905e-05,4.40290000085497e-05,7.643999992978934e-06,8.414499998821157e-05,3.5740000043915643e-06,96,False
2740,4.350600002567262e-05,9.272100001567196e-05,6.821999988915195e-06,7.995000004257236e-06,8.472600001141473e-05,3.646000010348871e-06,96,False
2741,3.9388000004692e-05,9.088100000553823e-05,6.715000012036398e-06,7.828999997627761e-06,8.305200000791046e-05,3.6490000070443784e-06,96,False
2742,3.778399999987414e-05,8.961399998952402e-05,6.720000016002814e-06,7.464000020718231e-06,8.214999996880579e-05,3.397999989829259e-06,96,False
2743,3.74199999839675e-05,8.858399999667199e-05,6.563999988884461e-06,7.4310000002242305e-06,8.115299999644776e-05,3.391000007013645e-06,96,False
2744,3.684000000703236e-05,8.67550000123174e-05,6.384999977626649e-06,6.64499998492829e-06,8.01100000273891e-05,3.4619999951246427e-06,96,False
2745,3.7686000013081866e-05,8.794299998271526e-05,6.310000003395544e-06,7.24900002069262e-06,8.069399996202264e-05,3.235999997741601e-06,96,False
2746,7.02279999984512e-05,0.0001023749999831125,7.299000003513356e-06,9.943999998540676e-06,9.243099998457183e-05,4.431999997223102e-06,96,False
2747,3.9498000006688017e-05,9.32319999833453e-05,6.296000009342606e-06,7.980000020779698e-06,8.52519999625656e-05,3.5460000162856886e-06,96,False
2748,3.850100000590828e-05,9.124300001417396e-05,6.5840000047501235e-06,7.737000004226502e-06,8.350600000994746e-05,3.729000013663608e-06,96,False
2749,3.742300000908472e-05,8.937900000205445e-05,6.100000007336348e-06,7.570999997597028e-06,8.180800000445743e-05,3.3729999984188908e-06,96,False
2750,3.739699999982804e-05,8.958899999811365e-05,6.278000000747852e-06,7.589000006191782e-06,8.199999999192187e-05,3.3180000116317387e-06,96,False
2751,3.797600001576029e-05,8.921099998815407e-05,6.420000005391557e-06,7.501999988335228e-06,8.170899999981884e-05,3.714999991188961e-06,96,False
2752,3.6625999996431347e-05,9.377999998605446e-05,6.445999986226525e-06,7.8070000029129e-06,8.597299998314156e-05,3.3889999997427367e-06,96,False
2753,4.0138999992223034e-05,8.66530000109833e-05,6.330999980264096e-06,7.3340000028565555e-06,7.931900000812675e-05,3.2190000069931557e-06,96,False
2754,3.672299999379902e-05,8.684599998787235e-05,6.299999995462713e-06,7.205999992265788e-06,7.963999999560656e-05,3.2110000063312327e-06,96,False
2755,3.687599999580016e-05,8.816099997943638e-05,6.232999993471822e-06,7.77400001084061e-06,8.038699996859577e-05,3.5690000004251488e-06,96,False
2756,3.676899999049965e-05,8.74280000005001e-05,6.218999999418884e-06,7.450999987668183e-06,7.997700001283192e-05,3.22599998980877e-06,96,False
2757,3.613300000893105e-05,8.561499998904765e-05,6.023999986837225e-06,7.176999986313604e-06,7.843800000273404e-05,3.3339999845338752e-06,96,False
2758,3.629900001556052e-05,0.00013135400001829112,6.732999992209443e-06,1.2179000009382435e-05,0.00011917500000890868,4.957000015792801e-06,96,False
2759,4.059799999822644e-05,9.03799999889543e-05,5.916000020533829e-06,7.244999977729094e-06,8.31350000112252e-05,4.062999977350046e-06,96,False
2760,3.779899998335168e-05,9.022200001140845e-05,5.818999994744445e-06,7.3340000028565555e-06,8.28880000085519e-05,3.4310000103232596e-06,96,False
2761,3.708699998128395e-05,8.699599999317797e-05,5.9699999894746725e-06,7.551000010153075e-06,7.94449999830249e-05,3.4109999944575975e-06,96,False
2762,3.648399999178764e-05,8.839800000259856e-05,6.138000003375055e-06,7.734999996955594e-06,8.066300000564297e-05,3.5850000017489947e-06,96,False
2763,3.6069000003635665e-05,8.800899999528156e-05,6.423999991511664e-06,7.609999983060334e-06,8.039900001222122e-05,3.3389999885002908e-06,96,False
2764,8.407699999679608e-05,0.00011168200001065998,8.10399998840694e-06,1.15349999987302e-05,0.00010014700001192978,4.9630000091838156e-06,96,False
2765,4.52240000186066e-05,9.254599999053426e-05,6.7880000074183044e-06,8.064000013519035e-06,8.448199997701522e-05,3.947000010384727e-06,96,False
2766,3.900400000134141e-05,9.00640000054409e-05,6.403999975646002e-06,7.242000009455296e-06,8.282199999598561e-05,3.38599997462552e-06,96,False
2767,4.1871999997056264e-05,8.82330000138154e-05,6.654000003436522e-06,7.175999996889004e-06,8.10570000169264e-05,3.6929999964741e-06,96,False
2768,3.7891000005174647e-05,8.805400000255759e-05,6.193999979586806e-06,7.453999984363691e-06,8.06000000181939e-05,3.4330000175941677e-06,96,False
2769,3.7015999993172954e-05,8.793599999989965e-05,6.206999984215145e-06,7.689999989679563e-06,8.024600001022009e-05,3.5319999938110413e-06,96,False
2770,6.940800000165837e-05,0.0001010379999968336,6.6939999783244275e-06,9.85900001637674e-06,9.117899998045687e-05,4.380000007131457e-06,96,False
2771,4.004999999551728e-05,9.040599999821097e-05,6.217999981572575e-06,7.597000006853705e-06,8.280899999135727e-05,3.6289999911787163e-06,96,False
2772,3.7402000003794456e-05,8.864999998081657e-05,6.535000011353986e-06,7.440000018732462e-06,8.120999996208411e-05,3.496999994467842e-06,96,False
2773,3.786700000318888e-05,8.757200001241472e-05,6.415000001425142e-06,7.170000003497989e-06,8.040200000891673e-05,3.7789999964843446e-06,96,False
2774,3.810499998735395e-05,8.676600000967483e-05,6.190000021888409e-06,7.197999991603865e-06,7.956800001807096e-05,3.1210000202008814e-06,96,False
2775,3.711599998723614e-05,8.674299999711366e-05,6.205999994790545e-06,7.014000004801346e-06,7.972899999231231e-05,3.413999991153105e-06,96,False
2776,3.6731000022882654e-05,8.710100001962928e-05,6.193999979586806e-06,7.398000008151939e-06,7.970300001147734e-05,3.630000009025025e-06,96,False
2777,3.635600000961858e-05,8.69710000017676e-05,6.068000004688656e-06,7.539000023371045e-06,7.943199997839656e-05,3.4539999944627198e-06,96,False
2778,3.652099999840175e-05,8.685200000968507e-05,5.98400001194932e-06,7.116999995560036e-06,7.973500001412503e-05,3.4269999957814434e-06,96,False
2779,3.725999999915075e-05,8.778000000120301e-05,6.181000003380177e-06,6.740000003446767e-06,8.103999999775624e-05,3.660999993826408e-06,96,False
2780,3.693099998258731e-05,8.586900000295827e-05,6.165000002056331e-06,6.820999999490596e-06,7.904800000346768e-05,3.3620000010614604e-06,96,False
2781,4.028200001471305e-05,8.738200000379948e-05,6.320000011328375e-06,7.129000010763775e-06,8.02529999930357e-05,3.563000007034134e-06,96,False
2782,3.7071000008381816e-05,0.00020117100001471044,7.34099998567217e-06,6.966000000829808e-06,0.00019420500001388064,3.6730000090301473e-06,96,False
2783,5.0888000004079004e-05,9.865399999853253e-05,6.4480000219191425e-06,8.53700001357538e-06,9.011699998495715e-05,4.547000003185531e-06,96,False
2784,4.024700001536985e-05,9.42450000138706e-05,6.217999981572575e-06,7.741000018768318e-06,8.650399999510228e-05,3.886000001784851e-06,96,False
2785,3.823800000191113e-05,9.112600000094062e-05,5.998999995426857e-06,7.672000009506519e-06,8.34539999914341e-05,3.5669999931542407e-06,96,False
2786,3.8472999989380696e-05,9.014999997702944e-05,5.976000011287397e-06,7.78500000819804e-06,8.23649999688314e-05,3.348999996433122e-06,96,False
2787,3.686200000174722e-05,8.875599999669248e-05,6.412999994154234e-06,7.5640000147814135e-06,8.119199998191107e-05,3.4710000136328745e-06,96,False
2788,3.721300001302552e-05,8.682099999646198e-05,6.32600000471939e-06,6.9079999889254395e-06,7.991300000753654e-05,3.5780000189333805e-06,96,False
2789,3.697599998986334e-05,8.75309999912588e-05,6.176999988838361e-06,7.194999994908358e-06,8.033599999635044e-05,3.4380000215605833e-06,96,False
2790,3.683900001760776e-05,8.637200002681311e-05,6.159999998089916e-06,7.428000003528723e-06,7.894400002328439e-05,3.4899999832305184e-06,96,False
2791,3.592699999899196e-05,8.590900000626789e-05,6.1190000053557014e-06,7.239000012759789e-06,7.86699999935081e-05,3.1829999898036476e-06,96,False
2792,3.695200001629928e-05,8.652099998585072e-05,6.181999992804776e-06,7.234000008793373e-06,7.928699997705735e-05,3.356999997095045e-06,96,False
2793,4.150399999502952e-05,8.635700001491387e-05,6.122000002051209e-06,7.224000000860542e-06,7.913300001405332e-05,3.3780000023853063e-06,96,False
2794,5.618099999082915e-05,0.0001269890000230589,6.248999994795668e-06,1.0808999974187827e-05,0.00011618000004887108,4.388999997217979e-06,96,False
2795,4.3684000019084124e-05,9.004199998230433e-05,6.374000008690928e-06,7.890000006227638e-06,8.21519999760767e-05,3.552999999101303e-06,96,False
2796,3.75580000024911e-05,8.846800000128496e-05,6.071000001384164e-06,7.874000004903792e-06,8.059399999638117e-05,3.5350000189282582e-06,96,False
2797,3.821399999992536e-05,8.801800001378979e-05,5.525999995370512e-06,7.092000004149668e-06,8.092600000964012e-05,3.401000014946476e-06,96,False
2798,3.648400002020935e-05,8.809199999859629e-05,6.043000013278288e-06,7.508000010147953e-06,8.058399998844834e-05,3.3649999977569678e-06,96,False
2799,3.6834000013641344e-05,8.563700001218422e-05,5.703999988782016e-06,7.210000006807604e-06,7.842700000537661e-05,3.3660000156032766e-06,96,False
2800,3.647599999112572e-05,8.673600001429804e-05,5.469999990737051e-06,7.286999988309617e-06,7.944900002598843e-05,3.24800001294534e-06,96,False
2801,3.5773999996990824e-05,8.467300000347677e-05,5.60800000926065e-06,6.512999988217416e-06,7.816000001525936e-05,3.139000000373926e-06,96,False
2802,3.607499999702668e-05,8.61580000162121e-05,5.3089999880739924e-06,7.446000012123477e-06,7.871200000408862e-05,3.3240000050227536e-06,96,False
2803,3.628900000762769e-05,8.627899998714383e-05,6.752999979653396e-06,6.855000009409196e-06,7.942399997773464e-05,3.2930000202213705e-06,96,False
2804,3.77700000058212e-05,8.797699999263386e-05,6.493000000773463e-06,7.098999986965282e-06,8.087800000566858e-05,3.1479999904604483e-06,96,False
2805,3.747700000644727e-05,8.836800000722178e-05,5.588000021816697e-06,7.440000018732462e-06,8.092799998848932e-05,3.47600001759929e-06,96,False
2806,3.6526999991792763e-05,8.715099997402831e-05,5.393000009235038e-06,7.048000014719946e-06,8.010299995930836e-05,3.458000009004536e-06,96,False
2807,6.895799998574148e-05,9.740300001226387e-05,5.856999990783152e-06,8.872999984532726e-06,8.853000002773115e-05,4.149000005782e-06,96,False
2808,3.92809999993915e-05,8.953299999348019e-05,5.294000004596455e-06,7.697999990341486e-06,8.18350000031387e-05,3.769999977976113e-06,96,False
2809,3.74520000150369e-05,9.146600001486149e-05,5.595000004632311e-06,7.690999979104163e-06,8.377500003575733e-05,3.4050000010665826e-06,96,False
2810,3.7495000015042024e-05,8.646399999179266e-05,3.513900000484682e-05,6.976999998187239e-06,7.948699999360542e-05,3.458000009004536e-06,96,False
2811,4.086100000222359e-05,9.02749999909247e-05,5.8079999973870144e-06,7.710999994969825e-06,8.256399999595487e-05,3.6069999964638555e-06,96,False
2812,3.694299999779105e-05,8.702200000243465e-05,5.821000002015353e-06,6.974000001491731e-06,8.004800000094292e-05,3.3560000076704455e-06,96,False
2813,3.681300000835108e-05,8.836899999664638e-05,5.890000011277152e-06,6.748999993533289e-06,8.162000000311309e-05,3.456999991158227e-06,96,False
2814,3.742100000181381e-05,8.76710000170533e-05,5.278999992697209e-06,7.367999984353446e-06,8.030300003269986e-05,3.38500001362263e-06,96,False
2815,3.70300000156476e-05,9.104399998705048e-05,5.3349999973306694e-06,7.320000008803618e-06,8.372399997824687e-05,3.4200000129658292e-06,96,False
2816,3.6546999979236716e-05,8.620099998779551e-05,5.43699999866476e-06,7.4020000226937555e-06,7.879899996510176e-05,3.249999991794539e-06,96,False
2817,3.659899999775007e-05,8.576599998377787e-05,5.309000016495702e-06,7.213000003503112e-06,7.855299998027476e-05,3.2610000175736786e-06,96,False
2818,3.652899999906367e-05,8.60549999970317e-05,1.910100002078252e-05,6.786999989571996e-06,7.92680000074597e-05,3.1929999977364787e-06,96,False
2819,3.8064999984044334e-05,0.000125306999990471,6.1890000040421e-06,1.0689999982105292e-05,0.00011461700000836572,4.272000012406352e-06,96,False
2820,3.967700001794583e-05,9.070999999494234e-05,6.665999990218552e-06,7.515000021385276e-06,8.319499997355706e-05,3.5280000076909346e-06,96,False
2821,3.747600001702267e-05,8.781899998666631e-05,6.242000011980053e-06,7.2269999975560495e-06,8.059199998911026e-05,3.4899999832305184e-06,96,False
2822,3.650800002219512e-05,8.646700001690988e-05,6.408000018609528e-06,7.00999999025953e-06,7.945700002665035e-05,3.4230000096613367e-06,96,False
2823,0.00018986000000609238,0.0001702090000037515,1.362099999369093e-05,1.59669999959533e-05,0.0001542420000077982,8.096000016166727e-06,96,False
2824,5.843699997853946e-05,0.00011355899999898611,8.983000014950449e-06,1.025800000320487e-05,0.00010330099999578124,4.576000009137715e-06,96,False
2825,4.879799999457646e-05,0.00010394200000973797,8.336999997027306e-06,9.213000026875307e-06,9.472899998286266e-05,3.915999997161634e-06,96,False
2826,0.00010156700000152341,0.00021780500000545544,1.1830000005375041e-05,2.1979999985433096e-05,0.00019582500002002234,8.071999985759248e-06,96,False
2827,5.488400000785987e-05,9.801499999184671e-05,6.570000010697186e-06,9.269999992511657e-06,8.874499999933505e-05,4.130999997187246e-06,96,False
2828,4.0288000008104063e-05,9.127999999236636e-05,7.001000000173008e-06,7.584000002225366e-06,8.369599999014099e-05,3.945999992538418e-06,96,False
2829,3.936799998882634e-05,9.063899997840963e-05,6.659999996827537e-06,7.3860000213699095e-06,8.325299995703972e-05,3.478000024870198e-06,96,False
2830,3.7835999989965785e-05,8.917700000665718e-05,6.7019999789863505e-06,7.764000002907778e-06,8.14130000037494e-05,3.3379999990756914e-06,96,False
2831,3.8028999995276536e-05,0.00034891699999661796,1.68109999947319e-05,6.800500000281318e-05,0.0002809119999938048,1.675600000794475e-05,96,False
2832,9.050700001012046e-05,0.00013657799999577946,9.372999983270347e-06,1.4095000011593584e-05,0.00012248299998418588,5.513999980166773e-06,96,False
2833,5.230499999697713e-05,0.00010979900000052112,7.855999996309038e-06,9.712000007766619e-06,0.0001000869999927545,4.418000003170164e-06,96,False
2834,4.545799998822986e-05,0.00010156799999094801,7.288999995580525e-06,9.325999997145118e-06,9.224199999380289e-05,3.894999991871373e-06,96,False
2835,4.345000002103916e-05,9.773000002155641e-05,7.375000024012479e-06,8.816000018896375e-06,8.891400000266003e-05,3.7599999984649912e-06,96,False
2836,5.803999999898224e-05,9.604699999954391e-05,7.37499999559077e-06,8.188000009567986e-06,8.785899998997593e-05,3.8970000275639904e-06,96,False
2837,4.036000001406137e-05,9.896599999592581e-05,6.957000010743286e-06,8.00099999764825e-06,9.096499999827756e-05,3.609999993159363e-06,96,False
2838,3.968699999745695e-05,9.246099997994861e-05,1.2226999984932263e-05,8.000000008223651e-06,8.446099997172496e-05,3.5280000076909346e-06,96,False
2839,0.0001004350000073373,0.00011546899997938453,7.363999998233339e-06,9.66499999321968e-06,0.00010580399998616485,5.582000000003973e-06,96,False
2840,4.1495000004942995e-05,9.300400000711306e-05,6.561999981613553e-06,8.09399998047411e-06,8.491000002663895e-05,3.960000015013065e-06,96,False
2841,3.9340999990145065e-05,9.113200002275335e-05,6.427000016628881e-06,7.473000010804753e-06,8.365900001194859e-05,3.620000001092194e-06,96,False
2842,3.755500000579559e-05,8.84439999992992e-05,6.71300000476549e-06,7.500999998910629e-06,8.094300000038857e-05,3.4669999990910583e-06,96,False
2843,3.8748999998006184e-05,8.970199999680517e-05,6.6209999829425215e-06,7.122999988951051e-06,8.257900000785412e-05,3.641999995807055e-06,96,False
2844,3.7423999998509316e-05,8.753400001637601e-05,6.58800001929194e-06,6.936000005453025e-06,8.059800001092299e-05,3.4759999891775806e-06,96,False
2845,3.656599997725607e-05,8.830100000523089e-05,6.307999996124636e-06,7.447999990972676e-06,8.085300001425821e-05,3.6160000149720872e-06,96,False
2846,3.6673000010978285e-05,8.774599999128441e-05,6.0300000086499495e-06,7.43199998964883e-06,8.031400000163558e-05,3.3199999904809374e-06,96,False
2847,3.619699998580472e-05,9.067799999229464e-05,6.0039999993932724e-06,7.6190000015685655e-06,8.305899999072608e-05,3.429999992476951e-06,96,False
2848,4.061499998897489e-05,8.783199999129465e-05,5.920999996078535e-06,7.124999996221959e-06,8.070699999507269e-05,3.5580000030677184e-06,96,False
2849,7.20249999801581e-05,9.781699998256954e-05,6.809000012708566e-06,8.694000001696622e-06,8.912299998087292e-05,4.097000015690355e-06,96,False
2850,4.181799999969371e-05,0.00011266399999954047,7.347000007484894e-06,9.694000027593574e-06,0.00010296999997194689,4.454999981362562e-06,96,False
2851,4.654599999298625e-05,0.00011149400000931564,8.129999997663617e-06,9.810999983983493e-06,0.00010168300002533215,4.015999991224817e-06,96,False
2852,4.087099998173471e-05,8.87269999907403e-05,6.3070000067000365e-06,7.3549999797251076e-06,8.137200001101519e-05,3.6069999964638555e-06,96,False
2853,3.715899998724126e-05,0.00014649099998109705,9.457000004431393e-06,7.699999997612395e-06,0.00013879099998348465,9.048999999095031e-06,96,False
2854,5.225199998903918e-05,9.918099999595142e-05,6.718000008731906e-06,8.876000009649943e-06,9.030499998630148e-05,4.385000011097873e-06,96,False
2855,4.088599999363396e-05,9.233899999117057e-05,6.87300001800395e-06,7.959000015489437e-06,8.437999997568113e-05,3.595999999106425e-06,96,False
2856,3.886499999339321e-05,9.11180000002787e-05,6.30300002057993e-06,8.066000020789943e-06,8.305199997948876e-05,3.745000014987454e-06,96,False
2857,3.87559999808218e-05,8.968800000275223e-05,5.841000017881015e-06,8.045999976502571e-06,8.164200002624966e-05,3.722999991850884e-06,96,False
2858,9.538200001202313e-05,0.00011339700000689845,8.197999989079108e-06,1.058999998804211e-05,0.00010280700001885634,5.2299999993010715e-06,96,False
2859,4.4139999999970314e-05,0.0001310350000096605,7.0389999962117145e-06,7.820000007541239e-06,0.00012321500000211927,4.128999989916338e-06,96,False
2860,4.325299997276488e-05,9.460900000135553e-05,6.138999992799654e-06,8.76499998980762e-06,8.58440000115479e-05,3.887999980634049e-06,96,False
2861,3.9159000010613454e-05,9.00649999948655e-05,5.877000006648814e-06,8.005000012190067e-06,8.205999998267544e-05,3.6459999819271616e-06,96,False
2862,3.909199998020085e-05,9.035799999423944e-05,5.605000012565142e-06,7.298999975091647e-06,8.305900001914779e-05,3.6810000096920703e-06,96,False
2863,3.8017999997919105e-05,8.767899998929352e-05,5.923999992774043e-06,7.174000018039806e-06,8.050499997125371e-05,3.5829999944780866e-06,96,False
2864,0.00015196399999695132,0.00016006399999923815,1.4295000028141658e-05,1.3886000004958987e-05,0.00014617799999427916,8.167999993702324e-06,96,False
2865,5.997599998863734e-05,0.0001183749999995598,7.753999994974947e-06,1.1046999986774608e-05,0.0001073280000127852,5.056999981434274e-06,96,False
2866,5.785500002275512e-05,0.00012023699997598669,7.586000009496274e-06,1.1952999983577683e-05,0.00010828399999240901,4.951999983404676e-06,96,False
2867,4.6681000014814344e-05,0.00010147099999358034,6.595999991532153e-06,9.567000006427406e-06,9.190399998715293e-05,4.0879999971821235e-06,96,False
2868,4.23439999792663e-05,0.00010021099998880345,6.025000004683534e-06,8.641999983183268e-06,9.156900000562018e-05,4.480999990619239e-06,96,False
2869,4.139699998972901e-05,9.478900000203794e-05,6.089999999403517e-06,8.250999997017061e-06,8.653800000502088e-05,3.4149999805777043e-06,96,False
2870,4.0891000026022084e-05,9.540099998162077e-05,5.8389999821883976e-06,7.674999977780317e-06,8.772600000384045e-05,3.7749999819425284e-06,96,False
2871,4.12500000095406e-05,0.00012443800000028205,7.0939999829988665e-06,8.129999997663617e-06,0.00011630800000261843,3.8009999911992054e-06,96,False
2872,5.0888000004079004e-05,9.982600002444997e-05,6.67899999484689e-06,8.774999997740451e-06,9.105100002670952e-05,4.189000009091615e-06,96,False
2873,4.100099999959639e-05,0.00023933399998554705,5.033100001128332e-05,8.296000004293091e-06,0.00023103799998125396,3.7270000063927e-06,96,False
2874,8.39070000040465e-05,0.00011161199998355187,8.551000007628318e-06,1.0126999995918595e-05,0.00010148499998763327,5.3870000158440234e-06,96,False
2875,4.205600001228049e-05,0.00013916599999674872,8.527999995067148e-06,8.782000008977775e-06,0.00013038399998777095,4.062000016347156e-06,96,False
2876,5.608099999676597e-05,0.00015338599999381586,7.938999999623775e-06,1.0357000007843453e-05,0.0001430289999859724,4.78799998404611e-06,96,False
2877,5.7781000009526906e-05,0.00010673400001337541,5.440099999987069e-05,9.00500000966531e-06,9.77290000037101e-05,4.34300000051735e-06,96,False
2878,6.191100001728955e-05,0.00010860099999376871,8.121999997001694e-06,1.002999999855092e-05,9.857099999521779e-05,4.675000013776298e-06,96,False
2879,4.555900000013935e-05,0.00010510999999269188,8.089999994354002e-06,8.654999987811607e-06,9.645500000488028e-05,3.6459999819271616e-06,96,False
2880,7.447600000887178e-05,0.00010705600001870152,7.447000001548076e-06,1.0829999979478089e-05,9.622600003922344e-05,4.657000005181544e-06,96,False
2881,4.164800000694413e-05,9.349999999130887e-05,6.370999983573711e-06,8.057000002281711e-06,8.544299998902716e-05,3.71599998061356e-06,96,False
2882,4.021300000545125e-05,0.00016631599999072932,7.450000026665293e-06,1.4365000026828056e-05,0.00015195099996390127,5.970000017896382e-06,96,False
2883,4.999200001520876e-05,0.00010440700000913239,7.492999998248706e-06,9.100999989186676e-06,9.530600001994571e-05,4.652999990639728e-06,96,False
2884,4.265300000838579e-05,9.481999998683932e-05,4.5268000008036324e-05,8.116999993035279e-06,8.670299999380404e-05,3.845999998475236e-06,96,False
2885,4.9004000004515547e-05,0.00010045899998090135,8.38899998711895e-06,8.374999993066012e-06,9.208399998783534e-05,4.102000019656771e-06,96,False
2886,4.179800001224976e-05,9.432900000660993e-05,6.377000005386435e-06,8.155000017495695e-06,8.617399998911424e-05,3.93299998791008e-06,96,False
2887,4.0114999990237266e-05,0.00011974199998121549,7.947000000285698e-06,7.945999982439389e-06,0.0001117959999987761,3.848999995170743e-06,96,False
2888,4.8973999980717053e-05,9.878800000251431e-05,6.611999992855999e-06,8.785000005673282e-06,9.000299999684103e-05,4.356000005145688e-06,96,False
2889,4.0239000014707926e-05,9.363399999529065e-05,6.925000008095594e-06,8.094000008895819e-06,8.553999998639483e-05,3.6100000215810724e-06,96,False
2890,4.043100000217237e-05,9.275599998659345e-05,5.939999994097889e-06,7.939999989048374e-06,8.481599999754508e-05,3.5780000189333805e-06,96,False
2891,3.9853000004086425e-05,9.438699999009259e-05,6.812999998828673e-06,7.567000011476921e-06,8.681999997861567e-05,3.698999989865115e-06,96,False
2892,3.8074000002552566e-05,9.118399998442328e-05,6.38299999877745e-06,7.640000006858827e-06,8.354399997756445e-05,3.672999980608438e-06,96,False
2893,3.892699999141769e-05,0.00012979100000620747,7.638999989012518e-06,8.17200000824414e-06,0.00012161899999796333,3.642999985231654e-06,96,False
2894,4.590800000414674e-05,0.00010144199998762815,6.8690000034621335e-06,8.25300000428797e-06,9.318899998334018e-05,3.7270000063927e-06,96,False
2895,4.067700001542107e-05,9.683700000095996e-05,6.6049999816186755e-06,7.62499999495958e-06,8.921200000600038e-05,3.4210000023904286e-06,96,False
2896,3.9420999996764294e-05,9.137600000030943e-05,6.253999998762083e-06,7.83000001547407e-06,8.354599998483536e-05,3.4939999977723346e-06,96,False
2897,3.812799999991512e-05,0.00011283400002071176,6.573000007392693e-06,7.804999995641992e-06,0.00010502900002506976,2.084700000182238e-05,96,False
2898,3.790700000649849e-05,8.915399999409601e-05,6.275000004052345e-06,7.5460000061866594e-06,8.160799998790935e-05,3.819999989218559e-06,96,False
2899,3.6911999984567956e-05,0.00010185499999693093,6.734000010055752e-06,1.0384999995949329e-05,9.14700000009816e-05,4.523999990624361e-06,96,False
2900,4.0275999992900324e-05,8.9712000004738e-05,6.374000008690928e-06,7.804000006217393e-06,8.190799999852061e-05,3.6929999964741e-06,96,False
2901,3.8895999978194595e-05,9.005300000808347e-05,6.3699999941491114e-06,7.917999994333513e-06,8.213500001374996e-05,3.749000001107561e-06,96,False
2902,3.795899999659014e-05,8.843099999467086e-05,6.190999982891299e-06,7.851999981767221e-06,8.057900001290363e-05,3.6190000116675947e-06,96,False
2903,3.9455999996107494e-05,9.973999999601801e-05,7.444000004852569e-06,8.121999997001694e-06,9.161799999901632e-05,3.7220000024262845e-06,96,False
2904,4.043699999556338e-05,9.833400000047732e-05,6.339999998772328e-06,7.831999994323269e-06,9.050200000615405e-05,3.869000011036405e-06,96,False
2905,6.842300001608237e-05,0.00010191800001280171,6.968999997525316e-06,9.918000017705708e-06,9.1999999995096e-05,4.340000003821842e-06,96,False
2906,3.95260000232156e-05,9.128700000360368e-05,6.263999978273205e-06,7.995000004257236e-06,8.329199999934644e-05,3.775999999788837e-06,96,False
2907,3.76630000005207e-05,8.868300000131057e-05,6.589000008716539e-06,7.776000018111517e-06,8.090699998319906e-05,3.4050000010665826e-06,96,False
2908,3.665599999180813e-05,9.362900001974594e-05,6.033000005345457e-06,7.788000004893547e-06,8.58410000148524e-05,3.520999996453611e-06,96,False
2909,3.7141999996492814e-05,8.750300000315292e-05,6.1920000007376075e-06,7.404000001542954e-06,8.009900000160997e-05,3.468000016937367e-06,96,False
2910,3.744200000710407e-05,8.78859999886572e-05,6.186000007346593e-06,7.366000005504247e-06,8.051999998315296e-05,3.5600000103386265e-06,96,False
2911,0.0001230180000106884,0.00011799899999687113,8.054000005586204e-06,1.2166000004754096e-05,0.00010583299999211704,4.6050000150898995e-06,96,False
2912,4.8323999976673804e-05,9.31579999985388e-05,6.219999988843483e-06,8.232999988422307e-06,8.492500001011649e-05,4.130000007762646e-06,96,False
2913,3.932600000666753e-05,9.166099999902144e-05,6.533000004083078e-06,8.004000022765467e-06,8.365699997625597e-05,3.9260000050944655e-06,96,False
2914,3.935899999873982e-05,9.024400000612331e-05,6.129999974291422e-06,7.850999992342622e-06,8.239300001378069e-05,3.674999987879346e-06,96,False
2915,3.693800002224634e-05,8.926200001724283e-05,6.015999986175302e-06,7.847000006222515e-06,8.141500001102031e-05,3.4109999944575975e-06,96,False
2916,3.824999998869316e-05,0.0001341999999908694,6.4769999994496175e-06,1.1825999990833225e-05,0.00012237400000003618,4.300000000512227e-06,96,False
2917,4.072800001608812e-05,9.005600000477898e-05,6.6180000146687235e-06,7.698999979766086e-06,8.23570000250129e-05,3.6469999997734703e-06,96,False
2918,3.808399998206369e-05,8.846400001516486e-05,5.665999992743309e-06,7.331999995585647e-06,8.113200001957921e-05,3.8050000057410216e-06,96,False
2919,3.730299999915587e-05,8.840600000326049e-05,5.63099999340011e-06,7.405000019389263e-06,8.100099998387122e-05,3.4069999799157813e-06,96,False
2920,0.00015127300000017385,0.0001811150000037287,1.3379999984408641e-05,2.0450999983268048e-05,0.00016066400002046066,9.486999999808177e-06,96,False
2921,6.317300000091564e-05,0.00011846800001080737,8.06900001748545e-06,1.1187000012569115e-05,0.00010728099999823826,4.7959999847080326e-06,96,False
2922,5.009399998812114e-05,0.0001087370000050214,7.569999979750719e-06,9.747999996534418e-06,9.898900000848698e-05,4.455000009784271e-06,96,False
2923,5.214399999431407e-05,0.00010874700001295423,7.2690000081365724e-06,8.83399999906942e-06,9.991300001388481e-05,4.001999997171879e-06,96,False
2924,4.4855999988158146e-05,0.00010097500000938453,6.914000010738164e-06,9.025999986533861e-06,9.194900002285067e-05,3.9829999991525256e-06,96,False
2925,4.313100001240855e-05,9.653199998638229e-05,6.7299999955139356e-06,8.350000001655644e-06,8.818199998472664e-05,3.826000011031283e-06,96,False
2926,4.137200002674035e-05,9.503399999744033e-05,6.449000011343742e-06,8.078000007571973e-06,8.695599998986836e-05,3.5399999944729643e-06,96,False
2927,4.1344999999637366e-05,9.405700001252626e-05,7.598999985702903e-06,7.572999976446226e-06,8.648400003608003e-05,3.907000007075112e-06,96,False
2928,4.003199998692253e-05,9.299999999257125e-05,6.265700000085417e-05,8.170999990397831e-06,8.482900000217342e-05,3.885000012360251e-06,96,False
2929,0.00014377600001580504,0.00019079799997712144,1.2254000012035249e-05,1.8822000015461526e-05,0.0001719759999616599,9.784000013723926e-06,96,False
2930,6.260799997903632e-05,0.00012197499998478634,8.042999979807064e-06,1.1298000003989728e-05,0.00011067699998079661,4.6680000025389745e-06,96,False
2931,5.270500000165157e-05,0.00011311399998703564,7.612999979755841e-06,1.0003999989294243e-05,0.0001031099999977414,4.191000016362523e-06,96,False
2932,4.932199999529985e-05,0.00010650799998757066,7.541999991644843e-06,9.511000001793946e-06,9.699699998577671e-05,4.141000005120077e-06,96,False
2933,4.723499998249281e-05,0.00010414300001571064,7.109999984322712e-06,8.98100000767954e-06,9.51620000080311e-05,3.872999997156512e-06,96,False
2934,4.61730000154148e-05,0.00012193699998874763,8.339999993722813e-06,1.0846999998648243e-05,0.00011108999999009939,4.5019999959095e-06,96,False
2935,5.262799999172785e-05,0.00010320699999510907,7.320999998228217e-06,8.688999997730207e-06,9.451799999737887e-05,3.940999988572003e-06,96,False
2936,4.438799999206822e-05,0.00018526899998505542,9.919999996554907e-06,1.1645999990150813e-05,0.0001736229999949046,4.8039999853699555e-06,96,False
2937,6.182299998158669e-05,0.00010619599999017737,8.300999979837798e-06,9.446000007073962e-06,9.674999998310341e-05,4.7309999899880495e-06,96,False
2938,4.440800000793388e-05,0.00020932900000047994,7.632999995621503e-06,8.755999999721098e-06,0.00020057300000075884,3.901999974686987e-06,96,False
2939,4.8036000009687996e-05,0.00010204399998769986,6.3619999934871885e-06,9.179999977959596e-06,9.286400000974027e-05,4.025999999157648e-06,96,False
2940,4.348499999196065e-05,0.00012819700000932244,6.58799999087023e-06,8.539999981849178e-06,0.00011965700002747326,1.3886999994383586e-05,96,False
2941,4.49089999960961e-05,9.664500001349552e-05,6.152999986852592e-06,8.766000007653929e-06,8.787900000584159e-05,3.6490000070443784e-06,96,False
2942,4.10419999923306e-05,9.335100000384955e-05,7.138999990274897e-06,7.672000009506519e-06,8.567899999434303e-05,3.6479999891980697e-06,96,False
2943,3.999799997700393e-05,9.676199999830715e-05,6.1739999921428534e-06,7.767000028024995e-06,8.899499997028215e-05,3.741000000445638e-06,96,False
2944,4.063099999029873e-05,0.00010568499999408232,8.329999985789982e-06,9.056999999756954e-06,9.662799999432536e-05,4.2419999886078585e-06,96,False
2945,4.537299997764421e-05,0.00010611899998025365,6.90699999950084e-06,8.814000011625467e-06,9.730499996862818e-05,4.038000014361387e-06,96,False
2946,8.432600000674029e-05,9.910599999329861e-05,6.2809999974433595e-06,9.083000009013631e-06,9.002299998428498e-05,4.191000016362523e-06,96,False
2947,3.867199998808246e-05,9.00640000054409e-05,5.651000009265772e-06,7.764000002907778e-06,8.230000000253312e-05,3.4439999865298887e-06,96,False
2948,3.722899998592766e-05,9.054000000219276e-05,6.310000003395544e-06,7.77400001084061e-06,8.276599999135215e-05,3.304000017578801e-06,96,False
2949,3.77379999747518e-05,8.837100000391729e-05,6.805999987591349e-06,7.160000023986868e-06,8.121099997993042e-05,3.4279999852060428e-06,96,False
2950,3.860799998278708e-05,0.00010384200001567478,7.571999987021627e-06,8.505000010927688e-06,9.53370000047471e-05,4.104999987930569e-06,96,False
2951,4.696200002740625e-05,9.817899999120527e-05,6.534999982932277e-06,9.683999991239034e-06,8.849499999996624e-05,4.450000005817856e-06,96,False
2952,3.736499999718035e-05,8.828599999333164e-05,5.912000005992013e-06,7.541000002220244e-06,8.07449999911114e-05,3.3679999944524752e-06,96,False
2953,3.725100000906423e-05,8.900599999606129e-05,6.14399999676607e-06,7.64899999694535e-06,8.135699999911594e-05,3.286999998408646e-06,96,False
2954,3.747600001702267e-05,8.80910000091717e-05,5.901000008634583e-06,7.4229999995623075e-06,8.066800000960939e-05,3.444999975954488e-06,96,False
2955,5.9319999991203076e-05,0.00012527200001954952,9.326999986569717e-06,1.3647000002947607e-05,0.00011162500001660192,6.073000008655072e-06,96,False
2956,4.752099999905113e-05,0.00011302899997645,7.941000006894683e-06,9.638999983963004e-06,0.00010338999999248699,4.651000011790529e-06,96,False
2957,4.749499998979445e-05,0.0001360939999983657,4.400999998210864e-05,1.3500999983762085e-05,0.0001225930000146036,5.650000019841173e-06,96,False
2958,5.15190000101029e-05,9.836799998197421e-05,7.512999985692659e-06,9.042000016279417e-06,8.932599996569479e-05,4.152000002477507e-06,96,False
2959,3.9977999989559976e-05,9.311500002695539e-05,6.971000004796224e-06,7.861000000275453e-06,8.525400002667993e-05,3.628000001754117e-06,96,False
2960,3.997600001071078e-05,9.190000000103282e-05,6.65600001070743e-06,7.97900000293339e-06,8.392099999809943e-05,3.8470000163215445e-06,96,False
2961,3.900599998019061e-05,9.603099999822007e-05,7.3780000207079866e-06,7.666000016115504e-06,8.836499998210456e-05,3.763000023582208e-06,96,False
2962,4.44869999967068e-05,0.00010569500000201515,7.879999998294807e-06,8.985999983224247e-06,9.67090000187909e-05,4.270000005135444e-06,96,False
2963,4.531999999812797e-05,0.0001052560000118774,7.76199999563687e-06,8.963000027506496e-06,9.629299998437091e-05,4.371000017044935e-06,96,False
2964,4.435999997554063e-05,9.31589999879634e-05,6.10899999742287e-06,7.506999992301644e-06,8.565199999566175e-05,3.431999999747859e-06,96,False
2965,4.2782000008401155e-05,8.789899999328554e-05,6.534000021929387e-06,7.422000010137708e-06,8.047699998314783e-05,3.5040000057051657e-06,96,False
2966,6.294099998171987e-05,9.859899998332367e-05,6.920000004129179e-06,9.572999999818421e-06,8.902599998350524e-05,4.224999997859413e-06,96,False
2967,3.9100999998709085e-05,9.16829999937363e-05,6.498999994164478e-06,7.858000003579946e-06,8.382499999015636e-05,3.5640000248804427e-06,96,False
2968,7.120800000848249e-05,9.763200000634242e-05,6.7980000153511355e-06,8.774000008315852e-06,8.885799999802657e-05,4.129000018338047e-06,96,False
2969,3.996199998823613e-05,8.981100000937658e-05,6.258000013303899e-06,7.610000011482043e-06,8.220099999789454e-05,3.6559999898599926e-06,96,False
2970,3.7757999990617463e-05,8.863200000064353e-05,6.42800000605348e-06,7.700999987036994e-06,8.093100001360654e-05,3.56799998257884e-06,96,False
2971,3.771400000118774e-05,8.866799998941133e-05,6.028000001379041e-06,7.1279999929174664e-06,8.153999999649386e-05,3.6899999997785926e-06,96,False
2972,3.699999999184911e-05,8.825000000456384e-05,5.694000009270894e-06,7.64899999694535e-06,8.06010000076185e-05,3.3909999785919354e-06,96,False
2973,3.739899997867724e-05,8.868000000461507e-05,6.608999996160492e-06,7.725000017444472e-06,8.09549999871706e-05,3.5690000004251488e-06,96,False
2974,3.61520000069504e-05,8.813000002305671e-05,6.671999983609567e-06,7.888999988381329e-06,8.024100003467538e-05,3.3629999904860597e-06,96,False
2975,3.643900001293332e-05,9.095400000092013e-05,6.502999980284585e-06,7.328000009465541e-06,8.362599999145459e-05,3.179000003683541e-06,96,False
2976,3.692999999316271e-05,8.655800002088654e-05,6.432999981598186e-06,7.689999989679563e-06,7.886800003120698e-05,3.0850000030113733e-06,96,False
2977,3.6957000020265696e-05,8.57020000069042e-05,6.321000000752974e-06,6.880999990244163e-06,7.882100001666004e-05,3.300999992461584e-06,96,False
2978,3.662500000700675e-05,8.550899997317174e-05,5.584000007274881e-06,7.244000016726204e-06,7.826499995644554e-05,3.3070000142743083e-06,96,False
2979,3.694299999779105e-05,9.028799999555304e-05,6.4509999901929405e-06,7.198999981028464e-06,8.308900001452457e-05,3.541999973322163e-06,96,False
2980,3.802199998403921e-05,0.00013878100000397353,6.906000010076241e-06,7.3760000134370785e-06,0.00013140499999053645,7.570000008172428e-06,96,False
2981,4.20959999871684e-05,9.13640000135274e-05,6.251000002066576e-06,7.895000010194053e-06,8.346900000333335e-05,3.654000011010794e-06,96,False
2982,3.825300001381038e-05,8.847600000194689e-05,6.2230000139607e-06,7.506999992301644e-06,8.096900000964524e-05,3.551999981254994e-06,96,False
2983,3.76270000117529e-05,8.782500000847904e-05,6.068000004688656e-06,7.2189999968941265e-06,8.060600001158491e-05,3.65800002555261e-06,96,False
2984,3.82989999820893e-05,8.884599998282283e-05,6.165000002056331e-06,7.008000011410331e-06,8.18379999714125e-05,3.6069999964638555e-06,96,False
2985,3.721500002029643e-05,8.836399999267996e-05,5.977000000711996e-06,7.280999994918602e-06,8.108299999776136e-05,3.4349999964433664e-06,96,False
2986,3.687299999910465e-05,8.719200002360594e-05,5.911000016567414e-06,7.576000001563443e-06,7.96160000220425e-05,3.480999993143996e-06,96,False
2987,3.612099999372731e-05,8.83400000191159e-05,5.8809999927689205e-06,7.600000003549212e-06,8.074000001556669e-05,3.3860000030472293e-06,96,False
2988,3.657700000303521e-05,8.707800000706811e-05,6.26900001066133e-06,7.2349999982179725e-06,7.984300000885014e-05,3.37399998784349e-06,96,False
2989,3.7219000006416536e-05,8.747999999059175e-05,5.998000006002258e-06,7.2429999988798954e-06,8.023699999171185e-05,3.57900000835798e-06,96,False
2990,3.6297000008289615e-05,8.852900000988484e-05,6.391999988863972e-06,7.536999987678428e-06,8.099200002220641e-05,3.446999983225396e-06,96,False
2991,3.671099997859528e-05,8.508100000881313e-05,6.091999978252716e-06,6.880999990244163e-06,7.820000001856897e-05,3.2579999924564618e-06,96,False
2992,3.713499998525549e-05,8.57750000022861e-05,5.8910000007017516e-06,7.24900002069262e-06,7.852599998159349e-05,3.4140000195748144e-06,96,False
2993,6.582899999330039e-05,0.00010215799997581598,6.979999994882746e-06,8.517999987134317e-06,9.363999998868167e-05,4.5009999780631915e-06,96,False
2994,3.9192999992110344e-05,9.160599998381258e-05,6.181999992804776e-06,7.896999989043252e-06,8.370899999476933e-05,3.979000013032419e-06,96,False
2995,3.8726000013866724e-05,8.968099999151491e-05,6.169999977601037e-06,7.344000010789387e-06,8.233699998072552e-05,3.5280000076909346e-06,96,False
2996,3.7914999978738706e-05,8.74250000038046e-05,6.134000017254948e-06,7.3340000028565555e-06,8.009100000094804e-05,3.525000010995427e-06,96,False
2997,3.684099999645696e-05,8.781900001508802e-05,6.320000011328375e-06,7.1640000101069745e-06,8.065500000498105e-05,3.7270000063927e-06,96,False
2998,3.605200001288722e-05,0.00010455599999659171,7.120999981680143e-06,9.8820000005162e-06,9.467399999607551e-05,4.614999994601021e-06,96,False
2999,4.0470000016057384e-05,9.015500000941756e-05,6.379000012657343e-06,7.462000013447323e-06,8.269299999597024e-05,3.6029999819220393e-06,96,False
3000,3.766999998333631e-05,8.84099999893806e-05,6.164000012631732e-06,7.011000008105839e-06,8.139899998127476e-05,3.462999984549242e-06,96,False
3001,3.7903999981381276e-05,8.94670000093356e-05,6.2990000060381135e-06,8.100999991711433e-06,8.136600001762417e-05,3.7070000189487473e-06,96,False
3002,3.6674000000402884e-05,8.705799999120245e-05,6.116000008660194e-06,7.379000010132586e-06,7.967899998106986e-05,3.4710000136328745e-06,96,False
3003,3.767199999060722e-05,8.811399999331115e-05,6.219000027840593e-06,7.349000014755802e-06,8.076499997855535e-05,3.399999997100167e-06,96,False
3004,3.743999999983316e-05,8.783499998799016e-05,6.377000005386435e-06,7.302000000208864e-06,8.05329999877813e-05,3.3949999931337516e-06,96,False
3005,3.6171000004969756e-05,0.0006968360000030316,1.498899999319292e-05,9.9500000203534e-06,0.0006868859999826782,4.3910000044888875e-06,96,False
3006,0.0002037269999846103,0.00018115500000703832,1.077199999599543e-05,1.738099999215592e-05,0.0001637740000148824,9.159000001091044e-06,96,False
3007,5.8741000003692534e-05,0.0001272739999933492,8.513000011589611e-06,1.0784000011199169e-05,0.00011648999998215004,4.619999998567437e-06,96,False
3008,4.989699999669028e-05,0.00010421999999721265,7.67000000223561e-06,9.285000004410904e-06,9.493499999280175e-05,3.7890000044171757e-06,96,False
3009,4.537399999549052e-05,9.798800002158714e-05,7.377999992286277e-06,8.00100002606996e-06,8.998699999551718e-05,3.931000009060881e-06,96,False
3010,4.222800001230098e-05,9.489800001460935e-05,6.726000009393829e-06,7.772000003569701e-06,8.712600001103965e-05,3.723999981275483e-06,96,False
3011,4.010699998957534e-05,9.415499999931853e-05,6.000000013273166e-06,7.799000002250978e-06,8.635599999706756e-05,3.79599998723279e-06,96,False
3012,3.947199999743134e-05,9.172599999374142e-05,5.96099999938815e-06,7.570000008172428e-06,8.4155999985569e-05,3.6369999918406393e-06,96,False
3013,3.8654999997334016e-05,9.154800000032992e-05,5.5309999993369274e-06,7.895999999618653e-06,8.365200000071127e-05,3.547000005710288e-06,96,False
3014,3.8099000022384644e-05,0.00022448800001484415,1.2235999975018785e-05,7.547999985035858e-06,0.0002169400000298083,3.836999979967004e-06,96,False
3015,7.06170000057682e-05,0.00011396700000432247,6.945999984964146e-06,9.816999977374508e-06,0.00010415000002694796,6.495999997468971e-06,96,False
3016,4.233500001760149e-05,9.506800000735893e-05,6.4169999802743405e-06,8.481999998366518e-06,8.658600000899241e-05,3.965999979982371e-06,96,False
3017,3.935699999146891e-05,9.395300000392126e-05,7.688000010830365e-06,7.992000007561728e-06,8.596099999635953e-05,3.6110000110056717e-06,96,False
3018,5.768500000158383e-05,9.906100001444429e-05,6.956999982321577e-06,9.080000012318123e-06,8.998100000212617e-05,4.412999999203748e-06,96,False
3019,3.9361999995435326e-05,9.225799999512674e-05,6.504000026552603e-06,8.188000009567986e-06,8.406999998555875e-05,3.660999993826408e-06,96,False
3020,3.789500001971646e-05,8.9432999999417e-05,5.69900001323731e-06,7.726999996293671e-06,8.170600000312334e-05,3.4089999871866894e-06,96,False
3021,3.786099998137615e-05,0.00010669099998494858,6.740000003446767e-06,6.885000004785979e-06,9.98059999801626e-05,2.0293999995146805e-05,96,False
3022,4.214000000501983e-05,9.0380000017376e-05,6.42800000605348e-06,7.538999994949336e-06,8.284100002242667e-05,3.598000006377333e-06,96,False
3023,3.8076999999248073e-05,0.00011734799997498158,6.715000012036398e-06,7.578000008834351e-06,0.00010976999996614722,3.5099999990961805e-06,96,False
3024,4.8583000022972556e-05,9.620099999096965e-05,6.6229999902134296e-06,8.463999989771764e-06,8.773700000119788e-05,4.157999995868522e-06,96,False
3025,5.830499998182859e-05,0.00010039599999345228,6.836000011389842e-06,9.621000003789959e-06,9.077499998966232e-05,4.195999991907229e-06,96,False
3026,3.938200001130099e-05,9.081600001081824e-05,6.055000000060318e-06,7.968999995000559e-06,8.284700001581768e-05,3.749000001107561e-06,96,False
3027,3.820899999595895e-05,8.997800000543066e-05,6.367999986878203e-06,7.296999996242448e-06,8.268100000918821e-05,3.668999994488331e-06,96,False
3028,3.7506999973402344e-05,8.780900000715519e-05,4.4417999987445e-05,7.0959999902697746e-06,8.071300001688542e-05,3.3080000036989077e-06,96,False
3029,4.232199998455144e-05,9.241799997994349e-05,6.518000020605541e-06,7.560000000239597e-06,8.485799997970389e-05,3.787999986570867e-06,96,False
3030,3.720399999451729e-05,8.895400000596965e-05,6.278999990172451e-06,7.460000006176415e-06,8.149399999979323e-05,3.491000001076827e-06,96,False
3031,3.756499998530671e-05,8.762100000581086e-05,6.676999987575982e-06,6.973000012067132e-06,8.064799999374372e-05,3.2690000182356016e-06,96,False
3032,3.802699998800563e-05,8.743699999058663e-05,6.0400000165827805e-06,7.057999994231068e-06,8.037899999635556e-05,3.541000012319273e-06,96,False
3033,3.702199998656397e-05,8.887499998877502e-05,5.946000015910613e-06,7.014000004801346e-06,8.186099998397367e-05,3.571999997120656e-06,96,False
3034,3.640599999243932e-05,8.737799998925766e-05,6.033000005345457e-06,7.414000009475785e-06,7.996399997978187e-05,3.5600000103386265e-06,96,False
3035,3.633699998317752e-05,0.00011831699998765544,7.21500001077402e-06,6.901999995534425e-06,0.00011141499999212101,3.3640000083323685e-06,96,False
3036,4.949899999928675e-05,9.29790000157027e-05,1.0625000015807018e-05,7.64800000752075e-06,8.533100000818195e-05,4.025999999157648e-06,96,False
3037,8.218299998929979e-05,0.0001093340000011267,8.576999988463285e-06,1.0123000009798488e-05,9.921099999132821e-05,5.527000013216821e-06,96,False
3038,4.268699998988268e-05,9.55879999935405e-05,7.258000010779142e-06,8.682000014914593e-06,8.690599997862591e-05,3.8029999984701135e-06,96,False
3039,3.957299998091912e-05,9.399399999665548e-05,6.484000010686941e-06,7.6009999929738115e-06,8.639300000368166e-05,3.4630000129709515e-06,96,False
3040,3.790100001310748e-05,9.081999999693835e-05,6.799000004775735e-06,7.3889999896437075e-06,8.343100000729464e-05,3.359000004365953e-06,96,False
3041,3.977800000143361e-05,9.173600000167426e-05,6.323000008023882e-06,7.896999989043252e-06,8.3839000012631e-05,3.391999996438244e-06,96,False
3042,3.7768999987974894e-05,8.99919999994836e-05,6.318000004057467e-06,7.62599998438418e-06,8.236600001509942e-05,3.395999982558351e-06,96,False
3043,3.7424999987933916e-05,8.880900000463043e-05,6.044999992127487e-06,7.507000020723353e-06,8.130199998390708e-05,3.329000008989169e-06,96,False
3044,3.728300001171192e-05,0.00013881300000662122,8.807000000388143e-06,7.882000005565715e-06,0.0001309310000010555,3.3869999924718286e-06,96,False
3045,5.3383999983225294e-05,0.00010324600000899409,7.21499998235231e-06,9.245999990525888e-06,9.40000000184682e-05,4.601999989972683e-06,96,False
3046,4.057600000351158e-05,0.00012314399998558656,6.83900000808535e-06,8.027999996329527e-06,0.00011511599998925703,3.833999983271497e-06,96,False
3047,4.803199999514618e-05,9.56880000160254e-05,5.9170000099584286e-06,8.495999992419456e-06,8.719200002360594e-05,4.0330000103949715e-06,96,False
3048,3.968099997564423e-05,9.010999997371982e-05,5.716000003985755e-06,7.850000002918023e-06,8.22599999708018e-05,3.7519999978030683e-06,96,False
3049,3.7460000015698824e-05,8.801800001378979e-05,5.691000012575387e-06,7.549999992306766e-06,8.046800002148302e-05,3.44200000768069e-06,96,False
3050,4.160599999636361e-05,9.036400001605216e-05,5.92700001789126e-06,7.5769999909880426e-06,8.278700002506412e-05,3.848000005746144e-06,96,False
3051,3.841999998144274e-05,8.955600000604136e-05,5.65399997753957e-06,7.444000004852569e-06,8.211200000118879e-05,3.486999986535011e-06,96,False
3052,3.774000001044442e-05,8.786800000848416e-05,5.689000005304479e-06,7.2819999843432015e-06,8.058600002414096e-05,3.520999996453611e-06,96,False
3053,3.682999999909953e-05,8.774500000185981e-05,6.045000020549196e-06,7.723999999598163e-06,8.002100000226164e-05,3.5569999852214096e-06,96,False
3054,3.7015999993172954e-05,8.679299997993439e-05,5.5410000072697585e-06,6.937999984302223e-06,7.985499999563217e-05,3.5299999865401332e-06,96,False
3055,3.634800000895666e-05,0.00010746600000288709,6.224999992809899e-06,7.1460000015122205e-06,0.00010032000000137486,3.409000015608399e-06,96,False
3056,4.588599998101017e-05,9.227699999314609e-05,5.463999997346036e-06,7.939999989048374e-06,8.433700000409772e-05,3.821999996489467e-06,96,False
3057,3.771500001903405e-05,8.814800000322975e-05,5.474999994703467e-06,7.479000004195768e-06,8.066899999903399e-05,3.3199999904809374e-06,96,False
3058,3.733099998726175e-05,8.742199997868738e-05,5.364000003282854e-06,7.145000012087621e-06,8.027699996659976e-05,3.2789999977467232e-06,96,False
3059,6.800600002065949e-05,9.67469999864079e-05,5.856999990783152e-06,8.401999991747289e-06,8.834499999466061e-05,4.2399999813369504e-06,96,False
3060,3.798100001972671e-05,8.848499999203341e-05,6.596000019953863e-06,7.438000011461554e-06,8.104699998057185e-05,3.6779999845748534e-06,96,False
3061,3.744099998925776e-05,8.760600002233332e-05,6.829000000152519e-06,7.527000008167306e-06,8.007900001416601e-05,3.5850000017489947e-06,96,False
3062,3.7036999998463216e-05,8.701200002292353e-05,6.216999992147976e-06,7.452999994939091e-06,7.955900002798444e-05,3.3700000017233833e-06,96,False
3063,3.7093999992521276e-05,8.712999999715976e-05,6.259999992153098e-06,7.355000008146817e-06,7.977499998901294e-05,3.7439999971411453e-06,96,False
3064,4.0217999980995955e-05,8.937299998024173e-05,5.954000016572536e-06,7.299000003513356e-06,8.207399997672837e-05,3.2990000136123854e-06,96,False
3065,3.742999999190033e-05,8.846500000458946e-05,6.225999982234498e-06,7.410999984358568e-06,8.105400002023089e-05,3.5300000149618427e-06,96,False
3066,3.7242000018977706e-05,8.63379999884728e-05,6.044999992127487e-06,7.035999999516207e-06,7.93019999889566e-05,3.2420000195543253e-06,96,False
3067,3.800199999659526e-05,8.811899999727757e-05,6.34899998885885e-06,7.425999996257815e-06,8.069300000101975e-05,3.3580000149413536e-06,96,False
3068,3.6889000000428496e-05,9.889800000451032e-05,5.774000015890124e-06,7.280999994918602e-06,9.161700000959172e-05,3.369000012298784e-06,96,False
3069,3.821499998934996e-05,8.705199999781144e-05,5.578000013883866e-06,7.175999996889004e-06,7.987600000092243e-05,3.234999979895292e-06,96,False
3070,3.725799999187984e-05,8.611399999836067e-05,5.337999994026177e-06,6.742000010717675e-06,7.9371999987643e-05,3.3580000149413536e-06,96,False
3071,4.083899997908702e-05,0.00012816899999279485,5.947000005335212e-06,7.2919999922760326e-06,0.00012087700000051882,6.448999982922032e-06,96,False
3072,3.9955000005420516e-05,9.013999999751832e-05,5.411000017829792e-06,7.698999979766086e-06,8.244100001775223e-05,3.652999993164485e-06,96,False
3073,3.707500002292363e-05,9.011800000280346e-05,5.25400000128684e-06,7.691999996950472e-06,8.242600000585298e-05,3.583999983902686e-06,96,False
3074,3.708799999913026e-05,8.715199999187462e-05,5.616000009922573e-06,7.241999981033587e-06,7.991000001084103e-05,3.5580000030677184e-06,96,False
3075,3.7163999991207675e-05,8.868000000461507e-05,5.36899997882756e-06,7.394999983034722e-06,8.128500002158034e-05,3.579999997782579e-06,96,False
3076,3.727099999650818e-05,8.625200001688427e-05,5.487999999331805e-06,6.904000002805333e-06,7.934800001407893e-05,3.518999989182703e-06,96,False
3077,3.6227999999027816e-05,8.808700002305159e-05,5.317999978160515e-06,7.212000014078512e-06,8.087500000897307e-05,3.4490000189180137e-06,96,False
3078,3.705699998590717e-05,8.87260000013157e-05,5.184999992025041e-06,6.817000013370489e-06,8.190899998794521e-05,3.4939999977723346e-06,96,False
3079,3.684799997927257e-05,8.653699998717457e-05,5.398999974204344e-06,7.100000004811591e-06,7.943699998236298e-05,3.35100000370403e-06,96,False
3080,3.6583999985850824e-05,8.59849999983453e-05,5.2929999867501465e-06,6.863999999495718e-06,7.912099999884958e-05,3.429999992476951e-06,96,False
3081,3.650500002549961e-05,8.560599999896112e-05,5.6380000046374334e-06,7.438000011461554e-06,7.816799998749957e-05,3.3519999931286293e-06,96,False
3082,3.634700001953206e-05,8.564200001615063e-05,5.248999997320425e-06,6.815000006099581e-06,7.882700001005105e-05,3.4189999951195205e-06,96,False
3083,3.6537999989150194e-05,8.424999998624116e-05,6.181000003380177e-06,6.8819999796687625e-06,7.73680000065724e-05,3.3139999970899225e-06,96,False
3084,3.6695000005693146e-05,0.00010532199999602199,6.807999994862257e-06,1.0572999997293664e-05,9.474899999872832e-05,4.195999991907229e-06,96,False
3085,3.982299998028793e-05,8.853799999997136e-05,6.054000010635718e-06,7.379999999557185e-06,8.115800000041418e-05,3.5639999964587332e-06,96,False
3086,3.8753000012548e-05,8.821800000191615e-05,6.270000000085929e-06,7.3079999935998785e-06,8.091000000831627e-05,3.3940000037091522e-06,96,False
3087,7.15630000058809e-05,9.721999998646425e-05,6.036000002040964e-06,8.785000005673282e-06,8.843499998079096e-05,4.321999995227088e-06,96,False
3088,3.8426999992680066e-05,8.855999999468622e-05,5.535000013878744e-06,7.320999998228217e-06,8.1238999996458e-05,3.6970000110159162e-06,96,False
3089,3.691699998853437e-05,8.880499999008862e-05,5.261999973527054e-06,7.4679999784166284e-06,8.133700001167199e-05,3.549000012981196e-06,96,False
3090,0.0003915190000043367,0.0007977489999859699,1.4514000014287376e-05,0.00010999299999525647,0.0006877559999907135,1.599000000851447e-05,96,False
3091,0.00014110199998640383,0.0007165670000119917,1.2192999975013663e-05,0.00035359499997866806,0.00036297200003332364,0.0001352230000009058,96,False
3092,6.785900001204936e-05,0.00011651500000198212,7.409999994933969e-06,1.1520999976255553e-05,0.00010499400002572656,4.7100000131194975e-06,96,False
3093,6.227200000807898e-05,0.00010063399997761735,7.224999990285141e-06,8.892000010973788e-06,9.174199996664356e-05,4.039999993210586e-06,96,False
3094,4.3876000006548566e-05,9.738800000036463e-05,7.559000010814998e-06,8.596000014904348e-06,8.879199998546028e-05,3.942999995842911e-06,96,False
3095,4.099000000223896e-05,9.499699999082623e-05,7.1560000094450515e-06,8.101999981136032e-06,8.689500000969019e-05,3.7700000063978223e-06,96,False
3096,4.11100000121678e-05,9.457400000201233e-05,7.470000014109246e-06,8.156000006920294e-06,8.641799999509203e-05,3.765999991856006e-06,96,False
3097,4.0218000009417665e-05,9.218299999247392e-05,6.502999980284585e-06,7.57999998768355e-06,8.460300000479037e-05,3.6699999839129305e-06,96,False
3098,3.892699999141769e-05,8.952799998951377e-05,6.479999996145125e-06,7.460999995601014e-06,8.206699999391276e-05,3.644000003077963e-06,96,False
3099,3.887700000859695e-05,8.849799999666175e-05,6.518000020605541e-06,7.231000012097866e-06,8.126699998456388e-05,3.7060000011024385e-06,96,False
3100,6.926400001816546e-05,0.0001000160000046435,6.377000005386435e-06,1.0456000012482036e-05,8.955999999216147e-05,4.17199998992146e-06,96,False
3101,3.917200001524179e-05,8.90410000238262e-05,5.487999999331805e-06,7.578999998258951e-06,8.146200002556725e-05,3.423999999085936e-06,96,False
3102,3.6776999991161574e-05,0.00010367800001631622,5.874000009953306e-06,6.950999988930562e-06,9.672700002738566e-05,3.888999998480358e-06,96,False
3103,4.544699999087243e-05,9.457499999143693e-05,4.168000000959182e-05,7.628999981079687e-06,8.694600001035724e-05,3.612000000430271e-06,96,False
3104,4.798500000902095e-05,9.435199999074939e-05,5.912999995416612e-06,8.040000011533266e-06,8.631199997921613e-05,4.1149999958634e-06,96,False
3105,3.8506999999299296e-05,8.780500002103508e-05,5.609999988109848e-06,7.39799997973023e-06,8.040700004130485e-05,3.620000001092194e-06,96,False
3106,3.683799999976145e-05,8.590299998445516e-05,5.477999991398974e-06,7.002999979022206e-06,7.890000000543296e-05,3.633999995145132e-06,96,False
3107,3.952099999082748e-05,8.674500000438456e-05,5.8969999940927664e-06,7.248000002846311e-06,7.949700000153825e-05,3.6249999766369e-06,96,False
3108,3.7060000011024385e-05,8.635400001821836e-05,5.312000013191209e-06,7.4879999942822906e-06,7.886600002393607e-05,3.660000004401809e-06,96,False
3109,5.08840000179589e-05,9.81899999885627e-05,6.084000006012502e-06,9.806000008438787e-06,8.838399998012392e-05,4.289000003154797e-06,96,False
3110,3.9262000001372144e-05,8.84439999992992e-05,5.547999990085373e-06,7.748999991008532e-06,8.069500000829066e-05,3.571999997120656e-06,96,False
3111,3.666399999247005e-05,8.521800000949042e-05,5.416999982799098e-06,7.364999987657939e-06,7.785300002183249e-05,3.445999993800797e-06,96,False
3112,6.922599999370505e-05,9.414600000923201e-05,5.936999997402381e-06,8.361000027434784e-06,8.578499998179723e-05,4.177000022309585e-06,96,False
3113,3.748599999653379e-05,8.80959999847164e-05,5.5229999986750045e-06,7.256000003508234e-06,8.083999998120817e-05,3.552999999101303e-06,96,False
3114,3.6375999997062536e-05,8.642699998517855e-05,5.286000003934532e-06,7.025000002158777e-06,7.940199998301978e-05,3.5500000024057954e-06,96,False
3115,3.6719999997103514e-05,8.543099997382342e-05,5.552999994051788e-06,7.1119999915936205e-06,7.83189999822298e-05,3.4029999937956745e-06,96,False
3116,3.674699999578479e-05,8.678999998323889e-05,5.267999995339778e-06,7.207999999536696e-06,7.958199998370219e-05,3.626999983907808e-06,96,False
3117,3.522200000816156e-05,8.469400000876703e-05,5.216999994672733e-06,6.990000002815577e-06,7.770400000595146e-05,3.4040000116419833e-06,96,False
3118,3.571899998178196e-05,8.414900000275338e-05,5.07200002175523e-06,6.909000006771748e-06,7.723999999598163e-05,3.5640000248804427e-06,96,False
3119,3.5432000004220754e-05,8.41920000027585e-05,5.099999981439396e-06,6.697999992866244e-06,7.749400000989226e-05,3.3679999944524752e-06,96,False
3120,3.61170000076072e-05,8.346699999606244e-05,5.53899999999885e-06,6.9319999909112084e-06,7.653500000515123e-05,3.389999989167336e-06,96,False
3121,3.909700001258898e-05,8.261700000389283e-05,5.205999997315303e-06,6.70200000740806e-06,7.591499999648477e-05,3.0770000023494504e-06,96,False
3122,3.549600000951614e-05,8.414699999548247e-05,5.135000009204305e-06,7.193000016059159e-06,7.695399997942332e-05,3.431999999747859e-06,96,False
3123,3.48869999982071e-05,8.371100000204024e-05,5.272999999306194e-06,7.05499999753556e-06,7.665600000450468e-05,3.0739999772322335e-06,96,False
3124,3.489100001274892e-05,8.361799999079267e-05,5.034999986719413e-06,6.867999985615825e-06,7.675000000517684e-05,3.2330000010460935e-06,96,False
3125,6.583900000123322e-05,9.281900000246424e-05,6.648000010045507e-06,8.226000005606693e-06,8.459299999685754e-05,4.051999979992615e-06,96,False
3126,3.803399999924295e-05,0.00010645699998690361,9.122999983901536e-06,7.426999985682414e-06,9.90300000012212e-05,3.4370000037142745e-06,96,False
3127,8.259599999860257e-05,0.00010422599999060367,6.8450000014763646e-06,1.1452999984840062e-05,9.27730000057636e-05,4.439999997885025e-06,96,False
3128,4.057900000020709e-05,8.84080000105314e-05,6.0140000073261035e-06,7.312000008141695e-06,8.10960000023897e-05,3.3649999977569678e-06,96,False
3129,3.682400000570851e-05,8.697699999515862e-05,5.463999997346036e-06,7.252999978391017e-06,7.97240000167676e-05,3.377000012960707e-06,96,False
3130,3.63260000142418e-05,8.546199998704651e-05,5.219000001943641e-06,7.258000010779142e-06,7.820399997626737e-05,3.345000010313015e-06,96,False
3131,3.61189999864564e-05,8.488000000284046e-05,5.241999986083101e-06,7.209999978385895e-06,7.767000002445457e-05,3.498000012314151e-06,96,False
3132,3.617400000166526e-05,8.449300000279436e-05,5.249999986745024e-06,7.107000016048914e-06,7.738599998674545e-05,3.5909999951400096e-06,96,False
3133,3.619700001422643e-05,8.426899998426052e-05,5.3189999960068235e-06,6.881000018665873e-06,7.738799996559464e-05,3.682999988541269e-06,96,False
3134,3.563900000358444e-05,8.320700001718251e-05,5.235999992692086e-06,6.877999993548656e-06,7.632900002363385e-05,3.1600000056641875e-06,96,False
3135,4.0686999994932194e-05,8.414600000605787e-05,5.358999999316438e-06,6.678000005422291e-06,7.746800000063558e-05,3.5900000057154102e-06,96,False
3136,3.540599999496408e-05,8.427000000210683e-05,5.608999998685249e-06,6.76999999882355e-06,7.750000000328328e-05,3.5319999938110413e-06,96,False
3137,3.5999999994373866e-05,0.00010159000001408458,5.705999996052924e-06,1.0219999978744454e-05,9.137000003534013e-05,4.219999993892998e-06,96,False
3138,3.8713999998662985e-05,8.714099999451719e-05,5.239000017809303e-06,7.400000015422847e-06,7.974099997909434e-05,3.5270000182663352e-06,96,False
3139,0.00011603000001514374,8.572400000161906e-05,5.582999989428572e-06,7.788999994318146e-06,7.793500000730091e-05,3.491000001076827e-06,96,False
3140,5.451500001640852e-05,9.263999999120642e-05,5.7790000198565394e-06,9.21000000175809e-06,8.342999998944833e-05,3.7860000077216682e-06,96,False
3141,3.711499999781154e-05,8.342200001720812e-05,5.160000000614673e-06,7.1800000114308205e-06,7.62420000057773e-05,3.3070000142743083e-06,96,False
3142,3.380799998353723e-05,8.251099998801692e-05,5.24300000392941e-06,6.859999984953902e-06,7.565100000306302e-05,3.5010000090096582e-06,96,False
3143,3.4894999998869025e-05,8.210999999391788e-05,5.07199999333352e-06,6.936999994877624e-06,7.517299999904026e-05,3.3100000109698158e-06,96,False
3144,3.5429000007525246e-05,8.191300000248702e-05,5.706999985477523e-06,6.677000015997692e-06,7.523599998648933e-05,3.19100001888728e-06,96,False
3145,3.480800000943418e-05,8.24359999853641e-05,5.079000004570844e-06,6.820000010065996e-06,7.561599997529811e-05,3.2449999878281233e-06,96,False
3146,3.41470000080335e-05,8.112899999446199e-05,5.199999975502578e-06,7.068999991588498e-06,7.40600000028735e-05,3.286999998408646e-06,96,False
3147,3.478400000744841e-05,8.127700002091842e-05,5.286000003934532e-06,6.595000002107554e-06,7.468200001881087e-05,3.235999997741601e-06,96,False
3148,3.480699999158787e-05,8.079700000962475e-05,4.974000006541246e-06,6.253000009337484e-06,7.454400000028727e-05,3.3560000076704455e-06,96,False
3149,3.4118999991505916e-05,9.98059999801626e-05,7.415999988324984e-06,6.702999996832659e-06,9.310299998332994e-05,3.319000001056338e-06,96,False
3150,5.061500002057073e-05,0.00010477600000058374,7.350999993605001e-06,9.308000016972073e-06,9.546799998361166e-05,4.367999991927718e-06,96,False
3151,4.2487000001756314e-05,9.578099999885126e-05,1.661999999669206e-05,8.812000004354559e-06,8.69689999944967e-05,4.01200000510471e-06,96,False
3152,3.756500001372842e-05,8.546099999762191e-05,5.787000020518462e-06,7.114999988289128e-06,7.834600000933278e-05,3.4810000215657055e-06,96,False
3153,3.458500000874665e-05,8.178600000974257e-05,6.0349999841946556e-06,6.882000008090472e-06,7.49040000016521e-05,3.0599999831792957e-06,96,False
3154,3.462999998760097e-05,8.272799999531344e-05,6.132999999408639e-06,6.911000014042656e-06,7.581699998127078e-05,3.1499999977313564e-06,96,False
3155,3.5953999997673236e-05,8.309100002179548e-05,5.603000005294234e-06,6.898000009414318e-06,7.619300001238116e-05,3.2579999924564618e-06,96,False
3156,3.493700000944955e-05,8.1413999993174e-05,5.350999998654515e-06,7.005999975717714e-06,7.440800001745629e-05,3.1040000010307267e-06,96,False
3157,3.3583000004000496e-05,8.20799999985411e-05,5.227999992030163e-06,7.213999992927711e-06,7.486600000561339e-05,3.4120000123039063e-06,96,False
3158,3.4588999994866754e-05,8.182500002362758e-05,5.205000007890703e-06,6.548000015982325e-06,7.527700000764526e-05,3.436000014289675e-06,96,False
3159,3.474100000744329e-05,8.228100000451377e-05,5.853999994087644e-06,6.901999995534425e-06,7.537900000897935e-05,3.230000004350586e-06,96,False
3160,3.500700000813595e-05,8.157499999583706e-05,5.7450000099379395e-06,6.659999996827537e-06,7.491499999900952e-05,3.090999996402388e-06,96,False
3161,3.4121999988201424e-05,8.122500000240507e-05,5.6820000224888645e-06,6.911000014042656e-06,7.431399998836241e-05,3.241999991132616e-06,96,False
3162,3.328200000396464e-05,8.157400000641246e-05,5.761000011261785e-06,6.888000001481487e-06,7.468600000493097e-05,3.2830000122885394e-06,96,False
3163,6.246799998166352e-05,9.33329999952548e-05,6.433999999444495e-06,7.906000007551484e-06,8.542699998770331e-05,3.914000018312436e-06,96,False
3164,3.507200000285593e-05,8.345400001985581e-05,5.592999997361403e-06,7.227000025977759e-06,7.622699999387805e-05,3.1739999997171253e-06,96,False
3165,3.3594999990782526e-05,8.0953999997746e-05,5.327999986093346e-06,7.0309999955497915e-06,7.39230000021962e-05,3.132000017558312e-06,96,False
3166,3.3993999977610656e-05,8.084199998847907e-05,5.095999995319289e-06,6.822999978339794e-06,7.401900001013928e-05,3.1219999812037713e-06,96,False
3167,3.687600002422187e-05,8.090800000104537e-05,5.127999997966981e-06,6.846000019322673e-06,7.406199998172269e-05,3.1729999818708166e-06,96,False
3168,3.467600001272331e-05,8.186399998066918e-05,5.256999997982348e-06,6.888999990906086e-06,7.497499998976309e-05,3.28200002286394e-06,96,False
3169,3.387699999279903e-05,7.942199999888544e-05,5.840999989459306e-06,6.597999998803061e-06,7.282400000008238e-05,3.1569999805469706e-06,96,False
3170,3.350200000795667e-05,7.890500000939937e-05,5.3999999920506525e-06,6.544999990865108e-06,7.236000001853427e-05,3.1809999825327395e-06,96,False
3171,3.332700001124067e-05,7.706399998141933e-05,5.715000014561156e-06,6.012999989479795e-06,7.105099999193953e-05,2.9880000056436984e-06,96,False
3172,3.303299999402043e-05,0.0001594169999918904,1.4163000003009074e-05,6.668999986914059e-06,0.00015274800000497635,3.1120000016926497e-06,96,False
3173,0.0001282200000218836,0.00014041700001143909,8.00099999764825e-06,1.36099999963335e-05,0.0001268070000151056,7.071999988284006e-06,96,False
3174,0.00011198900000408685,0.0001145049999990988,1.1447000019870757e-05,1.0226000000557178e-05,0.00010427899999854162,5.883999989464428e-06,96,False
3175,4.0650999977742686e-05,0.0001027590000148848,6.490999993502555e-06,7.471999992958445e-06,9.528700002192636e-05,3.7869999971462676e-06,96,False
3176,3.79090000137694e-05,8.341299999869989e-05,6.264000006694914e-06,7.273000022678389e-06,7.61399999760215e-05,3.4839999898395035e-06,96,False
3177,3.476699998827826e-05,8.437900001467824e-05,6.2649999961195135e-06,6.712000015340891e-06,7.766699999933735e-05,3.2730000043557084e-06,96,False
3178,3.419600000142964e-05,8.089099998187521e-05,5.439000005935668e-06,6.635999994841768e-06,7.425499998703344e-05,3.3000000030369847e-06,96,False
3179,3.428499999813539e-05,8.013299998310686e-05,5.23200000657198e-06,6.990999992240177e-06,7.314199999086668e-05,3.2369999871662003e-06,96,False
3180,3.341699999737102e-05,7.921299999225084e-05,0.0002432910000038646,6.836000011389842e-06,7.2376999980861e-05,3.1969999838565855e-06,96,False
3181,0.0001898680000067543,0.00014571299999488474,5.395000002295092e-05,1.4047999997046645e-05,0.0001316649999978381,7.86399999697096e-06,96,False
3182,7.946299999161965e-05,0.00012034099998459169,7.700000026034104e-06,1.1155999999346022e-05,0.00010918499998524567,6.038000009311872e-06,96,False
3183,3.785500001640685e-05,8.616000002348301e-05,6.016000014597012e-06,7.616000004873058e-06,7.854400001860995e-05,3.4850000076858123e-06,96,False
3184,3.571299998839095e-05,8.24709999847073e-05,5.366999999978361e-06,7.159999995565158e-06,7.531099998914215e-05,3.3540000003995374e-06,96,False
3185,3.500200000416953e-05,8.066299997722126e-05,5.1410000025953195e-06,6.73600001732666e-06,7.39269999598946e-05,3.43099998190155e-06,96,False
3186,3.325599999470796e-05,7.809199999542216e-05,4.972999988694937e-06,6.370000022570821e-06,7.172199997285134e-05,3.052000010939082e-06,96,False
3187,3.363799999078765e-05,7.961500000419619e-05,4.86700000124074e-06,6.823999996186103e-06,7.279100000801009e-05,3.1120000016926497e-06,96,False
3188,3.3287999997355655e-05,7.872899999483707e-05,4.747000019733605e-06,6.5399999868986924e-06,7.218900000793838e-05,3.2970000063414773e-06,96,False
3189,3.3619000021190004e-05,7.838000001925138e-05,4.885000009835494e-06,6.384000016623759e-06,7.199600000262762e-05,3.042000003006251e-06,96,False
3190,3.300899999203466e-05,7.72250000125041e-05,6.0400000165827805e-06,6.4950000080443715e-06,7.073000000445973e-05,3.00900001093396e-06,96,False
3191,3.319199998941258e-05,7.704699999067088e-05,5.052999995314167e-06,6.399999989525895e-06,7.064700000114499e-05,2.854000001661916e-06,96,False
3192,3.613199999108474e-05,0.0001332790000105888,3.0906000006325485e-05,1.7482000004065412e-05,0.00011579700000652338,6.705000004103567e-06,96,False
3193,6.367100002080406e-05,9.472399997889625e-05,7.444000004852569e-06,8.98199999710414e-06,8.57419999817921e-05,4.238999991912351e-06,96,False
3194,3.840099998342339e-05,8.482699999490251e-05,5.5330000066078355e-06,7.452000005514492e-06,7.737499998938802e-05,3.401000014946476e-06,96,False
3195,3.59059999937017e-05,7.928799999490366e-05,4.949000015130878e-06,6.619000004093323e-06,7.266899999081033e-05,3.0650000155674206e-06,96,False
3196,3.3835000010640215e-05,7.843099999149672e-05,5.1120000250648445e-06,6.624000008059738e-06,7.180699998343698e-05,3.2350000083170016e-06,96,False
3197,3.371399998286506e-05,7.838000001925138e-05,5.143999999290827e-06,6.706000021949876e-06,7.167399999730151e-05,3.0449999997017585e-06,96,False
3198,4.764199999840457e-05,8.015500000624343e-05,4.977000003236753e-06,6.5319999862367695e-06,7.362300002000666e-05,2.946000023484885e-06,96,False
3199,3.316500001915301e-05,7.552100001362305e-05,4.83299999132214e-06,6.239000015284546e-06,6.92819999983385e-05,2.991000002339206e-06,96,False
3200,3.2399000019722735e-05,7.648099997936697e-05,4.833999980746739e-06,6.339999998772328e-06,7.014099998059464e-05,3.160999995088787e-06,96,False
3201,3.269100000125036e-05,7.552700000701407e-05,4.67300000650539e-06,6.247999976949359e-06,6.927900003006471e-05,2.953000006300499e-06,96,False
3202,3.329699998744218e-05,7.492099999240054e-05,4.6680000025389745e-06,6.227000000080807e-06,6.869399999231973e-05,2.8529999838156073e-06,96,False
3203,3.224499999987529e-05,7.618500001171924e-05,4.756000009820127e-06,6.4529999974638486e-06,6.973200001425539e-05,2.9170000175327004e-06,96,False
3204,3.25649999979305e-05,7.569600001033905e-05,4.562000015084777e-06,6.208999991486053e-06,6.9487000018853e-05,2.7920000036374404e-06,96,False
3205,3.270999999926971e-05,7.699200000388373e-05,5.031000000599306e-06,6.251000002066576e-06,7.074100000181716e-05,2.8869999937342072e-06,96,False
3206,3.49929999856613e-05,0.00010069999999018364,5.3630000138582545e-06,6.533000004083078e-06,9.416699998610056e-05,2.9299999937393295e-06,96,False
3207,3.8611999997328894e-05,8.054200000628953e-05,4.7730000005685724e-06,7.104000019353407e-06,7.343799998693612e-05,3.5569999852214096e-06,96,False
3208,3.2933999989381846e-05,7.717699998011085e-05,4.505999982029607e-06,6.488999986231647e-06,7.06879999938792e-05,2.9549999851496977e-06,96,False
3209,3.305100000261518e-05,7.686899999725938e-05,4.475000025649933e-06,6.403000014643112e-06,7.046599998261627e-05,2.945000005638576e-06,96,False
3210,3.296299999533403e-05,7.734800001912845e-05,4.611999997905514e-06,6.615000017973216e-06,7.073300000115523e-05,2.840000007608978e-06,96,False
3211,3.2341999997242965e-05,7.545399998321045e-05,4.560000007813869e-06,6.144000025187779e-06,6.930999995802267e-05,2.9299999937393295e-06,96,False
3212,3.187199999388213e-05,7.524500000499756e-05,4.37700001043595e-06,6.005999978242471e-06,6.923900002675509e-05,3.0249999838360964e-06,96,False
3213,3.279200001315985e-05,7.727299998805393e-05,4.713999999239604e-06,6.597000009378462e-06,7.067599997867546e-05,3.094999982522495e-06,96,False
3214,3.239200000848541e-05,7.664799997542104e-05,4.431999997223102e-06,6.3350000232276216e-06,7.031299995219342e-05,3.0710000089584355e-06,96,False
3215,3.224599998929989e-05,7.618199998660202e-05,4.52500000847067e-06,6.339000009347728e-06,6.98429999772543e-05,3.0150000043249747e-06,96,False
3216,3.2160999978714244e-05,7.682800000452517e-05,4.4980000097893935e-06,6.495999997468971e-06,7.03320000070562e-05,3.1840000076499564e-06,96,False
3217,3.1679999977995976e-05,7.529699999508921e-05,4.483000026311856e-06,6.4349999888690945e-06,6.886200000622011e-05,2.8830000076141005e-06,96,False
3218,3.303200000459583e-05,7.727999999929125e-05,4.649000004519621e-06,6.296999998767205e-06,7.098300000052404e-05,3.003000017542945e-06,96,False
3219,3.196299999785879e-05,7.66999999939344e-05,4.351999990603872e-06,6.321000000752974e-06,7.037899999318142e-05,2.9699999970489444e-06,96,False
3220,3.514799999493334e-05,9.201199998187803e-05,5.4969999894183275e-06,9.055999981910645e-06,8.295599999996739e-05,3.8730000255782215e-06,96,False
3221,5.506100001184677e-05,8.560800000623203e-05,5.586000014545789e-06,8.449000006294227e-06,7.71589999999378e-05,3.714999991188961e-06,96,False
3222,3.4805000012738674e-05,7.879000000343694e-05,4.917000012483186e-06,7.022000005463269e-06,7.176799999797367e-05,3.3070000142743083e-06,96,False
3223,3.370100000665843e-05,7.622600000445345e-05,4.77599999726408e-06,6.334000005381313e-06,6.989199999907214e-05,3.311000000394415e-06,96,False
3224,3.211700001770623e-05,7.698999999661282e-05,4.617999991296529e-06,6.318999993482066e-06,7.067100000313076e-05,3.2739999937803077e-06,96,False
3225,3.240800000980926e-05,7.614999998395433e-05,5.759000003990877e-06,6.054000010635718e-06,7.009599997331861e-05,3.0329999844980193e-06,96,False
3226,3.196200000843419e-05,8.612100000959799e-05,6.030999998074549e-06,1.5166999986604424e-05,7.095400002299357e-05,3.2529999884900462e-06,96,False
3227,3.1932000013057404e-05,7.42400000035559e-05,5.315999999311316e-06,6.097000010640841e-06,6.814299999291507e-05,2.8869999937342072e-06,96,False
3228,3.166300001566924e-05,7.363099999224687e-05,5.4440000099020835e-06,6.022999997412626e-06,6.760799999483424e-05,3.0060000142384524e-06,96,False
3229,3.156900001499707e-05,7.244799999739371e-05,5.262999991373363e-06,5.7819999881303374e-06,6.666600000926337e-05,3.0189999904450815e-06,96,False
3230,3.181100001370396e-05,7.876899999814668e-05,5.3800000046067e-06,6.1370000139504555e-06,7.263199998419623e-05,3.0570000149054977e-06,96,False
3231,3.15460000024359e-05,7.414300000618823e-05,5.329999993364254e-06,6.308999985549235e-06,6.7834000020639e-05,3.1159999878127564e-06,96,False
3232,3.15829999806283e-05,7.350599997835161e-05,5.5599999768674024e-06,5.884000017886137e-06,6.762199996046547e-05,2.89499999439613e-06,96,False
3233,3.167299999518036e-05,7.544900000766575e-05,5.2640000092196715e-06,5.917999999383028e-06,6.953100000828272e-05,2.856000008932824e-06,96,False
3234,3.409300001067095e-05,7.370099999093327e-05,5.477000001974375e-06,6.12000002320201e-06,6.758099996773126e-05,2.9859999983727903e-06,96,False
3235,3.124099998785823e-05,9.959900000922062e-05,5.739000016546925e-06,5.988999987494026e-06,9.361000002172659e-05,2.985000008948191e-06,96,False
3236,3.690400001232774e-05,7.848300001001007e-05,5.435999980818451e-06,6.523000024571957e-06,7.195999998543812e-05,3.4759999891775806e-06,96,False
3237,3.2195000017054554e-05,7.56109999997534e-05,5.267000005915179e-06,6.441000010681819e-06,6.916999998907158e-05,3.0019999996966362e-06,96,False
3238,3.1511000003092704e-05,7.479199999238517e-05,5.28900000063004e-06,6.256000006032991e-06,6.853599998635218e-05,2.9939999990347133e-06,96,False
3239,3.175399999122419e-05,7.375199999160031e-05,5.00400000191803e-06,6.450000000768341e-06,6.730199999083197e-05,3.195000005007387e-06,96,False
3240,3.111899999908019e-05,7.285799998157927e-05,5.19700000722878e-06,6.237000008013638e-06,6.662099997356563e-05,2.7620000082606566e-06,96,False
3241,3.086600000301587e-05,7.364399999687521e-05,5.0259999966328905e-06,6.037999980890163e-06,6.760600001598505e-05,2.8169999950478086e-06,96,False
3242,3.044500002147288e-05,7.102999998664927e-05,4.9870000111695845e-06,6.073999998079671e-06,6.49559999885696e-05,2.870000002985762e-06,96,False
3243,3.086399999574496e-05,7.066300000246883e-05,4.905999986704046e-06,5.691000012575387e-06,6.497199998989345e-05,2.825999985134331e-06,96,False
3244,2.994300001546435e-05,7.094799997275913e-05,4.815000011149095e-06,5.96099999938815e-06,6.498699997337098e-05,2.9869999877973896e-06,96,False
3245,2.9434999987643096e-05,7.107999999789172e-05,4.735999993954465e-06,5.769000011923708e-06,6.531099998596801e-05,2.8590000056283316e-06,96,False
3246,2.986100000157421e-05,7.058599999254511e-05,4.606000004514499e-06,5.923999992774043e-06,6.466199999977107e-05,2.875999996376777e-06,96,False
3247,2.9447000002846835e-05,6.940899999108296e-05,5.18600000987135e-06,5.64199999075754e-06,6.376700000032542e-05,2.8080000049612863e-06,96,False
3248,2.9570999998895786e-05,7.362400000943126e-05,5.0339999972948135e-06,5.994999980885041e-06,6.762900002854622e-05,2.706000003627196e-06,96,False
3249,2.9922999999598687e-05,7.103400000119109e-05,4.940999986047245e-06,5.735999991429708e-06,6.529800000976138e-05,2.7439999996659026e-06,96,False
3250,2.970499997445586e-05,7.169300002374257e-05,4.635999999891283e-06,5.996999988155949e-06,6.569600003558662e-05,2.8240000062851323e-06,96,False
3251,5.100799998558614e-05,7.941399999822352e-05,5.027000014479199e-06,7.71599999893624e-06,7.169799999928728e-05,3.402000004371075e-06,96,False
3252,3.297499998211606e-05,7.302200000935954e-05,4.563999993933976e-06,6.443000017952727e-06,6.657899999140682e-05,3.092000014248697e-06,96,False
3253,3.0258999998977743e-05,7.123899999328387e-05,5.044999994652244e-06,5.786999992096753e-06,6.545200000118712e-05,3.03199999507342e-06,96,False
3254,3.0070999997633407e-05,7.129799999461284e-05,4.4270000216783956e-06,5.556999980171895e-06,6.574100001444094e-05,2.8469999904245924e-06,96,False
3255,3.0608999992409736e-05,7.097200000316661e-05,4.520000004504254e-06,5.845999993425721e-06,6.512600000974089e-05,2.7430000102413032e-06,96,False
3256,3.0699999996386396e-05,9.813599999120015e-05,3.4108999983573085e-05,5.704000017203725e-06,9.243199997399643e-05,2.768999991076271e-06,96,False
3257,4.147600000692364e-05,7.841600000801918e-05,4.842000009830372e-06,6.880000000819564e-06,7.153600000719962e-05,3.5179999997581035e-06,96,False
3258,3.339399998480985e-05,7.409699998106589e-05,4.522000011775162e-06,6.392999978288572e-06,6.770400000277732e-05,2.8810000003431924e-06,96,False
3259,3.082300000301075e-05,7.204999999999018e-05,4.721999999901527e-06,5.988999987494026e-06,6.606100001249615e-05,2.9869999877973896e-06,96,False
3260,3.0221999992363635e-05,7.278600000404367e-05,4.3809999965560564e-06,6.0870000027080096e-06,6.669900000133566e-05,2.896000012242439e-06,96,False
3261,3.0424999977185507e-05,7.264100000270446e-05,4.826000008506526e-06,6.151999997427993e-06,6.648900000527647e-05,2.8500000155418093e-06,96,False
3262,3.319000001056338e-05,7.299600000010287e-05,4.358000012416596e-06,6.127000006017624e-06,6.686899999408524e-05,2.9199999858064984e-06,96,False
3263,3.2605000001240114e-05,7.132999999726053e-05,4.3729999958941335e-06,6.3539999928252655e-06,6.497600000443526e-05,2.8899999904297147e-06,96,False
3264,2.9642000015428493e-05,7.13199999893277e-05,4.316000001836073e-06,6.232000004047222e-06,6.508799998528048e-05,2.639999991060904e-06,96,False
3265,3.040999999370797e-05,7.019899999249901e-05,4.471000011108117e-06,5.6749999828298314e-06,6.452400000966918e-05,2.7960000181792566e-06,96,False
3266,4.243399999381836e-05,7.620100001304309e-05,4.926000002569708e-06,6.826000003457011e-06,6.937500000958607e-05,3.272000014931109e-06,96,False
3267,3.0951000013601515e-05,7.08970000005138e-05,4.3809999965560564e-06,5.772999998043815e-06,6.512400000246998e-05,2.7550000254450424e-06,96,False
3268,3.0424000016182617e-05,6.993099998453545e-05,5.24300000392941e-06,5.514000008588482e-06,6.441699997594696e-05,2.7579999937188404e-06,96,False
3269,2.970299999560666e-05,6.97029999798815e-05,5.039000001261229e-06,5.571999992071142e-06,6.413099998781036e-05,2.6129999923796277e-06,96,False
3270,3.0086999998957253e-05,7.08950000216646e-05,5.0969999847438885e-06,5.646000005299356e-06,6.524900001636524e-05,2.799000014874764e-06,96,False
3271,2.9608000005509894e-05,7.089300001439369e-05,5.264999998644271e-06,5.657000002656787e-06,6.52360000117369e-05,2.9759999904399592e-06,96,False
3272,3.021600002739433e-05,7.143599998471473e-05,5.269000013186087e-06,6.089999999403517e-06,6.534599998531121e-05,2.8020000115702715e-06,96,False
3273,2.9540999975097293e-05,7.067300001040167e-05,5.024000017783692e-06,5.8100000046579225e-06,6.486300000574374e-05,2.710999979171902e-06,96,False
3274,2.9673999989654476e-05,7.012000000372609e-05,5.160999990039272e-06,5.629999975553801e-06,6.449000002817229e-05,2.7979999970284553e-06,96,False
3275,3.018099999962942e-05,7.077999998728046e-05,4.666999984692666e-06,5.719999990105862e-06,6.50599999971746e-05,2.898999980516237e-06,96,False
3276,2.945299999623785e-05,6.941300000562478e-05,4.388999997217979e-06,5.713000007290248e-06,6.369999999833453e-05,2.7009999996607803e-06,96,False
3277,3.1374999991840014e-05,6.769399999484449e-05,4.474999997228224e-06,5.606999991414341e-06,6.208700000343015e-05,2.5330000141821074e-06,96,False
3278,2.8566999986878727e-05,6.835499999624517e-05,4.848000003221387e-06,5.843999986154813e-06,6.251100001009036e-05,2.736999988428579e-06,96,False
3279,2.969199999824923e-05,6.834599997773694e-05,5.044999994652244e-06,5.495999999993728e-06,6.284999997774321e-05,2.7290000161883654e-06,96,False
3280,2.862100001266299e-05,6.764799999814386e-05,4.848000003221387e-06,5.5309999993369274e-06,6.211699999880693e-05,2.6410000089072128e-06,96,False
3281,2.8716000002759756e-05,8.700099999714439e-05,5.837999992763798e-06,5.393000009235038e-06,8.160799998790935e-05,2.5549999804752588e-06,96,False
3282,3.714499999318832e-05,7.431899999232883e-05,4.9269999919943075e-06,6.595999991532153e-06,6.772300000079667e-05,3.435000024865076e-06,96,False
3283,3.0390000006264017e-05,6.981999999311483e-05,4.875999991327262e-06,5.517999994708589e-06,6.430199999840625e-05,2.778999999009102e-06,96,False
3284,2.9436999994914004e-05,6.915800000228955e-05,4.919000019754094e-06,5.837000003339199e-06,6.332099999895036e-05,2.7739999950426864e-06,96,False
3285,2.9791999992312412e-05,6.948000000761567e-05,4.824000001235618e-06,5.890000011277152e-06,6.358999999633852e-05,2.744999989090502e-06,96,False
3286,2.9014999995524704e-05,6.846400000881658e-05,4.761000013786543e-06,5.245000011200318e-06,6.321899999761627e-05,2.71299998644281e-06,96,False
3287,2.8000999975574814e-05,7.022500000175569e-05,4.96999999199943e-06,5.895000015243568e-06,6.432999998651212e-05,2.7840000029755174e-06,96,False
3288,2.9671000021380678e-05,6.815800000481431e-05,4.646999997248713e-06,5.566999988104726e-06,6.259100001670959e-05,2.7739999950426864e-06,96,False
3289,2.9492999999547465e-05,6.919200001220815e-05,4.9060000151257555e-06,5.863000012595876e-06,6.332899999961228e-05,2.876999985801376e-06,96,False
3290,2.8922000012698845e-05,0.00017103999999790176,5.7210000079521706e-06,5.8729999921069975e-06,0.00016516700000579476,2.7430000102413032e-06,96,False
3291,3.88580000105776e-05,7.545500000105676e-05,4.930000017111524e-06,6.5370000186248944e-06,6.891799998243187e-05,3.151000015577665e-06,96,False
3292,2.9799000003549736e-05,7.175700000061624e-05,5.216999994672733e-06,6.079000002046087e-06,6.567799999857016e-05,2.8020000115702715e-06,96,False
3293,2.9154000003472902e-05,6.894300000226394e-05,5.027000014479199e-06,5.660999988776894e-06,6.328200001348705e-05,2.6300000115497824e-06,96,False
3294,2.8993000000809843e-05,7.308599998623322e-05,4.816599999912796e-05,6.008000013935089e-06,6.707799997229813e-05,2.725000001646549e-06,96,False
3295,0.0001142930000241904,0.0002234919999750673,9.361999985912917e-06,1.2178999980960725e-05,0.00021131299999410658,6.340999988196927e-06,96,False
3296,5.644600000209721e-05,9.827399998130204e-05,6.794999990233919e-06,8.990999987190662e-06,8.928299999411138e-05,4.498999999213993e-06,96,False
3297,3.9489000016601494e-05,8.445899999287576e-05,6.549000005406924e-06,7.185000015397236e-06,7.727399997747852e-05,3.3700000017233833e-06,96,False
3298,3.5851000006914546e-05,7.971800002337659e-05,6.051000013940211e-06,7.023999984312468e-06,7.269400003906412e-05,2.9599999891161133e-06,96,False
3299,3.3606999977564556e-05,7.697899999925539e-05,5.51699997686228e-06,6.641999988232783e-06,7.033700001102261e-05,3.227999997079678e-06,96,False
3300,3.1941999992568526e-05,7.468699999435557e-05,5.5250000059459126e-06,6.435999978293694e-06,6.825100001606188e-05,2.9820000122526835e-06,96,False
3301,3.264599999397433e-05,0.00016653999998084146,1.196700000605233e-05,6.1210000126266095e-06,0.00016041899996821485,2.9869999877973896e-06,96,False
3302,0.00014146399999503956,0.0001737949999949251,1.2174000005416019e-05,1.2359000010064847e-05,0.00016143599998486025,6.091999978252716e-06,96,False
3303,0.0001323730000137857,0.00012542100000700884,7.737000004226502e-06,1.2158999993516773e-05,0.00011326200001349207,6.313999989515651e-06,96,False
3304,4.513800001859636e-05,0.00021844399998371955,9.954000006473507e-06,8.357000012892968e-06,0.00021008699997082658,3.724999999121792e-06,96,False
3305,5.925599998590769e-05,8.661199998982738e-05,6.526999982270354e-06,8.328000006940783e-06,7.82839999828866e-05,4.20599999984006e-06,96,False
3306,3.45680000179982e-05,7.740199998806929e-05,5.57399999934205e-06,6.898999998838917e-06,7.050299998923037e-05,3.243999998403524e-06,96,False
3307,0.0001344400000107271,9.475999999608575e-05,7.27200000483208e-06,9.395999995831517e-06,8.536400000025424e-05,4.202000013719953e-06,96,False
3308,3.8633999992043755e-05,8.2711000004565e-05,5.449999974871389e-06,7.645000010825242e-06,7.506599999373975e-05,3.539000005048365e-06,96,False
3309,3.127700000504774e-05,7.323400001268965e-05,5.799000007300492e-06,6.259999992153098e-06,6.697400002053655e-05,3.0019999996966362e-06,96,False
3310,5.5903000003354464e-05,7.79300000033345e-05,5.958999992117242e-06,6.832999986272625e-06,7.109700001706187e-05,3.3849999852009205e-06,96,False
3311,3.2613999991326637e-05,7.396199998765951e-05,5.420000007916315e-06,6.427000016628881e-06,6.753499997103063e-05,3.1540000122731726e-06,96,False
3312,3.132500000901928e-05,7.292499998357016e-05,5.26600001649058e-06,6.312000010666452e-06,6.661299997290371e-05,3.055999997059189e-06,96,False
3313,3.1201000012970326e-05,7.079700000645062e-05,5.1049999854058115e-06,5.8709999848360894e-06,6.492600002161453e-05,2.8510000049664086e-06,96,False
3314,3.0473000009578755e-05,7.251200000268909e-05,5.279000021118918e-06,6.1210000126266095e-06,6.639099999006248e-05,2.7769999917381938e-06,96,False
3315,2.9697999991640245e-05,7.048500000905733e-05,4.840000002559464e-06,5.988999987494026e-06,6.44960000215633e-05,2.7170000009846262e-06,96,False
3316,2.9593999983035246e-05,6.947100001752915e-05,5.188000017142258e-06,5.828000013252677e-06,6.364300000427647e-05,2.5639999989834905e-06,96,False
3317,2.955599998699654e-05,9.8786999984668e-05,5.542000025116067e-06,6.025000004683534e-06,9.276199997998447e-05,2.6959999956943648e-06,96,False
3318,3.3583999993425095e-05,7.3078000013993e-05,5.2199999913682404e-06,6.522000006725648e-06,6.655600000726736e-05,2.8830000076141005e-06,96,False
3319,3.0143999993015314e-05,7.415400000354566e-05,5.1670000118519965e-06,6.43999999283551e-06,6.771400001071015e-05,2.8089999943858857e-06,96,False
3320,3.168899999650421e-05,7.057300001633848e-05,5.081000011841752e-06,6.0769999947751785e-06,6.44960000215633e-05,2.6529999956892425e-06,96,False
3321,2.9756999992969213e-05,7.109099999524915e-05,4.957000015792801e-06,6.227000000080807e-06,6.486399999516834e-05,2.787999989095624e-06,96,False
3322,3.029799998444105e-05,6.990299999642957e-05,5.100999999285705e-06,5.645000015874757e-06,6.425799998055481e-05,2.751000010903226e-06,96,False
3323,3.078700001424295e-05,7.050499999650128e-05,5.111000007218536e-06,5.935000018553183e-06,6.45699999779481e-05,2.801999983148562e-06,96,False
3324,2.9409000006808128e-05,7.050000002095658e-05,4.918000001907785e-06,5.910999988145704e-06,6.458900003281087e-05,2.977000008286268e-06,96,False
3325,4.097699999761062e-05,7.959199999163502e-05,5.3459999946881e-06,7.769000006874194e-06,7.182299998476083e-05,3.3379999990756914e-06,96,False
3326,3.471700000545752e-05,7.06140000090727e-05,4.826000008506526e-06,6.229000007351715e-06,6.438500000172098e-05,2.859999995052931e-06,96,False
3327,3.0360000010887234e-05,7.041999998591564e-05,4.789999991317018e-06,6.038999998736472e-06,6.438099998717917e-05,2.64400000560272e-06,96,False
3328,3.0393999992384124e-05,6.916500001352688e-05,3.465099999289123e-05,5.77899999143483e-06,6.338600002209205e-05,2.732000012883873e-06,96,False
3329,3.3174999998664134e-05,7.219099998678757e-05,5.303000023104687e-06,6.198000022550332e-06,6.599299996423724e-05,2.958999999691514e-06,96,False
3330,3.0242000008229297e-05,7.093099998201069e-05,5.073000011179829e-06,6.0929999960990244e-06,6.483799998591167e-05,2.710999979171902e-06,96,False
3331,2.9810000000907166e-05,6.959099999903628e-05,5.036000004565722e-06,5.711999989443939e-06,6.387900000959235e-05,2.5310000069111993e-06,96,False
3332,2.967000000353437e-05,0.00010002100000860992,5.487999999331805e-06,5.962999978237349e-06,9.405800003037257e-05,2.8249999957097316e-06,96,False
3333,3.480899999885878e-05,8.202899999787405e-05,5.4159999933744984e-06,7.004000025290225e-06,7.502499997258383e-05,3.296000016916878e-06,96,False
3334,3.152400000772104e-05,7.48680000128843e-05,5.343999987417192e-06,6.377999994811034e-06,6.849000001807326e-05,3.0879999997068808e-06,96,False
3335,3.104600000369828e-05,7.184900002243921e-05,5.151000010528151e-06,6.158999980243607e-06,6.56900000421956e-05,2.835999993067162e-06,96,False
3336,3.113700000767494e-05,8.302200001253368e-05,5.390000012539531e-06,6.076000005350579e-06,7.69460000071831e-05,2.930999983163929e-06,96,False
3337,3.122100000041428e-05,7.14619999939714e-05,5.2640000092196715e-06,5.620999985467279e-06,6.584100000850412e-05,2.831000017522456e-06,96,False
3338,3.047999999239437e-05,0.00011669500000266453,7.713999991665332e-06,5.966999992779165e-06,0.00011072800000988536,4.327999988618103e-06,96,False
3339,4.144199999700504e-05,0.0001405990000193924,7.2610000074746495e-06,1.4345000010962394e-05,0.00012625400000843,5.451999982142297e-06,96,False
3340,4.5131000007359034e-05,8.270099999663216e-05,5.7270000013431854e-06,7.355999997571416e-06,7.534499999906075e-05,3.6399999885361467e-06,96,False
3341,3.3857000005355076e-05,7.584499999779837e-05,5.388000005268623e-06,6.552000002102432e-06,6.929299999569594e-05,3.0329999844980193e-06,96,False
3342,3.184600001304716e-05,7.278900000073918e-05,5.063999992671597e-06,6.114999990813885e-06,6.66740000099253e-05,2.5869999831229507e-06,96,False
3343,3.08760000109487e-05,7.306499998094296e-05,5.03800001183663e-06,6.392000017285682e-06,6.667299996365728e-05,2.7620000082606566e-06,96,False
3344,3.0154999990372744e-05,7.227500000794862e-05,5.030000011174707e-06,6.222999985538991e-06,6.605200002240963e-05,2.7239999838002404e-06,96,False
3345,3.062400000430898e-05,7.281500000999586e-05,5.290999979479238e-06,6.126000016593025e-06,6.668899999340283e-05,2.789000006941933e-06,96,False
3346,3.089200001227255e-05,0.00010484200001315003,5.819000023166154e-06,8.972000017593018e-06,9.586999999555701e-05,3.595999999106425e-06,96,False
3347,3.210599999192709e-05,7.80709999901319e-05,5.382000011877608e-06,6.73600001732666e-06,7.133499997280524e-05,2.8659999884439458e-06,96,False
3348,3.272799997944276e-05,7.695499999726962e-05,5.291999997325547e-06,6.48599998953614e-06,7.046900000773348e-05,3.173000010292526e-06,96,False
3349,3.2500000003210516e-05,7.600500001103683e-05,5.403000017167869e-06,6.287999980258974e-06,6.971700003077785e-05,3.1339999964075105e-06,96,False
3350,3.2707999991998804e-05,7.730400000127702e-05,5.28900000063004e-06,6.536999990203185e-06,7.076700001107383e-05,3.2530000169117557e-06,96,False
3351,3.6639000001059685e-05,7.716999999729524e-05,5.406000013863377e-06,6.662000004098445e-06,7.050799999319679e-05,2.953000006300499e-06,96,False
3352,3.24969999780933e-05,7.802000001788656e-05,5.526999984795111e-06,6.421000023237866e-06,7.15989999946487e-05,3.1780000142589415e-06,96,False
3353,3.2615000009172945e-05,0.0001136610000003202,5.878999985498012e-06,1.0392999996611252e-05,0.00010326800000370895,4.250000017691491e-06,96,False
3354,3.5635999978467225e-05,7.932900001605958e-05,5.350999998654515e-06,6.858999995529302e-06,7.247000002053028e-05,3.1940000155827875e-06,96,False
3355,3.364900001656679e-05,7.809600000996397e-05,5.633999990095617e-06,6.552999991527031e-06,7.154300001843694e-05,2.888999972583406e-06,96,False
3356,3.201900000249225e-05,8.280099999069535e-05,6.0950000033699325e-06,6.799999994200334e-06,7.600099999649501e-05,2.9779999977108673e-06,96,False
3357,3.416199999151104e-05,7.6838000012458e-05,5.467999983466143e-06,6.399999989525895e-06,7.04380000229321e-05,2.9219999930774065e-06,96,False
3358,3.769200000647288e-05,7.576899997729925e-05,5.3999999920506525e-06,6.487999996807048e-06,6.92809999804922e-05,3.0369999990398355e-06,96,False
3359,3.188200000181496e-05,7.530900001029295e-05,5.1879999887205486e-06,6.6020000133448775e-06,6.870699999694807e-05,2.829999999676147e-06,96,False
3360,3.167799999914678e-05,7.482800000957468e-05,5.264999998644271e-06,6.159999998089916e-06,6.866800001148476e-05,2.6689999970130884e-06,96,False
3361,3.153099999053666e-05,7.910400000810114e-05,5.4050000244387775e-06,6.332999987535004e-06,7.277100002056613e-05,3.1659999990552024e-06,96,False
3362,3.57300000075611e-05,7.863299998689399e-05,5.358999999316438e-06,6.53099999681217e-06,7.210199999008182e-05,3.175000017563434e-06,96,False
3363,3.30900000165002e-05,7.844799998224516e-05,5.734000012580509e-06,6.455000004734757e-06,7.199299997751041e-05,2.875999996376777e-06,96,False
3364,7.646500000646483e-05,0.0001027939999858063,6.704999975681858e-06,8.871000005683527e-06,9.392299998012277e-05,4.294999996545812e-06,96,False
3365,4.0707000010797856e-05,9.496499998817853e-05,5.9410000119441975e-06,8.453000020836043e-06,8.651199996734249e-05,3.664999979946515e-06,96,False
3366,3.9375999989488264e-05,9.747699999707038e-05,6.072000019230472e-06,8.3320000214826e-06,8.914499997558778e-05,3.4290000030523515e-06,96,False
3367,3.911700000003293e-05,9.901499998932195e-05,6.898999998838917e-06,8.416000014221936e-06,9.059899997510001e-05,3.4659999812447495e-06,96,False
3368,3.98109999935059e-05,7.955300000617171e-05,5.512999990742173e-06,6.445999986226525e-06,7.310700001994519e-05,3.3459999997376144e-06,96,False
3369,3.494999998565618e-05,7.911399998761226e-05,2.0022000001063134e-05,6.936999994877624e-06,7.217699999273464e-05,3.0819999778941565e-06,96,False
3370,4.915799999594128e-05,8.487899998499415e-05,5.33400000790607e-06,7.885999991685821e-06,7.699299999330833e-05,3.660000004401809e-06,96,False
3371,3.527999999164422e-05,7.969300000354451e-05,4.84399998867957e-06,6.885999994210579e-06,7.280700000933393e-05,3.1659999990552024e-06,96,False
3372,3.3140999988745534e-05,7.94799999823681e-05,5.376000018486593e-06,6.831000007423427e-06,7.264899997494467e-05,3.0569999864837882e-06,96,False
3373,3.278199997680531e-05,7.935700000416546e-05,5.6640000138941105e-06,6.847000008747273e-06,7.250999999541818e-05,3.1059999798799254e-06,96,False
3374,3.406900000868518e-05,8.015900002078524e-05,5.660999988776894e-06,6.557000006068847e-06,7.36020000147164e-05,2.991999991763805e-06,96,False
3375,3.4644999999500214e-05,8.220399999459005e-05,6.01799999344621e-06,7.160999984989758e-06,7.504300000960029e-05,3.3589999759442435e-06,96,False
3376,3.763999998795953e-05,0.00015089599997963887,6.134000017254948e-06,6.730999984938535e-06,0.00014416499999470034,3.335000002380184e-06,96,False
3377,4.172600000629245e-05,8.502699998302887e-05,5.492000013873621e-06,7.4069999982384616e-06,7.761999998479041e-05,3.450000008342613e-06,96,False
3378,3.5888000013528654e-05,8.445800000345116e-05,5.189999995991457e-06,6.864999988920317e-06,7.759300001453084e-05,3.2979999957660766e-06,96,False
3379,3.565299999763738e-05,8.351200000333847e-05,5.182999984754133e-06,7.194999994908358e-06,7.631700000843011e-05,3.4419999792589806e-06,96,False
3380,3.475599999092083e-05,8.208599999193211e-05,6.0039999993932724e-06,6.695999985595336e-06,7.539000000633678e-05,3.272000014931109e-06,96,False
3381,3.473099999951046e-05,8.360899997228444e-05,6.102999975610146e-06,6.909000006771748e-06,7.669999996551269e-05,2.9629999858116207e-06,96,False
3382,3.607700000429759e-05,8.058999998183936e-05,2.0564999999805877e-05,6.632000008721661e-06,7.39579999731177e-05,3.2770000188975246e-06,96,False
3383,4.98300000231211e-05,8.762400000250636e-05,6.1549999941235e-06,7.850000002918023e-06,7.977399999958834e-05,3.8109999991320365e-06,96,False
3384,3.470600000810009e-05,8.161400000972208e-05,5.8010000145714e-06,6.934999987606716e-06,7.467900002211536e-05,2.9889999950682977e-06,96,False
3385,3.395100000602724e-05,8.248700001445286e-05,5.022999999937383e-06,7.221000004165035e-06,7.526600001028783e-05,3.222000003688663e-06,96,False
3386,3.464000002395551e-05,8.152800000971183e-05,5.208000004586211e-06,6.831999996848026e-06,7.46960000128638e-05,3.094999982522495e-06,96,False
3387,3.3948999998756335e-05,8.086700000831115e-05,5.939999994097889e-06,6.87300001800395e-06,7.39939999903072e-05,3.288999977257845e-06,96,False
3388,5.105500000013308e-05,9.110100000953025e-05,6.403000014643112e-06,8.949999994456448e-06,8.21510000150738e-05,3.732999999783715e-06,96,False
3389,3.685800001562711e-05,9.780599998521211e-05,6.471000006058603e-06,9.38099998393227e-06,8.842500000127984e-05,4.09199998330223e-06,96,False
3390,4.308499998728621e-05,8.718799998064242e-05,6.24599999810016e-06,7.441999997581661e-06,7.974599998306076e-05,3.777999978638036e-06,96,False
3391,3.493300002332944e-05,8.199100000183535e-05,5.1850000204467506e-06,7.029999977703483e-06,7.496100002413186e-05,3.3519999931286293e-06,96,False
3392,3.365800000665331e-05,8.074800001622862e-05,5.310000005920301e-06,6.999999982326699e-06,7.374800003390192e-05,3.189000011616372e-06,96,False
3393,3.292700000656623e-05,7.964900001411479e-05,5.208000004586211e-06,6.563999988884461e-06,7.308500002523033e-05,2.9079999990244687e-06,96,False
3394,3.3505999994076774e-05,8.085300001425821e-05,4.920999998603293e-06,6.4850000001115404e-06,7.436800001414667e-05,3.312000018240724e-06,96,False
3395,3.345499999340973e-05,9.75190000076509e-05,5.966000003354566e-06,6.425000009357973e-06,9.109399999829293e-05,3.335000002380184e-06,96,False
3396,4.661700000951896e-05,8.740600000578524e-05,5.00400000191803e-06,7.787999976471838e-06,7.961800002931341e-05,3.678000012996563e-06,96,False
3397,3.55189999936556e-05,8.153799998922295e-05,4.934000003231631e-06,6.760000019312429e-06,7.477799996991052e-05,3.187000004345464e-06,96,False
3398,3.440099999352242e-05,8.037099999569364e-05,5.020999992666475e-06,6.858999995529302e-06,7.351200000016433e-05,3.1179999950836645e-06,96,False
3399,3.303200000459583e-05,8.339600000795144e-05,5.248999997320425e-06,6.922000011400087e-06,7.647399999655136e-05,3.3789999918099056e-06,96,False
3400,3.50279999850045e-05,8.38409999914802e-05,3.505899999822759e-05,7.12400000679736e-06,7.671699998468284e-05,3.369000012298784e-06,96,False
3401,3.999899999485024e-05,8.66889999997511e-05,5.403000017167869e-06,7.275999990952187e-06,7.941300000879892e-05,3.6309999984496244e-06,96,False
3402,5.063399999016838e-05,0.00014649199999894336,6.9680000081007165e-06,9.839000000511078e-06,0.00013665299999843228,4.136999990578261e-06,96,False
3403,5.550500000595093e-05,9.427800000594289e-05,5.453999989413205e-06,8.347999994384736e-06,8.593000001155815e-05,3.973000019641404e-06,96,False
3404,4.2019999995090984e-05,8.781700000781711e-05,5.424999983461021e-06,7.780000004231624e-06,8.003700000358549e-05,3.552999999101303e-06,96,False
3405,3.631300000961346e-05,8.605600001487801e-05,5.222999988063748e-06,7.236000016064281e-06,7.881999999881373e-05,3.450000008342613e-06,96,False
3406,3.6445999995748934e-05,8.602400001223032e-05,5.376000018486593e-06,6.87299998958224e-06,7.915100002264808e-05,3.426000006356844e-06,96,False
3407,3.603999999768348e-05,8.877599998413643e-05,2.6289000004453555e-05,7.290000013426834e-06,8.14859999707096e-05,3.247000023520741e-06,96,False
3408,5.4145000007110866e-05,9.184800001094118e-05,5.512000001317574e-06,8.348999983809335e-06,8.349900002713184e-05,4.112999988592492e-06,96,False
3409,3.66440000050261e-05,8.662400000503112e-05,5.520000001979497e-06,7.267999990290264e-06,7.935600001474086e-05,3.448000001071705e-06,96,False
3410,3.549199999497432e-05,0.00012293000000340726,8.064000013519035e-06,1.3542999994342608e-05,0.00010938700000906465,5.90400000533009e-06,96,False
3411,4.653900001017064e-05,9.230700001694458e-05,5.795000021180385e-06,7.981999999628897e-06,8.432500001731569e-05,3.9909999998144485e-06,96,False
3412,3.8791999998011306e-05,8.811099999661565e-05,5.77899999143483e-06,7.995999993681835e-06,8.011500000293381e-05,3.4109999944575975e-06,96,False
3413,3.816899999264933e-05,0.00017402000000288353,8.033000000295942e-06,1.6248000008545205e-05,0.00015777199999433833,5.98400001194932e-06,96,False
3414,4.7843999993801845e-05,9.539999999219617e-05,6.128999984866823e-06,8.581000003005101e-06,8.681899998919107e-05,4.176000004463276e-06,96,False
3415,4.0011000010053976e-05,9.084000001280401e-05,5.588999982819587e-06,7.686000003559457e-06,8.315400000924456e-05,3.985000006423434e-06,96,False
3416,3.814699999793447e-05,8.934699999940676e-05,5.491000024449022e-06,8.110000010219665e-06,8.12369999891871e-05,3.747999983261252e-06,96,False
3417,3.8144000001238965e-05,8.774799999855531e-05,5.895000015243568e-06,7.4149999989003845e-06,8.033299999965493e-05,3.4539999944627198e-06,96,False
3418,3.884199998083204e-05,0.00015306000000236963,6.64500001335e-06,7.600000003549212e-06,0.00014545999999882042,3.5130000242133974e-06,96,False
3419,5.291100001159066e-05,9.781900001826216e-05,5.532000017183236e-06,8.738000019548053e-06,8.90809999987141e-05,4.180999980007982e-06,96,False
3420,3.889999999273641e-05,8.986200001004363e-05,5.872000002682398e-06,7.367999984353446e-06,8.249400002569018e-05,3.79599998723279e-06,96,False
3421,3.8360000019110885e-05,8.76039999866407e-05,5.342999997992592e-06,7.0750000134012225e-06,8.052899997323948e-05,3.5680000110005494e-06,96,False
3422,4.169799998976487e-05,8.87269999907403e-05,5.487999999331805e-06,7.987999993019912e-06,8.073899999772038e-05,3.682999988541269e-06,96,False
3423,3.7915999996585015e-05,8.979599999747734e-05,5.610000016531558e-06,8.175999994364247e-06,8.162000000311309e-05,3.3339999845338752e-06,96,False
3424,3.851100001384111e-05,0.00010670100002130312,6.53099999681217e-06,7.890000006227638e-06,9.881100001507548e-05,3.4179999772732117e-06,96,False
3425,5.162399997971079e-05,9.514600000670725e-05,5.610999977534448e-06,8.500000006961272e-06,8.664599999974598e-05,4.149999995206599e-06,96,False
3426,3.8485999994009035e-05,8.936400001857692e-05,5.40299998874616e-06,7.789999983742746e-06,8.157400003483417e-05,3.6630000010973163e-06,96,False
3427,3.751100001636587e-05,8.895100000927414e-05,5.788000009943062e-06,8.096999977169617e-06,8.085400003210452e-05,3.805999995165621e-06,96,False
3428,3.782000001706365e-05,8.76389999859839e-05,5.393000009235038e-06,7.269999997561172e-06,8.036899998842273e-05,3.5979999779556238e-06,96,False
3429,3.7071000008381816e-05,8.553299997515751e-05,5.145000017137136e-06,7.08900000745416e-06,7.844399996770335e-05,3.606000007039256e-06,96,False
3430,3.642800001557589e-05,8.740999999190535e-05,5.421999986765513e-06,7.267999990290264e-06,8.014200000161509e-05,3.383999995776321e-06,96,False
3431,7.815899999741305e-05,9.6428000006199e-05,5.970000017896382e-06,8.449999995718827e-06,8.797800001048017e-05,4.344999979366548e-06,96,False
3432,3.8327999988041483e-05,8.981099998095488e-05,5.610000016531558e-06,7.855999996309038e-06,8.195499998464584e-05,3.763999984585098e-06,96,False
3433,4.147699999634824e-05,8.859400000460482e-05,5.707000013899233e-06,7.713999991665332e-06,8.088000001293949e-05,3.3279999911428604e-06,96,False
3434,3.6330000000361906e-05,8.82700000204295e-05,6.439000003410911e-06,7.589999995616381e-06,8.068000002481313e-05,3.483000000414904e-06,96,False
3435,3.67130000142879e-05,8.880400000066402e-05,5.51700000528399e-06,7.718000006207149e-06,8.108599999445687e-05,3.468000016937367e-06,96,False
3436,3.644299999905343e-05,9.89629999992303e-05,5.592000007936804e-06,7.119000002830944e-06,9.184399999639936e-05,3.2770000188975246e-06,96,False
3437,6.850399998370449e-05,9.648799999695257e-05,6.049000006669303e-06,8.479000001671011e-06,8.800899999528156e-05,4.257000000507105e-06,96,False
3438,3.817999999000676e-05,8.872399999404479e-05,5.504000000655651e-06,7.713999991665332e-06,8.101000000237946e-05,3.676999995150254e-06,96,False
3439,3.7595000009105206e-05,8.757500000911023e-05,5.483999984789989e-06,7.941999996319282e-06,7.963300001279094e-05,3.4939999977723346e-06,96,False
3440,3.7171000002445e-05,8.726000001502143e-05,5.542999986118957e-06,7.554999996273182e-06,7.970500001874825e-05,3.4879999759596103e-06,96,False
3441,3.7244000026248614e-05,8.64390000003823e-05,5.641000001332941e-06,7.2109999962322036e-06,7.922800000415009e-05,3.4919999905014265e-06,96,False
3442,3.673500000900276e-05,8.678899999381429e-05,6.487999996807048e-06,7.105000008778006e-06,7.968399998503628e-05,3.450000008342613e-06,96,False
3443,5.608600000073238e-05,9.835899999188769e-05,7.076999992250421e-06,9.807999987287985e-06,8.85510000045997e-05,4.227999994554921e-06,96,False
3444,3.8554000013846235e-05,8.841999999731343e-05,6.518000020605541e-06,7.5849999916499655e-06,8.083500000566346e-05,3.7389999931747298e-06,96,False
3445,3.829499999596919e-05,8.766499999524058e-05,6.4589999908548634e-06,7.070999998859406e-06,8.059399999638117e-05,3.7609999878895906e-06,96,False
3446,3.75220000137233e-05,8.77760000150829e-05,6.065000007993149e-06,7.095000000845175e-06,8.068100001423772e-05,3.486999986535011e-06,96,False
3447,3.9922000013348224e-05,8.598600001619161e-05,7.073999995554914e-06,7.196000012754666e-06,7.879000000343694e-05,3.698999989865115e-06,96,False
3448,3.741199998330558e-05,8.772699999326505e-05,6.7019999789863505e-06,7.065999994892991e-06,8.066099999837206e-05,3.9809999918816175e-06,96,False
3449,3.7848000005169524e-05,0.00010176899999692068,7.267999990290264e-06,9.64200000908022e-06,9.212699998784046e-05,4.259000007778013e-06,96,False
3450,3.9512000000740954e-05,8.939800000007381e-05,6.288000008680683e-06,7.646999989674441e-06,8.175100001039937e-05,3.858999974681865e-06,96,False
3451,3.7768999987974894e-05,8.758299998135044e-05,6.078000012621487e-06,7.027000009429685e-06,8.055599997192076e-05,3.543999980593071e-06,96,False
3452,3.741200001172729e-05,8.857799997485927e-05,6.079999991470686e-06,7.196000012754666e-06,8.13819999621046e-05,3.5380000156237656e-06,96,False
3453,3.732700000114164e-05,8.99949999961791e-05,6.473000013329511e-06,7.168000024648791e-06,8.282699997153031e-05,3.51099998852078e-06,96,False
3454,3.775199999722645e-05,8.717000000046937e-05,6.114000001389286e-06,7.44300001542797e-06,7.97269999850414e-05,3.509000009671581e-06,96,False
3455,3.630400001952694e-05,0.00012604600001964172,6.888000001481487e-06,1.1127999982818437e-05,0.00011491800003682329,4.431999997223102e-06,96,False
3456,3.987299999153038e-05,8.818599999926846e-05,6.598999988227661e-06,7.690000018101273e-06,8.049599998116719e-05,3.680000020267471e-06,96,False
3457,3.7106999997149615e-05,8.746800000380972e-05,6.236999979591928e-06,7.415999988324984e-06,8.005200001548474e-05,3.5319999938110413e-06,96,False
3458,3.716899999517409e-05,8.691799999382965e-05,6.306000017275437e-06,7.173999989618096e-06,7.974400000421156e-05,3.335000002380184e-06,96,False
3459,3.626000000167551e-05,8.700199998656899e-05,6.358999996791681e-06,7.453999984363691e-06,7.95480000022053e-05,3.391999996438244e-06,96,False
3460,3.714200002491452e-05,8.670599999049955e-05,6.293000012647099e-06,7.07800001009673e-06,7.962799998040282e-05,3.5110000169424893e-06,96,False
3461,4.973700001187353e-05,0.00012576500000704982,7.008000011410331e-06,2.3290000001452427e-05,0.0001024750000055974,5.802999993420599e-06,96,False
3462,4.077399998436704e-05,9.004700001469246e-05,6.039999988161071e-06,7.756000002245855e-06,8.22910000124466e-05,3.445999993800797e-06,96,False
3463,3.844599999069942e-05,8.898900000531285e-05,6.208000002061453e-06,7.65999999430278e-06,8.132900001101007e-05,3.757999991194083e-06,96,False
3464,3.690399998390603e-05,8.844900000326561e-05,6.331999998110405e-06,7.04400000017813e-06,8.140500000308748e-05,3.687000003083085e-06,96,False
3465,3.6103000013554265e-05,8.63039999785542e-05,6.329000001414897e-06,6.957000010743286e-06,7.934699996781092e-05,3.3240000050227536e-06,96,False
3466,3.64300000228468e-05,8.61599999950613e-05,6.068000004688656e-06,7.1589999777188496e-06,7.900100001734245e-05,3.233999990470693e-06,96,False
3467,3.587700001617122e-05,0.00011840499999493659,6.774000013365367e-06,6.686999995508813e-06,0.00011171799999942778,3.3709999911479827e-06,96,False
3468,4.239000000438864e-05,9.166899999968336e-05,6.007999985513379e-06,7.730999982413778e-06,8.393800001726959e-05,3.886000001784851e-06,96,False
3469,3.730400001700218e-05,8.800800000585696e-05,6.305999988853728e-06,7.745000004888425e-06,8.026300000096853e-05,3.63600000241604e-06,96,False
3470,3.6910999995143357e-05,8.657099999709317e-05,5.993999991460441e-06,7.748000001583932e-06,7.882299999550924e-05,3.5139999852162873e-06,96,False
3471,3.708599999185935e-05,0.00011361599999304417,6.533000004083078e-06,7.446000012123477e-06,0.00010616999998092069,3.349999985857721e-06,96,False
3472,4.161200001817633e-05,9.08359999982622e-05,6.165000002056331e-06,7.401999994272046e-06,8.343400000399015e-05,3.82999999715139e-06,96,False
3473,3.739999999652355e-05,0.0005785630000048059,1.423500000896638e-05,7.479000004195768e-06,0.0005710840000006101,3.38500001362263e-06,96,False
3474,0.00015158700000483805,0.00020465099999000813,1.4173000010941905e-05,2.645300000381212e-05,0.000178197999986196,9.392999999136009e-06,96,False
3475,8.077299997921727e-05,0.00011607999999796448,4.4673999980204826e-05,1.1094000001321547e-05,0.00010498599999664293,4.5700000157467e-06,96,False
3476,5.486200001314501e-05,0.00010852200000499579,8.127999990392709e-06,9.663000014370482e-06,9.885899999062531e-05,4.323999974076287e-06,96,False
3477,4.6507999996947547e-05,0.00010095100000739876,7.523999983050089e-06,8.859000018901497e-06,9.209199998849726e-05,3.9360000130272965e-06,96,False
3478,4.365400002370734e-05,9.726999999770669e-05,7.619999990993165e-06,8.301999997684106e-06,8.896800000002258e-05,4.1689999932259525e-06,96,False
3479,4.458099999737897e-05,0.00016571899999462403,8.693000012272023e-06,1.5075999982627764e-05,0.00015064300001199626,6.321000000752974e-06,96,False
3480,5.218200001877449e-05,0.00010589499999014151,7.223000011435943e-06,9.56299999188559e-06,9.633199999825592e-05,4.886999988684693e-06,96,False
3481,4.25850000169703e-05,0.00027235000001724075,1.55459999859886e-05,2.5719999996454135e-05,0.0002466300000207866,9.179000016956707e-06,96,False
3482,7.710500000257525e-05,0.00012509900000168273,7.92099999102902e-06,1.1466999978893e-05,0.00011363200002278973,5.469999990737051e-06,96,False
3483,4.525899998952809e-05,9.667000000490589e-05,7.139000018696606e-06,8.052999987739895e-06,8.861700001716599e-05,3.918999993857142e-06,96,False
3484,4.1734000006954375e-05,9.53020000054039e-05,7.139999979699496e-06,7.906999996976083e-06,8.739500000842781e-05,3.9360000130272965e-06,96,False
3485,4.064500001277338e-05,0.00010700299998234186,7.061999980351175e-06,7.995999993681835e-06,9.900699998866003e-05,3.8839999945139425e-06,96,False
3486,4.479599999740458e-05,9.2349999988528e-05,7.2919999922760326e-06,7.482999990315875e-06,8.486699999821212e-05,3.827000000455882e-06,96,False
3487,4.027200000678022e-05,9.265400001368107e-05,6.461999987550371e-06,8.157999985769493e-06,8.449600002791158e-05,3.5589999924923177e-06,96,False
3488,3.8848999992069366e-05,9.118200000557408e-05,6.37100001199542e-06,7.845999988376207e-06,8.333600001719788e-05,3.6030000103437487e-06,96,False
3489,3.981200001135221e-05,9.3226000018376e-05,6.0060000066641805e-06,7.712000012816134e-06,8.551400000555986e-05,3.951999985929433e-06,96,False
3490,6.490600000574887e-05,0.00010125500000413012,6.913999982316454e-06,9.815999987949908e-06,9.143900001618022e-05,4.446000019697749e-06,96,False
3491,4.109100001414845e-05,9.07680000068467e-05,6.549000005406924e-06,7.451000016089893e-06,8.331699999075681e-05,3.609999993159363e-06,96,False
3492,3.828999999200278e-05,9.049100000879662e-05,6.033999994770056e-06,7.3260000021946325e-06,8.316500000660199e-05,3.6589999865555e-06,96,False
3493,3.725199999848883e-05,9.035799999423944e-05,5.432999984122944e-06,7.621000008839474e-06,8.273699998539996e-05,3.617999993821286e-06,96,False
3494,3.7996999992628844e-05,8.924100001195256e-05,5.336999976179868e-06,7.468999996262937e-06,8.177200001568963e-05,3.666999987217423e-06,96,False
3495,3.732500002229244e-05,8.881000002247674e-05,5.841000017881015e-06,7.264000004170157e-06,8.154600001830659e-05,3.4739999819066725e-06,96,False
3496,3.8005999982715366e-05,8.785300002500662e-05,5.451999982142297e-06,7.382000006828093e-06,8.047100001817853e-05,3.633999995145132e-06,96,False
3497,3.69610000063858e-05,8.948299998223774e-05,5.5490000079316815e-06,8.269999995036414e-06,8.121299998720133e-05,3.520999996453611e-06,96,False
3498,3.6971000014318633e-05,8.670700000834586e-05,5.464999986770636e-06,6.881000018665873e-06,7.982599998967999e-05,3.500000019585059e-06,96,False
3499,3.682900000967493e-05,8.718600000179322e-05,5.412000007254392e-06,7.129000010763775e-06,8.005699999102944e-05,3.518999989182703e-06,96,False
3500,3.74899999826539e-05,0.0001404580000041733,6.7539999974997045e-06,7.121000010101852e-06,0.00013333699999407145,3.2410000017080165e-06,96,False
3501,4.633599999692706e-05,9.434000000396736e-05,5.841000017881015e-06,8.20599998974103e-06,8.613400001422633e-05,4.049000011718817e-06,96,False
3502,5.7531999999582695e-05,0.00010276699998712502,6.063000000722241e-06,1.0047000017721075e-05,9.271999996940394e-05,4.367000002503119e-06,96,False
3503,4.083799998966242e-05,9.541299999682451e-05,5.587000003970388e-06,7.923999987724528e-06,8.748900000909998e-05,3.5770000010870717e-06,96,False
3504,3.827600002637155e-05,0.0001364489999957641,1.0029000009126321e-05,7.1300000001883745e-06,0.00012931899999557572,3.466000009666459e-06,96,False
3505,6.357300000559007e-05,0.00010666700001138452,7.828999997627761e-06,9.463999987247007e-06,9.720300002413751e-05,5.487999999331805e-06,96,False
3506,4.140699999766184e-05,9.297300002231168e-05,7.092000004149668e-06,8.066999981792833e-06,8.490600004051885e-05,3.7230000202725932e-06,96,False
3507,3.8781000000653876e-05,9.120100000359344e-05,6.767999991552642e-06,7.815999992999423e-06,8.338500001059401e-05,3.54499999843938e-06,96,False
3508,3.818499999397318e-05,8.892600001786377e-05,6.915000000162763e-06,7.814000014150224e-06,8.111200000371355e-05,3.268000000389293e-06,96,False
3509,3.7299000013035766e-05,8.884299998612732e-05,6.64500001335e-06,7.4540000127854e-06,8.138899997334192e-05,3.3050000070034002e-06,96,False
3510,3.7039000005734124e-05,8.793399999262874e-05,6.397999982254987e-06,7.277000008798495e-06,8.065699998383025e-05,3.456000001733628e-06,96,False
3511,3.6811000001080174e-05,8.674200000768906e-05,6.358000007367082e-06,7.057999994231068e-06,7.968400001345799e-05,3.4210000023904286e-06,96,False
3512,3.690399998390603e-05,8.568299998046314e-05,6.300000023884422e-06,6.666999979643151e-06,7.901600000081999e-05,3.371999980572582e-06,96,False
3513,3.667000001428278e-05,8.60599999725764e-05,9.777000002486602e-06,6.813999988253272e-06,7.924599998432313e-05,3.4009999865247664e-06,96,False
3514,7.449700001416204e-05,0.00015437899998005378,7.984999996324404e-06,1.2956000006170143e-05,0.00014142299997388363,5.940999983522488e-06,96,False
3515,4.481800002054115e-05,9.628399999428439e-05,7.202999995570281e-06,8.496999981844056e-06,8.778700001244033e-05,3.830999986575989e-06,96,False
3516,4.03389999803494e-05,9.014700000875564e-05,6.9339999981821165e-06,7.603999989669319e-06,8.254300001908632e-05,3.888999998480358e-06,96,False
3517,3.895599999736987e-05,9.54799999988154e-05,6.089000009978918e-06,7.654999990336364e-06,8.782500000847904e-05,3.633999995145132e-06,96,False
3518,3.749799998331582e-05,8.87289999980112e-05,5.819000023166154e-06,7.667000005540103e-06,8.10619999924711e-05,3.3660000156032766e-06,96,False
3519,3.721100000575461e-05,9.011199998099073e-05,5.5510000152025896e-06,7.4540000127854e-06,8.265799996820533e-05,3.7810000037552527e-06,96,False
3520,3.692100000307619e-05,8.745400000975678e-05,5.619999996042679e-06,7.240000002184388e-06,8.02140000075724e-05,3.687000003083085e-06,96,False
3521,3.798800000254232e-05,8.8408999999956e-05,5.526999984795111e-06,7.355000008146817e-06,8.105399999180918e-05,3.856000006408067e-06,96,False
3522,3.617600000893617e-05,8.807599999727245e-05,5.605000012565142e-06,6.734999999480351e-06,8.13409999977921e-05,3.6309999984496244e-06,96,False
3523,3.689599998324411e-05,0.00010038199999939934,5.729999998038693e-06,1.914999998575695e-05,8.123200001364239e-05,3.7860000077216682e-06,96,False
3524,3.714499999318832e-05,8.685700001365149e-05,5.507999986775758e-06,6.999000021323809e-06,7.985799999232768e-05,3.6090000037347636e-06,96,False
3525,3.739699999982804e-05,0.00012682000001973393,6.2629999888486054e-06,7.025000002158777e-06,0.00011979500001757515,3.5119999779453792e-06,96,False
3526,4.2234999995116596e-05,9.116700002209654e-05,5.474000005278867e-06,8.26299998379909e-06,8.290400003829745e-05,3.7019999865606223e-06,96,False
3527,3.848300002573524e-05,8.909100000664694e-05,5.4600000112259295e-06,7.874000004903792e-06,8.121700000174314e-05,3.353000010974938e-06,96,False
3528,3.691000000571876e-05,8.983000000739594e-05,5.638999994062033e-06,7.655000018758074e-06,8.217499998863786e-05,3.6469999997734703e-06,96,False
3529,3.700600001366183e-05,8.712999999715976e-05,5.247000018471226e-06,7.319000019379018e-06,7.981099997778074e-05,3.1589999878178787e-06,96,False
3530,3.735300001039832e-05,0.00012545199999181023,7.2370000054888806e-06,6.989000013390978e-06,0.00011846299997841925,3.207999981214016e-06,96,False
3531,4.1141999986393785e-05,9.2453999997133e-05,5.65300001653668e-06,8.211999983132046e-06,8.424200001400095e-05,3.729000013663608e-06,96,False
3532,4.2315000001735825e-05,8.904899999606641e-05,5.627999996704602e-06,7.519000007505383e-06,8.152999998856103e-05,3.6449999925025622e-06,96,False
3533,3.750300001570395e-05,8.746400001768961e-05,6.318000004057467e-06,7.444000004852569e-06,8.002000001283704e-05,3.44200000768069e-06,96,False
3534,3.6842999975306157e-05,8.61949999944045e-05,6.544000001440509e-06,7.312000008141695e-06,7.88829999862628e-05,3.492000018923136e-06,96,False
3535,3.72060000017882e-05,0.0001135229999817966,6.4429999895310175e-06,6.839999997509949e-06,0.00010668299998428665,3.4770000070238893e-06,96,False
3536,4.640499997776715e-05,9.476299999278126e-05,5.647999984148555e-06,8.089999994354002e-06,8.667299999842726e-05,4.372000006469534e-06,96,False
3537,3.747799999587187e-05,0.00012314400001400827,7.155000020020452e-06,2.251000000796921e-05,0.00010063400000603906,5.7270000013431854e-06,96,False
3538,4.068799998435679e-05,9.153400000627698e-05,5.568999995375634e-06,8.112000017490573e-06,8.342199998878641e-05,3.826000011031283e-06,96,False
3539,3.783099998599937e-05,8.963599998423888e-05,5.6589999815059855e-06,7.692999986375071e-06,8.194299999786381e-05,3.482000010990305e-06,96,False
3540,3.802700001642734e-05,8.822999998869818e-05,5.4159999933744984e-06,7.165999988956173e-06,8.106399999974201e-05,3.583000022899796e-06,96,False
3541,3.7312999978666994e-05,8.641499999839652e-05,5.48200000594079e-06,7.065999994892991e-06,7.934900000350353e-05,3.3679999944524752e-06,96,False
3542,3.5910999997668114e-05,8.69670000156475e-05,5.503000011231052e-06,7.3420000035184785e-06,7.962500001212902e-05,3.3620000010614604e-06,96,False
3543,3.6410999996405735e-05,8.819100000323488e-05,5.4340000019692525e-06,6.712000015340891e-06,8.147899998789399e-05,3.5749999938161636e-06,96,False
3544,3.752000000645239e-05,8.810399998537832e-05,6.791999993538411e-06,6.93000001206201e-06,8.117399997331631e-05,3.2080000096357253e-06,96,False
3545,3.768299998796465e-05,8.606600002281084e-05,5.675000011251541e-06,7.193000016059159e-06,7.887300000675168e-05,3.3400000063465995e-06,96,False
3546,3.948100001593957e-05,8.741199999917626e-05,6.00699999608878e-06,6.669000015335769e-06,8.074299998384049e-05,3.5950000096818258e-06,96,False
3547,3.6925999978620894e-05,9.876000001440843e-05,6.549000005406924e-06,7.68200001743935e-06,9.107799999696908e-05,3.547000005710288e-06,96,False
3548,3.741599999784739e-05,8.716300001765376e-05,5.401000009896961e-06,7.258000010779142e-06,7.990500000687462e-05,3.853999999137159e-06,96,False
3549,3.707700000177283e-05,9.18579999904523e-05,5.595000004632311e-06,7.2919999922760326e-06,8.456599999817627e-05,3.383000006351722e-06,96,False
3550,6.98400000089805e-05,9.792900002025817e-05,4.291500002295834e-05,8.540999999695487e-06,8.938800002056269e-05,4.05800000180534e-06,96,False
3551,4.528299999151386e-05,9.465299999078525e-05,6.5680000034262775e-06,8.39999998447638e-06,8.625300000630887e-05,3.832000004422298e-06,96,False
3552,3.874300000461517e-05,8.972300000209543e-05,5.714999986139446e-06,7.5480000134575675e-06,8.217499998863786e-05,3.6119999720085616e-06,96,False
3553,3.7608000013733545e-05,8.747600000447164e-05,5.6749999828298314e-06,7.221000004165035e-06,8.025500000030661e-05,3.5050000235514744e-06,96,False
3554,3.779899998335168e-05,8.602400001223032e-05,5.638999994062033e-06,7.035999999516207e-06,7.898800001271411e-05,3.4290000030523515e-06,96,False
3555,3.591899999833004e-05,8.631700001160425e-05,5.485999992060897e-06,7.517999989659074e-06,7.879900002194518e-05,3.4120000123039063e-06,96,False
3556,3.669800000238865e-05,8.712600001103965e-05,5.294000004596455e-06,6.940000019994841e-06,8.018599999104481e-05,3.517000010333504e-06,96,False
3557,3.621499999439948e-05,8.725300000378411e-05,5.469000001312452e-06,6.828000010727919e-06,8.042499999305619e-05,3.38500001362263e-06,96,False
3558,0.0004438059999927191,0.00021246599999358295,1.52279999952043e-05,2.6972000000569096e-05,0.00018549399999301386,1.0735000017803031e-05,96,False
3559,8.128600001100494e-05,0.0001270919999853959,7.928999991690944e-06,1.290299999823219e-05,0.0001141889999871637,5.576999996037557e-06,96,False
3560,6.068100000788945e-05,0.00010504099998343008,7.426999985682414e-06,9.355000003097302e-06,9.568599998033278e-05,4.224999997859413e-06,96,False
3561,4.542900001069938e-05,9.921599999529462e-05,7.0750000134012225e-06,8.479000001671011e-06,9.073699999362361e-05,4.087000007757524e-06,96,False
3562,4.2566000018950945e-05,9.565999999949781e-05,6.517000002759232e-06,8.46800000431358e-06,8.719199999518423e-05,3.86400000706999e-06,96,False
3563,4.2647000014994774e-05,9.331100000053993e-05,6.14300000734147e-06,8.020999985092203e-06,8.529000001544773e-05,3.929000001789973e-06,96,False
3564,6.10889999848041e-05,0.00022615200001041558,1.2243000014677818e-05,9.992000002512214e-06,0.00021616000000790336,4.27399999125555e-06,96,False
3565,6.402400001093156e-05,0.00012636599998927522,7.335999981705754e-06,9.758000004467249e-06,0.00011660799998480798,4.977000003236753e-06,96,False
3566,4.222699999445467e-05,9.413899999799469e-05,6.169999977601037e-06,8.394000019507075e-06,8.574499997848761e-05,4.10300000908137e-06,96,False
3567,3.956000000471249e-05,9.231900000372661e-05,5.9719999967455806e-06,8.135999991054632e-06,8.418300001267198e-05,3.6840000063875777e-06,96,False
3568,3.8224999997282794e-05,8.975899999086323e-05,5.833000017219092e-06,7.513000014114368e-06,8.224599997674886e-05,3.571999997120656e-06,96,False
3569,3.8097000015113736e-05,8.928599999080689e-05,5.5330000066078355e-06,7.759999988365962e-06,8.152600000244092e-05,3.6679999766420224e-06,96,False
3570,3.815299999132549e-05,9.025700001075165e-05,5.686999998033571e-06,7.571999987021627e-06,8.268500002373003e-05,3.547000005710288e-06,96,False
3571,3.785000001244043e-05,8.673899998257184e-05,6.415000001425142e-06,7.119000002830944e-06,7.96199999797409e-05,3.4419999792589806e-06,96,False
3572,3.6913000002414265e-05,8.61249999957181e-05,6.157000001394408e-06,7.006999993564023e-06,7.911800000215408e-05,3.6890000103539933e-06,96,False
3573,3.692900000373811e-05,8.5808999983783e-05,6.724000002122921e-06,7.221999993589634e-06,7.858699999019336e-05,3.5669999931542407e-06,96,False
3574,4.011800001535448e-05,0.00013650400001097296,6.229999996776314e-06,1.1255000003984605e-05,0.00012524900000698835,4.496999991943085e-06,96,False
3575,4.083600001081322e-05,9.123399999566573e-05,5.52800000264142e-06,7.945999982439389e-06,8.328800001322634e-05,3.502999987858857e-06,96,False
3576,3.880100001651954e-05,8.933899999874484e-05,5.498000007264636e-06,7.242000009455296e-06,8.209699998928954e-05,3.579999997782579e-06,96,False
3577,3.820800000653435e-05,8.655999999973574e-05,5.466999994041544e-06,7.0930000219959766e-06,7.946699997773976e-05,3.355000018245846e-06,96,False
3578,3.664199999775519e-05,8.727099998395715e-05,6.39399999613488e-06,7.319999980381908e-06,7.995100000357525e-05,3.1659999990552024e-06,96,False
3579,3.626699998449112e-05,8.714700001632991e-05,5.600000008598727e-06,7.4679999784166284e-06,7.967900003791328e-05,3.445999993800797e-06,96,False
3580,3.532100001280014e-05,8.540700000025936e-05,5.632000011246419e-06,7.509999988997151e-06,7.789700001126221e-05,3.213000013602141e-06,96,False
3581,4.0116999997508174e-05,8.647299998187918e-05,5.508000015197467e-06,7.507999981726243e-06,7.896500000015294e-05,3.4450000043761975e-06,96,False
3582,3.639099998054007e-05,8.731799999850409e-05,5.491999985451912e-06,7.179999983009111e-06,8.013800001549498e-05,3.4659999812447495e-06,96,False
3583,3.637200001094243e-05,8.782099999393722e-05,6.070000011959564e-06,7.31700001210811e-06,8.050399998182911e-05,3.4070000083374907e-06,96,False
3584,7.899799999222523e-05,0.00011367000001882843,8.35500000562206e-06,1.0467000009839467e-05,0.00010320300000898897,5.764999997381892e-06,96,False
3585,4.3715999993310106e-05,9.316399999192981e-05,6.34899998885885e-06,7.992999996986327e-06,8.517099999494349e-05,3.9309999806391716e-06,96,False
3586,3.845899999532776e-05,0.00015768099999036167,8.12700000096811e-06,1.6826999996055747e-05,0.00014085399999430592,6.271999978935128e-06,96,False
3587,4.626300000154515e-05,9.536099997831116e-05,6.3699999941491114e-06,8.335000018178107e-06,8.702599996013305e-05,3.939999999147403e-06,96,False
3588,3.900699999803692e-05,0.00028934799999547067,1.4755999984572554e-05,2.7824999989434218e-05,0.00026152300000603645,9.677999997848019e-06,96,False
3589,8.297299999071583e-05,0.00012067799997339534,8.323000002974368e-06,1.1275999980853157e-05,0.00010940199999254219,4.7100000131194975e-06,96,False
3590,5.177200000616722e-05,0.00012898700001073848,8.949999994456448e-06,1.135200000135228e-05,0.0001176350000093862,4.906999976128645e-06,96,False
3591,5.533799998147515e-05,0.00010055900000338625,6.894999984297101e-06,8.459000014227058e-06,9.209999998915919e-05,3.917000015007943e-06,96,False
3592,4.2474999986552575e-05,9.515499999679378e-05,7.922999998299929e-06,8.2290000023022e-06,8.692599999449158e-05,3.8659999859191885e-06,96,False
3593,4.190699999639946e-05,9.393600001317282e-05,6.916000018009072e-06,7.645000010825242e-06,8.629100000234757e-05,3.703000004406931e-06,96,False
3594,3.937700000733457e-05,9.2104000003701e-05,6.623000018635139e-06,7.504000024027846e-06,8.459999997967316e-05,3.8050000057410216e-06,96,False
3595,4.043100000217237e-05,9.241300000439878e-05,6.6750000087267836e-06,7.561999979088796e-06,8.485100002530999e-05,3.4710000136328745e-06,96,False
3596,3.868799998940631e-05,0.0002462169999830621,1.4157999999042659e-05,6.514199998264303e-05,0.0001810750000004191,1.6912000006641392e-05,96,False
3597,6.675599999539372e-05,0.00011079999998742096,7.594000010158197e-06,1.1618999991469536e-05,9.918099999595142e-05,5.358000009891839e-06,96,False
3598,4.193199998780983e-05,9.394299999598843e-05,6.9580000001678854e-06,8.317999999007952e-06,8.562499999698048e-05,3.747999983261252e-06,96,False
3599,4.0447000003496214e-05,9.08039999956145e-05,6.796999997504827e-06,7.96699998772965e-06,8.283700000788485e-05,3.625999994483209e-06,96,False
3600,3.884299999867835e-05,8.963799999150979e-05,6.518999981608431e-06,7.599000014124613e-06,8.203899997738517e-05,3.882000015664744e-06,96,False
3601,3.810599997677855e-05,9.016299998165778e-05,6.399999989525895e-06,7.843000020102409e-06,8.231999996155537e-05,3.743000007716546e-06,96,False
3602,3.8235999994640224e-05,8.917900001392809e-05,6.3119999822447426e-06,7.4959999949442135e-06,8.168300001898388e-05,3.57900000835798e-06,96,False
3603,3.992800000673924e-05,8.934200002386206e-05,6.6750000087267836e-06,7.471999992958445e-06,8.187000003090361e-05,3.773999992517929e-06,96,False
3604,3.736499999718035e-05,8.775599999921724e-05,6.097000010640841e-06,7.115999977713727e-06,8.064000002150351e-05,3.486999986535011e-06,96,False
3605,3.613100000166014e-05,0.00011533299999655355,2.6163999990558295e-05,7.010999979684129e-06,0.00010832200001686942,3.4070000083374907e-06,96,False
3606,5.331700000965611e-05,9.605300002135664e-05,6.412999994154234e-06,8.520999983829824e-06,8.753200003752681e-05,4.214999989926582e-06,96,False
3607,3.880899998875975e-05,0.00010474800001247786,6.045999981552086e-06,7.942999985743882e-06,9.680500002673398e-05,3.6490000070443784e-06,96,False
3608,3.830899999002213e-05,8.958099999745173e-05,6.111999994118378e-06,7.293999999546941e-06,8.228699999790479e-05,4.013999983953909e-06,96,False
3609,3.749199998992481e-05,8.76029999972161e-05,6.207000012636854e-06,7.197999991603865e-06,8.040500000561224e-05,3.516000020908905e-06,96,False
3610,3.837599999201302e-05,8.677299999249044e-05,6.21200001660327e-06,7.535000008829229e-06,7.923799998366121e-05,3.4269999957814434e-06,96,False
3611,3.647500000170112e-05,8.855900000526162e-05,6.26900001066133e-06,7.736999975804792e-06,8.082200002945683e-05,3.46499999182015e-06,96,False
3612,3.640400001359012e-05,8.895199999869874e-05,6.381000019928251e-06,8.020999985092203e-06,8.093100001360654e-05,3.6410000063824555e-06,96,False
3613,4.1187999983094414e-05,8.729500001436463e-05,5.920000006653936e-06,7.319000019379018e-06,7.997599999498561e-05,3.6469999997734703e-06,96,False
3614,3.6445000006324335e-05,8.645299999443523e-05,6.216000002723376e-06,6.791999993538411e-06,7.966100000089682e-05,3.5299999865401332e-06,96,False
3615,3.691599999910977e-05,8.841800001846423e-05,6.514000006063725e-06,7.197999991603865e-06,8.122000002686036e-05,3.6379999812652386e-06,96,False
3616,3.6774999983890666e-05,8.759699997540338e-05,6.23400001131813e-06,7.500999998910629e-06,8.009599997649275e-05,3.6069999964638555e-06,96,False
3617,4.270899998459754e-05,8.807999998339255e-05,6.7279999882430275e-06,7.667000005540103e-06,8.041299997785245e-05,3.4770000070238893e-06,96,False
3618,3.6364999999705105e-05,0.0001042009999991933,6.947999992235054e-06,1.0283000023036948e-05,9.391799997615635e-05,4.351000001179273e-06,96,False
3619,3.950200002122983e-05,9.162199998513643e-05,6.49700001531528e-06,7.8070000029129e-06,8.381499998222353e-05,3.6479999891980697e-06,96,False
3620,3.726899998923727e-05,8.799200000453311e-05,6.1419999894951616e-06,7.445000022698878e-06,8.054699998183423e-05,3.292999991799661e-06,96,False
3621,3.6547999997083025e-05,8.787199999460427e-05,5.9719999967455806e-06,7.880999987719406e-06,7.999100000688486e-05,3.2229999931132625e-06,96,False
3622,3.6389000001690874e-05,8.558499999367086e-05,6.458000001430264e-06,7.037000017362516e-06,7.854799997630835e-05,3.1030000116061274e-06,96,False
3623,3.7802000008468895e-05,8.740300000908974e-05,6.40500002191402e-06,6.928999994215701e-06,8.047400001487404e-05,3.598000006377333e-06,96,False
3624,3.6023000006935035e-05,8.766299998796967e-05,4.393699998672673e-05,7.691999996950472e-06,7.99709999910192e-05,3.3019999818861834e-06,96,False
3625,4.1733999978532665e-05,8.868500000858148e-05,6.498999994164478e-06,7.772000003569701e-06,8.091300000501178e-05,3.6510000143152865e-06,96,False
3626,3.7036999998463216e-05,8.783199999129465e-05,6.581000008054616e-06,7.390000007490016e-06,8.044199998380464e-05,3.563000007034134e-06,96,False
3627,3.7402000003794456e-05,0.00012943199999426724,9.457999993855992e-06,1.4203999995743288e-05,0.00011522799999852396,6.130000002713132e-06,96,False
3628,4.815999997731524e-05,0.00015889300001958873,8.610000008957286e-06,1.4860000021599262e-05,0.00014403299999798946,5.547999990085373e-06,96,False
3629,4.64229999863619e-05,9.474800000930372e-05,6.992999999511085e-06,8.190000016838894e-06,8.655799999246483e-05,3.7890000044171757e-06,96,False
3630,3.969100001199877e-05,9.176400001820184e-05,6.525999992845755e-06,7.345999989638585e-06,8.441800002856326e-05,3.6630000010973163e-06,96,False
3631,6.0778999994681726e-05,9.246500002291214e-05,6.700999989561751e-06,8.522000001676133e-06,8.3943000021236e-05,3.719000005730777e-06,96,False
3632,3.854900000987982e-05,8.912300000929463e-05,6.763000016007936e-06,7.869000000937376e-06,8.125400000835725e-05,3.2839999732914293e-06,96,False
3633,3.830500000390202e-05,0.0002570999999988999,8.033000000295942e-06,1.330199998506032e-05,0.00024379800001383956,5.821999991439952e-06,96,False
3634,4.316399997605913e-05,9.226099999182225e-05,6.100999996760947e-06,8.000000008223651e-06,8.42609999835986e-05,3.6859999852367764e-06,96,False
3635,3.870999998412117e-05,9.138499999039595e-05,6.767000002128043e-06,7.79699999498007e-06,8.358799999541588e-05,3.492000018923136e-06,96,False
3636,3.8826000007929906e-05,8.796800000254734e-05,6.208000002061453e-06,7.382999996252693e-06,8.058500000629465e-05,3.268000000389293e-06,96,False
3637,3.817299997876944e-05,8.72150000077454e-05,6.33700000207682e-06,7.181999990280019e-06,8.003300001746538e-05,3.6980000004405156e-06,96,False
3638,3.725899998130444e-05,8.741400000644717e-05,2.50749999963773e-05,7.543999998915751e-06,7.987000000753142e-05,3.5380000156237656e-06,96,False
3639,5.470700000387296e-05,0.00011337699999103279,7.791000001589055e-06,1.0294000020394378e-05,0.00010308299997063841,4.872999994631755e-06,96,False
3640,4.475099999012855e-05,0.0004956639999988965,1.5206000000489439e-05,7.859999982429144e-06,0.0004878040000164674,3.547000005710288e-06,96,False
3641,0.00014034500000548178,0.00015384499999981927,1.0204999995266917e-05,1.4848000006395523e-05,0.00013899699999342374,7.69300001479678e-06,96,False
3642,7.39890000147625e-05,0.00012027599998987171,9.248999987221396e-06,1.0833999994019905e-05,0.0001094419999958518,5.0969999847438885e-06,96,False
3643,4.908200000386387e-05,0.00010366399999384157,8.213999990402954e-06,8.75300000302559e-06,9.491099999081598e-05,4.138000008424569e-06,96,False
3644,4.3943999997964056e-05,9.858300001042153e-05,7.5749999837171345e-06,8.008000008885574e-06,9.057500000153595e-05,3.6340000235668413e-06,96,False
3645,4.946399999994355e-05,9.781299999644943e-05,7.176999986313604e-06,8.165999986431416e-06,8.964700001001802e-05,3.82999999715139e-06,96,False
3646,4.1105999997625986e-05,9.298899999521382e-05,7.245999995575403e-06,7.573000004867936e-06,8.541599999034588e-05,3.6650000083682244e-06,96,False
3647,6.996000001890934e-05,0.00010205000000951259,6.786000000147396e-06,9.572999999818421e-06,9.247700000969417e-05,4.345000007788258e-06,96,False
3648,4.178899999374153e-05,0.00010957599999983358,6.976999998187239e-06,8.294000025443893e-06,0.00010128199997438969,3.731999981937406e-06,96,False
3649,4.073799999559924e-05,9.338000000980173e-05,6.7379999961758585e-06,8.181999987755262e-06,8.519800002204647e-05,3.7890000044171757e-06,96,False
3650,3.890299998943192e-05,9.23169999964557e-05,6.480999985569724e-06,7.936000002928267e-06,8.438099999352744e-05,3.460000016275444e-06,96,False
3651,3.8930999977537795e-05,9.131400000228496e-05,6.710000008069983e-06,7.649999986369949e-06,8.366400001591501e-05,3.660000004401809e-06,96,False
3652,3.895800000464078e-05,0.00011818900000548638,7.183999997550927e-06,7.5589999823932885e-06,0.00011063000002309309,3.4370000037142745e-06,96,False
3653,4.5394000011356184e-05,9.581000000480344e-05,6.318999993482066e-06,8.406999995713704e-06,8.740300000908974e-05,4.1060000057768775e-06,96,False
3654,3.895899999406538e-05,9.065500000815518e-05,6.2649999961195135e-06,7.777000007536117e-06,8.287800000061907e-05,3.573000014966965e-06,96,False
3655,3.785300000913594e-05,9.030699999357239e-05,6.390999999439373e-06,7.938000010199175e-06,8.236899998337321e-05,3.7549999944985757e-06,96,False
3656,3.828600000588267e-05,9.022300000083305e-05,6.292999984225389e-06,7.651000004216257e-06,8.25719999966168e-05,3.6490000070443784e-06,96,False
3657,3.805999998007792e-05,0.00011913699998444827,7.014000004801346e-06,7.603999989669319e-06,0.00011153299999477895,3.4710000136328745e-06,96,False
3658,4.204699999377226e-05,0.0001274850000072547,6.772999995519058e-06,2.2741999998743267e-05,0.00010474300000851144,5.950999991455319e-06,96,False
3659,4.127299999368006e-05,9.543799998823488e-05,6.430000013324388e-06,8.016999998972096e-06,8.742099998926278e-05,3.916999986586234e-06,96,False
3660,3.803699999593846e-05,8.954700001595484e-05,6.191000011313008e-06,7.280999994918602e-06,8.226600002103623e-05,3.755999983923175e-06,96,False
3661,3.774900000053094e-05,8.809600001313811e-05,6.40599998291691e-06,7.471000003533845e-06,8.062500000960426e-05,3.3800000096562144e-06,96,False
3662,3.908699997623444e-05,8.873699999867313e-05,6.150000018578794e-06,7.644999982403533e-06,8.10920000162696e-05,3.577999990511671e-06,96,False
3663,3.747799999587187e-05,8.922600000005332e-05,6.399000000101296e-06,7.34000002466928e-06,8.188599997538404e-05,3.46499999182015e-06,96,False
3664,3.785200001971134e-05,0.0001328580000006241,6.924999979673885e-06,3.0940999977246975e-05,0.00010191700002337711,5.556000019169005e-06,96,False
3665,4.085000000486616e-05,9.006899998098561e-05,6.581999997479215e-06,8.003999994343758e-06,8.206499998664185e-05,3.456000001733628e-06,96,False
3666,3.793299998733346e-05,8.901699999341872e-05,6.227999989505406e-06,7.578000008834351e-06,8.143899998458437e-05,3.387999981896428e-06,96,False
3667,3.861900000856622e-05,0.00012367500002596898,9.774000005791095e-06,7.334999992281155e-06,0.00011634000003368783,3.466000009666459e-06,96,False
3668,5.655699999351782e-05,0.00010577200001193887,7.3500000041804014e-06,9.478000009721654e-06,9.629400000221722e-05,5.604999984143433e-06,96,False
3669,4.132899999831352e-05,9.434400001850918e-05,2.6198999989901495e-05,8.517999987134317e-06,8.582600003137486e-05,3.834000011693206e-06,96,False
3670,7.363099999224687e-05,0.00010720299999888994,8.24099998908423e-06,9.917999989283999e-06,9.728500000960594e-05,5.152999989377349e-06,96,False
3671,4.289099999255086e-05,9.638299999892297e-05,7.048000014719946e-06,8.69600000896753e-06,8.768699998995544e-05,3.794000008383591e-06,96,False
3672,3.953199998818491e-05,8.994399999551206e-05,6.910999985620947e-06,7.662999990998287e-06,8.228100000451377e-05,3.61300001827658e-06,96,False
3673,3.8382999974828635e-05,0.0001607110000065859,8.317999999007952e-06,7.828000008203162e-06,0.00015288299999838273,3.5740000043915643e-06,96,False
3674,5.054299998619172e-05,0.00012740200000393997,8.207999997011939e-06,8.629999996401239e-06,0.00011877200000753874,4.561999986663068e-06,96,False
3675,5.086900000605965e-05,0.00018978200000674406,1.3967999990427415e-05,2.3193000004084752e-05,0.0001665890000026593,9.58600000444676e-06,96,False
3676,6.501199999320306e-05,0.0001120799999796418,7.170999992922589e-06,1.0228000007828086e-05,0.00010185199997181371,4.86700000124074e-06,96,False
3677,5.1046000010046555e-05,9.492600000271523e-05,7.1279999929174664e-06,8.481000008941919e-06,8.644499999377331e-05,3.6170000043966866e-06,96,False
3678,4.150099999833401e-05,0.0004185899999811227,1.490799999714909e-05,3.061500001422246e-05,0.0003879749999669002,1.025800000320487e-05,96,False
3679,8.595899998908862e-05,0.0001391209999894727,8.98199999710414e-06,1.3225000003558307e-05,0.00012589599998591439,7.669000012811011e-06,96,False
3680,5.359700000440171e-05,0.00011029199998802142,8.08000001484288e-06,1.0058000015078505e-05,0.00010023399997294291,4.606999993939098e-06,96,False
3681,4.713399999900503e-05,0.00013852700001848461,8.530999991762656e-06,8.761000003687514e-06,0.0001297660000147971,3.7939999799618818e-06,96,False
3682,4.8447000011719865e-05,0.00010140799997770955,7.43199998964883e-06,9.048000009670432e-06,9.235999996803912e-05,4.16000000313943e-06,96,False
3683,4.240999999183259e-05,9.658299998704933e-05,6.993999988935684e-06,8.277999995698337e-06,8.8304999991351e-05,3.7720000136687304e-06,96,False
3684,4.173899998249908e-05,0.00017864000000145097,1.419099999111495e-05,7.836999998289684e-06,0.0001708030000031613,3.793000018958992e-06,96,False
3685,7.463999997980864e-05,0.00012285700000802535,8.191000006263494e-06,1.079399999071029e-05,0.00011206300001731506,6.603999992194076e-06,96,False
3686,4.4504999976879844e-05,0.00010108500001138054,7.073999995554914e-06,8.527999995067148e-06,9.25570000163134e-05,3.957000018317558e-06,96,False
3687,4.0971000004219604e-05,0.00019121200000427052,7.907000025397792e-06,8.857000011630589e-06,0.00018235499999263993,3.958999997166757e-06,96,False
3688,5.2845999988448966e-05,0.00010152400000151829,7.006999993564023e-06,9.446999996498562e-06,9.207700000501973e-05,4.485999994585654e-06,96,False
3689,4.087499999627653e-05,9.314599998333506e-05,6.9210000219754875e-06,7.484000008162184e-06,8.566199997517288e-05,3.6330000057205325e-06,96,False
3690,3.8622000005261725e-05,9.031499999423431e-05,6.4060000113386195e-06,7.242000009455296e-06,8.307299998477902e-05,3.57900000835798e-06,96,False
3691,3.866399998742054e-05,8.970499999350068e-05,6.589999998141138e-06,7.4049999909675535e-06,8.230000000253312e-05,3.695000003745008e-06,96,False
3692,3.767800001241994e-05,0.0001317370000037954,7.148000008783129e-06,1.2208000015334619e-05,0.00011952899998846078,4.966999995303922e-06,96,False
3693,4.137600001286046e-05,9.225899998455134e-05,6.562999999459862e-06,8.02399998178771e-06,8.423500000276363e-05,3.830999986575989e-06,96,False
3694,3.758700000844328e-05,9.009300001139309e-05,4.458100002580068e-05,7.928999991690944e-06,8.216400001970214e-05,3.6920000070495007e-06,96,False
3695,4.2781000018976556e-05,9.246999999845684e-05,6.651000006741015e-06,7.658999976456471e-06,8.481100002200037e-05,3.956000000471249e-06,96,False
3696,3.759899999522531e-05,8.976099999813414e-05,6.527000010692063e-06,7.347000007484894e-06,8.241399999064924e-05,3.54499999843938e-06,96,False
3697,3.793300001575517e-05,8.98879999908786e-05,6.5920000054120464e-06,7.2899999850051245e-06,8.259800000587347e-05,3.703000004406931e-06,96,False
3698,3.801200000452809e-05,8.977600001003339e-05,6.296000009342606e-06,7.149999987632327e-06,8.262600002240106e-05,3.583999983902686e-06,96,False
3699,3.7210999977332904e-05,8.930799998552175e-05,6.081999998741594e-06,7.594999999582797e-06,8.171299998593895e-05,3.54499999843938e-06,96,False
3700,3.7777000017058526e-05,8.930900000336806e-05,6.669000015335769e-06,7.222000022011343e-06,8.208699998135671e-05,3.5589999924923177e-06,96,False
3701,3.766000000382519e-05,8.974900001135211e-05,6.131000020559441e-06,7.417000006171293e-06,8.233200000518082e-05,3.492000018923136e-06,96,False
3702,4.067899999427027e-05,8.800099999461963e-05,6.402000025218513e-06,7.346000018060295e-06,8.065499997655934e-05,3.4699999957865657e-06,96,False
3703,3.7082000005739246e-05,8.667600002354447e-05,6.338999980926019e-06,7.176999986313604e-06,7.949900003723087e-05,3.294999999070569e-06,96,False
3704,3.752599999984341e-05,0.00013056200000960416,6.806999977015948e-06,2.6475999987951582e-05,0.00010408600002165258,6.025000004683534e-06,96,False
3705,4.084799999759525e-05,9.072199998172437e-05,6.251999991491175e-06,7.8070000029129e-06,8.291499997881147e-05,3.589999977293701e-06,96,False
3706,3.8383999992674944e-05,8.889599999406528e-05,6.342999995467835e-06,7.345000000213986e-06,8.155099999385129e-05,3.6499999964689778e-06,96,False
3707,3.724900000179332e-05,8.803200000784273e-05,6.106000000727363e-06,7.310999990295386e-06,8.072100001754734e-05,3.6049999891929474e-06,96,False
3708,3.739499999255713e-05,9.02769999981956e-05,6.331999998110405e-06,7.238999984338079e-06,8.303800001385753e-05,3.2789999977467232e-06,96,False
3709,3.7106000007725015e-05,8.76049999760653e-05,6.443999978955617e-06,7.128999982342066e-06,8.047599999372324e-05,3.4050000010665826e-06,96,False
3710,3.677200001561687e-05,8.599800000297364e-05,6.012999989479795e-06,6.771000016669859e-06,7.922699998630378e-05,3.523000003724519e-06,96,False
3711,5.003800001190939e-05,8.90439999921e-05,6.635999994841768e-06,7.2189999968941265e-06,8.182499999520587e-05,3.4089999871866894e-06,96,False
3712,3.729100001237384e-05,8.752400000844318e-05,6.423999991511664e-06,7.2979999856670474e-06,8.022600002277613e-05,3.3079999752771982e-06,96,False
3713,3.742100000181381e-05,0.00012088799999787625,9.930999993912337e-06,7.458999988330106e-06,0.00011342900000954614,3.5589999924923177e-06,96,False
3714,5.730699999162425e-05,0.00012255100000402308,8.214000018824663e-06,1.2522000019998814e-05,0.00011002899998402427,5.4969999894183275e-06,96,False
3715,4.5415000016646445e-05,9.541100001797531e-05,2.3551999987603267e-05,8.180000008906063e-06,8.723100000906925e-05,3.775999999788837e-06,96,False
3716,6.158799999411713e-05,9.92770000038945e-05,7.176999986313604e-06,9.005999999089909e-06,9.027100000480459e-05,4.316999991260673e-06,96,False
3717,4.0103000003455236e-05,9.529999999813299e-05,6.869999992886733e-06,8.136999980479231e-06,8.716300001765376e-05,3.4619999951246427e-06,96,False
3718,3.931200001261459e-05,8.98520000021108e-05,6.627999994179845e-06,7.426999985682414e-06,8.242500001642838e-05,3.825000021606684e-06,96,False
3719,3.712099999120255e-05,8.906700000466117e-05,6.1739999921428534e-06,7.398999997576539e-06,8.166800000708463e-05,3.5089999812498718e-06,96,False
3720,3.8576000008561095e-05,8.91509999974005e-05,6.445999986226525e-06,7.434999986344337e-06,8.171600001105617e-05,3.4800000037193968e-06,96,False
3721,3.731799998263341e-05,0.0005045119999920189,1.5699000016411446e-05,6.826000003457011e-06,0.0004976859999885619,3.3260000122936617e-06,96,False
3722,0.00010029099999542268,0.0001477079999858688,9.376999997812163e-06,1.4200999999047781e-05,0.00013350699998682103,7.863000007546361e-06,96,False
3723,5.414299999983996e-05,0.00015907600001696665,1.0830999997324398e-05,9.758000004467249e-06,0.0001493180000124994,4.266000019015337e-06,96,False
3724,6.237000002329296e-05,0.00011656199998810735,8.760000014262914e-06,1.0295999999243577e-05,0.00010626599998886377,5.717000021832064e-06,96,False
3725,0.00022062899998331886,0.00014075800001478456,9.615999999823543e-06,1.5356000005795067e-05,0.0001254020000089895,5.9539999881508265e-06,96,False
3726,5.1056000017979386e-05,0.00010397400001238566,7.850999992342622e-06,9.11800000835683e-06,9.485600000402883e-05,4.3229999846516876e-06,96,False
3727,4.393099999333572e-05,0.00017096100000912884,9.610000006432529e-06,1.4943000024914e-05,0.00015601799998421484,5.63099999340011e-06,96,False
3728,5.106199998294869e-05,0.00010321199999907549,7.094000011420576e-06,9.144000017613507e-06,9.406799998146198e-05,4.268999987289135e-06,96,False
3729,4.320200000051955e-05,9.764900002551258e-05,7.135999993579389e-06,8.465999997042672e-06,8.91830000284699e-05,3.872999997156512e-06,96,False
3730,4.523900000208414e-05,9.719099998051206e-05,7.371999998895262e-06,8.390999994389858e-06,8.87999999861222e-05,4.184000005125199e-06,96,False
3731,4.213799999774892e-05,9.465100001193605e-05,7.531999983712012e-06,7.855999996309038e-06,8.679500001562701e-05,3.8089999918611284e-06,96,False
3732,4.021600000214676e-05,0.00013039300000627918,7.366000005504247e-06,7.724999989022763e-06,0.00012266800001725642,6.294000002071698e-06,96,False
3733,4.284700000312114e-05,9.467099999938e-05,6.487999996807048e-06,8.380999986457027e-06,8.629000001292297e-05,3.7780000070597453e-06,96,False
3734,3.896099997291458e-05,9.388899999862588e-05,6.651000006741015e-06,8.030000003600435e-06,8.585899999502544e-05,3.6350000129914406e-06,96,False
3735,3.9283000006662405e-05,0.00010191199999098899,7.923999987724528e-06,7.348999986334093e-06,9.45630000046549e-05,3.880999997818435e-06,96,False
3736,5.500999998275802e-05,0.000131032000012965,7.285999998885018e-06,8.991000015612371e-06,0.00012204099999735263,4.243000006454167e-06,96,False
3737,4.6236000002863875e-05,0.00012685999999462183,7.662999990998287e-06,8.43399999439498e-06,0.00011842600000022685,4.178000011734184e-06,96,False
3738,4.765599999245751e-05,9.790900000439251e-05,6.276999982901543e-06,8.49200000629935e-06,8.941699999809316e-05,4.190999987940813e-06,96,False
3739,3.9419000017915096e-05,9.077700002535494e-05,6.780999996180981e-06,7.971999991696066e-06,8.280500003365887e-05,3.5940000202572264e-06,96,False
3740,3.890000002115812e-05,9.338600000319275e-05,6.033000005345457e-06,7.695000022067688e-06,8.569099998112506e-05,3.599999985226532e-06,96,False
3741,6.337900001085472e-05,0.0001146120000043993,9.100999989186676e-06,1.169399999412235e-05,0.00010291800001027696,5.512999990742173e-06,96,False
3742,4.450699998415075e-05,9.497599998553596e-05,7.060999990926575e-06,8.310999987770629e-06,8.666499999776534e-05,4.0459999866016005e-06,96,False
3743,6.619800001317344e-05,0.00011717300000668729,8.944000001065433e-06,1.264000002265675e-05,0.00010453299998403054,5.474999994703467e-06,96,False
3744,5.281800000034309e-05,9.559000000081141e-05,7.264000004170157e-06,8.687000018881008e-06,8.69029999819304e-05,4.1790000011587836e-06,96,False
3745,4.0046999998821775e-05,9.482699999807664e-05,6.202999998095038e-06,8.180000008906063e-06,8.664699998917058e-05,3.674999987879346e-06,96,False
3746,3.983899998161178e-05,9.16449999976976e-05,6.674000019302184e-06,7.768999978452484e-06,8.387600001924511e-05,3.698999989865115e-06,96,False
3747,3.9966000002777946e-05,9.192100000632308e-05,6.70200000740806e-06,7.942999985743882e-06,8.39780000205792e-05,3.6980000004405156e-06,96,False
3748,3.827399999067893e-05,0.0001172499999881893,7.046000007449038e-06,6.984999998849162e-06,0.00011026499998934014,3.7349999786329136e-06,96,False
3749,5.904299999315299e-05,9.651099998109203e-05,6.611999992855999e-06,8.282999999664753e-06,8.822799998142727e-05,4.357999983994887e-06,96,False
3750,4.039600000282917e-05,9.046399998169363e-05,6.616000007397815e-06,7.583000012800767e-06,8.288099996889287e-05,3.431999999747859e-06,96,False
3751,3.877499997884115e-05,9.177799998383307e-05,6.3459999921633425e-06,7.5929999923118885e-06,8.418499999152118e-05,3.6890000103539933e-06,96,False
3752,3.914300000928961e-05,9.046699997838914e-05,6.329000001414897e-06,7.718000006207149e-06,8.274899997218199e-05,3.571999997120656e-06,96,False
3753,3.8931000005959504e-05,9.003000002394401e-05,6.179999985533868e-06,7.677000013472934e-06,8.235300001047108e-05,3.6239999872123008e-06,96,False
3754,3.943799998751274e-05,0.00013646099998254613,6.990000002815577e-06,7.549000002882167e-06,0.00012891199997966396,3.4899999832305184e-06,96,False
3755,4.256199997598742e-05,9.152399999834415e-05,6.649999988894706e-06,7.931999988386451e-06,8.35920000099577e-05,3.4779999964484887e-06,96,False
3756,0.00013243499998338848,0.0002334049999888066,1.2117000011357959e-05,2.5069000002986286e-05,0.0002083359999858203,9.427999998479208e-06,96,False
3757,5.469699999594013e-05,0.00010111500000675733,7.3420000035184785e-06,9.247000008372197e-06,9.186799999838513e-05,4.405999987966425e-06,96,False
3758,4.065999999625092e-05,0.00010236600002144769,6.616999996822415e-06,7.811999978457607e-06,9.455400004299008e-05,3.870000000461005e-06,96,False
3759,3.979400000275746e-05,9.0521999993598e-05,6.16699998090553e-06,7.492999998248706e-06,8.30289999953493e-05,3.694000014320409e-06,96,False
3760,3.817199998934484e-05,8.770200000185469e-05,5.904999994754689e-06,7.060000001501976e-06,8.064200000035271e-05,3.4779999964484887e-06,96,False
3761,3.764999999589236e-05,8.824899998671754e-05,5.942999990793396e-06,7.316999983686401e-06,8.093200000303113e-05,3.3990000076755678e-06,96,False
3762,3.828699999530727e-05,8.836300000325537e-05,5.823000009286261e-06,7.110000012744422e-06,8.125299999051094e-05,3.2000000089738023e-06,96,False
3763,8.441800000014155e-05,0.0001153489999978774,8.53800000299998e-06,1.0785999990048367e-05,0.00010456300000782903,5.811000022504231e-06,96,False
3764,4.417899998543362e-05,0.00014317299999788702,8.438999998361396e-06,8.326999989094475e-06,0.00013484600000879254,3.92100000112805e-06,96,False
3765,5.780800000820818e-05,0.00010552899999538567,4.48739999967529e-05,9.336999994502548e-06,9.619200000088313e-05,5.01499999927546e-06,96,False
3766,4.692900000691225e-05,9.893000000715801e-05,7.643999992978934e-06,8.569000016223072e-06,9.036099999093494e-05,4.250000017691491e-06,96,False
3767,4.033400000480469e-05,9.274100000311591e-05,6.253000009337484e-06,7.745000004888425e-06,8.499599999822749e-05,3.516000020908905e-06,96,False
3768,3.830500000390202e-05,8.920100000864295e-05,6.14399999676607e-06,7.520999986354582e-06,8.168000002228837e-05,3.4249999885105353e-06,96,False
3769,3.783100001442108e-05,8.785899998997593e-05,5.6220000033135875e-06,7.060999990926575e-06,8.079799999904935e-05,3.547000005710288e-06,96,False
3770,5.364700001564415e-05,9.018399998694804e-05,5.646000005299356e-06,7.395000011456432e-06,8.27889999754916e-05,3.483000000414904e-06,96,False
3771,3.747499999917636e-05,8.803800000123374e-05,5.931000004011366e-06,7.28399999161411e-06,8.075400000961963e-05,3.622000008363102e-06,96,False
3772,6.349199998112454e-05,9.84339999945405e-05,6.065999997417748e-06,9.433000002445624e-06,8.900099999209488e-05,4.421999989290271e-06,96,False
3773,4.234600001495892e-05,9.196799999244831e-05,5.466999994041544e-06,7.391999986339215e-06,8.45760000061091e-05,3.5909999951400096e-06,96,False
3774,3.8463999999294174e-05,9.070999999494234e-05,5.786000002672154e-06,7.1560000094450515e-06,8.355399998549728e-05,3.6110000110056717e-06,96,False
3775,3.782900000715017e-05,8.852799999203853e-05,5.561000023135421e-06,7.4359999757689366e-06,8.10920000162696e-05,3.7629999951604987e-06,96,False
3776,6.213500000740169e-05,0.00010026999999013242,6.028000001379041e-06,9.812000001829801e-06,9.045799998830262e-05,4.415999995899256e-06,96,False
3777,3.949400002056791e-05,9.115899999301291e-05,5.569000023797344e-06,7.835999980443376e-06,8.332300001256954e-05,3.708999997797946e-06,96,False
3778,3.902999998217638e-05,8.900099999209488e-05,5.97200002516729e-06,7.4619999850256136e-06,8.153900000706926e-05,3.7060000011024385e-06,96,False
3779,3.792300000782234e-05,8.907599999474769e-05,5.401999999321561e-06,7.348999986334093e-06,8.17270000084136e-05,3.676999995150254e-06,96,False
3780,4.2635999989215634e-05,0.00011907199998972828,8.27499999900283e-06,1.2672999986307332e-05,0.00010639900000342095,5.670000007285125e-06,96,False
3781,4.6053000005485956e-05,9.419300002377895e-05,6.0870000027080096e-06,7.801999998946485e-06,8.639100002483246e-05,3.8919999951758655e-06,96,False
3782,3.937099998552185e-05,8.955300000934585e-05,7.015999983650545e-06,7.194000005483758e-06,8.235900000386209e-05,3.888999998480358e-06,96,False
3783,3.8826000007929906e-05,8.940300000404022e-05,6.58799999087023e-06,7.235999987642572e-06,8.216700001639765e-05,3.4330000175941677e-06,96,False
3784,3.721699999914563e-05,8.778299999789851e-05,5.778000002010231e-06,7.371000009470663e-06,8.041199998842785e-05,3.3860000030472293e-06,96,False
3785,3.762300002563279e-05,8.839300002705386e-05,6.365999979607295e-06,7.106999987627205e-06,8.128600003942665e-05,3.5380000156237656e-06,96,False
3786,3.800900000783258e-05,8.799400001180402e-05,6.253999998762083e-06,6.835999982968133e-06,8.115800002883589e-05,3.650999985893577e-06,96,False
3787,4.261400002292248e-05,8.906299999011935e-05,6.718999998156505e-06,7.481000011466676e-06,8.158199997865268e-05,3.607999985888455e-06,96,False
3788,8.854800000790419e-05,0.0001204810000103862,9.618999996519051e-06,1.1921000009351701e-05,0.0001085600000010345,5.9330000112822745e-06,96,False
3789,4.4684999977562256e-05,9.453900000266913e-05,7.0149999942259456e-06,8.201999975199215e-06,8.633700002746991e-05,3.7119999944934534e-06,96,False
3790,3.907300001060321e-05,9.234200001628778e-05,6.7900000146892125e-06,7.758000009516763e-06,8.458400000677102e-05,3.851999991866251e-06,96,False
3791,3.898099998878024e-05,9.035499999754393e-05,6.63399998757086e-06,7.753999994974947e-06,8.260100000256898e-05,3.4439999865298887e-06,96,False
3792,3.730899999254689e-05,0.00010438799998269133,6.300999984887312e-06,7.616999994297657e-06,9.677099998839367e-05,3.444000014951598e-06,96,False
3793,3.824300000587755e-05,9.060100001079263e-05,6.119999994780301e-06,7.949999996981205e-06,8.265100001381143e-05,3.814999985252143e-06,96,False
3794,3.746799998793904e-05,8.867099998610684e-05,6.260000020574807e-06,7.188000012092743e-06,8.148299997401409e-05,3.4330000175941677e-06,96,False
3795,3.710300001102951e-05,8.849800002508346e-05,6.5769999935128e-06,7.393000004185524e-06,8.110500002089793e-05,3.3519999931286293e-06,96,False
3796,3.76620000110961e-05,8.930299998155533e-05,6.374999998115527e-06,7.37499999559077e-06,8.192799998596456e-05,3.6319999878742237e-06,96,False
3797,3.714600001103463e-05,0.00012757400000396046,9.224999985235627e-06,7.105999998202606e-06,0.00012046800000575786,3.4999999911633495e-06,96,False
3798,5.182300000683426e-05,0.00010097399999153822,9.16400000505746e-06,9.013000010327232e-06,9.196099998121099e-05,4.654000008486037e-06,96,False
3799,0.00042205699998021373,0.00018015599999898768,1.3040999988334079e-05,2.239699998085598e-05,0.0001577590000181317,8.143000002291956e-06,96,False
3800,6.467899999051951e-05,0.00011410599998384896,7.957999997643128e-06,1.0881999997991443e-05,0.00010322399998585752,4.4800000011946395e-06,96,False
3801,9.14350000016384e-05,0.00011239299999488139,7.63700001016332e-06,1.0033999984671027e-05,0.00010235900001021037,4.907999993974954e-06,96,False
3802,4.547899999352012e-05,9.971899999072775e-05,6.5760000040882005e-06,8.44600000959872e-06,9.127299998112903e-05,3.919999983281741e-06,96,False
3803,4.266499999516782e-05,9.63249999870186e-05,6.418999987545249e-06,8.57199998449687e-06,8.775300000252173e-05,3.426000006356844e-06,96,False
3804,4.1540000012219025e-05,9.773900001164293e-05,6.493000000773463e-06,8.030999993025034e-06,8.97080000186179e-05,3.6030000103437487e-06,96,False
3805,4.130799999302326e-05,9.425199999668621e-05,7.4959999949442135e-06,7.756000002245855e-06,8.649599999444035e-05,3.688999981932284e-06,96,False
3806,4.098400000884794e-05,0.00013597000000231674,7.904000000280575e-06,1.1788999984219117e-05,0.00012418100001809762,4.404000009117226e-06,96,False
3807,4.28680000084114e-05,9.519399998225708e-05,7.331000006161048e-06,8.843999978580541e-06,8.635000000367654e-05,3.7280000242390088e-06,96,False
3808,4.003899999815985e-05,9.303199999521894e-05,6.598000027224771e-06,7.664999998269195e-06,8.536699999694974e-05,3.7610000163113e-06,96,False
3809,3.915000002052693e-05,9.161500000232081e-05,6.478999978298816e-06,7.580000016105259e-06,8.403499998621555e-05,3.5649999858833326e-06,96,False
3810,3.917100002581719e-05,0.00010522599998807891,7.468000006838338e-06,9.162999987211151e-06,9.606300000086776e-05,4.0799999965202005e-06,96,False
3811,4.509900000471134e-05,0.00015960299998596383,7.688000010830365e-06,7.429999982377922e-06,0.0001521730000035859,3.520999996453611e-06,96,False
3812,4.732499999704487e-05,9.548100001666171e-05,6.045000020549196e-06,8.573000002343178e-06,8.690800001431853e-05,4.344999979366548e-06,96,False
3813,3.873199997883603e-05,8.943899999280802e-05,6.554999998797939e-06,7.207999999536696e-06,8.223099999327133e-05,3.450000008342613e-06,96,False
3814,3.904700000134653e-05,8.923799998683535e-05,6.281999986867959e-06,7.3760000134370785e-06,8.186199997339827e-05,3.3840000241980306e-06,96,False
3815,4.254800001035619e-05,8.936200001130601e-05,6.9130000213135645e-06,7.527999997591905e-06,8.18340000137141e-05,3.6389999991115474e-06,96,False
3816,5.0578000013956625e-05,0.00012345999999752166,9.705999985953895e-06,1.3698000003614652e-05,0.00010976199999390701,5.7679999940774e-06,96,False
3817,4.789300001561969e-05,0.00012081599999191894,8.825000008982897e-06,1.2706999996225932e-05,0.00010810899999569301,5.708000003323832e-06,96,False
3818,4.7354000002997054e-05,9.515900001133559e-05,7.330000016736449e-06,8.272999991731922e-06,8.688600001960367e-05,3.713000012339762e-06,96,False
3819,4.083000001742221e-05,9.086399998636807e-05,6.77000002724526e-06,7.855999996309038e-06,8.300799999005903e-05,3.5360000083528575e-06,96,False
3820,3.9282000017237806e-05,8.941600000866856e-05,6.575000014663601e-06,7.56800000090152e-06,8.184800000776704e-05,3.4859999971104116e-06,96,False
3821,3.908600001523155e-05,9.031999999820073e-05,6.6650000007939525e-06,7.571999987021627e-06,8.27480000111791e-05,3.700999997136023e-06,96,False
3822,3.82620000038969e-05,0.00014315900000383408,7.358000004842324e-06,1.096400001188158e-05,0.0001321949999919525,4.261000015048921e-06,96,False
3823,4.56489999862697e-05,9.425999999734813e-05,6.830999979001717e-06,8.313999984466136e-06,8.5946000012882e-05,4.186999973398997e-06,96,False
3824,3.8908999982822934e-05,9.034999999357751e-05,6.78200001402729e-06,7.413999981054076e-06,8.293600001252344e-05,3.7300000030882074e-06,96,False
3825,3.828900000257818e-05,9.00999999942087e-05,6.275999993476944e-06,7.573000004867936e-06,8.252699998934077e-05,3.5059999845543643e-06,96,False
3826,3.9146999995409715e-05,9.001800000874027e-05,6.366000008029005e-06,7.710000005545226e-06,8.230800000319505e-05,3.5950000096818258e-06,96,False
3827,3.874499998346437e-05,9.120899997583365e-05,5.74499998151623e-06,8.066999981792833e-06,8.314199999404082e-05,3.49900000173875e-06,96,False
3828,3.746400000181893e-05,0.00011829800001805779,6.1679999987518386e-06,7.433999996919738e-06,0.00011086400002113805,3.5060000129760738e-06,96,False
3829,4.339099999128848e-05,9.740699999838398e-05,5.772999998043815e-06,8.32099999570346e-06,8.908600000268052e-05,4.073000013704586e-06,96,False
3830,3.793099998006255e-05,8.913700000334757e-05,5.783000005976646e-06,7.502000016756938e-06,8.163499998659063e-05,3.3789999918099056e-06,96,False
3831,3.799700002105055e-05,8.871899999007837e-05,5.484000013211698e-06,7.46599999956743e-06,8.125299999051094e-05,3.650999985893577e-06,96,False
3832,3.852399999004774e-05,8.624700001291785e-05,5.443000020477484e-06,7.456999981059198e-06,7.879000003185865e-05,3.4850000076858123e-06,96,False
3833,4.109900001481037e-05,8.783699999526107e-05,5.463000007921437e-06,7.5380000055247365e-06,8.029899998973633e-05,3.7910000116880838e-06,96,False
3834,3.65380000175719e-05,0.00013035399999239417,6.537999979627784e-06,7.59099998504098e-06,0.00012276300000735318,3.5079999918252724e-06,96,False
3835,4.4835000011289594e-05,9.323999998400723e-05,5.671999986134324e-06,8.108999992373356e-06,8.513099999163387e-05,4.144999991240184e-06,96,False
3836,4.1678999991745513e-05,8.92559999954301e-05,5.452999999988606e-06,7.466999988992029e-06,8.178900000643807e-05,3.6309999984496244e-06,96,False
3837,3.761400000712456e-05,8.83740000006128e-05,6.7619999981616274e-06,7.641999985708026e-06,8.073200001490477e-05,3.3289999805674597e-06,96,False
3838,3.6751999999751206e-05,8.836100002440617e-05,6.217999981572575e-06,7.653000011487165e-06,8.0708000012919e-05,3.2999999746152753e-06,96,False
3839,3.608699998380871e-05,8.561000001350294e-05,4.5131000007359034e-05,7.492000008824107e-06,7.811800000467883e-05,3.2490000023699395e-06,96,False
3840,4.1951999975253784e-05,0.00012785799998482617,7.691999996950472e-06,7.181999990280019e-06,0.00012067599999454615,6.842000004780857e-06,96,False
3841,4.1893000002346525e-05,9.1714999996384e-05,5.999999984851456e-06,8.076000000301065e-06,8.363899999608293e-05,3.78400000045076e-06,96,False
3842,3.799199998866243e-05,8.988199999748758e-05,5.759000003990877e-06,7.651999993640857e-06,8.223000000384673e-05,3.462999984549242e-06,96,False
3843,3.802300000188552e-05,9.503399999744033e-05,5.934999990131473e-06,7.874999994328391e-06,8.715900000311194e-05,3.591999984564609e-06,96,False
3844,3.718900001103975e-05,8.855799998741531e-05,5.725999983496877e-06,7.447000001548076e-06,8.111099998586724e-05,3.6090000037347636e-06,96,False
3845,3.753699999720084e-05,0.00014831100000378683,6.6730000014558755e-06,7.327999981043831e-06,0.000140983000022743,3.5729999865452555e-06,96,False
3846,0.0002720509999960541,0.00021585199999663018,1.0889000009228766e-05,1.7933999998831496e-05,0.0001979179999977987,7.264999993594756e-06,96,False
3847,4.730999998514562e-05,9.520800000473173e-05,5.911000016567414e-06,8.752000013600991e-06,8.645599999113074e-05,4.063000005771755e-06,96,False
3848,4.0284999982986847e-05,9.279500000047847e-05,6.853999991562887e-06,8.108999992373356e-06,8.468600000810511e-05,3.6690000229100406e-06,96,False
3849,3.881300000330157e-05,9.058899999558889e-05,6.547999987560615e-06,7.764000002907778e-06,8.282499999268111e-05,3.63600000241604e-06,96,False
3850,3.779700000450248e-05,8.896599999275168e-05,8.21899999436937e-06,7.584000002225366e-06,8.138199999052631e-05,3.6760000057256548e-06,96,False
3851,5.490299997745751e-05,9.673900001416769e-05,6.294000002071698e-06,8.493999985148548e-06,8.824500002901914e-05,4.1429999839692755e-06,96,False
3852,3.817200001776655e-05,8.84789999986424e-05,6.055999989484917e-06,7.83000001547407e-06,8.064899998316832e-05,3.5589999924923177e-06,96,False
3853,3.869700000791454e-05,8.753899999192072e-05,6.213000006027869e-06,7.232999990947064e-06,8.030600000097365e-05,3.456000001733628e-06,96,False
3854,3.7493000007771116e-05,8.662700000172663e-05,6.26800002123673e-06,7.553999978426873e-06,7.907300002329976e-05,3.484000018261213e-06,96,False
3855,3.740699997933916e-05,0.00010242499999435495,6.079000002046087e-06,6.6730000014558755e-06,9.575199999289907e-05,3.5409999838975637e-06,96,False
3856,3.734900002427821e-05,8.624400001622234e-05,8.065999992368234e-06,6.9259999975201936e-06,7.931800001870215e-05,3.3400000063465995e-06,96,False
3857,5.362699999977849e-05,9.829700002228492e-05,6.600999995498569e-06,8.92400001362148e-06,8.937300000866344e-05,4.38800000779338e-06,96,False
3858,3.794200000584169e-05,8.968099999151491e-05,6.151000008003393e-06,7.8079999923375e-06,8.187299999917741e-05,3.5159999924871954e-06,96,False
3859,3.67140000037125e-05,0.00011326500001018758,7.244999977729094e-06,7.382999996252693e-06,0.00010588200001393488,3.369000012298784e-06,96,False
3860,4.518299999745068e-05,9.339100000715916e-05,6.016000014597012e-06,8.36699999240409e-06,8.502400001475507e-05,4.067999981316461e-06,96,False
3861,3.842499998540916e-05,8.852199999864752e-05,5.401999999321561e-06,7.791000001589055e-06,8.073099999705846e-05,3.5280000076909346e-06,96,False
3862,3.777500000978762e-05,0.00012029999999185748,6.169000016598147e-06,1.0971999984121794e-05,0.00010932800000773568,4.162000010410338e-06,96,False
3863,3.9281999988816096e-05,9.018599999421895e-05,5.7999999967250915e-06,7.525999990320997e-06,8.266000000389795e-05,3.597000016952734e-06,96,False
3864,3.688399999646208e-05,8.744100000512844e-05,5.830999981526475e-06,7.4229999995623075e-06,8.001800000556614e-05,3.4870000149567204e-06,96,False
3865,3.773000000251159e-05,0.00011213400000542606,6.4689999987876945e-06,7.4149999989003845e-06,0.00010471900000652568,3.4470000116471056e-06,96,False
3866,4.3920999985402887e-05,9.181400000102258e-05,5.5069999973511585e-06,7.79500001613087e-06,8.401899998489171e-05,4.017999998495725e-06,96,False
3867,3.782699999987926e-05,8.785899998997593e-05,5.392000019810439e-06,7.452000005514492e-06,8.040699998446144e-05,3.421999991815028e-06,96,False
3868,4.002899999022702e-05,8.895899998151435e-05,5.420000007916315e-06,8.105999995677848e-06,8.08529999858365e-05,3.721000013001685e-06,96,False
3869,3.6261000019521816e-05,8.84780000092178e-05,5.326000007244147e-06,7.70599999100341e-06,8.077200001821438e-05,3.6479999891980697e-06,96,False
3870,3.662399998916044e-05,8.747199998992983e-05,5.393000009235038e-06,6.914000010738164e-06,8.055799997919166e-05,3.5409999838975637e-06,96,False
3871,3.678900000636531e-05,8.675299997662478e-05,7.2269999975560495e-06,6.942999988268639e-06,7.980999998835614e-05,3.418000005694921e-06,96,False
3872,5.7771000001594075e-05,9.411599998543352e-05,5.99500000930675e-06,8.40100000232269e-06,8.571499998311083e-05,4.0959999978440464e-06,96,False
3873,8.386599998289057e-05,0.00010911100000043916,8.494000013570258e-06,1.0285000001886146e-05,9.882599999855302e-05,5.590000000665896e-06,96,False
3874,4.222900000172558e-05,9.237099999381826e-05,6.146000004036978e-06,8.194000002959001e-06,8.417699999085926e-05,3.887000019631159e-06,96,False
3875,3.843400000391739e-05,8.82739999781279e-05,5.748999996058046e-06,7.54500001676206e-06,8.072899996136584e-05,3.4509999977672123e-06,96,False
3876,3.8873999983479735e-05,8.975800000143863e-05,5.736000019851417e-06,7.261999996899249e-06,8.249600000453938e-05,3.6570000077063014e-06,96,False
3877,3.804400000717578e-05,0.00015625800000407253,7.798000012826378e-06,1.5526999987969248e-05,0.00014073100001610328,5.74499998151623e-06,96,False
3878,6.691500001920758e-05,9.81860000024426e-05,6.41700000869605e-06,8.723000007648807e-06,8.946299999479379e-05,4.149000005782e-06,96,False
3879,4.087599998570113e-05,9.243400000968904e-05,5.7790000198565394e-06,7.70500000157881e-06,8.472900000811023e-05,3.545999987863979e-06,96,False
3880,3.997100000674436e-05,8.990099999550694e-05,5.833000017219092e-06,7.4129999916294764e-06,8.248800000387746e-05,3.5900000057154102e-06,96,False
3881,3.819600001975232e-05,8.822600000257808e-05,5.509000004622067e-06,7.427000014104124e-06,8.079899998847395e-05,3.7119999944934534e-06,96,False
3882,3.7620999989940174e-05,9.008499998230945e-05,5.2820000178144255e-06,7.62499999495958e-06,8.245999998734987e-05,3.5700000182714575e-06,96,False
3883,0.0001311769999858825,9.912999999528438e-05,6.355000010671574e-06,8.895000007669296e-06,9.023499998761508e-05,4.356000005145688e-06,96,False
3884,3.966400001331749e-05,9.214699997528442e-05,5.652999988114971e-06,7.555999985697781e-06,8.459099998958663e-05,3.4850000076858123e-06,96,False
3885,3.709799997864138e-05,8.888499999670785e-05,5.783000005976646e-06,7.570000008172428e-06,8.131499998853542e-05,3.3019999818861834e-06,96,False
3886,4.01249999981701e-05,9.060400000748814e-05,5.397999984779744e-06,7.523999983050089e-06,8.308000002443805e-05,3.41999998454412e-06,96,False
3887,3.764400000250134e-05,8.837199999334189e-05,7.110000012744422e-06,7.503000006181537e-06,8.086899998716035e-05,3.4450000043761975e-06,96,False
3888,3.708699998128395e-05,0.00012774200001786085,8.307999991075121e-06,7.191000008788251e-06,0.0001205510000090726,2.0102000007682364e-05,96,False
3889,4.7102999985781935e-05,0.00010604899998156725,7.815999992999423e-06,9.0730000010808e-06,9.697599998048645e-05,4.4379999906141165e-06,96,False
3890,4.439500000330554e-05,0.0001039180000077522,7.726999996293671e-06,8.91400000568865e-06,9.500400000206355e-05,4.06899999916277e-06,96,False
3891,4.472300000202267e-05,8.979200001135723e-05,5.672000014556033e-06,7.419000013442201e-06,8.237299999791503e-05,3.676999995150254e-06,96,False
3892,3.745000000776599e-05,8.903799999870898e-05,6.411000015305035e-06,7.400000015422847e-06,8.163799998328614e-05,3.536999997777457e-06,96,False
3893,3.735100000312741e-05,8.774799999855531e-05,5.7110000000193395e-06,7.18100000085542e-06,8.05669999976999e-05,3.3519999931286293e-06,96,False
3894,3.7243000008402305e-05,0.00010164600001871804,6.001000002697765e-06,9.946999995236183e-06,9.169900002348186e-05,4.392000022335196e-06,96,False
3895,3.9249000025165515e-05,8.924299999080176e-05,5.780000009281139e-06,7.936000002928267e-06,8.13069999878735e-05,3.79599998723279e-06,96,False
3896,3.6980000004405156e-05,8.971599999085811e-05,5.479999998669882e-06,7.134000014730191e-06,8.258199997612792e-05,3.648000017619779e-06,96,False
3897,3.6993000009033494e-05,9.020799998893381e-05,5.660999988776894e-06,7.732000000260086e-06,8.247599998867372e-05,3.6559999898599926e-06,96,False
3898,3.6877000013646466e-05,8.973600000672377e-05,5.507999986775758e-06,7.936000002928267e-06,8.18000000037955e-05,3.504999995129765e-06,96,False
3899,3.599199999371194e-05,8.727700000576988e-05,5.509000004622067e-06,7.666999977118394e-06,7.961000002865148e-05,3.356999997095045e-06,96,False
3900,4.203700001426114e-05,0.00010566000000267195,6.548999976985215e-06,1.0051999993265781e-05,9.560800000940617e-05,4.5060000104513165e-06,96,False
3901,4.987400001255082e-05,9.163600000761107e-05,5.830999981526475e-06,8.085000018809296e-06,8.355099998880178e-05,3.854999988561758e-06,96,False
3902,3.795500001047003e-05,8.887499998877502e-05,5.47100000858336e-06,7.22600000813145e-06,8.164899998064357e-05,3.708999997797946e-06,96,False
3903,3.737800000180869e-05,8.818699998869306e-05,5.450000003293098e-06,7.10099999423619e-06,8.108599999445687e-05,3.5010000090096582e-06,96,False
3904,3.630099999440972e-05,0.00010170800001674252,6.404000004067711e-06,1.0225000011132579e-05,9.148300000560994e-05,4.374000013740442e-06,96,False
3905,4.0721000004850794e-05,8.985099998426449e-05,5.442999992055775e-06,7.846999977800806e-06,8.200400000646368e-05,3.494999987196934e-06,96,False
3906,3.790200000253208e-05,8.948199999281314e-05,5.451000021139407e-06,7.79500001613087e-06,8.168699997668227e-05,3.464000002395551e-06,96,False
3907,3.806699999131524e-05,8.926600000336293e-05,5.426999990731929e-06,7.603999989669319e-06,8.166200001369361e-05,3.3949999931337516e-06,96,False
3908,3.8244999984726746e-05,8.666399997991903e-05,5.646000005299356e-06,7.558000021390399e-06,7.910599995852863e-05,3.5760000116624724e-06,96,False
3909,3.743900001040856e-05,8.684400000902315e-05,5.447000006597591e-06,7.291000002851433e-06,7.955300000617171e-05,3.5520000096767035e-06,96,False
3910,3.6136000005626556e-05,0.00012245900001062182,5.705999996052924e-06,1.0916000007910043e-05,0.00011154300000271178,4.190000026937923e-06,96,False
3911,3.9487999998755186e-05,8.988499999418309e-05,5.284000025085334e-06,7.726000006869072e-06,8.215899998731402e-05,3.684999995812177e-06,96,False
3912,3.7130999999135383e-05,8.747600000447164e-05,5.479999998669882e-06,7.062999998197483e-06,8.041300000627416e-05,3.4470000116471056e-06,96,False
3913,3.7335000001803564e-05,9.070699999824683e-05,5.3610000065873464e-06,7.707000008849718e-06,8.299999998939711e-05,3.454999983887319e-06,96,False
3914,4.3980000015153564e-05,9.047100002135267e-05,5.5510000152025896e-06,7.43199998964883e-06,8.303900003170384e-05,3.821999996489467e-06,96,False
3915,3.6979000014980556e-05,8.942599998817968e-05,5.369000007249269e-06,7.379000010132586e-06,8.20469999780471e-05,3.4490000189180137e-06,96,False
3916,3.691599999910977e-05,0.00012643699997738622,3.898399998547575e-05,1.1892000003399517e-05,0.0001145449999739867,5.098000002590197e-06,96,False
3917,4.456799999275063e-05,9.140299999899071e-05,5.783000005976646e-06,7.802999988371084e-06,8.360000001061962e-05,3.6799999918457615e-06,96,False
3918,3.889800001388721e-05,8.85470000184796e-05,5.490999996027313e-06,7.490000001553199e-06,8.10570000169264e-05,3.5749999938161636e-06,96,False
3919,3.728500001898283e-05,8.766400000581598e-05,5.626999978858294e-06,7.310999990295386e-06,8.035300001552059e-05,3.6589999865555e-06,96,False
3920,3.630300000168063e-05,8.835700000986435e-05,5.441000013206576e-06,7.680000010168442e-06,8.067699999969591e-05,3.4409999898343813e-06,96,False
3921,3.630599999837614e-05,8.620300002348813e-05,5.24300000392941e-06,6.950999988930562e-06,7.925200003455757e-05,3.450000008342613e-06,96,False
3922,3.649499998914507e-05,0.00012701899999001398,5.957000013268043e-06,1.1025000020481457e-05,0.00011599399996953252,4.310999997869658e-06,96,False
3923,3.9490000006026094e-05,8.934699999940676e-05,5.264999998644271e-06,7.680000010168442e-06,8.166699998923832e-05,3.5479999951348873e-06,96,False
3924,3.783799999723669e-05,8.67910000010852e-05,5.657999992081386e-06,7.392999975763814e-06,7.939800002532138e-05,3.357999986519644e-06,96,False
3925,5.1664999972445e-05,8.79539999800727e-05,5.570999974224833e-06,7.635000002892411e-06,8.031899997718028e-05,3.335000002380184e-06,96,False
3926,3.6981999983254354e-05,8.724099998858037e-05,5.525999995370512e-06,7.197000002179266e-06,8.00439999864011e-05,3.4210000023904286e-06,96,False
3927,3.704099998458332e-05,8.66520000215587e-05,5.172999976821302e-06,7.269999997561172e-06,7.938200002399753e-05,3.284999991137738e-06,96,False
3928,3.577799998311093e-05,0.00013070800000036797,5.989000015915735e-06,1.1556000004020461e-05,0.00011915199999634751,4.552000007151946e-06,96,False
3929,3.982399999813424e-05,9.140500000626162e-05,5.364000003282854e-06,7.702000004883303e-06,8.370300000137831e-05,3.876999983276619e-06,96,False
3930,3.757799998993505e-05,8.912999999211024e-05,5.32200002112404e-06,7.700999987036994e-06,8.142900000507325e-05,3.5989999958019325e-06,96,False
3931,3.702300000441028e-05,8.753800000249612e-05,5.451999982142297e-06,7.296999996242448e-06,8.024100000625367e-05,3.4930000083477353e-06,96,False
3932,3.936699999940174e-05,8.77819999800522e-05,5.290999979479238e-06,7.751999987704039e-06,8.002999999234817e-05,3.383000006351722e-06,96,False
3933,3.702899999780129e-05,8.91169999874819e-05,5.53999998942345e-06,7.446000012123477e-06,8.167099997535843e-05,3.549000012981196e-06,96,False
3934,3.8485999994009035e-05,0.00012816599999609934,6.374999998115527e-06,7.337999988976662e-06,0.00012082800000712268,1.9076999990375043e-05,96,False
3935,4.1745999993736405e-05,9.134199999039083e-05,5.183999974178732e-06,7.984999996324404e-06,8.335699999406643e-05,3.6650000083682244e-06,96,False
3936,3.75570000130665e-05,8.933399999477842e-05,5.372999993369376e-06,7.94499999301479e-06,8.138900000176363e-05,3.7989999839282973e-06,96,False
3937,3.65399999964211e-05,8.783999999195657e-05,5.1959999893824715e-06,7.254999985661925e-06,8.058500000629465e-05,3.306999985852599e-06,96,False
3938,3.6821000009013005e-05,8.680799999183364e-05,5.240999996658502e-06,7.603999989669319e-06,7.920400000216432e-05,3.4489999904963042e-06,96,False
3939,3.655700001559126e-05,8.663799999908406e-05,5.383000001302207e-06,7.4149999989003845e-06,7.922300000018367e-05,3.232000011621494e-06,96,False
3940,3.730299999915587e-05,0.00011713200001395307,5.929000025162168e-06,7.2710000154074805e-06,0.0001098609999985456,3.391000007013645e-06,96,False
3941,4.080400000816553e-05,0.00015889900001297974,6.443000017952727e-06,7.828000008203162e-06,0.00015107100000477658,3.853999999137159e-06,96,False
3942,0.0002247910000221509,0.0001843780000001516,1.2905999994927697e-05,2.258000000665561e-05,0.00016179799999349598,8.136000019476342e-06,96,False
3943,7.374499998036299e-05,0.00011581900000123824,7.980999981782588e-06,1.055599997812351e-05,0.00010526300002311473,4.6210000164137455e-06,96,False
3944,5.010799998217408e-05,0.0003020609999850876,1.0535000001254957e-05,8.968999992475801e-06,0.0002930919999926118,4.082999993215708e-06,96,False
3945,7.865799997830436e-05,0.00011823400001276241,7.683999996288549e-06,1.0586999991346602e-05,0.0001076470000214158,5.9330000112822745e-06,96,False
3946,4.5324000012669785e-05,9.979700001849778e-05,6.560999992188954e-06,8.352000008926552e-06,9.144500000957123e-05,3.911999982619818e-06,96,False
3947,4.243300000439376e-05,9.521300000869815e-05,6.154000004698901e-06,7.666000016115504e-06,8.754699999258264e-05,3.6469999997734703e-06,96,False
3948,4.1641999985131406e-05,9.44239999967067e-05,6.492000011348864e-06,7.677000013472934e-06,8.674699998323376e-05,3.7310000209345162e-06,96,False
3949,3.9364999992130834e-05,9.292100000379833e-05,6.046999999398395e-06,7.980999981782588e-06,8.494000002201574e-05,3.6710000017592392e-06,96,False
3950,3.939000001196291e-05,9.332100000847277e-05,5.876000017224214e-06,7.977999985087081e-06,8.534300002338568e-05,3.823000014335776e-06,96,False
3951,3.936799998882634e-05,9.100100001546707e-05,6.0220000079880265e-06,7.492999998248706e-06,8.350800001721836e-05,3.767000009702315e-06,96,False
3952,3.849000000855085e-05,9.113699999829805e-05,5.6689999894388166e-06,7.675999995626626e-06,8.346100000267143e-05,3.4619999951246427e-06,96,False
3953,3.752199998530159e-05,0.0002439609999953518,7.250999999541818e-06,1.1970000002747838e-05,0.00023199099999260397,4.87899998802277e-06,96,False
3954,4.8129999981938454e-05,9.767200000965204e-05,5.896000004668167e-06,8.307999991075121e-06,8.936400001857692e-05,4.227000005130321e-06,96,False
3955,3.966500000274209e-05,9.383299999399242e-05,5.60799998083894e-06,8.1959999818082e-06,8.563700001218422e-05,3.7260000169681007e-06,96,False
3956,6.194900001332826e-05,0.00010294899999507834,7.997000011528144e-06,9.83600000381557e-06,9.311299999126277e-05,4.310999997869658e-06,96,False
3957,4.613100000483428e-05,9.120199999301803e-05,7.229000004826958e-06,7.543999998915751e-06,8.365799999410228e-05,3.5940000202572264e-06,96,False
3958,3.938000000403008e-05,9.098200001744772e-05,6.62200000078883e-06,7.594999999582797e-06,8.338700001786492e-05,3.7039999938315304e-06,96,False
3959,3.910999998879561e-05,9.072800000353709e-05,6.332999987535004e-06,7.2370000054888806e-06,8.349099999804821e-05,3.6819999991166696e-06,96,False
3960,3.7597999977379004e-05,8.850500000789907e-05,6.41700000869605e-06,7.3519999830296e-06,8.115300002486947e-05,3.676999995150254e-06,96,False
3961,3.7391999995861624e-05,8.848500002045512e-05,6.387999974322156e-06,7.211000024653913e-06,8.12739999958012e-05,3.4839999898395035e-06,96,False
3962,3.7723000019695974e-05,9.113400000160254e-05,1.0500000001911758e-05,6.947999992235054e-06,8.418600000936749e-05,3.690999989203192e-06,96,False
3963,8.030899999766916e-05,0.000122169999997368,8.205000000316431e-06,1.0997000003953872e-05,0.00011117299999341412,5.6400000119083415e-06,96,False
3964,4.4707999990123426e-05,0.0001272019999873919,8.986000011645956e-06,8.282999999664753e-06,0.00011891899998772715,4.138000008424569e-06,96,False
3965,6.744699999217119e-05,0.00010902799999712443,6.752000018650506e-06,9.457999993855992e-06,9.957000000326843e-05,5.232999995996579e-06,96,False
3966,4.2704000009052834e-05,0.00010977299999126444,6.544999990865108e-06,8.363000006283983e-06,0.00010140999998498046,3.884999983938542e-06,96,False
3967,3.955200000405057e-05,9.250299999052913e-05,6.017000004021611e-06,7.86499998639556e-06,8.463800000413357e-05,3.6929999964741e-06,96,False
3968,3.960899999810863e-05,9.21030000142764e-05,5.99500000930675e-06,7.764000002907778e-06,8.433900001136863e-05,3.660999993826408e-06,96,False
3969,3.883499999801643e-05,8.894000001191671e-05,5.893999997397259e-06,7.771000014145102e-06,8.116899999777161e-05,3.3680000228741847e-06,96,False
3970,3.76260000223283e-05,8.856899998477274e-05,5.716999993410354e-06,7.3420000035184785e-06,8.122699998125427e-05,3.402000004371075e-06,96,False
3971,4.332700001441481e-05,8.945900000867368e-05,5.621000013888988e-06,7.452000005514492e-06,8.200700000315919e-05,3.773999992517929e-06,96,False
3972,3.709000000640117e-05,8.898499999077103e-05,5.455000007259514e-06,7.425999996257815e-06,8.155899999451321e-05,3.437999993138874e-06,96,False
3973,6.735499999876993e-05,0.00010872799998651317,8.08099997584577e-06,1.0309000003871915e-05,9.841899998264125e-05,5.123999983425165e-06,96,False
3974,4.320600001506136e-05,9.550000001468106e-05,5.784999984825845e-06,7.936000002928267e-06,8.75640000117528e-05,3.708999997797946e-06,96,False
3975,4.032499998629646e-05,9.132599998906699e-05,5.7759999947393226e-06,7.938000010199175e-06,8.338799997886781e-05,3.5580000030677184e-06,96,False
3976,3.777499998136591e-05,0.00012137799998868104,7.866999993666468e-06,1.2405999996190076e-05,0.00010897199999249096,5.477999991398974e-06,96,False
3977,4.577499998958956e-05,9.432499999206811e-05,7.160000023986868e-06,8.192999985112692e-06,8.613200000695542e-05,3.947000010384727e-06,96,False
3978,3.9786000002095534e-05,0.00010851700000102937,7.8429999916807e-06,7.745999994313024e-06,0.00010077100000671635,3.7309999925128068e-06,96,False
3979,5.150600000547456e-05,9.749600002351144e-05,6.587000001445631e-06,8.581000003005101e-06,8.891500002050634e-05,4.116000013709709e-06,96,False
3980,3.942999998685082e-05,9.141600000361905e-05,6.869999992886733e-06,8.038000004262358e-06,8.337799999935669e-05,3.6830000169629784e-06,96,False
3981,3.9022999999360763e-05,9.69900000029611e-05,9.25599999845872e-06,7.615000015448459e-06,8.937499998751264e-05,3.3709999911479827e-06,96,False
3982,6.459100001166007e-05,0.00010789999998905841,7.2919999922760326e-06,9.432999974023915e-06,9.84670000150345e-05,5.3119999847695e-06,96,False
3983,4.2872999983956106e-05,9.51629999974557e-05,6.789999986267503e-06,7.93399999565736e-06,8.722900000179834e-05,4.163999989259537e-06,96,False
3984,3.934299999741597e-05,9.134499998708634e-05,6.423000002087065e-06,7.691999996950472e-06,8.365299999013587e-05,3.801000019620915e-06,96,False
3985,4.216399997858389e-05,9.041900000283931e-05,6.435000017290804e-06,7.637999999587919e-06,8.278100000325139e-05,3.446999983225396e-06,96,False
3986,3.925199999343931e-05,9.053700000549725e-05,6.654000003436522e-06,7.766999999603286e-06,8.277000000589396e-05,3.4880000043813197e-06,96,False
3987,3.760999999258274e-05,0.0001537159999998039,8.69699999839213e-06,1.485200002093734e-05,0.00013886399997886656,5.646999994723956e-06,96,False
3988,4.705099999569029e-05,0.00010839500001225133,6.961000025285102e-06,8.543000006966395e-06,9.985200000528494e-05,3.947000010384727e-06,96,False
3989,4.140999999435735e-05,9.298299997340109e-05,6.784000021298198e-06,7.68200001743935e-06,8.530099995596174e-05,3.7640000130068074e-06,96,False
3990,4.0310999992243524e-05,9.057899998765606e-05,6.334000005381313e-06,7.6009999929738115e-06,8.297799999468225e-05,3.7629999951604987e-06,96,False
3991,3.8759999995363614e-05,9.022000000413755e-05,6.277000011323253e-06,7.771000014145102e-06,8.244899998999244e-05,3.7829999826044514e-06,96,False
3992,3.848099999004262e-05,8.971500000143351e-05,4.1847000005645896e-05,7.881000016141115e-06,8.18339999852924e-05,3.5179999997581035e-06,96,False
3993,4.456899998217523e-05,9.549300000344374e-05,6.8509999948673794e-06,8.402999981171888e-06,8.709000002227185e-05,3.87500000442742e-06,96,False
3994,3.909499997689636e-05,9.065899999427529e-05,6.456999983583955e-06,7.225000018706851e-06,8.343399997556844e-05,3.6410000063824555e-06,96,False
3995,3.701099998920654e-05,9.10830000009355e-05,6.453999986888448e-06,7.5929999923118885e-06,8.349000000862361e-05,3.5360000083528575e-06,96,False
3996,3.743299998859584e-05,8.906300001854106e-05,6.237999997438237e-06,7.649999986369949e-06,8.141300003217111e-05,3.4370000037142745e-06,96,False
3997,3.812900001776143e-05,8.870299998875453e-05,6.2830000047142676e-06,7.667999994964703e-06,8.103499999378982e-05,3.375999995114398e-06,96,False
3998,3.714299998591741e-05,9.387399998672663e-05,6.381000019928251e-06,8.187999981146277e-06,8.568600000558035e-05,4.169999982650552e-06,96,False
3999,7.425799998372895e-05,0.0001518149999810703,7.369000002199755e-06,8.941999993794525e-06,0.00014287299998727576,4.576000009137715e-06,96,False
4000,4.366300001379386e-05,9.525499999085696e-05,6.320000011328375e-06,8.305999983804213e-06,8.694900000705275e-05,3.7620000057358993e-06,96,False
4001,3.9626999978281674e-05,9.084500001677043e-05,6.439000003410911e-06,7.720999974480947e-06,8.312400004228948e-05,3.7749999819425284e-06,96,False
4002,3.739899997867724e-05,8.987100000013015e-05,6.493000000773463e-06,7.662999990998287e-06,8.220800000913187e-05,3.724999999121792e-06,96,False
4003,3.74889999932293e-05,8.802899998272551e-05,5.92699998946955e-06,7.029999977703483e-06,8.099900000502203e-05,3.527999979269225e-06,96,False
4004,3.635800001688949e-05,8.882200000925877e-05,5.799000007300492e-06,7.766999999603286e-06,8.105500000965549e-05,3.959999986591356e-06,96,False
4005,3.696699999977682e-05,0.0001281120000271585,6.948999981659654e-06,7.298999975091647e-06,0.00012081300005206685,3.3500000142794306e-06,96,False
4006,4.431700000395722e-05,9.369099998934871e-05,6.168999988176438e-06,8.215000008249262e-06,8.547599998109945e-05,4.181999997854291e-06,96,False
4007,3.813999998669715e-05,8.921400001327129e-05,5.9699999894746725e-06,7.213000003503112e-06,8.200100000976818e-05,3.630000009025025e-06,96,False
4008,3.7391999995861624e-05,8.84119999966515e-05,6.111999994118378e-06,7.278999987647694e-06,8.113300000900381e-05,3.6059999786175467e-06,96,False
4009,3.691999998522988e-05,8.733399999982794e-05,6.217999981572575e-06,7.062999998197483e-06,8.027100000163045e-05,3.5190000176044123e-06,96,False
4010,3.697400001101414e-05,0.00022088900001904221,3.207599999655031e-05,2.3472999998830346e-05,0.00019741600002021187,1.0982000020476335e-05,96,False
4011,8.12019999898439e-05,0.00011987599998519727,8.81199997593285e-06,1.0933999988083087e-05,0.00010894199999711418,4.805000003216264e-06,96,False
4012,5.473299998470793e-05,0.00022223999999937405,9.341999998468964e-06,2.3951000002853107e-05,0.00019828899999652094,9.102999996457584e-06,96,False
4013,5.347900000174377e-05,0.00011173800001529344,8.188000009567986e-06,9.910000017043785e-06,0.00010182799999824965,4.665000005843467e-06,96,False
4014,4.568099998891739e-05,0.00010024099998418023,7.535000008829229e-06,8.551000007628318e-06,9.168999997655192e-05,3.888999998480358e-06,96,False
4015,4.319999999324864e-05,9.679499999037944e-05,7.229999994251557e-06,8.370999978524196e-06,8.842400001185524e-05,3.861999999799082e-06,96,False
4016,4.420900000923211e-05,9.476100001393206e-05,6.681999991542398e-06,7.365000016079648e-06,8.739599999785241e-05,3.5740000043915643e-06,96,False
4017,4.162399997653665e-05,0.00012271299999611074,7.752000016125749e-06,7.581999994954458e-06,0.00011513100000115628,4.128999989916338e-06,96,False
4018,4.533300000275631e-05,9.79429999858894e-05,6.705000004103567e-06,8.535000006304472e-06,8.940799997958493e-05,4.242999978032458e-06,96,False
4019,4.1506000002300425e-05,9.42149999900721e-05,6.493000000773463e-06,8.418000021492844e-06,8.579699996857926e-05,3.549000012981196e-06,96,False
4020,3.945000000271648e-05,9.301699998331969e-05,6.173000002718254e-06,8.106999985102448e-06,8.490999999821724e-05,3.861999999799082e-06,96,False
4021,3.880799999933515e-05,8.999099998163729e-05,6.2469999875247595e-06,7.264999993594756e-06,8.272599998804253e-05,3.6459999819271616e-06,96,False
4022,3.8713000009238385e-05,9.204499997395033e-05,6.231000014622623e-06,7.5509999817313656e-06,8.449399999221896e-05,4.02300000246214e-06,96,False
4023,3.819400001248141e-05,0.00012991400001283182,6.8509999948673794e-06,7.6190000015685655e-06,0.00012229500001126326,2.0678999987921998e-05,96,False
4024,4.198299998847688e-05,9.325600001375278e-05,6.4819999749943236e-06,8.073000003605557e-06,8.518300001014723e-05,3.7199999951553764e-06,96,False
4025,3.8404000008540606e-05,9.019899999884728e-05,6.7619999981616274e-06,7.919000012179822e-06,8.227999998666746e-05,3.585999991173594e-06,96,False
4026,3.7735000006478e-05,8.990300000277784e-05,6.10999998684747e-06,7.314999976415493e-06,8.258800002636235e-05,3.595999999106425e-06,96,False
4027,3.705599999648257e-05,9.500300001263895e-05,6.248999994795668e-06,7.634000013467812e-06,8.736899999917114e-05,3.3990000076755678e-06,96,False
4028,3.8119999999253196e-05,8.970600001134699e-05,6.093999985523624e-06,7.504000024027846e-06,8.220199998731914e-05,3.4779999964484887e-06,96,False
4029,3.755500000579559e-05,0.00017202300000462856,7.140999997545805e-06,6.473799999184848e-05,0.00010728500001278007,5.823000009286261e-06,96,False
4030,4.402299998673698e-05,9.496799998487404e-05,6.612000021277709e-06,8.519999994405225e-06,8.644799999046882e-05,3.7380000037501304e-06,96,False
4031,3.874099999734426e-05,0.001093338000003996,1.1461000013923694e-05,7.994399999233792e-05,0.0010133940000116581,0.00010027800001921605,96,False
4032,5.7977000011533164e-05,0.0001771020000091994,5.0795000021253145e-05,9.605000002466113e-06,0.0001674970000067333,4.6680000025389745e-06,96,False
4033,8.230299999922863e-05,0.00018655700000635989,8.510000014894104e-06,1.3045000002875895e-05,0.000173512000003484,5.634000018517327e-06,96,False
4034,4.46610000039982e-05,9.750600000302256e-05,6.829000000152519e-06,8.877999988499141e-06,8.862800001452342e-05,4.133999993882753e-06,96,False
4035,6.890999998176994e-05,0.00016234200001008503,7.385000003523601e-06,8.766999997078528e-06,0.0001535750000130065,4.199999978027336e-06,96,False
4036,0.0002138170000023365,0.00018998699999883684,1.6040000019756917e-05,1.760000000672335e-05,0.0001723869999921135,9.890999990602722e-06,96,False
4037,0.00017567000000440203,0.00014493000000470602,9.556000009069976e-06,1.008699999260898e-05,0.00013484300001209704,5.780999998705738e-06,96,False
4038,8.392800000933676e-05,0.00019302699999457218,8.864000022867913e-06,9.28999997995561e-06,0.00018373700001461657,4.760999985364833e-06,96,False
4039,5.061999999611544e-05,0.00010032899999146139,7.2169999896232184e-06,9.108000000424e-06,9.122099999103739e-05,4.4880000018565624e-06,96,False
4040,4.0514999994911705e-05,9.322199997541247e-05,6.847999998171872e-06,7.638999989012518e-06,8.558299998639995e-05,3.821999996489467e-06,96,False
4041,3.9625999988857075e-05,9.183299999904193e-05,7.137000011425698e-06,8.113000006915172e-06,8.371999999212676e-05,3.6899999997785926e-06,96,False
4042,4.303800000116098e-05,0.00040961600001310217,1.4531000005035821e-05,5.515199998740172e-05,0.00035446400002570044,5.93960000117022e-05,96,False
4043,8.819799998605049e-05,0.00014618500000551649,9.386000016320395e-06,1.5188000020316395e-05,0.0001309969999852001,6.829000000152519e-06,96,False
4044,5.294199999639204e-05,0.00011201099999880171,8.568999987801362e-06,9.79099999653954e-06,0.00010222000000226217,4.230999991250428e-06,96,False
4045,4.7867999995787613e-05,0.00010692499998299354,8.289000021477477e-06,9.560999984614682e-06,9.736399999837886e-05,3.9569999898958486e-06,96,False
4046,4.7284999993735255e-05,0.00010284100000035323,8.142999973870246e-06,8.73100000831073e-06,9.41099999920425e-05,3.888000009055759e-06,96,False
4047,4.5564999993530364e-05,9.941100000787628e-05,8.12700000096811e-06,8.351000019501953e-06,9.105999998837433e-05,3.840000005084221e-06,96,False
4048,4.3991000012510995e-05,9.962400000063099e-05,7.133999986308481e-06,8.5819999924297e-06,9.104200000820128e-05,3.880999997818435e-06,96,False
4049,4.279099999848768e-05,9.860500000513639e-05,7.3340000028565555e-06,8.312000005616937e-06,9.029299999951945e-05,4.008999979987493e-06,96,False
4050,4.219199999511147e-05,9.667000000490589e-05,7.010999979684129e-06,8.01299998443028e-06,8.865700002047561e-05,3.845999998475236e-06,96,False
4051,4.157999998710693e-05,0.00019907000000785047,1.3566000006903778e-05,1.4219000007642535e-05,0.00018485100000020793,7.387000010794509e-06,96,False
4052,6.567200000517914e-05,0.00010391499998263498,7.372999988319862e-06,9.629999993876481e-06,9.42849999887585e-05,4.789999991317018e-06,96,False
4053,4.226099997595156e-05,9.725399999638284e-05,6.767000002128043e-06,8.782999998402374e-06,8.847099999798047e-05,4.155999988597614e-06,96,False
4054,3.995399998757421e-05,9.172199997919961e-05,6.751999990228796e-06,8.158999975194092e-06,8.356300000400552e-05,3.460000016275444e-06,96,False
4055,3.868199999601529e-05,9.267699999782053e-05,6.357000017942482e-06,8.08199999369208e-06,8.459500000412845e-05,3.5260000004200265e-06,96,False
4056,4.2167999993125704e-05,9.433300002115175e-05,6.556000016644248e-06,8.193000013534402e-06,8.614000000761735e-05,3.603999999768348e-06,96,False
4057,3.921799998352071e-05,0.0001287499999875763,7.487000004857691e-06,1.1677000003373905e-05,0.0001170729999842024,4.5950000071570685e-06,96,False
4058,4.088299999693845e-05,8.989799999881143e-05,6.304999999429128e-06,7.2950000173932494e-06,8.260299998141818e-05,3.6719999911838386e-06,96,False
4059,3.854900000987982e-05,9.446800001455813e-05,6.401999996796803e-06,7.362000019384141e-06,8.710599999517399e-05,3.531000004386442e-06,96,False
4060,3.98469999822737e-05,9.208100001956154e-05,2.1035999992591314e-05,7.752999977128638e-06,8.43280000424329e-05,3.735000007054623e-06,96,False
4061,4.2237000002387504e-05,9.13279999963379e-05,4.8126000024240057e-05,8.014999991701188e-06,8.33130000046367e-05,3.625999994483209e-06,96,False
4062,4.24110000096789e-05,9.327700001904304e-05,8.820000005016482e-06,8.052999987739895e-06,8.522400003130315e-05,4.09200001172394e-06,96,False
4063,5.429699999126569e-05,9.764399999312445e-05,6.557000006068847e-06,8.841000010306743e-06,8.880299998281771e-05,4.270000005135444e-06,96,False
4064,3.853300000855597e-05,9.075600002006468e-05,6.6730000014558755e-06,7.79500001613087e-06,8.29610000039338e-05,3.504999995129765e-06,96,False
4065,3.799800001047515e-05,9.086099998967256e-05,6.216999992147976e-06,8.029000014175836e-06,8.283199997549673e-05,3.496999994467842e-06,96,False
4066,3.851700000723213e-05,8.78820000025371e-05,6.243000001404653e-06,7.186999994246435e-06,8.069500000829066e-05,3.706999990527038e-06,96,False
4067,3.7550000001829176e-05,8.912399999871923e-05,6.157000001394408e-06,7.280999994918602e-06,8.184300000380063e-05,3.7320000103591155e-06,96,False
4068,3.874200001519057e-05,8.927499999344946e-05,7.464000020718231e-06,7.964999980458742e-06,8.131000001299071e-05,3.662000011672717e-06,96,False
4069,5.464400001642389e-05,0.00010009100000729632,6.331999998110405e-06,9.180999995805905e-06,9.091000001149041e-05,4.24000000975866e-06,96,False
4070,4.3728000008513845e-05,9.144400002014663e-05,6.7619999981616274e-06,8.003999994343758e-06,8.344000002580287e-05,3.7270000063927e-06,96,False
4071,6.275700002333906e-05,9.741099998450409e-05,6.787000017993705e-06,9.339999991198056e-06,8.807099999330603e-05,4.187999991245306e-06,96,False
4072,3.8156000016442704e-05,8.865099999866288e-05,6.308000024546345e-06,7.756000002245855e-06,8.089499999641703e-05,3.466000009666459e-06,96,False
4073,3.640200000631921e-05,8.813900001314323e-05,6.038999998736472e-06,7.597000006853705e-06,8.054200000628953e-05,3.171000003021618e-06,96,False
4074,3.7423999998509316e-05,0.00012071500000843116,6.794000000809319e-06,7.174000018039806e-06,0.00011354099999039136,3.5900000057154102e-06,96,False
4075,4.1381000016826874e-05,0.00014820699999518183,9.331999990536133e-06,2.0715999994536105e-05,0.00012749100000064573,8.880999985194649e-06,96,False
4076,4.9439999997957784e-05,9.607200001937599e-05,6.6229999902134296e-06,8.538999992424579e-06,8.753300002695141e-05,4.030000013699464e-06,96,False
4077,4.132799998046721e-05,9.093799999959629e-05,6.684999988237905e-06,8.228999973880491e-06,8.27090000257158e-05,3.8390000156596216e-06,96,False
4078,3.858100001252751e-05,8.921599999212049e-05,6.514000006063725e-06,7.452000005514492e-06,8.1763999986606e-05,3.6189999832458852e-06,96,False
4079,3.825400000323498e-05,8.848300001318421e-05,6.253999998762083e-06,7.172999971771787e-06,8.131000004141242e-05,3.539000005048365e-06,96,False
4080,7.083799999918483e-05,0.00011778999999023654,8.406000006289105e-06,1.2808000008135423e-05,0.00010498199998210112,5.483999984789989e-06,96,False
4081,4.545599998095895e-05,9.208899999180176e-05,6.5239999855748465e-06,8.293000007597584e-06,8.379599998420417e-05,3.824000003760375e-06,96,False
4082,3.829999999993561e-05,8.936700001527242e-05,6.207000012636854e-06,7.62499999495958e-06,8.174200002031284e-05,3.5920000129863183e-06,96,False
4083,3.786100000979786e-05,9.154700001090532e-05,5.964999985508257e-06,8.201000014196325e-06,8.3345999996709e-05,3.531000004386442e-06,96,False
4084,4.274299999451614e-05,9.0095000018664e-05,6.779000017331782e-06,7.857000014155346e-06,8.223800000450865e-05,3.5829999944780866e-06,96,False
4085,3.88930000099208e-05,0.00011690200000202822,7.003999996868515e-06,7.519000007505383e-06,0.00010938299999452283,3.600999974651131e-06,96,False
4086,4.4322999997348234e-05,9.453399999870271e-05,6.550999984256123e-06,8.301000008259507e-06,8.62329999904432e-05,4.243000006454167e-06,96,False
4087,3.8622000005261725e-05,9.076399999230489e-05,6.3800000020819425e-06,8.090000022775712e-06,8.267399996952918e-05,3.491000001076827e-06,96,False
4088,3.788600000120823e-05,9.095100000422462e-05,6.339000009347728e-06,7.449999998243584e-06,8.350100000598104e-05,3.357999986519644e-06,96,False
4089,3.8759999995363614e-05,8.841200002507321e-05,6.076000005350579e-06,7.21500001077402e-06,8.119700001429919e-05,3.5409999838975637e-06,96,False
4090,3.7538000015047146e-05,8.860400001253765e-05,6.323000008023882e-06,7.183000008126328e-06,8.142100000441133e-05,3.4210000023904286e-06,96,False
4091,4.022399997438697e-05,0.00011617199999136574,6.913999982316454e-06,7.3859999929482e-06,0.00010878599999841754,3.502999987858857e-06,96,False
4092,4.399700000590201e-05,9.295099999917511e-05,6.184999989500284e-06,8.210999993707446e-06,8.474000000546766e-05,4.090999993877631e-06,96,False
4093,3.7708999997221326e-05,9.005299997966176e-05,5.678000007947048e-06,7.417000006171293e-06,8.263599997349047e-05,3.4290000030523515e-06,96,False
4094,3.70660000044154e-05,8.839800000259856e-05,6.004999988817872e-06,7.410000023355678e-06,8.098799997924289e-05,3.5660000037296413e-06,96,False
4095,3.737199997999596e-05,8.895799999208975e-05,6.6100000140068005e-06,8.028999985754126e-06,8.092900000633563e-05,3.456999991158227e-06,96,False
4096,3.6982000011676064e-05,8.825699998737946e-05,5.740000005971524e-06,7.67099999166021e-06,8.058599999571925e-05,3.4169999878486124e-06,96,False
4097,3.712299999847346e-05,0.00010769100001084553,6.5499999948315235e-06,7.392000014760924e-06,0.0001002989999960846,3.393000014284553e-06,96,False
4098,5.032199999277509e-05,9.930400000257578e-05,5.383000001302207e-06,8.519000004980626e-06,9.078499999759515e-05,4.305999993903242e-06,96,False
4099,3.803899997478766e-05,8.961000000340391e-05,5.791000006638569e-06,7.678000002897534e-06,8.193200000050638e-05,3.6840000063875777e-06,96,False
4100,3.768500002365727e-05,8.738899998661509e-05,5.3610000065873464e-06,6.9499999995059625e-06,8.043899998710913e-05,3.6319999878742237e-06,96,False
4101,3.753300001108073e-05,8.930200002055244e-05,5.646000005299356e-06,7.5119999962680595e-06,8.179000002428438e-05,3.6799999918457615e-06,96,False
4102,3.738699999189521e-05,8.747300000777614e-05,6.527000010692063e-06,7.108000005473514e-06,8.036500000230262e-05,3.5220000142999197e-06,96,False
4103,3.7689000009777374e-05,8.82709999814324e-05,8.86800000898802e-06,7.732999989684686e-06,8.053799999174771e-05,3.5580000030677184e-06,96,False
4104,5.5295999999316336e-05,9.698200000229917e-05,6.670000004760368e-06,8.273000020153631e-06,8.870899998214554e-05,4.122999996525323e-06,96,False
4105,3.905200000531295e-05,9.012900000016089e-05,6.323999997448482e-06,7.189999990941942e-06,8.293900000921894e-05,3.652999993164485e-06,96,False
4106,3.770100002498111e-05,8.97780000173043e-05,1.6951999981529298e-05,7.621000008839474e-06,8.215700000846482e-05,3.792000001112683e-06,96,False
4107,3.8623999984110924e-05,9.045699999887802e-05,6.472000023904911e-06,7.844999998951607e-06,8.261199999992641e-05,3.628000001754117e-06,96,False
4108,3.7792000000536063e-05,0.00016846900001610265,7.266000011441065e-06,6.506999997668572e-05,0.00010339900003941693,5.888000004006244e-06,96,False
4109,7.829000000469932e-05,0.0001011749999975109,6.968999997525316e-06,9.637999994538404e-06,9.153700000297249e-05,4.289000003154797e-06,96,False
4110,4.052099998830272e-05,9.100299999431627e-05,6.450000000768341e-06,7.721000002902656e-06,8.328199999141361e-05,3.5969999885310244e-06,96,False
4111,3.8805000002639645e-05,8.965200001398443e-05,6.471000006058603e-06,7.571999987021627e-06,8.208000002696281e-05,3.5050000235514744e-06,96,False
4112,3.785600000583145e-05,8.900099999209488e-05,6.151999997427993e-06,7.514999992963567e-06,8.148599999913131e-05,3.5399999944729643e-06,96,False
4113,4.0331999997533785e-05,8.821599999464524e-05,6.39499998555948e-06,7.167999996227081e-06,8.104799999841816e-05,3.4690000063619664e-06,96,False
4114,3.665900001692535e-05,8.814700001380515e-05,5.764000007957293e-06,7.28300000218951e-06,8.086400001161564e-05,3.612000000430271e-06,96,False
4115,0.00010665400000675618,0.00015806999999767868,7.0990000153869914e-06,1.2403000027916278e-05,0.0001456669999697624,5.296000011867363e-06,96,False
4116,4.1792999979861634e-05,9.201399998914894e-05,5.8180000053198455e-06,7.490999990977798e-06,8.452299999817114e-05,3.6410000063824555e-06,96,False
4117,3.803900000320937e-05,9.228200002553422e-05,5.9619999888127495e-06,7.685000014134857e-06,8.459700001139936e-05,3.4000000255218765e-06,96,False
4118,3.851700000723213e-05,8.7669999999207e-05,5.41399998610359e-06,7.335999981705754e-06,8.033400001750124e-05,3.523000003724519e-06,96,False
4119,3.763300000514391e-05,8.836699998937547e-05,5.759000003990877e-06,7.573999994292535e-06,8.079299999508294e-05,3.472000003057474e-06,96,False
4120,3.6923999999771695e-05,0.00010758799999166513,6.124999998746716e-06,1.0423000020409745e-05,9.716499997125538e-05,4.279999984646565e-06,96,False
4121,4.006100002129642e-05,8.791400000518479e-05,5.530000009912328e-06,7.414000009475785e-06,8.0499999995709e-05,3.491000001076827e-06,96,False
4122,3.697500000043874e-05,8.852199999864752e-05,5.651999998690371e-06,7.344000010789387e-06,8.117799998785813e-05,3.54499999843938e-06,96,False
4123,4.062600001475403e-05,8.789000000319902e-05,5.44799999602219e-06,7.3520000114513095e-06,8.053799999174771e-05,3.5789999799362704e-06,96,False
4124,3.688699999315759e-05,8.600099999966915e-05,5.477000001974375e-06,6.93000001206201e-06,7.907099998760714e-05,3.2910000129504624e-06,96,False
4125,3.697500000043874e-05,8.568900000227586e-05,5.63099999340011e-06,6.936000005453025e-06,7.875299999682284e-05,3.302999999732492e-06,96,False
4126,3.8371999977471205e-05,0.00048614299998916977,1.4827999990529861e-05,1.7584000005399503e-05,0.00046855899998377026,3.921699999409611e-05,96,False
4127,0.00032609500001967717,0.0002529249999838612,1.1621999988165044e-05,1.6302999995332357e-05,0.00023662199998852884,6.890999998176994e-06,96,False
4128,5.913199998985874e-05,0.00010666000000014719,6.960999996863393e-06,9.677999997848019e-06,9.698200000229917e-05,4.84499997810417e-06,96,False
4129,4.311099999654289e-05,9.338199998865093e-05,6.977999987611838e-06,8.188999998992585e-06,8.519299998965835e-05,3.868999982614696e-06,96,False
4130,4.086999999231011e-05,9.247700000969417e-05,5.963000006659058e-06,7.629999998925996e-06,8.484700001076817e-05,3.813999995827544e-06,96,False
4131,3.9512999990165554e-05,9.117700000160767e-05,6.224000003385299e-06,7.543000009491152e-06,8.363399999211651e-05,3.652999993164485e-06,96,False
4132,3.990499999417807e-05,0.00011968200001888363,6.323999997448482e-06,7.312000008141695e-06,0.00011237000001074193,3.4489999904963042e-06,96,False
4133,4.453399998283203e-05,9.554400000411079e-05,5.72199999737677e-06,8.268000016187216e-06,8.727599998792357e-05,4.222000001163906e-06,96,False
4134,3.7848999994594124e-05,8.910600001854618e-05,5.531999988761527e-06,7.143000004816713e-06,8.196300001372947e-05,3.595999999106425e-06,96,False
4135,3.683599999249054e-05,8.838899998409033e-05,4.341400000384965e-05,6.896999991568009e-06,8.149199999252232e-05,3.5030000162805663e-06,96,False
4136,4.1562999996358485e-05,9.232699997596683e-05,5.771999980197506e-06,7.954000011523021e-06,8.43729999644438e-05,3.716999998459869e-06,96,False
4137,3.804799999329589e-05,8.870100000990533e-05,5.935000018553183e-06,7.148000008783129e-06,8.15530000011222e-05,3.5930000024109177e-06,96,False
4138,3.759899999522531e-05,0.00012569900002290524,6.323000008023882e-06,2.3660000010750082e-05,0.00010203900001215516,5.9490000126061204e-06,96,False
4139,4.210299999840572e-05,9.140899999238172e-05,5.631999982824709e-06,7.851999981767221e-06,8.35570000106145e-05,3.608999975313054e-06,96,False
4140,3.869599999006823e-05,8.981900001003851e-05,5.511000011892975e-06,7.748000001583932e-06,8.207100000845458e-05,3.6239999872123008e-06,96,False
4141,4.0504999986978873e-05,0.0001219649999768535,2.383199998234886e-05,7.677000013472934e-06,0.00011428799996338057,3.428999974630642e-06,96,False
4142,5.570500002249901e-05,9.635399999297078e-05,5.788999999367661e-06,8.575000009614087e-06,8.77789999833567e-05,4.020999995191232e-06,96,False
4143,3.851400001053662e-05,9.046400001011534e-05,5.420000007916315e-06,7.546999995611259e-06,8.291700001450408e-05,3.555000006372211e-06,96,False
4144,6.662799998480295e-05,9.465700000532706e-05,6.1290000132885325e-06,8.100000002286833e-06,8.655700000304023e-05,4.254999993236197e-06,96,False
4145,3.7983999988000505e-05,8.916899997757355e-05,5.579000003308465e-06,7.894000020769454e-06,8.12749999568041e-05,3.3889999997427367e-06,96,False
4146,3.688300000703748e-05,8.828699998275624e-05,5.3610000065873464e-06,7.589999995616381e-06,8.069699998713986e-05,3.5580000030677184e-06,96,False
4147,5.074100002389059e-05,8.747800001174255e-05,5.679999986796247e-06,7.011000008105839e-06,8.046700000363671e-05,3.5569999852214096e-06,96,False
4148,3.741900002296461e-05,8.779199998798504e-05,5.616000009922573e-06,7.091999975727958e-06,8.070000001225708e-05,3.320000018902647e-06,96,False
4149,3.788600000120823e-05,8.733799998594804e-05,6.946999974388746e-06,7.458999988330106e-06,7.987899999761794e-05,3.753000015649377e-06,96,False
4150,7.601600000839426e-05,9.750199998848075e-05,7.115000016710837e-06,8.58300001027601e-06,8.891899997820474e-05,4.4070000058127334e-06,96,False
4151,3.870800000527197e-05,8.82709999814324e-05,6.297999988191805e-06,7.748000001583932e-06,8.052299997984846e-05,3.4370000037142745e-06,96,False
4152,3.729400000906935e-05,8.927400000402486e-05,6.501999990859986e-06,7.619999990993165e-06,8.165400001303169e-05,3.57900000835798e-06,96,False
4153,3.68870000215793e-05,8.748299998728726e-05,6.09800000006544e-06,7.080999978370528e-06,8.040200000891673e-05,3.4089999871866894e-06,96,False
4154,3.713399999583089e-05,8.731599999123318e-05,6.181000003380177e-06,7.082999985641436e-06,8.023300000559175e-05,3.5139999852162873e-06,96,False
4155,4.360900001643131e-05,8.748999999852458e-05,6.253999998762083e-06,7.052000000840053e-06,8.043799999768453e-05,3.528999997115534e-06,96,False
4156,3.7574000003814945e-05,8.659900001362075e-05,6.296999998767205e-06,7.090999986303359e-06,7.95080000273174e-05,3.444000014951598e-06,96,False
4157,3.832100000522587e-05,8.731799999850409e-05,5.567999977529325e-06,7.3709999810489535e-06,7.994700001745514e-05,3.4589999984291353e-06,96,False
4158,3.6956999991843986e-05,8.553999998639483e-05,5.819999984169044e-06,7.583000012800767e-06,7.795699997359407e-05,3.1760000069880334e-06,96,False
4159,3.7082999995163846e-05,0.00011017399998536348,6.240000004709145e-06,1.1086000000659624e-05,9.908799998470386e-05,4.4720000005327165e-06,96,False
4160,3.9568999994799015e-05,9.099300001480515e-05,5.794000003334077e-06,7.685000014134857e-06,8.330800000067029e-05,3.666999987217423e-06,96,False
4161,3.7196000022277076e-05,8.84450000171455e-05,6.30299999215822e-06,7.08900000745416e-06,8.135600000969134e-05,3.3400000063465995e-06,96,False
4162,3.7504000005128546e-05,8.815099999992526e-05,6.180000013955578e-06,7.43199998964883e-06,8.071900001027643e-05,3.5829999944780866e-06,96,False
4163,3.835100000060265e-05,8.794600000783248e-05,6.073999998079671e-06,7.183000008126328e-06,8.076299999970615e-05,3.5220000142999197e-06,96,False
4164,3.825199999596407e-05,0.00013042800000562238,8.578000006309594e-06,1.4072999988457013e-05,0.00011635500001716537,6.025000004683534e-06,96,False
4165,8.488800000350238e-05,0.00010776700000292294,7.350999993605001e-06,9.852000005139416e-06,9.791499999778353e-05,5.046000012498553e-06,96,False
4166,4.242299999646093e-05,9.235699999976532e-05,7.026999981007975e-06,7.791999991013654e-06,8.456500000875167e-05,3.7609999878895906e-06,96,False
4167,3.9281999988816096e-05,9.072000000287517e-05,6.477999988874217e-06,7.565999993630612e-06,8.315400000924456e-05,3.6330000057205325e-06,96,False
4168,3.7902999991956676e-05,9.072800000353709e-05,6.3379999915014196e-06,7.672999998931118e-06,8.305500000460597e-05,3.74999999053216e-06,96,False
4169,3.8350000011178054e-05,9.225700000570214e-05,6.581999997479215e-06,7.721000002902656e-06,8.453600000279948e-05,3.6270000123295176e-06,96,False
4170,3.722700000707846e-05,0.00013189200001306745,7.065999994892991e-06,7.323000005499125e-06,0.00012456900000756832,3.5159999924871954e-06,96,False
4171,4.359500002237837e-05,9.332599998401747e-05,6.310000003395544e-06,7.952000004252113e-06,8.537399997976536e-05,4.3180000091069815e-06,96,False
4172,3.847799999334711e-05,9.065099999361337e-05,5.489999978181004e-06,7.589999995616381e-06,8.306099999799699e-05,3.605000017614657e-06,96,False
4173,3.7732999999207095e-05,8.909500002118875e-05,5.735000002005108e-06,7.535999998253828e-06,8.155900002293492e-05,3.625999994483209e-06,96,False
4174,3.721199999517921e-05,8.900200000994118e-05,6.101999986185547e-06,7.323000005499125e-06,8.167900000444206e-05,3.4679999885156576e-06,96,False
4175,3.780999998070911e-05,8.900099999209488e-05,5.61900000661808e-06,7.301000010784264e-06,8.169999998131061e-05,3.4130000017285056e-06,96,False
4176,3.6446999985173534e-05,0.00011328800002274875,6.554999998797939e-06,7.479999993620368e-06,0.00010580800002912838,3.652999993164485e-06,96,False
4177,4.595900000481379e-05,9.389000001647219e-05,5.718000011256663e-06,8.446999999023319e-06,8.544300001744887e-05,4.43400000449401e-06,96,False
4178,3.862999997750194e-05,0.00012311399999020978,5.9490000126061204e-06,1.1009000019157611e-05,0.00011210499997105217,4.343999989941949e-06,96,False
4179,4.048799999623043e-05,9.231000001364009e-05,5.521999980828696e-06,8.793999995759805e-06,8.351600001788029e-05,3.965999979982371e-06,96,False
4180,4.213699997990261e-05,9.240700001100777e-05,5.39100000196413e-06,7.789000022739856e-06,8.461799998826791e-05,4.111999999167892e-06,96,False
4181,3.825500002108129e-05,8.782900002302085e-05,5.912000005992013e-06,7.703999983732501e-06,8.012500003928835e-05,3.6069999964638555e-06,96,False
4182,3.7492000018346516e-05,0.0001245939999989787,6.404000004067711e-06,2.1366999988003954e-05,0.00010322700001097473,5.978999979561195e-06,96,False
4183,4.0652999985013594e-05,9.787900000901573e-05,6.155999983548099e-06,8.234999995693215e-06,8.964400001332251e-05,3.6819999991166696e-06,96,False
4184,3.794799999923271e-05,8.840500001383589e-05,5.720000018527571e-06,6.904000002805333e-06,8.150100001103056e-05,3.682999988541269e-06,96,False
4185,3.853300000855597e-05,8.732999998528612e-05,5.6769999901007395e-06,7.2559999750865245e-06,8.00740000101996e-05,3.5489999845594866e-06,96,False
4186,3.745699999058161e-05,8.716299998923205e-05,5.176999991363118e-06,7.128000021339176e-06,8.003499996789287e-05,3.4880000043813197e-06,96,False
4187,4.087700000354744e-05,8.705100000838684e-05,5.431999994698344e-06,7.412000002204877e-06,7.963900000618196e-05,3.462999984549242e-06,96,False
4188,3.9055999991433055e-05,0.0001279059999887977,6.4009999789504946e-06,7.345000000213986e-06,0.00012056099998858372,3.377000012960707e-06,96,False
4189,4.3020999981990826e-05,9.230099999513186e-05,5.409000010558884e-06,7.987000003595313e-06,8.431399999153655e-05,3.6270000123295176e-06,96,False
4190,3.806099999792423e-05,8.698199999912504e-05,5.356000002620931e-06,7.140000008121206e-06,7.984199999100383e-05,3.4570000195799366e-06,96,False
4191,3.723699998658958e-05,8.623700000498502e-05,5.633999990095617e-06,6.991000020661886e-06,7.924599998432313e-05,3.4599999878537346e-06,96,False
4192,3.7391000006437025e-05,8.59859999877699e-05,5.12899998739158e-06,6.981000012729055e-06,7.900499997504085e-05,3.4130000017285056e-06,96,False
4193,3.7243000008402305e-05,8.62299999937477e-05,5.181000005904934e-06,7.322000016074526e-06,7.890799997767317e-05,3.450000008342613e-06,96,False
4194,3.614199999901757e-05,0.00012785199999143515,5.901999998059182e-06,7.385000003523601e-06,0.00012046699998791155,3.4539999944627198e-06,96,False
4195,4.618700000946774e-05,0.00010773799999697076,6.190999982891299e-06,9.5630000203073e-06,9.817499997666346e-05,4.5700000157467e-06,96,False
4196,4.31500000104279e-05,0.0001023020000161523,6.544000001440509e-06,8.459000014227058e-06,9.384300000192525e-05,4.015999991224817e-06,96,False
4197,4.304299997670569e-05,9.278499999254564e-05,5.591000018512204e-06,7.4699999856875365e-06,8.53150000068581e-05,3.413999991153105e-06,96,False
4198,3.70300000156476e-05,8.690399999977672e-05,5.246999990049517e-06,7.103000001507098e-06,7.980099999826962e-05,3.607999985888455e-06,96,False
4199,3.5601999996970335e-05,8.799400001180402e-05,5.40299998874616e-06,7.358999994266924e-06,8.06350000175371e-05,3.5169999819117947e-06,96,False
4200,3.696599998193051e-05,0.0001060260000258495,6.5769999935128e-06,1.0314000007838331e-05,9.571200001801117e-05,4.501000006484901e-06,96,False
4201,4.098999997381725e-05,9.016799998562419e-05,5.635000007941926e-06,7.672999998931118e-06,8.249499998669307e-05,3.609999993159363e-06,96,False
4202,3.869500000064363e-05,8.906299999011935e-05,5.788000009943062e-06,7.690000018101273e-06,8.137299997201808e-05,3.5829999944780866e-06,96,False
4203,3.639100000896178e-05,8.920899998088316e-05,5.452999999988606e-06,7.99000000029082e-06,8.121899998059234e-05,3.4859999971104116e-06,96,False
4204,3.7425000016355625e-05,8.83740000006128e-05,5.290999979479238e-06,7.871000008208284e-06,8.050299999240451e-05,3.3980000182509684e-06,96,False
4205,3.61879999957182e-05,8.67569999911666e-05,5.494999982147419e-06,7.748000001583932e-06,7.900899998958266e-05,3.233999990470693e-06,96,False
4206,3.5706000005575333e-05,0.00010576500000070155,5.768000022499109e-06,1.0140000000546934e-05,9.562500000015461e-05,4.42299997871487e-06,96,False
4207,4.022299998496237e-05,9.146699997586438e-05,6.036000002040964e-06,8.00099999764825e-06,8.346599997821613e-05,3.883000005089343e-06,96,False
4208,3.927899999212059e-05,8.909599998219164e-05,5.576000006612958e-06,7.93399999565736e-06,8.116199998653428e-05,3.4599999878537346e-06,96,False
4209,3.7414999980001085e-05,8.643000001029577e-05,5.084999997961859e-06,7.143000004816713e-06,7.928700000547906e-05,3.4960000050432427e-06,96,False
4210,3.634999998780586e-05,8.777499999723659e-05,5.441000013206576e-06,7.57999998768355e-06,8.019500000955304e-05,3.644000003077963e-06,96,False
4211,3.737500000511318e-05,0.00024846600001637853,8.196999999654508e-06,7.880999987719406e-06,0.00024058500002865912,3.4179999772732117e-06,96,False
4212,0.00033002600000031634,0.0002088269999944714,6.321099999695434e-05,2.4820999982466674e-05,0.00018400600001200473,9.586999993871359e-06,96,False
4213,8.211100001176419e-05,0.000148760999991282,8.954999998422863e-06,1.3659000018151346e-05,0.00013510199997313066,2.120199999922079e-05,96,False
4214,5.2503999995678896e-05,0.00011092700000858713,7.644999982403533e-06,1.0062999990623211e-05,0.00010086400001796392,4.247999981998873e-06,96,False
4215,4.7696999985191724e-05,0.00010351000000241584,7.159999995565158e-06,9.554999991223667e-06,9.395500001119217e-05,3.877000011698328e-06,96,False
4216,4.506999999875916e-05,0.00019790999999713677,1.3867999996364233e-05,8.341000011569122e-06,0.00018956899998556764,3.870000000461005e-06,96,False
4217,9.029500000679036e-05,0.00014338600001906343,8.528000023488858e-06,1.3846999991073972e-05,0.00012953900002798946,7.586999998920874e-06,96,False
4218,5.7897000004913934e-05,0.00011508399998660934,7.388000000219108e-06,1.0535000001254957e-05,0.00010454899998535438,4.759000006515635e-06,96,False
4219,4.93050000045514e-05,0.0001059580000060123,7.005000014714824e-06,9.550000015678961e-06,9.640799999033334e-05,4.232999998521336e-06,96,False
4220,4.677699999433571e-05,0.00010079899999482222,6.718999998156505e-06,8.55900000829024e-06,9.223999998653198e-05,3.98900002096525e-06,96,False
4221,4.434199999536759e-05,9.996800000067196e-05,6.819000020641397e-06,8.425000004308458e-06,9.15429999963635e-05,3.827000000455882e-06,96,False
4222,4.345299998931296e-05,9.677000002739078e-05,6.720000016002814e-06,8.151999992378478e-06,8.86180000350123e-05,3.7039999938315304e-06,96,False
4223,4.3225000013080717e-05,9.836600000312501e-05,7.833000012169578e-06,8.04600000492428e-06,9.031999999820073e-05,3.641999995807055e-06,96,False
4224,4.3889000011176904e-05,9.74159999884705e-05,5.629599999679158e-05,7.997000011528144e-06,8.941899997694236e-05,3.859999992528174e-06,96,False
4225,0.0001396909999868967,0.00018875099999604572,1.4432000000397238e-05,1.8387000011443888e-05,0.00017036399998460183,9.148000003733614e-06,96,False
4226,8.078900000896283e-05,0.0001285399999915171,8.2630000122208e-06,1.327800001149626e-05,0.00011526199998002085,5.447000006597591e-06,96,False
4227,5.0600999998096086e-05,0.00010777599999300946,7.195999984332957e-06,9.364999982608424e-06,9.841100001040104e-05,4.101000001810462e-06,96,False
4228,4.6853000014834834e-05,0.0001019830000075217,6.9210000219754875e-06,8.46999998316278e-06,9.351300002435892e-05,3.824999993184974e-06,96,False
4229,4.4106999979476313e-05,9.789700001761048e-05,6.947000002810455e-06,8.071999985759248e-06,8.982500003185123e-05,3.8050000057410216e-06,96,False
4230,4.320600001506136e-05,9.714800000892865e-05,6.51900001003014e-06,8.077999979150263e-06,8.907000002977838e-05,3.923999997823557e-06,96,False
4231,4.153099999371079e-05,0.00011857799998438168,6.447000004072834e-06,8.186000002297078e-06,0.0001103919999820846,3.6659999977928237e-06,96,False
4232,4.345700000385477e-05,0.00013397600000075727,6.810000002133165e-06,8.078000007571973e-06,0.0001258979999931853,3.803999987894713e-06,96,False
4233,4.61059999850022e-05,9.823799999253424e-05,5.83599998549289e-06,8.338000014873614e-06,8.989999997766063e-05,4.019000016342034e-06,96,False
4234,4.096499998240688e-05,9.464500001854503e-05,5.904999994754689e-06,8.52600001621795e-06,8.611900000232708e-05,3.921999990552649e-06,96,False
4235,3.96330000000944e-05,9.190700001227015e-05,6.049000006669303e-06,7.48899998370689e-06,8.441800002856326e-05,3.644000003077963e-06,96,False
4236,3.936900000667265e-05,0.00012438000001679939,6.663000021944754e-06,1.1381000007304465e-05,0.00011299900000949492,4.284999988612981e-06,96,False
4237,4.244499999117579e-05,9.317000001374254e-05,6.1499999901570845e-06,8.293000007597584e-06,8.487700000614495e-05,3.8040000163164223e-06,96,False
4238,3.912599999011945e-05,9.133200001087971e-05,7.185000015397236e-06,7.86399999697096e-06,8.346800001390875e-05,3.468999977940257e-06,96,False
4239,3.8383000003250345e-05,9.038400000349611e-05,6.744999978991473e-06,7.580000016105259e-06,8.280399998739085e-05,3.634999984569731e-06,96,False
4240,4.274500000178705e-05,9.275499999716885e-05,6.286000001409775e-06,7.444000004852569e-06,8.531099999231628e-05,3.765999991856006e-06,96,False
4241,3.860499998609157e-05,9.014399998363842e-05,5.788999999367661e-06,7.715000009511641e-06,8.242899997412678e-05,3.4859999971104116e-06,96,False
4242,3.8098999993962934e-05,8.956899998224799e-05,5.705999996052924e-06,7.688000010830365e-06,8.188099997141762e-05,3.264000014269186e-06,96,False
4243,3.782000001706365e-05,0.00012321700000939018,9.092000027521863e-06,7.356999986996016e-06,0.00011586000002239416,3.5729999865452555e-06,96,False
4244,9.029899999291047e-05,0.00011669600002051084,7.483999979740474e-06,1.2325000000146247e-05,0.00010437100002036459,5.2849999860882235e-06,96,False
4245,4.5097999986865034e-05,9.565199999883589e-05,6.175000009989162e-06,8.219999983793969e-06,8.743200001504192e-05,3.769999977976113e-06,96,False
4246,4.058900000813992e-05,9.451799999737887e-05,6.0140000073261035e-06,7.890000006227638e-06,8.662799999115123e-05,3.676999995150254e-06,96,False
4247,4.030700000612342e-05,9.318700000449098e-05,5.918999988807627e-06,7.569999979750719e-06,8.561700002474026e-05,3.428000013627752e-06,96,False
4248,3.982100000143873e-05,9.198500001161847e-05,6.616000007397815e-06,8.083000011538388e-06,8.390200000008008e-05,3.5420000017438724e-06,96,False
4249,3.921999999079162e-05,9.094799997910741e-05,5.877999996073413e-06,7.769000006874194e-06,8.317899997223321e-05,3.6730000090301473e-06,96,False
4250,3.870599999800106e-05,9.455200000729747e-05,5.730999987463292e-06,7.5380000055247365e-06,8.701400000177273e-05,3.825999982609574e-06,96,False
4251,3.837700000985933e-05,8.94309999921461e-05,5.4969999894183275e-06,7.458000027327216e-06,8.197299996481888e-05,3.585999991173594e-06,96,False
4252,3.799800001047515e-05,8.937999999147905e-05,5.453999989413205e-06,7.595999989007396e-06,8.178400000247166e-05,3.5299999865401332e-06,96,False
4253,3.841400001647344e-05,8.821899999134075e-05,5.6640000138941105e-06,7.480000022042077e-06,8.073899996929867e-05,3.5219999858782103e-06,96,False
4254,4.1482999989739255e-05,0.00010208599999828039,5.944999998064304e-06,7.32899999889014e-06,9.475699999939025e-05,3.652999993164485e-06,96,False
4255,3.8143000011814365e-05,8.885099998678925e-05,2.33869999988201e-05,7.47700002534657e-06,8.137399996144268e-05,3.3459999997376144e-06,96,False
4256,5.529099999534992e-05,9.819000001698441e-05,9.83699999324017e-06,8.876000009649943e-06,8.931400000733447e-05,4.262000004473521e-06,96,False
4257,5.070700001397199e-05,9.172400001489223e-05,6.648000010045507e-06,7.668999984389302e-06,8.405500003050292e-05,3.7609999878895906e-06,96,False
4258,3.8316000001259454e-05,8.825800000522577e-05,5.601999987447925e-06,7.164999999531574e-06,8.10930000056942e-05,3.587999998444502e-06,96,False
4259,3.7789999993265155e-05,8.770200000185469e-05,5.5959999940569105e-06,7.288000006155926e-06,8.041399999569876e-05,3.2899999951041536e-06,96,False
4260,3.756999998927313e-05,9.155300000429634e-05,6.9980000034775e-06,7.844000009527008e-06,8.370899999476933e-05,3.1660000274769118e-06,96,False
4261,7.08620000011706e-05,0.00010369499997864295,6.955000003472378e-06,1.0034000013092736e-05,9.366099996555022e-05,4.44500000185144e-06,96,False
4262,4.1145000011511e-05,9.057799999823146e-05,6.517000002759232e-06,7.802999988371084e-06,8.277500000986038e-05,3.437999993138874e-06,96,False
4263,3.9042999986804716e-05,8.744400000182395e-05,6.374999998115527e-06,7.2370000054888806e-06,8.020699999633507e-05,3.4550000123090285e-06,96,False
4264,3.7549000012404576e-05,8.820400000786321e-05,6.322000018599283e-06,7.551000010153075e-06,8.065299999771014e-05,3.565000014305042e-06,96,False
4265,3.776399998400848e-05,8.736699999190023e-05,6.721999994852013e-06,7.275999990952187e-06,8.009100000094804e-05,3.219999996417755e-06,96,False
4266,3.8122000006524104e-05,8.930900000336806e-05,6.227000000080807e-06,7.475999979078551e-06,8.18330000242895e-05,3.7890000044171757e-06,96,False
4267,5.204499998967549e-05,0.0001614859999961027,8.09200000162491e-06,3.3253999987437055e-05,0.00012823200000866564,7.0320000133961e-06,96,False
4268,4.548699999418204e-05,0.00010056200000008175,6.978000016033548e-06,8.968999992475801e-06,9.159300000760595e-05,3.7119999944934534e-06,96,False
4269,4.01970000041274e-05,9.037399999556328e-05,6.912999992891855e-06,7.958999987067727e-06,8.241500000849555e-05,3.4610000057000434e-06,96,False
4270,3.80159999906482e-05,8.809900000983362e-05,6.597000009378462e-06,7.788000004893547e-06,8.031100000494007e-05,3.43099998190155e-06,96,False
4271,3.760100000249622e-05,8.694100000639082e-05,6.518999981608431e-06,7.492999998248706e-06,7.944800000814212e-05,3.676999995150254e-06,96,False
4272,3.754200000116725e-05,8.861599999931968e-05,6.3880000027438655e-06,7.436000004190646e-06,8.117999999512904e-05,3.7449999865657446e-06,96,False
4273,3.767299998003182e-05,8.92170000099668e-05,6.315999996786559e-06,7.1279999929174664e-06,8.208900001704933e-05,3.716999998459869e-06,96,False
4274,3.853600000525148e-05,8.940700001858204e-05,6.63399998757086e-06,7.684999985713148e-06,8.172200003286889e-05,3.7769999892134365e-06,96,False
4275,3.750900000909496e-05,8.799100001510851e-05,6.544999990865108e-06,7.228000015402358e-06,8.076299999970615e-05,3.5340000010819494e-06,96,False
4276,3.77359999959026e-05,8.710099999120757e-05,6.097000010640841e-06,7.354000018722218e-06,7.974699997248536e-05,3.5299999865401332e-06,96,False
4277,3.70329999839214e-05,8.679900000174712e-05,6.3439999848924344e-06,6.614000000126907e-06,8.018500000162021e-05,3.644000003077963e-06,96,False
4278,4.933099998538637e-05,8.846699998343865e-05,6.37100001199542e-06,7.418999985020491e-06,8.104799999841816e-05,3.6659999977928237e-06,96,False
4279,3.802200001246092e-05,0.00011984699997924508,7.227999986980649e-06,6.976999998187239e-06,0.00011286999998105784,3.4349999964433664e-06,96,False
4280,4.2235999984541195e-05,9.437399998546425e-05,6.150999979581684e-06,7.980999981782588e-06,8.639300000368166e-05,3.891000005751266e-06,96,False
4281,3.780499997674269e-05,9.068899998965207e-05,6.1739999921428534e-06,7.578999998258951e-06,8.310999999139312e-05,3.6239999872123008e-06,96,False
4282,3.672400001164533e-05,9.27369999885741e-05,6.4349999888690945e-06,7.353000000875909e-06,8.538399998769819e-05,3.4310000103232596e-06,96,False
4283,4.087299998900562e-05,8.862699999667711e-05,5.743999992091631e-06,7.487000004857691e-06,8.113999999181942e-05,3.559999981916917e-06,96,False
4284,3.680599999711376e-05,8.859700000130033e-05,5.401999999321561e-06,7.70500000157881e-06,8.089199999972152e-05,3.480999993143996e-06,96,False
4285,3.65049999970779e-05,8.880700002578124e-05,5.586000014545789e-06,7.017000001496854e-06,8.179000002428438e-05,3.450000008342613e-06,96,False
4286,3.7128999991864475e-05,8.835399998474713e-05,5.393000009235038e-06,7.293000010122341e-06,8.106099997462479e-05,3.597000016952734e-06,96,False
4287,3.647200000500561e-05,8.687999999779095e-05,4.049499997904604e-05,7.5720000154433365e-06,7.930799998234761e-05,3.6980000004405156e-06,96,False
4288,4.1336000009550844e-05,9.013600001139821e-05,5.619999996042679e-06,7.687000021405765e-06,8.244899998999244e-05,3.7460000044120534e-06,96,False
4289,3.808299999263909e-05,8.818999998538857e-05,6.546999998136016e-06,7.439999990310753e-06,8.074999999507781e-05,3.703000004406931e-06,96,False
4290,3.702899999780129e-05,8.825899999465037e-05,6.421999984240756e-06,7.4670000174137385e-06,8.079199997723663e-05,3.3889999997427367e-06,96,False
4291,3.753599997935453e-05,8.783699999526107e-05,2.506600000629078e-05,7.339000006822971e-06,8.04979999884381e-05,3.480999993143996e-06,96,False
4292,5.3301000008332267e-05,9.585300000480856e-05,6.74800000410869e-06,8.704999999054053e-06,8.714800000575451e-05,4.316000001836073e-06,96,False
4293,3.7721999973427955e-05,9.089599998901576e-05,6.629000012026154e-06,7.699000008187795e-06,8.319699998082797e-05,3.3949999931337516e-06,96,False
4294,3.7504000005128546e-05,8.963400000538968e-05,6.033000005345457e-06,7.86500001481727e-06,8.176899999057241e-05,3.365999987181567e-06,96,False
4295,3.7517999999181484e-05,8.793000000650864e-05,5.542000025116067e-06,7.640999996283426e-06,8.028900001022521e-05,3.2389999944371084e-06,96,False
4296,3.597200000626799e-05,8.693999998854451e-05,5.528999992066019e-06,7.643999992978934e-06,7.929599999556558e-05,3.4619999951246427e-06,96,False
4297,3.935799998089351e-05,8.723300001634016e-05,6.8140000166749815e-06,7.450999987668183e-06,7.978200002867197e-05,3.2990000136123854e-06,96,False
4298,3.659700001890087e-05,8.71100000097158e-05,6.141000000070562e-06,6.896999991568009e-06,8.02130000181478e-05,3.2850000195594475e-06,96,False
4299,3.6626999985855946e-05,8.676599998125312e-05,5.985999990798518e-06,6.855999998833795e-06,7.990999998241932e-05,3.375000005689799e-06,96,False
4300,3.7197000011701675e-05,0.00031878199999368917,1.3970999987122923e-05,3.1018000015592406e-05,0.00028776399997809676,1.1293999989447912e-05,96,False
4301,9.426799999801005e-05,0.0001256170000090151,9.365000011030133e-06,1.1897000007365932e-05,0.00011372000000164917,5.548999979509972e-06,96,False
4302,5.1249999984293027e-05,0.000108103000002302,8.070999996334649e-06,9.31299999251678e-06,9.879000000978522e-05,4.144000001815584e-06,96,False
4303,4.679799999962597e-05,0.00010218400001349437,7.801999998946485e-06,8.576999988463285e-06,9.360700002503108e-05,4.01200000510471e-06,96,False
4304,4.435899998611603e-05,0.00010174999999890133,7.686000003559457e-06,8.919000009655065e-06,9.283099998924627e-05,4.176000004463276e-06,96,False
4305,4.484000001525601e-05,0.0001152069999932337,8.016000009547497e-06,1.0781999975506551e-05,0.00010442500001772714,4.895999978771215e-06,96,False
4306,4.618899998831694e-05,9.918500001049324e-05,7.1019999836607894e-06,8.143000002291956e-06,9.104200000820128e-05,4.214000000501983e-06,96,False
4307,4.312800001571304e-05,9.532100000342325e-05,6.961999986287992e-06,8.2299999917268e-06,8.709100001169645e-05,3.6550000004353933e-06,96,False
4308,4.105699997580814e-05,9.476799999674768e-05,7.13500000415479e-06,7.888999988381329e-06,8.687900000836635e-05,3.690999989203192e-06,96,False
4309,4.031699998563454e-05,9.290799999916999e-05,6.885000004785979e-06,7.76299998506147e-06,8.514500001410852e-05,3.947000010384727e-06,96,False
4310,3.992500001004373e-05,0.00011210700000674478,6.926999986944793e-06,7.890999995652237e-06,0.00010421600001109255,3.7160000090352696e-06,96,False
4311,5.727299998170565e-05,0.00010010899998746936,6.193999979586806e-06,8.898000004364803e-06,9.121099998310456e-05,4.41099999193284e-06,96,False
4312,4.0572000017391474e-05,9.312000000250009e-05,6.991000020661886e-06,7.92099999102902e-06,8.519900001147107e-05,3.803999987894713e-06,96,False
4313,4.089300000487128e-05,9.306900000183305e-05,6.726000009393829e-06,8.16000002146211e-06,8.490899998037094e-05,3.8999999958377884e-06,96,False
4314,4.0069999982961235e-05,9.78360000090106e-05,6.7909999756921025e-06,7.632999995621503e-06,9.02030000133891e-05,3.743000007716546e-06,96,False
4315,3.9498999996112616e-05,9.374000001116656e-05,6.9059999816545314e-06,8.333000010907199e-06,8.540700000025936e-05,3.5950000096818258e-06,96,False
4316,0.0006392239999968297,0.00017097899998930188,1.1903000000756947e-05,2.0054000003710826e-05,0.00015092499998559106,7.505000013452445e-06,96,False
4317,5.647399999020308e-05,9.979900002576869e-05,7.27200000483208e-06,8.899999983214002e-06,9.089900004255469e-05,4.1790000011587836e-06,96,False
4318,5.776100002208295e-05,0.00013291700000195306,9.116999990510521e-06,1.3112000004866786e-05,0.00011980499999708627,5.775000005314723e-06,96,False
4319,4.757499999641368e-05,9.737400000631169e-05,7.2269999975560495e-06,8.98100000767954e-06,8.839299999863215e-05,3.969999994524187e-06,96,False
4320,4.013599999552753e-05,9.16489999838177e-05,7.185000015397236e-06,7.870000018783685e-06,8.377899996503402e-05,3.397999989829259e-06,96,False
4321,4.0003000009392053e-05,9.061400001542097e-05,6.75900000146612e-06,7.768000017449594e-06,8.284599999797138e-05,3.4539999944627198e-06,96,False
4322,3.997399997501816e-05,8.96429999954762e-05,6.487999996807048e-06,7.173000000193497e-06,8.24699999952827e-05,3.612000000430271e-06,96,False
4323,3.8850000009915675e-05,0.00011807300001009935,7.280000005494003e-06,7.175999996889004e-06,0.00011089700001321035,3.5940000202572264e-06,96,False
4324,4.661900001678987e-05,9.402800000657408e-05,6.670999994184967e-06,8.17200000824414e-06,8.585599999832993e-05,4.281000002492874e-06,96,False
4325,4.387499998870226e-05,9.0626000002203e-05,6.14399999676607e-06,7.544999988340351e-06,8.308100001386265e-05,3.642999985231654e-06,96,False
4326,3.894699997886164e-05,0.00010696600000414946,6.751000000804197e-06,7.720000013478057e-06,9.924599999067141e-05,3.781999993179852e-06,96,False
4327,4.9073000013777346e-05,9.453999999209373e-05,6.536999990203185e-06,8.102999998982341e-06,8.643699999311139e-05,4.361000009112104e-06,96,False
4328,3.939000001196291e-05,9.059300001013071e-05,6.669000015335769e-06,7.458000027327216e-06,8.313499998280349e-05,3.491000001076827e-06,96,False
4329,3.839699999730328e-05,0.00012550299999247727,7.1460000015122205e-06,1.0990999982141147e-05,0.00011451200001033612,4.30800000117415e-06,96,False
4330,4.107000000885819e-05,9.149000001684726e-05,6.355000010671574e-06,7.586000009496274e-06,8.390400000735099e-05,3.648999978622669e-06,96,False
4331,3.8383000003250345e-05,9.057900001607777e-05,6.441000010681819e-06,7.599999975127503e-06,8.297900004095027e-05,3.773999992517929e-06,96,False
4332,3.811400000586218e-05,8.790600000452287e-05,6.4140000120005425e-06,7.1010000226578995e-06,8.080499998186497e-05,3.2229999931132625e-06,96,False
4333,3.726799999981267e-05,9.024799999224342e-05,5.497000017840037e-06,7.558000021390399e-06,8.268999997085302e-05,3.434000007018767e-06,96,False
4334,3.8098000004538335e-05,8.789099999262362e-05,5.58499999669948e-06,7.170999992922589e-06,8.071999999970103e-05,3.5420000017438724e-06,96,False
4335,3.6558999994440455e-05,0.00012612199998329743,6.017000004021611e-06,1.170600000932609e-05,0.00011441599997397134,4.874000012478064e-06,96,False
4336,4.054199999359298e-05,9.053799999492185e-05,5.563000001984619e-06,7.919000012179822e-06,8.261899998274203e-05,3.6250000050586095e-06,96,False
4337,3.728600000840743e-05,8.785399998600951e-05,5.466999994041544e-06,7.278999987647694e-06,8.057499999836182e-05,3.3500000142794306e-06,96,False
4338,3.669299999842224e-05,8.784499999592299e-05,5.5490000079316815e-06,7.300000021359665e-06,8.054499997456332e-05,3.4919999905014265e-06,96,False
4339,3.774299997871822e-05,9.085299998901064e-05,5.586000014545789e-06,7.100000004811591e-06,8.375299998419905e-05,3.668999994488331e-06,96,False
4340,3.8211000003229856e-05,8.944799998289454e-05,5.837000003339199e-06,7.5140000035389676e-06,8.193399997935558e-05,3.591999984564609e-06,96,False
4341,3.6991999991187186e-05,0.0001425650000044243,6.16699998090553e-06,7.062999998197483e-06,0.0001355020000062268,3.640000016957856e-06,96,False
4342,4.2145999998410844e-05,9.286299999189396e-05,5.826999995406368e-06,8.18300000560157e-06,8.467999998629239e-05,3.7340000176300236e-06,96,False
4343,3.8861000007273105e-05,9.026800000810908e-05,5.568999995375634e-06,7.785999997622639e-06,8.248200001048644e-05,3.612000000430271e-06,96,False
4344,3.8393000011183176e-05,8.858399999667199e-05,5.421999986765513e-06,7.5589999823932885e-06,8.10250000142787e-05,3.454999983887319e-06,96,False
4345,3.749699999389122e-05,9.212300000172036e-05,5.442999992055775e-06,7.2950000173932494e-06,8.482799998432711e-05,3.7060000011024385e-06,96,False
4346,4.102400001215756e-05,0.00010817700001553021,7.742000008192917e-06,9.420999987241885e-06,9.875600002828833e-05,3.638000009686948e-06,96,False
4347,4.649499999231921e-05,0.00010354699998060823,5.882000010615229e-06,1.0093000014421705e-05,9.345399996618653e-05,4.38800000779338e-06,96,False
4348,3.974200001266581e-05,9.141300000692354e-05,5.697999995391001e-06,7.974999988391573e-06,8.343800001853197e-05,3.845999998475236e-06,96,False
4349,3.7220999985265735e-05,8.87260000013157e-05,5.321999992702331e-06,7.606999986364826e-06,8.111900001495087e-05,3.520999996453611e-06,96,False
4350,3.724600000509781e-05,8.821800000191615e-05,5.401000009896961e-06,7.213000003503112e-06,8.100499999841304e-05,3.3059999964279996e-06,96,False
4351,3.715900001566297e-05,8.794199999329066e-05,5.323999999973239e-06,7.417000006171293e-06,8.052499998711937e-05,3.458000009004536e-06,96,False
4352,3.6227000009603216e-05,8.864299999800096e-05,5.751999992753554e-06,7.520999986354582e-06,8.112200001164638e-05,3.5260000004200265e-06,96,False
4353,3.6992999980611785e-05,0.00011480000000574364,6.681999991542398e-06,1.0876999994025027e-05,0.00010392300001171861,4.533000009132593e-06,96,False
4354,4.1073000005553695e-05,9.17170000036549e-05,5.85899999805406e-06,7.686999992984056e-06,8.403000001067085e-05,3.603999999768348e-06,96,False
4355,3.829400000654459e-05,8.99229999902218e-05,5.906000012600998e-06,7.5509999817313656e-06,8.237200000849043e-05,3.858000013678975e-06,96,False
4356,5.453700001112338e-05,9.974400001055983e-05,5.738999988125215e-06,9.895000005144539e-06,8.984900000541529e-05,4.288000013730198e-06,96,False
4357,3.997200002459067e-05,0.00011107900002116367,6.167000009327239e-06,8.097999995015925e-06,0.00010298100002614774,3.664999979946515e-06,96,False
4358,4.44860000072822e-05,9.332100000847277e-05,5.962000017234459e-06,7.748000001583932e-06,8.557300000688883e-05,4.09199998330223e-06,96,False
4359,3.7357999985943025e-05,8.958099999745173e-05,5.255999980136039e-06,7.452999994939091e-06,8.212800000251264e-05,3.6289999911787163e-06,96,False
4360,3.6934999997129125e-05,8.743700001900834e-05,5.356000002620931e-06,7.1250000246436684e-06,8.031199999436467e-05,3.490000011652228e-06,96,False
4361,3.6957999981268586e-05,0.00010751799999297873,5.7475000005524635e-05,9.572999999818421e-06,9.794499999316031e-05,3.993999996509956e-06,96,False
4362,6.634900000790367e-05,0.00011523099999521946,7.027999998854284e-06,9.725000012394958e-06,0.0001055059999828245,4.724999996597035e-06,96,False
4363,4.116099998441314e-05,0.00010372599999186605,6.718000008731906e-06,8.868999998412619e-06,9.485699999345343e-05,4.042000000481494e-06,96,False
4364,4.0616999996245795e-05,9.135300001616997e-05,5.802999993420599e-06,7.367000023350556e-06,8.398599999281942e-05,3.84099999450882e-06,96,False
4365,3.78050000051644e-05,8.906800002250748e-05,5.52800000264142e-06,7.3239999949237244e-06,8.174400002758375e-05,3.3940000037091522e-06,96,False
4366,3.7402000003794456e-05,8.693099999845799e-05,5.580999982157664e-06,7.155999981023342e-06,7.977500001743465e-05,3.4509999977672123e-06,96,False
4367,3.6980000004405156e-05,0.00013234499999725813,5.982999994103011e-06,1.1134999994055761e-05,0.00012121000000320237,4.610999980059205e-06,96,False
4368,4.057600000351158e-05,9.11909999956606e-05,5.7630000185326935e-06,7.872999987057483e-06,8.331800000860312e-05,3.67000001233464e-06,96,False
4369,3.7631999987297604e-05,8.842299999400893e-05,5.492999974876511e-06,7.5140000035389676e-06,8.090899999046997e-05,3.816000003098452e-06,96,False
4370,3.7710000015067635e-05,8.977900000672889e-05,5.594000015207712e-06,7.08999999687876e-06,8.268900000985013e-05,3.5019999984342576e-06,96,False
4371,3.704599998854974e-05,8.771800000317853e-05,5.677000018522449e-06,7.135999993579389e-06,8.058200000959914e-05,3.484000018261213e-06,96,False
4372,3.616300000430783e-05,8.69330000057289e-05,5.261000012524164e-06,6.7119999869191815e-06,8.022100001880972e-05,3.429999992476951e-06,96,False
4373,3.75239999925725e-05,0.00012668699997675503,5.813999990778029e-06,2.625999999850137e-05,0.00010042699997825366,5.538000010574251e-06,96,False
4374,4.0333999976382984e-05,9.105300000555872e-05,5.1930000211086735e-06,7.950999986405805e-06,8.310200001915291e-05,3.7429999792948365e-06,96,False
4375,3.798699998469601e-05,8.915400002251772e-05,5.210000011857119e-06,7.512000024689769e-06,8.164199999782795e-05,3.6499999964689778e-06,96,False
4376,3.778100000317863e-05,8.796700001312274e-05,5.251000004591333e-06,7.653000011487165e-06,8.031400000163558e-05,3.571999997120656e-06,96,False
4377,3.6526000002368164e-05,8.852999999930944e-05,5.6509999808440625e-06,7.689999989679563e-06,8.084000000962988e-05,3.483000000414904e-06,96,False
4378,4.015499999354688e-05,8.670700000834586e-05,5.675000011251541e-06,7.341000014093879e-06,7.936599999425198e-05,3.5079999918252724e-06,96,False
4379,3.6262000008946416e-05,0.0002004199999987577,6.777999999485473e-06,7.134000014730191e-06,0.0001932859999840275,3.437999993138874e-06,96,False
4380,4.393699998672673e-05,9.480899998948189e-05,5.883000000039829e-06,8.318999988432552e-06,8.649000000104934e-05,4.144999991240184e-06,96,False
4381,3.896800001257361e-05,0.00012891100001866107,6.216999992147976e-06,7.67000000223561e-06,0.00012124100001642546,3.4960000050432427e-06,96,False
4382,4.743700000631179e-05,9.345999998799925e-05,5.6400000119083415e-06,8.017999988396696e-06,8.544199999960256e-05,4.09200001172394e-06,96,False
4383,3.759099999456339e-05,8.916699999872435e-05,5.527000013216821e-06,7.90999999367159e-06,8.125700000505276e-05,3.507000002400673e-06,96,False
4384,3.787600002169711e-05,0.00012212800001520918,6.302000002733621e-06,7.532000012133722e-06,0.00011459600000307546,3.634999984569731e-06,96,False
4385,4.34689999906368e-05,9.342199999196055e-05,5.568000005951035e-06,8.097000005591326e-06,8.532499998636922e-05,4.024999981311339e-06,96,False
4386,3.764499999192594e-05,8.970799999019619e-05,5.703999988782016e-06,7.7729999929943e-06,8.193499999720188e-05,3.4370000037142745e-06,96,False
4387,3.648300000236304e-05,9.949300002176642e-05,5.385000008573115e-06,7.334999992281155e-06,9.215800002948527e-05,1.4227000008304458e-05,96,False
4388,3.729400000906935e-05,8.78859999886572e-05,5.3739999827939755e-06,7.2610000074746495e-06,8.062499998118255e-05,3.5600000103386265e-06,96,False
4389,3.7117000005082446e-05,8.719200002360594e-05,5.412000007254392e-06,7.161000013411467e-06,8.003100001019448e-05,3.5219999858782103e-06,96,False
4390,3.6615999988498515e-05,0.00010905799999250121,6.2289999789300055e-06,7.125999985646558e-06,0.00010193200000685465,3.345000010313015e-06,96,False
4391,4.848599999718317e-05,0.0003072850000194194,1.3473000024077919e-05,3.5213000018075036e-05,0.00027207200000134435,1.2292999997498555e-05,96,False
4392,7.320800000343297e-05,0.0001204859999859309,8.379999997032428e-06,1.1084000021810425e-05,0.00010940199996412048,4.826999997931125e-06,96,False
4393,5.286199998977281e-05,0.0001479860000017652,8.025999989058619e-06,9.41400000442627e-06,0.00013857199999733893,4.113000017014201e-06,96,False
4394,5.101499999682346e-05,0.00010435400000119444,7.3420000035184785e-06,9.216999984573704e-06,9.513700001662073e-05,4.0980000051149545e-06,96,False
4395,4.418999998279105e-05,9.87879999740926e-05,6.432999981598186e-06,8.314000012887846e-06,9.047399996120475e-05,3.85200002028796e-06,96,False
4396,4.650599998967664e-05,9.655700000621437e-05,6.352000013976067e-06,8.064000013519035e-06,8.849299999269533e-05,3.6799999918457615e-06,96,False
4397,4.0821999988338575e-05,9.432400000264352e-05,7.672000009506519e-06,7.960000004914036e-06,8.636399999772948e-05,3.5220000142999197e-06,96,False
4398,4.0457000011429045e-05,9.255599999846709e-05,6.117999987509393e-06,7.737000004226502e-06,8.481899999424058e-05,3.6559999898599926e-06,96,False
4399,0.00011853000000883185,0.00019730299999309864,1.4547999995784267e-05,2.3612999996203143e-05,0.0001736899999968955,9.696999995867372e-06,96,False
4400,7.545500000105676e-05,0.00012678999999593543,8.98100000767954e-06,1.219600000013088e-05,0.00011459399999580455,5.695999988120093e-06,96,False
4401,4.776999998057363e-05,0.0001034309999852212,7.240000002184388e-06,9.30100000573475e-06,9.412999997948646e-05,4.337999996550934e-06,96,False
4402,4.37489999853824e-05,9.944100000325307e-05,7.570000008172428e-06,8.860000008326097e-06,9.058099999492697e-05,4.031000003124063e-06,96,False
4403,4.545500001995606e-05,0.00011614799998937997,6.976999998187239e-06,8.516000008285118e-06,0.00010763199998109485,3.7949999978081905e-06,96,False
4404,4.422199998543874e-05,9.69939999890812e-05,6.702999996832659e-06,8.921000016925973e-06,8.807299997215523e-05,3.913000000466127e-06,96,False
4405,4.13540000181456e-05,9.400999999797932e-05,7.245999995575403e-06,8.062999995672726e-06,8.59470000023066e-05,3.815000013673853e-06,96,False
4406,4.002900001864873e-05,9.190500000499924e-05,6.934999987606716e-06,7.573999994292535e-06,8.43310000107067e-05,3.6730000090301473e-06,96,False
4407,3.862999997750194e-05,0.00013841000000525128,7.326999991619232e-06,1.1622000016586753e-05,0.00012678799998866452,4.418999992594763e-06,96,False
4408,4.2898000003788184e-05,9.519500000010339e-05,6.642999977657382e-06,8.100999991711433e-06,8.709400000839196e-05,3.867000003765497e-06,96,False
4409,4.082600000288039e-05,9.320399999523943e-05,5.932000021857675e-06,7.651000004216257e-06,8.555299999102317e-05,3.848000005746144e-06,96,False
4410,4.7819000002391476e-05,9.453600000597362e-05,6.412000004729634e-06,7.815999992999423e-06,8.67200000129742e-05,3.789999993841775e-06,96,False
4411,4.0436000006138784e-05,9.137999998642954e-05,6.05299999278941e-06,7.605999996940227e-06,8.377399998948931e-05,3.8089999918611284e-06,96,False
4412,3.995399998757421e-05,9.032700000943805e-05,6.065999997417748e-06,7.5749999837171345e-06,8.275200002572092e-05,3.933999977334679e-06,96,False
4413,3.851200000326571e-05,8.972399999152003e-05,5.896000004668167e-06,7.639000017434228e-06,8.20849999740858e-05,3.684999995812177e-06,96,False
4414,3.837999997813313e-05,8.972200001267083e-05,6.0509999855185015e-06,7.578999998258951e-06,8.214300001441188e-05,3.431999999747859e-06,96,False
4415,3.84360000111883e-05,9.054200000946366e-05,6.022999997412626e-06,7.377000002861678e-06,8.316500000660199e-05,3.6579999971309007e-06,96,False
4416,6.64650000032907e-05,9.840299998131741e-05,6.117999987509393e-06,8.93600000040351e-06,8.94669999809139e-05,4.112999988592492e-06,96,False
4417,3.920000000334767e-05,8.966799998688657e-05,5.372999993369376e-06,7.4939999876733054e-06,8.217399999921327e-05,3.648999978622669e-06,96,False
4418,3.740700000776087e-05,8.872000000792468e-05,5.563000001984619e-06,7.498000002215122e-06,8.122200000570956e-05,3.781999993179852e-06,96,False
4419,5.922500000110631e-05,0.00010099200000013298,5.849999979545828e-06,1.036100002238527e-05,9.06309999777477e-05,4.115999985287999e-06,96,False
4420,4.003099999749793e-05,8.96759999875485e-05,5.426999990731929e-06,7.484999997586783e-06,8.219099998996171e-05,3.5179999997581035e-06,96,False
4421,3.724999999121792e-05,8.906100001127015e-05,5.604999984143433e-06,7.94400000359019e-06,8.111700000767996e-05,3.375999995114398e-06,96,False
4422,3.7755000022343665e-05,8.829699999068907e-05,5.6740000218269415e-06,7.674999977780317e-06,8.062200001290876e-05,3.4009999865247664e-06,96,False
4423,3.754400000843816e-05,8.772200001772035e-05,5.50599997950485e-06,7.44300001542797e-06,8.027900000229238e-05,3.126999985170187e-06,96,False
4424,4.03029999915816e-05,8.902399997623434e-05,5.450999992717698e-06,7.743999987042116e-06,8.127999998919222e-05,3.5509999918303947e-06,96,False
4425,7.78930000251421e-05,0.00011368899998842608,8.569000016223072e-06,1.0802000019793923e-05,0.00010288699996863215,5.738999988125215e-06,96,False
4426,4.3854000011833705e-05,0.0002481039999793211,9.709000011071112e-06,8.215000008249262e-06,0.00023988899997107183,3.7860000077216682e-06,96,False
4427,5.818400001089685e-05,0.00010590799999476985,6.536999990203185e-06,9.102999996457584e-06,9.680499999831227e-05,5.35700002046724e-06,96,False
4428,4.131800000095609e-05,9.296100000710794e-05,6.085999984861701e-06,8.018000016818405e-06,8.494299999028954e-05,3.597000016952734e-06,96,False
4429,3.9009000005307826e-05,0.00012809300000071744,6.29199999480079e-06,8.18400002344788e-06,0.00011990899997726956,3.5500000024057954e-06,96,False
4430,4.456299998878421e-05,9.370300000455245e-05,5.821999991439952e-06,8.345999987113828e-06,8.535700001743862e-05,3.7769999892134365e-06,96,False
4431,3.895500000794527e-05,8.934400000271125e-05,6.087999992132609e-06,7.543999998915751e-06,8.18000000037955e-05,3.5319999938110413e-06,96,False
4432,3.937899998618377e-05,9.001800000874027e-05,5.821000002015353e-06,7.88699998111042e-06,8.213100002762985e-05,3.648000017619779e-06,96,False
4433,3.722700000707846e-05,8.984000001532877e-05,5.362999985436545e-06,7.502000016756938e-06,8.233799999857183e-05,3.708999997797946e-06,96,False
4434,3.8917000011906566e-05,8.853199997815864e-05,5.4440000099020835e-06,7.355000008146817e-06,8.117699997001182e-05,3.523000003724519e-06,96,False
4435,3.675499999644671e-05,0.00013875799999141236,8.010000016156482e-06,1.6147000025057423e-05,0.00012261099996635494,7.92200000887533e-06,96,False
4436,4.7694999977920816e-05,9.759800002484553e-05,6.1290000132885325e-06,8.815999990474666e-06,8.878200003437087e-05,4.318999998531581e-06,96,False
4437,3.963000000339889e-05,9.17499999957272e-05,5.606000001989742e-06,7.540000012795645e-06,8.420999998293155e-05,3.827000000455882e-06,96,False
4438,3.8041000010480275e-05,9.692899999436122e-05,6.589999998141138e-06,7.844999998951607e-06,8.908399999540961e-05,3.6859999852367764e-06,96,False
4439,3.87190000026294e-05,8.975899999086323e-05,5.795999982183275e-06,7.8089999817621e-06,8.195000000910113e-05,3.7400000110210385e-06,96,False
4440,3.767000001175802e-05,9.026999998695828e-05,4.426800001056108e-05,7.971000002271467e-06,8.229899998468682e-05,3.5469999772885785e-06,96,False
4441,0.00010254000000031738,0.00011208000000806351,8.669000010286254e-06,1.0652000014488294e-05,0.00010142799999357521,5.5279999742197106e-06,96,False
4442,4.933300002107899e-05,9.742299999970783e-05,6.2440000192509615e-06,8.83300000964482e-06,8.8589999990063e-05,4.199000017024446e-06,96,False
4443,3.950499998950363e-05,9.328299998401235e-05,6.055000000060318e-06,8.355999995046659e-06,8.492699998896569e-05,3.735000007054623e-06,96,False
4444,3.77700000058212e-05,9.12969999831148e-05,5.56200001256002e-06,7.906999996976083e-06,8.338999998613872e-05,3.7019999865606223e-06,96,False
4445,3.809399998999652e-05,8.849099998542442e-05,5.5149999980130815e-06,7.943000014165591e-06,8.054799997125883e-05,3.682999988541269e-06,96,False
4446,3.779399997938526e-05,8.768400002168164e-05,5.458000003955021e-06,7.337999988976662e-06,8.034600003270498e-05,3.6340000235668413e-06,96,False
4447,3.688499998588668e-05,8.76000000005206e-05,5.259000005253256e-06,7.303000018055172e-06,8.029699998246542e-05,3.5060000129760738e-06,96,False
4448,3.616999998712345e-05,0.00014001499999949374,6.267000003390422e-06,7.035999999516207e-06,0.00013297899999997753,3.4859999971104116e-06,96,False
4449,4.278999998064137e-05,9.24180000083652e-05,5.6039999947188335e-06,8.28700001420657e-06,8.413099999415863e-05,3.775000010364238e-06,96,False
4450,3.9624999999432475e-05,9.077999999362873e-05,5.546000011236174e-06,7.569999979750719e-06,8.321000001387802e-05,3.958000007742157e-06,96,False
4451,3.8861999996697705e-05,8.883500001388711e-05,5.4520000105640065e-06,7.594999999582797e-06,8.124000001430431e-05,3.634999984569731e-06,96,False
4452,3.7185999985922535e-05,0.00011818299998367365,6.495999997468971e-06,7.234000008793373e-06,0.00011094899997488028,3.541000012319273e-06,96,False
4453,5.0418000000718166e-05,9.458700000664066e-05,5.324999989397838e-06,8.264999991069999e-06,8.632200001557067e-05,4.333999982009118e-06,96,False
4454,3.7950999995928214e-05,8.800999998470616e-05,5.490000006602713e-06,7.285000009460418e-06,8.072499997524574e-05,3.731999981937406e-06,96,False
4455,3.653300001360549e-05,8.606400001553993e-05,5.342000008567993e-06,7.050999982993744e-06,7.901300003254619e-05,3.2309999937751854e-06,96,False
4456,3.662000000304033e-05,8.750099999588201e-05,5.409000010558884e-06,7.61399999760215e-06,7.988699999827986e-05,3.3649999977569678e-06,96,False
4457,3.638399999772446e-05,8.66160000043692e-05,5.392999980813329e-06,7.160999984989758e-06,7.945500001937944e-05,3.4470000116471056e-06,96,False
4458,3.635900000631409e-05,8.774099998731799e-05,5.428999998002837e-06,6.973000012067132e-06,8.076799997525086e-05,3.448000001071705e-06,96,False
4459,3.636099998516329e-05,8.75320000091051e-05,5.432999984122944e-06,6.74700001468409e-06,8.078499999442101e-05,3.587999998444502e-06,96,False
4460,3.6922000020922496e-05,8.595200000627301e-05,5.198999986077979e-06,6.670000004760368e-06,7.928200000151264e-05,3.4800000037193968e-06,96,False
4461,3.7276999989899195e-05,8.627100001490362e-05,5.234000013842888e-06,7.1039999909316975e-06,7.916700002397192e-05,3.5030000162805663e-06,96,False
4462,3.7119000012353354e-05,8.590800001684329e-05,5.325000017819548e-06,6.765999984281734e-06,7.914200003256155e-05,3.6510000143152865e-06,96,False
4463,3.591399999436362e-05,0.00011228200000346078,6.3410000166186364e-06,6.753000008075105e-06,0.00010552899999538567,3.51099998852078e-06,96,False
4464,4.661899998836816e-05,9.327799998004593e-05,5.230999988725671e-06,8.031000021446744e-06,8.524699995859919e-05,4.181000008429692e-06,96,False
4465,3.7161000022933877e-05,8.84819999953379e-05,7.2450000061508035e-06,7.573000004867936e-06,8.090899999046997e-05,3.6389999991115474e-06,96,False
4466,3.723500000774038e-05,8.664099999577957e-05,5.331000011210563e-06,7.017000001496854e-06,7.962399999428271e-05,3.721000013001685e-06,96,False
4467,4.103200001281948e-05,8.835600002043975e-05,5.827999984830967e-06,7.164999999531574e-06,8.119100002090818e-05,3.7270000063927e-06,96,False
4468,3.72400000117068e-05,8.792299999527131e-05,5.342999997992592e-06,7.207000010112097e-06,8.071599998515921e-05,3.6219999799413927e-06,96,False
4469,3.683099998852413e-05,8.578399999237263e-05,5.146000006561735e-06,6.939000002148532e-06,7.88449999902241e-05,3.5809999872071785e-06,96,False
4470,3.5281000009490526e-05,8.644700000104422e-05,5.464000025767746e-06,6.9079999889254395e-06,7.953900001211878e-05,3.474000010328382e-06,96,False
4471,3.644999998186904e-05,8.563899999103342e-05,5.0419999979567365e-06,6.9339999981821165e-06,7.87049999928513e-05,3.403000022217384e-06,96,False
4472,3.66449999944507e-05,8.69710000017676e-05,5.2139999979772256e-06,7.356000025993126e-06,7.961499997577448e-05,3.7820000216015615e-06,96,False
4473,3.55539999929988e-05,0.00010147599999754675,5.5330000066078355e-06,7.688000010830365e-06,9.378799998671639e-05,3.43099998190155e-06,96,False
4474,3.704700000639605e-05,8.526999999958207e-05,5.270000002610686e-06,6.834000004118934e-06,7.843599999546313e-05,3.343000003042107e-06,96,False
4475,3.6717000000408007e-05,8.645500000170614e-05,5.53899999999885e-06,6.767000002128043e-06,7.96879999995781e-05,3.458000009004536e-06,96,False
4476,3.6080000000993095e-05,0.00012336000000345848,6.011000010630596e-06,2.4576000015485988e-05,9.878399998797249e-05,6.027000011954442e-06,96,False
4477,4.031500000678534e-05,9.029100002067025e-05,5.4159999933744984e-06,7.871999997632884e-06,8.241900002303737e-05,3.6550000004353933e-06,96,False
4478,3.743499999586675e-05,9.026499998299187e-05,5.606000001989742e-06,7.660999983727379e-06,8.260399999926449e-05,3.705000011677839e-06,96,False
4479,3.689300001497031e-05,8.685399998853427e-05,5.32299998212693e-06,7.4599999777547055e-06,7.939400001077956e-05,3.4930000083477353e-06,96,False
4480,3.624600000762257e-05,8.810900001776645e-05,6.909000006771748e-06,7.312999997566294e-06,8.079600002020015e-05,3.4070000083374907e-06,96,False
4481,4.0730000023359025e-05,8.688899998787747e-05,6.608000006735892e-06,7.24999998169551e-06,7.963900000618196e-05,3.4690000063619664e-06,96,False
4482,3.690599999117694e-05,8.64400000182286e-05,6.366000008029005e-06,6.831999996848026e-06,7.960800002138058e-05,3.719000005730777e-06,96,False
4483,3.609800000958785e-05,8.646099999509715e-05,6.23400001131813e-06,6.963000004134301e-06,7.949799999096285e-05,3.641999995807055e-06,96,False
4484,3.534800001148142e-05,0.0002705500000104166,1.4923999998472937e-05,2.5768999989850272e-05,0.00024478100002056635,9.18699998919692e-06,96,False
4485,7.481700001221725e-05,0.0001147860000116907,7.391999986339215e-06,1.1402000012594726e-05,0.00010338399999909598,4.5140000111132395e-06,96,False
4486,4.653499999562882e-05,9.771599999908176e-05,6.532999975661369e-06,8.516000008285118e-06,8.919999999079664e-05,3.81800001036936e-06,96,False
4487,4.259199999978591e-05,0.0001374320000024909,7.86500001481727e-06,3.311400001848597e-05,0.00010431799998400493,5.534999985457034e-06,96,False
4488,4.472999998483829e-05,9.758299998452458e-05,6.30399998158282e-06,8.785999995097882e-06,8.87969999894267e-05,3.8919999951758655e-06,96,False
4489,4.103699998836419e-05,9.332599998401747e-05,6.965000011405209e-06,7.79699999498007e-06,8.55289999890374e-05,3.969000005099588e-06,96,False
4490,4.027299999620482e-05,9.143099998709658e-05,7.0410000034826226e-06,7.901999993009667e-06,8.352899999408692e-05,3.6029999819220393e-06,96,False
4491,3.9705000006051705e-05,8.976499998425425e-05,5.856000001358552e-06,7.543999998915751e-06,8.22209999853385e-05,3.714999991188961e-06,96,False
4492,3.8040999982058565e-05,9.029800000348587e-05,6.670999994184967e-06,7.748999991008532e-06,8.254900001247734e-05,3.500999980587949e-06,96,False
4493,5.579199998351214e-05,0.00010227499998904932,6.541000004745001e-06,1.0296999988668176e-05,9.197800000038114e-05,4.586000017070546e-06,96,False
4494,4.0275999992900324e-05,9.0417999984993e-05,5.565999998680127e-06,8.23999999965963e-06,8.217799998533337e-05,3.722999991850884e-06,96,False
4495,4.341799998996976e-05,0.00010449700002368445,5.633999990095617e-06,7.78500000819804e-06,9.671200001548641e-05,3.3679999944524752e-06,96,False
4496,3.9430999976275416e-05,8.894600000530772e-05,5.68799998745817e-06,7.288999995580525e-06,8.16570000097272e-05,3.672000019605548e-06,96,False
4497,3.8313000004563946e-05,8.725899999717512e-05,5.501000003960144e-06,7.259000000203741e-06,7.999999999697138e-05,3.526999989844626e-06,96,False
4498,3.6889000000428496e-05,8.716100001038285e-05,6.608999996160492e-06,7.173999989618096e-06,7.998700002076475e-05,3.6430000136533636e-06,96,False
4499,6.234899998958099e-05,0.00010007500000597247,7.284999981038709e-06,1.0241000012456425e-05,8.983399999351604e-05,4.356000005145688e-06,96,False
4500,4.0729999994937316e-05,9.139299999105788e-05,6.5239999855748465e-06,8.053999977164494e-06,8.333900001389338e-05,3.92100000112805e-06,96,False
4501,3.8382000013825746e-05,9.018199997967713e-05,5.932999982860565e-06,8.000000008223651e-06,8.218199997145348e-05,3.5500000024057954e-06,96,False
4502,3.714300001433912e-05,9.039799999754905e-05,5.657000002656787e-06,7.639999978437118e-06,8.275800001911193e-05,3.581000015628888e-06,96,False
4503,3.754499999786276e-05,8.944100000007893e-05,5.651000009265772e-06,7.836999998289684e-06,8.160400000178925e-05,3.581000015628888e-06,96,False
4504,3.8753000012548e-05,8.85519999940243e-05,5.518999984133188e-06,7.232999990947064e-06,8.131900000307724e-05,3.46499999182015e-06,96,False
4505,6.002099999591337e-05,0.00010301099999310281,6.387000013319266e-06,9.9160000104348e-06,9.309499998266801e-05,4.454000020359672e-06,96,False
4506,3.916200000730896e-05,9.128800002144999e-05,5.399000002626053e-06,7.930999998961852e-06,8.335700002248814e-05,3.947999999809326e-06,96,False
4507,3.7812000016401726e-05,8.972800000606185e-05,5.2769999854263006e-06,7.637999999587919e-06,8.209000000647393e-05,3.5850000017489947e-06,96,False
4508,3.676199997926233e-05,8.899399998085755e-05,5.352000016500824e-06,7.70500000157881e-06,8.128899997927874e-05,3.757999991194083e-06,96,False
4509,3.638500001557077e-05,9.035399997969762e-05,5.645000015874757e-06,6.8870000120568875e-06,8.346699996764073e-05,3.4960000050432427e-06,96,False
4510,3.6845000010998774e-05,8.742399998595829e-05,5.754999989449061e-06,7.240000002184388e-06,8.01839999837739e-05,3.4679999885156576e-06,96,False
4511,5.003399999736757e-05,0.00010902299999315801,9.508999994523037e-06,9.56200000246099e-06,9.946099999069702e-05,4.3469999866374565e-06,96,False
4512,7.805900000334987e-05,0.00011066700000128549,8.277999995698337e-06,1.0231000004523594e-05,0.0001004359999967619,5.485999992060897e-06,96,False
4513,4.2702000001781926e-05,0.00012981800000488875,9.126999998443353e-06,8.026000017480328e-06,0.00012179199998740842,3.8450000090506364e-06,96,False
4514,5.282899999770052e-05,0.00010245199999303622,8.90200001890662e-06,8.760000014262914e-06,9.369199997877331e-05,5.328000014515055e-06,96,False
4515,5.551799998215756e-05,0.00012086399999589048,6.9940000173573935e-06,8.71899999310699e-06,0.00011214500000278349,4.332999992584519e-06,96,False
4516,4.779400001098111e-05,9.740100000499297e-05,6.001999992122364e-06,8.755999999721098e-06,8.864500000527187e-05,4.221999972742196e-06,96,False
4517,3.963900002190712e-05,9.108800000490191e-05,6.710999997494582e-06,7.381000017403494e-06,8.370699998749842e-05,3.769000016973223e-06,96,False
4518,5.16639999830204e-05,9.200499999906242e-05,4.2406999995137085e-05,7.679000020743842e-06,8.432599997831858e-05,4.026999988582247e-06,96,False
4519,4.214999998453095e-05,9.191800000962758e-05,6.383999988202049e-06,7.691999996950472e-06,8.42260000126771e-05,4.0719999958582775e-06,96,False
4520,3.89660000053027e-05,8.979300000078183e-05,6.116999998084793e-06,7.702000004883303e-06,8.209099999589853e-05,3.7460000044120534e-06,96,False
4521,3.720300000509269e-05,0.0001287139999988085,6.702999996832659e-06,1.0937000013200304e-05,0.0001177769999856082,4.3200000163778896e-06,96,False
4522,4.092999998306368e-05,9.238900000241301e-05,6.124000009322117e-06,7.854000017459839e-06,8.453499998495317e-05,3.8919999951758655e-06,96,False
4523,3.750900000909496e-05,9.539699999550066e-05,6.033999994770056e-06,7.786999987047238e-06,8.761000000845343e-05,3.6899999997785926e-06,96,False
4524,3.722299999253664e-05,8.741100000975166e-05,5.843000025151923e-06,7.009000000834931e-06,8.040200000891673e-05,3.4859999971104116e-06,96,False
4525,3.823999998076033e-05,8.764899999391673e-05,6.095999992794532e-06,7.428000003528723e-06,8.022099999038801e-05,3.4679999885156576e-06,96,False
4526,3.743400000644215e-05,8.930099997428442e-05,5.667000010589618e-06,7.89899999631416e-06,8.140199997797026e-05,3.395999982558351e-06,96,False
4527,4.1199000008873554e-05,0.00012571500002422908,6.2260000106562075e-06,1.1091999994050639e-05,0.00011462300003017845,4.552000007151946e-06,96,False
4528,4.0227999988928786e-05,8.945900000867368e-05,5.537000021149652e-06,7.444999994277168e-06,8.201400001439652e-05,3.843999991204328e-06,96,False
4529,3.8486999983433634e-05,9.017499999686152e-05,5.541999996694358e-06,7.197999991603865e-06,8.297700000525765e-05,3.536999997777457e-06,96,False
4530,3.733200000510806e-05,8.845499999665662e-05,5.372000003944777e-06,7.641999985708026e-06,8.08130000109486e-05,3.5040000057051657e-06,96,False
4531,3.746799998793904e-05,8.797099999924285e-05,5.501999993384743e-06,7.052000000840053e-06,8.09189999984028e-05,3.571999997120656e-06,96,False
4532,3.725700000245524e-05,8.891699999935554e-05,5.4629999794997275e-06,7.447999990972676e-06,8.146900000838286e-05,3.5360000083528575e-06,96,False
4533,3.6707000020896885e-05,0.00013034599999173224,5.9250000106203515e-06,2.987300001677795e-05,0.00010047299997495429,5.449999974871389e-06,96,False
4534,4.075699999361859e-05,9.086200000751887e-05,5.622999992738187e-06,7.833000012169578e-06,8.30289999953493e-05,3.7340000176300236e-06,96,False
4535,3.7036000009038617e-05,8.861499998147337e-05,6.630000001450753e-06,7.538999994949336e-06,8.107599998652404e-05,3.6340000235668413e-06,96,False
4536,3.653400000303009e-05,8.880300001123942e-05,6.457000012005665e-06,7.641999985708026e-06,8.11610000255314e-05,3.6049999891929474e-06,96,False
4537,3.7526999989268006e-05,9.485399999675792e-05,6.425000009357973e-06,7.823000004236746e-06,8.703099999252117e-05,3.5099999990961805e-06,96,False
4538,3.735300001039832e-05,8.728099999188998e-05,6.465000012667588e-06,7.229000004826958e-06,8.005199998706303e-05,3.6379999812652386e-06,96,False
4539,3.700599998524012e-05,8.635699998649216e-05,6.096000021216241e-06,7.0750000134012225e-06,7.928199997309093e-05,3.598000006377333e-06,96,False
4540,3.6536999999725595e-05,8.700299997599359e-05,5.633000000671018e-06,7.267000000865664e-06,7.973599997512792e-05,3.448000001071705e-06,96,False
4541,3.6433000019542305e-05,8.745700000645229e-05,6.26900001066133e-06,7.26000001805005e-06,8.019699998840224e-05,3.4069999799157813e-06,96,False
4542,5.0067999978864464e-05,0.00012178999998013751,6.990999992240177e-06,7.039999985636314e-06,0.0001147499999945012,3.3620000010614604e-06,96,False
4543,4.41670000270733e-05,9.296100000710794e-05,6.581999997479215e-06,8.12700000096811e-06,8.483400000613983e-05,4.337000007126335e-06,96,False
4544,3.748599999653379e-05,0.00011030299998537885,6.376999976964726e-06,7.52299999362549e-06,0.00010277999999175336,3.5669999931542407e-06,96,False
4545,4.334899998070796e-05,9.39339999774802e-05,6.799000004775735e-06,8.368999999674998e-06,8.55649999778052e-05,4.09199998330223e-06,96,False
4546,3.7426000005780224e-05,8.811799997943126e-05,6.261999999424006e-06,7.232000001522465e-06,8.08859999779088e-05,3.7310000209345162e-06,96,False
4547,3.687000000240914e-05,8.811800000785297e-05,6.089000009978918e-06,7.291000002851433e-06,8.082700000500154e-05,3.4919999905014265e-06,96,False
4548,3.6868000023559944e-05,0.00011747700000341865,7.0490000041445455e-06,7.238000023335189e-06,0.00011023899998008346,3.5930000024109177e-06,96,False
4549,4.1983000016898586e-05,9.171199999968849e-05,6.603000002769477e-06,7.88799999895673e-06,8.382400000073176e-05,3.85299998129085e-06,96,False
4550,3.7458999997852516e-05,8.884800001851545e-05,6.118000015931102e-06,7.5140000035389676e-06,8.133400001497648e-05,3.4699999957865657e-06,96,False
4551,3.6663000003045454e-05,8.828700001117795e-05,6.39400002455659e-06,7.677999974475824e-06,8.060900003670213e-05,3.664000018943625e-06,96,False
4552,3.9797999988877564e-05,8.803800000123374e-05,6.616000007397815e-06,7.4779999863494595e-06,8.056000001488428e-05,3.508000020246982e-06,96,False
4553,3.7424000026931026e-05,8.730899997999586e-05,6.09800000006544e-06,7.4200000028668e-06,7.988899997712906e-05,3.118999984508264e-06,96,False
4554,3.708899998855486e-05,0.0001131300000167812,7.039999985636314e-06,7.5460000061866594e-06,0.00010558400001059454,3.5900000057154102e-06,96,False
4555,4.563499999221676e-05,9.227399999645058e-05,6.2910000053761905e-06,7.851000020764332e-06,8.442299997568625e-05,4.230000001825829e-06,96,False
4556,3.758900001571419e-05,8.843399999136636e-05,6.063000000722241e-06,7.4410000081570615e-06,8.09929999832093e-05,3.504999995129765e-06,96,False
4557,3.737299999784227e-05,8.860500000196225e-05,6.1890000040421e-06,7.299000003513356e-06,8.13059999984489e-05,3.4339999785970576e-06,96,False
4558,3.765800002497599e-05,8.843899999533278e-05,6.728000016664737e-06,7.725999978447362e-06,8.071300001688542e-05,3.4939999977723346e-06,96,False
4559,3.781099999855542e-05,8.857099999204365e-05,6.187999986195791e-06,7.589999995616381e-06,8.098099999642727e-05,3.5850000017489947e-06,96,False
4560,3.635699999904318e-05,0.00010406499998794061,7.441999997581661e-06,7.699000008187795e-06,9.636599997975281e-05,3.0610000010256044e-06,96,False
4561,5.0818000005392605e-05,9.346300001311647e-05,6.369000004724512e-06,8.261999994374492e-06,8.520100001874198e-05,3.985000006423434e-06,96,False
4562,3.853800001252239e-05,8.836500001052627e-05,6.302000002733621e-06,7.447000001548076e-06,8.09180000089782e-05,3.5569999852214096e-06,96,False
4563,3.678900000636531e-05,8.872399999404479e-05,5.6039999947188335e-06,7.365000016079648e-06,8.135899997796514e-05,3.575999983240763e-06,96,False
4564,3.769599999259299e-05,8.687000001827982e-05,5.616999999347172e-06,7.356999986996016e-06,7.951300003128381e-05,3.5969999885310244e-06,96,False
4565,3.743999999983316e-05,8.494800002267766e-05,5.552000004627189e-06,7.0959999902697746e-06,7.785200003240789e-05,3.312000018240724e-06,96,False
4566,5.151000002001638e-05,0.0002365320000023985,8.040000011533266e-06,1.180800001066018e-05,0.0002247239999917383,7.497000012790522e-06,96,False
4567,4.387300000985306e-05,9.372599998869191e-05,6.556000016644248e-06,8.156000006920294e-06,8.556999998177162e-05,3.7829999826044514e-06,96,False
4568,3.991700000938181e-05,9.082700000817567e-05,6.294999991496297e-06,7.555999985697781e-06,8.327100002247789e-05,3.7629999951604987e-06,96,False
4569,3.868100000659069e-05,9.214199999973971e-05,6.1550000225452095e-06,7.730999982413778e-06,8.441100001732593e-05,3.625999994483209e-06,96,False
4570,3.782100000648825e-05,8.907399998747678e-05,5.96099999938815e-06,7.5119999962680595e-06,8.156199999120872e-05,3.7429999792948365e-06,96,False
4571,3.963999998291001e-05,9.010300001932592e-05,6.437000024561712e-06,7.984000006899805e-06,8.211900001242611e-05,3.708999997797946e-06,96,False
4572,6.0060999999222986e-05,9.924400001182221e-05,7.179999983009111e-06,9.57499997866762e-06,8.966900003315459e-05,4.149000005782e-06,96,False
4573,3.940500002386216e-05,8.831499999928383e-05,5.671999986134324e-06,7.6009999929738115e-06,8.071400000631002e-05,3.49900000173875e-06,96,False
4574,3.700799999251103e-05,8.690100000308121e-05,5.385000008573115e-06,7.322999977077416e-06,7.957800002600379e-05,3.2229999931132625e-06,96,False
4575,3.6776999991161574e-05,8.832899999333677e-05,5.452999999988606e-06,7.116999995560036e-06,8.121199999777673e-05,3.436000014289675e-06,96,False
4576,3.7436000013713056e-05,0.00012059999997404702,8.97099999974671e-06,7.552999989002274e-06,0.00011304699998504475,3.5900000057154102e-06,96,False
4577,5.617099998289632e-05,0.00013881299997819951,8.110999999644264e-06,9.567000006427406e-06,0.0001292459999717721,5.361999996011946e-06,96,False
4578,5.831100000364131e-05,0.00010499999999069587,6.454000015310157e-06,9.145999996462706e-06,9.585399999423316e-05,5.035000015141122e-06,96,False
4579,4.103500000951499e-05,0.00014052000000219778,6.522999996150247e-06,3.7789000003840556e-05,0.00010273099999835722,5.340000001297085e-06,96,False
4580,4.741200001490142e-05,0.00010578800001326272,6.631999980299952e-06,1.0231999993948193e-05,9.555600001931452e-05,4.8299999946266325e-06,96,False
4581,4.155700000296747e-05,9.335600000781596e-05,5.547999990085373e-06,8.107000013524157e-06,8.524899999429181e-05,3.751000008378469e-06,96,False
4582,3.964600000472274e-05,0.00011518900001306065,6.712000015340891e-06,7.414000009475785e-06,0.00010777500000358486,3.6219999799413927e-06,96,False
4583,4.665499997713596e-05,0.00013807199999860131,6.230000025198024e-06,8.156999996344894e-06,0.00012991500000225642,6.639999980961875e-06,96,False
4584,4.193099999838523e-05,0.00013390399999479996,6.3699999941491114e-06,1.0863999989396689e-05,0.00012304000000540327,4.3569999945702875e-06,96,False
4585,4.108100000621562e-05,9.195100000169987e-05,5.445999988751282e-06,8.186000002297078e-06,8.376499999940279e-05,3.7359999964792223e-06,96,False
4586,3.891599999406026e-05,9.046900001408176e-05,5.485000002636298e-06,7.33999999624757e-06,8.312900001783419e-05,3.5930000024109177e-06,96,False
4587,5.2082999985714196e-05,8.927100000732935e-05,5.748999996058046e-06,7.619999990993165e-06,8.165100001633618e-05,3.7140000017643615e-06,96,False
4588,6.73070000232201e-05,9.875499998202031e-05,5.7839999954012455e-06,9.285999993835503e-06,8.94689999881848e-05,4.238000002487752e-06,96,False
4589,3.8635000009890064e-05,8.897700001853082e-05,5.529999981490619e-06,7.268000018711973e-06,8.170899999981884e-05,3.573000014966965e-06,96,False
4590,3.77700000058212e-05,8.891300001323543e-05,5.378999986760391e-06,7.606999986364826e-06,8.13060000268706e-05,3.7039999938315304e-06,96,False
4591,3.713200001698169e-05,8.922999998617342e-05,5.251000004591333e-06,7.4699999856875365e-06,8.176000000048589e-05,3.714999991188961e-06,96,False
4592,3.716899999517409e-05,8.884499999339823e-05,5.28800001120544e-06,7.580000016105259e-06,8.126499997729297e-05,3.6559999898599926e-06,96,False
4593,3.70319999944968e-05,8.747199998992983e-05,8.044899999504196e-05,7.585000020071675e-06,7.988699996985815e-05,3.5639999964587332e-06,96,False
4594,6.693000000268512e-05,0.00014780300000438729,8.636000018213963e-06,1.0419000005867929e-05,0.00013738399999851936,5.261000012524164e-06,96,False
4595,5.902799998125374e-05,0.00011354900001947499,6.6650000007939525e-06,9.965999993255537e-06,0.00010358300002621945,5.011000013155353e-06,96,False
4596,4.3103000024302673e-05,9.130199998708122e-05,5.8340000066436914e-06,7.730999982413778e-06,8.357100000466744e-05,3.801000019620915e-06,96,False
4597,3.7379999980657885e-05,8.893099999340848e-05,6.829000000152519e-06,7.680999999593041e-06,8.124999999381544e-05,3.6239999872123008e-06,96,False
4598,3.869299999337272e-05,8.865099999866288e-05,6.247999976949359e-06,7.480999983044967e-06,8.117000001561792e-05,3.703000004406931e-06,96,False
4599,6.824400000482456e-05,9.638700001346479e-05,6.617999986247014e-06,8.646999987149684e-06,8.77400000263151e-05,4.316999991260673e-06,96,False
4600,3.8141999993968057e-05,9.384999998474086e-05,5.6039999947188335e-06,7.96799997715425e-06,8.588200000758661e-05,3.4999999911633495e-06,96,False
4601,3.723400001831578e-05,8.868000000461507e-05,6.533000004083078e-06,7.777999996960716e-06,8.090200000765435e-05,3.4880000043813197e-06,96,False
4602,0.00012633900001901566,0.00010211399998638626,7.743999987042116e-06,9.298000009039242e-06,9.281599997734702e-05,4.5689999979003915e-06,96,False
4603,0.00010176800000749608,0.00012784000000465312,7.97800001350879e-06,1.0180000003856549e-05,0.00011766000000079657,4.7990000098252494e-06,96,False
4604,4.701699998577169e-05,9.706699998446311e-05,7.011000008105839e-06,8.634000010943055e-06,8.843299997352005e-05,4.2679999978645355e-06,96,False
4605,3.961699999877055e-05,9.109799998441304e-05,6.762999987586227e-06,7.802999988371084e-06,8.329499999604195e-05,3.694000014320409e-06,96,False
4606,3.854500002375971e-05,8.961499997894862e-05,6.027000011954442e-06,7.907000025397792e-06,8.170799995355083e-05,3.445999993800797e-06,96,False
4607,3.8953000000674365e-05,8.89409999729196e-05,6.573999996817292e-06,7.484999997586783e-06,8.145599997533282e-05,3.603999999768348e-06,96,False
4608,3.7414000018998195e-05,0.00010442299998203453,6.643000006079092e-06,7.561999979088796e-06,9.686100000294573e-05,3.5580000030677184e-06,96,False
4609,3.796400000055655e-05,0.00012103600002433268,6.933000008757517e-06,7.698000018763196e-06,0.00011333800000556948,3.527999979269225e-06,96,False
4610,4.2988000018340244e-05,9.293499999785126e-05,6.395000013981189e-06,8.145999998987463e-06,8.47889999988638e-05,3.816000003098452e-06,96,False
4611,3.8259000007201394e-05,8.849299999269533e-05,6.240000004709145e-06,7.6030000002447196e-06,8.088999999245061e-05,3.6469999997734703e-06,96,False
4612,6.178699999281889e-05,9.620299999824056e-05,6.526000021267464e-06,8.534999977882762e-06,8.76680000203578e-05,4.133999993882753e-06,96,False
4613,3.8689000007252616e-05,9.041999999226391e-05,6.1679999987518386e-06,7.936000002928267e-06,8.248399998933564e-05,3.859000003103574e-06,96,False
4614,3.721599998129932e-05,8.854600000063328e-05,6.01899998287081e-06,7.526999979745597e-06,8.101900002088769e-05,3.4359999858679657e-06,96,False
4615,3.773700001374891e-05,0.00012708699998142947,6.545000019286817e-06,1.2644999998201456e-05,0.00011444199998322802,5.2219999986391485e-06,96,False
4616,4.04079999896112e-05,0.00012163499999928717,6.815000006099581e-06,8.038999993686957e-06,0.00011359600000560022,3.3500000142794306e-06,96,False
4617,4.672899999036417e-05,9.548700001005272e-05,6.229000007351715e-06,8.42299999703755e-06,8.706400001301517e-05,4.161999981988629e-06,96,False
4618,3.9341999979569664e-05,8.994000000939195e-05,6.2649999961195135e-06,7.63699998174161e-06,8.230300002765034e-05,3.695000003745008e-06,96,False
4619,3.7996000003204244e-05,8.89000000086071e-05,6.329999990839497e-06,7.562999996935105e-06,8.133700001167199e-05,3.5589999924923177e-06,96,False
4620,3.7868000021035186e-05,8.797099999924285e-05,6.2809999974433595e-06,7.213000003503112e-06,8.075799999573974e-05,3.3869999924718286e-06,96,False
4621,5.274800000165669e-05,9.9169999998594e-05,6.670000004760368e-06,9.89299999787363e-06,8.927700000072036e-05,4.074000003129186e-06,96,False
4622,5.688799998893046e-05,0.00010878800000568845,7.33999999624757e-06,1.1193999995384729e-05,9.759400001030372e-05,4.493999995247577e-06,96,False
4623,4.573000001073524e-05,9.171299998911309e-05,6.377000005386435e-06,8.13799999832554e-06,8.357499999078755e-05,3.6210000189385028e-06,96,False
4624,3.802500000915643e-05,8.898800001588825e-05,6.123000019897518e-06,7.75100002670115e-06,8.12369999891871e-05,3.4410000182560907e-06,96,False
4625,3.7151000015001046e-05,0.00013618200000564684,6.614000000126907e-06,7.168999985651681e-06,0.00012901300001999516,3.472999992482073e-06,96,False
4626,4.0640999998231564e-05,0.00010447099998600606,7.204000013416589e-06,1.0156999991295379e-05,9.431399999471068e-05,4.520999993928854e-06,96,False
4627,4.0116000008083574e-05,9.025599999290534e-05,6.304999999429128e-06,7.707999998274317e-06,8.254799999463103e-05,3.6469999997734703e-06,96,False
4628,3.8337999995974315e-05,8.76000000005206e-05,6.116000008660194e-06,7.336999999552063e-06,8.026300000096853e-05,3.870999989885604e-06,96,False
4629,3.799000000981323e-05,8.774900001640162e-05,6.457000012005665e-06,7.304999996904371e-06,8.044400001949725e-05,3.844999980628927e-06,96,False
4630,3.692900000373811e-05,9.902400000783018e-05,6.071000001384164e-06,7.492999998248706e-06,9.153100000958148e-05,3.518999989182703e-06,96,False
4631,3.8497999980791064e-05,0.00012739600001054896,3.3107000007248644e-05,1.4024000023482586e-05,0.00011337199998706637,5.831000009948184e-06,96,False
4632,7.064299998660317e-05,0.00010637199997631797,7.560000000239597e-06,9.256999987883319e-06,9.711499998843465e-05,4.9919999867142906e-06,96,False
4633,7.590800001366915e-05,0.00010635000001002481,6.756000004770613e-06,1.0626000005231617e-05,9.57240000047932e-05,4.426000003832087e-06,96,False
4634,5.9128999993163234e-05,0.00010376199998063385,6.62200000078883e-06,1.0118000005832073e-05,9.364399997480177e-05,4.184000005125199e-06,96,False
4635,4.1677000012896315e-05,9.018800000148985e-05,5.756999996719969e-06,7.758999998941363e-06,8.242900000254849e-05,3.5909999951400096e-06,96,False
4636,3.812500000321961e-05,8.926699999278753e-05,5.920999996078535e-06,7.213000003503112e-06,8.205399998928442e-05,3.270000007660201e-06,96,False
4637,4.161699999372104e-05,8.796199998073462e-05,5.936999997402381e-06,7.336999999552063e-06,8.062499998118255e-05,3.410000005032998e-06,96,False
4638,3.736200000048484e-05,8.699999997929808e-05,5.6300000039755105e-06,7.082999985641436e-06,7.991699999365665e-05,3.3439999924667063e-06,96,False
4639,3.7061000000448985e-05,8.799900001577043e-05,6.617000025244124e-06,7.452000005514492e-06,8.054700001025594e-05,3.260999989151969e-06,96,False
4640,3.6171000004969756e-05,0.0001039929999819833,7.2630000147455576e-06,9.758999993891848e-06,9.423399998809145e-05,4.246000003149675e-06,96,False
4641,4.042699998763055e-05,8.998800001336349e-05,5.609999988109848e-06,7.6030000002447196e-06,8.238500001311877e-05,3.714999991188961e-06,96,False
4642,3.698999998391628e-05,8.858099999997648e-05,5.726000011918586e-06,7.849000013493423e-06,8.073199998648306e-05,3.41999998454412e-06,96,False
4643,3.831999998737956e-05,8.771100002036292e-05,5.520999991404096e-06,7.0670000127392996e-06,8.064400000762362e-05,3.3240000050227536e-06,96,False
4644,3.765599998928337e-05,8.863200000064353e-05,5.291999997325547e-06,7.559000010814998e-06,8.107299998982853e-05,3.5349999905065488e-06,96,False
4645,3.658700001096804e-05,0.00010847900000499067,6.229000007351715e-06,7.361000001537832e-06,0.00010111800000345283,3.5379999872020562e-06,96,False
4646,6.696500000202832e-05,0.00010006200000134413,6.224000003385299e-06,9.99600001705403e-06,9.00659999842901e-05,4.369000009774027e-06,96,False
4647,3.979999999614847e-05,8.986899999285924e-05,5.5670000165264355e-06,7.71699998836084e-06,8.21520000044984e-05,3.74999999053216e-06,96,False
4648,3.875299998412629e-05,8.737299998529124e-05,5.537999982152542e-06,7.102000012082499e-06,8.027099997320875e-05,3.4069999799157813e-06,96,False
4649,3.717200002029131e-05,8.616699997787691e-05,5.3710000145201775e-06,6.997999975055791e-06,7.916900000282112e-05,3.5930000024109177e-06,96,False
4650,3.646199999707278e-05,8.67220000202451e-05,5.501000003960144e-06,7.220000014740435e-06,7.950200000550467e-05,3.4710000136328745e-06,96,False
4651,3.933799999344956e-05,8.61979999911e-05,6.547999987560615e-06,7.088000018029561e-06,7.910999997307044e-05,3.393000014284553e-06,96,False
4652,3.709999998591229e-05,0.0002570719999823723,1.2351999998827523e-05,2.4160999998912303e-05,0.00023291099998346,9.878000014396093e-06,96,False
4653,5.984800000646828e-05,0.00010704300001407319,7.882000005565715e-06,9.520000020302177e-06,9.752299999377101e-05,4.942000003893554e-06,96,False
4654,4.3809000004557674e-05,9.623300002203905e-05,7.207999999536696e-06,8.511999993743302e-06,8.772100002829575e-05,3.971999973373386e-06,96,False
4655,4.0504999986978873e-05,9.03119999975388e-05,6.958999989592485e-06,7.787000015468948e-06,8.252499998206986e-05,3.40799999776209e-06,96,False
4656,4.099500000620537e-05,9.387099999003112e-05,7.03299997439899e-06,8.156000006920294e-06,8.571499998311083e-05,3.8839999945139425e-06,96,False
4657,3.8815000010572476e-05,9.143799999833391e-05,6.919000014704579e-06,7.848999985071714e-06,8.35890000132622e-05,3.6069999964638555e-06,96,False
4658,3.783200000384568e-05,9.002299998428498e-05,7.1219999995264516e-06,7.702000004883303e-06,8.232099997940168e-05,3.4050000010665826e-06,96,False
4659,3.768100000911545e-05,8.889399998679437e-05,6.5680000034262775e-06,6.969999986949915e-06,8.192399999984445e-05,3.507000002400673e-06,96,False
4660,3.783799999723669e-05,8.733499998925254e-05,6.499999983589078e-06,6.737000006751259e-06,8.059799998250128e-05,3.6589999865555e-06,96,False
4661,3.6902000005056834e-05,0.00014103899999895475,7.1019999836607894e-06,1.1446999991449047e-05,0.0001295920000075057,4.471000011108117e-06,96,False
4662,4.080700000486104e-05,9.089700000686207e-05,6.412000004729634e-06,7.802999988371084e-06,8.309400001849099e-05,3.5989999958019325e-06,96,False
4663,3.852700001516496e-05,8.950800000206982e-05,6.619000004093323e-06,7.274000012102988e-06,8.223399998996683e-05,3.688999981932284e-06,96,False
4664,3.829999999993561e-05,8.972500000936634e-05,6.50800001267271e-06,7.434999986344337e-06,8.2290000023022e-05,3.6650000083682244e-06,96,False
4665,4.459800001654912e-05,8.828200000721154e-05,4.014399999618945e-05,7.482999990315875e-06,8.079900001689566e-05,3.6110000110056717e-06,96,False
4666,4.219500002022869e-05,9.038700000019162e-05,6.764999994857135e-06,7.011000008105839e-06,8.337599999208578e-05,3.6430000136533636e-06,96,False
4667,3.836299998738468e-05,8.805799998867769e-05,6.514999995488324e-06,7.281000023340312e-06,8.077699996533738e-05,3.4429999971052894e-06,96,False
4668,3.6808999993809266e-05,8.788700000650351e-05,6.210999998756961e-06,7.335999981705754e-06,8.055100002479776e-05,3.3160000043608306e-06,96,False
4669,3.8790999980165e-05,8.782899999459914e-05,6.467999980941386e-06,6.9580000001678854e-06,8.087099999443126e-05,3.44200000768069e-06,96,False
4670,3.6958000009690295e-05,8.796600002369814e-05,6.253000009337484e-06,7.310000000870787e-06,8.065600002282736e-05,3.393000014284553e-06,96,False
4671,3.689900000836133e-05,8.783100000187005e-05,6.37100001199542e-06,7.013000015376747e-06,8.08179999864933e-05,3.3980000182509684e-06,96,False
4672,3.5900000000310683e-05,8.697600000573402e-05,6.132999999408639e-06,7.060000001501976e-06,7.991600000423205e-05,3.5850000017489947e-06,96,False
4673,3.5989999986441035e-05,0.00013326300000926494,6.855999998833795e-06,3.1863999993220204e-05,0.00010139900001604474,5.547000000660773e-06,96,False
4674,4.043999999225889e-05,9.278500002096735e-05,6.788999996842904e-06,8.101000020133142e-06,8.46840000008342e-05,3.581000015628888e-06,96,False
4675,3.7642999984655034e-05,0.00010128499999950691,6.691999999475229e-06,7.734000007530994e-06,9.355099999197591e-05,3.357999986519644e-06,96,False
4676,7.571399999051209e-05,0.0002630529999976261,1.3173999974469552e-05,8.69699999839213e-06,0.00025435599999923397,4.146000009086492e-06,96,False
4677,8.729199998924742e-05,0.0001326830000039081,9.094000006371061e-06,1.2361999978338645e-05,0.00012032100002556945,6.654000003436522e-06,96,False
4678,4.974899999865556e-05,9.810800000309428e-05,7.247000013421712e-06,8.74200000566816e-06,8.936599999742612e-05,3.987000013694342e-06,96,False
4679,4.026099998100108e-05,0.00016463099998986763,7.712000012816134e-06,4.9029000024347624e-05,0.00011560199996552001,5.82399999871086e-06,96,False
4680,4.3180000005804686e-05,9.44930000059685e-05,6.479999996145125e-06,8.433000004970381e-06,8.606000000099812e-05,3.698999989865115e-06,96,False
4681,3.997599998228907e-05,8.970100000738057e-05,6.253000009337484e-06,7.377000002861678e-06,8.23240000045189e-05,3.7960000156544993e-06,96,False
4682,3.8656000015180325e-05,9.064100001410225e-05,6.4509999901929405e-06,7.580000016105259e-06,8.306099999799699e-05,3.4169999878486124e-06,96,False
4683,3.934399998684057e-05,8.915899999806243e-05,5.970999978899272e-06,7.777000007536117e-06,8.138199999052631e-05,3.565000014305042e-06,96,False
4684,3.7448000000495085e-05,8.940200001461562e-05,6.241999983558344e-06,6.802000001471242e-06,8.260000001314438e-05,3.883000005089343e-06,96,False
4685,3.951400000801186e-05,0.00010390299999585295,7.062999998197483e-06,9.935999997878753e-06,9.39669999979742e-05,4.434999993918609e-06,96,False
4686,4.122699999697943e-05,9.056199999690762e-05,6.175000009989162e-06,7.721000002902656e-06,8.284099999400496e-05,3.684999995812177e-06,96,False
4687,3.88590000000022e-05,8.970499999350068e-05,5.963000006659058e-06,7.63700001016332e-06,8.206799998333736e-05,3.703000004406931e-06,96,False
4688,3.794100001641709e-05,9.01359999829765e-05,6.26899998223962e-06,7.640000006858827e-06,8.249599997611767e-05,3.687000003083085e-06,96,False
4689,3.828900000257818e-05,8.750100002430372e-05,6.535000011353986e-06,7.040000014058023e-06,8.04610000102457e-05,3.7869999971462676e-06,96,False
4690,3.8007999989986274e-05,8.811899999727757e-05,6.116999998084793e-06,6.94100000941944e-06,8.117799998785813e-05,3.4739999819066725e-06,96,False
4691,3.7278999997170104e-05,0.00010343600001760933,6.86199999222481e-06,9.758999993891848e-06,9.367700002371748e-05,4.5449999959146226e-06,96,False
4692,4.055799999491683e-05,9.011500000610795e-05,6.4269999882071716e-06,7.836000008865085e-06,8.227899999724286e-05,3.6650000083682244e-06,96,False
4693,3.819699998075521e-05,9.516400001530201e-05,6.9969999856311915e-06,7.336999999552063e-06,8.782700001574995e-05,3.5950000096818258e-06,96,False
4694,3.8475999986076204e-05,9.00990000047841e-05,6.802000001471242e-06,7.406000008813862e-06,8.269299999597024e-05,3.63600000241604e-06,96,False
4695,3.8803999984793336e-05,8.89000000086071e-05,5.990999994764934e-06,7.28300000218951e-06,8.161700000641758e-05,3.7320000103591155e-06,96,False
4696,3.696300001365671e-05,8.759400000712958e-05,6.005000017239581e-06,7.345999989638585e-06,8.0248000017491e-05,3.606000007039256e-06,96,False
4697,0.0001549430000125085,0.00016769199999089324,1.390500000297834e-05,2.0077000016271995e-05,0.00014761499997462124,8.89099999312748e-06,96,False
4698,6.472199999052464e-05,9.673799999632138e-05,7.7729999929943e-06,8.203000021467233e-06,8.853499997485414e-05,3.984000016998834e-06,96,False
4699,4.1221999993013014e-05,9.121099998310456e-05,6.56500000673077e-06,7.799999991675577e-06,8.341099999142898e-05,3.7380000037501304e-06,96,False
4700,3.9011999973581624e-05,8.87260000013157e-05,6.6180000146687235e-06,7.69300001479678e-06,8.103299998651892e-05,3.1489999798850477e-06,96,False
4701,3.776200000515928e-05,8.888799999340335e-05,6.577000021934509e-06,7.902000021431377e-06,8.098599997197198e-05,3.413999991153105e-06,96,False
4702,3.717900000310692e-05,8.894999999142783e-05,6.76999999882355e-06,7.723999999598163e-06,8.122599999182967e-05,3.3700000017233833e-06,96,False
4703,3.698300000110066e-05,9.482000001526103e-05,7.115999977713727e-06,7.5509999817313656e-06,8.726900003352966e-05,3.4530000050381204e-06,96,False
4704,4.294699999718432e-05,0.0001018810000061876,6.339000009347728e-06,8.164999997006817e-06,9.371600000918079e-05,3.908000024921421e-06,96,False
4705,3.9065999999365886e-05,8.70370000143339e-05,6.1920000007376075e-06,7.131000018034683e-06,7.990599999629922e-05,3.262000006998278e-06,96,False
4706,3.701200000705285e-05,9.885700001177611e-05,6.985999988273761e-06,9.546000001137145e-06,8.931100001063896e-05,4.20599999984006e-06,96,False
4707,3.96679999994376e-05,9.486299998684444e-05,6.538999997474093e-06,8.03600002541316e-06,8.682699996143128e-05,3.7929999905372824e-06,96,False
4708,3.8119999999253196e-05,8.894999999142783e-05,6.179999985533868e-06,7.2659999830193556e-06,8.168400000840847e-05,3.603999999768348e-06,96,False
4709,3.770799997937502e-05,8.766700000251149e-05,6.376999976964726e-06,7.267999990290264e-06,8.039900001222122e-05,3.423999999085936e-06,96,False
4710,3.673800000569827e-05,8.828700001117795e-05,6.213000006027869e-06,7.333000013431956e-06,8.0953999997746e-05,3.28200002286394e-06,96,False
4711,3.689500002224122e-05,8.820799999398332e-05,5.977000000711996e-06,7.4619999850256136e-06,8.074600000895771e-05,3.595999999106425e-06,96,False
4712,3.670499998520427e-05,8.79500000223743e-05,5.990999994764934e-06,7.4490000088189845e-06,8.050100001355531e-05,3.478999985873088e-06,96,False
4713,3.6468999979888395e-05,8.715499998857013e-05,6.1370000139504555e-06,7.391999986339215e-06,7.976300000223091e-05,3.3400000063465995e-06,96,False
4714,3.652899999906367e-05,8.491200000548815e-05,6.603000002769477e-06,6.828000010727919e-06,7.808399999476023e-05,3.2389999944371084e-06,96,False
4715,3.693900001167094e-05,8.675099999777558e-05,6.201999980248729e-06,6.983999981002853e-06,7.976700001677273e-05,3.4939999977723346e-06,96,False
4716,3.7902999991956676e-05,8.765999999127416e-05,6.208999991486053e-06,7.2999999929379555e-06,8.03599999983362e-05,3.383999995776321e-06,96,False
4717,3.648500000963395e-05,0.00013895699999011413,6.759999990890719e-06,1.2419000000818414e-05,0.0001265379999892957,4.683000014438221e-06,96,False
4718,4.0011999999478576e-05,0.00012803599997823767,6.8970000199897186e-06,1.1948999997457577e-05,0.00011608699998078009,4.77599999726408e-06,96,False
4719,3.961999999546606e-05,0.00010195300001214491,6.222999985538991e-06,7.680999999593041e-06,9.427200001255187e-05,1.4751999998452447e-05,96,False
4720,3.8014000011799e-05,8.832700001448757e-05,5.7370000092760165e-06,7.596999978431995e-06,8.073000003605557e-05,3.411000022879307e-06,96,False
4721,3.688600000373299e-05,8.68989999958103e-05,5.869000005986891e-06,7.229000004826958e-06,7.966999999098334e-05,3.4489999904963042e-06,96,False
4722,4.328999997937899e-05,9.334200001376303e-05,5.387999976846913e-06,9.17599999183949e-06,8.416600002192354e-05,3.6389999991115474e-06,96,False
4723,3.7049000013666955e-05,8.738300002164578e-05,5.741999984820723e-06,7.079999988945929e-06,8.030300003269986e-05,3.1980000017028942e-06,96,False
4724,3.7835000000541186e-05,8.901499998614781e-05,5.617999988771771e-06,7.452999994939091e-06,8.156199999120872e-05,3.5559999957968103e-06,96,False
4725,3.7583999983326066e-05,8.757099999456841e-05,5.4260000013073295e-06,7.095000000845175e-06,8.047599999372324e-05,3.5969999885310244e-06,96,False
4726,3.645399999641086e-05,8.809199999859629e-05,5.526999984795111e-06,7.4570000094809075e-06,8.063499998911539e-05,3.3720000089942914e-06,96,False
4727,3.696599998193051e-05,8.614099999704194e-05,5.627999996704602e-06,7.539999984373935e-06,7.860100001266801e-05,3.274000022202017e-06,96,False
4728,3.543500000091626e-05,8.889399998679437e-05,5.419000018491715e-06,7.019999998192361e-06,8.187399998860201e-05,3.500000019585059e-06,96,False
4729,3.616899999769885e-05,8.732400002031682e-05,5.525999995370512e-06,7.5119999962680595e-06,7.981200002404876e-05,3.4370000037142745e-06,96,False
4730,3.671299998586619e-05,8.547799998837036e-05,6.4349999888690945e-06,6.926999986944793e-06,7.855100000142556e-05,3.2890000056795543e-06,96,False
4731,7.021299998655195e-05,9.413099999733276e-05,6.6200000219396316e-06,8.347999994384736e-06,8.578300000294803e-05,4.214000000501983e-06,96,False
4732,3.734000000576998e-05,8.780899997873348e-05,6.148000011307886e-06,7.332999985010247e-06,8.047599999372324e-05,3.1259999957455875e-06,96,False
4733,3.7437999992562254e-05,8.786899999790876e-05,6.09800000006544e-06,7.353000000875909e-06,8.051599999703285e-05,3.4539999944627198e-06,96,False
4734,3.778299998202783e-05,8.738299999322408e-05,6.1840000000756845e-06,6.848999987596471e-06,8.05340000056276e-05,3.4850000076858123e-06,96,False
4735,3.646499999376829e-05,8.723000001964465e-05,6.0220000079880265e-06,7.08999999687876e-06,8.014000002276589e-05,3.379999981234505e-06,96,False
4736,3.9488999988179785e-05,8.567999998376763e-05,4.2199999995773396e-05,6.590000026562848e-06,7.908999995720478e-05,3.6239999872123008e-06,96,False
4737,4.259100001036131e-05,9.194800000500436e-05,6.662999993523044e-06,7.173000000193497e-06,8.477500000481086e-05,3.7599999984649912e-06,96,False
4738,3.8633000002619156e-05,8.952099997827645e-05,6.053000021211119e-06,7.703999983732501e-06,8.181699999454395e-05,3.579999997782579e-06,96,False
4739,3.79800000018804e-05,8.642199998121214e-05,6.33700000207682e-06,7.114999988289128e-06,7.930699999292301e-05,3.648999978622669e-06,96,False
4740,3.718899998261804e-05,0.0001221040000132234,6.660999986252136e-06,1.0892000005924274e-05,0.00011121200000729914,4.2290000124012295e-06,96,False
4741,3.9843000024575304e-05,0.000139116000013928,6.83900000808535e-06,7.5140000035389676e-06,0.00013160200001038902,3.6410000063824555e-06,96,False
4742,4.607300002135162e-05,0.00015356999998061838,6.704000014678968e-06,9.146999985887305e-06,0.00014442299999473107,2.247600002647232e-05,96,False
4743,4.0742000010141055e-05,9.189500002548812e-05,6.452000008039249e-06,8.111999989068863e-06,8.378300003641925e-05,3.783000011026161e-06,96,False
4744,3.94249999828844e-05,8.917600001723258e-05,6.156000011969809e-06,7.064999977046682e-06,8.21110000401859e-05,3.491000001076827e-06,96,False
4745,3.672799999776544e-05,8.769400000119276e-05,6.302000002733621e-06,7.396000000881031e-06,8.029800000031173e-05,3.2559999851855537e-06,96,False
4746,3.739999999652355e-05,8.863200000064353e-05,6.106000000727363e-06,7.369000002199755e-06,8.126299999844377e-05,3.517000010333504e-06,96,False
4747,3.6034000004292466e-05,8.636400002615119e-05,6.213999995452468e-06,7.060000001501976e-06,7.930400002464921e-05,3.573000014966965e-06,96,False
4748,3.616800000827425e-05,8.884600001124454e-05,6.339000009347728e-06,7.662999990998287e-06,8.118300002024625e-05,3.549000012981196e-06,96,False
4749,3.6319999992429075e-05,8.755900000778638e-05,6.482000003416033e-06,7.062999998197483e-06,8.04960000095889e-05,3.472999992482073e-06,96,False
4750,4.151499999238695e-05,8.807000000388143e-05,6.5339999935076776e-06,7.473000010804753e-06,8.059699999307668e-05,3.7220000024262845e-06,96,False
4751,3.6284000003661276e-05,8.70419999898786e-05,6.082999988166193e-06,7.232000001522465e-06,7.980999998835614e-05,3.6239999872123008e-06,96,False
4752,3.696699999977682e-05,0.00010609399998884328,9.943000009116076e-06,6.69099998162892e-06,9.940300000721436e-05,3.4779999964484887e-06,96,False
4753,7.038499998657244e-05,0.00010975000000712498,7.783999990351731e-06,9.765000015704572e-06,9.998499999142041e-05,5.616000009922573e-06,96,False
4754,4.388599998605969e-05,0.0001452109999888762,1.032599999462036e-05,1.5736000023025554e-05,0.00012947499996585066,6.499000022586188e-06,96,False
4755,5.4329999983337984e-05,0.00011194800001135263,8.314000012887846e-06,9.76900000182468e-06,0.00010217900000952795,4.504999992605008e-06,96,False
4756,4.7125000008918505e-05,9.061499997642386e-05,6.714000022611799e-06,7.30600001475068e-06,8.330899996167318e-05,3.599999985226532e-06,96,False
4757,3.767100000118262e-05,8.868300000131057e-05,6.47400000275411e-06,7.26000001805005e-06,8.142299998326052e-05,3.371999980572582e-06,96,False
4758,3.819500000190601e-05,8.78470000031939e-05,6.521999978303938e-06,7.3680000127751555e-06,8.047899999041874e-05,3.470999985211165e-06,96,False
4759,3.731900000047972e-05,8.790800001179377e-05,6.5110000093682174e-06,7.243999988304495e-06,8.066400002348928e-05,3.507000002400673e-06,96,False
4760,3.7700000007134804e-05,9.202200001823257e-05,6.2100000093323615e-06,7.353999990300508e-06,8.466800002793207e-05,3.311000000394415e-06,96,False
4761,3.718300001764874e-05,8.935200000337318e-05,6.265999985544113e-06,7.227999986980649e-06,8.212400001639253e-05,3.63600000241604e-06,96,False
4762,3.7403999982643654e-05,8.796099999131002e-05,6.079000002046087e-06,7.189999990941942e-06,8.077100000036808e-05,3.6719999911838386e-06,96,False
4763,3.865299999006311e-05,8.794899997610628e-05,6.063000000722241e-06,7.473000010804753e-06,8.047599996530153e-05,3.4939999977723346e-06,96,False
4764,3.891500000463566e-05,8.763100001374369e-05,6.10899999742287e-06,7.0990000153869914e-06,8.05319999983567e-05,3.5099999990961805e-06,96,False
4765,3.786100000979786e-05,8.807300000057694e-05,5.982999994103011e-06,7.127000003492867e-06,8.094599999708407e-05,3.6189999832458852e-06,96,False
4766,0.0001901879999763878,0.0001057129999821882,7.042000021328931e-06,1.0857999996005674e-05,9.485499998618252e-05,4.5480000210318394e-06,96,False
4767,4.108100000621562e-05,9.119999998574713e-05,6.125999988171316e-06,7.928000002266344e-06,8.327199998348078e-05,3.7609999878895906e-06,96,False
4768,3.887500000132604e-05,8.970100000738057e-05,6.471999995483202e-06,7.5589999823932885e-06,8.214200002498728e-05,3.668000005063732e-06,96,False
4769,3.664299998717979e-05,8.800399999131514e-05,6.276999982901543e-06,7.680999999593041e-06,8.03229999917221e-05,3.6499999964689778e-06,96,False
4770,3.7708999997221326e-05,8.772399999656955e-05,6.065000007993149e-06,7.504999985030736e-06,8.021900001153881e-05,3.4530000050381204e-06,96,False
4771,3.712100001962426e-05,8.602700000892582e-05,6.339000009347728e-06,6.67899999484689e-06,7.934800001407893e-05,3.3820000169271225e-06,96,False
4772,3.675599998587131e-05,0.0002802459999884377,1.37120000260893e-05,6.321099999695434e-05,0.00021703499999148335,1.1937000010675547e-05,96,False
4773,6.278899999756504e-05,0.00010523399998874083,7.889000016803038e-06,9.65499998528685e-06,9.557900000345398e-05,4.512999993266931e-06,96,False
4774,4.1574000022137625e-05,9.409800000526047e-05,6.67999998427149e-06,7.858000003579946e-06,8.624000000168053e-05,3.777000017635146e-06,96,False
4775,4.022000001668857e-05,9.186299999441871e-05,2.4967999991076795e-05,7.35100002202671e-06,8.4511999972392e-05,3.934000005756388e-06,96,False
4776,5.629499997894527e-05,9.757599997328725e-05,6.773000023940767e-06,8.44500002017412e-06,8.913099995311313e-05,4.112000027589602e-06,96,False
4777,3.975900000341426e-05,8.978199997500269e-05,6.624000008059738e-06,7.4570000094809075e-06,8.232499996552178e-05,3.773999992517929e-06,96,False
4778,3.8096999986692026e-05,0.00010900799998125876,1.0460999988026742e-05,7.827999979781453e-06,0.00010118000000147731,3.721999974004575e-06,96,False
4779,7.406899999296002e-05,0.00010980100000779203,7.3940000220318325e-06,9.747999996534418e-06,0.00010005300001125761,5.3370000046015775e-06,96,False
4780,4.280200002426682e-05,9.480500000336178e-05,7.035999999516207e-06,8.09299999104951e-06,8.671200001231227e-05,3.918999993857142e-06,96,False
4781,5.721800002334021e-05,0.00011943000001224391,9.258999995154227e-06,1.2999999995599865e-05,0.00010643000001664404,5.415000003949899e-06,96,False
4782,4.536700001267491e-05,9.529400000474197e-05,6.857000016680104e-06,7.646000000249842e-06,8.764800000449213e-05,3.939000009722804e-06,96,False
4783,4.049399998962144e-05,9.175400001026901e-05,6.78199998560558e-06,7.828999997627761e-06,8.392500001264125e-05,3.884000022935652e-06,96,False
4784,3.8850999999340274e-05,9.14369999804876e-05,6.613000010702308e-06,7.866000004241869e-06,8.357099997624573e-05,3.5420000017438724e-06,96,False
4785,3.820300000256793e-05,8.893099999340848e-05,6.6650000007939525e-06,7.64799997909904e-06,8.128300001430944e-05,3.6510000143152865e-06,96,False
4786,3.811499999528678e-05,0.0001114449999874978,7.345999989638585e-06,7.907999986400682e-06,0.00010353700000109711,3.644000003077963e-06,96,False
4787,4.86010000031456e-05,0.00011193200001002879,6.470999977636893e-06,8.323999992398967e-06,0.00010360800001762982,4.119999999829815e-06,96,False
4788,3.9170999997395484e-05,9.235000001694971e-05,6.453999986888448e-06,8.191000006263494e-06,8.415900001068621e-05,3.7669999812806054e-06,96,False
4789,3.75920000124097e-05,9.024799999224342e-05,6.7640000054325355e-06,7.781000022077933e-06,8.246699997016549e-05,3.6819999991166696e-06,96,False
4790,3.714700000045923e-05,8.708699999715463e-05,5.633000000671018e-06,7.056000015381869e-06,8.003099998177277e-05,3.5200000070290116e-06,96,False
4791,3.709299997467497e-05,8.739699998727701e-05,6.455999994159356e-06,6.961999986287992e-06,8.043500000098902e-05,3.3339999845338752e-06,96,False
4792,3.624499998977626e-05,0.00011695400002054157,7.398999997576539e-06,7.451000016089893e-06,0.00010950300000445168,3.359000004365953e-06,96,False
4793,4.8297999995838836e-05,9.447499999737374e-05,6.1499999901570845e-06,8.197999989079108e-06,8.627700000829464e-05,4.130999997187246e-06,96,False
4794,3.849199998740005e-05,8.883699999273631e-05,5.968000010625474e-06,7.856999985733637e-06,8.098000000700267e-05,3.458000009004536e-06,96,False
4795,3.763699999126402e-05,8.819799998605049e-05,5.98300002252472e-06,7.2370000054888806e-06,8.096099998056161e-05,3.3780000023853063e-06,96,False
4796,3.790000002368288e-05,8.83399999906942e-05,5.9959999987313495e-06,7.498000002215122e-06,8.084199998847907e-05,3.6469999997734703e-06,96,False
4797,3.720199998724638e-05,8.764699998664582e-05,6.522999996150247e-06,7.267999990290264e-06,8.037899999635556e-05,3.436000014289675e-06,96,False
4798,3.7264000013692566e-05,0.00010794499999633445,7.058999983655667e-06,7.3809999889817846e-06,0.00010056400000735266,3.393000014284553e-06,96,False
4799,4.9085999989983975e-05,9.38950000204386e-05,6.033999994770056e-06,8.20700000758734e-06,8.568800001285126e-05,4.086000018332925e-06,96,False
4800,3.7619000011090975e-05,8.944600000404535e-05,6.286000001409775e-06,7.375999985015369e-06,8.207000001902998e-05,3.648000017619779e-06,96,False
4801,3.781600000252183e-05,8.771999998202773e-05,6.1840000000756845e-06,7.278999987647694e-06,8.044099999438004e-05,3.3940000037091522e-06,96,False
4802,3.740799999718547e-05,8.898799998746654e-05,6.020000000717118e-06,7.240999991608987e-06,8.174699999585755e-05,3.450000008342613e-06,96,False
4803,3.720399999451729e-05,0.00010477600000058374,6.659000007402938e-06,1.0248000023693749e-05,9.452799997688999e-05,4.219000004468398e-06,96,False
4804,3.994099998294587e-05,0.00011398200001622172,6.888999990906086e-06,7.346999979063185e-06,0.00010663500003715853,3.6710000017592392e-06,96,False
4805,4.319899997540233e-05,9.22060000050351e-05,5.84700001127203e-06,8.076999989725664e-06,8.412900001530943e-05,3.976000016336911e-06,96,False
4806,3.778800001441596e-05,8.864100001915176e-05,4.1689999989102944e-05,7.240999991608987e-06,8.140000002754277e-05,3.399999997100167e-06,96,False
4807,4.6268999994936166e-05,9.008500001073116e-05,7.0330000028207e-06,7.849000013493423e-06,8.223599999723774e-05,3.641999995807055e-06,96,False
4808,0.0001255780000235518,0.00019278100000974518,1.5100000013035242e-05,2.4827999993703997e-05,0.0001679530000160412,9.624999989910066e-06,96,False
4809,6.679800000597425e-05,0.0001369089999911921,1.0518999999931111e-05,1.31539999870256e-05,0.0001237550000041665,5.504000000655651e-06,96,False
4810,5.76740000042264e-05,0.00011804999999753818,7.565000004206013e-06,1.1175999986789975e-05,0.0001068740000107482,5.377000007911192e-06,96,False
4811,4.497399999081608e-05,9.732300000564464e-05,6.62200000078883e-06,8.159000003615802e-06,8.916400000202884e-05,3.7849999898753595e-06,96,False
4812,4.4037000009211624e-05,9.530899998821951e-05,6.585999983599322e-06,8.200999985774615e-06,8.71080000024449e-05,3.737000014325531e-06,96,False
4813,4.131800000095609e-05,9.227600000372149e-05,7.120999981680143e-06,7.788000004893547e-06,8.448799999882795e-05,3.6799999918457615e-06,96,False
4814,4.0162999994208803e-05,9.310499999060085e-05,6.881000018665873e-06,8.05800002012802e-06,8.504699997047283e-05,3.845999998475236e-06,96,False
4815,3.9159000010613454e-05,0.00013565700001549885,7.541000002220244e-06,7.765000020754087e-06,0.00012789199999474476,2.8020000002015877e-05,96,False
4816,4.291399997669032e-05,9.234500001298329e-05,6.440999982260109e-06,8.059999998977219e-06,8.428500001400607e-05,3.910999993195219e-06,96,False
4817,3.866299999799594e-05,9.091500001545683e-05,6.4790000067205256e-06,7.63600002073872e-06,8.32789999947181e-05,3.6760000057256548e-06,96,False
4818,3.7973000019064784e-05,9.100299999431627e-05,6.390000010014774e-06,7.836999998289684e-06,8.316599999602658e-05,3.805999995165621e-06,96,False
4819,3.764800001704316e-05,8.961899999349043e-05,6.423999991511664e-06,7.877000001599299e-06,8.174199999189113e-05,3.492999979926026e-06,96,False
4820,3.7972000001218476e-05,8.926600000336293e-05,6.498000004739879e-06,7.783999990351731e-06,8.14820000130112e-05,3.397999989829259e-06,96,False
4821,4.3169000008447256e-05,8.846099999004764e-05,6.17700001726007e-06,7.643999992978934e-06,8.08169999970687e-05,3.6799999918457615e-06,96,False
4822,3.768099998069374e-05,8.813699997745061e-05,6.170999995447346e-06,7.364999987657939e-06,8.077199998979268e-05,3.6190000116675947e-06,96,False
4823,3.742100000181381e-05,8.873100000528211e-05,6.373000019266328e-06,7.265000022016466e-06,8.146599998326565e-05,3.7119999944934534e-06,96,False
4824,3.700799999251103e-05,0.00015267699998844364,9.564999999156498e-06,1.9054000006235583e-05,0.00013362299998220806,7.105000008778006e-06,96,False
4825,4.9483999987387506e-05,9.797299998126618e-05,7.2479999744246015e-06,8.28599999636026e-06,8.968699998490592e-05,4.028999995853155e-06,96,False
4826,4.2120999978578766e-05,9.399699999335098e-05,6.933000008757517e-06,8.280999992393845e-06,8.571600000095714e-05,3.832999993846897e-06,96,False
4827,7.155500000521897e-05,0.00011983199999576755,8.790999999064297e-06,1.2738999998873624e-05,0.00010709299999689392,5.729999998038693e-06,96,False
4828,4.629699998304204e-05,0.00011757000001466622,7.917000004908914e-06,1.1860000000751825e-05,0.0001057100000139144,4.998999997951614e-06,96,False
4829,4.4467999998687446e-05,9.444899998811707e-05,6.6810000021177984e-06,8.429000018850275e-06,8.601999996926679e-05,3.9909999998144485e-06,96,False
4830,3.8748000008581585e-05,0.00010538600000131737,6.777000010060874e-06,7.768000017449594e-06,9.761799998386778e-05,3.49900000173875e-06,96,False
4831,3.941199997825606e-05,8.934900000667767e-05,7.054000008110961e-06,8.107000013524157e-06,8.124199999315351e-05,3.593999991835517e-06,96,False
4832,3.865999997287872e-05,0.0001191140000003088,7.027999998854284e-06,7.797999984404669e-06,0.00011131600001590414,3.5010000090096582e-06,96,False
4833,4.2760000013686295e-05,9.200299999179151e-05,6.775999992214565e-06,8.101999981136032e-06,8.390100001065548e-05,3.7849999898753595e-06,96,False
4834,3.90360000039891e-05,8.911900002317452e-05,6.205000005365946e-06,7.277000008798495e-06,8.184200001437603e-05,3.563000007034134e-06,96,False
4835,4.1595999988430776e-05,8.923800001525706e-05,5.992000012611243e-06,7.366999994928847e-06,8.187100002032821e-05,3.4149999805777043e-06,96,False
4836,3.817199998934484e-05,8.864500000527187e-05,5.998999995426857e-06,7.0389999962117145e-06,8.160600000906015e-05,3.4699999957865657e-06,96,False
4837,3.681300000835108e-05,8.780400000318878e-05,6.181999992804776e-06,7.3340000028565555e-06,8.047000000033222e-05,3.644000003077963e-06,96,False
4838,3.698699998722077e-05,0.0001016349999929389,6.822999978339794e-06,9.849999997868508e-06,9.178499999507039e-05,4.185999983974398e-06,96,False
4839,4.0572999978394364e-05,9.063200002401572e-05,6.694999996170736e-06,7.891999985076836e-06,8.274000003893889e-05,3.577999990511671e-06,96,False
4840,3.7959999986014736e-05,8.969799998226335e-05,6.361000004062589e-06,7.606999986364826e-06,8.209099999589853e-05,3.617999993821286e-06,96,False
4841,3.80490000111422e-05,8.964600002059342e-05,6.659999996827537e-06,7.664000008844596e-06,8.198200001174882e-05,3.5639999964587332e-06,96,False
4842,3.849000000855085e-05,8.819399999993038e-05,6.3720000014200195e-06,7.312000008141695e-06,8.088199999178869e-05,3.518999989182703e-06,96,False
4843,3.8862999986122304e-05,8.679999999117172e-05,6.144999986190669e-06,7.053999979689252e-06,7.974600001148247e-05,3.5500000024057954e-06,96,False
4844,3.7176000006411414e-05,8.67599999878621e-05,6.365999979607295e-06,7.000000010748408e-06,7.97599999771137e-05,3.7000000077114237e-06,96,False
4845,3.729600001634026e-05,8.857400001716087e-05,5.9779999901365954e-06,7.287999977734216e-06,8.128600003942665e-05,3.660999993826408e-06,96,False
4846,3.70650000149908e-05,8.659099998453712e-05,6.0609999934513326e-06,7.464000020718231e-06,7.912699996381889e-05,3.444999975954488e-06,96,False
4847,3.638100000102895e-05,8.66870000209019e-05,6.47400000275411e-06,7.416000016746693e-06,7.927100000415521e-05,3.426000006356844e-06,96,False
4848,3.655400001889575e-05,8.772699999326505e-05,6.065999997417748e-06,6.901999995534425e-06,8.082499999773063e-05,3.507000002400673e-06,96,False
4849,3.7219000006416536e-05,0.00013853800001584204,7.08900000745416e-06,7.083999975066035e-06,0.000131454000040776,6.629000012026154e-06,96,False
4850,4.147900000361915e-05,0.00013034400001288304,7.194999994908358e-06,1.1013999994702317e-05,0.00011933000001818073,4.532999980710883e-06,96,False
4851,4.0844000011475146e-05,9.178499999507039e-05,6.289999987529882e-06,8.006999991039265e-06,8.377800000403113e-05,3.5249999825737177e-06,96,False
4852,3.772899998466528e-05,8.870199999932993e-05,6.148000011307886e-06,7.766000010178686e-06,8.093599998915124e-05,3.894000002446774e-06,96,False
4853,3.776399998400848e-05,8.962100000076134e-05,6.229999996776314e-06,7.097999997540683e-06,8.252300000322066e-05,3.565000014305042e-06,96,False
4854,3.807799998867267e-05,0.0001131359999817505,6.53099999681217e-06,6.9629999757125915e-06,0.00010617300000603791,3.379999981234505e-06,96,False
4855,3.843299998607108e-05,8.889999998018538e-05,6.187999986195791e-06,7.2530000068127265e-06,8.164699997337266e-05,3.6030000103437487e-06,96,False
4856,4.182300000366013e-05,8.946099998752288e-05,6.141000000070562e-06,7.5199999969299824e-06,8.19409999905929e-05,3.6180000222429953e-06,96,False
4857,3.856199998608645e-05,8.751499998993495e-05,6.786999989571996e-06,7.446000012123477e-06,8.006899997781147e-05,3.491000001076827e-06,96,False
4858,3.768999999920197e-05,8.890199998745629e-05,9.718799998381655e-05,7.428000003528723e-06,8.147399998392757e-05,3.7360000249009317e-06,96,False
4859,0.0001538919999859445,0.00015340799998853072,1.1680999989494012e-05,1.5415999996548635e-05,0.00013799199999198208,8.223999998335785e-06,96,False
4860,5.4740999985369854e-05,0.00012420000001611697,9.314999999787688e-06,1.2897999994265774e-05,0.0001113020000218512,5.451000021139407e-06,96,False
4861,5.047199999808072e-05,0.00010609699998553879,7.772000003569701e-06,9.363000003759225e-06,9.673399998177956e-05,4.49099999855207e-06,96,False
4862,8.762900000647278e-05,0.00011999500000570151,8.738999980550943e-06,1.1753999984875918e-05,0.0001082410000208256,5.2740000171525026e-06,96,False
4863,4.8742000018364706e-05,0.00012436699998374934,7.909000004246991e-06,9.132999991834367e-06,0.00011523399999191497,4.173000007767769e-06,96,False
4864,4.443299999934425e-05,9.943300000259114e-05,7.490999990977798e-06,8.634000010943055e-06,9.079899999164809e-05,4.133999993882753e-06,96,False
4865,4.279699999187869e-05,9.624100002270097e-05,7.369000002199755e-06,8.298000011564e-06,8.794300001113697e-05,3.705000011677839e-06,96,False
4866,4.067800000484567e-05,0.00012169800001515796,7.6290000095013966e-06,7.788999994318146e-06,0.00011390900002083981,3.877000011698328e-06,96,False
4867,4.849000001172499e-05,0.00010059699999942495,6.820999999490596e-06,8.6519999911161e-06,9.194500000830885e-05,4.4090000130836415e-06,96,False
4868,4.044900001076712e-05,9.525400000143236e-05,6.85000000544278e-06,8.193000013534402e-06,8.706099998789796e-05,3.878999990547527e-06,96,False
4869,4.0398999999524676e-05,9.282499999585525e-05,6.5920000054120464e-06,7.720000013478057e-06,8.51049999823772e-05,3.6369999918406393e-06,96,False
4870,3.85799999946812e-05,8.988199999748758e-05,6.664000011369353e-06,7.655000018758074e-06,8.222699997872951e-05,3.4050000010665826e-06,96,False
4871,3.920100002119398e-05,9.283800000048359e-05,6.888999990906086e-06,8.143000002291956e-06,8.469499999819163e-05,3.561999989187825e-06,96,False
4872,3.888000000529246e-05,0.00012476300000230367,6.759999990890719e-06,7.234000008793373e-06,0.0001175289999935103,3.2990000136123854e-06,96,False
4873,4.339200000913479e-05,0.0001256150000017442,6.828000010727919e-06,8.496000020841166e-06,0.00011711899998090303,3.660999993826408e-06,96,False
4874,7.19840000158456e-05,9.973800001716882e-05,6.5769999935128e-06,9.105999993153091e-06,9.063200002401572e-05,4.238999991912351e-06,96,False
4875,4.0573000006816073e-05,9.054500000615917e-05,6.5600000027643546e-06,7.959999976492327e-06,8.258500002966684e-05,3.2319999831997848e-06,96,False
4876,3.800900000783258e-05,9.046099998499813e-05,4.3080000011741504e-05,7.492999998248706e-06,8.296799998674942e-05,3.507000002400673e-06,96,False
4877,4.2974999985290196e-05,0.0002526750000129141,1.828399999226349e-05,7.424999978411506e-06,0.0002452500000345026,3.7949999978081905e-06,96,False
4878,0.00010921399999119785,0.00014663299998574075,8.870000016258928e-06,1.3856999999006803e-05,0.00013277599998673395,8.224999987760384e-06,96,False
4879,5.322000001228844e-05,0.00010755900001413465,7.56800000090152e-06,8.917999991808756e-06,9.86410000223259e-05,4.2210000117393065e-06,96,False
4880,4.6396000016102334e-05,9.976200001915458e-05,8.04799998377348e-06,7.995999993681835e-06,9.176600002547275e-05,3.87500000442742e-06,96,False
4881,4.2849999999816646e-05,9.685899999567482e-05,7.247000013421712e-06,8.226000005606693e-06,8.863299999006813e-05,3.6840000063875777e-06,96,False
4882,4.195399998252469e-05,9.340999997675681e-05,6.807999994862257e-06,7.745000004888425e-06,8.566499997186838e-05,3.5260000004200265e-06,96,False
4883,4.016899998759982e-05,9.187799997789625e-05,6.250999973644866e-06,7.550000020728476e-06,8.432799995716778e-05,3.885000012360251e-06,96,False
4884,3.864100000328108e-05,9.024499999554791e-05,5.672999975558923e-06,7.632000006196904e-06,8.261299998935101e-05,3.4850000076858123e-06,96,False
4885,3.8270000004558824e-05,0.00013807599998472142,7.675999995626626e-06,3.321599999139835e-05,0.00010485999999332307,6.016000014597012e-06,96,False
4886,4.200999998715815e-05,9.378899997614099e-05,6.632999998146261e-06,8.535999995729071e-06,8.525299998041191e-05,3.641999995807055e-06,96,False
4887,3.902900002117349e-05,0.00010709200000746932,9.675999990577111e-06,8.515000018860519e-06,9.85769999886088e-05,3.633999995145132e-06,96,False
4888,7.7368999995997e-05,0.00013012400000889102,7.76199999563687e-06,1.1723999989499134e-05,0.00011840000001939188,6.528999989541262e-06,96,False
4889,4.271700001368117e-05,9.356900000057067e-05,5.8469999828503205e-06,8.016000009547497e-06,8.555299999102317e-05,3.79599998723279e-06,96,False
4890,3.9694999998118874e-05,9.205599999972947e-05,7.401000004847447e-06,7.562999996935105e-06,8.449300000279436e-05,3.7810000037552527e-06,96,False
4891,3.882500001850531e-05,9.06619999909708e-05,6.5840000047501235e-06,7.870999979786575e-06,8.279100001118422e-05,3.6710000017592392e-06,96,False
4892,4.1004000024713605e-05,8.98879999908786e-05,6.779999978334672e-06,7.766000010178686e-06,8.212199998069991e-05,3.5889999878691015e-06,96,False
4893,3.812999997876432e-05,0.00018427900002393471,9.478999999146254e-06,7.479000004195768e-06,0.00017680000001973895,3.4610000057000434e-06,96,False
4894,5.358499998919797e-05,0.00010394299999916257,6.560999992188954e-06,9.50500000840293e-06,9.443799999075964e-05,4.781000001230495e-06,96,False
4895,4.157699999041142e-05,9.450600001059684e-05,5.9070000020255975e-06,8.437999980515087e-06,8.606800003008175e-05,3.89800001698859e-06,96,False
4896,7.238499998152292e-05,9.884299998930146e-05,5.997000016577658e-06,8.85599999378428e-06,8.998699999551718e-05,4.423000007136579e-06,96,False
4897,3.909399998747176e-05,9.134699999435725e-05,5.629000014550911e-06,7.715000009511641e-06,8.36319999848456e-05,3.7629999951604987e-06,96,False
4898,3.82629999933215e-05,9.151499997983592e-05,5.466000004616944e-06,7.998000000952743e-06,8.351699997888318e-05,3.541000012319273e-06,96,False
4899,3.7765999991279386e-05,8.962799998357696e-05,5.917999999383028e-06,7.632000006196904e-06,8.199599997738005e-05,3.777000017635146e-06,96,False
4900,3.8244000023723856e-05,8.997300000146424e-05,5.7739999874684145e-06,7.1540000021741434e-06,8.28189999992901e-05,3.6739999984547467e-06,96,False
4901,3.735199999255201e-05,8.814800000322975e-05,5.574999988766649e-06,7.2710000154074805e-06,8.087699998782227e-05,3.3860000030472293e-06,96,False
4902,3.826500000059241e-05,8.860700000923316e-05,5.281999989392716e-06,7.205000002841189e-06,8.140200000639197e-05,3.5930000024109177e-06,96,False
4903,3.856300000393276e-05,8.861499998147337e-05,5.297000001291963e-06,7.514999992963567e-06,8.109999998850981e-05,3.5179999997581035e-06,96,False
4904,3.6958000009690295e-05,9.057799999823146e-05,5.328000014515055e-06,7.48899998370689e-06,8.308900001452457e-05,3.5379999872020562e-06,96,False
4905,3.8167000013800134e-05,8.899499999870386e-05,5.502999982809342e-06,7.221999993589634e-06,8.177300000511423e-05,3.3780000023853063e-06,96,False
4906,4.078599999957078e-05,9.008600000015576e-05,5.358999999316438e-06,7.034999981669898e-06,8.305100001848587e-05,3.65800002555261e-06,96,False
4907,3.735300001039832e-05,8.84119999966515e-05,5.386999987422314e-06,7.08900000745416e-06,8.132299998919734e-05,3.6170000043966866e-06,96,False
4908,3.772499999854517e-05,0.00012682900000982045,5.971000007320981e-06,1.095299998610244e-05,0.000115876000023718,4.3809999965560564e-06,96,False
4909,3.9966000002777946e-05,9.010000002263041e-05,5.788999999367661e-06,7.721999992327255e-06,8.237800003030316e-05,3.5360000083528575e-06,96,False
4910,0.00023408599997765123,0.00037000400001829803,1.112500001454464e-05,1.9713000000365355e-05,0.0003502910000179327,7.575000012138844e-06,96,False
4911,5.347700002289457e-05,0.0001003320000165786,6.786000000147396e-06,8.977999982562324e-06,9.135400003401628e-05,4.157000006443923e-06,96,False
4912,4.1152999983751215e-05,9.353400000122747e-05,4.4675999987475734e-05,7.782000011502532e-06,8.575199998972494e-05,3.5900000057154102e-06,96,False
4913,5.720599997971476e-05,9.889300000054391e-05,6.165000002056331e-06,8.949000005031849e-06,8.994399999551206e-05,4.448999987971547e-06,96,False
4914,4.006399998957022e-05,0.0001351470000088284,6.2389999868628365e-06,1.1563999976260675e-05,0.00012358300003256772,4.564999983358575e-06,96,False
4915,4.292299999519855e-05,9.274800001435324e-05,5.729999998038693e-06,7.92199998045362e-06,8.482600003389962e-05,3.4870000149567204e-06,96,False
4916,3.993699999682576e-05,9.132299999237148e-05,5.72199999737677e-06,7.782000011502532e-06,8.354099998086895e-05,3.6209999905167933e-06,96,False
4917,3.768599998466016e-05,9.079500000552798e-05,5.601999987447925e-06,7.85399998903813e-06,8.294100001648985e-05,3.4810000215657055e-06,96,False
4918,3.7732999999207095e-05,8.848300001318421e-05,5.438000016511069e-06,7.500999998910629e-06,8.098200001427358e-05,3.4130000017285056e-06,96,False
4919,3.845800000590316e-05,8.95340000113265e-05,5.491999985451912e-06,7.684000024710258e-06,8.184999998661624e-05,3.5820000050534873e-06,96,False
4920,4.2393999990508746e-05,0.00012980700000753131,6.546000008711417e-06,1.159299998221286e-05,0.00011821400002531846,4.791999998587926e-06,96,False
4921,4.073399998105742e-05,9.213200002022859e-05,5.509999994046666e-06,7.866999993666468e-06,8.426500002656212e-05,3.569999989849748e-06,96,False
4922,3.842000000986445e-05,0.00011139800000137257,6.312000010666452e-06,7.500999998910629e-06,0.00010389700000246194,3.859999992528174e-06,96,False
4923,4.516699999612683e-05,9.403499998938969e-05,5.3399999728753755e-06,8.307999991075121e-06,8.572699999831457e-05,3.9889999925435404e-06,96,False
4924,3.7937999991299876e-05,8.876999999074542e-05,5.634999979520217e-06,7.303000018055172e-06,8.146699997269025e-05,3.3219999977518455e-06,96,False
4925,3.775399997607565e-05,8.830999999531741e-05,5.53999998942345e-06,7.288000006155926e-06,8.102199998916149e-05,3.223999982537862e-06,96,False
4926,0.00013624600001094223,0.00010619500000075277,6.552000002102432e-06,1.0690000010527001e-05,9.550499999022577e-05,4.68499999328742e-06,96,False
4927,4.236400002355367e-05,9.150700000759571e-05,5.586000014545789e-06,7.785999997622639e-06,8.372100000997307e-05,3.8050000057410216e-06,96,False
4928,3.8918999990755765e-05,8.926300000666743e-05,5.670000007285125e-06,7.822000014812147e-06,8.144099999185528e-05,3.5220000142999197e-06,96,False
4929,3.8986000021168365e-05,8.893900002249211e-05,5.743000002667031e-06,7.245999995575403e-06,8.16930000269167e-05,3.573000014966965e-06,96,False
4930,3.7585000001172375e-05,0.00010897600000703278,6.23400001131813e-06,1.056599998605634e-05,9.841000002097644e-05,4.600000011123484e-06,96,False
4931,6.99459999964347e-05,0.00010147500000812215,6.146000004036978e-06,9.439999985261238e-06,9.203500002286091e-05,4.482000008465548e-06,96,False
4932,3.899300000398398e-05,9.205199998518765e-05,5.628000025126312e-06,8.180000008906063e-06,8.387199997628159e-05,3.7880000149925763e-06,96,False
4933,3.803399999924295e-05,8.994899999947847e-05,5.44799999602219e-06,7.483999979740474e-06,8.2465000019738e-05,3.5760000116624724e-06,96,False
4934,4.1621000008262854e-05,0.00013343699998813463,6.5399999868986924e-06,7.204000013416589e-06,0.00012623299997471804,3.6510000143152865e-06,96,False
4935,4.555599997502213e-05,9.528100000011364e-05,5.499000025110945e-06,8.282000010240154e-06,8.699899998987348e-05,3.95500001104665e-06,96,False
4936,3.9125000000694854e-05,0.00012134499999660875,5.880000003344321e-06,7.656999997607272e-06,0.00011368799999900148,3.6389999991115474e-06,96,False
4937,4.251100000374208e-05,9.304899998596738e-05,5.3370000046015775e-06,7.803000016792794e-06,8.524599996917459e-05,4.083999982640307e-06,96,False
4938,3.811600001313309e-05,9.10130000022491e-05,5.571999992071142e-06,7.981000010204298e-06,8.30319999920448e-05,3.480999993143996e-06,96,False
4939,3.76630000005207e-05,8.892700000728837e-05,5.301000015833779e-06,7.76199999563687e-06,8.11650000116515e-05,3.3800000096562144e-06,96,False
4940,3.751199997736876e-05,8.781400001112161e-05,5.525999995370512e-06,7.335999981705754e-06,8.047800002941585e-05,3.703000004406931e-06,96,False
4941,3.711200000111603e-05,8.83040000019264e-05,5.632000011246419e-06,7.503000006181537e-06,8.080099999574486e-05,3.3990000076755678e-06,96,False
4942,3.687500000637556e-05,0.00011175999998158659,6.240999994133745e-06,7.414000009475785e-06,0.0001043459999721108,3.543999980593071e-06,96,False
4943,4.593700001009893e-05,9.311499999853368e-05,5.25499999071144e-06,8.500000006961272e-06,8.46149999915724e-05,4.030000013699464e-06,96,False
4944,3.832099997680416e-05,8.766100000912047e-05,6.74700001468409e-06,7.186999994246435e-06,8.047400001487404e-05,3.3410000241929083e-06,96,False
4945,3.7380999998504194e-05,8.666299999049443e-05,5.4729999874325586e-06,6.810999991557765e-06,7.985199999893666e-05,3.3320000056846766e-06,96,False
4946,3.730500000642678e-05,0.0001504770000053668,8.51499999043881e-06,2.069999999321226e-05,0.00012977700001215453,7.791999991013654e-06,96,False
4947,4.91629999999077e-05,9.79389999997693e-05,7.630999988350595e-06,8.583999999700609e-06,8.935500000006869e-05,3.9990000004763715e-06,96,False
4948,4.164599999967322e-05,0.00013267499997482446,9.19799998655435e-06,1.4200999999047781e-05,0.00011847399997577668,5.888000004006244e-06,96,False
4949,4.6999000005598646e-05,9.762399997725879e-05,6.858999995529302e-06,8.769000004349436e-06,8.885499997290935e-05,4.3180000091069815e-06,96,False
4950,4.0047999988246374e-05,9.177199999044205e-05,6.43999999283551e-06,7.542000020066553e-06,8.42299999703755e-05,3.5399999944729643e-06,96,False
4951,4.004199999485536e-05,9.052400000086891e-05,6.295000019918007e-06,7.54500001676206e-06,8.297899998410685e-05,3.7270000063927e-06,96,False
4952,4.20609999878252e-05,9.040999998433108e-05,6.603000002769477e-06,7.860000010850854e-06,8.254999997348023e-05,3.832999993846897e-06,96,False
4953,3.910800000994641e-05,9.183700001358375e-05,8.112999978493463e-06,7.760000016787671e-06,8.407699999679608e-05,3.5950000096818258e-06,96,False
4954,5.574900001192873e-05,9.784299999182622e-05,4.032999999026288e-05,8.731999997735329e-06,8.911099999409089e-05,4.396999997879902e-06,96,False
4955,4.3159999989939024e-05,9.197800000038114e-05,6.091999978252716e-06,7.734999996955594e-06,8.424300000342555e-05,3.800000001774606e-06,96,False
4956,3.7959999986014736e-05,9.018099999025253e-05,5.948999984184411e-06,7.537999977103027e-06,8.26430000131495e-05,3.6309999984496244e-06,96,False
4957,3.765899998597888e-05,9.056199999690762e-05,5.832999988797383e-06,7.8079999923375e-06,8.275400000457012e-05,3.4169999878486124e-06,96,False
4958,8.145399999648362e-05,9.914399998933732e-05,6.181999992804776e-06,8.497999999690364e-06,9.064599998964695e-05,4.369000009774027e-06,96,False
4959,3.950599997892823e-05,9.119699998905162e-05,5.498000007264636e-06,8.090999983778602e-06,8.310600000527302e-05,3.575999983240763e-06,96,False
4960,3.8839000012558245e-05,8.916400000202884e-05,5.498000007264636e-06,7.5720000154433365e-06,8.15919999865855e-05,3.496999994467842e-06,96,False
4961,3.6799000014298144e-05,8.751899997605506e-05,5.188000017142258e-06,7.667999994964703e-06,7.985099998109035e-05,3.6199999726704846e-06,96,False
4962,3.647200000500561e-05,8.710200000905388e-05,5.61900000661808e-06,7.85299999961353e-06,7.924900000944035e-05,3.4120000123039063e-06,96,False
4963,3.955200000405057e-05,8.82349999926646e-05,6.673999990880475e-06,7.726999996293671e-06,8.050799999637093e-05,3.5079999918252724e-06,96,False
4964,5.9630000009747164e-05,9.882399999128211e-05,6.819000020641397e-06,9.624999989910066e-06,8.919900000137204e-05,4.379999978709748e-06,96,False
4965,3.899199998613767e-05,9.160799999108349e-05,6.345000002738743e-06,8.019999995667604e-06,8.358799999541588e-05,3.7420000182919466e-06,96,False
4966,3.730500000642678e-05,8.920400000533846e-05,6.205000005365946e-06,7.5300000048628135e-06,8.167400000047564e-05,3.53300001165735e-06,96,False
4967,3.695300000572388e-05,8.713799999782168e-05,6.240999994133745e-06,7.59100001346269e-06,7.954699998435899e-05,3.47600001759929e-06,96,False
4968,3.725100000906423e-05,8.694699999978184e-05,6.13200000998404e-06,7.216000000198619e-06,7.973099999958322e-05,3.517000010333504e-06,96,False
4969,3.802300000188552e-05,8.78120000038507e-05,6.168000027173548e-06,7.436000004190646e-06,8.037599999966005e-05,3.4919999905014265e-06,96,False
4970,3.809099999330101e-05,9.91009999893322e-05,6.536000000778586e-06,9.702999989258387e-06,8.939800000007381e-05,4.254999993236197e-06,96,False
4971,3.904000001853092e-05,8.990000000608234e-05,6.5840000047501235e-06,7.576000001563443e-06,8.23240000045189e-05,3.680999981270361e-06,96,False
4972,3.7414000018998195e-05,8.838299999069932e-05,6.29199999480079e-06,7.439999990310753e-06,8.094300000038857e-05,3.3000000030369847e-06,96,False
4973,3.827700001579615e-05,8.776699999657467e-05,6.06399999014684e-06,7.056000015381869e-06,8.07109999811928e-05,3.5780000189333805e-06,96,False
4974,3.681499998720028e-05,8.740399999851434e-05,5.48200000594079e-06,7.035000010091608e-06,8.036899998842273e-05,3.2939999812242604e-06,96,False
4975,3.594999998313142e-05,8.750200001372832e-05,5.455000007259514e-06,7.419000013442201e-06,8.008300000028612e-05,3.37399998784349e-06,96,False
4976,3.7313000007088704e-05,0.0001239990000101443,6.83800001866075e-06,1.0718999988057476e-05,0.00011328000002208682,4.348000004483765e-06,96,False
4977,4.699699999832774e-05,9.058899999558889e-05,6.165000002056331e-06,8.04600000492428e-06,8.254299999066461e-05,3.835000001117805e-06,96,False
4978,3.799899999989975e-05,8.809799999198731e-05,6.070000011959564e-06,7.439999990310753e-06,8.065800000167656e-05,3.547000005710288e-06,96,False
4979,3.717900000310692e-05,9.006700000213641e-05,6.382000009352851e-06,7.622000026685782e-06,8.244499997545063e-05,3.6469999997734703e-06,96,False
4980,3.8132000014456935e-05,8.83390000012696e-05,5.528999992066019e-06,7.312999997566294e-06,8.10260000037033e-05,3.5010000090096582e-06,96,False
4981,3.6580999989155316e-05,0.00010439299998665774,5.764000007957293e-06,7.866000004241869e-06,9.652699998241587e-05,3.5169999819117947e-06,96,False
4982,3.706800001168631e-05,0.00012401500001146815,6.073999998079671e-06,1.1023999974213439e-05,0.00011299100003725471,4.51300002168864e-06,96,False
4983,3.983900001003349e-05,9.250399997995373e-05,6.4509999901929405e-06,7.427000014104124e-06,8.507699996584961e-05,3.5200000070290116e-06,96,False
4984,3.8120999988677795e-05,8.815700002173799e-05,6.07499998750427e-06,7.162000002836066e-06,8.099500001890192e-05,3.6289999911787163e-06,96,False
4985,3.716099999451217e-05,8.76349999998638e-05,5.455000007259514e-06,7.115000016710837e-06,8.051999998315296e-05,3.4390000109851826e-06,96,False
4986,3.718399997865163e-05,8.776300001045456e-05,5.707999974902123e-06,7.667000005540103e-06,8.009600000491446e-05,3.517000010333504e-06,96,False
4987,3.6993000009033494e-05,8.955699999546596e-05,5.867999988140582e-06,7.4779999863494595e-06,8.20790000091165e-05,3.5210000248753204e-06,96,False
4988,3.760399999919173e-05,0.00012545600000635204,6.155999983548099e-06,1.2678000018695457e-05,0.00011277799998765659,5.12899998739158e-06,96,False
4989,3.966299999547118e-05,9.069200001476929e-05,5.490000006602713e-06,7.612000018752951e-06,8.307999999601634e-05,3.686000013658486e-06,96,False
4990,3.7562999978035805e-05,8.891900000662645e-05,5.443000020477484e-06,7.74000000092201e-06,8.117900000570444e-05,3.4380000215605833e-06,96,False
4991,4.443000000264874e-05,8.808999999132539e-05,5.313999992040408e-06,7.618000012143966e-06,8.047199997918142e-05,3.5010000090096582e-06,96,False
4992,3.73820000163505e-05,8.804300000520016e-05,5.497000017840037e-06,7.398000008151939e-06,8.064499999704822e-05,3.620000001092194e-06,96,False
4993,3.740500000048996e-05,8.688200000506185e-05,6.440999982260109e-06,6.659999996827537e-06,8.022200000823432e-05,3.4189999951195205e-06,96,False
4994,3.7686000013081866e-05,0.0008877180000013141,1.4160999995738166e-05,7.16900001407339e-06,0.0008805489999872407,3.286999998408646e-06,96,False
4995,9.827700000641926e-05,0.0001336329999901409,8.927999999741587e-06,1.3286000012158183e-05,0.0001203469999779827,6.116999998084793e-06,96,False
4996,5.307999998649393e-05,0.00010946800000510848,8.291999989751275e-06,1.0105000001203734e-05,9.936300000390474e-05,4.325999981347195e-06,96,False
4997,4.7674000001052264e-05,0.000100473000003376,7.361999990962431e-06,8.611999987806485e-06,9.186100001556952e-05,4.109999991896984e-06,96,False
4998,4.3159000000514425e-05,9.585299997638685e-05,6.581000008054616e-06,8.2640000016454e-06,8.758899997474145e-05,3.96600000840408e-06,96,False
4999,4.184200000167948e-05,0.0001976080000076763,1.3238000008186646e-05,8.154999989073985e-06,0.00018945300001860232,3.886000001784851e-06,96,False
5000,8.969000001002314e-05,0.00015144399998234803,8.51400000101421e-06,1.0507000013149081e-05,0.00014093699996919895,6.506999994826401e-06,96,False
