environment,algorithm,algorithm_id,horizon,seed,step,action,reward,instant_regret,cumulative_regret
logistic_bernoulli,omd_paper_v2_literal,omd_paper_v2_literal,1000,1,1,3,1,0.2892221772768807,0.2892221772768807
logistic_bernoulli,omd_paper_v2_literal,omd_paper_v2_literal,1000,1,2,3,0,0.2892221772768807,0.5784443545537614
logistic_bernoulli,omd_paper_v2_literal,omd_paper_v2_literal,1000,1,3,5,1,0.3216524339139793,0.9000967884677407
logistic_bernoulli,omd_paper_v2_literal,omd_paper_v2_literal,1000,1,4,5,0,0.3216524339139793,1.22174922238172
logistic_bernoulli,omd_paper_v2_literal,omd_paper_v2_literal,1000,1,5,9,1,0.0,1.22174922238172
logistic_bernoulli,omd_paper_v2_literal,omd_paper_v2_literal,1000,1,6,9,0,0.0,1.22174922238172
logistic_bernoulli,omd_paper_v2_literal,omd_paper_v2_literal,1000,1,7,7,0,0.4529323490953845,1.6746815714771044
logistic_bernoulli,omd_paper_v2_literal,omd_paper_v2_literal,1000,1,8,8,0,0.15394454293798776,1.8286261144150922
logistic_bernoulli,omd_paper_v2_literal,omd_paper_v2_literal,1000,1,9,6,1,0.015941344123524215,1.8445674585386165
logistic_bernoulli,omd_paper_v2_literal,omd_paper_v2_literal,1000,1,10,6,1,0.015941344123524215,1.8605088026621406
logistic_bernoulli,omd_paper_v2_literal,omd_paper_v2_literal,1000,1,11,6,1,0.015941344123524215,1.8764501467856647
logistic_bernoulli,omd_paper_v2_literal,omd_paper_v2_literal,1000,1,12,6,1,0.015941344123524215,1.8923914909091888
logistic_bernoulli,omd_paper_v2_literal,omd_paper_v2_literal,1000,1,13,6,0,0.015941344123524215,1.908332835032713
logistic_bernoulli,omd_paper_v2_literal,omd_paper_v2_literal,1000,1,14,6,1,0.015941344123524215,1.924274179156237
logistic_bernoulli,omd_paper_v2_literal,omd_paper_v2_literal,1000,1,15,6,1,0.015941344123524215,1.940215523279761
logistic_bernoulli,omd_paper_v2_literal,omd_paper_v2_literal,1000,1,16,6,1,0.015941344123524215,1.9561568674032852
logistic_bernoulli,omd_paper_v2_literal,omd_paper_v2_literal,1000,1,17,6,0,0.015941344123524215,1.9720982115268093
logistic_bernoulli,omd_paper_v2_literal,omd_paper_v2_literal,1000,1,18,9,1,0.0,1.9720982115268093
logistic_bernoulli,omd_paper_v2_literal,omd_paper_v2_literal,1000,1,19,9,1,0.0,1.9720982115268093
logistic_bernoulli,omd_paper_v2_literal,omd_paper_v2_literal,1000,1,20,9,1,0.0,1.9720982115268093
logistic_bernoulli,omd_paper_v2_literal,omd_paper_v2_literal,1000,1,21,9,0,0.0,1.9720982115268093
logistic_bernoulli,omd_paper_v2_literal,omd_paper_v2_literal,1000,1,22,6,1,0.015941344123524215,1.9880395556503334
logistic_bernoulli,omd_paper_v2_literal,omd_paper_v2_literal,1000,1,23,6,0,0.015941344123524215,2.0039808997738575
logistic_bernoulli,omd_paper_v2_literal,omd_paper_v2_literal,1000,1,24,9,1,0.0,2.0039808997738575
logistic_bernoulli,omd_paper_v2_literal,omd_paper_v2_literal,1000,1,25,9,1,0.0,2.0039808997738575
logistic_bernoulli,omd_paper_v2_literal,omd_paper_v2_literal,1000,1,26,9,1,0.0,2.0039808997738575
logistic_bernoulli,omd_paper_v2_literal,omd_paper_v2_literal,1000,1,27,9,1,0.0,2.0039808997738575
logistic_bernoulli,omd_paper_v2_literal,omd_paper_v2_literal,1000,1,28,9,1,0.0,2.0039808997738575
logistic_bernoulli,omd_paper_v2_literal,omd_paper_v2_literal,1000,1,29,9,0,0.0,2.0039808997738575
logistic_bernoulli,omd_paper_v2_literal,omd_paper_v2_literal,1000,1,30,9,1,0.0,2.0039808997738575
logistic_bernoulli,omd_paper_v2_literal,omd_paper_v2_literal,1000,1,31,9,0,0.0,2.0039808997738575
logistic_bernoulli,omd_paper_v2_literal,omd_paper_v2_literal,1000,1,32,6,1,0.015941344123524215,2.0199222438973816
logistic_bernoulli,omd_paper_v2_literal,omd_paper_v2_literal,1000,1,33,6,1,0.015941344123524215,2.0358635880209057
logistic_bernoulli,omd_paper_v2_literal,omd_paper_v2_literal,1000,1,34,6,0,0.015941344123524215,2.05180493214443
logistic_bernoulli,omd_paper_v2_literal,omd_paper_v2_literal,1000,1,35,2,0,0.16439841495458574,2.2162033470990155
logistic_bernoulli,omd_paper_v2_literal,omd_paper_v2_literal,1000,1,36,9,1,0.0,2.2162033470990155
logistic_bernoulli,omd_paper_v2_literal,omd_paper_v2_literal,1000,1,37,9,1,0.0,2.2162033470990155
logistic_bernoulli,omd_paper_v2_literal,omd_paper_v2_literal,1000,1,38,9,0,0.0,2.2162033470990155
logistic_bernoulli,omd_paper_v2_literal,omd_paper_v2_literal,1000,1,39,9,0,0.0,2.2162033470990155
logistic_bernoulli,omd_paper_v2_literal,omd_paper_v2_literal,1000,1,40,5,0,0.3216524339139793,2.5378557810129947
logistic_bernoulli,omd_paper_v2_literal,omd_paper_v2_literal,1000,1,41,9,1,0.0,2.5378557810129947
logistic_bernoulli,omd_paper_v2_literal,omd_paper_v2_literal,1000,1,42,9,1,0.0,2.5378557810129947
logistic_bernoulli,omd_paper_v2_literal,omd_paper_v2_literal,1000,1,43,9,1,0.0,2.5378557810129947
logistic_bernoulli,omd_paper_v2_literal,omd_paper_v2_literal,1000,1,44,9,1,0.0,2.5378557810129947
logistic_bernoulli,omd_paper_v2_literal,omd_paper_v2_literal,1000,1,45,9,0,0.0,2.5378557810129947
logistic_bernoulli,omd_paper_v2_literal,omd_paper_v2_literal,1000,1,46,9,0,0.0,2.5378557810129947
logistic_bernoulli,omd_paper_v2_literal,omd_paper_v2_literal,1000,1,47,4,1,0.33576579883000085,2.8736215798429954
logistic_bernoulli,omd_paper_v2_literal,omd_paper_v2_literal,1000,1,48,4,1,0.33576579883000085,3.209387378672996
logistic_bernoulli,omd_paper_v2_literal,omd_paper_v2_literal,1000,1,49,4,1,0.33576579883000085,3.5451531775029967
logistic_bernoulli,omd_paper_v2_literal,omd_paper_v2_literal,1000,1,50,4,1,0.33576579883000085,3.8809189763329974
logistic_bernoulli,omd_paper_v2_literal,omd_paper_v2_literal,1000,1,51,4,0,0.33576579883000085,4.2166847751629986
logistic_bernoulli,omd_paper_v2_literal,omd_paper_v2_literal,1000,1,52,4,1,0.33576579883000085,4.552450573992999
logistic_bernoulli,omd_paper_v2_literal,omd_paper_v2_literal,1000,1,53,4,1,0.33576579883000085,4.888216372823
logistic_bernoulli,omd_paper_v2_literal,omd_paper_v2_literal,1000,1,54,4,0,0.33576579883000085,5.223982171653001
logistic_bernoulli,omd_paper_v2_literal,omd_paper_v2_literal,1000,1,55,4,1,0.33576579883000085,5.559747970483001
logistic_bernoulli,omd_paper_v2_literal,omd_paper_v2_literal,1000,1,56,4,0,0.33576579883000085,5.895513769313002
logistic_bernoulli,omd_paper_v2_literal,omd_paper_v2_literal,1000,1,57,9,1,0.0,5.895513769313002
logistic_bernoulli,omd_paper_v2_literal,omd_paper_v2_literal,1000,1,58,9,1,0.0,5.895513769313002
logistic_bernoulli,omd_paper_v2_literal,omd_paper_v2_literal,1000,1,59,9,1,0.0,5.895513769313002
logistic_bernoulli,omd_paper_v2_literal,omd_paper_v2_literal,1000,1,60,9,1,0.0,5.895513769313002
logistic_bernoulli,omd_paper_v2_literal,omd_paper_v2_literal,1000,1,61,9,1,0.0,5.895513769313002
logistic_bernoulli,omd_paper_v2_literal,omd_paper_v2_literal,1000,1,62,9,0,0.0,5.895513769313002
logistic_bernoulli,omd_paper_v2_literal,omd_paper_v2_literal,1000,1,63,9,1,0.0,5.895513769313002
logistic_bernoulli,omd_paper_v2_literal,omd_paper_v2_literal,1000,1,64,9,1,0.0,5.895513769313002
logistic_bernoulli,omd_paper_v2_literal,omd_paper_v2_literal,1000,1,65,9,1,0.0,5.895513769313002
logistic_bernoulli,omd_paper_v2_literal,omd_paper_v2_literal,1000,1,66,9,1,0.0,5.895513769313002
logistic_bernoulli,omd_paper_v2_literal,omd_paper_v2_literal,1000,1,67,9,1,0.0,5.895513769313002
logistic_bernoulli,omd_paper_v2_literal,omd_paper_v2_literal,1000,1,68,9,1,0.0,5.895513769313002
logistic_bernoulli,omd_paper_v2_literal,omd_paper_v2_literal,1000,1,69,9,1,0.0,5.895513769313002
logistic_bernoulli,omd_paper_v2_literal,omd_paper_v2_literal,1000,1,70,9,1,0.0,5.895513769313002
logistic_bernoulli,omd_paper_v2_literal,omd_paper_v2_literal,1000,1,71,9,1,0.0,5.895513769313002
logistic_bernoulli,omd_paper_v2_literal,omd_paper_v2_literal,1000,1,72,9,0,0.0,5.895513769313002
logistic_bernoulli,omd_paper_v2_literal,omd_paper_v2_literal,1000,1,73,9,1,0.0,5.895513769313002
logistic_bernoulli,omd_paper_v2_literal,omd_paper_v2_literal,1000,1,74,9,1,0.0,5.895513769313002
logistic_bernoulli,omd_paper_v2_literal,omd_paper_v2_literal,1000,1,75,9,0,0.0,5.895513769313002
logistic_bernoulli,omd_paper_v2_literal,omd_paper_v2_literal,1000,1,76,9,1,0.0,5.895513769313002
logistic_bernoulli,omd_paper_v2_literal,omd_paper_v2_literal,1000,1,77,9,0,0.0,5.895513769313002
logistic_bernoulli,omd_paper_v2_literal,omd_paper_v2_literal,1000,1,78,2,1,0.16439841495458574,6.059912184267588
logistic_bernoulli,omd_paper_v2_literal,omd_paper_v2_literal,1000,1,79,2,1,0.16439841495458574,6.224310599222173
logistic_bernoulli,omd_paper_v2_literal,omd_paper_v2_literal,1000,1,80,2,1,0.16439841495458574,6.388709014176759
logistic_bernoulli,omd_paper_v2_literal,omd_paper_v2_literal,1000,1,81,2,0,0.16439841495458574,6.5531074291313445
logistic_bernoulli,omd_paper_v2_literal,omd_paper_v2_literal,1000,1,82,9,1,0.0,6.5531074291313445
logistic_bernoulli,omd_paper_v2_literal,omd_paper_v2_literal,1000,1,83,9,1,0.0,6.5531074291313445
logistic_bernoulli,omd_paper_v2_literal,omd_paper_v2_literal,1000,1,84,9,0,0.0,6.5531074291313445
logistic_bernoulli,omd_paper_v2_literal,omd_paper_v2_literal,1000,1,85,2,1,0.16439841495458574,6.71750584408593
logistic_bernoulli,omd_paper_v2_literal,omd_paper_v2_literal,1000,1,86,2,0,0.16439841495458574,6.881904259040516
logistic_bernoulli,omd_paper_v2_literal,omd_paper_v2_literal,1000,1,87,9,0,0.0,6.881904259040516
logistic_bernoulli,omd_paper_v2_literal,omd_paper_v2_literal,1000,1,88,2,0,0.16439841495458574,7.046302673995101
logistic_bernoulli,omd_paper_v2_literal,omd_paper_v2_literal,1000,1,89,3,0,0.2892221772768807,7.335524851271982
logistic_bernoulli,omd_paper_v2_literal,omd_paper_v2_literal,1000,1,90,6,0,0.015941344123524215,7.351466195395506
logistic_bernoulli,omd_paper_v2_literal,omd_paper_v2_literal,1000,1,91,3,0,0.2892221772768807,7.640688372672387
logistic_bernoulli,omd_paper_v2_literal,omd_paper_v2_literal,1000,1,92,6,1,0.015941344123524215,7.656629716795911
logistic_bernoulli,omd_paper_v2_literal,omd_paper_v2_literal,1000,1,93,6,1,0.015941344123524215,7.672571060919435
logistic_bernoulli,omd_paper_v2_literal,omd_paper_v2_literal,1000,1,94,6,0,0.015941344123524215,7.688512405042959
logistic_bernoulli,omd_paper_v2_literal,omd_paper_v2_literal,1000,1,95,6,1,0.015941344123524215,7.7044537491664835
logistic_bernoulli,omd_paper_v2_literal,omd_paper_v2_literal,1000,1,96,6,0,0.015941344123524215,7.720395093290008
logistic_bernoulli,omd_paper_v2_literal,omd_paper_v2_literal,1000,1,97,5,1,0.3216524339139793,8.042047527203987
logistic_bernoulli,omd_paper_v2_literal,omd_paper_v2_literal,1000,1,98,5,0,0.3216524339139793,8.363699961117966
logistic_bernoulli,omd_paper_v2_literal,omd_paper_v2_literal,1000,1,99,3,0,0.2892221772768807,8.652922138394846
logistic_bernoulli,omd_paper_v2_literal,omd_paper_v2_literal,1000,1,100,6,1,0.015941344123524215,8.66886348251837
logistic_bernoulli,omd_paper_v2_literal,omd_paper_v2_literal,1000,1,101,6,1,0.015941344123524215,8.684804826641894
logistic_bernoulli,omd_paper_v2_literal,omd_paper_v2_literal,1000,1,102,6,1,0.015941344123524215,8.700746170765418
logistic_bernoulli,omd_paper_v2_literal,omd_paper_v2_literal,1000,1,103,6,1,0.015941344123524215,8.716687514888942
logistic_bernoulli,omd_paper_v2_literal,omd_paper_v2_literal,1000,1,104,6,1,0.015941344123524215,8.732628859012467
logistic_bernoulli,omd_paper_v2_literal,omd_paper_v2_literal,1000,1,105,6,1,0.015941344123524215,8.74857020313599
logistic_bernoulli,omd_paper_v2_literal,omd_paper_v2_literal,1000,1,106,6,1,0.015941344123524215,8.764511547259515
logistic_bernoulli,omd_paper_v2_literal,omd_paper_v2_literal,1000,1,107,6,0,0.015941344123524215,8.780452891383039
logistic_bernoulli,omd_paper_v2_literal,omd_paper_v2_literal,1000,1,108,6,0,0.015941344123524215,8.796394235506563
logistic_bernoulli,omd_paper_v2_literal,omd_paper_v2_literal,1000,1,109,6,1,0.015941344123524215,8.812335579630087
logistic_bernoulli,omd_paper_v2_literal,omd_paper_v2_literal,1000,1,110,6,1,0.015941344123524215,8.828276923753611
logistic_bernoulli,omd_paper_v2_literal,omd_paper_v2_literal,1000,1,111,6,1,0.015941344123524215,8.844218267877135
logistic_bernoulli,omd_paper_v2_literal,omd_paper_v2_literal,1000,1,112,6,1,0.015941344123524215,8.86015961200066
logistic_bernoulli,omd_paper_v2_literal,omd_paper_v2_literal,1000,1,113,6,1,0.015941344123524215,8.876100956124183
logistic_bernoulli,omd_paper_v2_literal,omd_paper_v2_literal,1000,1,114,6,0,0.015941344123524215,8.892042300247708
logistic_bernoulli,omd_paper_v2_literal,omd_paper_v2_literal,1000,1,115,6,0,0.015941344123524215,8.907983644371232
logistic_bernoulli,omd_paper_v2_literal,omd_paper_v2_literal,1000,1,116,5,0,0.3216524339139793,9.22963607828521
logistic_bernoulli,omd_paper_v2_literal,omd_paper_v2_literal,1000,1,117,9,1,0.0,9.22963607828521
logistic_bernoulli,omd_paper_v2_literal,omd_paper_v2_literal,1000,1,118,9,1,0.0,9.22963607828521
logistic_bernoulli,omd_paper_v2_literal,omd_paper_v2_literal,1000,1,119,9,1,0.0,9.22963607828521
logistic_bernoulli,omd_paper_v2_literal,omd_paper_v2_literal,1000,1,120,9,1,0.0,9.22963607828521
logistic_bernoulli,omd_paper_v2_literal,omd_paper_v2_literal,1000,1,121,9,0,0.0,9.22963607828521
logistic_bernoulli,omd_paper_v2_literal,omd_paper_v2_literal,1000,1,122,9,1,0.0,9.22963607828521
logistic_bernoulli,omd_paper_v2_literal,omd_paper_v2_literal,1000,1,123,9,1,0.0,9.22963607828521
logistic_bernoulli,omd_paper_v2_literal,omd_paper_v2_literal,1000,1,124,9,1,0.0,9.22963607828521
logistic_bernoulli,omd_paper_v2_literal,omd_paper_v2_literal,1000,1,125,9,1,0.0,9.22963607828521
logistic_bernoulli,omd_paper_v2_literal,omd_paper_v2_literal,1000,1,126,9,0,0.0,9.22963607828521
logistic_bernoulli,omd_paper_v2_literal,omd_paper_v2_literal,1000,1,127,9,0,0.0,9.22963607828521
logistic_bernoulli,omd_paper_v2_literal,omd_paper_v2_literal,1000,1,128,6,0,0.015941344123524215,9.245577422408735
logistic_bernoulli,omd_paper_v2_literal,omd_paper_v2_literal,1000,1,129,4,1,0.33576579883000085,9.581343221238736
logistic_bernoulli,omd_paper_v2_literal,omd_paper_v2_literal,1000,1,130,4,0,0.33576579883000085,9.917109020068738
logistic_bernoulli,omd_paper_v2_literal,omd_paper_v2_literal,1000,1,131,6,1,0.015941344123524215,9.933050364192262
logistic_bernoulli,omd_paper_v2_literal,omd_paper_v2_literal,1000,1,132,6,0,0.015941344123524215,9.948991708315786
logistic_bernoulli,omd_paper_v2_literal,omd_paper_v2_literal,1000,1,133,5,0,0.3216524339139793,10.270644142229765
logistic_bernoulli,omd_paper_v2_literal,omd_paper_v2_literal,1000,1,134,9,1,0.0,10.270644142229765
logistic_bernoulli,omd_paper_v2_literal,omd_paper_v2_literal,1000,1,135,9,1,0.0,10.270644142229765
logistic_bernoulli,omd_paper_v2_literal,omd_paper_v2_literal,1000,1,136,9,1,0.0,10.270644142229765
logistic_bernoulli,omd_paper_v2_literal,omd_paper_v2_literal,1000,1,137,9,1,0.0,10.270644142229765
logistic_bernoulli,omd_paper_v2_literal,omd_paper_v2_literal,1000,1,138,9,0,0.0,10.270644142229765
logistic_bernoulli,omd_paper_v2_literal,omd_paper_v2_literal,1000,1,139,9,1,0.0,10.270644142229765
logistic_bernoulli,omd_paper_v2_literal,omd_paper_v2_literal,1000,1,140,9,0,0.0,10.270644142229765
logistic_bernoulli,omd_paper_v2_literal,omd_paper_v2_literal,1000,1,141,4,1,0.33576579883000085,10.606409941059766
logistic_bernoulli,omd_paper_v2_literal,omd_paper_v2_literal,1000,1,142,4,0,0.33576579883000085,10.942175739889768
logistic_bernoulli,omd_paper_v2_literal,omd_paper_v2_literal,1000,1,143,9,1,0.0,10.942175739889768
logistic_bernoulli,omd_paper_v2_literal,omd_paper_v2_literal,1000,1,144,9,1,0.0,10.942175739889768
logistic_bernoulli,omd_paper_v2_literal,omd_paper_v2_literal,1000,1,145,9,1,0.0,10.942175739889768
logistic_bernoulli,omd_paper_v2_literal,omd_paper_v2_literal,1000,1,146,9,1,0.0,10.942175739889768
logistic_bernoulli,omd_paper_v2_literal,omd_paper_v2_literal,1000,1,147,9,1,0.0,10.942175739889768
logistic_bernoulli,omd_paper_v2_literal,omd_paper_v2_literal,1000,1,148,9,1,0.0,10.942175739889768
logistic_bernoulli,omd_paper_v2_literal,omd_paper_v2_literal,1000,1,149,9,1,0.0,10.942175739889768
logistic_bernoulli,omd_paper_v2_literal,omd_paper_v2_literal,1000,1,150,9,0,0.0,10.942175739889768
logistic_bernoulli,omd_paper_v2_literal,omd_paper_v2_literal,1000,1,151,9,1,0.0,10.942175739889768
logistic_bernoulli,omd_paper_v2_literal,omd_paper_v2_literal,1000,1,152,9,1,0.0,10.942175739889768
logistic_bernoulli,omd_paper_v2_literal,omd_paper_v2_literal,1000,1,153,9,0,0.0,10.942175739889768
logistic_bernoulli,omd_paper_v2_literal,omd_paper_v2_literal,1000,1,154,9,1,0.0,10.942175739889768
logistic_bernoulli,omd_paper_v2_literal,omd_paper_v2_literal,1000,1,155,9,0,0.0,10.942175739889768
logistic_bernoulli,omd_paper_v2_literal,omd_paper_v2_literal,1000,1,156,6,1,0.015941344123524215,10.958117084013292
logistic_bernoulli,omd_paper_v2_literal,omd_paper_v2_literal,1000,1,157,6,1,0.015941344123524215,10.974058428136816
logistic_bernoulli,omd_paper_v2_literal,omd_paper_v2_literal,1000,1,158,6,1,0.015941344123524215,10.98999977226034
logistic_bernoulli,omd_paper_v2_literal,omd_paper_v2_literal,1000,1,159,6,1,0.015941344123524215,11.005941116383864
logistic_bernoulli,omd_paper_v2_literal,omd_paper_v2_literal,1000,1,160,6,0,0.015941344123524215,11.021882460507388
logistic_bernoulli,omd_paper_v2_literal,omd_paper_v2_literal,1000,1,161,6,0,0.015941344123524215,11.037823804630913
logistic_bernoulli,omd_paper_v2_literal,omd_paper_v2_literal,1000,1,162,4,0,0.33576579883000085,11.373589603460914
logistic_bernoulli,omd_paper_v2_literal,omd_paper_v2_literal,1000,1,163,6,1,0.015941344123524215,11.389530947584438
logistic_bernoulli,omd_paper_v2_literal,omd_paper_v2_literal,1000,1,164,6,0,0.015941344123524215,11.405472291707962
logistic_bernoulli,omd_paper_v2_literal,omd_paper_v2_literal,1000,1,165,3,1,0.2892221772768807,11.694694468984842
logistic_bernoulli,omd_paper_v2_literal,omd_paper_v2_literal,1000,1,166,3,1,0.2892221772768807,11.983916646261722
logistic_bernoulli,omd_paper_v2_literal,omd_paper_v2_literal,1000,1,167,3,0,0.2892221772768807,12.273138823538602
logistic_bernoulli,omd_paper_v2_literal,omd_paper_v2_literal,1000,1,168,9,0,0.0,12.273138823538602
logistic_bernoulli,omd_paper_v2_literal,omd_paper_v2_literal,1000,1,169,3,1,0.2892221772768807,12.562361000815482
logistic_bernoulli,omd_paper_v2_literal,omd_paper_v2_literal,1000,1,170,3,1,0.2892221772768807,12.851583178092362
logistic_bernoulli,omd_paper_v2_literal,omd_paper_v2_literal,1000,1,171,3,0,0.2892221772768807,13.140805355369242
logistic_bernoulli,omd_paper_v2_literal,omd_paper_v2_literal,1000,1,172,4,1,0.33576579883000085,13.476571154199243
logistic_bernoulli,omd_paper_v2_literal,omd_paper_v2_literal,1000,1,173,4,0,0.33576579883000085,13.812336953029245
logistic_bernoulli,omd_paper_v2_literal,omd_paper_v2_literal,1000,1,174,3,0,0.2892221772768807,14.101559130306125
logistic_bernoulli,omd_paper_v2_literal,omd_paper_v2_literal,1000,1,175,5,0,0.3216524339139793,14.423211564220104
logistic_bernoulli,omd_paper_v2_literal,omd_paper_v2_literal,1000,1,176,9,1,0.0,14.423211564220104
logistic_bernoulli,omd_paper_v2_literal,omd_paper_v2_literal,1000,1,177,9,1,0.0,14.423211564220104
logistic_bernoulli,omd_paper_v2_literal,omd_paper_v2_literal,1000,1,178,9,1,0.0,14.423211564220104
logistic_bernoulli,omd_paper_v2_literal,omd_paper_v2_literal,1000,1,179,9,1,0.0,14.423211564220104
logistic_bernoulli,omd_paper_v2_literal,omd_paper_v2_literal,1000,1,180,9,1,0.0,14.423211564220104
logistic_bernoulli,omd_paper_v2_literal,omd_paper_v2_literal,1000,1,181,9,1,0.0,14.423211564220104
logistic_bernoulli,omd_paper_v2_literal,omd_paper_v2_literal,1000,1,182,9,1,0.0,14.423211564220104
logistic_bernoulli,omd_paper_v2_literal,omd_paper_v2_literal,1000,1,183,9,1,0.0,14.423211564220104
logistic_bernoulli,omd_paper_v2_literal,omd_paper_v2_literal,1000,1,184,9,1,0.0,14.423211564220104
logistic_bernoulli,omd_paper_v2_literal,omd_paper_v2_literal,1000,1,185,9,1,0.0,14.423211564220104
logistic_bernoulli,omd_paper_v2_literal,omd_paper_v2_literal,1000,1,186,9,1,0.0,14.423211564220104
logistic_bernoulli,omd_paper_v2_literal,omd_paper_v2_literal,1000,1,187,9,0,0.0,14.423211564220104
logistic_bernoulli,omd_paper_v2_literal,omd_paper_v2_literal,1000,1,188,9,1,0.0,14.423211564220104
logistic_bernoulli,omd_paper_v2_literal,omd_paper_v2_literal,1000,1,189,9,1,0.0,14.423211564220104
logistic_bernoulli,omd_paper_v2_literal,omd_paper_v2_literal,1000,1,190,9,1,0.0,14.423211564220104
logistic_bernoulli,omd_paper_v2_literal,omd_paper_v2_literal,1000,1,191,9,0,0.0,14.423211564220104
logistic_bernoulli,omd_paper_v2_literal,omd_paper_v2_literal,1000,1,192,9,0,0.0,14.423211564220104
logistic_bernoulli,omd_paper_v2_literal,omd_paper_v2_literal,1000,1,193,9,1,0.0,14.423211564220104
logistic_bernoulli,omd_paper_v2_literal,omd_paper_v2_literal,1000,1,194,9,1,0.0,14.423211564220104
logistic_bernoulli,omd_paper_v2_literal,omd_paper_v2_literal,1000,1,195,9,0,0.0,14.423211564220104
logistic_bernoulli,omd_paper_v2_literal,omd_paper_v2_literal,1000,1,196,9,1,0.0,14.423211564220104
logistic_bernoulli,omd_paper_v2_literal,omd_paper_v2_literal,1000,1,197,9,1,0.0,14.423211564220104
logistic_bernoulli,omd_paper_v2_literal,omd_paper_v2_literal,1000,1,198,9,1,0.0,14.423211564220104
logistic_bernoulli,omd_paper_v2_literal,omd_paper_v2_literal,1000,1,199,9,1,0.0,14.423211564220104
logistic_bernoulli,omd_paper_v2_literal,omd_paper_v2_literal,1000,1,200,9,0,0.0,14.423211564220104
logistic_bernoulli,omd_paper_v2_literal,omd_paper_v2_literal,1000,1,201,9,1,0.0,14.423211564220104
logistic_bernoulli,omd_paper_v2_literal,omd_paper_v2_literal,1000,1,202,9,0,0.0,14.423211564220104
logistic_bernoulli,omd_paper_v2_literal,omd_paper_v2_literal,1000,1,203,6,1,0.015941344123524215,14.439152908343628
logistic_bernoulli,omd_paper_v2_literal,omd_paper_v2_literal,1000,1,204,6,1,0.015941344123524215,14.455094252467152
logistic_bernoulli,omd_paper_v2_literal,omd_paper_v2_literal,1000,1,205,6,1,0.015941344123524215,14.471035596590676
logistic_bernoulli,omd_paper_v2_literal,omd_paper_v2_literal,1000,1,206,6,1,0.015941344123524215,14.4869769407142
logistic_bernoulli,omd_paper_v2_literal,omd_paper_v2_literal,1000,1,207,6,0,0.015941344123524215,14.502918284837724
logistic_bernoulli,omd_paper_v2_literal,omd_paper_v2_literal,1000,1,208,6,1,0.015941344123524215,14.518859628961248
logistic_bernoulli,omd_paper_v2_literal,omd_paper_v2_literal,1000,1,209,6,1,0.015941344123524215,14.534800973084772
logistic_bernoulli,omd_paper_v2_literal,omd_paper_v2_literal,1000,1,210,6,1,0.015941344123524215,14.550742317208297
logistic_bernoulli,omd_paper_v2_literal,omd_paper_v2_literal,1000,1,211,6,1,0.015941344123524215,14.56668366133182
logistic_bernoulli,omd_paper_v2_literal,omd_paper_v2_literal,1000,1,212,6,1,0.015941344123524215,14.582625005455345
logistic_bernoulli,omd_paper_v2_literal,omd_paper_v2_literal,1000,1,213,6,0,0.015941344123524215,14.598566349578869
logistic_bernoulli,omd_paper_v2_literal,omd_paper_v2_literal,1000,1,214,6,1,0.015941344123524215,14.614507693702393
logistic_bernoulli,omd_paper_v2_literal,omd_paper_v2_literal,1000,1,215,6,1,0.015941344123524215,14.630449037825917
logistic_bernoulli,omd_paper_v2_literal,omd_paper_v2_literal,1000,1,216,6,0,0.015941344123524215,14.646390381949441
logistic_bernoulli,omd_paper_v2_literal,omd_paper_v2_literal,1000,1,217,9,1,0.0,14.646390381949441
logistic_bernoulli,omd_paper_v2_literal,omd_paper_v2_literal,1000,1,218,9,0,0.0,14.646390381949441
logistic_bernoulli,omd_paper_v2_literal,omd_paper_v2_literal,1000,1,219,6,0,0.015941344123524215,14.662331726072965
logistic_bernoulli,omd_paper_v2_literal,omd_paper_v2_literal,1000,1,220,4,0,0.33576579883000085,14.998097524902967
logistic_bernoulli,omd_paper_v2_literal,omd_paper_v2_literal,1000,1,221,6,0,0.015941344123524215,15.014038869026491
logistic_bernoulli,omd_paper_v2_literal,omd_paper_v2_literal,1000,1,222,4,1,0.33576579883000085,15.349804667856493
logistic_bernoulli,omd_paper_v2_literal,omd_paper_v2_literal,1000,1,223,4,0,0.33576579883000085,15.685570466686494
logistic_bernoulli,omd_paper_v2_literal,omd_paper_v2_literal,1000,1,224,9,1,0.0,15.685570466686494
logistic_bernoulli,omd_paper_v2_literal,omd_paper_v2_literal,1000,1,225,9,0,0.0,15.685570466686494
logistic_bernoulli,omd_paper_v2_literal,omd_paper_v2_literal,1000,1,226,5,1,0.3216524339139793,16.007222900600475
logistic_bernoulli,omd_paper_v2_literal,omd_paper_v2_literal,1000,1,227,5,0,0.3216524339139793,16.328875334514453
logistic_bernoulli,omd_paper_v2_literal,omd_paper_v2_literal,1000,1,228,3,0,0.2892221772768807,16.618097511791333
logistic_bernoulli,omd_paper_v2_literal,omd_paper_v2_literal,1000,1,229,5,1,0.3216524339139793,16.939749945705312
logistic_bernoulli,omd_paper_v2_literal,omd_paper_v2_literal,1000,1,230,5,0,0.3216524339139793,17.26140237961929
logistic_bernoulli,omd_paper_v2_literal,omd_paper_v2_literal,1000,1,231,6,1,0.015941344123524215,17.277343723742817
logistic_bernoulli,omd_paper_v2_literal,omd_paper_v2_literal,1000,1,232,6,0,0.015941344123524215,17.293285067866343
logistic_bernoulli,omd_paper_v2_literal,omd_paper_v2_literal,1000,1,233,6,1,0.015941344123524215,17.30922641198987
logistic_bernoulli,omd_paper_v2_literal,omd_paper_v2_literal,1000,1,234,6,1,0.015941344123524215,17.325167756113395
logistic_bernoulli,omd_paper_v2_literal,omd_paper_v2_literal,1000,1,235,6,0,0.015941344123524215,17.34110910023692
logistic_bernoulli,omd_paper_v2_literal,omd_paper_v2_literal,1000,1,236,5,0,0.3216524339139793,17.6627615341509
logistic_bernoulli,omd_paper_v2_literal,omd_paper_v2_literal,1000,1,237,3,0,0.2892221772768807,17.95198371142778
logistic_bernoulli,omd_paper_v2_literal,omd_paper_v2_literal,1000,1,238,9,1,0.0,17.95198371142778
logistic_bernoulli,omd_paper_v2_literal,omd_paper_v2_literal,1000,1,239,9,1,0.0,17.95198371142778
logistic_bernoulli,omd_paper_v2_literal,omd_paper_v2_literal,1000,1,240,9,1,0.0,17.95198371142778
logistic_bernoulli,omd_paper_v2_literal,omd_paper_v2_literal,1000,1,241,9,1,0.0,17.95198371142778
logistic_bernoulli,omd_paper_v2_literal,omd_paper_v2_literal,1000,1,242,9,1,0.0,17.95198371142778
logistic_bernoulli,omd_paper_v2_literal,omd_paper_v2_literal,1000,1,243,9,1,0.0,17.95198371142778
logistic_bernoulli,omd_paper_v2_literal,omd_paper_v2_literal,1000,1,244,9,1,0.0,17.95198371142778
logistic_bernoulli,omd_paper_v2_literal,omd_paper_v2_literal,1000,1,245,9,1,0.0,17.95198371142778
logistic_bernoulli,omd_paper_v2_literal,omd_paper_v2_literal,1000,1,246,9,0,0.0,17.95198371142778
logistic_bernoulli,omd_paper_v2_literal,omd_paper_v2_literal,1000,1,247,9,1,0.0,17.95198371142778
logistic_bernoulli,omd_paper_v2_literal,omd_paper_v2_literal,1000,1,248,9,1,0.0,17.95198371142778
logistic_bernoulli,omd_paper_v2_literal,omd_paper_v2_literal,1000,1,249,9,1,0.0,17.95198371142778
logistic_bernoulli,omd_paper_v2_literal,omd_paper_v2_literal,1000,1,250,9,1,0.0,17.95198371142778
logistic_bernoulli,omd_paper_v2_literal,omd_paper_v2_literal,1000,1,251,9,1,0.0,17.95198371142778
logistic_bernoulli,omd_paper_v2_literal,omd_paper_v2_literal,1000,1,252,9,1,0.0,17.95198371142778
logistic_bernoulli,omd_paper_v2_literal,omd_paper_v2_literal,1000,1,253,9,1,0.0,17.95198371142778
logistic_bernoulli,omd_paper_v2_literal,omd_paper_v2_literal,1000,1,254,9,1,0.0,17.95198371142778
logistic_bernoulli,omd_paper_v2_literal,omd_paper_v2_literal,1000,1,255,9,1,0.0,17.95198371142778
logistic_bernoulli,omd_paper_v2_literal,omd_paper_v2_literal,1000,1,256,9,1,0.0,17.95198371142778
logistic_bernoulli,omd_paper_v2_literal,omd_paper_v2_literal,1000,1,257,9,1,0.0,17.95198371142778
logistic_bernoulli,omd_paper_v2_literal,omd_paper_v2_literal,1000,1,258,9,1,0.0,17.95198371142778
logistic_bernoulli,omd_paper_v2_literal,omd_paper_v2_literal,1000,1,259,9,1,0.0,17.95198371142778
logistic_bernoulli,omd_paper_v2_literal,omd_paper_v2_literal,1000,1,260,9,0,0.0,17.95198371142778
logistic_bernoulli,omd_paper_v2_literal,omd_paper_v2_literal,1000,1,261,9,1,0.0,17.95198371142778
logistic_bernoulli,omd_paper_v2_literal,omd_paper_v2_literal,1000,1,262,9,1,0.0,17.95198371142778
logistic_bernoulli,omd_paper_v2_literal,omd_paper_v2_literal,1000,1,263,9,1,0.0,17.95198371142778
logistic_bernoulli,omd_paper_v2_literal,omd_paper_v2_literal,1000,1,264,9,1,0.0,17.95198371142778
logistic_bernoulli,omd_paper_v2_literal,omd_paper_v2_literal,1000,1,265,9,1,0.0,17.95198371142778
logistic_bernoulli,omd_paper_v2_literal,omd_paper_v2_literal,1000,1,266,9,1,0.0,17.95198371142778
logistic_bernoulli,omd_paper_v2_literal,omd_paper_v2_literal,1000,1,267,9,1,0.0,17.95198371142778
logistic_bernoulli,omd_paper_v2_literal,omd_paper_v2_literal,1000,1,268,9,1,0.0,17.95198371142778
logistic_bernoulli,omd_paper_v2_literal,omd_paper_v2_literal,1000,1,269,9,1,0.0,17.95198371142778
logistic_bernoulli,omd_paper_v2_literal,omd_paper_v2_literal,1000,1,270,9,1,0.0,17.95198371142778
logistic_bernoulli,omd_paper_v2_literal,omd_paper_v2_literal,1000,1,271,9,1,0.0,17.95198371142778
logistic_bernoulli,omd_paper_v2_literal,omd_paper_v2_literal,1000,1,272,9,1,0.0,17.95198371142778
logistic_bernoulli,omd_paper_v2_literal,omd_paper_v2_literal,1000,1,273,9,1,0.0,17.95198371142778
logistic_bernoulli,omd_paper_v2_literal,omd_paper_v2_literal,1000,1,274,9,0,0.0,17.95198371142778
logistic_bernoulli,omd_paper_v2_literal,omd_paper_v2_literal,1000,1,275,9,1,0.0,17.95198371142778
logistic_bernoulli,omd_paper_v2_literal,omd_paper_v2_literal,1000,1,276,9,1,0.0,17.95198371142778
logistic_bernoulli,omd_paper_v2_literal,omd_paper_v2_literal,1000,1,277,9,1,0.0,17.95198371142778
logistic_bernoulli,omd_paper_v2_literal,omd_paper_v2_literal,1000,1,278,9,1,0.0,17.95198371142778
logistic_bernoulli,omd_paper_v2_literal,omd_paper_v2_literal,1000,1,279,9,1,0.0,17.95198371142778
logistic_bernoulli,omd_paper_v2_literal,omd_paper_v2_literal,1000,1,280,9,1,0.0,17.95198371142778
logistic_bernoulli,omd_paper_v2_literal,omd_paper_v2_literal,1000,1,281,9,0,0.0,17.95198371142778
logistic_bernoulli,omd_paper_v2_literal,omd_paper_v2_literal,1000,1,282,9,1,0.0,17.95198371142778
logistic_bernoulli,omd_paper_v2_literal,omd_paper_v2_literal,1000,1,283,9,1,0.0,17.95198371142778
logistic_bernoulli,omd_paper_v2_literal,omd_paper_v2_literal,1000,1,284,9,1,0.0,17.95198371142778
logistic_bernoulli,omd_paper_v2_literal,omd_paper_v2_literal,1000,1,285,9,0,0.0,17.95198371142778
logistic_bernoulli,omd_paper_v2_literal,omd_paper_v2_literal,1000,1,286,9,0,0.0,17.95198371142778
logistic_bernoulli,omd_paper_v2_literal,omd_paper_v2_literal,1000,1,287,6,1,0.015941344123524215,17.967925055551305
logistic_bernoulli,omd_paper_v2_literal,omd_paper_v2_literal,1000,1,288,6,1,0.015941344123524215,17.98386639967483
logistic_bernoulli,omd_paper_v2_literal,omd_paper_v2_literal,1000,1,289,6,1,0.015941344123524215,17.999807743798357
logistic_bernoulli,omd_paper_v2_literal,omd_paper_v2_literal,1000,1,290,6,1,0.015941344123524215,18.015749087921883
logistic_bernoulli,omd_paper_v2_literal,omd_paper_v2_literal,1000,1,291,6,1,0.015941344123524215,18.03169043204541
logistic_bernoulli,omd_paper_v2_literal,omd_paper_v2_literal,1000,1,292,6,1,0.015941344123524215,18.047631776168934
logistic_bernoulli,omd_paper_v2_literal,omd_paper_v2_literal,1000,1,293,6,1,0.015941344123524215,18.06357312029246
logistic_bernoulli,omd_paper_v2_literal,omd_paper_v2_literal,1000,1,294,6,1,0.015941344123524215,18.079514464415986
logistic_bernoulli,omd_paper_v2_literal,omd_paper_v2_literal,1000,1,295,6,0,0.015941344123524215,18.095455808539512
logistic_bernoulli,omd_paper_v2_literal,omd_paper_v2_literal,1000,1,296,6,1,0.015941344123524215,18.111397152663038
logistic_bernoulli,omd_paper_v2_literal,omd_paper_v2_literal,1000,1,297,6,1,0.015941344123524215,18.127338496786564
logistic_bernoulli,omd_paper_v2_literal,omd_paper_v2_literal,1000,1,298,6,1,0.015941344123524215,18.14327984091009
logistic_bernoulli,omd_paper_v2_literal,omd_paper_v2_literal,1000,1,299,6,1,0.015941344123524215,18.159221185033616
logistic_bernoulli,omd_paper_v2_literal,omd_paper_v2_literal,1000,1,300,6,1,0.015941344123524215,18.17516252915714
logistic_bernoulli,omd_paper_v2_literal,omd_paper_v2_literal,1000,1,301,6,1,0.015941344123524215,18.191103873280667
logistic_bernoulli,omd_paper_v2_literal,omd_paper_v2_literal,1000,1,302,6,1,0.015941344123524215,18.207045217404193
logistic_bernoulli,omd_paper_v2_literal,omd_paper_v2_literal,1000,1,303,6,1,0.015941344123524215,18.22298656152772
logistic_bernoulli,omd_paper_v2_literal,omd_paper_v2_literal,1000,1,304,6,1,0.015941344123524215,18.238927905651245
logistic_bernoulli,omd_paper_v2_literal,omd_paper_v2_literal,1000,1,305,6,1,0.015941344123524215,18.25486924977477
logistic_bernoulli,omd_paper_v2_literal,omd_paper_v2_literal,1000,1,306,6,1,0.015941344123524215,18.270810593898297
logistic_bernoulli,omd_paper_v2_literal,omd_paper_v2_literal,1000,1,307,6,1,0.015941344123524215,18.286751938021823
logistic_bernoulli,omd_paper_v2_literal,omd_paper_v2_literal,1000,1,308,6,1,0.015941344123524215,18.30269328214535
logistic_bernoulli,omd_paper_v2_literal,omd_paper_v2_literal,1000,1,309,6,1,0.015941344123524215,18.318634626268874
logistic_bernoulli,omd_paper_v2_literal,omd_paper_v2_literal,1000,1,310,6,1,0.015941344123524215,18.3345759703924
logistic_bernoulli,omd_paper_v2_literal,omd_paper_v2_literal,1000,1,311,6,1,0.015941344123524215,18.350517314515926
logistic_bernoulli,omd_paper_v2_literal,omd_paper_v2_literal,1000,1,312,6,1,0.015941344123524215,18.366458658639452
logistic_bernoulli,omd_paper_v2_literal,omd_paper_v2_literal,1000,1,313,6,0,0.015941344123524215,18.382400002762978
logistic_bernoulli,omd_paper_v2_literal,omd_paper_v2_literal,1000,1,314,6,0,0.015941344123524215,18.398341346886504
logistic_bernoulli,omd_paper_v2_literal,omd_paper_v2_literal,1000,1,315,6,1,0.015941344123524215,18.41428269101003
logistic_bernoulli,omd_paper_v2_literal,omd_paper_v2_literal,1000,1,316,6,1,0.015941344123524215,18.430224035133556
logistic_bernoulli,omd_paper_v2_literal,omd_paper_v2_literal,1000,1,317,6,1,0.015941344123524215,18.44616537925708
logistic_bernoulli,omd_paper_v2_literal,omd_paper_v2_literal,1000,1,318,6,1,0.015941344123524215,18.462106723380607
logistic_bernoulli,omd_paper_v2_literal,omd_paper_v2_literal,1000,1,319,6,1,0.015941344123524215,18.478048067504133
logistic_bernoulli,omd_paper_v2_literal,omd_paper_v2_literal,1000,1,320,6,1,0.015941344123524215,18.49398941162766
logistic_bernoulli,omd_paper_v2_literal,omd_paper_v2_literal,1000,1,321,6,1,0.015941344123524215,18.509930755751185
logistic_bernoulli,omd_paper_v2_literal,omd_paper_v2_literal,1000,1,322,6,0,0.015941344123524215,18.52587209987471
logistic_bernoulli,omd_paper_v2_literal,omd_paper_v2_literal,1000,1,323,6,1,0.015941344123524215,18.541813443998237
logistic_bernoulli,omd_paper_v2_literal,omd_paper_v2_literal,1000,1,324,6,1,0.015941344123524215,18.557754788121763
logistic_bernoulli,omd_paper_v2_literal,omd_paper_v2_literal,1000,1,325,6,1,0.015941344123524215,18.57369613224529
logistic_bernoulli,omd_paper_v2_literal,omd_paper_v2_literal,1000,1,326,6,1,0.015941344123524215,18.589637476368814
logistic_bernoulli,omd_paper_v2_literal,omd_paper_v2_literal,1000,1,327,6,1,0.015941344123524215,18.60557882049234
logistic_bernoulli,omd_paper_v2_literal,omd_paper_v2_literal,1000,1,328,6,1,0.015941344123524215,18.621520164615866
logistic_bernoulli,omd_paper_v2_literal,omd_paper_v2_literal,1000,1,329,6,1,0.015941344123524215,18.637461508739392
logistic_bernoulli,omd_paper_v2_literal,omd_paper_v2_literal,1000,1,330,6,0,0.015941344123524215,18.653402852862918
logistic_bernoulli,omd_paper_v2_literal,omd_paper_v2_literal,1000,1,331,6,0,0.015941344123524215,18.669344196986444
logistic_bernoulli,omd_paper_v2_literal,omd_paper_v2_literal,1000,1,332,9,1,0.0,18.669344196986444
logistic_bernoulli,omd_paper_v2_literal,omd_paper_v2_literal,1000,1,333,9,1,0.0,18.669344196986444
logistic_bernoulli,omd_paper_v2_literal,omd_paper_v2_literal,1000,1,334,9,1,0.0,18.669344196986444
logistic_bernoulli,omd_paper_v2_literal,omd_paper_v2_literal,1000,1,335,9,1,0.0,18.669344196986444
logistic_bernoulli,omd_paper_v2_literal,omd_paper_v2_literal,1000,1,336,9,1,0.0,18.669344196986444
logistic_bernoulli,omd_paper_v2_literal,omd_paper_v2_literal,1000,1,337,9,1,0.0,18.669344196986444
logistic_bernoulli,omd_paper_v2_literal,omd_paper_v2_literal,1000,1,338,9,0,0.0,18.669344196986444
logistic_bernoulli,omd_paper_v2_literal,omd_paper_v2_literal,1000,1,339,9,1,0.0,18.669344196986444
logistic_bernoulli,omd_paper_v2_literal,omd_paper_v2_literal,1000,1,340,9,0,0.0,18.669344196986444
logistic_bernoulli,omd_paper_v2_literal,omd_paper_v2_literal,1000,1,341,6,1,0.015941344123524215,18.68528554110997
logistic_bernoulli,omd_paper_v2_literal,omd_paper_v2_literal,1000,1,342,6,1,0.015941344123524215,18.701226885233496
logistic_bernoulli,omd_paper_v2_literal,omd_paper_v2_literal,1000,1,343,6,1,0.015941344123524215,18.71716822935702
logistic_bernoulli,omd_paper_v2_literal,omd_paper_v2_literal,1000,1,344,6,1,0.015941344123524215,18.733109573480547
logistic_bernoulli,omd_paper_v2_literal,omd_paper_v2_literal,1000,1,345,6,1,0.015941344123524215,18.749050917604073
logistic_bernoulli,omd_paper_v2_literal,omd_paper_v2_literal,1000,1,346,6,0,0.015941344123524215,18.7649922617276
logistic_bernoulli,omd_paper_v2_literal,omd_paper_v2_literal,1000,1,347,6,1,0.015941344123524215,18.780933605851125
logistic_bernoulli,omd_paper_v2_literal,omd_paper_v2_literal,1000,1,348,6,1,0.015941344123524215,18.79687494997465
logistic_bernoulli,omd_paper_v2_literal,omd_paper_v2_literal,1000,1,349,6,1,0.015941344123524215,18.812816294098177
logistic_bernoulli,omd_paper_v2_literal,omd_paper_v2_literal,1000,1,350,6,0,0.015941344123524215,18.828757638221703
logistic_bernoulli,omd_paper_v2_literal,omd_paper_v2_literal,1000,1,351,9,1,0.0,18.828757638221703
logistic_bernoulli,omd_paper_v2_literal,omd_paper_v2_literal,1000,1,352,9,1,0.0,18.828757638221703
logistic_bernoulli,omd_paper_v2_literal,omd_paper_v2_literal,1000,1,353,9,1,0.0,18.828757638221703
logistic_bernoulli,omd_paper_v2_literal,omd_paper_v2_literal,1000,1,354,9,0,0.0,18.828757638221703
logistic_bernoulli,omd_paper_v2_literal,omd_paper_v2_literal,1000,1,355,6,1,0.015941344123524215,18.84469898234523
logistic_bernoulli,omd_paper_v2_literal,omd_paper_v2_literal,1000,1,356,6,1,0.015941344123524215,18.860640326468754
logistic_bernoulli,omd_paper_v2_literal,omd_paper_v2_literal,1000,1,357,6,1,0.015941344123524215,18.87658167059228
logistic_bernoulli,omd_paper_v2_literal,omd_paper_v2_literal,1000,1,358,6,1,0.015941344123524215,18.892523014715806
logistic_bernoulli,omd_paper_v2_literal,omd_paper_v2_literal,1000,1,359,6,1,0.015941344123524215,18.908464358839332
logistic_bernoulli,omd_paper_v2_literal,omd_paper_v2_literal,1000,1,360,6,0,0.015941344123524215,18.924405702962858
logistic_bernoulli,omd_paper_v2_literal,omd_paper_v2_literal,1000,1,361,9,1,0.0,18.924405702962858
logistic_bernoulli,omd_paper_v2_literal,omd_paper_v2_literal,1000,1,362,9,1,0.0,18.924405702962858
logistic_bernoulli,omd_paper_v2_literal,omd_paper_v2_literal,1000,1,363,9,1,0.0,18.924405702962858
logistic_bernoulli,omd_paper_v2_literal,omd_paper_v2_literal,1000,1,364,9,1,0.0,18.924405702962858
logistic_bernoulli,omd_paper_v2_literal,omd_paper_v2_literal,1000,1,365,9,0,0.0,18.924405702962858
logistic_bernoulli,omd_paper_v2_literal,omd_paper_v2_literal,1000,1,366,6,1,0.015941344123524215,18.940347047086384
logistic_bernoulli,omd_paper_v2_literal,omd_paper_v2_literal,1000,1,367,6,1,0.015941344123524215,18.95628839120991
logistic_bernoulli,omd_paper_v2_literal,omd_paper_v2_literal,1000,1,368,6,1,0.015941344123524215,18.972229735333435
logistic_bernoulli,omd_paper_v2_literal,omd_paper_v2_literal,1000,1,369,6,1,0.015941344123524215,18.98817107945696
logistic_bernoulli,omd_paper_v2_literal,omd_paper_v2_literal,1000,1,370,6,0,0.015941344123524215,19.004112423580487
logistic_bernoulli,omd_paper_v2_literal,omd_paper_v2_literal,1000,1,371,9,1,0.0,19.004112423580487
logistic_bernoulli,omd_paper_v2_literal,omd_paper_v2_literal,1000,1,372,9,1,0.0,19.004112423580487
logistic_bernoulli,omd_paper_v2_literal,omd_paper_v2_literal,1000,1,373,9,0,0.0,19.004112423580487
logistic_bernoulli,omd_paper_v2_literal,omd_paper_v2_literal,1000,1,374,6,1,0.015941344123524215,19.020053767704013
logistic_bernoulli,omd_paper_v2_literal,omd_paper_v2_literal,1000,1,375,6,1,0.015941344123524215,19.03599511182754
logistic_bernoulli,omd_paper_v2_literal,omd_paper_v2_literal,1000,1,376,6,1,0.015941344123524215,19.051936455951065
logistic_bernoulli,omd_paper_v2_literal,omd_paper_v2_literal,1000,1,377,6,0,0.015941344123524215,19.06787780007459
logistic_bernoulli,omd_paper_v2_literal,omd_paper_v2_literal,1000,1,378,9,1,0.0,19.06787780007459
logistic_bernoulli,omd_paper_v2_literal,omd_paper_v2_literal,1000,1,379,9,1,0.0,19.06787780007459
logistic_bernoulli,omd_paper_v2_literal,omd_paper_v2_literal,1000,1,380,9,1,0.0,19.06787780007459
logistic_bernoulli,omd_paper_v2_literal,omd_paper_v2_literal,1000,1,381,9,1,0.0,19.06787780007459
logistic_bernoulli,omd_paper_v2_literal,omd_paper_v2_literal,1000,1,382,9,1,0.0,19.06787780007459
logistic_bernoulli,omd_paper_v2_literal,omd_paper_v2_literal,1000,1,383,9,0,0.0,19.06787780007459
logistic_bernoulli,omd_paper_v2_literal,omd_paper_v2_literal,1000,1,384,6,0,0.015941344123524215,19.083819144198117
logistic_bernoulli,omd_paper_v2_literal,omd_paper_v2_literal,1000,1,385,9,1,0.0,19.083819144198117
logistic_bernoulli,omd_paper_v2_literal,omd_paper_v2_literal,1000,1,386,9,1,0.0,19.083819144198117
logistic_bernoulli,omd_paper_v2_literal,omd_paper_v2_literal,1000,1,387,9,1,0.0,19.083819144198117
logistic_bernoulli,omd_paper_v2_literal,omd_paper_v2_literal,1000,1,388,9,1,0.0,19.083819144198117
logistic_bernoulli,omd_paper_v2_literal,omd_paper_v2_literal,1000,1,389,9,1,0.0,19.083819144198117
logistic_bernoulli,omd_paper_v2_literal,omd_paper_v2_literal,1000,1,390,9,0,0.0,19.083819144198117
logistic_bernoulli,omd_paper_v2_literal,omd_paper_v2_literal,1000,1,391,9,0,0.0,19.083819144198117
logistic_bernoulli,omd_paper_v2_literal,omd_paper_v2_literal,1000,1,392,2,1,0.16439841495458574,19.248217559152703
logistic_bernoulli,omd_paper_v2_literal,omd_paper_v2_literal,1000,1,393,2,1,0.16439841495458574,19.41261597410729
logistic_bernoulli,omd_paper_v2_literal,omd_paper_v2_literal,1000,1,394,2,1,0.16439841495458574,19.577014389061876
logistic_bernoulli,omd_paper_v2_literal,omd_paper_v2_literal,1000,1,395,2,1,0.16439841495458574,19.741412804016463
logistic_bernoulli,omd_paper_v2_literal,omd_paper_v2_literal,1000,1,396,2,1,0.16439841495458574,19.90581121897105
logistic_bernoulli,omd_paper_v2_literal,omd_paper_v2_literal,1000,1,397,2,1,0.16439841495458574,20.070209633925636
logistic_bernoulli,omd_paper_v2_literal,omd_paper_v2_literal,1000,1,398,2,1,0.16439841495458574,20.234608048880222
logistic_bernoulli,omd_paper_v2_literal,omd_paper_v2_literal,1000,1,399,2,1,0.16439841495458574,20.39900646383481
logistic_bernoulli,omd_paper_v2_literal,omd_paper_v2_literal,1000,1,400,2,1,0.16439841495458574,20.563404878789395
logistic_bernoulli,omd_paper_v2_literal,omd_paper_v2_literal,1000,1,401,2,0,0.16439841495458574,20.727803293743982
logistic_bernoulli,omd_paper_v2_literal,omd_paper_v2_literal,1000,1,402,2,0,0.16439841495458574,20.89220170869857
logistic_bernoulli,omd_paper_v2_literal,omd_paper_v2_literal,1000,1,403,6,0,0.015941344123524215,20.908143052822094
logistic_bernoulli,omd_paper_v2_literal,omd_paper_v2_literal,1000,1,404,2,0,0.16439841495458574,21.07254146777668
logistic_bernoulli,omd_paper_v2_literal,omd_paper_v2_literal,1000,1,405,9,1,0.0,21.07254146777668
logistic_bernoulli,omd_paper_v2_literal,omd_paper_v2_literal,1000,1,406,9,1,0.0,21.07254146777668
logistic_bernoulli,omd_paper_v2_literal,omd_paper_v2_literal,1000,1,407,9,1,0.0,21.07254146777668
logistic_bernoulli,omd_paper_v2_literal,omd_paper_v2_literal,1000,1,408,9,0,0.0,21.07254146777668
logistic_bernoulli,omd_paper_v2_literal,omd_paper_v2_literal,1000,1,409,9,0,0.0,21.07254146777668
logistic_bernoulli,omd_paper_v2_literal,omd_paper_v2_literal,1000,1,410,2,1,0.16439841495458574,21.236939882731267
logistic_bernoulli,omd_paper_v2_literal,omd_paper_v2_literal,1000,1,411,2,1,0.16439841495458574,21.401338297685854
logistic_bernoulli,omd_paper_v2_literal,omd_paper_v2_literal,1000,1,412,2,1,0.16439841495458574,21.56573671264044
logistic_bernoulli,omd_paper_v2_literal,omd_paper_v2_literal,1000,1,413,2,1,0.16439841495458574,21.730135127595027
logistic_bernoulli,omd_paper_v2_literal,omd_paper_v2_literal,1000,1,414,2,1,0.16439841495458574,21.894533542549613
logistic_bernoulli,omd_paper_v2_literal,omd_paper_v2_literal,1000,1,415,2,0,0.16439841495458574,22.0589319575042
logistic_bernoulli,omd_paper_v2_literal,omd_paper_v2_literal,1000,1,416,2,0,0.16439841495458574,22.223330372458786
logistic_bernoulli,omd_paper_v2_literal,omd_paper_v2_literal,1000,1,417,9,0,0.0,22.223330372458786
logistic_bernoulli,omd_paper_v2_literal,omd_paper_v2_literal,1000,1,418,6,0,0.015941344123524215,22.239271716582312
logistic_bernoulli,omd_paper_v2_literal,omd_paper_v2_literal,1000,1,419,9,0,0.0,22.239271716582312
logistic_bernoulli,omd_paper_v2_literal,omd_paper_v2_literal,1000,1,420,2,0,0.16439841495458574,22.4036701315369
logistic_bernoulli,omd_paper_v2_literal,omd_paper_v2_literal,1000,1,421,9,1,0.0,22.4036701315369
logistic_bernoulli,omd_paper_v2_literal,omd_paper_v2_literal,1000,1,422,9,1,0.0,22.4036701315369
logistic_bernoulli,omd_paper_v2_literal,omd_paper_v2_literal,1000,1,423,9,0,0.0,22.4036701315369
logistic_bernoulli,omd_paper_v2_literal,omd_paper_v2_literal,1000,1,424,2,1,0.16439841495458574,22.568068546491485
logistic_bernoulli,omd_paper_v2_literal,omd_paper_v2_literal,1000,1,425,2,1,0.16439841495458574,22.73246696144607
logistic_bernoulli,omd_paper_v2_literal,omd_paper_v2_literal,1000,1,426,2,1,0.16439841495458574,22.896865376400658
logistic_bernoulli,omd_paper_v2_literal,omd_paper_v2_literal,1000,1,427,2,1,0.16439841495458574,23.061263791355245
logistic_bernoulli,omd_paper_v2_literal,omd_paper_v2_literal,1000,1,428,2,0,0.16439841495458574,23.22566220630983
logistic_bernoulli,omd_paper_v2_literal,omd_paper_v2_literal,1000,1,429,4,1,0.33576579883000085,23.56142800513983
logistic_bernoulli,omd_paper_v2_literal,omd_paper_v2_literal,1000,1,430,4,1,0.33576579883000085,23.89719380396983
logistic_bernoulli,omd_paper_v2_literal,omd_paper_v2_literal,1000,1,431,4,0,0.33576579883000085,24.23295960279983
logistic_bernoulli,omd_paper_v2_literal,omd_paper_v2_literal,1000,1,432,9,1,0.0,24.23295960279983
logistic_bernoulli,omd_paper_v2_literal,omd_paper_v2_literal,1000,1,433,9,0,0.0,24.23295960279983
logistic_bernoulli,omd_paper_v2_literal,omd_paper_v2_literal,1000,1,434,5,0,0.3216524339139793,24.55461203671381
logistic_bernoulli,omd_paper_v2_literal,omd_paper_v2_literal,1000,1,435,9,1,0.0,24.55461203671381
logistic_bernoulli,omd_paper_v2_literal,omd_paper_v2_literal,1000,1,436,9,1,0.0,24.55461203671381
logistic_bernoulli,omd_paper_v2_literal,omd_paper_v2_literal,1000,1,437,9,0,0.0,24.55461203671381
logistic_bernoulli,omd_paper_v2_literal,omd_paper_v2_literal,1000,1,438,4,0,0.33576579883000085,24.89037783554381
logistic_bernoulli,omd_paper_v2_literal,omd_paper_v2_literal,1000,1,439,6,1,0.015941344123524215,24.906319179667335
logistic_bernoulli,omd_paper_v2_literal,omd_paper_v2_literal,1000,1,440,6,1,0.015941344123524215,24.92226052379086
logistic_bernoulli,omd_paper_v2_literal,omd_paper_v2_literal,1000,1,441,6,1,0.015941344123524215,24.938201867914387
logistic_bernoulli,omd_paper_v2_literal,omd_paper_v2_literal,1000,1,442,6,1,0.015941344123524215,24.954143212037913
logistic_bernoulli,omd_paper_v2_literal,omd_paper_v2_literal,1000,1,443,6,0,0.015941344123524215,24.97008455616144
logistic_bernoulli,omd_paper_v2_literal,omd_paper_v2_literal,1000,1,444,6,1,0.015941344123524215,24.986025900284965
logistic_bernoulli,omd_paper_v2_literal,omd_paper_v2_literal,1000,1,445,6,1,0.015941344123524215,25.00196724440849
logistic_bernoulli,omd_paper_v2_literal,omd_paper_v2_literal,1000,1,446,6,0,0.015941344123524215,25.017908588532016
logistic_bernoulli,omd_paper_v2_literal,omd_paper_v2_literal,1000,1,447,9,1,0.0,25.017908588532016
logistic_bernoulli,omd_paper_v2_literal,omd_paper_v2_literal,1000,1,448,9,1,0.0,25.017908588532016
logistic_bernoulli,omd_paper_v2_literal,omd_paper_v2_literal,1000,1,449,9,1,0.0,25.017908588532016
logistic_bernoulli,omd_paper_v2_literal,omd_paper_v2_literal,1000,1,450,9,0,0.0,25.017908588532016
logistic_bernoulli,omd_paper_v2_literal,omd_paper_v2_literal,1000,1,451,5,0,0.3216524339139793,25.339561022445995
logistic_bernoulli,omd_paper_v2_literal,omd_paper_v2_literal,1000,1,452,9,1,0.0,25.339561022445995
logistic_bernoulli,omd_paper_v2_literal,omd_paper_v2_literal,1000,1,453,9,1,0.0,25.339561022445995
logistic_bernoulli,omd_paper_v2_literal,omd_paper_v2_literal,1000,1,454,9,0,0.0,25.339561022445995
logistic_bernoulli,omd_paper_v2_literal,omd_paper_v2_literal,1000,1,455,9,1,0.0,25.339561022445995
logistic_bernoulli,omd_paper_v2_literal,omd_paper_v2_literal,1000,1,456,9,1,0.0,25.339561022445995
logistic_bernoulli,omd_paper_v2_literal,omd_paper_v2_literal,1000,1,457,9,0,0.0,25.339561022445995
logistic_bernoulli,omd_paper_v2_literal,omd_paper_v2_literal,1000,1,458,4,0,0.33576579883000085,25.675326821275995
logistic_bernoulli,omd_paper_v2_literal,omd_paper_v2_literal,1000,1,459,6,1,0.015941344123524215,25.69126816539952
logistic_bernoulli,omd_paper_v2_literal,omd_paper_v2_literal,1000,1,460,6,1,0.015941344123524215,25.707209509523047
logistic_bernoulli,omd_paper_v2_literal,omd_paper_v2_literal,1000,1,461,6,1,0.015941344123524215,25.723150853646573
logistic_bernoulli,omd_paper_v2_literal,omd_paper_v2_literal,1000,1,462,6,1,0.015941344123524215,25.7390921977701
logistic_bernoulli,omd_paper_v2_literal,omd_paper_v2_literal,1000,1,463,6,1,0.015941344123524215,25.755033541893624
logistic_bernoulli,omd_paper_v2_literal,omd_paper_v2_literal,1000,1,464,6,1,0.015941344123524215,25.77097488601715
logistic_bernoulli,omd_paper_v2_literal,omd_paper_v2_literal,1000,1,465,6,1,0.015941344123524215,25.786916230140676
logistic_bernoulli,omd_paper_v2_literal,omd_paper_v2_literal,1000,1,466,6,0,0.015941344123524215,25.802857574264202
logistic_bernoulli,omd_paper_v2_literal,omd_paper_v2_literal,1000,1,467,6,1,0.015941344123524215,25.818798918387728
logistic_bernoulli,omd_paper_v2_literal,omd_paper_v2_literal,1000,1,468,6,1,0.015941344123524215,25.834740262511254
logistic_bernoulli,omd_paper_v2_literal,omd_paper_v2_literal,1000,1,469,6,1,0.015941344123524215,25.85068160663478
logistic_bernoulli,omd_paper_v2_literal,omd_paper_v2_literal,1000,1,470,6,1,0.015941344123524215,25.866622950758305
logistic_bernoulli,omd_paper_v2_literal,omd_paper_v2_literal,1000,1,471,6,1,0.015941344123524215,25.88256429488183
logistic_bernoulli,omd_paper_v2_literal,omd_paper_v2_literal,1000,1,472,6,1,0.015941344123524215,25.898505639005357
logistic_bernoulli,omd_paper_v2_literal,omd_paper_v2_literal,1000,1,473,6,1,0.015941344123524215,25.914446983128883
logistic_bernoulli,omd_paper_v2_literal,omd_paper_v2_literal,1000,1,474,6,1,0.015941344123524215,25.93038832725241
logistic_bernoulli,omd_paper_v2_literal,omd_paper_v2_literal,1000,1,475,6,1,0.015941344123524215,25.946329671375935
logistic_bernoulli,omd_paper_v2_literal,omd_paper_v2_literal,1000,1,476,6,1,0.015941344123524215,25.96227101549946
logistic_bernoulli,omd_paper_v2_literal,omd_paper_v2_literal,1000,1,477,6,1,0.015941344123524215,25.978212359622987
logistic_bernoulli,omd_paper_v2_literal,omd_paper_v2_literal,1000,1,478,6,0,0.015941344123524215,25.994153703746512
logistic_bernoulli,omd_paper_v2_literal,omd_paper_v2_literal,1000,1,479,6,0,0.015941344123524215,26.01009504787004
logistic_bernoulli,omd_paper_v2_literal,omd_paper_v2_literal,1000,1,480,6,1,0.015941344123524215,26.026036391993564
logistic_bernoulli,omd_paper_v2_literal,omd_paper_v2_literal,1000,1,481,6,1,0.015941344123524215,26.04197773611709
logistic_bernoulli,omd_paper_v2_literal,omd_paper_v2_literal,1000,1,482,6,1,0.015941344123524215,26.057919080240616
logistic_bernoulli,omd_paper_v2_literal,omd_paper_v2_literal,1000,1,483,6,1,0.015941344123524215,26.073860424364142
logistic_bernoulli,omd_paper_v2_literal,omd_paper_v2_literal,1000,1,484,6,1,0.015941344123524215,26.089801768487668
logistic_bernoulli,omd_paper_v2_literal,omd_paper_v2_literal,1000,1,485,6,0,0.015941344123524215,26.105743112611194
logistic_bernoulli,omd_paper_v2_literal,omd_paper_v2_literal,1000,1,486,9,0,0.0,26.105743112611194
logistic_bernoulli,omd_paper_v2_literal,omd_paper_v2_literal,1000,1,487,5,0,0.3216524339139793,26.427395546525172
logistic_bernoulli,omd_paper_v2_literal,omd_paper_v2_literal,1000,1,488,9,1,0.0,26.427395546525172
logistic_bernoulli,omd_paper_v2_literal,omd_paper_v2_literal,1000,1,489,9,1,0.0,26.427395546525172
logistic_bernoulli,omd_paper_v2_literal,omd_paper_v2_literal,1000,1,490,9,1,0.0,26.427395546525172
logistic_bernoulli,omd_paper_v2_literal,omd_paper_v2_literal,1000,1,491,9,1,0.0,26.427395546525172
logistic_bernoulli,omd_paper_v2_literal,omd_paper_v2_literal,1000,1,492,9,1,0.0,26.427395546525172
logistic_bernoulli,omd_paper_v2_literal,omd_paper_v2_literal,1000,1,493,9,1,0.0,26.427395546525172
logistic_bernoulli,omd_paper_v2_literal,omd_paper_v2_literal,1000,1,494,9,1,0.0,26.427395546525172
logistic_bernoulli,omd_paper_v2_literal,omd_paper_v2_literal,1000,1,495,9,1,0.0,26.427395546525172
logistic_bernoulli,omd_paper_v2_literal,omd_paper_v2_literal,1000,1,496,9,1,0.0,26.427395546525172
logistic_bernoulli,omd_paper_v2_literal,omd_paper_v2_literal,1000,1,497,9,0,0.0,26.427395546525172
logistic_bernoulli,omd_paper_v2_literal,omd_paper_v2_literal,1000,1,498,9,1,0.0,26.427395546525172
logistic_bernoulli,omd_paper_v2_literal,omd_paper_v2_literal,1000,1,499,9,0,0.0,26.427395546525172
logistic_bernoulli,omd_paper_v2_literal,omd_paper_v2_literal,1000,1,500,6,0,0.015941344123524215,26.4433368906487
logistic_bernoulli,omd_paper_v2_literal,omd_paper_v2_literal,1000,1,501,9,0,0.0,26.4433368906487
logistic_bernoulli,omd_paper_v2_literal,omd_paper_v2_literal,1000,1,502,5,0,0.3216524339139793,26.764989324562677
logistic_bernoulli,omd_paper_v2_literal,omd_paper_v2_literal,1000,1,503,9,0,0.0,26.764989324562677
logistic_bernoulli,omd_paper_v2_literal,omd_paper_v2_literal,1000,1,504,5,0,0.3216524339139793,27.086641758476656
logistic_bernoulli,omd_paper_v2_literal,omd_paper_v2_literal,1000,1,505,9,1,0.0,27.086641758476656
logistic_bernoulli,omd_paper_v2_literal,omd_paper_v2_literal,1000,1,506,9,1,0.0,27.086641758476656
logistic_bernoulli,omd_paper_v2_literal,omd_paper_v2_literal,1000,1,507,9,1,0.0,27.086641758476656
logistic_bernoulli,omd_paper_v2_literal,omd_paper_v2_literal,1000,1,508,9,1,0.0,27.086641758476656
logistic_bernoulli,omd_paper_v2_literal,omd_paper_v2_literal,1000,1,509,9,1,0.0,27.086641758476656
logistic_bernoulli,omd_paper_v2_literal,omd_paper_v2_literal,1000,1,510,9,1,0.0,27.086641758476656
logistic_bernoulli,omd_paper_v2_literal,omd_paper_v2_literal,1000,1,511,9,1,0.0,27.086641758476656
logistic_bernoulli,omd_paper_v2_literal,omd_paper_v2_literal,1000,1,512,9,1,0.0,27.086641758476656
logistic_bernoulli,omd_paper_v2_literal,omd_paper_v2_literal,1000,1,513,9,1,0.0,27.086641758476656
logistic_bernoulli,omd_paper_v2_literal,omd_paper_v2_literal,1000,1,514,9,1,0.0,27.086641758476656
logistic_bernoulli,omd_paper_v2_literal,omd_paper_v2_literal,1000,1,515,9,1,0.0,27.086641758476656
logistic_bernoulli,omd_paper_v2_literal,omd_paper_v2_literal,1000,1,516,9,1,0.0,27.086641758476656
logistic_bernoulli,omd_paper_v2_literal,omd_paper_v2_literal,1000,1,517,9,1,0.0,27.086641758476656
logistic_bernoulli,omd_paper_v2_literal,omd_paper_v2_literal,1000,1,518,9,0,0.0,27.086641758476656
logistic_bernoulli,omd_paper_v2_literal,omd_paper_v2_literal,1000,1,519,9,1,0.0,27.086641758476656
logistic_bernoulli,omd_paper_v2_literal,omd_paper_v2_literal,1000,1,520,9,1,0.0,27.086641758476656
logistic_bernoulli,omd_paper_v2_literal,omd_paper_v2_literal,1000,1,521,9,0,0.0,27.086641758476656
logistic_bernoulli,omd_paper_v2_literal,omd_paper_v2_literal,1000,1,522,9,1,0.0,27.086641758476656
logistic_bernoulli,omd_paper_v2_literal,omd_paper_v2_literal,1000,1,523,9,1,0.0,27.086641758476656
logistic_bernoulli,omd_paper_v2_literal,omd_paper_v2_literal,1000,1,524,9,1,0.0,27.086641758476656
logistic_bernoulli,omd_paper_v2_literal,omd_paper_v2_literal,1000,1,525,9,0,0.0,27.086641758476656
logistic_bernoulli,omd_paper_v2_literal,omd_paper_v2_literal,1000,1,526,9,0,0.0,27.086641758476656
logistic_bernoulli,omd_paper_v2_literal,omd_paper_v2_literal,1000,1,527,9,1,0.0,27.086641758476656
logistic_bernoulli,omd_paper_v2_literal,omd_paper_v2_literal,1000,1,528,9,0,0.0,27.086641758476656
logistic_bernoulli,omd_paper_v2_literal,omd_paper_v2_literal,1000,1,529,6,1,0.015941344123524215,27.10258310260018
logistic_bernoulli,omd_paper_v2_literal,omd_paper_v2_literal,1000,1,530,6,0,0.015941344123524215,27.118524446723708
logistic_bernoulli,omd_paper_v2_literal,omd_paper_v2_literal,1000,1,531,4,0,0.33576579883000085,27.454290245553707
logistic_bernoulli,omd_paper_v2_literal,omd_paper_v2_literal,1000,1,532,6,1,0.015941344123524215,27.470231589677233
logistic_bernoulli,omd_paper_v2_literal,omd_paper_v2_literal,1000,1,533,6,1,0.015941344123524215,27.48617293380076
logistic_bernoulli,omd_paper_v2_literal,omd_paper_v2_literal,1000,1,534,6,1,0.015941344123524215,27.502114277924285
logistic_bernoulli,omd_paper_v2_literal,omd_paper_v2_literal,1000,1,535,6,0,0.015941344123524215,27.51805562204781
logistic_bernoulli,omd_paper_v2_literal,omd_paper_v2_literal,1000,1,536,9,0,0.0,27.51805562204781
logistic_bernoulli,omd_paper_v2_literal,omd_paper_v2_literal,1000,1,537,5,0,0.3216524339139793,27.83970805596179
logistic_bernoulli,omd_paper_v2_literal,omd_paper_v2_literal,1000,1,538,9,1,0.0,27.83970805596179
logistic_bernoulli,omd_paper_v2_literal,omd_paper_v2_literal,1000,1,539,9,1,0.0,27.83970805596179
logistic_bernoulli,omd_paper_v2_literal,omd_paper_v2_literal,1000,1,540,9,0,0.0,27.83970805596179
logistic_bernoulli,omd_paper_v2_literal,omd_paper_v2_literal,1000,1,541,4,1,0.33576579883000085,28.17547385479179
logistic_bernoulli,omd_paper_v2_literal,omd_paper_v2_literal,1000,1,542,4,1,0.33576579883000085,28.51123965362179
logistic_bernoulli,omd_paper_v2_literal,omd_paper_v2_literal,1000,1,543,4,0,0.33576579883000085,28.84700545245179
logistic_bernoulli,omd_paper_v2_literal,omd_paper_v2_literal,1000,1,544,9,1,0.0,28.84700545245179
logistic_bernoulli,omd_paper_v2_literal,omd_paper_v2_literal,1000,1,545,9,1,0.0,28.84700545245179
logistic_bernoulli,omd_paper_v2_literal,omd_paper_v2_literal,1000,1,546,9,1,0.0,28.84700545245179
logistic_bernoulli,omd_paper_v2_literal,omd_paper_v2_literal,1000,1,547,9,1,0.0,28.84700545245179
logistic_bernoulli,omd_paper_v2_literal,omd_paper_v2_literal,1000,1,548,9,0,0.0,28.84700545245179
logistic_bernoulli,omd_paper_v2_literal,omd_paper_v2_literal,1000,1,549,6,1,0.015941344123524215,28.862946796575315
logistic_bernoulli,omd_paper_v2_literal,omd_paper_v2_literal,1000,1,550,6,1,0.015941344123524215,28.87888814069884
logistic_bernoulli,omd_paper_v2_literal,omd_paper_v2_literal,1000,1,551,6,1,0.015941344123524215,28.894829484822367
logistic_bernoulli,omd_paper_v2_literal,omd_paper_v2_literal,1000,1,552,6,1,0.015941344123524215,28.910770828945893
logistic_bernoulli,omd_paper_v2_literal,omd_paper_v2_literal,1000,1,553,6,0,0.015941344123524215,28.92671217306942
logistic_bernoulli,omd_paper_v2_literal,omd_paper_v2_literal,1000,1,554,5,0,0.3216524339139793,29.248364606983397
logistic_bernoulli,omd_paper_v2_literal,omd_paper_v2_literal,1000,1,555,9,1,0.0,29.248364606983397
logistic_bernoulli,omd_paper_v2_literal,omd_paper_v2_literal,1000,1,556,9,1,0.0,29.248364606983397
logistic_bernoulli,omd_paper_v2_literal,omd_paper_v2_literal,1000,1,557,9,1,0.0,29.248364606983397
logistic_bernoulli,omd_paper_v2_literal,omd_paper_v2_literal,1000,1,558,9,1,0.0,29.248364606983397
logistic_bernoulli,omd_paper_v2_literal,omd_paper_v2_literal,1000,1,559,9,1,0.0,29.248364606983397
logistic_bernoulli,omd_paper_v2_literal,omd_paper_v2_literal,1000,1,560,9,1,0.0,29.248364606983397
logistic_bernoulli,omd_paper_v2_literal,omd_paper_v2_literal,1000,1,561,9,1,0.0,29.248364606983397
logistic_bernoulli,omd_paper_v2_literal,omd_paper_v2_literal,1000,1,562,9,1,0.0,29.248364606983397
logistic_bernoulli,omd_paper_v2_literal,omd_paper_v2_literal,1000,1,563,9,1,0.0,29.248364606983397
logistic_bernoulli,omd_paper_v2_literal,omd_paper_v2_literal,1000,1,564,9,1,0.0,29.248364606983397
logistic_bernoulli,omd_paper_v2_literal,omd_paper_v2_literal,1000,1,565,9,1,0.0,29.248364606983397
logistic_bernoulli,omd_paper_v2_literal,omd_paper_v2_literal,1000,1,566,9,1,0.0,29.248364606983397
logistic_bernoulli,omd_paper_v2_literal,omd_paper_v2_literal,1000,1,567,9,1,0.0,29.248364606983397
logistic_bernoulli,omd_paper_v2_literal,omd_paper_v2_literal,1000,1,568,9,0,0.0,29.248364606983397
logistic_bernoulli,omd_paper_v2_literal,omd_paper_v2_literal,1000,1,569,9,1,0.0,29.248364606983397
logistic_bernoulli,omd_paper_v2_literal,omd_paper_v2_literal,1000,1,570,9,1,0.0,29.248364606983397
logistic_bernoulli,omd_paper_v2_literal,omd_paper_v2_literal,1000,1,571,9,1,0.0,29.248364606983397
logistic_bernoulli,omd_paper_v2_literal,omd_paper_v2_literal,1000,1,572,9,1,0.0,29.248364606983397
logistic_bernoulli,omd_paper_v2_literal,omd_paper_v2_literal,1000,1,573,9,0,0.0,29.248364606983397
logistic_bernoulli,omd_paper_v2_literal,omd_paper_v2_literal,1000,1,574,9,1,0.0,29.248364606983397
logistic_bernoulli,omd_paper_v2_literal,omd_paper_v2_literal,1000,1,575,9,1,0.0,29.248364606983397
logistic_bernoulli,omd_paper_v2_literal,omd_paper_v2_literal,1000,1,576,9,0,0.0,29.248364606983397
logistic_bernoulli,omd_paper_v2_literal,omd_paper_v2_literal,1000,1,577,9,1,0.0,29.248364606983397
logistic_bernoulli,omd_paper_v2_literal,omd_paper_v2_literal,1000,1,578,9,1,0.0,29.248364606983397
logistic_bernoulli,omd_paper_v2_literal,omd_paper_v2_literal,1000,1,579,9,1,0.0,29.248364606983397
logistic_bernoulli,omd_paper_v2_literal,omd_paper_v2_literal,1000,1,580,9,0,0.0,29.248364606983397
logistic_bernoulli,omd_paper_v2_literal,omd_paper_v2_literal,1000,1,581,9,1,0.0,29.248364606983397
logistic_bernoulli,omd_paper_v2_literal,omd_paper_v2_literal,1000,1,582,9,1,0.0,29.248364606983397
logistic_bernoulli,omd_paper_v2_literal,omd_paper_v2_literal,1000,1,583,9,1,0.0,29.248364606983397
logistic_bernoulli,omd_paper_v2_literal,omd_paper_v2_literal,1000,1,584,9,1,0.0,29.248364606983397
logistic_bernoulli,omd_paper_v2_literal,omd_paper_v2_literal,1000,1,585,9,1,0.0,29.248364606983397
logistic_bernoulli,omd_paper_v2_literal,omd_paper_v2_literal,1000,1,586,9,0,0.0,29.248364606983397
logistic_bernoulli,omd_paper_v2_literal,omd_paper_v2_literal,1000,1,587,6,1,0.015941344123524215,29.264305951106923
logistic_bernoulli,omd_paper_v2_literal,omd_paper_v2_literal,1000,1,588,6,1,0.015941344123524215,29.28024729523045
logistic_bernoulli,omd_paper_v2_literal,omd_paper_v2_literal,1000,1,589,6,1,0.015941344123524215,29.296188639353975
logistic_bernoulli,omd_paper_v2_literal,omd_paper_v2_literal,1000,1,590,6,0,0.015941344123524215,29.3121299834775
logistic_bernoulli,omd_paper_v2_literal,omd_paper_v2_literal,1000,1,591,9,1,0.0,29.3121299834775
logistic_bernoulli,omd_paper_v2_literal,omd_paper_v2_literal,1000,1,592,9,1,0.0,29.3121299834775
logistic_bernoulli,omd_paper_v2_literal,omd_paper_v2_literal,1000,1,593,9,1,0.0,29.3121299834775
logistic_bernoulli,omd_paper_v2_literal,omd_paper_v2_literal,1000,1,594,9,1,0.0,29.3121299834775
logistic_bernoulli,omd_paper_v2_literal,omd_paper_v2_literal,1000,1,595,9,1,0.0,29.3121299834775
logistic_bernoulli,omd_paper_v2_literal,omd_paper_v2_literal,1000,1,596,9,1,0.0,29.3121299834775
logistic_bernoulli,omd_paper_v2_literal,omd_paper_v2_literal,1000,1,597,9,0,0.0,29.3121299834775
logistic_bernoulli,omd_paper_v2_literal,omd_paper_v2_literal,1000,1,598,4,1,0.33576579883000085,29.6478957823075
logistic_bernoulli,omd_paper_v2_literal,omd_paper_v2_literal,1000,1,599,4,0,0.33576579883000085,29.9836615811375
logistic_bernoulli,omd_paper_v2_literal,omd_paper_v2_literal,1000,1,600,6,0,0.015941344123524215,29.999602925261026
logistic_bernoulli,omd_paper_v2_literal,omd_paper_v2_literal,1000,1,601,9,1,0.0,29.999602925261026
logistic_bernoulli,omd_paper_v2_literal,omd_paper_v2_literal,1000,1,602,9,1,0.0,29.999602925261026
logistic_bernoulli,omd_paper_v2_literal,omd_paper_v2_literal,1000,1,603,9,1,0.0,29.999602925261026
logistic_bernoulli,omd_paper_v2_literal,omd_paper_v2_literal,1000,1,604,9,1,0.0,29.999602925261026
logistic_bernoulli,omd_paper_v2_literal,omd_paper_v2_literal,1000,1,605,9,1,0.0,29.999602925261026
logistic_bernoulli,omd_paper_v2_literal,omd_paper_v2_literal,1000,1,606,9,1,0.0,29.999602925261026
logistic_bernoulli,omd_paper_v2_literal,omd_paper_v2_literal,1000,1,607,9,1,0.0,29.999602925261026
logistic_bernoulli,omd_paper_v2_literal,omd_paper_v2_literal,1000,1,608,9,0,0.0,29.999602925261026
logistic_bernoulli,omd_paper_v2_literal,omd_paper_v2_literal,1000,1,609,9,1,0.0,29.999602925261026
logistic_bernoulli,omd_paper_v2_literal,omd_paper_v2_literal,1000,1,610,9,0,0.0,29.999602925261026
logistic_bernoulli,omd_paper_v2_literal,omd_paper_v2_literal,1000,1,611,4,1,0.33576579883000085,30.335368724091026
logistic_bernoulli,omd_paper_v2_literal,omd_paper_v2_literal,1000,1,612,4,0,0.33576579883000085,30.671134522921026
logistic_bernoulli,omd_paper_v2_literal,omd_paper_v2_literal,1000,1,613,6,0,0.015941344123524215,30.687075867044552
logistic_bernoulli,omd_paper_v2_literal,omd_paper_v2_literal,1000,1,614,4,1,0.33576579883000085,31.02284166587455
logistic_bernoulli,omd_paper_v2_literal,omd_paper_v2_literal,1000,1,615,4,0,0.33576579883000085,31.35860746470455
logistic_bernoulli,omd_paper_v2_literal,omd_paper_v2_literal,1000,1,616,9,1,0.0,31.35860746470455
logistic_bernoulli,omd_paper_v2_literal,omd_paper_v2_literal,1000,1,617,9,1,0.0,31.35860746470455
logistic_bernoulli,omd_paper_v2_literal,omd_paper_v2_literal,1000,1,618,9,1,0.0,31.35860746470455
logistic_bernoulli,omd_paper_v2_literal,omd_paper_v2_literal,1000,1,619,9,0,0.0,31.35860746470455
logistic_bernoulli,omd_paper_v2_literal,omd_paper_v2_literal,1000,1,620,6,0,0.015941344123524215,31.374548808828077
logistic_bernoulli,omd_paper_v2_literal,omd_paper_v2_literal,1000,1,621,4,0,0.33576579883000085,31.710314607658077
logistic_bernoulli,omd_paper_v2_literal,omd_paper_v2_literal,1000,1,622,6,1,0.015941344123524215,31.726255951781603
logistic_bernoulli,omd_paper_v2_literal,omd_paper_v2_literal,1000,1,623,6,1,0.015941344123524215,31.74219729590513
logistic_bernoulli,omd_paper_v2_literal,omd_paper_v2_literal,1000,1,624,6,0,0.015941344123524215,31.758138640028655
logistic_bernoulli,omd_paper_v2_literal,omd_paper_v2_literal,1000,1,625,9,1,0.0,31.758138640028655
logistic_bernoulli,omd_paper_v2_literal,omd_paper_v2_literal,1000,1,626,9,0,0.0,31.758138640028655
logistic_bernoulli,omd_paper_v2_literal,omd_paper_v2_literal,1000,1,627,4,0,0.33576579883000085,32.09390443885866
logistic_bernoulli,omd_paper_v2_literal,omd_paper_v2_literal,1000,1,628,6,0,0.015941344123524215,32.109845782982184
logistic_bernoulli,omd_paper_v2_literal,omd_paper_v2_literal,1000,1,629,3,0,0.2892221772768807,32.39906796025907
logistic_bernoulli,omd_paper_v2_literal,omd_paper_v2_literal,1000,1,630,6,1,0.015941344123524215,32.41500930438259
logistic_bernoulli,omd_paper_v2_literal,omd_paper_v2_literal,1000,1,631,6,1,0.015941344123524215,32.43095064850612
logistic_bernoulli,omd_paper_v2_literal,omd_paper_v2_literal,1000,1,632,6,1,0.015941344123524215,32.446891992629645
logistic_bernoulli,omd_paper_v2_literal,omd_paper_v2_literal,1000,1,633,6,1,0.015941344123524215,32.46283333675317
logistic_bernoulli,omd_paper_v2_literal,omd_paper_v2_literal,1000,1,634,6,1,0.015941344123524215,32.4787746808767
logistic_bernoulli,omd_paper_v2_literal,omd_paper_v2_literal,1000,1,635,6,1,0.015941344123524215,32.49471602500022
logistic_bernoulli,omd_paper_v2_literal,omd_paper_v2_literal,1000,1,636,6,1,0.015941344123524215,32.51065736912375
logistic_bernoulli,omd_paper_v2_literal,omd_paper_v2_literal,1000,1,637,6,1,0.015941344123524215,32.526598713247274
logistic_bernoulli,omd_paper_v2_literal,omd_paper_v2_literal,1000,1,638,6,1,0.015941344123524215,32.5425400573708
logistic_bernoulli,omd_paper_v2_literal,omd_paper_v2_literal,1000,1,639,6,0,0.015941344123524215,32.558481401494326
logistic_bernoulli,omd_paper_v2_literal,omd_paper_v2_literal,1000,1,640,6,1,0.015941344123524215,32.57442274561785
logistic_bernoulli,omd_paper_v2_literal,omd_paper_v2_literal,1000,1,641,6,0,0.015941344123524215,32.59036408974138
logistic_bernoulli,omd_paper_v2_literal,omd_paper_v2_literal,1000,1,642,6,1,0.015941344123524215,32.606305433864904
logistic_bernoulli,omd_paper_v2_literal,omd_paper_v2_literal,1000,1,643,6,1,0.015941344123524215,32.62224677798843
logistic_bernoulli,omd_paper_v2_literal,omd_paper_v2_literal,1000,1,644,6,0,0.015941344123524215,32.638188122111956
logistic_bernoulli,omd_paper_v2_literal,omd_paper_v2_literal,1000,1,645,6,1,0.015941344123524215,32.65412946623548
logistic_bernoulli,omd_paper_v2_literal,omd_paper_v2_literal,1000,1,646,6,1,0.015941344123524215,32.67007081035901
logistic_bernoulli,omd_paper_v2_literal,omd_paper_v2_literal,1000,1,647,6,0,0.015941344123524215,32.68601215448253
logistic_bernoulli,omd_paper_v2_literal,omd_paper_v2_literal,1000,1,648,9,1,0.0,32.68601215448253
logistic_bernoulli,omd_paper_v2_literal,omd_paper_v2_literal,1000,1,649,9,1,0.0,32.68601215448253
logistic_bernoulli,omd_paper_v2_literal,omd_paper_v2_literal,1000,1,650,9,0,0.0,32.68601215448253
logistic_bernoulli,omd_paper_v2_literal,omd_paper_v2_literal,1000,1,651,4,0,0.33576579883000085,33.02177795331254
logistic_bernoulli,omd_paper_v2_literal,omd_paper_v2_literal,1000,1,652,6,1,0.015941344123524215,33.03771929743606
logistic_bernoulli,omd_paper_v2_literal,omd_paper_v2_literal,1000,1,653,6,0,0.015941344123524215,33.05366064155959
logistic_bernoulli,omd_paper_v2_literal,omd_paper_v2_literal,1000,1,654,9,1,0.0,33.05366064155959
logistic_bernoulli,omd_paper_v2_literal,omd_paper_v2_literal,1000,1,655,9,1,0.0,33.05366064155959
logistic_bernoulli,omd_paper_v2_literal,omd_paper_v2_literal,1000,1,656,9,1,0.0,33.05366064155959
logistic_bernoulli,omd_paper_v2_literal,omd_paper_v2_literal,1000,1,657,9,0,0.0,33.05366064155959
logistic_bernoulli,omd_paper_v2_literal,omd_paper_v2_literal,1000,1,658,6,1,0.015941344123524215,33.069601985683114
logistic_bernoulli,omd_paper_v2_literal,omd_paper_v2_literal,1000,1,659,6,1,0.015941344123524215,33.08554332980664
logistic_bernoulli,omd_paper_v2_literal,omd_paper_v2_literal,1000,1,660,6,1,0.015941344123524215,33.101484673930166
logistic_bernoulli,omd_paper_v2_literal,omd_paper_v2_literal,1000,1,661,6,1,0.015941344123524215,33.11742601805369
logistic_bernoulli,omd_paper_v2_literal,omd_paper_v2_literal,1000,1,662,6,1,0.015941344123524215,33.13336736217722
logistic_bernoulli,omd_paper_v2_literal,omd_paper_v2_literal,1000,1,663,6,1,0.015941344123524215,33.149308706300744
logistic_bernoulli,omd_paper_v2_literal,omd_paper_v2_literal,1000,1,664,6,1,0.015941344123524215,33.16525005042427
logistic_bernoulli,omd_paper_v2_literal,omd_paper_v2_literal,1000,1,665,6,1,0.015941344123524215,33.181191394547795
logistic_bernoulli,omd_paper_v2_literal,omd_paper_v2_literal,1000,1,666,6,1,0.015941344123524215,33.19713273867132
logistic_bernoulli,omd_paper_v2_literal,omd_paper_v2_literal,1000,1,667,6,0,0.015941344123524215,33.21307408279485
logistic_bernoulli,omd_paper_v2_literal,omd_paper_v2_literal,1000,1,668,6,1,0.015941344123524215,33.22901542691837
logistic_bernoulli,omd_paper_v2_literal,omd_paper_v2_literal,1000,1,669,6,1,0.015941344123524215,33.2449567710419
logistic_bernoulli,omd_paper_v2_literal,omd_paper_v2_literal,1000,1,670,6,1,0.015941344123524215,33.260898115165425
logistic_bernoulli,omd_paper_v2_literal,omd_paper_v2_literal,1000,1,671,6,1,0.015941344123524215,33.27683945928895
logistic_bernoulli,omd_paper_v2_literal,omd_paper_v2_literal,1000,1,672,6,1,0.015941344123524215,33.29278080341248
logistic_bernoulli,omd_paper_v2_literal,omd_paper_v2_literal,1000,1,673,6,1,0.015941344123524215,33.308722147536
logistic_bernoulli,omd_paper_v2_literal,omd_paper_v2_literal,1000,1,674,6,1,0.015941344123524215,33.32466349165953
logistic_bernoulli,omd_paper_v2_literal,omd_paper_v2_literal,1000,1,675,6,1,0.015941344123524215,33.340604835783054
logistic_bernoulli,omd_paper_v2_literal,omd_paper_v2_literal,1000,1,676,6,0,0.015941344123524215,33.35654617990658
logistic_bernoulli,omd_paper_v2_literal,omd_paper_v2_literal,1000,1,677,6,1,0.015941344123524215,33.372487524030106
logistic_bernoulli,omd_paper_v2_literal,omd_paper_v2_literal,1000,1,678,6,0,0.015941344123524215,33.38842886815363
logistic_bernoulli,omd_paper_v2_literal,omd_paper_v2_literal,1000,1,679,5,1,0.3216524339139793,33.710081302067614
logistic_bernoulli,omd_paper_v2_literal,omd_paper_v2_literal,1000,1,680,5,0,0.3216524339139793,34.0317337359816
logistic_bernoulli,omd_paper_v2_literal,omd_paper_v2_literal,1000,1,681,9,1,0.0,34.0317337359816
logistic_bernoulli,omd_paper_v2_literal,omd_paper_v2_literal,1000,1,682,9,1,0.0,34.0317337359816
logistic_bernoulli,omd_paper_v2_literal,omd_paper_v2_literal,1000,1,683,9,1,0.0,34.0317337359816
logistic_bernoulli,omd_paper_v2_literal,omd_paper_v2_literal,1000,1,684,9,1,0.0,34.0317337359816
logistic_bernoulli,omd_paper_v2_literal,omd_paper_v2_literal,1000,1,685,9,0,0.0,34.0317337359816
logistic_bernoulli,omd_paper_v2_literal,omd_paper_v2_literal,1000,1,686,9,1,0.0,34.0317337359816
logistic_bernoulli,omd_paper_v2_literal,omd_paper_v2_literal,1000,1,687,9,1,0.0,34.0317337359816
logistic_bernoulli,omd_paper_v2_literal,omd_paper_v2_literal,1000,1,688,9,1,0.0,34.0317337359816
logistic_bernoulli,omd_paper_v2_literal,omd_paper_v2_literal,1000,1,689,9,1,0.0,34.0317337359816
logistic_bernoulli,omd_paper_v2_literal,omd_paper_v2_literal,1000,1,690,9,0,0.0,34.0317337359816
logistic_bernoulli,omd_paper_v2_literal,omd_paper_v2_literal,1000,1,691,6,1,0.015941344123524215,34.04767508010512
logistic_bernoulli,omd_paper_v2_literal,omd_paper_v2_literal,1000,1,692,6,1,0.015941344123524215,34.06361642422865
logistic_bernoulli,omd_paper_v2_literal,omd_paper_v2_literal,1000,1,693,6,1,0.015941344123524215,34.079557768352174
logistic_bernoulli,omd_paper_v2_literal,omd_paper_v2_literal,1000,1,694,6,0,0.015941344123524215,34.0954991124757
logistic_bernoulli,omd_paper_v2_literal,omd_paper_v2_literal,1000,1,695,9,0,0.0,34.0954991124757
logistic_bernoulli,omd_paper_v2_literal,omd_paper_v2_literal,1000,1,696,5,1,0.3216524339139793,34.41715154638968
logistic_bernoulli,omd_paper_v2_literal,omd_paper_v2_literal,1000,1,697,5,0,0.3216524339139793,34.738803980303665
logistic_bernoulli,omd_paper_v2_literal,omd_paper_v2_literal,1000,1,698,5,1,0.3216524339139793,35.06045641421765
logistic_bernoulli,omd_paper_v2_literal,omd_paper_v2_literal,1000,1,699,5,0,0.3216524339139793,35.38210884813163
logistic_bernoulli,omd_paper_v2_literal,omd_paper_v2_literal,1000,1,700,9,1,0.0,35.38210884813163
logistic_bernoulli,omd_paper_v2_literal,omd_paper_v2_literal,1000,1,701,9,1,0.0,35.38210884813163
logistic_bernoulli,omd_paper_v2_literal,omd_paper_v2_literal,1000,1,702,9,1,0.0,35.38210884813163
logistic_bernoulli,omd_paper_v2_literal,omd_paper_v2_literal,1000,1,703,9,0,0.0,35.38210884813163
logistic_bernoulli,omd_paper_v2_literal,omd_paper_v2_literal,1000,1,704,6,1,0.015941344123524215,35.398050192255155
logistic_bernoulli,omd_paper_v2_literal,omd_paper_v2_literal,1000,1,705,6,1,0.015941344123524215,35.41399153637868
logistic_bernoulli,omd_paper_v2_literal,omd_paper_v2_literal,1000,1,706,6,1,0.015941344123524215,35.42993288050221
logistic_bernoulli,omd_paper_v2_literal,omd_paper_v2_literal,1000,1,707,6,0,0.015941344123524215,35.44587422462573
logistic_bernoulli,omd_paper_v2_literal,omd_paper_v2_literal,1000,1,708,9,1,0.0,35.44587422462573
logistic_bernoulli,omd_paper_v2_literal,omd_paper_v2_literal,1000,1,709,9,1,0.0,35.44587422462573
logistic_bernoulli,omd_paper_v2_literal,omd_paper_v2_literal,1000,1,710,9,1,0.0,35.44587422462573
logistic_bernoulli,omd_paper_v2_literal,omd_paper_v2_literal,1000,1,711,9,0,0.0,35.44587422462573
logistic_bernoulli,omd_paper_v2_literal,omd_paper_v2_literal,1000,1,712,5,0,0.3216524339139793,35.767526658539715
logistic_bernoulli,omd_paper_v2_literal,omd_paper_v2_literal,1000,1,713,9,1,0.0,35.767526658539715
logistic_bernoulli,omd_paper_v2_literal,omd_paper_v2_literal,1000,1,714,9,0,0.0,35.767526658539715
logistic_bernoulli,omd_paper_v2_literal,omd_paper_v2_literal,1000,1,715,9,1,0.0,35.767526658539715
logistic_bernoulli,omd_paper_v2_literal,omd_paper_v2_literal,1000,1,716,9,0,0.0,35.767526658539715
logistic_bernoulli,omd_paper_v2_literal,omd_paper_v2_literal,1000,1,717,4,0,0.33576579883000085,36.10329245736972
logistic_bernoulli,omd_paper_v2_literal,omd_paper_v2_literal,1000,1,718,6,0,0.015941344123524215,36.119233801493245
logistic_bernoulli,omd_paper_v2_literal,omd_paper_v2_literal,1000,1,719,5,0,0.3216524339139793,36.44088623540723
logistic_bernoulli,omd_paper_v2_literal,omd_paper_v2_literal,1000,1,720,9,1,0.0,36.44088623540723
logistic_bernoulli,omd_paper_v2_literal,omd_paper_v2_literal,1000,1,721,9,1,0.0,36.44088623540723
logistic_bernoulli,omd_paper_v2_literal,omd_paper_v2_literal,1000,1,722,9,1,0.0,36.44088623540723
logistic_bernoulli,omd_paper_v2_literal,omd_paper_v2_literal,1000,1,723,9,0,0.0,36.44088623540723
logistic_bernoulli,omd_paper_v2_literal,omd_paper_v2_literal,1000,1,724,3,0,0.2892221772768807,36.73010841268411
logistic_bernoulli,omd_paper_v2_literal,omd_paper_v2_literal,1000,1,725,6,1,0.015941344123524215,36.746049756807636
logistic_bernoulli,omd_paper_v2_literal,omd_paper_v2_literal,1000,1,726,6,0,0.015941344123524215,36.76199110093116
logistic_bernoulli,omd_paper_v2_literal,omd_paper_v2_literal,1000,1,727,6,1,0.015941344123524215,36.77793244505469
logistic_bernoulli,omd_paper_v2_literal,omd_paper_v2_literal,1000,1,728,6,1,0.015941344123524215,36.793873789178214
logistic_bernoulli,omd_paper_v2_literal,omd_paper_v2_literal,1000,1,729,6,1,0.015941344123524215,36.80981513330174
logistic_bernoulli,omd_paper_v2_literal,omd_paper_v2_literal,1000,1,730,6,0,0.015941344123524215,36.825756477425266
logistic_bernoulli,omd_paper_v2_literal,omd_paper_v2_literal,1000,1,731,9,1,0.0,36.825756477425266
logistic_bernoulli,omd_paper_v2_literal,omd_paper_v2_literal,1000,1,732,9,1,0.0,36.825756477425266
logistic_bernoulli,omd_paper_v2_literal,omd_paper_v2_literal,1000,1,733,9,1,0.0,36.825756477425266
logistic_bernoulli,omd_paper_v2_literal,omd_paper_v2_literal,1000,1,734,9,0,0.0,36.825756477425266
logistic_bernoulli,omd_paper_v2_literal,omd_paper_v2_literal,1000,1,735,5,0,0.3216524339139793,37.14740891133925
logistic_bernoulli,omd_paper_v2_literal,omd_paper_v2_literal,1000,1,736,3,1,0.2892221772768807,37.43663108861613
logistic_bernoulli,omd_paper_v2_literal,omd_paper_v2_literal,1000,1,737,3,0,0.2892221772768807,37.725853265893015
logistic_bernoulli,omd_paper_v2_literal,omd_paper_v2_literal,1000,1,738,9,1,0.0,37.725853265893015
logistic_bernoulli,omd_paper_v2_literal,omd_paper_v2_literal,1000,1,739,9,1,0.0,37.725853265893015
logistic_bernoulli,omd_paper_v2_literal,omd_paper_v2_literal,1000,1,740,9,1,0.0,37.725853265893015
logistic_bernoulli,omd_paper_v2_literal,omd_paper_v2_literal,1000,1,741,9,0,0.0,37.725853265893015
logistic_bernoulli,omd_paper_v2_literal,omd_paper_v2_literal,1000,1,742,9,0,0.0,37.725853265893015
logistic_bernoulli,omd_paper_v2_literal,omd_paper_v2_literal,1000,1,743,3,1,0.2892221772768807,38.0150754431699
logistic_bernoulli,omd_paper_v2_literal,omd_paper_v2_literal,1000,1,744,3,0,0.2892221772768807,38.30429762044678
logistic_bernoulli,omd_paper_v2_literal,omd_paper_v2_literal,1000,1,745,6,0,0.015941344123524215,38.32023896457031
logistic_bernoulli,omd_paper_v2_literal,omd_paper_v2_literal,1000,1,746,3,0,0.2892221772768807,38.60946114184719
logistic_bernoulli,omd_paper_v2_literal,omd_paper_v2_literal,1000,1,747,5,1,0.3216524339139793,38.931113575761174
logistic_bernoulli,omd_paper_v2_literal,omd_paper_v2_literal,1000,1,748,5,0,0.3216524339139793,39.252766009675156
logistic_bernoulli,omd_paper_v2_literal,omd_paper_v2_literal,1000,1,749,6,1,0.015941344123524215,39.26870735379868
logistic_bernoulli,omd_paper_v2_literal,omd_paper_v2_literal,1000,1,750,6,1,0.015941344123524215,39.28464869792221
logistic_bernoulli,omd_paper_v2_literal,omd_paper_v2_literal,1000,1,751,6,1,0.015941344123524215,39.300590042045734
logistic_bernoulli,omd_paper_v2_literal,omd_paper_v2_literal,1000,1,752,6,0,0.015941344123524215,39.31653138616926
logistic_bernoulli,omd_paper_v2_literal,omd_paper_v2_literal,1000,1,753,5,0,0.3216524339139793,39.63818382008324
logistic_bernoulli,omd_paper_v2_literal,omd_paper_v2_literal,1000,1,754,9,1,0.0,39.63818382008324
logistic_bernoulli,omd_paper_v2_literal,omd_paper_v2_literal,1000,1,755,9,0,0.0,39.63818382008324
logistic_bernoulli,omd_paper_v2_literal,omd_paper_v2_literal,1000,1,756,3,1,0.2892221772768807,39.927405997360125
logistic_bernoulli,omd_paper_v2_literal,omd_paper_v2_literal,1000,1,757,3,0,0.2892221772768807,40.21662817463701
logistic_bernoulli,omd_paper_v2_literal,omd_paper_v2_literal,1000,1,758,9,1,0.0,40.21662817463701
logistic_bernoulli,omd_paper_v2_literal,omd_paper_v2_literal,1000,1,759,9,0,0.0,40.21662817463701
logistic_bernoulli,omd_paper_v2_literal,omd_paper_v2_literal,1000,1,760,5,0,0.3216524339139793,40.53828060855099
logistic_bernoulli,omd_paper_v2_literal,omd_paper_v2_literal,1000,1,761,3,1,0.2892221772768807,40.827502785827875
logistic_bernoulli,omd_paper_v2_literal,omd_paper_v2_literal,1000,1,762,3,0,0.2892221772768807,41.11672496310476
logistic_bernoulli,omd_paper_v2_literal,omd_paper_v2_literal,1000,1,763,9,0,0.0,41.11672496310476
logistic_bernoulli,omd_paper_v2_literal,omd_paper_v2_literal,1000,1,764,3,0,0.2892221772768807,41.40594714038164
logistic_bernoulli,omd_paper_v2_literal,omd_paper_v2_literal,1000,1,765,6,1,0.015941344123524215,41.42188848450517
logistic_bernoulli,omd_paper_v2_literal,omd_paper_v2_literal,1000,1,766,6,1,0.015941344123524215,41.43782982862869
logistic_bernoulli,omd_paper_v2_literal,omd_paper_v2_literal,1000,1,767,6,0,0.015941344123524215,41.45377117275222
logistic_bernoulli,omd_paper_v2_literal,omd_paper_v2_literal,1000,1,768,5,0,0.3216524339139793,41.7754236066662
logistic_bernoulli,omd_paper_v2_literal,omd_paper_v2_literal,1000,1,769,9,1,0.0,41.7754236066662
logistic_bernoulli,omd_paper_v2_literal,omd_paper_v2_literal,1000,1,770,9,1,0.0,41.7754236066662
logistic_bernoulli,omd_paper_v2_literal,omd_paper_v2_literal,1000,1,771,9,1,0.0,41.7754236066662
logistic_bernoulli,omd_paper_v2_literal,omd_paper_v2_literal,1000,1,772,9,1,0.0,41.7754236066662
logistic_bernoulli,omd_paper_v2_literal,omd_paper_v2_literal,1000,1,773,9,0,0.0,41.7754236066662
logistic_bernoulli,omd_paper_v2_literal,omd_paper_v2_literal,1000,1,774,9,1,0.0,41.7754236066662
logistic_bernoulli,omd_paper_v2_literal,omd_paper_v2_literal,1000,1,775,9,1,0.0,41.7754236066662
logistic_bernoulli,omd_paper_v2_literal,omd_paper_v2_literal,1000,1,776,9,1,0.0,41.7754236066662
logistic_bernoulli,omd_paper_v2_literal,omd_paper_v2_literal,1000,1,777,9,1,0.0,41.7754236066662
logistic_bernoulli,omd_paper_v2_literal,omd_paper_v2_literal,1000,1,778,9,0,0.0,41.7754236066662
logistic_bernoulli,omd_paper_v2_literal,omd_paper_v2_literal,1000,1,779,6,0,0.015941344123524215,41.79136495078973
logistic_bernoulli,omd_paper_v2_literal,omd_paper_v2_literal,1000,1,780,3,1,0.2892221772768807,42.08058712806661
logistic_bernoulli,omd_paper_v2_literal,omd_paper_v2_literal,1000,1,781,3,1,0.2892221772768807,42.369809305343495
logistic_bernoulli,omd_paper_v2_literal,omd_paper_v2_literal,1000,1,782,3,0,0.2892221772768807,42.65903148262038
logistic_bernoulli,omd_paper_v2_literal,omd_paper_v2_literal,1000,1,783,3,0,0.2892221772768807,42.94825365989726
logistic_bernoulli,omd_paper_v2_literal,omd_paper_v2_literal,1000,1,784,9,1,0.0,42.94825365989726
logistic_bernoulli,omd_paper_v2_literal,omd_paper_v2_literal,1000,1,785,9,1,0.0,42.94825365989726
logistic_bernoulli,omd_paper_v2_literal,omd_paper_v2_literal,1000,1,786,9,1,0.0,42.94825365989726
logistic_bernoulli,omd_paper_v2_literal,omd_paper_v2_literal,1000,1,787,9,0,0.0,42.94825365989726
logistic_bernoulli,omd_paper_v2_literal,omd_paper_v2_literal,1000,1,788,3,1,0.2892221772768807,43.237475837174145
logistic_bernoulli,omd_paper_v2_literal,omd_paper_v2_literal,1000,1,789,3,0,0.2892221772768807,43.52669801445103
logistic_bernoulli,omd_paper_v2_literal,omd_paper_v2_literal,1000,1,790,6,1,0.015941344123524215,43.542639358574554
logistic_bernoulli,omd_paper_v2_literal,omd_paper_v2_literal,1000,1,791,6,0,0.015941344123524215,43.55858070269808
logistic_bernoulli,omd_paper_v2_literal,omd_paper_v2_literal,1000,1,792,3,0,0.2892221772768807,43.847802879974964
logistic_bernoulli,omd_paper_v2_literal,omd_paper_v2_literal,1000,1,793,5,1,0.3216524339139793,44.169455313888946
logistic_bernoulli,omd_paper_v2_literal,omd_paper_v2_literal,1000,1,794,5,1,0.3216524339139793,44.49110774780293
logistic_bernoulli,omd_paper_v2_literal,omd_paper_v2_literal,1000,1,795,5,0,0.3216524339139793,44.81276018171691
logistic_bernoulli,omd_paper_v2_literal,omd_paper_v2_literal,1000,1,796,6,1,0.015941344123524215,44.82870152584044
logistic_bernoulli,omd_paper_v2_literal,omd_paper_v2_literal,1000,1,797,6,0,0.015941344123524215,44.84464286996396
logistic_bernoulli,omd_paper_v2_literal,omd_paper_v2_literal,1000,1,798,5,1,0.3216524339139793,45.166295303877945
logistic_bernoulli,omd_paper_v2_literal,omd_paper_v2_literal,1000,1,799,5,1,0.3216524339139793,45.48794773779193
logistic_bernoulli,omd_paper_v2_literal,omd_paper_v2_literal,1000,1,800,5,0,0.3216524339139793,45.80960017170591
logistic_bernoulli,omd_paper_v2_literal,omd_paper_v2_literal,1000,1,801,5,1,0.3216524339139793,46.13125260561989
logistic_bernoulli,omd_paper_v2_literal,omd_paper_v2_literal,1000,1,802,5,1,0.3216524339139793,46.452905039533874
logistic_bernoulli,omd_paper_v2_literal,omd_paper_v2_literal,1000,1,803,5,0,0.3216524339139793,46.77455747344786
logistic_bernoulli,omd_paper_v2_literal,omd_paper_v2_literal,1000,1,804,6,1,0.015941344123524215,46.79049881757138
logistic_bernoulli,omd_paper_v2_literal,omd_paper_v2_literal,1000,1,805,6,0,0.015941344123524215,46.80644016169491
logistic_bernoulli,omd_paper_v2_literal,omd_paper_v2_literal,1000,1,806,5,1,0.3216524339139793,47.12809259560889
logistic_bernoulli,omd_paper_v2_literal,omd_paper_v2_literal,1000,1,807,5,1,0.3216524339139793,47.44974502952287
logistic_bernoulli,omd_paper_v2_literal,omd_paper_v2_literal,1000,1,808,5,1,0.3216524339139793,47.771397463436855
logistic_bernoulli,omd_paper_v2_literal,omd_paper_v2_literal,1000,1,809,5,0,0.3216524339139793,48.09304989735084
logistic_bernoulli,omd_paper_v2_literal,omd_paper_v2_literal,1000,1,810,5,0,0.3216524339139793,48.41470233126482
logistic_bernoulli,omd_paper_v2_literal,omd_paper_v2_literal,1000,1,811,6,0,0.015941344123524215,48.430643675388346
logistic_bernoulli,omd_paper_v2_literal,omd_paper_v2_literal,1000,1,812,3,0,0.2892221772768807,48.71986585266523
logistic_bernoulli,omd_paper_v2_literal,omd_paper_v2_literal,1000,1,813,6,1,0.015941344123524215,48.735807196788755
logistic_bernoulli,omd_paper_v2_literal,omd_paper_v2_literal,1000,1,814,6,1,0.015941344123524215,48.75174854091228
logistic_bernoulli,omd_paper_v2_literal,omd_paper_v2_literal,1000,1,815,6,0,0.015941344123524215,48.76768988503581
logistic_bernoulli,omd_paper_v2_literal,omd_paper_v2_literal,1000,1,816,5,1,0.3216524339139793,49.08934231894979
logistic_bernoulli,omd_paper_v2_literal,omd_paper_v2_literal,1000,1,817,5,0,0.3216524339139793,49.41099475286377
logistic_bernoulli,omd_paper_v2_literal,omd_paper_v2_literal,1000,1,818,3,0,0.2892221772768807,49.700216930140655
logistic_bernoulli,omd_paper_v2_literal,omd_paper_v2_literal,1000,1,819,6,1,0.015941344123524215,49.71615827426418
logistic_bernoulli,omd_paper_v2_literal,omd_paper_v2_literal,1000,1,820,6,0,0.015941344123524215,49.73209961838771
logistic_bernoulli,omd_paper_v2_literal,omd_paper_v2_literal,1000,1,821,6,1,0.015941344123524215,49.74804096251123
logistic_bernoulli,omd_paper_v2_literal,omd_paper_v2_literal,1000,1,822,6,1,0.015941344123524215,49.76398230663476
logistic_bernoulli,omd_paper_v2_literal,omd_paper_v2_literal,1000,1,823,6,0,0.015941344123524215,49.779923650758285
logistic_bernoulli,omd_paper_v2_literal,omd_paper_v2_literal,1000,1,824,5,1,0.3216524339139793,50.10157608467227
logistic_bernoulli,omd_paper_v2_literal,omd_paper_v2_literal,1000,1,825,5,1,0.3216524339139793,50.42322851858625
logistic_bernoulli,omd_paper_v2_literal,omd_paper_v2_literal,1000,1,826,5,0,0.3216524339139793,50.74488095250023
logistic_bernoulli,omd_paper_v2_literal,omd_paper_v2_literal,1000,1,827,5,1,0.3216524339139793,51.066533386414214
logistic_bernoulli,omd_paper_v2_literal,omd_paper_v2_literal,1000,1,828,5,1,0.3216524339139793,51.3881858203282
logistic_bernoulli,omd_paper_v2_literal,omd_paper_v2_literal,1000,1,829,5,0,0.3216524339139793,51.70983825424218
logistic_bernoulli,omd_paper_v2_literal,omd_paper_v2_literal,1000,1,830,6,1,0.015941344123524215,51.725779598365705
logistic_bernoulli,omd_paper_v2_literal,omd_paper_v2_literal,1000,1,831,6,1,0.015941344123524215,51.74172094248923
logistic_bernoulli,omd_paper_v2_literal,omd_paper_v2_literal,1000,1,832,6,0,0.015941344123524215,51.75766228661276
logistic_bernoulli,omd_paper_v2_literal,omd_paper_v2_literal,1000,1,833,5,0,0.3216524339139793,52.07931472052674
logistic_bernoulli,omd_paper_v2_literal,omd_paper_v2_literal,1000,1,834,3,0,0.2892221772768807,52.36853689780362
logistic_bernoulli,omd_paper_v2_literal,omd_paper_v2_literal,1000,1,835,6,0,0.015941344123524215,52.38447824192715
logistic_bernoulli,omd_paper_v2_literal,omd_paper_v2_literal,1000,1,836,3,0,0.2892221772768807,52.67370041920403
logistic_bernoulli,omd_paper_v2_literal,omd_paper_v2_literal,1000,1,837,6,1,0.015941344123524215,52.68964176332756
logistic_bernoulli,omd_paper_v2_literal,omd_paper_v2_literal,1000,1,838,6,0,0.015941344123524215,52.70558310745108
logistic_bernoulli,omd_paper_v2_literal,omd_paper_v2_literal,1000,1,839,5,0,0.3216524339139793,53.027235541365066
logistic_bernoulli,omd_paper_v2_literal,omd_paper_v2_literal,1000,1,840,9,1,0.0,53.027235541365066
logistic_bernoulli,omd_paper_v2_literal,omd_paper_v2_literal,1000,1,841,9,1,0.0,53.027235541365066
logistic_bernoulli,omd_paper_v2_literal,omd_paper_v2_literal,1000,1,842,9,1,0.0,53.027235541365066
logistic_bernoulli,omd_paper_v2_literal,omd_paper_v2_literal,1000,1,843,9,1,0.0,53.027235541365066
logistic_bernoulli,omd_paper_v2_literal,omd_paper_v2_literal,1000,1,844,9,1,0.0,53.027235541365066
logistic_bernoulli,omd_paper_v2_literal,omd_paper_v2_literal,1000,1,845,9,1,0.0,53.027235541365066
logistic_bernoulli,omd_paper_v2_literal,omd_paper_v2_literal,1000,1,846,9,1,0.0,53.027235541365066
logistic_bernoulli,omd_paper_v2_literal,omd_paper_v2_literal,1000,1,847,9,1,0.0,53.027235541365066
logistic_bernoulli,omd_paper_v2_literal,omd_paper_v2_literal,1000,1,848,9,0,0.0,53.027235541365066
logistic_bernoulli,omd_paper_v2_literal,omd_paper_v2_literal,1000,1,849,9,1,0.0,53.027235541365066
logistic_bernoulli,omd_paper_v2_literal,omd_paper_v2_literal,1000,1,850,9,1,0.0,53.027235541365066
logistic_bernoulli,omd_paper_v2_literal,omd_paper_v2_literal,1000,1,851,9,1,0.0,53.027235541365066
logistic_bernoulli,omd_paper_v2_literal,omd_paper_v2_literal,1000,1,852,9,0,0.0,53.027235541365066
logistic_bernoulli,omd_paper_v2_literal,omd_paper_v2_literal,1000,1,853,6,0,0.015941344123524215,53.04317688548859
logistic_bernoulli,omd_paper_v2_literal,omd_paper_v2_literal,1000,1,854,3,0,0.2892221772768807,53.332399062765475
logistic_bernoulli,omd_paper_v2_literal,omd_paper_v2_literal,1000,1,855,6,0,0.015941344123524215,53.348340406889
logistic_bernoulli,omd_paper_v2_literal,omd_paper_v2_literal,1000,1,856,3,0,0.2892221772768807,53.637562584165885
logistic_bernoulli,omd_paper_v2_literal,omd_paper_v2_literal,1000,1,857,6,1,0.015941344123524215,53.65350392828941
logistic_bernoulli,omd_paper_v2_literal,omd_paper_v2_literal,1000,1,858,6,1,0.015941344123524215,53.669445272412936
logistic_bernoulli,omd_paper_v2_literal,omd_paper_v2_literal,1000,1,859,6,1,0.015941344123524215,53.68538661653646
logistic_bernoulli,omd_paper_v2_literal,omd_paper_v2_literal,1000,1,860,6,1,0.015941344123524215,53.70132796065999
logistic_bernoulli,omd_paper_v2_literal,omd_paper_v2_literal,1000,1,861,6,0,0.015941344123524215,53.717269304783514
logistic_bernoulli,omd_paper_v2_literal,omd_paper_v2_literal,1000,1,862,6,1,0.015941344123524215,53.73321064890704
logistic_bernoulli,omd_paper_v2_literal,omd_paper_v2_literal,1000,1,863,6,0,0.015941344123524215,53.749151993030566
logistic_bernoulli,omd_paper_v2_literal,omd_paper_v2_literal,1000,1,864,6,0,0.015941344123524215,53.76509333715409
logistic_bernoulli,omd_paper_v2_literal,omd_paper_v2_literal,1000,1,865,3,0,0.2892221772768807,54.054315514430975
logistic_bernoulli,omd_paper_v2_literal,omd_paper_v2_literal,1000,1,866,5,0,0.3216524339139793,54.37596794834496
logistic_bernoulli,omd_paper_v2_literal,omd_paper_v2_literal,1000,1,867,3,0,0.2892221772768807,54.66519012562184
logistic_bernoulli,omd_paper_v2_literal,omd_paper_v2_literal,1000,1,868,6,1,0.015941344123524215,54.68113146974537
logistic_bernoulli,omd_paper_v2_literal,omd_paper_v2_literal,1000,1,869,6,1,0.015941344123524215,54.69707281386889
logistic_bernoulli,omd_paper_v2_literal,omd_paper_v2_literal,1000,1,870,6,0,0.015941344123524215,54.71301415799242
logistic_bernoulli,omd_paper_v2_literal,omd_paper_v2_literal,1000,1,871,6,1,0.015941344123524215,54.728955502115944
logistic_bernoulli,omd_paper_v2_literal,omd_paper_v2_literal,1000,1,872,6,1,0.015941344123524215,54.74489684623947
logistic_bernoulli,omd_paper_v2_literal,omd_paper_v2_literal,1000,1,873,6,1,0.015941344123524215,54.760838190362996
logistic_bernoulli,omd_paper_v2_literal,omd_paper_v2_literal,1000,1,874,6,1,0.015941344123524215,54.77677953448652
logistic_bernoulli,omd_paper_v2_literal,omd_paper_v2_literal,1000,1,875,6,1,0.015941344123524215,54.79272087861005
logistic_bernoulli,omd_paper_v2_literal,omd_paper_v2_literal,1000,1,876,6,0,0.015941344123524215,54.808662222733574
logistic_bernoulli,omd_paper_v2_literal,omd_paper_v2_literal,1000,1,877,6,0,0.015941344123524215,54.8246035668571
logistic_bernoulli,omd_paper_v2_literal,omd_paper_v2_literal,1000,1,878,9,0,0.0,54.8246035668571
logistic_bernoulli,omd_paper_v2_literal,omd_paper_v2_literal,1000,1,879,5,0,0.3216524339139793,55.14625600077108
logistic_bernoulli,omd_paper_v2_literal,omd_paper_v2_literal,1000,1,880,3,1,0.2892221772768807,55.435478178047966
logistic_bernoulli,omd_paper_v2_literal,omd_paper_v2_literal,1000,1,881,3,1,0.2892221772768807,55.72470035532485
logistic_bernoulli,omd_paper_v2_literal,omd_paper_v2_literal,1000,1,882,3,0,0.2892221772768807,56.01392253260173
logistic_bernoulli,omd_paper_v2_literal,omd_paper_v2_literal,1000,1,883,3,0,0.2892221772768807,56.303144709878616
logistic_bernoulli,omd_paper_v2_literal,omd_paper_v2_literal,1000,1,884,9,1,0.0,56.303144709878616
logistic_bernoulli,omd_paper_v2_literal,omd_paper_v2_literal,1000,1,885,9,0,0.0,56.303144709878616
logistic_bernoulli,omd_paper_v2_literal,omd_paper_v2_literal,1000,1,886,5,0,0.3216524339139793,56.6247971437926
logistic_bernoulli,omd_paper_v2_literal,omd_paper_v2_literal,1000,1,887,9,1,0.0,56.6247971437926
logistic_bernoulli,omd_paper_v2_literal,omd_paper_v2_literal,1000,1,888,9,1,0.0,56.6247971437926
logistic_bernoulli,omd_paper_v2_literal,omd_paper_v2_literal,1000,1,889,9,1,0.0,56.6247971437926
logistic_bernoulli,omd_paper_v2_literal,omd_paper_v2_literal,1000,1,890,9,0,0.0,56.6247971437926
logistic_bernoulli,omd_paper_v2_literal,omd_paper_v2_literal,1000,1,891,9,1,0.0,56.6247971437926
logistic_bernoulli,omd_paper_v2_literal,omd_paper_v2_literal,1000,1,892,9,1,0.0,56.6247971437926
logistic_bernoulli,omd_paper_v2_literal,omd_paper_v2_literal,1000,1,893,9,1,0.0,56.6247971437926
logistic_bernoulli,omd_paper_v2_literal,omd_paper_v2_literal,1000,1,894,9,1,0.0,56.6247971437926
logistic_bernoulli,omd_paper_v2_literal,omd_paper_v2_literal,1000,1,895,9,0,0.0,56.6247971437926
logistic_bernoulli,omd_paper_v2_literal,omd_paper_v2_literal,1000,1,896,3,1,0.2892221772768807,56.91401932106948
logistic_bernoulli,omd_paper_v2_literal,omd_paper_v2_literal,1000,1,897,3,1,0.2892221772768807,57.203241498346365
logistic_bernoulli,omd_paper_v2_literal,omd_paper_v2_literal,1000,1,898,3,1,0.2892221772768807,57.49246367562325
logistic_bernoulli,omd_paper_v2_literal,omd_paper_v2_literal,1000,1,899,3,0,0.2892221772768807,57.78168585290013
logistic_bernoulli,omd_paper_v2_literal,omd_paper_v2_literal,1000,1,900,3,0,0.2892221772768807,58.070908030177016
logistic_bernoulli,omd_paper_v2_literal,omd_paper_v2_literal,1000,1,901,9,1,0.0,58.070908030177016
logistic_bernoulli,omd_paper_v2_literal,omd_paper_v2_literal,1000,1,902,9,1,0.0,58.070908030177016
logistic_bernoulli,omd_paper_v2_literal,omd_paper_v2_literal,1000,1,903,9,1,0.0,58.070908030177016
logistic_bernoulli,omd_paper_v2_literal,omd_paper_v2_literal,1000,1,904,9,1,0.0,58.070908030177016
logistic_bernoulli,omd_paper_v2_literal,omd_paper_v2_literal,1000,1,905,9,1,0.0,58.070908030177016
logistic_bernoulli,omd_paper_v2_literal,omd_paper_v2_literal,1000,1,906,9,1,0.0,58.070908030177016
logistic_bernoulli,omd_paper_v2_literal,omd_paper_v2_literal,1000,1,907,9,1,0.0,58.070908030177016
logistic_bernoulli,omd_paper_v2_literal,omd_paper_v2_literal,1000,1,908,9,1,0.0,58.070908030177016
logistic_bernoulli,omd_paper_v2_literal,omd_paper_v2_literal,1000,1,909,9,1,0.0,58.070908030177016
logistic_bernoulli,omd_paper_v2_literal,omd_paper_v2_literal,1000,1,910,9,0,0.0,58.070908030177016
logistic_bernoulli,omd_paper_v2_literal,omd_paper_v2_literal,1000,1,911,9,1,0.0,58.070908030177016
logistic_bernoulli,omd_paper_v2_literal,omd_paper_v2_literal,1000,1,912,9,1,0.0,58.070908030177016
logistic_bernoulli,omd_paper_v2_literal,omd_paper_v2_literal,1000,1,913,9,1,0.0,58.070908030177016
logistic_bernoulli,omd_paper_v2_literal,omd_paper_v2_literal,1000,1,914,9,0,0.0,58.070908030177016
logistic_bernoulli,omd_paper_v2_literal,omd_paper_v2_literal,1000,1,915,9,1,0.0,58.070908030177016
logistic_bernoulli,omd_paper_v2_literal,omd_paper_v2_literal,1000,1,916,9,1,0.0,58.070908030177016
logistic_bernoulli,omd_paper_v2_literal,omd_paper_v2_literal,1000,1,917,9,0,0.0,58.070908030177016
logistic_bernoulli,omd_paper_v2_literal,omd_paper_v2_literal,1000,1,918,9,1,0.0,58.070908030177016
logistic_bernoulli,omd_paper_v2_literal,omd_paper_v2_literal,1000,1,919,9,0,0.0,58.070908030177016
logistic_bernoulli,omd_paper_v2_literal,omd_paper_v2_literal,1000,1,920,3,1,0.2892221772768807,58.3601302074539
logistic_bernoulli,omd_paper_v2_literal,omd_paper_v2_literal,1000,1,921,3,1,0.2892221772768807,58.64935238473078
logistic_bernoulli,omd_paper_v2_literal,omd_paper_v2_literal,1000,1,922,3,1,0.2892221772768807,58.938574562007666
logistic_bernoulli,omd_paper_v2_literal,omd_paper_v2_literal,1000,1,923,3,0,0.2892221772768807,59.22779673928455
logistic_bernoulli,omd_paper_v2_literal,omd_paper_v2_literal,1000,1,924,3,1,0.2892221772768807,59.51701891656143
logistic_bernoulli,omd_paper_v2_literal,omd_paper_v2_literal,1000,1,925,3,0,0.2892221772768807,59.80624109383832
logistic_bernoulli,omd_paper_v2_literal,omd_paper_v2_literal,1000,1,926,3,1,0.2892221772768807,60.0954632711152
logistic_bernoulli,omd_paper_v2_literal,omd_paper_v2_literal,1000,1,927,3,0,0.2892221772768807,60.384685448392084
logistic_bernoulli,omd_paper_v2_literal,omd_paper_v2_literal,1000,1,928,9,1,0.0,60.384685448392084
logistic_bernoulli,omd_paper_v2_literal,omd_paper_v2_literal,1000,1,929,9,0,0.0,60.384685448392084
logistic_bernoulli,omd_paper_v2_literal,omd_paper_v2_literal,1000,1,930,9,1,0.0,60.384685448392084
logistic_bernoulli,omd_paper_v2_literal,omd_paper_v2_literal,1000,1,931,9,0,0.0,60.384685448392084
logistic_bernoulli,omd_paper_v2_literal,omd_paper_v2_literal,1000,1,932,3,1,0.2892221772768807,60.67390762566897
logistic_bernoulli,omd_paper_v2_literal,omd_paper_v2_literal,1000,1,933,3,0,0.2892221772768807,60.96312980294585
logistic_bernoulli,omd_paper_v2_literal,omd_paper_v2_literal,1000,1,934,9,0,0.0,60.96312980294585
logistic_bernoulli,omd_paper_v2_literal,omd_paper_v2_literal,1000,1,935,5,1,0.3216524339139793,61.28478223685983
logistic_bernoulli,omd_paper_v2_literal,omd_paper_v2_literal,1000,1,936,5,0,0.3216524339139793,61.606434670773815
logistic_bernoulli,omd_paper_v2_literal,omd_paper_v2_literal,1000,1,937,3,0,0.2892221772768807,61.8956568480507
logistic_bernoulli,omd_paper_v2_literal,omd_paper_v2_literal,1000,1,938,5,0,0.3216524339139793,62.21730928196468
logistic_bernoulli,omd_paper_v2_literal,omd_paper_v2_literal,1000,1,939,9,1,0.0,62.21730928196468
logistic_bernoulli,omd_paper_v2_literal,omd_paper_v2_literal,1000,1,940,9,0,0.0,62.21730928196468
logistic_bernoulli,omd_paper_v2_literal,omd_paper_v2_literal,1000,1,941,9,1,0.0,62.21730928196468
logistic_bernoulli,omd_paper_v2_literal,omd_paper_v2_literal,1000,1,942,9,1,0.0,62.21730928196468
logistic_bernoulli,omd_paper_v2_literal,omd_paper_v2_literal,1000,1,943,9,1,0.0,62.21730928196468
logistic_bernoulli,omd_paper_v2_literal,omd_paper_v2_literal,1000,1,944,9,1,0.0,62.21730928196468
logistic_bernoulli,omd_paper_v2_literal,omd_paper_v2_literal,1000,1,945,9,1,0.0,62.21730928196468
logistic_bernoulli,omd_paper_v2_literal,omd_paper_v2_literal,1000,1,946,9,1,0.0,62.21730928196468
logistic_bernoulli,omd_paper_v2_literal,omd_paper_v2_literal,1000,1,947,9,1,0.0,62.21730928196468
logistic_bernoulli,omd_paper_v2_literal,omd_paper_v2_literal,1000,1,948,9,1,0.0,62.21730928196468
logistic_bernoulli,omd_paper_v2_literal,omd_paper_v2_literal,1000,1,949,9,1,0.0,62.21730928196468
logistic_bernoulli,omd_paper_v2_literal,omd_paper_v2_literal,1000,1,950,9,0,0.0,62.21730928196468
logistic_bernoulli,omd_paper_v2_literal,omd_paper_v2_literal,1000,1,951,9,1,0.0,62.21730928196468
logistic_bernoulli,omd_paper_v2_literal,omd_paper_v2_literal,1000,1,952,9,1,0.0,62.21730928196468
logistic_bernoulli,omd_paper_v2_literal,omd_paper_v2_literal,1000,1,953,9,1,0.0,62.21730928196468
logistic_bernoulli,omd_paper_v2_literal,omd_paper_v2_literal,1000,1,954,9,1,0.0,62.21730928196468
logistic_bernoulli,omd_paper_v2_literal,omd_paper_v2_literal,1000,1,955,9,1,0.0,62.21730928196468
logistic_bernoulli,omd_paper_v2_literal,omd_paper_v2_literal,1000,1,956,9,1,0.0,62.21730928196468
logistic_bernoulli,omd_paper_v2_literal,omd_paper_v2_literal,1000,1,957,9,0,0.0,62.21730928196468
logistic_bernoulli,omd_paper_v2_literal,omd_paper_v2_literal,1000,1,958,9,0,0.0,62.21730928196468
logistic_bernoulli,omd_paper_v2_literal,omd_paper_v2_literal,1000,1,959,3,0,0.2892221772768807,62.506531459241565
logistic_bernoulli,omd_paper_v2_literal,omd_paper_v2_literal,1000,1,960,6,1,0.015941344123524215,62.52247280336509
logistic_bernoulli,omd_paper_v2_literal,omd_paper_v2_literal,1000,1,961,6,0,0.015941344123524215,62.538414147488616
logistic_bernoulli,omd_paper_v2_literal,omd_paper_v2_literal,1000,1,962,6,1,0.015941344123524215,62.55435549161214
logistic_bernoulli,omd_paper_v2_literal,omd_paper_v2_literal,1000,1,963,6,0,0.015941344123524215,62.57029683573567
logistic_bernoulli,omd_paper_v2_literal,omd_paper_v2_literal,1000,1,964,3,1,0.2892221772768807,62.85951901301255
logistic_bernoulli,omd_paper_v2_literal,omd_paper_v2_literal,1000,1,965,3,1,0.2892221772768807,63.148741190289435
logistic_bernoulli,omd_paper_v2_literal,omd_paper_v2_literal,1000,1,966,3,0,0.2892221772768807,63.43796336756632
logistic_bernoulli,omd_paper_v2_literal,omd_paper_v2_literal,1000,1,967,3,1,0.2892221772768807,63.7271855448432
logistic_bernoulli,omd_paper_v2_literal,omd_paper_v2_literal,1000,1,968,3,0,0.2892221772768807,64.01640772212008
logistic_bernoulli,omd_paper_v2_literal,omd_paper_v2_literal,1000,1,969,9,1,0.0,64.01640772212008
logistic_bernoulli,omd_paper_v2_literal,omd_paper_v2_literal,1000,1,970,9,0,0.0,64.01640772212008
logistic_bernoulli,omd_paper_v2_literal,omd_paper_v2_literal,1000,1,971,5,0,0.3216524339139793,64.33806015603406
logistic_bernoulli,omd_paper_v2_literal,omd_paper_v2_literal,1000,1,972,3,1,0.2892221772768807,64.62728233331094
logistic_bernoulli,omd_paper_v2_literal,omd_paper_v2_literal,1000,1,973,3,1,0.2892221772768807,64.91650451058783
logistic_bernoulli,omd_paper_v2_literal,omd_paper_v2_literal,1000,1,974,3,1,0.2892221772768807,65.20572668786471
logistic_bernoulli,omd_paper_v2_literal,omd_paper_v2_literal,1000,1,975,3,1,0.2892221772768807,65.4949488651416
logistic_bernoulli,omd_paper_v2_literal,omd_paper_v2_literal,1000,1,976,3,1,0.2892221772768807,65.78417104241848
logistic_bernoulli,omd_paper_v2_literal,omd_paper_v2_literal,1000,1,977,3,1,0.2892221772768807,66.07339321969536
logistic_bernoulli,omd_paper_v2_literal,omd_paper_v2_literal,1000,1,978,3,0,0.2892221772768807,66.36261539697225
logistic_bernoulli,omd_paper_v2_literal,omd_paper_v2_literal,1000,1,979,3,0,0.2892221772768807,66.65183757424913
logistic_bernoulli,omd_paper_v2_literal,omd_paper_v2_literal,1000,1,980,3,1,0.2892221772768807,66.94105975152601
logistic_bernoulli,omd_paper_v2_literal,omd_paper_v2_literal,1000,1,981,3,1,0.2892221772768807,67.2302819288029
logistic_bernoulli,omd_paper_v2_literal,omd_paper_v2_literal,1000,1,982,3,0,0.2892221772768807,67.51950410607978
logistic_bernoulli,omd_paper_v2_literal,omd_paper_v2_literal,1000,1,983,3,0,0.2892221772768807,67.80872628335666
logistic_bernoulli,omd_paper_v2_literal,omd_paper_v2_literal,1000,1,984,9,1,0.0,67.80872628335666
logistic_bernoulli,omd_paper_v2_literal,omd_paper_v2_literal,1000,1,985,9,0,0.0,67.80872628335666
logistic_bernoulli,omd_paper_v2_literal,omd_paper_v2_literal,1000,1,986,3,0,0.2892221772768807,68.09794846063355
logistic_bernoulli,omd_paper_v2_literal,omd_paper_v2_literal,1000,1,987,9,1,0.0,68.09794846063355
logistic_bernoulli,omd_paper_v2_literal,omd_paper_v2_literal,1000,1,988,9,0,0.0,68.09794846063355
logistic_bernoulli,omd_paper_v2_literal,omd_paper_v2_literal,1000,1,989,9,1,0.0,68.09794846063355
logistic_bernoulli,omd_paper_v2_literal,omd_paper_v2_literal,1000,1,990,9,0,0.0,68.09794846063355
logistic_bernoulli,omd_paper_v2_literal,omd_paper_v2_literal,1000,1,991,5,0,0.3216524339139793,68.41960089454753
logistic_bernoulli,omd_paper_v2_literal,omd_paper_v2_literal,1000,1,992,3,1,0.2892221772768807,68.70882307182441
logistic_bernoulli,omd_paper_v2_literal,omd_paper_v2_literal,1000,1,993,3,1,0.2892221772768807,68.9980452491013
logistic_bernoulli,omd_paper_v2_literal,omd_paper_v2_literal,1000,1,994,3,1,0.2892221772768807,69.28726742637818
logistic_bernoulli,omd_paper_v2_literal,omd_paper_v2_literal,1000,1,995,3,0,0.2892221772768807,69.57648960365506
logistic_bernoulli,omd_paper_v2_literal,omd_paper_v2_literal,1000,1,996,3,0,0.2892221772768807,69.86571178093195
logistic_bernoulli,omd_paper_v2_literal,omd_paper_v2_literal,1000,1,997,9,1,0.0,69.86571178093195
logistic_bernoulli,omd_paper_v2_literal,omd_paper_v2_literal,1000,1,998,9,1,0.0,69.86571178093195
logistic_bernoulli,omd_paper_v2_literal,omd_paper_v2_literal,1000,1,999,9,0,0.0,69.86571178093195
logistic_bernoulli,omd_paper_v2_literal,omd_paper_v2_literal,1000,1,1000,9,1,0.0,69.86571178093195
