step,select_seconds,update_seconds,logging_seconds,update_linear_solve_seconds,update_other_seconds,projection_inclusive_seconds,array_payload_bytes,projection_active
1,6.101700000726851e-05,9.10480002858094e-05,5.973999577690847e-06,0.0,9.10480002858094e-05,0.0,96,False
2,5.07120003021555e-05,7.937900045362767e-05,5.261999831418507e-06,0.0,7.937900045362767e-05,0.0,96,False
3,3.2779000321170315e-05,6.802500047342619e-05,4.768000508192927e-06,0.0,6.802500047342619e-05,0.0,96,False
4,2.9722999897785485e-05,6.387899975379696e-05,4.368000190879684e-06,0.0,6.387899975379696e-05,0.0,96,False
5,2.8417999601515476e-05,6.23519999862765e-05,4.667000212066341e-06,0.0,6.23519999862765e-05,0.0,96,False
6,2.7084000066679437e-05,6.092300009186147e-05,4.712999725597911e-06,0.0,6.092300009186147e-05,0.0,96,False
7,2.6959000024362467e-05,5.961799979559146e-05,4.478999471757561e-06,0.0,5.961799979559146e-05,0.0,96,False
8,2.662899987626588e-05,5.814399992232211e-05,4.2159999793511815e-06,0.0,5.814399992232211e-05,0.0,96,False
9,2.65199996647425e-05,5.843899998581037e-05,4.380000063974876e-06,0.0,5.843899998581037e-05,0.0,96,False
10,2.5115000426012557e-05,8.386300032725558e-05,4.648999492928851e-06,0.0,8.386300032725558e-05,0.0,96,False
11,2.7124000553158112e-05,5.856400002812734e-05,4.286999683245085e-06,0.0,5.856400002812734e-05,0.0,96,False
12,2.5376999474246986e-05,5.813799998577451e-05,4.251000063959509e-06,0.0,5.813799998577451e-05,0.0,96,False
13,2.470700019330252e-05,5.704400064132642e-05,4.184999852441251e-06,0.0,5.704400064132642e-05,0.0,96,False
14,2.428500010864809e-05,5.809699996461859e-05,4.1170005715684965e-06,0.0,5.809699996461859e-05,0.0,96,False
15,2.436700015095994e-05,5.678099932993064e-05,4.04900038120104e-06,0.0,5.678099932993064e-05,0.0,96,False
16,2.8913999813084956e-05,5.4816000556456856e-05,3.873999958159402e-06,0.0,5.4816000556456856e-05,0.0,96,False
17,3.3350999729009345e-05,5.5467000493081287e-05,5.165999937162269e-06,0.0,5.5467000493081287e-05,0.0,96,False
18,3.6995999835198745e-05,0.0004079269992871559,7.834999451006297e-06,0.0,0.0004079269992871559,0.0,96,False
19,4.1102999603026547e-05,0.00019432099998084595,6.684000254608691e-06,0.0,0.00019432099998084595,0.0,96,False
20,3.786799970839638e-05,6.504599969048286e-05,4.714999704447109e-06,0.0,6.504599969048286e-05,0.0,96,False
21,2.5595000806788448e-05,5.783100004919106e-05,4.326000635046512e-06,0.0,5.783100004919106e-05,0.0,96,False
22,2.4326999664481264e-05,5.5679999604763e-05,4.159999662078917e-06,0.0,5.5679999604763e-05,0.0,96,False
23,2.3652999516343698e-05,5.3819999266124796e-05,4.076000550412573e-06,0.0,5.3819999266124796e-05,0.0,96,False
24,2.307499926246237e-05,5.518000034498982e-05,4.04799993702909e-06,0.0,5.518000034498982e-05,0.0,96,False
25,2.2434999664255884e-05,5.360999966796953e-05,3.885000296577346e-06,0.0,5.360999966796953e-05,0.0,96,False
26,2.2803999854659196e-05,5.411199981608661e-05,3.785999979299959e-06,0.0,5.411199981608661e-05,0.0,96,False
27,2.323300032003317e-05,5.4679000641044695e-05,4.005999471701216e-06,0.0,5.4679000641044695e-05,0.0,96,False
28,2.3784999939380214e-05,5.4659999477735255e-05,3.6490000638877973e-06,0.0,5.4659999477735255e-05,0.0,96,False
29,2.2973999875830486e-05,5.3076999392942525e-05,3.7029994928161614e-06,0.0,5.3076999392942525e-05,0.0,96,False
30,2.3042000066197943e-05,7.217399979708716e-05,4.335000085120555e-06,0.0,7.217399979708716e-05,0.0,96,False
31,2.5783999262785073e-05,5.589200009126216e-05,3.869000465783756e-06,0.0,5.589200009126216e-05,0.0,96,False
32,2.3285000679607037e-05,5.4555000133404974e-05,4.2040001062559895e-06,0.0,5.4555000133404974e-05,0.0,96,False
33,2.2899000214238185e-05,5.359799979487434e-05,3.856000148516614e-06,0.0,5.359799979487434e-05,0.0,96,False
34,2.327699985471554e-05,5.25779996678466e-05,3.7059999158373103e-06,0.0,5.25779996678466e-05,0.0,96,False
35,2.3302999579755124e-05,5.1901000006182585e-05,1.6043999494286254e-05,0.0,5.1901000006182585e-05,0.0,96,False
36,3.356399975018576e-05,5.792600040877005e-05,3.842000296572223e-06,0.0,5.792600040877005e-05,0.0,96,False
37,2.301900076417951e-05,5.345699992176378e-05,3.8239995774347335e-06,0.0,5.345699992176378e-05,0.0,96,False
38,2.2344000171869993e-05,5.369200061977608e-05,3.6909996197209693e-06,0.0,5.369200061977608e-05,0.0,96,False
39,2.2268000066105742e-05,5.355400026019197e-05,3.685000592668075e-06,0.0,5.355400026019197e-05,0.0,96,False
40,2.252000012958888e-05,5.283299924485618e-05,3.966999429394491e-06,0.0,5.283299924485618e-05,0.0,96,False
41,2.1739000658271834e-05,5.1451999752316624e-05,3.746999936993234e-06,0.0,5.1451999752316624e-05,0.0,96,False
42,2.2200999410415534e-05,5.204699937166879e-05,3.5590001061791554e-06,0.0,5.204699937166879e-05,0.0,96,False
43,2.1554000340984203e-05,5.1718000577238854e-05,3.5229995773988776e-06,0.0,5.1718000577238854e-05,0.0,96,False
44,2.1982999896863475e-05,5.132400019647321e-05,3.53700033883797e-06,0.0,5.132400019647321e-05,0.0,96,False
45,2.1548999939113855e-05,5.3282999942894094e-05,3.453000317676924e-06,0.0,5.3282999942894094e-05,0.0,96,False
46,2.1842000023752917e-05,5.277799937175587e-05,3.496999852359295e-06,0.0,5.277799937175587e-05,0.0,96,False
47,2.2486000489152502e-05,5.218400019657565e-05,3.7669997254852206e-06,0.0,5.218400019657565e-05,0.0,96,False
48,2.1924000066064764e-05,5.1451999752316624e-05,3.7429999792948365e-06,0.0,5.1451999752316624e-05,0.0,96,False
49,2.92349996016128e-05,5.226700068305945e-05,3.471000127319712e-06,0.0,5.226700068305945e-05,0.0,96,False
50,3.331100015202537e-05,5.3032999858260155e-05,3.904000550392084e-06,0.0,5.3032999858260155e-05,0.0,96,False
51,2.3192999833554495e-05,5.201299973123241e-05,3.7669997254852206e-06,0.0,5.201299973123241e-05,0.0,96,False
52,2.2118999368103687e-05,5.1711999731196556e-05,3.4139993658754975e-06,0.0,5.1711999731196556e-05,0.0,96,False
53,2.1783000192954205e-05,5.089000023872359e-05,3.6999999792897142e-06,0.0,5.089000023872359e-05,0.0,96,False
54,2.154199955839431e-05,5.1187999815738294e-05,3.277999894635286e-06,0.0,5.1187999815738294e-05,0.0,96,False
55,2.2090000129537657e-05,5.1806999181280844e-05,3.283999831182882e-06,0.0,5.1806999181280844e-05,0.0,96,False
56,2.2051000087230932e-05,7.567900047433795e-05,3.6069995985599235e-06,0.0,7.567900047433795e-05,0.0,96,False
57,2.3923999833641574e-05,5.407799926615553e-05,3.3999995139311068e-06,0.0,5.407799926615553e-05,0.0,96,False
58,2.2571999579668045e-05,5.246399996394757e-05,3.2549996831221506e-06,0.0,5.246399996394757e-05,0.0,96,False
59,2.225400021416135e-05,5.284100006974768e-05,3.4109998523490503e-06,0.0,5.284100006974768e-05,0.0,96,False
60,2.240999947389355e-05,5.231500017544022e-05,3.2759999157860875e-06,0.0,5.231500017544022e-05,0.0,96,False
61,2.19429994103848e-05,5.1913999413955025e-05,3.0979999792180024e-06,0.0,5.1913999413955025e-05,0.0,96,False
62,2.2108999473857693e-05,5.185000009078067e-05,3.8059997677919455e-06,0.0,5.185000009078067e-05,0.0,96,False
63,2.2606000129599124e-05,5.163400055607781e-05,3.4169997888966464e-06,0.0,5.163400055607781e-05,0.0,96,False
64,2.183499964303337e-05,5.160899945622077e-05,3.6800001907977276e-06,0.0,5.160899945622077e-05,0.0,96,False
65,2.2014000023773406e-05,5.17230000696145e-05,3.4329996196902357e-06,0.0,5.17230000696145e-05,0.0,96,False
66,2.1952000679448247e-05,5.153199981577927e-05,3.082000148424413e-06,0.0,5.153199981577927e-05,0.0,96,False
67,2.1935999939159956e-05,5.2317999688966665e-05,3.1260005926014856e-06,0.0,5.2317999688966665e-05,0.0,96,False
68,2.2248000277613755e-05,5.086700002721045e-05,3.1350000426755287e-06,0.0,5.086700002721045e-05,0.0,96,False
69,2.1703000129491556e-05,5.1142000302206725e-05,3.1409999792231247e-06,0.0,5.1142000302206725e-05,0.0,96,False
70,2.1316000129445456e-05,5.172199962544255e-05,3.1549998311675154e-06,0.0,5.172199962544255e-05,0.0,96,False
71,2.216099983343156e-05,5.209300070418976e-05,3.0840001272736117e-06,0.0,5.209300070418976e-05,0.0,96,False
72,2.2033999812265392e-05,5.153600068297237e-05,3.257000571466051e-06,0.0,5.153600068297237e-05,0.0,96,False
73,2.158899951609783e-05,5.095899996376829e-05,3.0229994081309997e-06,0.0,5.095899996376829e-05,0.0,96,False
74,2.0851999579463154e-05,5.077500009065261e-05,2.28000008064555e-05,0.0,5.077500009065261e-05,0.0,96,False
75,2.419300017209025e-05,5.3204000323603395e-05,3.5829998523695394e-06,0.0,5.3204000323603395e-05,0.0,96,False
76,2.2323999473883305e-05,8.833499941829359e-05,3.7650006561307237e-06,0.0,8.833499941829359e-05,0.0,96,False
77,2.680099987628637e-05,5.4830999943078496e-05,3.4479999158065766e-06,0.0,5.4830999943078496e-05,0.0,96,False
78,2.2451999939221423e-05,5.2369000513863284e-05,3.1609997677151114e-06,0.0,5.2369000513863284e-05,0.0,96,False
79,2.2233999516174663e-05,5.122199945617467e-05,3.1969993870006874e-06,0.0,5.122199945617467e-05,0.0,96,False
80,2.1596999431494623e-05,5.069500002718996e-05,3.1849995139054954e-06,0.0,5.069500002718996e-05,0.0,96,False
81,2.1118000404385384e-05,5.059200066170888e-05,3.144999936921522e-06,0.0,5.059200066170888e-05,0.0,96,False
82,2.1352000658225734e-05,5.0876000386779197e-05,5.820999831485096e-06,0.0,5.0876000386779197e-05,0.0,96,False
83,4.845399962505326e-05,6.55270005154307e-05,4.446000275493134e-06,0.0,6.55270005154307e-05,0.0,96,False
84,2.493499960110057e-05,5.480599975271616e-05,3.4840004445868544e-06,0.0,5.480599975271616e-05,0.0,96,False
85,2.3535000764240976e-05,5.337699985830113e-05,3.3139995139208622e-06,0.0,5.337699985830113e-05,0.0,96,False
86,2.2516000171890482e-05,5.2708000112033915e-05,3.1740000849822536e-06,0.0,5.2708000112033915e-05,0.0,96,False
87,2.1875000129512046e-05,5.1234999773441814e-05,3.2130001272889785e-06,0.0,5.1234999773441814e-05,0.0,96,False
88,2.195900015067309e-05,5.21080000908114e-05,3.1609997677151114e-06,0.0,5.21080000908114e-05,0.0,96,False
89,2.1749000552517828e-05,5.11800008098362e-05,3.193000338796992e-06,0.0,5.11800008098362e-05,0.0,96,False
90,2.208299974881811e-05,8.464300026389537e-05,4.547000571619719e-06,0.0,8.464300026389537e-05,0.0,96,False
91,3.6933999581378885e-05,6.463400040956913e-05,4.137999894737732e-06,0.0,6.463400040956913e-05,0.0,96,False
92,2.548100019339472e-05,5.5205000535352156e-05,3.474000550340861e-06,0.0,5.5205000535352156e-05,0.0,96,False
93,2.2996000552666374e-05,5.261000023892848e-05,3.3540000003995374e-06,0.0,5.261000023892848e-05,0.0,96,False
94,2.2274000002653338e-05,5.072700059827184e-05,3.1820000003790483e-06,0.0,5.072700059827184e-05,0.0,96,False
95,2.184999993914971e-05,5.089499973109923e-05,4.145000275457278e-06,0.0,5.089499973109923e-05,0.0,96,False
96,2.1388999812188558e-05,5.0224999540660065e-05,3.885999831254594e-06,0.0,5.0224999540660065e-05,0.0,96,False
97,2.136000057362253e-05,4.972399983671494e-05,3.7160007195780054e-06,0.0,4.972399983671494e-05,0.0,96,False
98,2.0774000404344406e-05,5.061800038674846e-05,3.743999513972085e-06,0.0,5.061800038674846e-05,0.0,96,False
99,2.1665000531356782e-05,4.981299935025163e-05,3.6669998735305853e-06,0.0,4.981299935025163e-05,0.0,96,False
100,2.1220999769866467e-05,4.9313000090478454e-05,3.7159998100833036e-06,0.0,4.9313000090478454e-05,0.0,96,False
101,2.089300051011378e-05,5.0224000005982816e-05,3.721000211953651e-06,0.0,5.0224000005982816e-05,0.0,96,False
102,2.1151000510144513e-05,5.004899958294118e-05,3.639000169641804e-06,0.0,5.004899958294118e-05,0.0,96,False
103,2.0970999685232528e-05,5.0089000069419853e-05,3.5939992812927812e-06,0.0,5.0089000069419853e-05,0.0,96,False
104,2.1036999896750785e-05,5.0397999984852504e-05,3.2610005291644484e-06,0.0,5.0397999984852504e-05,0.0,96,False
105,2.126199979102239e-05,5.00149999425048e-05,3.6219998946762644e-06,0.0,5.00149999425048e-05,0.0,96,False
106,2.0914999367960263e-05,4.9121999836643226e-05,3.4330005291849375e-06,0.0,4.9121999836643226e-05,0.0,96,False
107,2.1006999304518104e-05,4.888599960395368e-05,3.819000085059088e-06,0.0,4.888599960395368e-05,0.0,96,False
108,2.0801999198738486e-05,4.964399977325229e-05,3.4599997889017686e-06,0.0,4.964399977325229e-05,0.0,96,False
109,2.1458000446727965e-05,4.9473999752081e-05,3.5439998100628145e-06,0.0,4.9473999752081e-05,0.0,96,False
110,2.1363999621826224e-05,4.959400030202232e-05,3.6740002542501315e-06,0.0,4.959400030202232e-05,0.0,96,False
111,2.0493000192800537e-05,4.907400034426246e-05,3.516000106174033e-06,0.0,4.907400034426246e-05,0.0,96,False
112,2.1188999198784586e-05,7.407899920508498e-05,3.957999979320448e-06,0.0,7.407899920508498e-05,0.0,96,False
113,2.3180999960459303e-05,5.139999939274276e-05,3.549000211933162e-06,0.0,5.139999939274276e-05,0.0,96,False
114,2.0899000446661375e-05,4.8844000048120506e-05,3.4900003811344504e-06,0.0,4.8844000048120506e-05,0.0,96,False
115,2.072200004477054e-05,4.842500038648723e-05,3.5840002965414897e-06,0.0,4.842500038648723e-05,0.0,96,False
116,2.0321999727457296e-05,4.8007999794208445e-05,3.359000402269885e-06,0.0,4.8007999794208445e-05,0.0,96,False
117,1.9661000806081574e-05,4.8445000174979214e-05,3.4479999158065766e-06,0.0,4.8445000174979214e-05,0.0,96,False
118,2.001899974857224e-05,4.829399949812796e-05,3.477000063867308e-06,0.0,4.829399949812796e-05,0.0,96,False
119,2.0034000044688582e-05,4.7509999603789765e-05,3.2009993446990848e-06,0.0,4.7509999603789765e-05,0.0,96,False
120,2.006599970627576e-05,4.747100047097774e-05,3.205000211892184e-06,0.0,4.747100047097774e-05,0.0,96,False
121,2.0184000277367886e-05,4.735799939226126e-05,3.1609997677151114e-06,0.0,4.735799939226126e-05,0.0,96,False
122,2.062499970634235e-05,4.739999985758914e-05,3.1589997888659127e-06,0.0,4.739999985758914e-05,0.0,96,False
123,2.0032000065839384e-05,5.902599968976574e-05,3.260000084992498e-06,0.0,5.902599968976574e-05,0.0,96,False
124,2.213199968537083e-05,4.9856000259751454e-05,3.0249993869801983e-06,0.0,4.9856000259751454e-05,0.0,96,False
125,2.1136000214028172e-05,4.762999924423639e-05,3.1740000849822536e-06,0.0,4.762999924423639e-05,0.0,96,False
126,2.025199955824064e-05,4.8691000301914755e-05,3.1070003387867473e-06,0.0,4.8691000301914755e-05,0.0,96,False
127,2.0491000213951338e-05,4.874200021731667e-05,3.1099998523131944e-06,0.0,4.874200021731667e-05,0.0,96,False
128,2.112400034093298e-05,4.8608999350108206e-05,3.0319997676997446e-06,0.0,4.8608999350108206e-05,0.0,96,False
129,2.0011999367852695e-05,4.871099918091204e-05,2.9410002753138542e-06,0.0,4.871099918091204e-05,0.0,96,False
130,2.0215999938955065e-05,4.786499994224869e-05,2.915999175456818e-06,0.0,4.786499994224869e-05,0.0,96,False
131,1.986799998121569e-05,4.781600000569597e-05,2.8360000214888714e-06,0.0,4.781600000569597e-05,0.0,96,False
132,2.0310000763856806e-05,4.832299964618869e-05,3.0379997042473406e-06,0.0,4.832299964618869e-05,0.0,96,False
133,2.0479999875533395e-05,4.8175999836530536e-05,3.5570001273299567e-06,0.0,4.8175999836530536e-05,0.0,96,False
134,2.0461000531213358e-05,7.481199918402126e-05,3.617999936977867e-06,0.0,7.481199918402126e-05,0.0,96,False
135,2.3462000172003172e-05,5.162800061953021e-05,3.2010002541937865e-06,0.0,5.162800061953021e-05,0.0,96,False
136,2.1535000087169465e-05,4.938300025969511e-05,3.014999492734205e-06,0.0,4.938300025969511e-05,0.0,96,False
137,2.0882000171695836e-05,4.84669999423204e-05,3.600000127335079e-06,0.0,4.84669999423204e-05,0.0,96,False
138,2.0512999981292523e-05,4.8054999751911964e-05,3.344000106153544e-06,0.0,4.8054999751911964e-05,0.0,96,False
139,2.040999970631674e-05,4.819100013264688e-05,3.4889999369625002e-06,0.0,4.819100013264688e-05,0.0,96,False
140,2.04699999812874e-05,4.827399970963597e-05,3.002999619639013e-06,0.0,4.827399970963597e-05,0.0,96,False
141,2.03159997909097e-05,4.843900023843162e-05,2.950999260065146e-06,0.0,4.843900023843162e-05,0.0,96,False
142,1.9967999833170325e-05,4.847999935009284e-05,2.943000254163053e-06,0.0,4.847999935009284e-05,0.0,96,False
143,2.0354999833216425e-05,4.8287000026903115e-05,2.99500061373692e-06,0.0,4.8287000026903115e-05,0.0,96,False
144,2.037900048890151e-05,4.809500023839064e-05,3.396000465727411e-06,0.0,4.809500023839064e-05,0.0,96,False
145,2.079699970636284e-05,4.7760000597918406e-05,3.5809998735203408e-06,0.0,4.7760000597918406e-05,0.0,96,False
146,2.0452000171644613e-05,4.79179998364998e-05,3.0249993869801983e-06,0.0,4.79179998364998e-05,0.0,96,False
147,2.0726000002468936e-05,4.939399968861835e-05,3.2190000638365746e-06,0.0,4.939399968861835e-05,0.0,96,False
148,2.0572999346768484e-05,4.804299987881677e-05,2.9689999792026356e-06,0.0,4.804299987881677e-05,0.0,96,False
149,2.0461000531213358e-05,4.710399934992893e-05,2.9330003599170595e-06,0.0,4.710399934992893e-05,0.0,96,False
150,2.096800017170608e-05,4.786199951922754e-05,2.9779994292766787e-06,0.0,4.786199951922754e-05,0.0,96,False
151,2.034599947364768e-05,4.7634000111429486e-05,3.205000211892184e-06,0.0,4.7634000111429486e-05,0.0,96,False
152,1.9967000298493076e-05,4.788100068253698e-05,2.906999725382775e-06,0.0,4.788100068253698e-05,0.0,96,False
153,1.998699917749036e-05,4.7139999878709204e-05,1.549299940961646e-05,0.0,4.7139999878709204e-05,0.0,96,False
154,2.0772999960172456e-05,4.8702999265515245e-05,3.244000254198909e-06,0.0,4.8702999265515245e-05,0.0,96,False
155,2.0109999240958132e-05,4.723999973066384e-05,3.0979999792180024e-06,0.0,4.723999973066384e-05,0.0,96,False
156,1.989599968510447e-05,6.522400053654565e-05,3.7669997254852206e-06,0.0,6.522400053654565e-05,0.0,96,False
157,2.4824999854899943e-05,5.102700015413575e-05,3.846999788947869e-06,0.0,5.102700015413575e-05,0.0,96,False
158,2.087500070047099e-05,4.855499992117984e-05,3.3930000427062623e-06,0.0,4.855499992117984e-05,0.0,96,False
159,2.0625000615837052e-05,4.765799985761987e-05,3.466999260126613e-06,0.0,4.765799985761987e-05,0.0,96,False
160,2.0821000362047926e-05,4.725599956145743e-05,3.248000211897306e-06,0.0,4.725599956145743e-05,0.0,96,False
161,1.9923999388993252e-05,4.744900070363656e-05,3.471000127319712e-06,0.0,4.744900070363656e-05,0.0,96,False
162,2.0124999537074473e-05,4.877799983660225e-05,3.553999704308808e-06,0.0,4.877799983660225e-05,0.0,96,False
163,2.0349999431346077e-05,4.793599964614259e-05,3.4600006983964704e-06,0.0,4.793599964614259e-05,0.0,96,False
164,2.022399985435186e-05,4.756500038638478e-05,3.612000000430271e-06,0.0,4.756500038638478e-05,0.0,96,False
165,2.0387999938975554e-05,4.820199956157012e-05,3.0949995561968535e-06,0.0,4.820199956157012e-05,0.0,96,False
166,2.0374000087031163e-05,4.7047999942151364e-05,3.603000550356228e-06,0.0,4.7047999942151364e-05,0.0,96,False
167,1.994299964280799e-05,7.952499981911387e-05,4.42200052930275e-06,0.0,7.952499981911387e-05,0.0,96,False
168,2.884299919969635e-05,5.3417999879457057e-05,3.5660004868987016e-06,0.0,5.3417999879457057e-05,0.0,96,False
169,2.141599998140009e-05,4.8940000851871446e-05,3.1250001484295353e-06,0.0,4.8940000851871446e-05,0.0,96,False
170,2.0255999515939038e-05,4.848199932894204e-05,3.0639994292869233e-06,0.0,4.848199932894204e-05,0.0,96,False
171,2.0436999875528272e-05,4.973799968865933e-05,3.090999598498456e-06,0.0,4.973799968865933e-05,0.0,96,False
172,2.0615999346773606e-05,4.810499922314193e-05,2.8599997676792555e-06,0.0,4.810499922314193e-05,0.0,96,False
173,2.0174000383121893e-05,0.0001250710001841071,4.718000127468258e-06,0.0,0.0001250710001841071,0.0,96,False
174,3.2406000173068605e-05,7.565399937448092e-05,4.135999915888533e-06,0.0,7.565399937448092e-05,0.0,96,False
175,2.3008000425761566e-05,4.917700061923824e-05,3.4300001061637886e-06,0.0,4.917700061923824e-05,0.0,96,False
176,2.0614999812096357e-05,4.7696999899926595e-05,3.4010008675977588e-06,0.0,4.7696999899926595e-05,0.0,96,False
177,2.0464000044739805e-05,4.738200004794635e-05,3.1019999369163997e-06,0.0,4.738200004794635e-05,0.0,96,False
178,2.49720005740528e-05,4.734699996333802e-05,3.260000084992498e-06,0.0,4.734699996333802e-05,0.0,96,False
179,2.0388999473652802e-05,4.884200006927131e-05,3.085000571445562e-06,0.0,4.884200006927131e-05,0.0,96,False
180,2.0898000002489425e-05,4.741300017485628e-05,2.9739994715782814e-06,0.0,4.741300017485628e-05,0.0,96,False
181,2.0008000319649e-05,4.73830004921183e-05,3.4600006983964704e-06,0.0,4.73830004921183e-05,0.0,96,False
182,1.9840000277326908e-05,8.648400034871884e-05,3.932000254280865e-06,0.0,8.648400034871884e-05,0.0,96,False
183,2.336899979127338e-05,5.027499992138473e-05,3.1009994927444495e-06,0.0,5.027499992138473e-05,0.0,96,False
184,2.0380999558256008e-05,4.8720999984652735e-05,2.949000190710649e-06,0.0,4.8720999984652735e-05,0.0,96,False
185,2.0653999854403082e-05,4.694600011134753e-05,3.552000634954311e-06,0.0,4.694600011134753e-05,0.0,96,False
186,2.00829999812413e-05,4.702800015365938e-05,3.5049997677560896e-06,0.0,4.702800015365938e-05,0.0,96,False
187,1.9873000383086037e-05,4.749100025946973e-05,3.4109998523490503e-06,0.0,4.749100025946973e-05,0.0,96,False
188,1.9770000108110253e-05,4.780099970957963e-05,3.3879996408359148e-06,0.0,4.780099970957963e-05,0.0,96,False
189,2.0280000171624124e-05,4.6952000047895126e-05,3.2329999157809652e-06,0.0,4.6952000047895126e-05,0.0,96,False
190,1.9879000319633633e-05,4.645000080927275e-05,3.4360000427113846e-06,0.0,4.645000080927275e-05,0.0,96,False
191,1.9971000256191473e-05,4.641800023819087e-05,3.422000190766994e-06,0.0,4.641800023819087e-05,0.0,96,False
192,1.9453999811958056e-05,4.572299985738937e-05,3.3010001061484218e-06,0.0,4.572299985738937e-05,0.0,96,False
193,1.937100023496896e-05,4.6287000259326305e-05,3.332000233058352e-06,0.0,4.6287000259326305e-05,0.0,96,False
194,1.9863000488840044e-05,6.740200024069054e-05,3.7850004446227103e-06,0.0,6.740200024069054e-05,0.0,96,False
195,2.2404999981517904e-05,4.812800034414977e-05,3.4180002330685966e-06,0.0,4.812800034414977e-05,0.0,96,False
196,2.0358999790914822e-05,4.64509994344553e-05,3.1649997254135087e-06,0.0,4.64509994344553e-05,0.0,96,False
197,1.944799987541046e-05,4.5747000513074454e-05,3.3730002542142756e-06,0.0,4.5747000513074454e-05,0.0,96,False
198,1.92319994312129e-05,4.559099943435285e-05,3.3999995139311068e-06,0.0,4.559099943435285e-05,0.0,96,False
199,1.9209999663871713e-05,4.566500047076261e-05,3.0049995984882116e-06,0.0,4.566500047076261e-05,0.0,96,False
200,1.916800010803854e-05,4.568599979393184e-05,2.927999958046712e-06,0.0,4.568599979393184e-05,0.0,96,False
201,1.8755999917630106e-05,4.5961000068928115e-05,5.1950000852230005e-06,0.0,4.5961000068928115e-05,0.0,96,False
202,4.18780000472907e-05,5.8768999224412255e-05,3.820000529231038e-06,0.0,5.8768999224412255e-05,0.0,96,False
203,2.2293999791145325e-05,4.913400061923312e-05,3.699000444612466e-06,0.0,4.913400061923312e-05,0.0,96,False
204,2.0483000298554543e-05,4.693200025940314e-05,3.489000846457202e-06,0.0,4.693200025940314e-05,0.0,96,False
205,2.02410001293174e-05,4.574699960357975e-05,3.11499934468884e-06,0.0,4.574699960357975e-05,0.0,96,False
206,1.940199945238419e-05,4.589200034388341e-05,3.1319996196543798e-06,0.0,4.589200034388341e-05,0.0,96,False
207,1.922899991768645e-05,4.579899996315362e-05,3.3360001907567494e-06,0.0,4.579899996315362e-05,0.0,96,False
208,1.9690000044647604e-05,4.643400006898446e-05,3.4780005080392584e-06,0.0,4.643400006898446e-05,0.0,96,False
209,1.9621999854280148e-05,4.540800000540912e-05,3.2879997888812795e-06,0.0,4.540800000540912e-05,0.0,96,False
210,1.943299957929412e-05,4.6068999836279545e-05,3.361999915796332e-06,0.0,4.6068999836279545e-05,0.0,96,False
211,1.910900027723983e-05,4.592100049194414e-05,3.260000084992498e-06,0.0,4.592100049194414e-05,0.0,96,False
212,1.9125999642710667e-05,4.52920003226609e-05,3.24099983117776e-06,0.0,4.52920003226609e-05,0.0,96,False
213,1.9205999706173316e-05,4.538099983619759e-05,3.2210000426857732e-06,0.0,4.538099983619759e-05,0.0,96,False
214,1.916699966386659e-05,4.4891000470670406e-05,3.1709996619611047e-06,0.0,4.4891000470670406e-05,0.0,96,False
215,1.8544999875302892e-05,4.473799981496995e-05,3.011999979207758e-06,0.0,4.473799981496995e-05,0.0,96,False
216,1.8574999558040872e-05,4.3630999243760016e-05,3.2849993658601306e-06,0.0,4.3630999243760016e-05,0.0,96,False
217,1.8338000700168777e-05,7.919800009403843e-05,4.610999894794077e-06,0.0,7.919800009403843e-05,0.0,96,False
218,2.565199974924326e-05,5.0016999921354e-05,3.4899994716397487e-06,0.0,5.0016999921354e-05,0.0,96,False
219,2.100200072163716e-05,4.707999960373854e-05,3.3189999157912098e-06,0.0,4.707999960373854e-05,0.0,96,False
220,1.994099966395879e-05,4.635900040739216e-05,3.330999788886402e-06,0.0,4.635900040739216e-05,0.0,96,False
221,1.9267000425315928e-05,4.5249000322655775e-05,3.171999196638353e-06,0.0,4.5249000322655775e-05,0.0,96,False
222,1.920200065796962e-05,4.4022000110999215e-05,3.0530000003636815e-06,0.0,4.4022000110999215e-05,0.0,96,False
223,1.8763000298349652e-05,4.4735999836120754e-05,2.996999683091417e-06,0.0,4.4735999836120754e-05,0.0,96,False
224,1.886100017145509e-05,5.7979999837698415e-05,3.3449996408307925e-06,0.0,5.7979999837698415e-05,0.0,96,False
225,2.3456999770132825e-05,4.940200051350985e-05,2.882999979192391e-06,0.0,4.940200051350985e-05,0.0,96,False
226,2.0047999896632973e-05,4.5306999709282536e-05,3.3239994081668556e-06,0.0,4.5306999709282536e-05,0.0,96,False
227,1.9604999579314608e-05,4.567799987853505e-05,3.179000486852601e-06,0.0,4.567799987853505e-05,0.0,96,False
228,1.9629000234999694e-05,4.5277999561221804e-05,1.6961000255832914e-05,0.0,4.5277999561221804e-05,0.0,96,False
229,2.204100019298494e-05,4.629200066119665e-05,3.1129993658396415e-06,0.0,4.629200066119665e-05,0.0,96,False
230,1.966699983313447e-05,4.495800021686591e-05,3.338000169605948e-06,0.0,4.495800021686591e-05,0.0,96,False
231,1.9306000467622653e-05,4.483800057641929e-05,3.3730002542142756e-06,0.0,4.483800057641929e-05,0.0,96,False
232,1.877999966382049e-05,4.433999947650591e-05,3.2250000003841706e-06,0.0,4.433999947650591e-05,0.0,96,False
233,1.8900000213761814e-05,4.433899994182866e-05,3.273999936936889e-06,0.0,4.433899994182866e-05,0.0,96,False
234,1.9250000150350388e-05,4.4505000005301554e-05,3.3129999792436138e-06,0.0,4.4505000005301554e-05,0.0,96,False
235,1.8775999706122093e-05,4.4688999878417235e-05,3.2260004445561208e-06,0.0,4.4688999878417235e-05,0.0,96,False
236,1.8619000002217945e-05,4.4877000618726015e-05,3.2130001272889785e-06,0.0,4.4877000618726015e-05,0.0,96,False
237,1.872099983302178e-05,4.4440000237955246e-05,3.2869993447093293e-06,0.0,4.4440000237955246e-05,0.0,96,False
238,1.8988999727298506e-05,4.421399989951169e-05,3.037000169570092e-06,0.0,4.421399989951169e-05,0.0,96,False
239,1.8448000446369406e-05,4.443600028025685e-05,3.163000656059012e-06,0.0,4.443600028025685e-05,0.0,96,False
240,1.828600034059491e-05,0.00011548200018296484,3.7429999792948365e-06,0.0,0.00011548200018296484,0.0,96,False
241,2.246999974886421e-05,4.631100000551669e-05,2.893000782933086e-06,0.0,4.631100000551669e-05,0.0,96,False
242,1.9068999790761154e-05,4.5433000195771456e-05,3.0649998734588735e-06,0.0,4.5433000195771456e-05,0.0,96,False
243,1.916800010803854e-05,4.47390002591419e-05,2.865000169549603e-06,0.0,4.47390002591419e-05,0.0,96,False
244,1.9088000044575892e-05,4.479100061871577e-05,2.939999831141904e-06,0.0,4.479100061871577e-05,0.0,96,False
245,1.8499000361771323e-05,4.4195000555191655e-05,2.8790000214939937e-06,0.0,4.4195000555191655e-05,0.0,96,False
246,1.8215000636701006e-05,4.3772000026365276e-05,2.8300000849412754e-06,0.0,4.3772000026365276e-05,0.0,96,False
247,1.8030999854090624e-05,4.39650002590497e-05,2.86799968307605e-06,0.0,4.39650002590497e-05,0.0,96,False
248,1.8404000002192333e-05,4.3600999561022036e-05,2.7670002964441665e-06,0.0,4.3600999561022036e-05,0.0,96,False
249,1.8031999388767872e-05,4.559900025924435e-05,3.3670003176666796e-06,0.0,4.559900025924435e-05,0.0,96,False
250,1.9423000594542827e-05,4.496100063988706e-05,3.2179996196646243e-06,0.0,4.496100063988706e-05,0.0,96,False
251,1.845299993874505e-05,4.48949995188741e-05,3.3299993447144516e-06,0.0,4.48949995188741e-05,0.0,96,False
252,1.8308999642613344e-05,4.316200011089677e-05,3.27099951391574e-06,0.0,4.316200011089677e-05,0.0,96,False
253,1.8443000044499058e-05,4.264499966666335e-05,3.3759997677407227e-06,0.0,4.264499966666335e-05,0.0,96,False
254,1.7931999536813237e-05,4.299300053389743e-05,3.166000169585459e-06,0.0,4.299300053389743e-05,0.0,96,False
255,1.8273000023327768e-05,4.360900038591353e-05,3.035999725398142e-06,0.0,4.360900038591353e-05,0.0,96,False
256,1.796000015019672e-05,4.318100036471151e-05,3.080999704252463e-06,0.0,4.318100036471151e-05,0.0,96,False
257,1.7700999705994036e-05,4.304000049160095e-05,3.3599999369471334e-06,0.0,4.304000049160095e-05,0.0,96,False
258,1.7796000065573025e-05,4.310100030124886e-05,3.199000275344588e-06,0.0,4.310100030124886e-05,0.0,96,False
259,1.8416000784782227e-05,4.3185000322409905e-05,3.0860001061228104e-06,0.0,4.3185000322409905e-05,0.0,96,False
260,1.828699987527216e-05,4.23359997512307e-05,3.203000233042985e-06,0.0,4.23359997512307e-05,0.0,96,False
261,1.8276000446348917e-05,4.3573000766627956e-05,3.1700001272838563e-06,0.0,4.3573000766627956e-05,0.0,96,False
262,1.8275000002176967e-05,4.235899996274384e-05,3.105999894614797e-06,0.0,4.235899996274384e-05,0.0,96,False
263,1.7856000340543687e-05,4.354299926490057e-05,2.922000021499116e-06,0.0,4.354299926490057e-05,0.0,96,False
264,1.8346000615565572e-05,6.48239993097377e-05,3.6310002542450093e-06,0.0,6.48239993097377e-05,0.0,96,False
265,2.121600027749082e-05,4.510200051299762e-05,3.123999704257585e-06,0.0,4.510200051299762e-05,0.0,96,False
266,1.876900023489725e-05,4.476300000533229e-05,2.9150005502742715e-06,0.0,4.476300000533229e-05,0.0,96,False
267,1.8697000086831395e-05,4.428000011102995e-05,2.877000042644795e-06,0.0,4.428000011102995e-05,0.0,96,False
268,1.8213000657851808e-05,4.4720999540004414e-05,2.7969999791821465e-06,0.0,4.4720999540004414e-05,0.0,96,False
269,1.8667999938770663e-05,4.417799937073141e-05,2.9020002330071293e-06,0.0,4.417799937073141e-05,0.0,96,False
270,1.887300004455028e-05,4.365199947642395e-05,2.8730000849463977e-06,0.0,4.365199947642395e-05,0.0,96,False
271,1.8710999938775785e-05,4.394999996293336e-05,2.810999831126537e-06,0.0,4.394999996293336e-05,0.0,96,False
272,1.8510999325371813e-05,4.4161999539937824e-05,2.8210006348672323e-06,0.0,4.4161999539937824e-05,0.0,96,False
273,2.228900029876968e-05,4.45139994553756e-05,2.9029997676843777e-06,0.0,4.45139994553756e-05,0.0,96,False
274,1.8176999219576828e-05,5.150400011189049e-05,2.900999788835179e-06,0.0,5.150400011189049e-05,0.0,96,False
275,1.8538999938755296e-05,4.384000021673273e-05,3.1820000003790483e-06,0.0,4.384000021673273e-05,0.0,96,False
276,1.8359000023338012e-05,4.368600002635503e-05,3.183999979228247e-06,0.0,4.368600002635503e-05,0.0,96,False
277,1.9082999642705545e-05,4.3558000470511615e-05,3.2329999157809652e-06,0.0,4.3558000470511615e-05,0.0,96,False
278,1.845900078478735e-05,4.4005999370710924e-05,3.2400002965005115e-06,0.0,4.4005999370710924e-05,0.0,96,False
279,1.86140005098423e-05,5.231700015428942e-05,3.3450005503254943e-06,0.0,5.231700015428942e-05,0.0,96,False
280,2.4822999876050744e-05,4.739999985758914e-05,2.7700007194653153e-06,0.0,4.739999985758914e-05,0.0,96,False
281,1.8834000002243556e-05,4.348699985712301e-05,2.9900002118665725e-06,0.0,4.348699985712301e-05,0.0,96,False
282,1.8301999261893798e-05,4.3977000132144894e-05,3.1249992389348336e-06,0.0,4.3977000132144894e-05,0.0,96,False
283,1.7829000171332154e-05,4.289600019546924e-05,2.7699998099706136e-06,0.0,4.289600019546924e-05,0.0,96,False
284,1.771099960024003e-05,4.3343000470486004e-05,2.9889997676946223e-06,0.0,4.3343000470486004e-05,0.0,96,False
285,1.8339000234846026e-05,4.2796999878191855e-05,3.0319997676997446e-06,0.0,4.2796999878191855e-05,0.0,96,False
286,1.798900029825745e-05,4.37380003859289e-05,3.099999958067201e-06,0.0,4.37380003859289e-05,0.0,96,False
287,1.7782999748305883e-05,4.355400051281322e-05,2.9970005925861187e-06,0.0,4.355400051281322e-05,0.0,96,False
288,1.797400000214111e-05,4.278899996279506e-05,1.2559999959194101e-05,0.0,4.278899996279506e-05,0.0,96,False
289,2.5428000299143605e-05,4.588899992086226e-05,3.076000211876817e-06,0.0,4.588899992086226e-05,0.0,96,False
290,1.8675999854167458e-05,4.448399977263762e-05,2.7749993023462594e-06,0.0,4.448399977263762e-05,0.0,96,False
291,1.782100025593536e-05,4.3199999709031545e-05,3.179000486852601e-06,0.0,4.3199999709031545e-05,0.0,96,False
292,1.7923000086739194e-05,4.266799987817649e-05,2.9200000426499173e-06,0.0,4.266799987817649e-05,0.0,96,False
293,1.8819000615621917e-05,4.259199977241224e-05,3.1129993658396415e-06,0.0,4.259199977241224e-05,0.0,96,False
294,1.754000004439149e-05,4.220199934934499e-05,3.002999619639013e-06,0.0,4.220199934934499e-05,0.0,96,False
295,1.7952999769477174e-05,4.2255000153090805e-05,3.1260005926014856e-06,0.0,4.2255000153090805e-05,0.0,96,False
296,1.7598000340512954e-05,4.240599992044736e-05,3.0289993446785957e-06,0.0,4.240599992044736e-05,0.0,96,False
297,1.747900023474358e-05,4.221400013193488e-05,2.9559996619354934e-06,0.0,4.221400013193488e-05,0.0,96,False
298,1.7756000488589052e-05,4.1864999730023555e-05,2.9960001484141685e-06,0.0,4.1864999730023555e-05,0.0,96,False
299,1.7879000552056823e-05,4.255400017427746e-05,2.898000275308732e-06,0.0,4.255400017427746e-05,0.0,96,False
300,1.805200008675456e-05,4.3228999857092276e-05,3.115000254183542e-06,0.0,4.3228999857092276e-05,0.0,96,False
301,1.7876000129035674e-05,6.409599973267177e-05,3.3579999580979347e-06,0.0,6.409599973267177e-05,0.0,96,False
302,2.0313000277383253e-05,4.5030999899609014e-05,3.2040006772149354e-06,0.0,4.5030999899609014e-05,0.0,96,False
303,1.9086000065726694e-05,4.330499996285653e-05,1.4893999832565896e-05,0.0,4.330499996285653e-05,0.0,96,False
304,1.9907000023522414e-05,4.554800034384243e-05,3.1260005926014856e-06,0.0,4.554800034384243e-05,0.0,96,False
305,1.8914000065706205e-05,4.288600030122325e-05,3.1350000426755287e-06,0.0,4.288600030122325e-05,0.0,96,False
306,1.8089999684889335e-05,4.332800017436966e-05,3.017999915755354e-06,0.0,4.332800017436966e-05,0.0,96,False
307,1.82230005520978e-05,4.281499968783464e-05,2.9829998311470263e-06,0.0,4.281499968783464e-05,0.0,96,False
308,1.7610000213608146e-05,4.1678999878058676e-05,2.8120002752984874e-06,0.0,4.1678999878058676e-05,0.0,96,False
309,1.799300025595585e-05,4.188799994153669e-05,3.078999725403264e-06,0.0,4.188799994153669e-05,0.0,96,False
310,1.7813999875215814e-05,4.190599975117948e-05,2.834999577316921e-06,0.0,4.190599975117948e-05,0.0,96,False
311,1.7786000171327032e-05,4.317999992053956e-05,3.052000465686433e-06,0.0,4.317999992053956e-05,0.0,96,False
312,1.814299957914045e-05,4.3276999349473044e-05,2.842999492713716e-06,0.0,4.3276999349473044e-05,0.0,96,False
313,1.733699991746107e-05,4.2237999878125265e-05,2.9809998522978276e-06,0.0,4.2237999878125265e-05,0.0,96,False
314,1.8046000150206964e-05,4.2272000428056344e-05,2.8960002964595333e-06,0.0,4.2272000428056344e-05,0.0,96,False
315,1.8218000150227454e-05,4.28020002800622e-05,3.1469999157707207e-06,0.0,4.28020002800622e-05,0.0,96,False
316,1.7780999769456685e-05,4.201400042802561e-05,2.933999894594308e-06,0.0,4.201400042802561e-05,0.0,96,False
317,1.8063999959849752e-05,4.266300038580084e-05,2.834999577316921e-06,0.0,4.266300038580084e-05,0.0,96,False
318,1.778900059434818e-05,4.297499981475994e-05,2.767999831121415e-06,0.0,4.297499981475994e-05,0.0,96,False
319,1.7737000234774314e-05,4.27999993917183e-05,2.770999344647862e-06,0.0,4.27999993917183e-05,0.0,96,False
320,1.7860000298242085e-05,4.283399994164938e-05,3.2219995773630217e-06,0.0,4.283399994164938e-05,0.0,96,False
321,1.7627000488573685e-05,4.246699973009527e-05,2.888999915739987e-06,0.0,4.246699973009527e-05,0.0,96,False
322,1.7670000488578808e-05,4.229100068187108e-05,2.8900003599119373e-06,0.0,4.229100068187108e-05,0.0,96,False
323,1.7950999790627975e-05,5.373600015445845e-05,3.2299994927598163e-06,0.0,5.373600015445845e-05,0.0,96,False
324,1.975699979084311e-05,4.45910000053118e-05,2.9269995138747618e-06,0.0,4.45910000053118e-05,0.0,96,False
325,2.6523999622440897e-05,4.451500080904225e-05,2.869999661925249e-06,0.0,4.451500080904225e-05,0.0,96,False
326,1.884199991764035e-05,4.356200042821001e-05,2.757000402198173e-06,0.0,4.356200042821001e-05,0.0,96,False
327,1.9027000234927982e-05,4.417099989950657e-05,2.9510001695598476e-06,0.0,4.417099989950657e-05,0.0,96,False
328,1.8106999959854875e-05,4.280299981473945e-05,3.156999810016714e-06,0.0,4.280299981473945e-05,0.0,96,False
329,1.8335999811824877e-05,4.233500021655345e-05,3.0589999369112775e-06,0.0,4.233500021655345e-05,0.0,96,False
330,1.7996999304159544e-05,4.2345999645476695e-05,2.832000063790474e-06,0.0,4.2345999645476695e-05,0.0,96,False
331,1.777299985405989e-05,4.3402000301284716e-05,3.0110004445305094e-06,0.0,4.3402000301284716e-05,0.0,96,False
332,1.794400031940313e-05,4.218899994157255e-05,2.9929997253930196e-06,0.0,4.218899994157255e-05,0.0,96,False
333,1.7428000319341663e-05,4.1404000512557104e-05,3.0800001695752144e-06,0.0,4.1404000512557104e-05,0.0,96,False
334,1.755799985403428e-05,4.241599981469335e-05,3.2029993235482834e-06,0.0,4.241599981469335e-05,0.0,96,False
335,1.7906999346450903e-05,4.2966999899363145e-05,2.7179994503967464e-06,0.0,4.2966999899363145e-05,0.0,96,False
336,1.8136999642592855e-05,5.270299971016357e-05,3.3010001061484218e-06,0.0,5.270299971016357e-05,0.0,96,False
337,2.2854999770061113e-05,4.545800038613379e-05,2.8160002329968847e-06,0.0,4.545800038613379e-05,0.0,96,False
338,1.8650000129127875e-05,4.3729000026360154e-05,2.7579999368754216e-06,0.0,4.3729000026360154e-05,0.0,96,False
339,1.877899921964854e-05,4.407400047057308e-05,2.688000677153468e-06,0.0,4.407400047057308e-05,0.0,96,False
340,1.8686000657908153e-05,4.3506999645614997e-05,2.6380002964287996e-06,0.0,4.3506999645614997e-05,0.0,96,False
341,1.8024999917543028e-05,4.3343000470486004e-05,2.6640000214683823e-06,0.0,4.3343000470486004e-05,0.0,96,False
342,1.8026999896392226e-05,4.309399992052931e-05,2.996999683091417e-06,0.0,4.309399992052931e-05,0.0,96,False
343,1.7717999980959576e-05,4.239000008965377e-05,2.951999704237096e-06,0.0,4.239000008965377e-05,0.0,96,False
344,1.7547999959788285e-05,4.256200008967426e-05,2.894999852287583e-06,0.0,4.256200008967426e-05,0.0,96,False
345,1.763199998094933e-05,4.232599985698471e-05,2.7039995984523557e-06,0.0,4.232599985698471e-05,0.0,96,False
346,1.7641999875195324e-05,4.204300057608634e-05,2.7090000003227033e-06,0.0,4.204300057608634e-05,0.0,96,False
347,1.8056999579130206e-05,4.2395000491524115e-05,3.0390001484192908e-06,0.0,4.2395000491524115e-05,0.0,96,False
348,4.9809000302047934e-05,5.1646000429173e-05,3.5619996197056025e-06,0.0,5.1646000429173e-05,0.0,96,False
349,2.058199970633723e-05,4.4364000132190995e-05,3.3520000215503387e-06,0.0,4.4364000132190995e-05,0.0,96,False
350,1.921199964272091e-05,4.406399966683239e-05,2.904000211856328e-06,0.0,4.406399966683239e-05,0.0,96,False
351,1.8374000319454353e-05,4.3468000512802973e-05,3.154000296490267e-06,0.0,4.3468000512802973e-05,0.0,96,False
352,1.8559000636741985e-05,4.2458000280021224e-05,3.0429991966229863e-06,0.0,4.2458000280021224e-05,0.0,96,False
353,1.8126000213669613e-05,4.225999964546645e-05,3.174999619659502e-06,0.0,4.225999964546645e-05,0.0,96,False
354,1.7876999663712922e-05,4.3681000533979386e-05,3.141999513900373e-06,0.0,4.3681000533979386e-05,0.0,96,False
355,1.763500040397048e-05,4.251199970894959e-05,3.3390006137778983e-06,0.0,4.251199970894959e-05,0.0,96,False
356,1.8006999198405538e-05,0.0002754830002231756,4.882999746769201e-06,0.0,0.0002754830002231756,0.0,96,False
357,3.0639000215160195e-05,4.8382000386482105e-05,3.3629994504735805e-06,0.0,4.8382000386482105e-05,0.0,96,False
358,1.9546999283193145e-05,6.205499994393904e-05,5.04200033901725e-06,0.0,6.205499994393904e-05,0.0,96,False
359,2.9324000024644192e-05,5.3063999985170085e-05,3.4380000215605833e-06,0.0,5.3063999985170085e-05,0.0,96,False
360,2.041200059466064e-05,4.591800006892299e-05,3.0979999792180024e-06,0.0,4.591800006892299e-05,0.0,96,False
361,1.9019999854208436e-05,4.487899968808051e-05,2.9090006137266755e-06,0.0,4.487899968808051e-05,0.0,96,False
362,1.9144000361848157e-05,4.404499941301765e-05,3.230000402254518e-06,0.0,4.404499941301765e-05,0.0,96,False
363,1.9175000488758087e-05,4.531899958237773e-05,3.156999810016714e-06,0.0,4.531899958237773e-05,0.0,96,False
364,1.8972999896504916e-05,4.3263999941700604e-05,3.269000444561243e-06,0.0,4.3263999941700604e-05,0.0,96,False
365,1.8292000277142506e-05,4.426699979376281e-05,3.1909994504530914e-06,0.0,4.426699979376281e-05,0.0,96,False
366,1.9078999685007147e-05,4.462300057639368e-05,3.5570001273299567e-06,0.0,4.462300057639368e-05,0.0,96,False
367,1.8556000213720836e-05,4.3865999941772316e-05,3.05499997921288e-06,0.0,4.3865999941772316e-05,0.0,96,False
368,1.8084999283018988e-05,7.627299964951817e-05,4.479999915929511e-06,0.0,7.627299964951817e-05,0.0,96,False
369,2.7477000003273133e-05,5.2040999435121194e-05,3.4419999792589806e-06,0.0,5.2040999435121194e-05,0.0,96,False
370,2.5446000108786393e-05,4.635300047084456e-05,3.148000359942671e-06,0.0,4.635300047084456e-05,0.0,96,False
371,2.0776999917870853e-05,4.6178000047802925e-05,3.1290001061279327e-06,0.0,4.6178000047802925e-05,0.0,96,False
372,1.8986999748449307e-05,4.417099989950657e-05,2.871000106097199e-06,0.0,4.417099989950657e-05,0.0,96,False
373,1.9361999875400215e-05,4.369300040707458e-05,2.7819996830658056e-06,0.0,4.369300040707458e-05,0.0,96,False
374,1.868599974841345e-05,4.434099992067786e-05,2.657000550243538e-06,0.0,4.434099992067786e-05,0.0,96,False
375,3.4301000596315134e-05,4.581299981509801e-05,2.999999196617864e-06,0.0,4.581299981509801e-05,0.0,96,False
376,1.8884999917645473e-05,4.397400061861845e-05,2.7189998945686966e-06,0.0,4.397400061861845e-05,0.0,96,False
377,1.86890001714346e-05,8.811799943941878e-05,3.878000825352501e-06,0.0,8.811799943941878e-05,0.0,96,False
378,2.0990000848541968e-05,4.4501999582280405e-05,2.8399999791872688e-06,0.0,4.4501999582280405e-05,0.0,96,False
379,1.86119996214984e-05,4.353799977252493e-05,2.900999788835179e-06,0.0,4.353799977252493e-05,0.0,96,False
380,1.850100034062052e-05,4.28829998782021e-05,1.7547999959788285e-05,0.0,4.28829998782021e-05,0.0,96,False
381,2.051699993899092e-05,4.3758000174420886e-05,2.885999492718838e-06,0.0,4.3758000174420886e-05,0.0,96,False
382,1.8351999642618466e-05,4.3755999286076985e-05,2.832000063790474e-06,0.0,4.3755999286076985e-05,0.0,96,False
383,1.8480000107956585e-05,4.323800021666102e-05,2.771000254142564e-06,0.0,4.323800021666102e-05,0.0,96,False
384,1.8368999917584006e-05,4.3062000258942135e-05,2.7249998311162926e-06,0.0,4.3062000258942135e-05,0.0,96,False
385,1.848299962148303e-05,4.365599943412235e-05,2.7539999791770242e-06,0.0,4.365599943412235e-05,0.0,96,False
386,1.8446000467520207e-05,4.271099987818161e-05,2.6500001695239916e-06,0.0,4.271099987818161e-05,0.0,96,False
387,1.811499987525167e-05,4.2673000280046836e-05,2.6699999580159783e-06,0.0,4.2673000280046836e-05,0.0,96,False
388,1.792900002328679e-05,4.247800006851321e-05,2.7129999580211006e-06,0.0,4.247800006851321e-05,0.0,96,False
389,1.7843999557953794e-05,4.189199989923509e-05,2.761999894573819e-06,0.0,4.189199989923509e-05,0.0,96,False
390,1.7968000065593515e-05,4.208700011076871e-05,2.6609995984472334e-06,0.0,4.208700011076871e-05,0.0,96,False
391,1.774500015017111e-05,0.0002515969999876688,5.846000021847431e-06,0.0,0.0002515969999876688,0.0,96,False
392,0.00019372899987502024,0.0002321720003237715,7.38099970476469e-06,0.0,0.0002321720003237715,0.0,96,False
393,4.120599987800233e-05,9.51449992498965e-05,4.821000402444042e-06,0.0,9.51449992498965e-05,0.0,96,False
394,3.115999970759731e-05,5.967700053588487e-05,3.866000042762607e-06,0.0,5.967700053588487e-05,0.0,96,False
395,0.00014502999965770869,8.686900036991574e-05,8.302000424009748e-06,0.0,8.686900036991574e-05,0.0,96,False
396,2.8912999368913006e-05,5.474299996421905e-05,3.846999788947869e-06,0.0,5.474299996421905e-05,0.0,96,False
397,2.2911999622010626e-05,4.975400042894762e-05,3.553999704308808e-06,0.0,4.975400042894762e-05,0.0,96,False
398,2.068999947368866e-05,0.00018629599981068168,5.277999662212096e-06,0.0,0.00018629599981068168,0.0,96,False
399,3.0395000067073852e-05,5.688799956260482e-05,4.011999408248812e-06,0.0,5.688799956260482e-05,0.0,96,False
400,2.4094999389490113e-05,5.260599937173538e-05,3.7089994293637574e-06,0.0,5.260599937173538e-05,0.0,96,False
401,2.3053000404615887e-05,8.979900030681165e-05,4.106000233150553e-06,0.0,8.979900030681165e-05,0.0,96,False
402,2.6050999622384552e-05,5.25030000062543e-05,3.83200040232623e-06,0.0,5.25030000062543e-05,0.0,96,False
403,2.2514999727718532e-05,5.0089000069419853e-05,3.5980001484858803e-06,0.0,5.0089000069419853e-05,0.0,96,False
404,2.7860999580298085e-05,4.8755000534583814e-05,3.6110004657530226e-06,0.0,4.8755000534583814e-05,0.0,96,False
405,2.1165999896766152e-05,4.8462999984622e-05,4.034000085084699e-06,0.0,4.8462999984622e-05,0.0,96,False
406,2.090299949486507e-05,4.739599989989074e-05,3.5049997677560896e-06,0.0,4.739599989989074e-05,0.0,96,False
407,2.1191000087128486e-05,4.6486999963235576e-05,3.3199994504684582e-06,0.0,4.6486999963235576e-05,0.0,96,False
408,2.05530004677712e-05,4.688900025939802e-05,3.21100014843978e-06,0.0,4.688900025939802e-05,0.0,96,False
409,2.0132999452471267e-05,4.6375999772863e-05,3.4209997465950437e-06,0.0,4.6375999772863e-05,0.0,96,False
410,2.0681999558291864e-05,4.599900057655759e-05,3.1879999369266443e-06,0.0,4.599900057655759e-05,0.0,96,False
411,1.989800057344837e-05,4.5851999857404735e-05,3.0829996831016615e-06,0.0,4.5851999857404735e-05,0.0,96,False
412,1.8962000467581674e-05,4.4553000407177024e-05,3.0379997042473406e-06,0.0,4.4553000407177024e-05,0.0,96,False
413,1.9514999621605966e-05,4.42020000264165e-05,3.21200059261173e-06,0.0,4.42020000264165e-05,0.0,96,False
414,1.8971999452332966e-05,4.477700076677138e-05,2.935000338766258e-06,0.0,4.477700076677138e-05,0.0,96,False
415,1.8708000425249338e-05,4.376299966679653e-05,2.9019993235124275e-06,0.0,4.376299966679653e-05,0.0,96,False
416,1.851700017141411e-05,6.398400000762194e-05,3.465000190772116e-06,0.0,6.398400000762194e-05,0.0,96,False
417,2.1275000108289532e-05,4.615699981513899e-05,2.8929998734383844e-06,0.0,4.615699981513899e-05,0.0,96,False
418,1.9411000721447635e-05,4.433899994182866e-05,2.80800031760009e-06,0.0,4.433899994182866e-05,0.0,96,False
419,1.8957000065711327e-05,4.466900008992525e-05,2.8059994292561896e-06,0.0,4.466900008992525e-05,0.0,96,False
420,1.901399991766084e-05,4.431300021678908e-05,2.689999746507965e-06,0.0,4.431300021678908e-05,0.0,96,False
421,1.8641000679053832e-05,4.423700011102483e-05,3.002999619639013e-06,0.0,4.423700011102483e-05,0.0,96,False
422,1.8767999790725298e-05,4.377799996291287e-05,2.6879997676587664e-06,0.0,4.377799996291287e-05,0.0,96,False
423,1.8921999981103e-05,4.339499992056517e-05,2.751000465650577e-06,0.0,4.339499992056517e-05,0.0,96,False
424,1.8562000150268432e-05,4.4363000597513746e-05,2.675000359886326e-06,0.0,4.4363000597513746e-05,0.0,96,False
425,1.8274000467499718e-05,4.3324000216671266e-05,2.7779997253674082e-06,0.0,4.3324000216671266e-05,0.0,96,False
426,1.8214000192529056e-05,4.336500023782719e-05,2.7099995349999517e-06,0.0,4.336500023782719e-05,0.0,96,False
427,1.8747000467556063e-05,4.391200036479859e-05,2.744000084931031e-06,0.0,4.391200036479859e-05,0.0,96,False
428,1.8299000657862052e-05,4.324299970903667e-05,2.7249998311162926e-06,0.0,4.324299970903667e-05,0.0,96,False
429,1.7864000255940482e-05,4.274599996278994e-05,2.6939997042063624e-06,0.0,4.274599996278994e-05,0.0,96,False
430,1.833199985412648e-05,4.207199981465237e-05,2.5590006771381013e-06,0.0,4.207199981465237e-05,0.0,96,False
431,1.7794000086723827e-05,4.297800023778109e-05,2.7939995561609976e-06,0.0,4.297800023778109e-05,0.0,96,False
432,1.8213000657851808e-05,4.3806000576296356e-05,2.9020002330071293e-06,0.0,4.3806000576296356e-05,0.0,96,False
433,1.8228000044473447e-05,4.273699960322119e-05,2.773999767669011e-06,0.0,4.273699960322119e-05,0.0,96,False
434,1.7714000023261178e-05,4.3277999793644994e-05,2.663000486791134e-06,0.0,4.3277999793644994e-05,0.0,96,False
435,1.785299991752254e-05,4.2189999476249795e-05,3.499999365885742e-06,0.0,4.2189999476249795e-05,0.0,96,False
436,1.7921999642567243e-05,4.0052000258583575e-05,3.1849995139054954e-06,0.0,4.0052000258583575e-05,0.0,96,False
437,1.7733999811753165e-05,4.121999972994672e-05,3.0259998311521485e-06,0.0,4.121999972994672e-05,0.0,96,False
438,1.7487000150140375e-05,4.010199972981354e-05,3.0250002964749e-06,0.0,4.010199972981354e-05,0.0,96,False
439,1.771100050973473e-05,4.14849992012023e-05,2.7160003810422495e-06,0.0,4.14849992012023e-05,0.0,96,False
440,1.7321000086667482e-05,4.099299985682592e-05,2.7219994080951437e-06,0.0,4.099299985682592e-05,0.0,96,False
441,1.7612999727134593e-05,5.178300034458516e-05,3.1650006349082105e-06,0.0,5.178300034458516e-05,0.0,96,False
442,2.3737999981676694e-05,4.4331000026431866e-05,3.1529998523183167e-06,0.0,4.4331000026431866e-05,0.0,96,False
443,1.81440000233124e-05,4.223099949740572e-05,2.992000190715771e-06,0.0,4.223099949740572e-05,0.0,96,False
444,1.788400004443247e-05,4.1553999835741706e-05,2.990999746543821e-06,0.0,4.1553999835741706e-05,0.0,96,False
445,1.8398999600321986e-05,4.294500013202196e-05,3.3430005714762956e-06,0.0,4.294500013202196e-05,0.0,96,False
446,1.7807999938668218e-05,4.165999962424394e-05,2.9409993658191524e-06,0.0,4.165999962424394e-05,0.0,96,False
447,1.7545999980939087e-05,4.042899945488898e-05,2.9900002118665725e-06,0.0,4.042899945488898e-05,0.0,96,False
448,1.7408999156032223e-05,4.228599937050603e-05,3.043000106117688e-06,0.0,4.228599937050603e-05,0.0,96,False
449,1.7765999473340344e-05,4.1170000258716755e-05,2.7470005079521798e-06,0.0,4.1170000258716755e-05,0.0,96,False
450,1.7647000277065672e-05,4.1543000406818464e-05,2.687000232981518e-06,0.0,4.1543000406818464e-05,0.0,96,False
451,1.7311999727098737e-05,4.143000023759669e-05,3.0439996407949366e-06,0.0,4.143000023759669e-05,0.0,96,False
452,1.723300010780804e-05,4.123799953958951e-05,5.937999958405271e-06,0.0,4.123799953958951e-05,0.0,96,False
453,3.904899949702667e-05,5.1932999667769764e-05,3.2910002119024284e-06,0.0,5.1932999667769764e-05,0.0,96,False
454,2.0018000213894993e-05,6.574300005013356e-05,3.7479994716704823e-06,0.0,6.574300005013356e-05,0.0,96,False
455,2.1488999664143194e-05,5.269000030239113e-05,3.597000613808632e-06,0.0,5.269000030239113e-05,0.0,96,False
456,1.921700004459126e-05,4.3791000280180015e-05,3.3189999157912098e-06,0.0,4.3791000280180015e-05,0.0,96,False
457,1.849899945227662e-05,4.2980999751307536e-05,3.7249992601573467e-06,0.0,4.2980999751307536e-05,0.0,96,False
458,1.8460999854141846e-05,4.302500019548461e-05,3.160000233037863e-06,0.0,4.302500019548461e-05,0.0,96,False
459,1.820799934648676e-05,4.22650000473368e-05,2.779999704216607e-06,0.0,4.22650000473368e-05,0.0,96,False
460,1.7733000277075917e-05,4.180999985692324e-05,1.8341000213695224e-05,0.0,4.180999985692324e-05,0.0,96,False
461,1.983800029847771e-05,4.274500042811269e-05,3.3850001273094676e-06,0.0,4.274500042811269e-05,0.0,96,False
462,1.785099993867334e-05,5.8182999964628834e-05,3.5630000638775527e-06,0.0,5.8182999964628834e-05,0.0,96,False
463,2.270299955853261e-05,4.475900004763389e-05,3.3299993447144516e-06,0.0,4.475900004763389e-05,0.0,96,False
464,1.8367999473412056e-05,4.286099920136621e-05,3.2640000426908955e-06,0.0,4.286099920136621e-05,0.0,96,False
465,1.777199940988794e-05,4.18760000684415e-05,3.0260007406468503e-06,0.0,4.18760000684415e-05,0.0,96,False
466,1.7292999473284e-05,4.141899989917874e-05,2.998000127263367e-06,0.0,4.141899989917874e-05,0.0,96,False
467,1.7497000044386368e-05,4.1135999708785675e-05,3.1429999580723234e-06,0.0,4.1135999708785675e-05,0.0,96,False
468,1.7267000657739118e-05,5.8292000176152214e-05,3.2699999792384915e-06,0.0,5.8292000176152214e-05,0.0,96,False
469,1.9146999875374604e-05,4.3385999560996424e-05,3.1979998311726376e-06,0.0,4.3385999560996424e-05,0.0,96,False
470,1.7995000234805048e-05,4.354599968792172e-05,3.311000000394415e-06,0.0,4.354599968792172e-05,0.0,96,False
471,1.901600080600474e-05,4.386500040709507e-05,3.295999704278074e-06,0.0,4.386500040709507e-05,0.0,96,False
472,1.8589999854157213e-05,4.4578999222721905e-05,3.1889994716038927e-06,0.0,4.4578999222721905e-05,0.0,96,False
473,1.8556000213720836e-05,4.525800068222452e-05,3.3460000850027427e-06,0.0,4.525800068222452e-05,0.0,96,False
474,1.9334000171511434e-05,4.6006999582459684e-05,3.361999915796332e-06,0.0,4.6006999582459684e-05,0.0,96,False
475,1.9466999219730496e-05,4.479000017454382e-05,3.2350008041248657e-06,0.0,4.479000017454382e-05,0.0,96,False
476,1.8685000213736203e-05,4.451299992069835e-05,3.139000000373926e-06,0.0,4.451299992069835e-05,0.0,96,False
477,1.8863000150304288e-05,4.4549000449478626e-05,3.2190000638365746e-06,0.0,4.4549000449478626e-05,0.0,96,False
478,1.8771000213746447e-05,4.424899998412002e-05,3.0559995138901286e-06,0.0,4.424899998412002e-05,0.0,96,False
479,1.8220000129076652e-05,4.348700076661771e-05,3.0829996831016615e-06,0.0,4.348700076661771e-05,0.0,96,False
480,1.8082000678987242e-05,4.276099934941158e-05,3.060999915760476e-06,0.0,4.276099934941158e-05,0.0,96,False
481,1.8136999642592855e-05,4.331400032242527e-05,3.029999788850546e-06,0.0,4.331400032242527e-05,0.0,96,False
482,1.803600025596097e-05,4.311900011089165e-05,3.0080000215093605e-06,0.0,4.311900011089165e-05,0.0,96,False
483,1.8087000171362888e-05,4.31120006396668e-05,3.049000042665284e-06,0.0,4.31120006396668e-05,0.0,96,False
484,1.8140000065614004e-05,4.396399981487775e-05,3.289999767730478e-06,0.0,4.396399981487775e-05,0.0,96,False
485,1.802099995984463e-05,4.3498000195540953e-05,3.1939998734742403e-06,0.0,4.3498000195540953e-05,0.0,96,False
486,1.7366000065521803e-05,4.3232999814790674e-05,3.117999767709989e-06,0.0,4.3232999814790674e-05,0.0,96,False
487,1.8137000552087557e-05,6.33509998806403e-05,3.461000233073719e-06,0.0,6.33509998806403e-05,0.0,96,False
488,2.0231000235071406e-05,4.41209995187819e-05,3.2449997888761573e-06,0.0,4.41209995187819e-05,0.0,96,False
489,1.8398000065644737e-05,4.3942999582213815e-05,3.0230003176257014e-06,0.0,4.3942999582213815e-05,0.0,96,False
490,1.8035000721283723e-05,4.3977000132144894e-05,3.002999619639013e-06,0.0,4.3977000132144894e-05,0.0,96,False
491,1.856400012911763e-05,4.305499987822259e-05,3.006000042660162e-06,0.0,4.305499987822259e-05,0.0,96,False
492,1.8630999875313137e-05,4.359099966677604e-05,3.004000063810963e-06,0.0,4.359099966677604e-05,0.0,96,False
493,1.8276000446348917e-05,4.3791000280180015e-05,3.2569996619713493e-06,0.0,4.3791000280180015e-05,0.0,96,False
494,1.862499993876554e-05,4.4439000703278e-05,3.1830004445509985e-06,0.0,4.4439000703278e-05,0.0,96,False
495,1.9224000425310805e-05,4.5157000386097934e-05,3.24200027534971e-06,0.0,4.5157000386097934e-05,0.0,96,False
496,1.9052000425290316e-05,4.4763999540009536e-05,3.2530006137676537e-06,0.0,4.4763999540009536e-05,0.0,96,False
497,1.8804000319505576e-05,4.4038000851287507e-05,3.3000005714711733e-06,0.0,4.4038000851287507e-05,0.0,96,False
498,1.8882999938796274e-05,4.378800076665357e-05,3.189999915775843e-06,0.0,4.378800076665357e-05,0.0,96,False
499,1.8615000044519547e-05,4.5433000195771456e-05,3.273999936936889e-06,0.0,4.5433000195771456e-05,0.0,96,False
500,1.8413000361761078e-05,4.4581000111065805e-05,2.8300000849412754e-06,0.0,4.4581000111065805e-05,0.0,96,False
501,1.882800006569596e-05,4.4505000005301554e-05,3.2190000638365746e-06,0.0,4.4505000005301554e-05,0.0,96,False
502,1.85310000233585e-05,4.450200049177511e-05,3.117999767709989e-06,0.0,4.450200049177511e-05,0.0,96,False
503,1.865900048869662e-05,4.41980000687181e-05,3.1560002753394656e-06,0.0,4.41980000687181e-05,0.0,96,False
504,1.879699993878603e-05,4.9045999730878975e-05,3.104999450442847e-06,0.0,4.9045999730878975e-05,0.0,96,False
505,1.934200008690823e-05,5.142699956195429e-05,3.1919998946250416e-06,0.0,5.142699956195429e-05,0.0,96,False
506,1.858199993876042e-05,4.381199960334925e-05,2.9439997888403013e-06,0.0,4.381199960334925e-05,0.0,96,False
507,1.9252000129199587e-05,4.4518999857245944e-05,2.8810000003431924e-06,0.0,4.4518999857245944e-05,0.0,96,False
508,1.870600044640014e-05,4.4501000047603156e-05,2.8430004022084177e-06,0.0,4.4501000047603156e-05,0.0,96,False
509,1.8600999283080455e-05,4.393700055516092e-05,2.8480008040787652e-06,0.0,4.393700055516092e-05,0.0,96,False
510,1.8597999769554008e-05,4.4518999857245944e-05,3.021999873453751e-06,0.0,4.4518999857245944e-05,0.0,96,False
511,1.8148999515688047e-05,5.737900028179865e-05,3.3670003176666796e-06,0.0,5.737900028179865e-05,0.0,96,False
512,2.379200032009976e-05,4.7261999498005025e-05,2.8529993869597092e-06,0.0,4.7261999498005025e-05,0.0,96,False
513,1.9169999177393038e-05,4.5791000047756825e-05,2.961000063805841e-06,0.0,4.5791000047756825e-05,0.0,96,False
514,1.8682000700209755e-05,4.429099953995319e-05,2.875999598472845e-06,0.0,4.429099953995319e-05,0.0,96,False
515,1.892099953693105e-05,4.483400061872089e-05,2.9060001907055266e-06,0.0,4.483400061872089e-05,0.0,96,False
516,1.9253999198554084e-05,4.3343000470486004e-05,2.7070000214735046e-06,0.0,4.3343000470486004e-05,0.0,96,False
517,1.8652000107977074e-05,7.015899973339401e-05,5.50599997950485e-06,0.0,7.015899973339401e-05,0.0,96,False
518,3.7881000025663525e-05,6.890500026202062e-05,3.047999598493334e-06,0.0,6.890500026202062e-05,0.0,96,False
519,1.980399974854663e-05,4.734000049211318e-05,3.021999873453751e-06,0.0,4.734000049211318e-05,0.0,96,False
520,1.9752000298467465e-05,4.7202999667206313e-05,2.843999936885666e-06,0.0,4.7202999667206313e-05,0.0,96,False
521,1.944899941008771e-05,4.674699994211551e-05,2.8569993446581066e-06,0.0,4.674699994211551e-05,0.0,96,False
522,1.9826999960059766e-05,4.674899992096471e-05,2.8459999157348648e-06,0.0,4.674899992096471e-05,0.0,96,False
523,1.974200040422147e-05,4.642400017473847e-05,2.9020002330071293e-06,0.0,4.642400017473847e-05,0.0,96,False
524,1.9410000277275685e-05,4.59869997939677e-05,3.223000021534972e-06,0.0,4.59869997939677e-05,0.0,96,False
525,1.9892999262083322e-05,4.553399958240334e-05,3.1170002330327407e-06,0.0,4.553399958240334e-05,0.0,96,False
526,1.932499981194269e-05,4.583200006891275e-05,2.793000021483749e-06,0.0,4.583200006891275e-05,0.0,96,False
527,1.995799993892433e-05,4.612900011125021e-05,2.8849999580415897e-06,0.0,4.612900011125021e-05,0.0,96,False
528,1.9146000340697356e-05,4.671399983635638e-05,2.8040003599016927e-06,0.0,4.671399983635638e-05,0.0,96,False
529,2.0016000235045794e-05,4.649199945561122e-05,2.8280001060920767e-06,0.0,4.649199945561122e-05,0.0,96,False
530,1.9410999811952934e-05,4.615500074578449e-05,2.826000127242878e-06,0.0,4.615500074578449e-05,0.0,96,False
531,1.9907000023522414e-05,4.561300011118874e-05,2.7850001060869545e-06,0.0,4.561300011118874e-05,0.0,96,False
532,1.9703999896591995e-05,4.670900034398073e-05,3.4450004022801295e-06,0.0,4.670900034398073e-05,0.0,96,False
533,1.9148999854223803e-05,4.66860001324676e-05,3.3930000427062623e-06,0.0,4.66860001324676e-05,0.0,96,False
534,2.93930006591836e-05,5.2196000069670845e-05,3.7500003600143827e-06,0.0,5.2196000069670845e-05,0.0,96,False
535,2.0929999664076604e-05,4.728799922304461e-05,1.6303999473166186e-05,0.0,4.728799922304461e-05,0.0,96,False
536,2.145100006600842e-05,4.787600028066663e-05,3.735000063898042e-06,0.0,4.787600028066663e-05,0.0,96,False
537,2.022299941017991e-05,4.805099979421357e-05,3.0810006137471646e-06,0.0,4.805099979421357e-05,0.0,96,False
538,1.961599991773255e-05,4.6690999624843244e-05,3.0579994927393273e-06,0.0,4.6690999624843244e-05,0.0,96,False
539,1.9430000065767672e-05,4.6223000026657246e-05,3.0639994292869233e-06,0.0,4.6223000026657246e-05,0.0,96,False
540,1.9748999875446316e-05,4.5822999709344e-05,3.014999492734205e-06,0.0,4.5822999709344e-05,0.0,96,False
541,1.936899934662506e-05,4.6799000301689375e-05,2.919000507972669e-06,0.0,4.6799000301689375e-05,0.0,96,False
542,2.0368999685160816e-05,4.703700051322812e-05,3.0030005291337147e-06,0.0,4.703700051322812e-05,0.0,96,False
543,1.9904000509995967e-05,4.6549999751732685e-05,2.99400016956497e-06,0.0,4.6549999751732685e-05,0.0,96,False
544,1.9721000171557534e-05,4.739799987873994e-05,3.0049995984882116e-06,0.0,4.739799987873994e-05,0.0,96,False
545,1.9859000531141646e-05,4.655799966712948e-05,2.9850007194909267e-06,0.0,4.655799966712948e-05,0.0,96,False
546,1.9908000467694364e-05,4.718000036518788e-05,3.0270002753240988e-06,0.0,4.718000036518788e-05,0.0,96,False
547,2.033100008702604e-05,4.646199977287324e-05,2.9210004868218675e-06,0.0,4.646199977287324e-05,0.0,96,False
548,2.018000031966949e-05,4.674100000556791e-05,2.9599996196338907e-06,0.0,4.674100000556791e-05,0.0,96,False
549,2.0059000235050917e-05,4.674200044973986e-05,2.984999809996225e-06,0.0,4.674200044973986e-05,0.0,96,False
550,1.964900002349168e-05,4.632499985746108e-05,2.7429996407590806e-06,0.0,4.632499985746108e-05,0.0,96,False
551,2.3270999918167945e-05,4.726000042865053e-05,2.9049997465335764e-06,0.0,4.726000042865053e-05,0.0,96,False
552,1.977600004465785e-05,5.370500002754852e-05,2.929000402218662e-06,0.0,5.370500002754852e-05,0.0,96,False
553,1.961599991773255e-05,4.65989996882854e-05,1.833500027714763e-05,0.0,4.65989996882854e-05,0.0,96,False
554,2.990100074384827e-05,5.170699932932621e-05,3.150999873469118e-06,0.0,5.170699932932621e-05,0.0,96,False
555,2.0593000044755172e-05,4.855899987887824e-05,3.1729996408103034e-06,0.0,4.855899987887824e-05,0.0,96,False
556,1.9893000171578024e-05,4.8632000471116044e-05,3.034000656043645e-06,0.0,4.8632000471116044e-05,0.0,96,False
557,1.9875000361935236e-05,4.7851999624981545e-05,2.91700052912347e-06,0.0,4.7851999624981545e-05,0.0,96,False
558,2.000499989662785e-05,4.771899966726778e-05,2.8780004868167453e-06,0.0,4.771899966726778e-05,0.0,96,False
559,2.0293000488891266e-05,4.711400015366962e-05,2.932000825239811e-06,0.0,4.711400015366962e-05,0.0,96,False
560,1.9423000594542827e-05,4.739099949802039e-05,3.737999577424489e-06,0.0,4.739099949802039e-05,0.0,96,False
561,1.995699949475238e-05,6.222200045158388e-05,3.7275999602570664e-05,0.0,6.222200045158388e-05,0.0,96,False
562,5.2766999942832626e-05,9.149000015895581e-05,6.195999958436005e-06,0.0,9.149000015895581e-05,0.0,96,False
563,2.7348000003257766e-05,5.222199979471043e-05,3.911999556294177e-06,0.0,5.222199979471043e-05,0.0,96,False
564,2.15600002775318e-05,4.9917000069399364e-05,3.527999979269225e-06,0.0,4.9917000069399364e-05,0.0,96,False
565,2.1101999664097093e-05,5.00209998790524e-05,3.6310002542450093e-06,0.0,5.00209998790524e-05,0.0,96,False
566,2.1009000192862004e-05,5.0120000196329784e-05,3.785999979299959e-06,0.0,5.0120000196329784e-05,0.0,96,False
567,2.1515000298677478e-05,5.083999985799892e-05,3.7400004657683894e-06,0.0,5.083999985799892e-05,0.0,96,False
568,2.1333999939088244e-05,5.0723000640573446e-05,3.7089994293637574e-06,0.0,5.0723000640573446e-05,0.0,96,False
569,2.104800023516873e-05,5.037699975218857e-05,3.390000529179815e-06,0.0,5.037699975218857e-05,0.0,96,False
570,2.0493000192800537e-05,4.996799998480128e-05,3.183999979228247e-06,0.0,4.996799998480128e-05,0.0,96,False
571,2.103200040437514e-05,5.016599970986135e-05,3.1549998311675154e-06,0.0,5.016599970986135e-05,0.0,96,False
572,2.084800053125946e-05,4.900299973087385e-05,3.1050003599375486e-06,0.0,4.900299973087385e-05,0.0,96,False
573,2.073299947369378e-05,4.805000025953632e-05,3.0259998311521485e-06,0.0,4.805000025953632e-05,0.0,96,False
574,2.0110999685130082e-05,5.969399990135571e-05,3.4949998735100962e-06,0.0,5.969399990135571e-05,0.0,96,False
575,2.2625000383413862e-05,5.175400019652443e-05,3.2970001484500244e-06,0.0,5.175400019652443e-05,0.0,96,False
576,2.1380999896791764e-05,5.0016999921354e-05,3.4960003176820464e-06,0.0,5.0016999921354e-05,0.0,96,False
577,2.162100008717971e-05,4.9174000196217094e-05,3.3090000215452164e-06,0.0,4.9174000196217094e-05,0.0,96,False
578,2.1022000510129146e-05,5.012499968870543e-05,3.2400002965005115e-06,0.0,5.012499968870543e-05,0.0,96,False
579,2.1099999685247894e-05,4.8777000301925e-05,3.1219997254083864e-06,0.0,4.8777000301925e-05,0.0,96,False
580,2.073299947369378e-05,4.9233000027015805e-05,3.0900000638212077e-06,0.0,4.9233000027015805e-05,0.0,96,False
581,2.0401999790919945e-05,4.934599928674288e-05,3.1650006349082105e-06,0.0,4.934599928674288e-05,0.0,96,False
582,2.0941999537171796e-05,0.00011723399984475691,3.5920002119382843e-06,0.0,0.00011723399984475691,0.0,96,False
583,2.3409000277752057e-05,5.17270000273129e-05,3.850000211969018e-06,0.0,5.17270000273129e-05,0.0,96,False
584,2.2326999896904454e-05,5.050900017522508e-05,3.5650000427267514e-06,0.0,5.050900017522508e-05,0.0,96,False
585,2.1007000214012805e-05,4.9702999604051e-05,3.7419995351228863e-06,0.0,4.9702999604051e-05,0.0,96,False
586,2.1408000066003297e-05,4.969499968865421e-05,3.508999725454487e-06,0.0,4.969499968865421e-05,0.0,96,False
587,2.1400000150606502e-05,5.00939995617955e-05,3.75400031771278e-06,0.0,5.00939995617955e-05,0.0,96,False
588,2.1218999791017268e-05,5.0239999836776406e-05,3.7800000427523628e-06,0.0,5.0239999836776406e-05,0.0,96,False
589,2.14020001294557e-05,5.121499998494983e-05,3.633000233094208e-06,0.0,5.121499998494983e-05,0.0,96,False
590,2.1735000700573437e-05,5.1095999879180454e-05,3.7200006772764027e-06,0.0,5.1095999879180454e-05,0.0,96,False
591,2.2064000404498074e-05,5.045499983680202e-05,3.881000338878948e-06,0.0,5.045499983680202e-05,0.0,96,False
592,2.220999976998428e-05,5.175000023882603e-05,3.5870007195626386e-06,0.0,5.175000023882603e-05,0.0,96,False
593,2.1256000763969496e-05,5.0874999942607246e-05,3.705000381160062e-06,0.0,5.0874999942607246e-05,0.0,96,False
594,2.199200025643222e-05,7.434400049532996e-05,4.0859995351638645e-06,0.0,7.434400049532996e-05,0.0,96,False
595,2.788199981296202e-05,5.4230000387178734e-05,3.6639994505094364e-06,0.0,5.4230000387178734e-05,0.0,96,False
596,2.183800006605452e-05,5.166999926586868e-05,3.6649998946813866e-06,0.0,5.166999926586868e-05,0.0,96,False
597,2.2031000298738945e-05,5.102299928694265e-05,3.42900057148654e-06,0.0,5.102299928694265e-05,0.0,96,False
598,2.1637999452650547e-05,5.1420999625406694e-05,3.617999936977867e-06,0.0,5.1420999625406694e-05,0.0,96,False
599,2.1349000235204585e-05,5.1155999244656414e-05,3.6620003811549395e-06,0.0,5.1155999244656414e-05,0.0,96,False
600,2.1721999473811593e-05,5.066900030215038e-05,3.755999387067277e-06,0.0,5.066900030215038e-05,0.0,96,False
601,2.1410000044852495e-05,5.0523000027169473e-05,3.647999619715847e-06,0.0,5.0523000027169473e-05,0.0,96,False
602,2.0956999833288137e-05,5.286699979478726e-05,3.7059999158373103e-06,0.0,5.286699979478726e-05,0.0,96,False
603,2.172699987568194e-05,5.20350004080683e-05,3.741000000445638e-06,0.0,5.20350004080683e-05,0.0,96,False
604,2.2059999537304975e-05,5.091499951959122e-05,3.2800007829791866e-06,0.0,5.091499951959122e-05,0.0,96,False
605,2.1236000065982807e-05,5.034700006945059e-05,3.385999661986716e-06,0.0,5.034700006945059e-05,0.0,96,False
606,2.123000012943521e-05,5.0036999709845986e-05,3.2429998100269586e-06,0.0,5.0036999709845986e-05,0.0,96,False
607,2.112499987561023e-05,5.1015999815717805e-05,2.9180000638007186e-06,0.0,5.1015999815717805e-05,0.0,96,False
608,2.1272000594763085e-05,5.060300009063212e-05,3.4880004022852518e-06,0.0,5.060300009063212e-05,0.0,96,False
609,2.2602999706577975e-05,5.296200015436625e-05,3.4810000215657055e-06,0.0,5.296200015436625e-05,0.0,96,False
610,2.2850999812362716e-05,5.3329000365920365e-05,3.3149999580928124e-06,0.0,5.3329000365920365e-05,0.0,96,False
611,2.26419997488847e-05,5.3142000069783535e-05,3.338000169605948e-06,0.0,5.3142000069783535e-05,0.0,96,False
612,2.2173000616021454e-05,5.376299941417528e-05,3.691000529215671e-06,0.0,5.376299941417528e-05,0.0,96,False
613,2.2467000235337764e-05,5.208899983699666e-05,1.6834000234666746e-05,0.0,5.208899983699666e-05,0.0,96,False
614,2.4081000447040424e-05,5.4013000408303924e-05,3.7119998523849063e-06,0.0,5.4013000408303924e-05,0.0,96,False
615,5.040499945607735e-05,7.347299924731487e-05,5.302000317897182e-06,0.0,7.347299924731487e-05,0.0,96,False
616,2.734400004555937e-05,5.6370000493188854e-05,4.152000656176824e-06,0.0,5.6370000493188854e-05,0.0,96,False
617,2.4352999389520846e-05,5.434800004877616e-05,4.0559998524258845e-06,0.0,5.434800004877616e-05,0.0,96,False
618,2.3598999177920632e-05,5.4443999943032395e-05,3.940999704354908e-06,0.0,5.4443999943032395e-05,0.0,96,False
619,2.3550000150862616e-05,5.4192999414226506e-05,3.893999746651389e-06,0.0,5.4192999414226506e-05,0.0,96,False
620,2.3060000785335433e-05,5.317799968906911e-05,3.527999979269225e-06,0.0,5.317799968906911e-05,0.0,96,False
621,2.259499979118118e-05,5.290800072543789e-05,3.2770003599580377e-06,0.0,5.290800072543789e-05,0.0,96,False
622,2.2460999389295466e-05,5.4072999773779884e-05,3.3719998100423254e-06,0.0,5.4072999773779884e-05,0.0,96,False
623,2.2545999854628462e-05,5.328899987944169e-05,3.4899994716397487e-06,0.0,5.328899987944169e-05,0.0,96,False
624,2.2373999854607973e-05,5.3902999752608594e-05,3.551999725459609e-06,0.0,5.3902999752608594e-05,0.0,96,False
625,2.2029000319889747e-05,5.247100034466712e-05,3.338000169605948e-06,0.0,5.247100034466712e-05,0.0,96,False
626,2.173000029870309e-05,5.4025999816076364e-05,3.4149998100474477e-06,0.0,5.4025999816076364e-05,0.0,96,False
627,2.2987999727774877e-05,5.280799996398855e-05,3.27199995808769e-06,0.0,5.280799996398855e-05,0.0,96,False
628,2.2151999473862816e-05,8.5620000390918e-05,3.883999852405395e-06,0.0,8.5620000390918e-05,0.0,96,False
629,2.540399964345852e-05,5.6519999816373456e-05,3.5170005503459834e-06,0.0,5.6519999816373456e-05,0.0,96,False
630,2.3530999897047877e-05,5.566399977396941e-05,4.075999640917871e-06,0.0,5.566399977396941e-05,0.0,96,False
631,2.3679000150877982e-05,5.486000009113923e-05,4.022000211989507e-06,0.0,5.486000009113923e-05,0.0,96,False
632,2.314400080649648e-05,5.638599941448774e-05,3.6530000215861946e-06,0.0,5.638599941448774e-05,0.0,96,False
633,2.413299989711959e-05,5.5095999414334074e-05,3.4539998523541726e-06,0.0,5.5095999414334074e-05,0.0,96,False
634,2.746700010902714e-05,9.300799956690753e-05,4.088000423507765e-06,0.0,9.300799956690753e-05,0.0,96,False
635,2.6822999643627554e-05,5.775299996457761e-05,3.501000719552394e-06,0.0,5.775299996457761e-05,0.0,96,False
636,2.3316999431699514e-05,5.495999994309386e-05,3.4330005291849375e-06,0.0,5.495999994309386e-05,0.0,96,False
637,2.3144999431679025e-05,5.510699975275202e-05,3.499999365885742e-06,0.0,5.510699975275202e-05,0.0,96,False
638,2.2920000446902122e-05,5.639400023937924e-05,3.6110004657530226e-06,0.0,5.639400023937924e-05,0.0,96,False
639,2.3530999897047877e-05,5.60670005143038e-05,3.4510003388277255e-06,0.0,5.60670005143038e-05,0.0,96,False
640,2.2864999664307106e-05,5.445399983727839e-05,3.4970007618539967e-06,0.0,5.445399983727839e-05,0.0,96,False
641,2.3397999939334113e-05,5.5548000091221184e-05,3.551999725459609e-06,0.0,5.5548000091221184e-05,0.0,96,False
642,2.3440000404661987e-05,5.4939999245107174e-05,3.6880001061945222e-06,0.0,5.4939999245107174e-05,0.0,96,False
643,2.264500017190585e-05,5.417900047177682e-05,3.5379998735152185e-06,0.0,5.417900047177682e-05,0.0,96,False
644,2.3257999600900803e-05,5.469700045068748e-05,3.2669995562173426e-06,0.0,5.469700045068748e-05,0.0,96,False
645,2.246999974886421e-05,5.4613999964203686e-05,3.6100000215810724e-06,0.0,5.4613999964203686e-05,0.0,96,False
646,2.2868000087328255e-05,5.5313999837380834e-05,3.627000296546612e-06,0.0,5.5313999837380834e-05,0.0,96,False
647,2.3262000468093902e-05,5.430200053524459e-05,4.374999662104528e-06,0.0,5.430200053524459e-05,0.0,96,False
648,2.3073000193107873e-05,5.491799947776599e-05,3.9930000639287755e-06,0.0,5.491799947776599e-05,0.0,96,False
649,2.3042000066197943e-05,5.4972000725683756e-05,4.024000190838706e-06,0.0,5.4972000725683756e-05,0.0,96,False
650,2.2899999748915434e-05,5.369700011215173e-05,4.036000063933898e-06,0.0,5.369700011215173e-05,0.0,96,False
651,2.2840999918116722e-05,9.911500001180684e-05,6.550999387400225e-06,0.0,9.911500001180684e-05,0.0,96,False
652,2.8184999791847076e-05,5.9981999584124424e-05,4.2279998524463736e-06,0.0,5.9981999584124424e-05,0.0,96,False
653,2.5301000277977437e-05,5.927700021857163e-05,4.213000465824734e-06,0.0,5.927700021857163e-05,0.0,96,False
654,2.5104000087594613e-05,5.8024999816552736e-05,4.18699983129045e-06,0.0,5.8024999816552736e-05,0.0,96,False
655,2.4902999939513393e-05,5.921400043007452e-05,3.9990000004763715e-06,0.0,5.921400043007452e-05,0.0,96,False
656,2.4617999770271126e-05,5.701200007024454e-05,4.071000148542225e-06,0.0,5.701200007024454e-05,0.0,96,False
657,2.4263999875984155e-05,5.748000057792524e-05,4.007999450550415e-06,0.0,5.748000057792524e-05,0.0,96,False
658,2.400799985480262e-05,5.8212000112689566e-05,4.309999894758221e-06,0.0,5.8212000112689566e-05,0.0,96,False
659,2.4959000256785657e-05,5.801399947813479e-05,4.230000740790274e-06,0.0,5.801399947813479e-05,0.0,96,False
660,2.4993999431899283e-05,5.8089000049221795e-05,4.024999725515954e-06,0.0,5.8089000049221795e-05,0.0,96,False
661,2.4943000425992068e-05,5.832399983773939e-05,4.081000042788219e-06,0.0,5.832399983773939e-05,0.0,96,False
662,2.4252000002888963e-05,5.626299935101997e-05,4.241999704390764e-06,0.0,5.626299935101997e-05,0.0,96,False
663,2.385300012974767e-05,5.734099977416918e-05,4.217000423523132e-06,0.0,5.734099977416918e-05,0.0,96,False
664,2.383900027780328e-05,5.702999987988733e-05,4.2279998524463736e-06,0.0,5.702999987988733e-05,0.0,96,False
665,2.3397999939334113e-05,5.753299956268165e-05,4.088999958185013e-06,0.0,5.753299956268165e-05,0.0,96,False
666,2.4094999389490113e-05,5.747500017605489e-05,4.180999894742854e-06,0.0,5.747500017605489e-05,0.0,96,False
667,2.538900025683688e-05,8.168299973476678e-05,4.351999450591393e-06,0.0,8.168299973476678e-05,0.0,96,False
668,2.605700046842685e-05,5.9545000112848356e-05,3.907000063918531e-06,0.0,5.9545000112848356e-05,0.0,96,False
669,2.4791000214463565e-05,6.394999945769086e-05,5.631999556499068e-06,0.0,6.394999945769086e-05,0.0,96,False
670,3.5260000004200265e-05,8.207300015783403e-05,5.642999894917011e-06,0.0,8.207300015783403e-05,0.0,96,False
671,2.5022000045282766e-05,5.869599954166915e-05,4.257000000507105e-06,0.0,5.869599954166915e-05,0.0,96,False
672,2.9507000363082625e-05,5.9094999414810445e-05,4.280999746697489e-06,0.0,5.9094999414810445e-05,0.0,96,False
673,3.312900025775889e-05,5.8306000028096605e-05,3.923999429389369e-06,0.0,5.8306000028096605e-05,0.0,96,False
674,2.4867999854905065e-05,5.876199975318741e-05,3.801999810093548e-06,0.0,5.876199975318741e-05,0.0,96,False
675,2.5105000531766564e-05,5.843300004926277e-05,3.6589999581337906e-06,0.0,5.843300004926277e-05,0.0,96,False
676,2.4298999960592482e-05,5.917899943597149e-05,3.776999619731214e-06,0.0,5.917899943597149e-05,0.0,96,False
677,2.5375999939569738e-05,5.84660001550219e-05,4.1470002543064766e-06,0.0,5.84660001550219e-05,0.0,96,False
678,2.540299919928657e-05,5.879800028196769e-05,3.865000508085359e-06,0.0,5.879800028196769e-05,0.0,96,False
679,2.4807999579934403e-05,5.890200009162072e-05,3.563999598554801e-06,0.0,5.890200009162072e-05,0.0,96,False
680,2.4824000320222694e-05,5.8882000303128734e-05,3.6920000638929196e-06,0.0,5.8882000303128734e-05,0.0,96,False
681,2.4494999706803355e-05,5.949200021859724e-05,3.6310002542450093e-06,0.0,5.949200021859724e-05,0.0,96,False
682,2.4019000193220563e-05,7.508699945901753e-05,4.357999387138989e-06,0.0,7.508699945901753e-05,0.0,96,False
683,3.4006000532826874e-05,6.287900032475591e-05,3.870999535138253e-06,0.0,6.287900032475591e-05,0.0,96,False
684,2.5235999601136427e-05,5.912100004934473e-05,3.6490000638877973e-06,0.0,5.912100004934473e-05,0.0,96,False
685,2.4744999791437294e-05,5.817500004923204e-05,3.564000508049503e-06,0.0,5.817500004923204e-05,0.0,96,False
686,2.4883000151021406e-05,5.783300002804026e-05,3.5980001484858803e-06,0.0,5.783300002804026e-05,0.0,96,False
687,2.4964000658656005e-05,5.839400000695605e-05,3.4570002753753215e-06,0.0,5.839400000695605e-05,0.0,96,False
688,4.328399973019259e-05,6.419100009225076e-05,4.819000423594844e-06,0.0,6.419100009225076e-05,0.0,96,False
689,2.5615000595280435e-05,5.980200057820184e-05,3.9360002119792625e-06,0.0,5.980200057820184e-05,0.0,96,False
690,2.5268000172218308e-05,5.947599947830895e-05,2.0202000087010674e-05,0.0,5.947599947830895e-05,0.0,96,False
691,2.8708999707305338e-05,6.210000083228806e-05,4.169000021647662e-06,0.0,6.210000083228806e-05,0.0,96,False
692,2.5905000256898347e-05,6.182299966894789e-05,4.051999894727487e-06,0.0,6.182299966894789e-05,0.0,96,False
693,2.571400000306312e-05,6.0585000028368086e-05,4.083000021637417e-06,0.0,6.0585000028368086e-05,0.0,96,False
694,2.4957999812613707e-05,5.972500002826564e-05,3.8880007195984945e-06,0.0,5.972500002826564e-05,0.0,96,False
695,2.508000034140423e-05,5.964599949948024e-05,3.819000085059088e-06,0.0,5.964599949948024e-05,0.0,96,False
696,2.5067000024137087e-05,5.9821999457199126e-05,3.821000063908286e-06,0.0,5.9821999457199126e-05,0.0,96,False
697,2.5973999981943052e-05,6.489799943665275e-05,3.741000000445638e-06,0.0,6.489799943665275e-05,0.0,96,False
698,2.479999966453761e-05,5.9779000366688706e-05,3.7599993447656743e-06,0.0,5.9779000366688706e-05,0.0,96,False
699,2.5112000002991408e-05,6.007599949953146e-05,3.929999365936965e-06,0.0,6.007599949953146e-05,0.0,96,False
700,2.518800010875566e-05,9.06550003492157e-05,4.295000508136582e-06,0.0,9.06550003492157e-05,0.0,96,False
701,2.8045000362908468e-05,6.261199996515643e-05,4.078000529261772e-06,0.0,6.261199996515643e-05,0.0,96,False
702,2.573200072220061e-05,5.941699964751024e-05,4.579000233206898e-06,0.0,5.941699964751024e-05,0.0,96,False
703,2.532599955884507e-05,6.02549998802715e-05,4.028000148537103e-06,0.0,6.02549998802715e-05,0.0,96,False
704,2.5037000341399107e-05,6.0491999647638295e-05,3.748000381165184e-06,0.0,6.0491999647638295e-05,0.0,96,False
705,2.507699991838308e-05,5.930699990130961e-05,3.8239995774347335e-06,0.0,5.930699990130961e-05,0.0,96,False
706,2.4463999579893425e-05,5.90859999647364e-05,3.5769999158219434e-06,0.0,5.90859999647364e-05,0.0,96,False
707,2.5285999981861096e-05,5.912500000704313e-05,3.896000634995289e-06,0.0,5.912500000704313e-05,0.0,96,False
708,2.5164000362565275e-05,6.465600017691031e-05,3.9300002754316665e-06,0.0,6.465600017691031e-05,0.0,96,False
709,2.5077000827877782e-05,0.0003450920003160718,9.19600006454857e-06,0.0,0.0003450920003160718,0.0,96,False
710,4.60559995190124e-05,7.869300043239491e-05,5.746999704570044e-06,0.0,7.869300043239491e-05,0.0,96,False
711,3.2517000363441184e-05,7.005499992374098e-05,4.982000064046588e-06,0.0,7.005499992374098e-05,0.0,96,False
712,3.0106999474810436e-05,6.798399954277556e-05,5.570999746851157e-06,0.0,6.798399954277556e-05,0.0,96,False
713,2.9972000447742175e-05,6.879699958517449e-05,5.517999852600042e-06,0.0,6.879699958517449e-05,0.0,96,False
714,2.9369000003498513e-05,0.0001574019997860887,6.344999746943358e-06,0.0,0.0001574019997860887,0.0,96,False
715,3.612800082919421e-05,7.136800013540778e-05,5.27300016983645e-06,0.0,7.136800013540778e-05,0.0,96,False
716,2.987100015161559e-05,6.689700057904702e-05,4.741000338981394e-06,0.0,6.689700057904702e-05,0.0,96,False
717,2.943900017271517e-05,6.634199962718412e-05,5.2819996199104935e-06,0.0,6.634199962718412e-05,0.0,96,False
718,2.872400000342168e-05,6.446499992307508e-05,5.017000148654915e-06,0.0,6.446499992307508e-05,0.0,96,False
719,2.783599938993575e-05,6.255100015550852e-05,4.862999958277214e-06,0.0,6.255100015550852e-05,0.0,96,False
720,2.729500010900665e-05,6.329099960566964e-05,4.7969997467589565e-06,0.0,6.329099960566964e-05,0.0,96,False
721,2.7680000130203553e-05,7.888199979788624e-05,5.121999492985196e-06,0.0,7.888199979788624e-05,0.0,96,False
722,4.0906999856815673e-05,6.948900045244955e-05,4.3280006138957106e-06,0.0,6.948900045244955e-05,0.0,96,False
723,2.8221000320627354e-05,6.532199950015638e-05,4.939999598718714e-06,0.0,6.532199950015638e-05,0.0,96,False
724,2.7271000362816267e-05,6.313499943644274e-05,4.464000085135922e-06,0.0,6.313499943644274e-05,0.0,96,False
725,2.7164000130142085e-05,6.333700002869591e-05,4.064000677317381e-06,0.0,6.333700002869591e-05,0.0,96,False
726,2.67509994955617e-05,6.36710001344909e-05,4.3179998101550154e-06,0.0,6.36710001344909e-05,0.0,96,False
727,2.7877999855263624e-05,6.221199964784319e-05,4.470000021683518e-06,0.0,6.221199964784319e-05,0.0,96,False
728,2.6511000214668456e-05,6.271799975365866e-05,4.613000783137977e-06,0.0,6.271799975365866e-05,0.0,96,False
729,2.7019999834010378e-05,6.233200019778451e-05,4.479000381252263e-06,0.0,6.233200019778451e-05,0.0,96,False
730,4.3603999984043185e-05,7.17959992471151e-05,4.929000169795472e-06,0.0,7.17959992471151e-05,0.0,96,False
731,2.8266999834158923e-05,6.389500049408525e-05,4.407000233186409e-06,0.0,6.389500049408525e-05,0.0,96,False
732,2.7643000066746026e-05,9.156200030702166e-05,6.423999366234057e-06,0.0,9.156200030702166e-05,0.0,96,False
733,3.936099983548047e-05,7.398099933197955e-05,4.843999704462476e-06,0.0,7.398099933197955e-05,0.0,96,False
734,2.9263000214996282e-05,6.473400026152376e-05,4.135999915888533e-06,0.0,6.473400026152376e-05,0.0,96,False
735,2.7797000257123727e-05,6.387600024027051e-05,4.108000211999752e-06,0.0,6.387600024027051e-05,0.0,96,False
736,2.763499924185453e-05,6.336700062092859e-05,3.850000211969018e-06,0.0,6.336700062092859e-05,0.0,96,False
737,2.6446999981999397e-05,8.324700047523947e-05,6.21799972577719e-06,0.0,8.324700047523947e-05,0.0,96,False
738,5.8243000239599496e-05,9.08879992493894e-05,5.0529997679404914e-06,0.0,9.08879992493894e-05,0.0,96,False
739,4.640600036509568e-05,7.272899983945535e-05,4.841000190936029e-06,0.0,7.272899983945535e-05,0.0,96,False
740,2.897000013035722e-05,6.576899977517314e-05,5.2069999583181925e-06,0.0,6.576899977517314e-05,0.0,96,False
741,2.752999989752425e-05,6.411300000763731e-05,4.8730007620179094e-06,0.0,6.411300000763731e-05,0.0,96,False
742,2.693499936867738e-05,6.295299954217626e-05,4.663000254367944e-06,0.0,6.295299954217626e-05,0.0,96,False
743,2.6792000426212326e-05,6.275600026128814e-05,4.687999535235576e-06,0.0,6.275600026128814e-05,0.0,96,False
744,2.734200006671017e-05,6.314799975370988e-05,4.6279992602649145e-06,0.0,6.314799975370988e-05,0.0,96,False
745,2.6491999960853718e-05,7.596500017825747e-05,5.110999154567253e-06,0.0,7.596500017825747e-05,0.0,96,False
746,2.898900038417196e-05,6.484799996542279e-05,4.718000127468258e-06,0.0,6.484799996542279e-05,0.0,96,False
747,2.768600006675115e-05,6.308400043053553e-05,4.438000360096339e-06,0.0,6.308400043053553e-05,0.0,96,False
748,2.742200013017282e-05,6.419099918275606e-05,4.455999260244425e-06,0.0,6.419099918275606e-05,0.0,96,False
749,2.7811999643745366e-05,6.268299966905033e-05,4.46399917564122e-06,0.0,6.268299966905033e-05,0.0,96,False
750,2.6898000214714557e-05,6.177100021886872e-05,4.415999683260452e-06,0.0,6.177100021886872e-05,0.0,96,False
751,2.6941999749396928e-05,6.233300064195646e-05,3.895999725500587e-06,0.0,6.233300064195646e-05,0.0,96,False
752,2.627200046845246e-05,6.152800051495433e-05,4.118999640922993e-06,0.0,6.152800051495433e-05,0.0,96,False
753,2.6529000024311244e-05,8.450199948129011e-05,4.6410004870267585e-06,0.0,8.450199948129011e-05,0.0,96,False
754,3.0124000659270678e-05,6.509500053653028e-05,4.494000677368604e-06,0.0,6.509500053653028e-05,0.0,96,False
755,2.7065999347541947e-05,6.212400057847844e-05,4.706000254373066e-06,0.0,6.212400057847844e-05,0.0,96,False
756,2.6654000066628214e-05,6.236199988052249e-05,4.506000550463796e-06,0.0,6.236199988052249e-05,0.0,96,False
757,2.6595000235829502e-05,6.511599985969951e-05,6.977000339247752e-06,0.0,6.511599985969951e-05,0.0,96,False
758,5.065200002718484e-05,7.394200019916752e-05,4.8460005928063765e-06,0.0,7.394200019916752e-05,0.0,96,False
759,2.8371000553306658e-05,6.475000009231735e-05,4.62200023321202e-06,0.0,6.475000009231735e-05,0.0,96,False
760,2.672299979167292e-05,6.197199945745524e-05,4.330000592744909e-06,0.0,6.197199945745524e-05,0.0,96,False
761,2.681299974938156e-05,9.154099916486302e-05,6.371000381477643e-06,0.0,9.154099916486302e-05,0.0,96,False
762,3.7042999792902265e-05,7.160100085457088e-05,4.783999429491814e-06,0.0,7.160100085457088e-05,0.0,96,False
763,2.8432000362954568e-05,6.388899964804295e-05,4.074000571563374e-06,0.0,6.388899964804295e-05,0.0,96,False
764,2.6837000405066647e-05,6.260499958443688e-05,4.524000360106584e-06,0.0,6.260499958443688e-05,0.0,96,False
765,2.686199968593428e-05,6.43679995846469e-05,4.612999873643275e-06,0.0,6.43679995846469e-05,0.0,96,False
766,2.8602999918803107e-05,6.996999945840798e-05,4.645999979402404e-06,0.0,6.996999945840798e-05,0.0,96,False
767,2.9046000236121472e-05,6.97030000083032e-05,2.7210000553168356e-05,0.0,6.97030000083032e-05,0.0,96,False
768,3.2810000448080245e-05,7.511999956477666e-05,5.586000042967498e-06,0.0,7.511999956477666e-05,0.0,96,False
769,2.982299974974012e-05,8.108600013656542e-05,5.077000423625577e-06,0.0,8.108600013656542e-05,0.0,96,False
770,3.2099000236485153e-05,7.418199948006077e-05,5.94100038142642e-06,0.0,7.418199948006077e-05,0.0,96,False
771,4.030299987789476e-05,6.271900019783061e-05,4.780999915965367e-06,0.0,6.271900019783061e-05,0.0,96,False
772,2.673800008778926e-05,6.112800019764109e-05,4.692999937105924e-06,0.0,6.112800019764109e-05,0.0,96,False
773,2.6694999178289436e-05,6.116299937275471e-05,4.434000402397942e-06,0.0,6.116299937275471e-05,0.0,96,False
774,2.7161000616615638e-05,6.16409997746814e-05,4.208999598631635e-06,0.0,6.16409997746814e-05,0.0,96,False
775,2.6058000003104098e-05,6.077599937270861e-05,4.009000804217067e-06,0.0,6.077599937270861e-05,0.0,96,False
776,2.541599951655371e-05,6.066100013413234e-05,3.9990000004763715e-06,0.0,6.066100013413234e-05,0.0,96,False
777,2.5672999981907196e-05,7.380300030490616e-05,4.2789997678482905e-06,0.0,7.380300030490616e-05,0.0,96,False
778,2.771500021481188e-05,6.32680003036512e-05,3.729000127350446e-06,0.0,6.32680003036512e-05,0.0,96,False
779,2.5878999622364063e-05,6.090100032452028e-05,3.827000000455882e-06,0.0,6.090100032452028e-05,0.0,96,False
780,2.5352000193379354e-05,6.0848999964946415e-05,3.719999767781701e-06,0.0,6.0848999964946415e-05,0.0,96,False
781,2.5710000045364723e-05,0.0001776409999365569,5.128999873704743e-06,0.0,0.0001776409999365569,0.0,96,False
782,3.20290000672685e-05,6.619499981752597e-05,4.177999471721705e-06,0.0,6.619499981752597e-05,0.0,96,False
783,2.7121000130136963e-05,6.256100004975451e-05,4.01800025429111e-06,0.0,6.256100004975451e-05,0.0,96,False
784,2.6529000024311244e-05,6.115500036685262e-05,3.934999767807312e-06,0.0,6.115500036685262e-05,0.0,96,False
785,2.5950999770429917e-05,6.07940000918461e-05,3.803999788942747e-06,0.0,6.07940000918461e-05,0.0,96,False
786,2.6065000383823644e-05,6.129900066298433e-05,3.8869993659318425e-06,0.0,6.129900066298433e-05,0.0,96,False
787,2.616300025692908e-05,6.091500017646467e-05,3.825000021606684e-06,0.0,6.091500017646467e-05,0.0,96,False
788,2.6452000383869745e-05,6.050200045137899e-05,3.803999788942747e-06,0.0,6.050200045137899e-05,0.0,96,False
789,2.6312000045436434e-05,7.245699998748023e-05,4.503000127442647e-06,0.0,7.245699998748023e-05,0.0,96,False
790,3.627800015237881e-05,6.402400049410062e-05,3.883999852405395e-06,0.0,6.402400049410062e-05,0.0,96,False
791,2.6839999918593094e-05,6.04799997745431e-05,3.75299987354083e-06,0.0,6.04799997745431e-05,0.0,96,False
792,2.5583999558875803e-05,5.8958000408892985e-05,3.789999936998356e-06,0.0,5.8958000408892985e-05,0.0,96,False
793,2.4820999897201546e-05,5.845599935128121e-05,4.581000212056097e-06,0.0,5.845599935128121e-05,0.0,96,False
794,2.5385000299138483e-05,5.9731999499490485e-05,4.4600001274375245e-06,0.0,5.9731999499490485e-05,0.0,96,False
795,2.4357000256713945e-05,5.958499968983233e-05,4.31300031777937e-06,0.0,5.958499968983233e-05,0.0,96,False
796,2.5037000341399107e-05,6.067099911888363e-05,3.7629997677868232e-06,0.0,6.067099911888363e-05,0.0,96,False
797,2.5134000679827295e-05,5.90090003242949e-05,3.6819992601522245e-06,0.0,5.90090003242949e-05,0.0,96,False
798,2.498300000297604e-05,7.752300007268786e-05,4.390999492898118e-06,0.0,7.752300007268786e-05,0.0,96,False
799,3.146899962302996e-05,6.268000015552389e-05,3.719999767781701e-06,0.0,6.268000015552389e-05,0.0,96,False
800,2.58210002357373e-05,6.0275000578258187e-05,3.907999598595779e-06,0.0,6.0275000578258187e-05,0.0,96,False
801,2.5645999812695663e-05,5.8679000176198315e-05,4.446999810170382e-06,0.0,5.8679000176198315e-05,0.0,96,False
802,2.5133999770332593e-05,5.8896000155073125e-05,4.325000190874562e-06,0.0,5.8896000155073125e-05,0.0,96,False
803,2.5208999431924894e-05,5.8007999541587196e-05,4.149000233155675e-06,0.0,5.8007999541587196e-05,0.0,96,False
804,2.470700019330252e-05,5.983400023978902e-05,4.1740004235180095e-06,0.0,5.983400023978902e-05,0.0,96,False
805,3.041499985556584e-05,5.797599988000002e-05,1.342899940937059e-05,0.0,5.797599988000002e-05,0.0,96,False
806,2.533899987611221e-05,5.865499952051323e-05,4.362000254332088e-06,0.0,5.865499952051323e-05,0.0,96,False
807,2.5661000108812004e-05,8.609399992565159e-05,4.944000465911813e-06,0.0,8.609399992565159e-05,0.0,96,False
808,2.763900010904763e-05,6.159099939395674e-05,4.610999894794077e-06,0.0,6.159099939395674e-05,0.0,96,False
809,2.5877999178192113e-05,6.061400017642882e-05,4.556999556371011e-06,0.0,6.061400017642882e-05,0.0,96,False
810,2.468799993948778e-05,5.915400015510386e-05,4.0380000427830964e-06,0.0,5.915400015510386e-05,0.0,96,False
811,2.5268999706895556e-05,5.8760000683832914e-05,4.01800025429111e-06,0.0,5.8760000683832914e-05,0.0,96,False
812,2.493600004527252e-05,5.9720000535889994e-05,4.149999767832924e-06,0.0,5.9720000535889994e-05,0.0,96,False
813,2.577299983386183e-05,5.958299971098313e-05,4.229999831295572e-06,0.0,5.958299971098313e-05,0.0,96,False
814,2.5848999939626083e-05,6.0510000366775785e-05,4.544999683275819e-06,0.0,6.0510000366775785e-05,0.0,96,False
815,2.611599938973086e-05,5.958499968983233e-05,4.315999831305817e-06,0.0,5.958499968983233e-05,0.0,96,False
816,2.5134000679827295e-05,8.63939994815155e-05,4.65199991595e-06,0.0,8.63939994815155e-05,0.0,96,False
817,2.6944000637740828e-05,6.101700000726851e-05,4.255999556335155e-06,0.0,6.101700000726851e-05,0.0,96,False
818,2.517000029911287e-05,5.9092999435961246e-05,4.005999471701216e-06,0.0,5.9092999435961246e-05,0.0,96,False
819,2.5299000299128238e-05,5.822700040880591e-05,3.6949995774193667e-06,0.0,5.822700040880591e-05,0.0,96,False
820,2.5227000151062384e-05,5.975299973215442e-05,3.7609997889376245e-06,0.0,5.975299973215442e-05,0.0,96,False
821,2.523600051063113e-05,5.982200036669383e-05,4.489000275498256e-06,0.0,5.982200036669383e-05,0.0,96,False
822,2.4843000574037433e-05,5.9022000641562045e-05,3.6370001907926053e-06,0.0,5.9022000641562045e-05,0.0,96,False
823,2.371199934714241e-05,5.7301000197185203e-05,3.944000127376057e-06,0.0,5.7301000197185203e-05,0.0,96,False
824,2.4573000700911507e-05,5.741699987993343e-05,3.725999704329297e-06,0.0,5.741699987993343e-05,0.0,96,False
825,2.4478000341332518e-05,8.072400032688165e-05,4.007999450550415e-06,0.0,8.072400032688165e-05,0.0,96,False
826,2.611699983390281e-05,5.9189000239712186e-05,3.7339996197260916e-06,0.0,5.9189000239712186e-05,0.0,96,False
827,2.49679997068597e-05,7.362499945884338e-05,4.628000169759616e-06,0.0,7.362499945884338e-05,0.0,96,False
828,2.870700063795084e-05,6.196200047270395e-05,3.989000106230378e-06,0.0,6.196200047270395e-05,0.0,96,False
829,2.549700002418831e-05,5.899900043004891e-05,3.8479993236251175e-06,0.0,5.899900043004891e-05,0.0,96,False
830,2.490699989721179e-05,5.8845999774348456e-05,3.5200000638724305e-06,0.0,5.8845999774348456e-05,0.0,96,False
831,2.5258000277972315e-05,5.983000028209062e-05,3.555000148480758e-06,0.0,5.983000028209062e-05,0.0,96,False
832,2.4345000383618753e-05,5.8196999816573225e-05,4.378000085125677e-06,0.0,5.8196999816573225e-05,0.0,96,False
833,2.4632999156892765e-05,5.7406999985687435e-05,4.231999810144771e-06,0.0,5.7406999985687435e-05,0.0,96,False
834,2.3459000658476725e-05,6.731499979650835e-05,4.482000804273412e-06,0.0,6.731499979650835e-05,0.0,96,False
835,2.6869000066653825e-05,5.9701000282075256e-05,4.417999662109651e-06,0.0,5.9701000282075256e-05,0.0,96,False
836,2.498399953765329e-05,5.953999971097801e-05,4.083999556314666e-06,0.0,5.953999971097801e-05,0.0,96,False
837,2.5077000827877782e-05,5.8489999901212286e-05,4.222999450576026e-06,0.0,5.8489999901212286e-05,0.0,96,False
838,2.4881999706849456e-05,5.8399000408826396e-05,3.7479994716704823e-06,0.0,5.8399000408826396e-05,0.0,96,False
839,2.490499991836259e-05,6.124900028225966e-05,4.145000275457278e-06,0.0,6.124900028225966e-05,0.0,96,False
840,2.5529999220452737e-05,5.6566999774076976e-05,4.069999704370275e-06,0.0,5.6566999774076976e-05,0.0,96,False
841,2.377800046815537e-05,6.15010003457428e-05,4.098999852431007e-06,0.0,6.15010003457428e-05,0.0,96,False
842,2.5194999579980504e-05,6.650199975410942e-05,4.059000275447033e-06,0.0,6.650199975410942e-05,0.0,96,False
843,9.636499999032822e-05,7.265600015671225e-05,4.561999958241358e-06,0.0,7.265600015671225e-05,0.0,96,False
844,2.840000070136739e-05,6.07170004514046e-05,2.268800017191097e-05,0.0,6.07170004514046e-05,0.0,96,False
845,2.772799962258432e-05,5.9840999711013865e-05,4.102999810129404e-06,0.0,5.9840999711013865e-05,0.0,96,False
846,2.5008000193338376e-05,6.0246000430197455e-05,4.065000211994629e-06,0.0,6.0246000430197455e-05,0.0,96,False
847,2.4965000193333253e-05,5.949000023974804e-05,3.7950003388687037e-06,0.0,5.949000023974804e-05,0.0,96,False
848,2.4601999939477537e-05,5.726200015487848e-05,3.551999725459609e-06,0.0,5.726200015487848e-05,0.0,96,False
849,2.5149999601126183e-05,5.870000040886225e-05,3.721000211953651e-06,0.0,5.870000040886225e-05,0.0,96,False
850,2.4378000489377882e-05,5.819099988002563e-05,3.7939998946967535e-06,0.0,5.819099988002563e-05,0.0,96,False
851,2.4110000595101155e-05,6.841400045232149e-05,3.979000211984385e-06,0.0,6.841400045232149e-05,0.0,96,False
852,6.919400038896129e-05,6.426500021916581e-05,4.1740004235180095e-06,0.0,6.426500021916581e-05,0.0,96,False
853,2.5796999580052216e-05,0.00021717999970860546,6.383000254572835e-06,0.0,0.00021717999970860546,0.0,96,False
854,3.9045999983500224e-05,6.835700060037198e-05,4.255999556335155e-06,0.0,6.835700060037198e-05,0.0,96,False
855,2.7052000405092258e-05,6.051399941497948e-05,3.918999937013723e-06,0.0,6.051399941497948e-05,0.0,96,False
856,2.4961000235634856e-05,5.972800045128679e-05,3.584999831218738e-06,0.0,5.972800045128679e-05,0.0,96,False
857,2.55129998549819e-05,5.7887999901140574e-05,3.5829998523695394e-06,0.0,5.7887999901140574e-05,0.0,96,False
858,2.4762000066402834e-05,6.031399971107021e-05,4.548999640974216e-06,0.0,6.031399971107021e-05,0.0,96,False
859,2.4468999981763773e-05,5.64500005566515e-05,4.5349997890298255e-06,0.0,5.64500005566515e-05,0.0,96,False
860,2.400699941063067e-05,5.6539000070188195e-05,4.26600036007585e-06,0.0,5.6539000070188195e-05,0.0,96,False
861,2.4306999875989277e-05,5.614499968942255e-05,4.2849997043958865e-06,0.0,5.614499968942255e-05,0.0,96,False
862,2.3675000193179585e-05,0.00013038900033279788,4.338799953984562e-05,0.0,0.00013038900033279788,0.0,96,False
863,9.942799988493789e-05,0.00016629300080239773,8.73200042406097e-06,0.0,0.00016629300080239773,0.0,96,False
864,5.923099979554536e-05,9.35159996515722e-05,6.221000148798339e-06,0.0,9.35159996515722e-05,0.0,96,False
865,3.75300005543977e-05,0.00014182999984768685,8.130999958666507e-06,0.0,0.00014182999984768685,0.0,96,False
866,4.538299981504679e-05,7.716200070717605e-05,5.547000000660773e-06,0.0,7.716200070717605e-05,0.0,96,False
867,3.239499983465066e-05,0.00011459699999250006,6.504999873868655e-06,0.0,0.00011459699999250006,0.0,96,False
868,5.295200026012026e-05,7.299499975488288e-05,5.4929996622377075e-06,0.0,7.299499975488288e-05,0.0,96,False
869,3.051899966521887e-05,6.490599935204955e-05,5.098000656289514e-06,0.0,6.490599935204955e-05,0.0,96,False
870,2.7533999855222646e-05,6.22589996055467e-05,4.622999767889269e-06,0.0,6.22589996055467e-05,0.0,96,False
871,2.693599981284933e-05,6.0741999732272234e-05,4.567999894788954e-06,0.0,6.0741999732272234e-05,0.0,96,False
872,2.5825999728112947e-05,6.035000023985049e-05,4.6889999794075266e-06,0.0,6.035000023985049e-05,0.0,96,False
873,2.5182999706885312e-05,5.8429000091564376e-05,4.471000465855468e-06,0.0,5.8429000091564376e-05,0.0,96,False
874,2.3996999516384676e-05,5.6829999266483355e-05,4.2649999159039e-06,0.0,5.6829999266483355e-05,0.0,96,False
875,2.479700015101116e-05,5.6818999837560114e-05,4.257000000507105e-06,0.0,5.6818999837560114e-05,0.0,96,False
876,2.441300057398621e-05,5.721399975300301e-05,4.004000402346719e-06,0.0,5.721399975300301e-05,0.0,96,False
877,2.386800042586401e-05,5.651900028169621e-05,4.535000698524527e-06,0.0,5.651900028169621e-05,0.0,96,False
878,2.3622999833605718e-05,5.654500000673579e-05,4.071000148542225e-06,0.0,5.654500000673579e-05,0.0,96,False
879,2.3472000066249166e-05,9.730700003274251e-05,7.687000106670894e-06,0.0,9.730700003274251e-05,0.0,96,False
880,3.75340005120961e-05,0.00010365100024500862,4.83799976791488e-06,0.0,0.00010365100024500862,0.0,96,False
881,3.022599958057981e-05,6.200700045155827e-05,4.002999958174769e-06,0.0,6.200700045155827e-05,0.0,96,False
882,2.616500023577828e-05,5.874399994354462e-05,4.438999894773588e-06,0.0,5.874399994354462e-05,0.0,96,False
883,2.4846999622241128e-05,5.676099954143865e-05,4.535999323707074e-06,0.0,5.676099954143865e-05,0.0,96,False
884,2.4640000447107013e-05,6.0598999880312476e-05,3.953000486944802e-06,0.0,6.0598999880312476e-05,0.0,96,False
885,2.526099979149876e-05,5.6538000535510946e-05,4.2399997255415656e-06,0.0,5.6538000535510946e-05,0.0,96,False
886,2.316900008736411e-05,5.516800047189463e-05,3.543000275385566e-06,0.0,5.516800047189463e-05,0.0,96,False
887,2.3100000362319406e-05,5.597300059889676e-05,4.008999894722365e-06,0.0,5.597300059889676e-05,0.0,96,False
888,2.2934000298846513e-05,5.466999937198125e-05,3.991000085079577e-06,0.0,5.466999937198125e-05,0.0,96,False
889,2.3532999875897076e-05,0.00015512299978581723,4.478999471757561e-06,0.0,0.00015512299978581723,0.0,96,False
890,5.3464999837160576e-05,7.070699939504266e-05,5.964999218122102e-06,0.0,7.070699939504266e-05,0.0,96,False
891,2.6804999833984766e-05,5.9224000324320514e-05,4.630000148608815e-06,0.0,5.9224000324320514e-05,0.0,96,False
892,2.4981000024126843e-05,8.99560000107158e-05,5.452999175759032e-06,0.0,8.99560000107158e-05,0.0,96,False
893,3.311199998279335e-05,6.423400009225588e-05,4.498000635067001e-06,0.0,6.423400009225588e-05,0.0,96,False
894,2.574500012997305e-05,5.887000043003354e-05,4.3299996832502075e-06,0.0,5.887000043003354e-05,0.0,96,False
895,2.4058999770204537e-05,5.6711000070208684e-05,3.6920000638929196e-06,0.0,5.6711000070208684e-05,0.0,96,False
896,2.340500032005366e-05,5.6693999795243144e-05,3.6100000215810724e-06,0.0,5.6693999795243144e-05,0.0,96,False
897,2.4623000172141474e-05,5.6105000112438574e-05,4.128000000491738e-06,0.0,5.6105000112438574e-05,0.0,96,False
898,2.4042999939410947e-05,5.5282000175793655e-05,3.979999746661633e-06,0.0,5.5282000175793655e-05,0.0,96,False
899,2.3999000404728577e-05,5.5978999625949655e-05,3.5620005292003043e-06,0.0,5.5978999625949655e-05,0.0,96,False
900,2.371199934714241e-05,5.599999985861359e-05,3.7160007195780054e-06,0.0,5.599999985861359e-05,0.0,96,False
901,2.3533999410574324e-05,6.429800032492494e-05,3.5690000004251488e-06,0.0,6.429800032492494e-05,0.0,96,False
902,2.380800015089335e-05,6.814500011387281e-05,3.6230003388482146e-06,0.0,6.814500011387281e-05,0.0,96,False
903,2.4348000806639902e-05,5.66849994356744e-05,3.706000825332012e-06,0.0,5.66849994356744e-05,0.0,96,False
904,2.3491000320063904e-05,5.639499977405649e-05,3.5390003176871687e-06,0.0,5.639499977405649e-05,0.0,96,False
905,2.3784999939380214e-05,5.523999971046578e-05,3.4899994716397487e-06,0.0,5.523999971046578e-05,0.0,96,False
906,2.3846999283705372e-05,5.519699971046066e-05,3.4690001484705135e-06,0.0,5.519699971046066e-05,0.0,96,False
907,2.374700034124544e-05,5.664000036631478e-05,3.4630002119229175e-06,0.0,5.664000036631478e-05,0.0,96,False
908,2.36489995586453e-05,5.645500004902715e-05,3.441000444581732e-06,0.0,5.645500004902715e-05,0.0,96,False
909,2.4189000214391854e-05,5.565499941440066e-05,3.6709998312289827e-06,0.0,5.565499941440066e-05,0.0,96,False
910,2.325000059499871e-05,5.628100007015746e-05,3.2830002965056337e-06,0.0,5.628100007015746e-05,0.0,96,False
911,2.4429999939457048e-05,8.70080002641771e-05,3.9060005292412825e-06,0.0,8.70080002641771e-05,0.0,96,False
912,2.6221000553050544e-05,5.938599952060031e-05,4.038999577460345e-06,0.0,5.938599952060031e-05,0.0,96,False
913,2.4700000722077675e-05,5.675699958374025e-05,3.690000085043721e-06,0.0,5.675699958374025e-05,0.0,96,False
914,2.391299949522363e-05,5.642599990096642e-05,3.4899994716397487e-06,0.0,5.642599990096642e-05,0.0,96,False
915,2.3843999770178925e-05,5.695400068361778e-05,3.565999577404e-06,0.0,5.695400068361778e-05,0.0,96,False
916,2.3441999474016484e-05,5.6862999372242484e-05,4.134999471716583e-06,0.0,5.6862999372242484e-05,0.0,96,False
917,2.4197999664465897e-05,5.651299943565391e-05,4.0049999370239675e-06,0.0,5.651299943565391e-05,0.0,96,False
918,2.3843000235501677e-05,5.505300032382365e-05,4.003999492852017e-06,0.0,5.505300032382365e-05,0.0,96,False
919,2.3794999833626207e-05,5.5575999795109965e-05,4.036000063933898e-06,0.0,5.5575999795109965e-05,0.0,96,False
920,2.3890000193205196e-05,5.501300074683968e-05,3.866000042762607e-06,0.0,5.501300074683968e-05,0.0,96,False
921,2.3267999495146796e-05,5.5048999456630554e-05,2.4107999706757255e-05,0.0,5.5048999456630554e-05,0.0,96,False
922,2.7282999326416757e-05,9.106000015890459e-05,6.264000148803461e-06,0.0,9.106000015890459e-05,0.0,96,False
923,3.053899945371086e-05,6.0849999499623664e-05,4.6949999159551226e-06,0.0,6.0849999499623664e-05,0.0,96,False
924,2.6097000045410823e-05,6.125100026110886e-05,4.864999937126413e-06,0.0,6.125100026110886e-05,0.0,96,False
925,2.4850000045262277e-05,5.590100045083091e-05,4.128000000491738e-06,0.0,5.590100045083091e-05,0.0,96,False
926,2.37239992202376e-05,5.6645999393367674e-05,4.2669998947530985e-06,0.0,5.6645999393367674e-05,0.0,96,False
927,2.413299989711959e-05,5.530799990083324e-05,4.050999450555537e-06,0.0,5.530799990083324e-05,0.0,96,False
928,2.38860002355068e-05,5.491799947776599e-05,3.8299995139823295e-06,0.0,5.491799947776599e-05,0.0,96,False
929,2.282799960084958e-05,8.619100026407978e-05,5.940999471931718e-06,0.0,8.619100026407978e-05,0.0,96,False
930,3.495700002531521e-05,6.569800007127924e-05,4.6020004447200336e-06,0.0,6.569800007127924e-05,0.0,96,False
931,2.687800042622257e-05,5.894399964745389e-05,4.376000106276479e-06,0.0,5.894399964745389e-05,0.0,96,False
932,2.484800006641308e-05,5.7406999985687435e-05,4.393000381242018e-06,0.0,5.7406999985687435e-05,0.0,96,False
933,2.5828000616456848e-05,5.6163999943237286e-05,4.028000148537103e-06,0.0,5.6163999943237286e-05,0.0,96,False
934,2.441100059513701e-05,5.575399973167805e-05,3.974000719608739e-06,0.0,5.575399973167805e-05,0.0,96,False
935,2.3804000193194952e-05,5.5424000493076164e-05,3.823000042757485e-06,0.0,5.5424000493076164e-05,0.0,96,False
936,2.3237999812408816e-05,5.4835000810271595e-05,4.041000465804245e-06,0.0,5.4835000810271595e-05,0.0,96,False
937,5.426799998531351e-05,6.129499979579123e-05,4.3209993236814626e-06,0.0,6.129499979579123e-05,0.0,96,False
938,2.4468000447086524e-05,5.6739999308774713e-05,3.979999746661633e-06,0.0,5.6739999308774713e-05,0.0,96,False
939,2.9137000638002064e-05,5.566800064116251e-05,3.903999640897382e-06,0.0,5.566800064116251e-05,0.0,96,False
940,3.593400015233783e-05,5.608600076811854e-05,4.022000211989507e-06,0.0,5.608600076811854e-05,0.0,96,False
941,2.4091000341286417e-05,5.541400059883017e-05,4.051000360050239e-06,0.0,5.541400059883017e-05,0.0,96,False
942,2.35719999182038e-05,5.48250000065309e-05,4.002999958174769e-06,0.0,5.48250000065309e-05,0.0,96,False
943,2.3382000108540524e-05,5.437399977381574e-05,3.7909994716756046e-06,0.0,5.437399977381574e-05,0.0,96,False
944,2.292299996042857e-05,5.488799979502801e-05,3.821000063908286e-06,0.0,5.488799979502801e-05,0.0,96,False
945,2.329600010853028e-05,5.393899937189417e-05,3.848000233119819e-06,0.0,5.393899937189417e-05,0.0,96,False
946,2.2515000637213234e-05,5.3671000387112144e-05,3.973999810114037e-06,0.0,5.3671000387112144e-05,0.0,96,False
947,2.275200040458003e-05,5.449399941426236e-05,3.7219997466308996e-06,0.0,5.449399941426236e-05,0.0,96,False
948,2.3070999304763973e-05,5.4952999562374316e-05,3.6350002119434066e-06,0.0,5.4952999562374316e-05,0.0,96,False
949,2.3331999727815855e-05,5.445700026029954e-05,3.479000042716507e-06,0.0,5.445700026029954e-05,0.0,96,False
950,2.3249999685504008e-05,5.48210000488325e-05,3.372999344719574e-06,0.0,5.48210000488325e-05,0.0,96,False
951,2.3037000573822297e-05,5.49750002392102e-05,3.4000004234258085e-06,0.0,5.49750002392102e-05,0.0,96,False
952,2.3226999473990873e-05,5.4552999245061073e-05,3.859000571537763e-06,0.0,5.4552999245061073e-05,0.0,96,False
953,2.2951000573812053e-05,5.436199990072055e-05,4.040000021632295e-06,0.0,5.436199990072055e-05,0.0,96,False
954,2.2939999325899407e-05,5.5111000619945116e-05,4.089999492862262e-06,0.0,5.5111000619945116e-05,0.0,96,False
955,2.3335999685514253e-05,5.3905000640952494e-05,3.4960003176820464e-06,0.0,5.3905000640952494e-05,0.0,96,False
956,2.2631999854638707e-05,8.143400009430479e-05,3.86200008506421e-06,0.0,8.143400009430479e-05,0.0,96,False
957,2.4661999304953497e-05,5.505300032382365e-05,3.50700065609999e-06,0.0,5.505300032382365e-05,0.0,96,False
958,2.279700038343435e-05,5.507100013346644e-05,3.336999725433998e-06,0.0,5.507100013346644e-05,0.0,96,False
959,2.27210002776701e-05,5.370899998524692e-05,3.441000444581732e-06,0.0,5.370899998524692e-05,0.0,96,False
960,2.232100086985156e-05,5.400700047175633e-05,3.3790001907618716e-06,0.0,5.400700047175633e-05,0.0,96,False
961,2.2696999621985015e-05,5.3034000302432105e-05,3.3419992178096436e-06,0.0,5.3034000302432105e-05,0.0,96,False
962,2.2052000531402882e-05,5.2818000767729245e-05,3.37999972543912e-06,0.0,5.2818000767729245e-05,0.0,96,False
963,2.2420000277634244e-05,5.290500030241674e-05,3.3819997042883188e-06,0.0,5.290500030241674e-05,0.0,96,False
964,2.1642000319843646e-05,5.3667999964090995e-05,3.5049997677560896e-06,0.0,5.3667999964090995e-05,0.0,96,False
965,2.2477999664261006e-05,5.368799975258298e-05,3.3790001907618716e-06,0.0,5.368799975258298e-05,0.0,96,False
966,2.235000010841759e-05,5.3019000006315764e-05,3.2830002965056337e-06,0.0,5.3019000006315764e-05,0.0,96,False
967,2.2469000214186963e-05,5.304500064085005e-05,3.832999937003478e-06,0.0,5.304500064085005e-05,0.0,96,False
968,2.2383000214176718e-05,5.3326999477576464e-05,3.893999746651389e-06,0.0,5.3326999477576464e-05,0.0,96,False
969,2.25650001084432e-05,5.2708000112033915e-05,3.8509997466462664e-06,0.0,5.2708000112033915e-05,0.0,96,False
970,2.2924999939277768e-05,5.272499947750475e-05,3.6589999581337906e-06,0.0,5.272499947750475e-05,0.0,96,False
971,2.2573999558517244e-05,5.314699956215918e-05,3.932999788958114e-06,0.0,5.314699956215918e-05,0.0,96,False
972,2.1965000087220687e-05,5.255900032352656e-05,3.860000106215011e-06,0.0,5.255900032352656e-05,0.0,96,False
973,2.1656000171788037e-05,5.096400036563864e-05,3.5840002965414897e-06,0.0,5.096400036563864e-05,0.0,96,False
974,2.1370000467868522e-05,5.092899937153561e-05,3.608999577409122e-06,0.0,5.092899937153561e-05,0.0,96,False
975,2.1801000002596993e-05,5.169399992155377e-05,3.504000233078841e-06,0.0,5.169399992155377e-05,0.0,96,False
976,2.170000061596511e-05,6.922000011400087e-05,4.288000127417035e-06,0.0,6.922000011400087e-05,0.0,96,False
977,2.820899953803746e-05,5.62270006412291e-05,3.865000508085359e-06,0.0,5.62270006412291e-05,0.0,96,False
978,2.2913000066182576e-05,5.337200036592549e-05,3.908000508090481e-06,0.0,5.337200036592549e-05,0.0,96,False
979,2.2588999854633585e-05,5.295099981594831e-05,3.963999915868044e-06,0.0,5.295099981594831e-05,0.0,96,False
980,2.6237999918521382e-05,5.366100049286615e-05,3.934999767807312e-06,0.0,5.366100049286615e-05,0.0,96,False
981,2.9431000257318374e-05,5.257299926597625e-05,3.6940000427421182e-06,0.0,5.257299926597625e-05,0.0,96,False
982,2.2267000531428494e-05,5.317599971021991e-05,3.875000402331352e-06,0.0,5.317599971021991e-05,0.0,96,False
983,2.203999974881299e-05,5.2114000027359e-05,3.7689997043344192e-06,0.0,5.2114000027359e-05,0.0,96,False
984,3.810799989878433e-05,5.7066000408667605e-05,4.131999958190136e-06,0.0,5.7066000408667605e-05,0.0,96,False
985,2.2975999854679685e-05,5.309999960445566e-05,3.7400004657683894e-06,0.0,5.309999960445566e-05,0.0,96,False
986,2.1880000531382393e-05,0.000333474000399292,6.336999831546564e-06,0.0,0.000333474000399292,0.0,96,False
987,3.181299962307094e-05,5.975299973215442e-05,4.26600036007585e-06,0.0,5.975299973215442e-05,0.0,96,False
988,2.4359000235563144e-05,5.532399973162683e-05,3.907000063918531e-06,0.0,5.532399973162683e-05,0.0,96,False
989,2.3397000404656865e-05,5.413899998529814e-05,4.022000211989507e-06,0.0,5.413899998529814e-05,0.0,96,False
990,2.388299981248565e-05,5.412900009105215e-05,3.781000486924313e-06,0.0,5.412900009105215e-05,0.0,96,False
991,2.262799989694031e-05,8.780499956628773e-05,4.827999873668887e-06,0.0,8.780499956628773e-05,0.0,96,False
992,3.2312999792338815e-05,5.813000007037772e-05,3.877999915857799e-06,0.0,5.813000007037772e-05,0.0,96,False
993,2.3272999897017144e-05,5.386800057749497e-05,3.822000508080237e-06,0.0,5.386800057749497e-05,0.0,96,False
994,2.2021000404492952e-05,5.245700049272273e-05,3.766000190807972e-06,0.0,5.245700049272273e-05,0.0,96,False
995,2.3203999262477737e-05,5.3063000450492837e-05,3.75299987354083e-06,0.0,5.3063000450492837e-05,0.0,96,False
996,2.236299951619003e-05,5.3048999689053744e-05,2.1213000763964374e-05,0.0,5.3048999689053744e-05,0.0,96,False
997,2.348199996049516e-05,5.359800070436904e-05,3.6890005503664725e-06,0.0,5.359800070436904e-05,0.0,96,False
998,2.228799985459773e-05,5.243600026005879e-05,3.435000508034136e-06,0.0,5.243600026005879e-05,0.0,96,False
999,2.1923000531387515e-05,5.247699937172001e-05,3.416000254219398e-06,0.0,5.247699937172001e-05,0.0,96,False
1000,2.188300004490884e-05,5.17210000907653e-05,3.7400004657683894e-06,0.0,5.17210000907653e-05,0.0,96,False
