step,select_seconds,update_seconds,logging_seconds,update_linear_solve_seconds,update_other_seconds,projection_inclusive_seconds,array_payload_bytes,projection_active
1,0.00011536500005604466,9.206600043398794e-05,4.743999852507841e-06,0.0,9.206600043398794e-05,0.0,96,False
2,3.28030000673607e-05,5.9562999922491144e-05,4.0289996832143515e-06,0.0,5.9562999922491144e-05,0.0,96,False
3,2.575799953774549e-05,5.325799975253176e-05,3.7999998312443495e-06,0.0,5.325799975253176e-05,0.0,96,False
4,2.4312999812536873e-05,5.155300004844321e-05,3.6819992601522245e-06,0.0,5.155300004844321e-05,0.0,96,False
5,2.35719999182038e-05,4.942500072502298e-05,3.406999894650653e-06,0.0,4.942500072502298e-05,0.0,96,False
6,2.2519999220094178e-05,7.46690002415562e-05,3.522000042721629e-06,0.0,7.46690002415562e-05,0.0,96,False
7,2.382000002398854e-05,5.104199954075739e-05,3.262000063841697e-06,0.0,5.104199954075739e-05,0.0,96,False
8,2.1560999812209047e-05,4.718899981526192e-05,3.1709996619611047e-06,0.0,4.718899981526192e-05,0.0,96,False
9,2.066999968519667e-05,4.65319999420899e-05,3.1549998311675154e-06,0.0,4.65319999420899e-05,0.0,96,False
10,2.020600004470907e-05,4.629800059774425e-05,3.117999767709989e-06,0.0,4.629800059774425e-05,0.0,96,False
11,1.991099998122081e-05,4.616800015355693e-05,3.1209992812364362e-06,0.0,4.616800015355693e-05,0.0,96,False
12,2.1919000573689118e-05,4.669500049203634e-05,3.7629997677868232e-06,0.0,4.669500049203634e-05,0.0,96,False
13,1.9887000235030428e-05,4.5029999455437064e-05,3.3819997042883188e-06,0.0,4.5029999455437064e-05,0.0,96,False
14,2.0034000044688582e-05,4.5323999984248076e-05,3.395000021555461e-06,0.0,4.5323999984248076e-05,0.0,96,False
15,2.0132999452471267e-05,4.460600030142814e-05,3.130000550299883e-06,0.0,4.460600030142814e-05,0.0,96,False
16,1.939899993885774e-05,4.479299968807027e-05,3.371000275365077e-06,0.0,4.479299968807027e-05,0.0,96,False
17,1.9300000531075057e-05,4.3851000555150677e-05,3.1950003176461905e-06,0.0,4.3851000555150677e-05,0.0,96,False
18,1.8833000467566308e-05,4.418400021677371e-05,3.197000296495389e-06,0.0,4.418400021677371e-05,0.0,96,False
19,1.8685000213736203e-05,4.353100030130008e-05,3.068999831157271e-06,0.0,4.353100030130008e-05,0.0,96,False
20,1.8299000657862052e-05,4.4503999561129604e-05,3.1409999792231247e-06,0.0,4.4503999561129604e-05,0.0,96,False
21,1.8302999706065748e-05,4.342299962445395e-05,3.3520000215503387e-06,0.0,4.342299962445395e-05,0.0,96,False
22,1.8775000171444844e-05,4.339800034358632e-05,3.1370000215247273e-06,0.0,4.339800034358632e-05,0.0,96,False
23,1.809900004445808e-05,4.302100023778621e-05,3.174999619659502e-06,0.0,4.302100023778621e-05,0.0,96,False
24,1.8044999706035014e-05,4.2829999983950984e-05,3.1649997254135087e-06,0.0,4.2829999983950984e-05,0.0,96,False
25,1.8343000192544423e-05,4.317900038586231e-05,3.0949995561968535e-06,0.0,4.317900038586231e-05,0.0,96,False
26,1.890700059448136e-05,4.24130003011669e-05,3.019000359927304e-06,0.0,4.24130003011669e-05,0.0,96,False
27,2.0324000615801197e-05,4.247600008966401e-05,2.989000677189324e-06,0.0,4.247600008966401e-05,0.0,96,False
28,1.8464000277162995e-05,4.262299989932217e-05,3.077999281231314e-06,0.0,4.262299989932217e-05,0.0,96,False
29,1.7931999536813237e-05,4.346799960330827e-05,3.0300006983452477e-06,0.0,4.346799960330827e-05,0.0,96,False
30,1.8275000002176967e-05,6.62180000290391e-05,3.395000021555461e-06,0.0,6.62180000290391e-05,0.0,96,False
31,2.011400010815123e-05,4.539099973044358e-05,3.174999619659502e-06,0.0,4.539099973044358e-05,0.0,96,False
32,1.8740000086836517e-05,4.430799981491873e-05,3.1069994292920455e-06,0.0,4.430799981491873e-05,0.0,96,False
33,1.8443999579176307e-05,4.435899973032065e-05,2.895000761782285e-06,0.0,4.435899973032065e-05,0.0,96,False
34,1.871899985417258e-05,4.288399941287935e-05,2.725999365793541e-06,0.0,4.288399941287935e-05,0.0,96,False
35,1.8214999727206305e-05,4.3185000322409905e-05,2.693000169529114e-06,0.0,4.3185000322409905e-05,0.0,96,False
36,1.823999991756864e-05,4.328399973019259e-05,2.6790003175847232e-06,0.0,4.328399973019259e-05,0.0,96,False
37,1.8327999896428082e-05,4.340000032243552e-05,2.6679999791667797e-06,0.0,4.340000032243552e-05,0.0,96,False
38,1.8529000044509303e-05,4.329999956098618e-05,2.644999767653644e-06,0.0,4.329999956098618e-05,0.0,96,False
39,1.7833000129030552e-05,4.305400034354534e-05,2.63900074060075e-06,0.0,4.305400034354534e-05,0.0,96,False
40,1.733799945213832e-05,4.186000023764791e-05,2.7699998099706136e-06,0.0,4.186000023764791e-05,0.0,96,False
41,1.7465999917476438e-05,4.2052999560837634e-05,2.7269998099654913e-06,0.0,4.2052999560837634e-05,0.0,96,False
42,1.7776999811758287e-05,4.239100053382572e-05,2.522000613680575e-06,0.0,4.239100053382572e-05,0.0,96,False
43,1.7764000403985847e-05,4.721500044979621e-05,2.7160003810422495e-06,0.0,4.721500044979621e-05,0.0,96,False
44,1.792700004443759e-05,4.2612000470398925e-05,3.05499997921288e-06,0.0,4.2612000470398925e-05,0.0,96,False
45,2.6904000151262153e-05,4.339399947639322e-05,3.3449996408307925e-06,0.0,4.339399947639322e-05,0.0,96,False
46,1.847000021371059e-05,4.265999996277969e-05,3.0920000426704064e-06,0.0,4.265999996277969e-05,0.0,96,False
47,1.8667999938770663e-05,4.217100013192976e-05,2.9619995984830894e-06,0.0,4.217100013192976e-05,0.0,96,False
48,1.794099989638198e-05,4.525299937085947e-05,3.0530000003636815e-06,0.0,4.525299937085947e-05,0.0,96,False
49,1.8296999769518152e-05,4.3306999941705726e-05,3.0440005502896383e-06,0.0,4.3306999941705726e-05,0.0,96,False
50,1.843799964262871e-05,4.229800015309593e-05,3.076000211876817e-06,0.0,4.229800015309593e-05,0.0,96,False
51,1.831800000218209e-05,4.262199945515022e-05,2.745000529102981e-06,0.0,4.262199945515022e-05,0.0,96,False
52,3.495900000416441e-05,4.9000999752024654e-05,3.2490006560692564e-06,0.0,4.9000999752024654e-05,0.0,96,False
53,1.9074000192631502e-05,4.398000055516604e-05,2.822999704221729e-06,0.0,4.398000055516604e-05,0.0,96,False
54,1.8866000573325437e-05,4.4205999984114897e-05,2.7920004868065007e-06,0.0,4.4205999984114897e-05,0.0,96,False
55,1.8262000594404526e-05,4.310300028009806e-05,2.6999996407539584e-06,0.0,4.310300028009806e-05,0.0,96,False
56,1.8124000234820414e-05,4.273800004739314e-05,3.16199930239236e-06,0.0,4.273800004739314e-05,0.0,96,False
57,1.856600010796683e-05,4.273800004739314e-05,2.7789992600446567e-06,0.0,4.273800004739314e-05,0.0,96,False
58,2.0009999389003497e-05,4.3338000068615656e-05,2.7549995138542727e-06,0.0,4.3338000068615656e-05,0.0,96,False
59,1.8262000594404526e-05,4.282000008970499e-05,2.6849993446376175e-06,0.0,4.282000008970499e-05,0.0,96,False
60,1.8460000319464598e-05,4.307400013203733e-05,3.2790003388072364e-06,0.0,4.307400013203733e-05,0.0,96,False
61,3.0201999834389426e-05,4.8085000344144646e-05,3.475999619695358e-06,0.0,4.8085000344144646e-05,0.0,96,False
62,1.8928999452327844e-05,4.385600004752632e-05,3.1800000215298496e-06,0.0,4.385600004752632e-05,0.0,96,False
63,1.862699991761474e-05,4.316299964557402e-05,3.1810004657018e-06,0.0,4.316299964557402e-05,0.0,96,False
64,1.8588999409985263e-05,4.2644000131986104e-05,3.2939997254288755e-06,0.0,4.2644000131986104e-05,0.0,96,False
65,1.831600002333289e-05,4.279200038581621e-05,2.781000148388557e-06,0.0,4.279200038581621e-05,0.0,96,False
66,1.8169000213674735e-05,4.2081999708898365e-05,3.246999767725356e-06,0.0,4.2081999708898365e-05,0.0,96,False
67,1.8116999854100868e-05,4.2067999856953975e-05,2.8180002118460834e-06,0.0,4.2067999856953975e-05,0.0,96,False
68,1.8026000361714978e-05,4.2333000237704255e-05,2.7969999791821465e-06,0.0,4.2333000237704255e-05,0.0,96,False
69,1.7907999790622853e-05,4.2007000047306065e-05,3.178000042680651e-06,0.0,4.2007000047306065e-05,0.0,96,False
70,1.781900027708616e-05,4.294900008972036e-05,3.0210003387765028e-06,0.0,4.294900008972036e-05,0.0,96,False
71,1.7906999346450903e-05,4.3122000533912797e-05,3.2520001695957035e-06,0.0,4.3122000533912797e-05,0.0,96,False
72,1.8084999283018988e-05,4.254400028003147e-05,3.0800001695752144e-06,0.0,4.254400028003147e-05,0.0,96,False
73,1.8184000509791076e-05,6.435699924622895e-05,3.052000465686433e-06,0.0,6.435699924622895e-05,0.0,96,False
74,2.04719999601366e-05,4.5015000068815425e-05,2.832000063790474e-06,0.0,4.5015000068815425e-05,0.0,96,False
75,1.8323999938729685e-05,4.479299968807027e-05,2.6799998522619717e-06,0.0,4.479299968807027e-05,0.0,96,False
76,1.890700059448136e-05,4.3855000512849074e-05,1.9099000382993836e-05,0.0,4.3855000512849074e-05,0.0,96,False
77,2.099999983329326e-05,4.542599981505191e-05,3.0259998311521485e-06,0.0,4.542599981505191e-05,0.0,96,False
78,1.873900055215927e-05,4.420300047058845e-05,2.8579997888300568e-06,0.0,4.420300047058845e-05,0.0,96,False
79,1.817799966374878e-05,4.491799973038724e-05,3.0289993446785957e-06,0.0,4.491799973038724e-05,0.0,96,False
80,1.8695000107982196e-05,4.397999964567134e-05,3.24200027534971e-06,0.0,4.397999964567134e-05,0.0,96,False
81,1.8744999579212163e-05,4.3637000089802314e-05,3.3870001061586663e-06,0.0,4.3637000089802314e-05,0.0,96,False
82,1.882900050986791e-05,4.429799992067274e-05,3.204999302397482e-06,0.0,4.429799992067274e-05,0.0,96,False
83,1.9014999452338088e-05,5.4983999689284246e-05,5.359000169846695e-06,0.0,5.4983999689284246e-05,0.0,96,False
84,3.5990000469610095e-05,5.6215000768133905e-05,3.7620002331095748e-06,0.0,5.6215000768133905e-05,0.0,96,False
85,2.180800038331654e-05,4.9901000238605775e-05,3.5470002330839634e-06,0.0,4.9901000238605775e-05,0.0,96,False
86,2.0128000869590323e-05,4.718200034403708e-05,3.582000317692291e-06,0.0,4.718200034403708e-05,0.0,96,False
87,1.9413000700296834e-05,4.694099970947718e-05,3.4779995985445566e-06,0.0,4.694099970947718e-05,0.0,96,False
88,1.9268000869487878e-05,4.547900061879773e-05,3.2039997677202336e-06,0.0,4.547900061879773e-05,0.0,96,False
89,1.932600025611464e-05,4.69149999844376e-05,3.2580001061432995e-06,0.0,4.69149999844376e-05,0.0,96,False
90,1.9318999875395093e-05,4.5710999984294176e-05,3.296000613772776e-06,0.0,4.5710999984294176e-05,0.0,96,False
91,1.9755000721488614e-05,4.6549000217055436e-05,3.3360001907567494e-06,0.0,4.6549000217055436e-05,0.0,96,False
92,1.9349000467627775e-05,6.139500055724056e-05,4.943999556417111e-06,0.0,6.139500055724056e-05,0.0,96,False
93,4.7094999899854884e-05,6.602299981750548e-05,4.521999471762683e-06,0.0,6.602299981750548e-05,0.0,96,False
94,2.2840000383439474e-05,4.8287000026903115e-05,3.2359994293074124e-06,0.0,4.8287000026903115e-05,0.0,96,False
95,2.131000019289786e-05,4.742900000564987e-05,3.4619997677509673e-06,0.0,4.742900000564987e-05,0.0,96,False
96,1.986900042538764e-05,4.677099968830589e-05,3.4960003176820464e-06,0.0,4.677099968830589e-05,0.0,96,False
97,1.994499962165719e-05,4.6971000301709864e-05,3.2850002753548324e-06,0.0,4.6971000301709864e-05,0.0,96,False
98,1.949600027728593e-05,4.6082999688223936e-05,2.893999408115633e-06,0.0,4.6082999688223936e-05,0.0,96,False
99,1.960400004463736e-05,4.540700047073187e-05,2.750000021478627e-06,0.0,4.540700047073187e-05,0.0,96,False
100,1.958900065801572e-05,4.5959999624756165e-05,2.990999746543821e-06,0.0,4.5959999624756165e-05,0.0,96,False
101,1.88429994523176e-05,4.674100000556791e-05,3.606000063882675e-06,0.0,4.674100000556791e-05,0.0,96,False
102,1.9578000319597777e-05,4.6393000047828536e-05,3.451999873504974e-06,0.0,4.6393000047828536e-05,0.0,96,False
103,1.9672000235004816e-05,4.6223000026657246e-05,3.4949998735100962e-06,0.0,4.6223000026657246e-05,0.0,96,False
104,1.964900002349168e-05,4.717699994216673e-05,3.02399985230295e-06,0.0,4.717699994216673e-05,0.0,96,False
105,2.007100010814611e-05,4.612900011125021e-05,3.465000190772116e-06,0.0,4.612900011125021e-05,0.0,96,False
106,2.0078000488865655e-05,4.7201000597851817e-05,3.238000317651313e-06,0.0,4.7201000597851817e-05,0.0,96,False
107,1.9713999790837988e-05,4.680999973061262e-05,3.2730004022596404e-06,0.0,4.680999973061262e-05,0.0,96,False
108,1.9686999621626455e-05,4.627799989975756e-05,3.1769995985087007e-06,0.0,4.627799989975756e-05,0.0,96,False
109,1.951099966390757e-05,4.7188000280584674e-05,3.406999894650653e-06,0.0,4.7188000280584674e-05,0.0,96,False
110,1.996100036194548e-05,4.694800009019673e-05,3.2640000426908955e-06,0.0,4.694800009019673e-05,0.0,96,False
111,1.9591999262047466e-05,4.581400025926996e-05,3.0710007195011713e-06,0.0,4.581400025926996e-05,0.0,96,False
112,1.960300050996011e-05,4.7002000428619795e-05,3.0189994504326023e-06,0.0,4.7002000428619795e-05,0.0,96,False
113,1.9410000277275685e-05,4.586999966704752e-05,2.9019993235124275e-06,0.0,4.586999966704752e-05,0.0,96,False
114,1.9723000150406733e-05,4.609500047081383e-05,3.0380006137420423e-06,0.0,4.609500047081383e-05,0.0,96,False
115,1.9156999769620597e-05,4.627900034392951e-05,3.684000148496125e-06,0.0,4.627900034392951e-05,0.0,96,False
116,2.8465000468713697e-05,5.14149996888591e-05,3.0350001907208934e-06,0.0,5.14149996888591e-05,0.0,96,False
117,2.0405000213941094e-05,4.764300047099823e-05,3.043000106117688e-06,0.0,4.764300047099823e-05,0.0,96,False
118,1.9646000509965234e-05,4.665600044972962e-05,2.9319999157451093e-06,0.0,4.665600044972962e-05,0.0,96,False
119,2.0015999325551093e-05,4.7147999794106e-05,2.978999873448629e-06,0.0,4.7147999794106e-05,0.0,96,False
120,2.0327000129327644e-05,4.638600057660369e-05,2.949000190710649e-06,0.0,4.638600057660369e-05,0.0,96,False
121,2.197600042563863e-05,4.808799985767109e-05,3.6080000427318737e-06,0.0,4.808799985767109e-05,0.0,96,False
122,1.96959999811952e-05,4.705500032287091e-05,3.5260000004200265e-06,0.0,4.705500032287091e-05,0.0,96,False
123,1.9778000023507047e-05,4.703899958258262e-05,3.5069997466052882e-06,0.0,4.703899958258262e-05,0.0,96,False
124,2.0165000023553148e-05,4.768800044985255e-05,3.3570004234206863e-06,0.0,4.768800044985255e-05,0.0,96,False
125,2.0143000256211963e-05,4.76120003440883e-05,3.6860001273453236e-06,0.0,4.76120003440883e-05,0.0,96,False
126,1.974199949472677e-05,4.699100009020185e-05,3.481999556242954e-06,0.0,4.699100009020185e-05,0.0,96,False
127,2.010200023505604e-05,4.704099956143182e-05,3.0649998734588735e-06,0.0,4.704099956143182e-05,0.0,96,False
128,1.9659999452414922e-05,4.7585999709554017e-05,2.9409993658191524e-06,0.0,4.7585999709554017e-05,0.0,96,False
129,1.9694000002346e-05,7.412200011458481e-05,4.83799976791488e-06,0.0,7.412200011458481e-05,0.0,96,False
130,2.6881999474426266e-05,8.108900055958657e-05,4.708999767899513e-06,0.0,8.108900055958657e-05,0.0,96,False
131,4.084000011062017e-05,5.9001999943575356e-05,4.211000486975536e-06,0.0,5.9001999943575356e-05,0.0,96,False
132,2.3505999706685543e-05,5.1668000196514186e-05,3.289999767730478e-06,0.0,5.1668000196514186e-05,0.0,96,False
133,2.1239000489003956e-05,5.0149999879067764e-05,3.308000486867968e-06,0.0,5.0149999879067764e-05,0.0,96,False
134,2.0898000002489425e-05,4.8910000259638764e-05,3.3180003811139613e-06,0.0,4.8910000259638764e-05,0.0,96,False
135,2.0278000192774925e-05,4.941399947711034e-05,3.2809994081617333e-06,0.0,4.941399947711034e-05,0.0,96,False
136,2.006900012929691e-05,4.8132000301848166e-05,3.078999725403264e-06,0.0,4.8132000301848166e-05,0.0,96,False
137,3.7306999729480594e-05,7.035100043140119e-05,4.784000338986516e-06,0.0,7.035100043140119e-05,0.0,96,False
138,2.5409999580006115e-05,0.0002894359995480045,7.268999979714863e-06,0.0,0.0002894359995480045,0.0,96,False
139,4.481499945541145e-05,7.62959998610313e-05,4.662999344873242e-06,0.0,7.62959998610313e-05,0.0,96,False
140,3.09470005959156e-05,6.295300045167096e-05,3.9480000850744545e-06,0.0,6.295300045167096e-05,0.0,96,False
141,2.6943999728246126e-05,7.45110000934801e-05,4.240000635036267e-06,0.0,7.45110000934801e-05,0.0,96,False
142,2.9347999770834576e-05,5.9270000747346785e-05,3.662999915832188e-06,0.0,5.9270000747346785e-05,0.0,96,False
143,2.5393999749212526e-05,5.499400049302494e-05,3.514999662002083e-06,0.0,5.499400049302494e-05,0.0,96,False
144,2.3333000171987806e-05,5.429600059869699e-05,4.098999852431007e-06,0.0,5.429600059869699e-05,0.0,96,False
145,2.3286000214284286e-05,5.3218999710225035e-05,3.744999958144035e-06,0.0,5.3218999710225035e-05,0.0,96,False
146,2.2514999727718532e-05,5.334900015441235e-05,3.899000148521736e-06,0.0,5.334900015441235e-05,0.0,96,False
147,2.2669000827590935e-05,5.289599994284799e-05,3.7809995774296112e-06,0.0,5.289599994284799e-05,0.0,96,False
148,2.221100021415623e-05,5.1048999921476934e-05,3.883999852405395e-06,0.0,5.1048999921476934e-05,0.0,96,False
149,2.13999992411118e-05,5.074699947726913e-05,3.5709999792743474e-06,0.0,5.074699947726913e-05,0.0,96,False
150,2.1412000023701694e-05,5.118500030221185e-05,3.6009996620123275e-06,0.0,5.118500030221185e-05,0.0,96,False
151,2.118600059475284e-05,6.888600000820588e-05,3.7789995985804126e-06,0.0,6.888600000820588e-05,0.0,96,False
152,2.399300046818098e-05,5.264099945634371e-05,3.748000381165184e-06,0.0,5.264099945634371e-05,0.0,96,False
153,2.2135000108391978e-05,5.13340000907192e-05,2.168100036215037e-05,0.0,5.13340000907192e-05,0.0,96,False
154,2.3796999812475406e-05,5.217600028117886e-05,3.789999936998356e-06,0.0,5.217600028117886e-05,0.0,96,False
155,2.180299998144619e-05,5.074899945611833e-05,3.7089994293637574e-06,0.0,5.074899945611833e-05,0.0,96,False
156,2.1769999875687063e-05,4.990499928680947e-05,3.6080000427318737e-06,0.0,4.990499928680947e-05,0.0,96,False
157,2.1564999769907445e-05,5.053899985796306e-05,3.606000063882675e-06,0.0,5.053899985796306e-05,0.0,96,False
158,2.0992999452573713e-05,4.950400034431368e-05,3.3269998311880045e-06,0.0,4.950400034431368e-05,0.0,96,False
159,2.0995000340917613e-05,4.9356999625160825e-05,3.423000634938944e-06,0.0,4.9356999625160825e-05,0.0,96,False
160,2.123400008713361e-05,0.00010128600024472689,4.114000148547348e-06,0.0,0.00010128600024472689,0.0,96,False
161,0.00012076300026819808,0.00010235899935651105,6.999000106588937e-06,0.0,0.00010235899935651105,0.0,96,False
162,3.627499972935766e-05,5.838800007040845e-05,4.206999619782437e-06,0.0,5.838800007040845e-05,0.0,96,False
163,2.2805999833508395e-05,7.702499988226919e-05,4.1290004446636885e-06,0.0,7.702499988226919e-05,0.0,96,False
164,2.5966000066546258e-05,5.3588999435305595e-05,3.928000296582468e-06,0.0,5.3588999435305595e-05,0.0,96,False
165,2.2706999516231008e-05,5.06389997099177e-05,3.588000254239887e-06,0.0,5.06389997099177e-05,0.0,96,False
166,2.1365000065998174e-05,4.9682999815559015e-05,3.5749999369727448e-06,0.0,4.9682999815559015e-05,0.0,96,False
167,2.071800008707214e-05,4.889699994237162e-05,3.4169997888966464e-06,0.0,4.889699994237162e-05,0.0,96,False
168,2.042500000243308e-05,4.803600040759193e-05,3.3180003811139613e-06,0.0,4.803600040759193e-05,0.0,96,False
169,2.0063000192749314e-05,4.803499996341998e-05,3.3509995773783885e-06,0.0,4.803499996341998e-05,0.0,96,False
170,2.0647999917855486e-05,4.897399958281312e-05,3.4479999158065766e-06,0.0,4.897399958281312e-05,0.0,96,False
171,2.0760999177582562e-05,5.0101999477192294e-05,3.4120002965210006e-06,0.0,5.0101999477192294e-05,0.0,96,False
172,2.0104999748582486e-05,4.8035999498097226e-05,3.5260000004200265e-06,0.0,4.8035999498097226e-05,0.0,96,False
173,2.0288999621698167e-05,4.7806999646127224e-05,3.3460000850027427e-06,0.0,4.7806999646127224e-05,0.0,96,False
174,1.9953999981225934e-05,6.14119999227114e-05,3.35000004270114e-06,0.0,6.14119999227114e-05,0.0,96,False
175,2.0922999283357058e-05,4.820300000574207e-05,3.366999408171978e-06,0.0,4.820300000574207e-05,0.0,96,False
176,2.028400012932252e-05,4.8300999878847506e-05,3.434000063862186e-06,0.0,4.8300999878847506e-05,0.0,96,False
177,2.0296999537094962e-05,5.595899983745767e-05,3.531000402290374e-06,0.0,5.595899983745767e-05,0.0,96,False
178,2.2090000129537657e-05,4.8783000238472596e-05,3.2759999157860875e-06,0.0,4.8783000238472596e-05,0.0,96,False
179,2.0135000340815168e-05,4.898100087302737e-05,3.0920000426704064e-06,0.0,4.898100087302737e-05,0.0,96,False
180,1.9996999981231056e-05,4.829799945582636e-05,3.0979999792180024e-06,0.0,4.829799945582636e-05,0.0,96,False
181,2.0497999685176183e-05,4.775500019604806e-05,3.189999915775843e-06,0.0,4.775500019604806e-05,0.0,96,False
182,2.0743999812111724e-05,4.73039999633329e-05,3.159999323543161e-06,0.0,4.73039999633329e-05,0.0,96,False
183,1.9981000150437467e-05,6.953100000828272e-05,3.3779997465899214e-06,0.0,6.953100000828272e-05,0.0,96,False
184,2.2142000489111524e-05,5.0042000111716334e-05,3.559999640856404e-06,0.0,5.0042000111716334e-05,0.0,96,False
185,2.102799953718204e-05,4.879400057689054e-05,3.7219997466308996e-06,0.0,4.879400057689054e-05,0.0,96,False
186,2.0603999473678414e-05,4.8392999815405346e-05,3.854000169667415e-06,0.0,4.8392999815405346e-05,0.0,96,False
187,2.051699993899092e-05,4.8707000132708345e-05,3.449000359978527e-06,0.0,4.8707000132708345e-05,0.0,96,False
188,2.0519999452517368e-05,4.880699998466298e-05,3.492000359983649e-06,0.0,4.880699998466298e-05,0.0,96,False
189,2.0243000108166598e-05,4.8422999498143326e-05,3.5049997677560896e-06,0.0,4.8422999498143326e-05,0.0,96,False
190,2.020800002355827e-05,4.8734999836597126e-05,3.3899996196851134e-06,0.0,4.8734999836597126e-05,0.0,96,False
191,2.0151999706286006e-05,4.870100019616075e-05,3.5200000638724305e-06,0.0,4.870100019616075e-05,0.0,96,False
192,2.0339999537100084e-05,4.8352000703744125e-05,3.0319997676997446e-06,0.0,4.8352000703744125e-05,0.0,96,False
193,2.0714999664050993e-05,4.859500040765852e-05,3.2119996831170283e-06,0.0,4.859500040765852e-05,0.0,96,False
194,2.0180999854346737e-05,4.9974999456026126e-05,3.1469999157707207e-06,0.0,4.9974999456026126e-05,0.0,96,False
195,2.0544999642879702e-05,4.8460000471095555e-05,3.5900002330890857e-06,0.0,4.8460000471095555e-05,0.0,96,False
196,1.9746999896597117e-05,4.778499987878604e-05,3.2399993870058097e-06,0.0,4.778499987878604e-05,0.0,96,False
197,2.0103999304410536e-05,4.988000000594184e-05,3.232000381103717e-06,0.0,4.988000000594184e-05,0.0,96,False
198,2.0218000827298965e-05,5.022999994253041e-05,3.10300038108835e-06,0.0,5.022999994253041e-05,0.0,96,False
199,2.07819994102465e-05,5.7575999562686775e-05,3.400999958103057e-06,0.0,5.7575999562686775e-05,0.0,96,False
200,2.1736999769927934e-05,5.003900059818989e-05,3.121000190731138e-06,0.0,5.003900059818989e-05,0.0,96,False
201,2.0814999516005628e-05,4.9931999456021003e-05,3.157000719511416e-06,0.0,4.9931999456021003e-05,0.0,96,False
202,2.0851999579463154e-05,4.9326999942422844e-05,3.0320006771944463e-06,0.0,4.9326999942422844e-05,0.0,96,False
203,2.0870000298600644e-05,4.972500028088689e-05,3.123999704257585e-06,0.0,4.972500028088689e-05,0.0,96,False
204,2.042599953711033e-05,4.819900004804367e-05,3.035999725398142e-06,0.0,4.819900004804367e-05,0.0,96,False
205,2.048599981208099e-05,4.843900023843162e-05,3.043000106117688e-06,0.0,4.843900023843162e-05,0.0,96,False
206,2.0151999706286006e-05,4.918899958283873e-05,3.1250001484295353e-06,0.0,4.918899958283873e-05,0.0,96,False
207,2.084099924104521e-05,4.930599970975891e-05,3.149999429297168e-06,0.0,4.930599970975891e-05,0.0,96,False
208,2.044000029854942e-05,4.871900000580354e-05,3.130000550299883e-06,0.0,4.871900000580354e-05,0.0,96,False
209,2.0308999410190154e-05,4.9278000005870126e-05,3.0330002118716948e-06,0.0,4.9278000005870126e-05,0.0,96,False
210,2.036200021393597e-05,4.967499990016222e-05,3.00599913316546e-06,0.0,4.967499990016222e-05,0.0,96,False
211,2.0624000171665102e-05,4.9248999857809395e-05,3.05499997921288e-06,0.0,4.9248999857809395e-05,0.0,96,False
212,2.096800017170608e-05,5.0179999561805744e-05,2.9089997042319737e-06,0.0,5.0179999561805744e-05,0.0,96,False
213,2.0770999981323257e-05,4.969400015397696e-05,3.0440005502896383e-06,0.0,4.969400015397696e-05,0.0,96,False
214,2.0516000404313672e-05,4.981099937140243e-05,3.0590008464059792e-06,0.0,4.981099937140243e-05,0.0,96,False
215,2.0993000362068415e-05,4.9361000492353924e-05,3.011999979207758e-06,0.0,4.9361000492353924e-05,0.0,96,False
216,2.0528000277408864e-05,4.950499987899093e-05,3.0740002330276184e-06,0.0,4.950499987899093e-05,0.0,96,False
217,2.0508000488916878e-05,4.91659993713256e-05,3.076000211876817e-06,0.0,4.91659993713256e-05,0.0,96,False
218,2.0636000044760294e-05,7.550899954367196e-05,3.4200002119177952e-06,0.0,7.550899954367196e-05,0.0,96,False
219,3.4511999729147647e-05,5.2145999688946176e-05,3.1939998734742403e-06,0.0,5.2145999688946176e-05,0.0,96,False
220,2.180800038331654e-05,5.091399998491397e-05,3.367999852343928e-06,0.0,5.091399998491397e-05,0.0,96,False
221,2.115299957949901e-05,5.045299985795282e-05,3.791999915847555e-06,0.0,5.045299985795282e-05,0.0,96,False
222,2.1761999960290268e-05,4.96299999213079e-05,3.7560002965619788e-06,0.0,4.96299999213079e-05,0.0,96,False
223,2.1408999600680545e-05,4.9977000344370026e-05,3.6729998100781813e-06,0.0,4.9977000344370026e-05,0.0,96,False
224,2.120200042554643e-05,5.039000006945571e-05,3.4210006560897455e-06,0.0,5.039000006945571e-05,0.0,96,False
225,2.1099000150570646e-05,4.944600004819222e-05,3.1310000849771313e-06,0.0,4.944600004819222e-05,0.0,96,False
226,2.0453000615816563e-05,4.983400049241027e-05,3.0660003176308237e-06,0.0,4.983400049241027e-05,0.0,96,False
227,2.0511000002443325e-05,4.843399983656127e-05,3.1709996619611047e-06,0.0,4.843399983656127e-05,0.0,96,False
228,2.025699996011099e-05,4.8691999836592004e-05,3.1429999580723234e-06,0.0,4.8691999836592004e-05,0.0,96,False
229,2.1070000002509914e-05,5.1637999604281504e-05,3.123999704257585e-06,0.0,5.1637999604281504e-05,0.0,96,False
230,2.149800002371194e-05,5.165899983694544e-05,2.007100010814611e-05,0.0,5.165899983694544e-05,0.0,96,False
231,2.377800046815537e-05,5.226899975241395e-05,3.5409993870416656e-06,0.0,5.226899975241395e-05,0.0,96,False
232,2.182000025641173e-05,5.176900049264077e-05,3.3850001273094676e-06,0.0,5.176900049264077e-05,0.0,96,False
233,2.2196999452717137e-05,5.238499943516217e-05,3.5129996831528842e-06,0.0,5.238499943516217e-05,0.0,96,False
234,2.2387000171875115e-05,5.1579000682977494e-05,4.083999556314666e-06,0.0,5.1579000682977494e-05,0.0,96,False
235,2.187999962188769e-05,5.2259000767662656e-05,3.884000761900097e-06,0.0,5.2259000767662656e-05,0.0,96,False
236,2.171100004488835e-05,5.163300011190586e-05,3.926999852410518e-06,0.0,5.163300011190586e-05,0.0,96,False
237,2.1457999537233263e-05,5.177200000616722e-05,3.435000508034136e-06,0.0,5.177200000616722e-05,0.0,96,False
238,2.2128000637167133e-05,5.128600059833843e-05,3.328999810037203e-06,0.0,5.128600059833843e-05,0.0,96,False
239,2.1514999389182776e-05,6.401500013453187e-05,3.6949995774193667e-06,0.0,6.401500013453187e-05,0.0,96,False
240,2.4219000806624535e-05,5.5063999752746895e-05,3.2389998523285612e-06,0.0,5.5063999752746895e-05,0.0,96,False
241,2.219300040451344e-05,5.307500032358803e-05,3.961999937018845e-06,0.0,5.307500032358803e-05,0.0,96,False
242,2.2479999643110204e-05,5.424000028142473e-05,3.857000592688564e-06,0.0,5.424000028142473e-05,0.0,96,False
243,2.219500038336264e-05,5.259099998511374e-05,3.75299987354083e-06,0.0,5.259099998511374e-05,0.0,96,False
244,2.1676999494957272e-05,5.168899951968342e-05,3.6139999792794697e-06,0.0,5.168899951968342e-05,0.0,96,False
245,2.171100004488835e-05,5.1529999836930074e-05,3.6769997677765787e-06,0.0,5.1529999836930074e-05,0.0,96,False
246,2.160199983336497e-05,5.144700025994098e-05,3.269000444561243e-06,0.0,5.144700025994098e-05,0.0,96,False
247,2.265800048917299e-05,5.229099951975513e-05,3.4180002330685966e-06,0.0,5.229099951975513e-05,0.0,96,False
248,2.4838000172167085e-05,5.256200074654771e-05,3.830000423477031e-06,0.0,5.256200074654771e-05,0.0,96,False
249,2.1879000087210443e-05,5.1745999371632934e-05,3.6800001907977276e-06,0.0,5.1745999371632934e-05,0.0,96,False
250,2.2081000679463614e-05,5.365899960452225e-05,3.925999408238567e-06,0.0,5.365899960452225e-05,0.0,96,False
251,4.837300002691336e-05,6.978100009291666e-05,5.762000000686385e-06,0.0,6.978100009291666e-05,0.0,96,False
252,5.36640000063926e-05,6.518200007121777e-05,5.4120000640978105e-06,0.0,6.518200007121777e-05,0.0,96,False
253,2.625500019348692e-05,5.690600028174231e-05,4.194000212009996e-06,0.0,5.690600028174231e-05,0.0,96,False
254,2.412799949524924e-05,5.385999975260347e-05,3.9420001485268585e-06,0.0,5.385999975260347e-05,0.0,96,False
255,2.273599966429174e-05,5.339700055628782e-05,3.889999788952991e-06,0.0,5.339700055628782e-05,0.0,96,False
256,2.2334000277624e-05,5.47479994565947e-05,3.9690003177383915e-06,0.0,5.47479994565947e-05,0.0,96,False
257,2.2812000679550692e-05,5.326100017555291e-05,4.096999873581808e-06,0.0,5.326100017555291e-05,0.0,96,False
258,2.2991000150796026e-05,9.930699980031932e-05,4.518999958236236e-06,0.0,9.930699980031932e-05,0.0,96,False
259,0.00011559900030988501,6.323199977487093e-05,4.659999831346795e-06,0.0,6.323199977487093e-05,0.0,96,False
260,2.4845999178069178e-05,5.682699975295691e-05,4.054999408253934e-06,0.0,5.682699975295691e-05,0.0,96,False
261,2.3474000045098364e-05,5.5237000196939334e-05,3.89300021197414e-06,0.0,5.5237000196939334e-05,0.0,96,False
262,2.309600040462101e-05,5.4926999837334733e-05,4.015999365947209e-06,0.0,5.4926999837334733e-05,0.0,96,False
263,2.2862999685457908e-05,5.390499973145779e-05,4.139000338909682e-06,0.0,5.390499973145779e-05,0.0,96,False
264,2.3103000785340555e-05,5.3354999181465246e-05,3.7680001696571708e-06,0.0,5.3354999181465246e-05,0.0,96,False
265,2.292200042575132e-05,5.25779996678466e-05,3.7849995351280086e-06,0.0,5.25779996678466e-05,0.0,96,False
266,2.2111999896878842e-05,5.40490000275895e-05,3.748000381165184e-06,0.0,5.40490000275895e-05,0.0,96,False
267,2.2834000446891878e-05,5.3480999667954165e-05,3.7119998523849063e-06,0.0,5.3480999667954165e-05,0.0,96,False
268,2.2383000214176718e-05,5.322299966792343e-05,3.859000571537763e-06,0.0,5.322299966792343e-05,0.0,96,False
269,2.2183000510267448e-05,5.44320000699372e-05,3.781000486924313e-06,0.0,5.44320000699372e-05,0.0,96,False
270,2.2664000425720587e-05,5.386599968915107e-05,3.6709998312289827e-06,0.0,5.386599968915107e-05,0.0,96,False
271,2.258400036225794e-05,5.283500013320008e-05,3.887000275426544e-06,0.0,5.283500013320008e-05,0.0,96,False
272,2.2260000150708947e-05,5.3562000175588764e-05,3.692999598570168e-06,0.0,5.3562000175588764e-05,0.0,96,False
273,2.258099993923679e-05,5.40470000487403e-05,3.828999979305081e-06,0.0,5.40470000487403e-05,0.0,96,False
274,2.3971999326022342e-05,5.553599930863129e-05,3.834000381175429e-06,0.0,5.553599930863129e-05,0.0,96,False
275,2.3675000193179585e-05,5.555799998546718e-05,3.7879999581491575e-06,0.0,5.555799998546718e-05,0.0,96,False
276,2.3302000045077875e-05,5.5827000323915854e-05,3.729000127350446e-06,0.0,5.5827000323915854e-05,0.0,96,False
277,4.595100017468212e-05,6.282699996518204e-05,4.165000063949265e-06,0.0,6.282699996518204e-05,0.0,96,False
278,2.5086999812629074e-05,5.8476000049267896e-05,4.1429993871133775e-06,0.0,5.8476000049267896e-05,0.0,96,False
279,2.41190000451752e-05,5.887600036658114e-05,4.0529994294047356e-06,0.0,5.887600036658114e-05,0.0,96,False
280,2.509600017219782e-05,5.789599981653737e-05,3.756999831239227e-06,0.0,5.789599981653737e-05,0.0,96,False
281,2.4284000573970843e-05,5.6739999308774713e-05,3.908000508090481e-06,0.0,5.6739999308774713e-05,0.0,96,False
282,2.4188000679714605e-05,5.593599962594453e-05,3.640000613813754e-06,0.0,5.593599962594453e-05,0.0,96,False
283,2.3227999918162823e-05,5.624799996439833e-05,4.321000233176164e-06,0.0,5.624799996439833e-05,0.0,96,False
284,2.33409991778899e-05,5.5499000154668465e-05,4.1170005715684965e-06,0.0,5.5499000154668465e-05,0.0,96,False
285,2.3071000214258675e-05,5.538200002774829e-05,3.981999725510832e-06,0.0,5.538200002774829e-05,0.0,96,False
286,2.328200025658589e-05,5.5685000006633345e-05,3.683999239001423e-06,0.0,5.5685000006633345e-05,0.0,96,False
287,2.3253999643202405e-05,0.0001082579992726096,8.386000445170794e-06,0.0,0.0001082579992726096,0.0,96,False
288,0.00010191300043516094,0.00012672700086113764,9.702999705041293e-06,0.0,0.00012672700086113764,0.0,96,False
289,4.4688999878417235e-05,8.166799943865044e-05,5.718000466004014e-06,0.0,8.166799943865044e-05,0.0,96,False
290,3.467599981377134e-05,6.469300024036784e-05,4.4090002120356075e-06,0.0,6.469300024036784e-05,0.0,96,False
291,2.7969000257144216e-05,6.212599964783294e-05,4.178999915893655e-06,0.0,6.212599964783294e-05,0.0,96,False
292,2.6263999643560965e-05,5.9295999562891666e-05,4.038999577460345e-06,0.0,5.9295999562891666e-05,0.0,96,False
293,2.557300012995256e-05,6.65260004097945e-05,4.145999810134526e-06,0.0,6.65260004097945e-05,0.0,96,False
294,2.5841000024229288e-05,7.109699981810991e-05,4.233000254316721e-06,0.0,7.109699981810991e-05,0.0,96,False
295,2.5817999812716153e-05,5.9173999943595845e-05,4.092000381206162e-06,0.0,5.9173999943595845e-05,0.0,96,False
296,0.00013361600031203125,9.423000028618844e-05,7.720999747107271e-06,0.0,9.423000028618844e-05,0.0,96,False
297,3.399399975023698e-05,6.426599975384306e-05,4.208999598631635e-06,0.0,6.426599975384306e-05,0.0,96,False
298,2.7049999516748358e-05,6.199499966896838e-05,3.888999344781041e-06,0.0,6.199499966896838e-05,0.0,96,False
299,2.5777999326237477e-05,6.0909999774594326e-05,4.053000338899437e-06,0.0,6.0909999774594326e-05,0.0,96,False
300,2.579100055299932e-05,6.045800000720192e-05,3.916999958164524e-06,0.0,6.045800000720192e-05,0.0,96,False
301,2.4382999981753528e-05,5.811299979541218e-05,3.844000275421422e-06,0.0,5.811299979541218e-05,0.0,96,False
302,2.4851000489434227e-05,5.83929995627841e-05,3.670000296551734e-06,0.0,5.83929995627841e-05,0.0,96,False
303,2.4633999601064716e-05,6.244899941520998e-05,3.6829997043241747e-06,0.0,6.244899941520998e-05,0.0,96,False
304,2.466099977027625e-05,5.926399990130449e-05,3.7680001696571708e-06,0.0,5.926399990130449e-05,0.0,96,False
305,2.4545999622205272e-05,5.788199996459298e-05,3.666000338853337e-06,0.0,5.788199996459298e-05,0.0,96,False
306,2.432000019325642e-05,5.828099983773427e-05,2.414899972791318e-05,0.0,5.828099983773427e-05,0.0,96,False
307,2.6802999855135567e-05,0.00010416999975859653,5.599999894911889e-06,0.0,0.00010416999975859653,0.0,96,False
308,3.14839999191463e-05,7.05739994373289e-05,5.18100023327861e-06,0.0,7.05739994373289e-05,0.0,96,False
309,3.0201999834389426e-05,6.887600011395989e-05,5.2129998948657885e-06,0.0,6.887600011395989e-05,0.0,96,False
310,2.9081999855407048e-05,6.837100045231637e-05,4.847000127483625e-06,0.0,6.837100045231637e-05,0.0,96,False
311,2.8403999749571085e-05,6.386099994415417e-05,4.2399997255415656e-06,0.0,6.386099994415417e-05,0.0,96,False
312,2.4756000129855238e-05,5.904499994358048e-05,4.321999767853413e-06,0.0,5.904499994358048e-05,0.0,96,False
313,2.4774999474175274e-05,5.90049994571018e-05,4.282999725546688e-06,0.0,5.90049994571018e-05,0.0,96,False
314,2.481499996065395e-05,5.8755999816639815e-05,4.2669998947530985e-06,0.0,5.8755999816639815e-05,0.0,96,False
315,2.412799949524924e-05,5.8677000197349116e-05,4.315999831305817e-06,0.0,5.8677000197349116e-05,0.0,96,False
316,2.4798000595183112e-05,5.690699981641956e-05,4.172999979346059e-06,0.0,5.690699981641956e-05,0.0,96,False
317,2.4440000743197743e-05,6.26519995421404e-05,4.847999662160873e-06,0.0,6.26519995421404e-05,0.0,96,False
318,2.7556000532058533e-05,6.533400028274627e-05,4.358999831310939e-06,0.0,6.533400028274627e-05,0.0,96,False
319,2.7242000214755535e-05,5.896699985896703e-05,4.0679997255210765e-06,0.0,5.896699985896703e-05,0.0,96,False
320,2.4328000108653214e-05,5.787600002804538e-05,3.96999985241564e-06,0.0,5.787600002804538e-05,0.0,96,False
321,2.3965999389474746e-05,5.7500999901094474e-05,4.094999894732609e-06,0.0,5.7500999901094474e-05,0.0,96,False
322,2.4059999304881785e-05,5.753899949922925e-05,4.251000063959509e-06,0.0,5.753899949922925e-05,0.0,96,False
323,2.396000036242185e-05,5.793000036646845e-05,4.258999979356304e-06,0.0,5.793000036646845e-05,0.0,96,False
324,2.3747999875922687e-05,5.7297000239486806e-05,4.100999831280205e-06,0.0,5.7297000239486806e-05,0.0,96,False
325,4.74539992865175e-05,6.344899975374574e-05,4.172999979346059e-06,0.0,6.344899975374574e-05,0.0,96,False
326,2.5266999728046358e-05,6.030199983797502e-05,3.7599993447656743e-06,0.0,6.030199983797502e-05,0.0,96,False
327,2.425799993943656e-05,5.8193999393552076e-05,3.896999260177836e-06,0.0,5.8193999393552076e-05,0.0,96,False
328,2.45020000875229e-05,5.8226999499311205e-05,3.6399997043190524e-06,0.0,5.8226999499311205e-05,0.0,96,False
329,2.4267999833682552e-05,5.8493999858910684e-05,3.727000148501247e-06,0.0,5.8493999858910684e-05,0.0,96,False
330,2.4590999601059593e-05,5.754300036642235e-05,3.6230003388482146e-06,0.0,5.754300036642235e-05,0.0,96,False
331,2.4483999368385412e-05,5.8944000556948595e-05,3.973000275436789e-06,0.0,5.8944000556948595e-05,0.0,96,False
332,2.4834000214468688e-05,5.947800036665285e-05,3.985000148531981e-06,0.0,5.947800036665285e-05,0.0,96,False
333,2.4668000150995795e-05,5.9529999816732015e-05,3.86300052923616e-06,0.0,5.9529999816732015e-05,0.0,96,False
334,2.4461000066366978e-05,5.935200078965863e-05,3.6649998946813866e-06,0.0,5.935200078965863e-05,0.0,96,False
335,2.394099919911241e-05,5.843300004926277e-05,3.760000254260376e-06,0.0,5.843300004926277e-05,0.0,96,False
336,2.4599999960628338e-05,5.9175999922445044e-05,3.6890005503664725e-06,0.0,5.9175999922445044e-05,0.0,96,False
337,2.4951000341388863e-05,5.863900059921434e-05,3.6820001696469262e-06,0.0,5.863900059921434e-05,0.0,96,False
338,2.5432000256842002e-05,5.8977000662707724e-05,3.6800001907977276e-06,0.0,5.8977000662707724e-05,0.0,96,False
339,2.4977000066428445e-05,5.907600007049041e-05,3.852999725495465e-06,0.0,5.907600007049041e-05,0.0,96,False
340,2.414899972791318e-05,5.879600030311849e-05,4.382000042824075e-06,0.0,5.879600030311849e-05,0.0,96,False
341,2.4513000425940845e-05,5.8972999795514625e-05,4.518999958236236e-06,0.0,5.8972999795514625e-05,0.0,96,False
342,2.444200072204694e-05,5.8644999626267236e-05,4.143999831285328e-06,0.0,5.8644999626267236e-05,0.0,96,False
343,2.4642000425956212e-05,7.197900049504824e-05,4.411999725562055e-06,0.0,7.197900049504824e-05,0.0,96,False
344,2.6959000024362467e-05,6.0895999922649935e-05,4.145999810134526e-06,0.0,6.0895999922649935e-05,0.0,96,False
345,2.543900063756155e-05,5.899799998587696e-05,4.208999598631635e-06,0.0,5.899799998587696e-05,0.0,96,False
346,2.467400008754339e-05,5.818699992232723e-05,4.04900038120104e-06,0.0,5.818699992232723e-05,0.0,96,False
347,2.488999962224625e-05,5.9437000345496926e-05,4.613000783137977e-06,0.0,5.9437000345496926e-05,0.0,96,False
348,2.515600044716848e-05,5.8537999393593054e-05,4.114999683224596e-06,0.0,5.8537999393593054e-05,0.0,96,False
349,2.473600034136325e-05,7.241600087581901e-05,5.259999852569308e-06,0.0,7.241600087581901e-05,0.0,96,False
350,3.149600070173619e-05,6.78470005368581e-05,4.1489993236609735e-06,0.0,6.78470005368581e-05,0.0,96,False
351,2.593199951661518e-05,6.047399983799551e-05,4.120000085094944e-06,0.0,6.047399983799551e-05,0.0,96,False
352,2.5411000024178065e-05,6.011200002831174e-05,4.286000148567837e-06,0.0,6.011200002831174e-05,0.0,96,False
353,2.5613999241613783e-05,6.1001999711152166e-05,3.823000042757485e-06,0.0,6.1001999711152166e-05,0.0,96,False
354,2.5753000045369845e-05,6.15680000919383e-05,3.743999513972085e-06,0.0,6.15680000919383e-05,0.0,96,False
355,2.4957999812613707e-05,6.115099949965952e-05,4.222999450576026e-06,0.0,6.115099949965952e-05,0.0,96,False
356,2.529099947423674e-05,6.0041999859095085e-05,4.2909996409434825e-06,0.0,6.0041999859095085e-05,0.0,96,False
357,2.5408000510651618e-05,6.089100043027429e-05,4.174999958195258e-06,0.0,6.089100043027429e-05,0.0,96,False
358,2.5515999368508346e-05,6.0682000366796274e-05,3.7740001062047668e-06,0.0,6.0682000366796274e-05,0.0,96,False
359,2.5160999939544126e-05,7.355999969149707e-05,4.196999725536443e-06,0.0,7.355999969149707e-05,0.0,96,False
360,2.761999985523289e-05,8.32129999253084e-05,4.2609999582055025e-06,0.0,8.32129999253084e-05,0.0,96,False
361,3.1008999940240756e-05,6.505799956357805e-05,3.840999852400273e-06,0.0,6.505799956357805e-05,0.0,96,False
362,2.6423000235809013e-05,6.207499973243102e-05,3.727000148501247e-06,0.0,6.207499973243102e-05,0.0,96,False
363,2.6127000637643505e-05,6.10269999015145e-05,3.825000021606684e-06,0.0,6.10269999015145e-05,0.0,96,False
364,2.560600023571169e-05,6.546999975398649e-05,3.858000127365813e-06,0.0,6.546999975398649e-05,0.0,96,False
365,2.5489000108791515e-05,7.044799986033468e-05,3.9540000216220506e-06,0.0,7.044799986033468e-05,0.0,96,False
366,2.5489000108791515e-05,6.0909999774594326e-05,4.529000761976931e-06,0.0,6.0909999774594326e-05,0.0,96,False
367,2.560399934736779e-05,6.1005000134173315e-05,4.335000085120555e-06,0.0,6.1005000134173315e-05,0.0,96,False
368,2.5626999558880925e-05,5.9748999774456024e-05,4.441999408300035e-06,0.0,5.9748999774456024e-05,0.0,96,False
369,2.5379999897268135e-05,6.107299941504607e-05,4.621000698534772e-06,0.0,6.107299941504607e-05,0.0,96,False
370,2.601999949547462e-05,6.170399956317851e-05,4.659999831346795e-06,0.0,6.170399956317851e-05,0.0,96,False
371,2.572999983385671e-05,6.0181999288033694e-05,4.645999979402404e-06,0.0,6.0181999288033694e-05,0.0,96,False
372,2.599399977043504e-05,6.17240002611652e-05,4.491999789024703e-06,0.0,6.17240002611652e-05,0.0,96,False
373,2.55109998761327e-05,6.252599996514618e-05,4.394999450596515e-06,0.0,6.252599996514618e-05,0.0,96,False
374,4.630500006896909e-05,6.340199979604222e-05,4.339000042818952e-06,0.0,6.340199979604222e-05,0.0,96,False
375,2.587200015113922e-05,6.272399969020626e-05,4.024000190838706e-06,0.0,6.272399969020626e-05,0.0,96,False
376,2.6464000256964937e-05,6.210099945747061e-05,3.985999683209229e-06,0.0,6.210099945747061e-05,0.0,96,False
377,2.617799964355072e-05,6.07920001129969e-05,3.9240003388840705e-06,0.0,6.07920001129969e-05,0.0,96,False
378,5.0897000619443133e-05,6.798100002924912e-05,4.2669998947530985e-06,0.0,6.798100002924912e-05,0.0,96,False
379,2.697000036278041e-05,6.295899947872385e-05,3.865000508085359e-06,0.0,6.295899947872385e-05,0.0,96,False
380,2.6657000489649363e-05,6.250700062082615e-05,3.931999344786163e-06,0.0,6.250700062082615e-05,0.0,96,False
381,2.703400059544947e-05,6.244700034585549e-05,3.936999746656511e-06,0.0,6.244700034585549e-05,0.0,96,False
382,2.6094000531884376e-05,6.398899949999759e-05,1.9922999854316004e-05,0.0,6.398899949999759e-05,0.0,96,False
383,2.804199993988732e-05,6.394000047293957e-05,4.104999788978603e-06,0.0,6.394000047293957e-05,0.0,96,False
384,2.70650007223594e-05,6.503300028271042e-05,4.958000317856204e-06,0.0,6.503300028271042e-05,0.0,96,False
385,2.7335999220667873e-05,6.354400011332473e-05,4.715000613941811e-06,0.0,6.354400011332473e-05,0.0,96,False
386,2.691000008780975e-05,6.351399952109205e-05,4.604999958246481e-06,0.0,6.351399952109205e-05,0.0,96,False
387,2.676899930520449e-05,6.478199975390453e-05,4.167000042798463e-06,0.0,6.478199975390453e-05,0.0,96,False
388,2.691000008780975e-05,6.289399971137755e-05,3.965000360039994e-06,0.0,6.289399971137755e-05,0.0,96,False
389,2.6945000172418077e-05,6.344800021906849e-05,3.839000783045776e-06,0.0,6.344800021906849e-05,0.0,96,False
390,2.7113999749417417e-05,6.415300049411599e-05,4.536000233201776e-06,0.0,6.415300049411599e-05,0.0,96,False
391,2.6812000214704312e-05,6.399999983841553e-05,4.6470004235743545e-06,0.0,6.399999983841553e-05,0.0,96,False
392,2.695300008781487e-05,6.32050005151541e-05,4.810000064026099e-06,0.0,6.32050005151541e-05,0.0,96,False
393,2.6611000066623092e-05,6.346200007101288e-05,4.636999619833659e-06,0.0,6.346200007101288e-05,0.0,96,False
394,2.7158999728271738e-05,8.330600030603819e-05,4.756000635097735e-06,0.0,8.330600030603819e-05,0.0,96,False
395,3.59050000042771e-05,7.798400019964902e-05,4.496999281400349e-06,0.0,7.798400019964902e-05,0.0,96,False
396,2.801000027830014e-05,6.482899971160805e-05,4.099999387108255e-06,0.0,6.482899971160805e-05,0.0,96,False
397,2.70649998128647e-05,6.518499958474422e-05,4.149999767832924e-06,0.0,6.518499958474422e-05,0.0,96,False
398,2.718900032050442e-05,6.453399964811979e-05,4.122000063944142e-06,0.0,6.453399964811979e-05,0.0,96,False
399,6.363700049405452e-05,8.480399992549792e-05,4.632000127458014e-06,0.0,8.480399992549792e-05,0.0,96,False
400,3.064700013055699e-05,6.788299924664898e-05,4.360000275482889e-06,0.0,6.788299924664898e-05,0.0,96,False
401,2.8000999918731395e-05,6.566899992321851e-05,4.006000381195918e-06,0.0,6.566899992321851e-05,0.0,96,False
402,2.787199991871603e-05,6.492000011348864e-05,4.026000169687904e-06,0.0,6.492000011348864e-05,0.0,96,False
403,2.7394999960961286e-05,6.415299958462128e-05,3.871999979310203e-06,0.0,6.415299958462128e-05,0.0,96,False
404,2.7670999770634808e-05,6.387100074789487e-05,3.961000402341597e-06,0.0,6.387100074789487e-05,0.0,96,False
405,2.7597000553214457e-05,6.422000024031149e-05,4.2250003389199264e-06,0.0,6.422000024031149e-05,0.0,96,False
406,2.766499983408721e-05,6.585400024050614e-05,5.187999704503454e-06,0.0,6.585400024050614e-05,0.0,96,False
407,2.7959000362898223e-05,9.665400011726888e-05,5.484999746840913e-06,0.0,9.665400011726888e-05,0.0,96,False
408,3.0791999961365946e-05,6.919200041011209e-05,5.047999366070144e-06,0.0,6.919200041011209e-05,0.0,96,False
409,2.895800025726203e-05,6.775800011382671e-05,4.987000465916935e-06,0.0,6.775800011382671e-05,0.0,96,False
410,2.785600008792244e-05,9.770499946171185e-05,5.265999789116904e-06,0.0,9.770499946171185e-05,0.0,96,False
411,3.027399998245528e-05,6.836200009274762e-05,5.039999450673349e-06,0.0,6.836200009274762e-05,0.0,96,False
412,2.832200061675394e-05,8.174300000973744e-05,6.740000571880955e-06,0.0,8.174300000973744e-05,0.0,96,False
413,3.8703000427631196e-05,8.81589994605747e-05,5.8310006352257915e-06,0.0,8.81589994605747e-05,0.0,96,False
414,3.135699989798013e-05,6.81550000081188e-05,4.6710001697647385e-06,0.0,6.81550000081188e-05,0.0,96,False
415,2.7919999411096796e-05,6.72309997753473e-05,5.061000592831988e-06,0.0,6.72309997753473e-05,0.0,96,False
416,2.8126999495725613e-05,0.0002119959999618004,1.2152000635978766e-05,0.0,0.0002119959999618004,0.0,96,False
417,6.240499988052761e-05,0.00010457000007590977,7.649000508536119e-06,0.0,0.00010457000007590977,0.0,96,False
418,4.2251999730069656e-05,7.892499979789136e-05,6.243999450816773e-06,0.0,7.892499979789136e-05,0.0,96,False
419,3.326400019432185e-05,7.414100036839955e-05,5.835000592924189e-06,0.0,7.414100036839955e-05,0.0,96,False
420,3.117100004601525e-05,7.280099998752121e-05,5.810999937239103e-06,0.0,7.280099998752121e-05,0.0,96,False
421,3.0190999495971482e-05,7.059399922582088e-05,5.322000106389169e-06,0.0,7.059399922582088e-05,0.0,96,False
422,3.003799974976573e-05,6.880900036776438e-05,5.13299983140314e-06,0.0,6.880900036776438e-05,0.0,96,False
423,2.9167000320740044e-05,7.030199958535377e-05,5.140999746799935e-06,0.0,7.030199958535377e-05,0.0,96,False
424,2.9353000172704924e-05,6.85539998812601e-05,4.895000529359095e-06,0.0,6.85539998812601e-05,0.0,96,False
425,2.8245999601494987e-05,6.723000024067005e-05,4.866000381298363e-06,0.0,6.723000024067005e-05,0.0,96,False
426,2.86899994534906e-05,6.764900081179803e-05,4.509999598667491e-06,0.0,6.764900081179803e-05,0.0,96,False
427,2.8112000109103974e-05,0.00015305899978557136,1.3234999642008916e-05,0.0,0.00015305899978557136,0.0,96,False
428,0.00010349400054110447,0.00011626299965428188,7.929000275908038e-06,0.0,0.00011626299965428188,0.0,96,False
429,4.1401000089535955e-05,8.423400049650809e-05,6.3580000642105006e-06,0.0,8.423400049650809e-05,0.0,96,False
430,3.577699953893898e-05,7.626599926879862e-05,5.891999535379e-06,0.0,7.626599926879862e-05,0.0,96,False
431,3.266400017309934e-05,0.00018086199997924268,1.319799957855139e-05,0.0,0.00018086199997924268,0.0,96,False
432,9.651900018070592e-05,9.883600068860687e-05,6.486000529548619e-06,0.0,9.883600068860687e-05,0.0,96,False
433,3.3303999771305826e-05,7.389600068563595e-05,5.466000402520876e-06,0.0,7.389600068563595e-05,0.0,96,False
434,2.9545999495894648e-05,7.00189993949607e-05,5.203000000619795e-06,0.0,7.00189993949607e-05,0.0,96,False
435,2.9212000299594365e-05,6.912700064276578e-05,5.390000296756625e-06,0.0,6.912700064276578e-05,0.0,96,False
436,2.931300059572095e-05,6.995599960646359e-05,4.970999725628644e-06,0.0,6.995599960646359e-05,0.0,96,False
437,2.8820999432355165e-05,6.83149992255494e-05,5.089000296720769e-06,0.0,6.83149992255494e-05,0.0,96,False
438,2.9795999580528587e-05,6.881800072733313e-05,5.062999662186485e-06,0.0,6.881800072733313e-05,0.0,96,False
439,2.8828000722569413e-05,6.730899985996075e-05,2.643000061652856e-05,0.0,6.730899985996075e-05,0.0,96,False
440,4.2255000153090805e-05,7.314800041058334e-05,5.02600050822366e-06,0.0,7.314800041058334e-05,0.0,96,False
441,2.8452999686123803e-05,6.788999962736852e-05,4.802000148629304e-06,0.0,6.788999962736852e-05,0.0,96,False
442,2.81489992630668e-05,6.630799998674775e-05,4.892000106337946e-06,0.0,6.630799998674775e-05,0.0,96,False
443,2.8299000405240804e-05,6.657500034634722e-05,4.860999979428016e-06,0.0,6.657500034634722e-05,0.0,96,False
444,2.8065999686077703e-05,6.546100030391244e-05,4.905999958282337e-06,0.0,6.546100030391244e-05,0.0,96,False
445,2.7676999707182404e-05,9.22880008147331e-05,5.30299985257443e-06,0.0,9.22880008147331e-05,0.0,96,False
446,3.474500044831075e-05,7.160000041039893e-05,4.434000402397942e-06,0.0,7.160000041039893e-05,0.0,96,False
447,2.9069999982311856e-05,6.820399994467152e-05,4.438000360096339e-06,0.0,6.820399994467152e-05,0.0,96,False
448,2.816800042637624e-05,6.678499994450249e-05,4.092999915883411e-06,0.0,6.678499994450249e-05,0.0,96,False
449,2.7641999622574076e-05,6.631499945797259e-05,4.292000085115433e-06,0.0,6.631499945797259e-05,0.0,96,False
450,2.7228000362811144e-05,6.619400028284872e-05,4.1860002966132015e-06,0.0,6.619400028284872e-05,0.0,96,False
451,2.7754000257118605e-05,6.697400021948852e-05,4.1470002543064766e-06,0.0,6.697400021948852e-05,0.0,96,False
452,2.831999972841004e-05,6.916100028320216e-05,4.21699951402843e-06,0.0,6.916100028320216e-05,0.0,96,False
453,2.774499989754986e-05,6.74659995638649e-05,4.2310002754675224e-06,0.0,6.74659995638649e-05,0.0,96,False
454,2.803999996103812e-05,6.682700040983036e-05,4.088999958185013e-06,0.0,6.682700040983036e-05,0.0,96,False
455,2.819700057443697e-05,0.00011621699923125561,5.545000021811575e-06,0.0,0.00011621699923125561,0.0,96,False
456,3.2760999602032825e-05,7.084299977577757e-05,5.008999323763419e-06,0.0,7.084299977577757e-05,0.0,96,False
457,2.985199989780085e-05,6.907999977556756e-05,3.306200051156338e-05,0.0,6.907999977556756e-05,0.0,96,False
458,3.2095999813464005e-05,6.998699973337352e-05,5.482999767991714e-06,0.0,6.998699973337352e-05,0.0,96,False
459,2.97759997920366e-05,6.929499977559317e-05,5.1500001063686796e-06,0.0,6.929499977559317e-05,0.0,96,False
460,2.8886999643873423e-05,6.866700005048187e-05,5.098999281472061e-06,0.0,6.866700005048187e-05,0.0,96,False
461,2.9288999940035865e-05,6.843300070613623e-05,4.880999767920002e-06,0.0,6.843300070613623e-05,0.0,96,False
462,2.8530000236060005e-05,6.960299924685387e-05,4.656000783143099e-06,0.0,6.960299924685387e-05,0.0,96,False
463,2.8638000003411435e-05,6.764800036762608e-05,5.226999746810179e-06,0.0,6.764800036762608e-05,0.0,96,False
464,2.7936000151385088e-05,6.787199981772574e-05,4.780999915965367e-06,0.0,6.787199981772574e-05,0.0,96,False
465,2.8138999368820805e-05,6.88620002620155e-05,4.952000381308608e-06,0.0,6.88620002620155e-05,0.0,96,False
466,2.9158999495848548e-05,6.809600017732009e-05,4.943000021739863e-06,0.0,6.809600017732009e-05,0.0,96,False
467,2.8921000193804502e-05,6.857999960629968e-05,4.54400014859857e-06,0.0,6.857999960629968e-05,0.0,96,False
468,2.8237000151420943e-05,6.517200017697178e-05,4.683999577537179e-06,0.0,6.517200017697178e-05,0.0,96,False
469,2.684599985514069e-05,6.488700000772951e-05,4.5169999793870375e-06,0.0,6.488700000772951e-05,0.0,96,False
470,2.7588000193645712e-05,6.588399992324412e-05,4.913999873679131e-06,0.0,6.588399992324412e-05,0.0,96,False
471,5.448800038720947e-05,7.300600009330083e-05,5.0829994506784715e-06,0.0,7.300600009330083e-05,0.0,96,False
472,2.873999983421527e-05,6.716999996569939e-05,4.65099947177805e-06,0.0,6.716999996569939e-05,0.0,96,False
473,2.8313000257185195e-05,6.694500007142778e-05,4.903999979433138e-06,0.0,6.694500007142778e-05,0.0,96,False
474,2.9912999707448762e-05,6.647100053669419e-05,4.640000042854808e-06,0.0,6.647100053669419e-05,0.0,96,False
475,2.7725000109057873e-05,6.69920000291313e-05,4.710999746748712e-06,0.0,6.69920000291313e-05,0.0,96,False
476,2.831900019373279e-05,6.533499981742352e-05,4.616999831341673e-06,0.0,6.533499981742352e-05,0.0,96,False
477,4.877399987890385e-05,9.216899979946902e-05,7.245000233524479e-06,0.0,9.216899979946902e-05,0.0,96,False
478,3.465999998297775e-05,7.157599975471385e-05,5.0379994718241505e-06,0.0,7.157599975471385e-05,0.0,96,False
479,2.990300072269747e-05,7.063399971229956e-05,4.583000190905295e-06,0.0,7.063399971229956e-05,0.0,96,False
480,2.901599964388879e-05,6.80029997965903e-05,4.374999662104528e-06,0.0,6.80029997965903e-05,0.0,96,False
481,2.8589999601535965e-05,6.929400024091592e-05,4.4720000005327165e-06,0.0,6.929400024091592e-05,0.0,96,False
482,2.9881000045861583e-05,7.278399971255567e-05,4.817999979422893e-06,0.0,7.278399971255567e-05,0.0,96,False
483,2.9783000172756147e-05,9.44559997151373e-05,7.56800000090152e-06,0.0,9.44559997151373e-05,0.0,96,False
484,3.238800036342582e-05,6.689200017717667e-05,4.196999725536443e-06,0.0,6.689200017717667e-05,0.0,96,False
485,2.81510001514107e-05,6.518200007121777e-05,2.009799936786294e-05,0.0,6.518200007121777e-05,0.0,96,False
486,7.549400015705032e-05,9.819000024435809e-05,6.344999746943358e-06,0.0,9.819000024435809e-05,0.0,96,False
487,3.508400004648138e-05,7.826000000932254e-05,4.816000000573695e-06,0.0,7.826000000932254e-05,0.0,96,False
488,3.1720999686513096e-05,7.798099977662787e-05,5.296000381349586e-06,0.0,7.798099977662787e-05,0.0,96,False
489,3.169800038449466e-05,7.419799931085436e-05,4.366000212030485e-06,0.0,7.419799931085436e-05,0.0,96,False
490,3.2184999327000696e-05,7.263200041052187e-05,5.6380004025413655e-06,0.0,7.263200041052187e-05,0.0,96,False
491,3.087999994022539e-05,7.000100049481262e-05,4.575000275508501e-06,0.0,7.000100049481262e-05,0.0,96,False
492,0.0001231539999935194,7.751599969196832e-05,5.177999810257461e-06,0.0,7.751599969196832e-05,0.0,96,False
493,3.0143999538267963e-05,7.006199939496582e-05,4.366000212030485e-06,0.0,7.006199939496582e-05,0.0,96,False
494,2.956000025733374e-05,6.755399954272434e-05,4.458000148588326e-06,0.0,6.755399954272434e-05,0.0,96,False
495,2.7750000299420208e-05,6.961199960642261e-05,4.233000254316721e-06,0.0,6.961199960642261e-05,0.0,96,False
496,2.8897999982291367e-05,6.964800013520289e-05,3.9599999581696466e-06,0.0,6.964800013520289e-05,0.0,96,False
497,2.8286000087973662e-05,7.07930003045476e-05,4.335000085120555e-06,0.0,7.07930003045476e-05,0.0,96,False
498,2.952700015157461e-05,6.825400032539619e-05,4.408000677358359e-06,0.0,6.825400032539619e-05,0.0,96,False
499,2.8101000680180732e-05,8.844000058161328e-05,4.776000423589721e-06,0.0,8.844000058161328e-05,0.0,96,False
500,3.149299936922034e-05,6.822600062150741e-05,4.2490000851103105e-06,0.0,6.822600062150741e-05,0.0,96,False
501,2.7757000680139754e-05,6.509800005005673e-05,4.106999767827801e-06,0.0,6.509800005005673e-05,0.0,96,False
502,2.9595000341942068e-05,7.199599986051908e-05,4.507000085141044e-06,0.0,7.199599986051908e-05,0.0,96,False
503,3.531699985614978e-05,7.805800032656407e-05,4.2100000428035855e-06,0.0,7.805800032656407e-05,0.0,96,False
504,3.2298999940394424e-05,7.854000068618916e-05,4.8659994718036614e-06,0.0,7.854000068618916e-05,0.0,96,False
505,3.2076999559649266e-05,7.642700074939057e-05,3.799000296567101e-06,0.0,7.642700074939057e-05,0.0,96,False
506,2.6324999453208875e-05,7.375199948000954e-05,6.551999831572175e-06,0.0,7.375199948000954e-05,0.0,96,False
507,5.176600006961962e-05,7.906800055934582e-05,4.741999873658642e-06,0.0,7.906800055934582e-05,0.0,96,False
508,2.9878000532335136e-05,6.801400013500825e-05,4.339000042818952e-06,0.0,6.801400013500825e-05,0.0,96,False
509,2.881599993997952e-05,6.63030004943721e-05,4.116999662073795e-06,0.0,6.63030004943721e-05,0.0,96,False
510,2.7861000489792787e-05,6.508399928861763e-05,4.15700014855247e-06,0.0,6.508399928861763e-05,0.0,96,False
511,2.745100027823355e-05,6.487699920398882e-05,3.98800057155313e-06,0.0,6.487699920398882e-05,0.0,96,False
512,2.706600025703665e-05,6.5068999901996e-05,4.022000211989507e-06,0.0,6.5068999901996e-05,0.0,96,False
513,2.6935000278172083e-05,6.480699994426686e-05,4.08000050811097e-06,0.0,6.480699994426686e-05,0.0,96,False
514,2.6605000130075496e-05,6.39769996269024e-05,4.198999704385642e-06,0.0,6.39769996269024e-05,0.0,96,False
515,4.518900004768511e-05,8.796899965091143e-05,6.053000106476247e-06,0.0,8.796899965091143e-05,0.0,96,False
516,3.957900025852723e-05,7.910099975561025e-05,4.601000000548083e-06,0.0,7.910099975561025e-05,0.0,96,False
517,2.920099996117642e-05,6.618499992327997e-05,4.438999894773588e-06,0.0,6.618499992327997e-05,0.0,96,False
518,2.828800006682286e-05,6.557399956363952e-05,4.061000254296232e-06,0.0,6.557399956363952e-05,0.0,96,False
519,2.7755999326473102e-05,6.545700034621404e-05,4.184999852441251e-06,0.0,6.545700034621404e-05,0.0,96,False
520,2.7504000172484666e-05,6.38149995211279e-05,3.9420001485268585e-06,0.0,6.38149995211279e-05,0.0,96,False
521,2.699899960134644e-05,6.418499924620846e-05,4.008999894722365e-06,0.0,6.418499924620846e-05,0.0,96,False
522,2.8122000003349967e-05,6.407299952115864e-05,4.1620005504228175e-06,0.0,6.407299952115864e-05,0.0,96,False
523,2.7105999834020622e-05,6.419199962692801e-05,3.983000169682782e-06,0.0,6.419199962692801e-05,0.0,96,False
524,2.6710999918577727e-05,6.315900009212783e-05,3.9480000850744545e-06,0.0,6.315900009212783e-05,0.0,96,False
525,2.6374999833933543e-05,6.240299990167841e-05,3.914999979315326e-06,0.0,6.240299990167841e-05,0.0,96,False
526,2.6273999537806958e-05,8.023299960768782e-05,4.692999937105924e-06,0.0,8.023299960768782e-05,0.0,96,False
527,3.3772000278986525e-05,6.94740001563332e-05,3.925999408238567e-06,0.0,6.94740001563332e-05,0.0,96,False
528,2.7648000468616374e-05,6.502800079033477e-05,3.887000275426544e-06,0.0,6.502800079033477e-05,0.0,96,False
529,2.72170000243932e-05,6.478500017692568e-05,4.843000169785228e-06,0.0,6.478500017692568e-05,0.0,96,False
530,2.7144999876327347e-05,6.463200043071993e-05,4.640000042854808e-06,0.0,6.463200043071993e-05,0.0,96,False
531,2.6807999347511213e-05,7.492900022043614e-05,4.509000063990243e-06,0.0,7.492900022043614e-05,0.0,96,False
532,2.8903999918838963e-05,6.744700021954486e-05,4.15599970438052e-06,0.0,6.744700021954486e-05,0.0,96,False
533,2.8588000532181468e-05,6.48219993308885e-05,4.5900005716248415e-06,0.0,6.48219993308885e-05,0.0,96,False
534,2.6676999368646648e-05,6.233099975361256e-05,5.095999767945614e-06,0.0,6.233099975361256e-05,0.0,96,False
535,2.6484999580134172e-05,6.221399962669238e-05,4.610999894794077e-06,0.0,6.221399962669238e-05,0.0,96,False
536,2.627300000312971e-05,6.123100047261687e-05,2.2436000108427834e-05,0.0,6.123100047261687e-05,0.0,96,False
537,2.8439000743674114e-05,6.287999985943316e-05,4.890999662165996e-06,0.0,6.287999985943316e-05,0.0,96,False
538,2.62120001934818e-05,6.121900059952168e-05,4.659999831346795e-06,0.0,6.121900059952168e-05,0.0,96,False
539,2.6487000468478072e-05,6.266099990170915e-05,4.7849998736637644e-06,0.0,6.266099990170915e-05,0.0,96,False
540,2.6296000214642845e-05,6.290699911914999e-05,4.523000825429335e-06,0.0,6.290699911914999e-05,0.0,96,False
541,2.6028000320366118e-05,6.20359996901243e-05,4.4270000216783956e-06,0.0,6.20359996901243e-05,0.0,96,False
542,2.647600013006013e-05,6.079299964767415e-05,4.4240005081519485e-06,0.0,6.079299964767415e-05,0.0,96,False
543,2.6493999939702917e-05,6.166000002849614e-05,4.26399947173195e-06,0.0,6.166000002849614e-05,0.0,96,False
544,2.564999977039406e-05,0.00031299099919124274,1.1487999472592492e-05,0.0,0.00031299099919124274,0.0,96,False
545,6.068699985917192e-05,9.899199994833907e-05,7.632999768247828e-06,0.0,9.899199994833907e-05,0.0,96,False
546,4.060099945490947e-05,9.255199984181672e-05,5.8749992604134604e-06,0.0,9.255199984181672e-05,0.0,96,False
547,3.320299947517924e-05,8.228499973483849e-05,5.0469998313928954e-06,0.0,8.228499973483849e-05,0.0,96,False
548,3.067199941142462e-05,6.80799994370318e-05,5.359000169846695e-06,0.0,6.80799994370318e-05,0.0,96,False
549,2.9243999961181544e-05,6.579299952136353e-05,5.285999577608891e-06,0.0,6.579299952136353e-05,0.0,96,False
550,2.830800076480955e-05,6.411599952116376e-05,5.109999619890004e-06,0.0,6.411599952116376e-05,0.0,96,False
551,2.7491999389894772e-05,6.525900062115397e-05,4.997999894840177e-06,0.0,6.525900062115397e-05,0.0,96,False
552,2.7136999960930552e-05,6.214299992279848e-05,4.696999894804321e-06,0.0,6.214299992279848e-05,0.0,96,False
553,2.6665999939723406e-05,6.37480006844271e-05,4.972999704477843e-06,0.0,6.37480006844271e-05,0.0,96,False
554,2.6175000130024273e-05,6.442100038839271e-05,4.854000508203171e-06,0.0,6.442100038839271e-05,0.0,96,False
555,2.7439999939815607e-05,6.310000026132911e-05,4.7009998525027186e-06,0.0,6.310000026132911e-05,0.0,96,False
556,2.650199985509971e-05,0.0002037149997704546,1.0307000593456905e-05,0.0,0.0002037149997704546,0.0,96,False
557,5.171999964659335e-05,0.00011108499984402442,6.940999810467474e-06,0.0,0.00011108499984402442,0.0,96,False
558,3.813400053331861e-05,7.699100024183281e-05,6.020000000717118e-06,0.0,7.699100024183281e-05,0.0,96,False
559,3.234799987694714e-05,7.121300041035283e-05,4.959999387210701e-06,0.0,7.121300041035283e-05,0.0,96,False
560,3.0143000003590714e-05,6.804900021961657e-05,4.628000169759616e-06,0.0,6.804900021961657e-05,0.0,96,False
561,2.880200008803513e-05,6.752899935236201e-05,4.6860004658810794e-06,0.0,6.752899935236201e-05,0.0,96,False
562,2.8299999939918052e-05,6.481700074800756e-05,4.360000275482889e-06,0.0,6.481700074800756e-05,0.0,96,False
563,2.7627000235952437e-05,6.352800028253114e-05,4.452999746717978e-06,0.0,6.352800028253114e-05,0.0,96,False
564,2.74520007224055e-05,6.45099999019294e-05,4.149000233155675e-06,0.0,6.45099999019294e-05,0.0,96,False
565,2.67509994955617e-05,7.445399933203589e-05,4.5709994083154015e-06,0.0,7.445399933203589e-05,0.0,96,False
566,2.946699987660395e-05,6.490600026154425e-05,4.1249995774705894e-06,0.0,6.490600026154425e-05,0.0,96,False
567,2.7721000151359476e-05,6.523699994431809e-05,4.0380000427830964e-06,0.0,6.523699994431809e-05,0.0,96,False
568,2.69069996647886e-05,9.295399922848446e-05,4.71199928142596e-06,0.0,9.295399922848446e-05,0.0,96,False
569,3.0528000024787616e-05,6.765899979654932e-05,5.464999958348926e-06,0.0,6.765899979654932e-05,0.0,96,False
570,2.820999998220941e-05,6.59159995848313e-05,4.5289998524822295e-06,0.0,6.59159995848313e-05,0.0,96,False
571,2.818300072249258e-05,6.550600028276676e-05,4.0859995351638645e-06,0.0,6.550600028276676e-05,0.0,96,False
572,2.763900010904763e-05,6.622300043090945e-05,4.287000592739787e-06,0.0,6.622300043090945e-05,0.0,96,False
573,4.980199992132839e-05,7.175800055847503e-05,5.411000529420562e-06,0.0,7.175800055847503e-05,0.0,96,False
574,2.9068999538139906e-05,6.611600019823527e-05,5.126999894855544e-06,0.0,6.611600019823527e-05,0.0,96,False
575,2.720300017244881e-05,6.607900013477774e-05,5.066999619884882e-06,0.0,6.607900013477774e-05,0.0,96,False
576,2.7639999643724877e-05,6.642599964834517e-05,4.973000613972545e-06,0.0,6.642599964834517e-05,0.0,96,False
577,2.7362999389879405e-05,6.615000074816635e-05,4.8910005716606975e-06,0.0,6.615000074816635e-05,0.0,96,False
578,2.794499960145913e-05,7.643299977644347e-05,4.8269994294969365e-06,0.0,7.643299977644347e-05,0.0,96,False
579,2.7969999791821465e-05,6.511099945782917e-05,4.538000212050974e-06,0.0,6.511099945782917e-05,0.0,96,False
580,2.7352999495633412e-05,8.037299994612113e-05,5.560000317927916e-06,0.0,8.037299994612113e-05,0.0,96,False
581,3.593099972931668e-05,6.90260003466392e-05,4.8080000851769e-06,0.0,6.90260003466392e-05,0.0,96,False
582,2.8230999305378646e-05,6.665699947916437e-05,4.579000233206898e-06,0.0,6.665699947916437e-05,0.0,96,False
583,2.774399945337791e-05,9.465599941904657e-05,7.424999239447061e-06,0.0,9.465599941904657e-05,0.0,96,False
584,4.1354999666509684e-05,7.612000081280712e-05,5.199000042921398e-06,0.0,7.612000081280712e-05,0.0,96,False
585,3.0027999855519738e-05,6.735599981766427e-05,4.999999873689376e-06,0.0,6.735599981766427e-05,0.0,96,False
586,2.7971999770670664e-05,7.93269991845591e-05,5.7999995988211595e-06,0.0,7.93269991845591e-05,0.0,96,False
587,3.4032999792543706e-05,6.948899954295484e-05,4.750999323732685e-06,0.0,6.948899954295484e-05,0.0,96,False
588,6.430900066334289e-05,8.333000005222857e-05,6.8070003180764616e-06,0.0,8.333000005222857e-05,0.0,96,False
589,3.2961999750114046e-05,7.077899954310851e-05,5.442999281513039e-06,0.0,7.077899954310851e-05,0.0,96,False
590,3.0422000236285385e-05,6.814300013502361e-05,4.687000000558328e-06,0.0,6.814300013502361e-05,0.0,96,False
591,2.859799951693276e-05,6.758899962733267e-05,4.393999915919267e-06,0.0,6.758899962733267e-05,0.0,96,False
592,2.8466999538068194e-05,6.80070006637834e-05,4.200000148557592e-06,0.0,6.80070006637834e-05,0.0,96,False
593,2.881900036300067e-05,6.754399964847835e-05,5.07200002175523e-06,0.0,6.754399964847835e-05,0.0,96,False
594,2.962300004583085e-05,6.799999937356915e-05,4.380999598652124e-06,0.0,6.799999937356915e-05,0.0,96,False
595,2.898799994000001e-05,9.519699960947037e-05,4.833999810216483e-06,0.0,9.519699960947037e-05,0.0,96,False
596,3.1337000109488145e-05,6.942799973330693e-05,4.3119998736074194e-06,0.0,6.942799973330693e-05,0.0,96,False
597,2.9053000616841018e-05,6.658400070591597e-05,4.976000127498992e-06,0.0,6.658400070591597e-05,0.0,96,False
598,2.839700027834624e-05,6.87020001350902e-05,4.86899989482481e-06,0.0,6.87020001350902e-05,0.0,96,False
599,2.894000044761924e-05,6.690500049444381e-05,5.119999514135998e-06,0.0,6.690500049444381e-05,0.0,96,False
600,2.880099964386318e-05,6.805199973314302e-05,4.932999217999168e-06,0.0,6.805199973314302e-05,0.0,96,False
601,2.8170999939902686e-05,6.970000049477676e-05,5.414999577624258e-06,0.0,6.970000049477676e-05,0.0,96,False
602,2.8653000299527775e-05,6.875199960632017e-05,4.833000275539234e-06,0.0,6.875199960632017e-05,0.0,96,False
603,2.906499958044151e-05,7.966100019984879e-05,5.4570000429521315e-06,0.0,7.966100019984879e-05,0.0,96,False
604,3.1476000003749505e-05,7.114399977581343e-05,4.9150003178510815e-06,0.0,7.114399977581343e-05,0.0,96,False
605,2.9545999495894648e-05,6.997400032560108e-05,4.952999915985856e-06,0.0,6.997400032560108e-05,0.0,96,False
606,2.920600036304677e-05,6.879699958517449e-05,4.985000487067737e-06,0.0,6.879699958517449e-05,0.0,96,False
607,2.8248000489838887e-05,0.00010312300037185196,5.574000169872306e-06,0.0,0.00010312300037185196,0.0,96,False
608,3.878400002577109e-05,7.248300062201452e-05,1.532399983261712e-05,0.0,7.248300062201452e-05,0.0,96,False
609,3.097099943261128e-05,7.168699994508643e-05,5.032999979448505e-06,0.0,7.168699994508643e-05,0.0,96,False
610,2.928100002463907e-05,9.741600024426589e-05,2.8192000172566622e-05,0.0,9.741600024426589e-05,0.0,96,False
611,3.4635999327292666e-05,7.402000028378097e-05,5.226000212132931e-06,0.0,7.402000028378097e-05,0.0,96,False
612,3.071999981330009e-05,6.974999996600673e-05,4.819000423594844e-06,0.0,6.974999996600673e-05,0.0,96,False
613,2.9842999538232107e-05,6.844899962743511e-05,5.052000233263243e-06,0.0,6.844899962743511e-05,0.0,96,False
614,2.8915999791934155e-05,9.632499950384954e-05,5.489000614034012e-06,0.0,9.632499950384954e-05,0.0,96,False
615,3.144200036331313e-05,7.145700055843918e-05,5.028000487072859e-06,0.0,7.145700055843918e-05,0.0,96,False
616,2.9592999453598168e-05,7.155900038924301e-05,4.909999915980734e-06,0.0,7.155900038924301e-05,0.0,96,False
617,3.029100025742082e-05,0.00010170299992751097,5.6890003179432824e-06,0.0,0.00010170299992751097,0.0,96,False
618,3.17980002364493e-05,7.261500013555633e-05,5.005999810236972e-06,0.0,7.261500013555633e-05,0.0,96,False
619,3.0141000024741516e-05,7.035400085442234e-05,4.88600016979035e-06,0.0,7.035400085442234e-05,0.0,96,False
620,2.945100004581036e-05,7.08800007487298e-05,4.645999979402404e-06,0.0,7.08800007487298e-05,0.0,96,False
621,3.061200004594866e-05,7.044599988148548e-05,4.690999958256725e-06,0.0,7.044599988148548e-05,0.0,96,False
622,2.9164999432396144e-05,7.104599990270799e-05,4.529000761976931e-06,0.0,7.104599990270799e-05,0.0,96,False
623,2.9177000214986037e-05,7.008800002950011e-05,5.018000592826866e-06,0.0,7.008800002950011e-05,0.0,96,False
624,2.9423999876598828e-05,8.773199988354463e-05,5.40999917575391e-06,0.0,8.773199988354463e-05,0.0,96,False
625,3.9854000533523504e-05,7.594899943796918e-05,4.536999767879024e-06,0.0,7.594899943796918e-05,0.0,96,False
626,3.0360999517142773e-05,7.094000011420576e-05,4.706000254373066e-06,0.0,7.094000011420576e-05,0.0,96,False
627,2.973400023620343e-05,7.008700049482286e-05,4.538000212050974e-06,0.0,7.008700049482286e-05,0.0,96,False
628,2.998300078616012e-05,6.967500030441443e-05,4.454999725567177e-06,0.0,6.967500030441443e-05,0.0,96,False
629,2.954800038423855e-05,7.020199973339913e-05,4.458999683265574e-06,0.0,7.020199973339913e-05,0.0,96,False
630,3.078800000366755e-05,7.300200013560243e-05,4.77699995826697e-06,0.0,7.300200013560243e-05,0.0,96,False
631,3.0101000447757542e-05,7.318899952224456e-05,4.474000888876617e-06,0.0,7.318899952224456e-05,0.0,96,False
632,2.9474999792000744e-05,8.609699943917803e-05,5.0709995775832795e-06,0.0,8.609699943917803e-05,0.0,96,False
633,3.292899964435492e-05,7.525899945903802e-05,4.8970005082082935e-06,0.0,7.525899945903802e-05,0.0,96,False
634,3.0979000257502776e-05,7.53009999243659e-05,5.302000317897182e-06,0.0,7.53009999243659e-05,0.0,96,False
635,3.1710000257589854e-05,7.371199990302557e-05,5.746000169892795e-06,0.0,7.371199990302557e-05,0.0,96,False
636,3.162800021527801e-05,7.412700051645515e-05,5.285999577608891e-06,0.0,7.412700051645515e-05,0.0,96,False
637,2.971300000353949e-05,7.183300022006733e-05,5.382999916037079e-06,0.0,7.183300022006733e-05,0.0,96,False
638,3.0373999834409915e-05,8.399200032727094e-05,5.122999937157147e-06,0.0,8.399200032727094e-05,0.0,96,False
639,3.066299996135058e-05,7.191299937403528e-05,5.444000635179691e-06,0.0,7.191299937403528e-05,0.0,96,False
640,3.096100044785999e-05,7.275400002981769e-05,5.191999662201852e-06,0.0,7.275400002981769e-05,0.0,96,False
641,2.9787999665131792e-05,7.20329999239766e-05,5.140999746799935e-06,0.0,7.20329999239766e-05,0.0,96,False
642,2.9990999792062212e-05,7.21950000297511e-05,5.146999683347531e-06,0.0,7.21950000297511e-05,0.0,96,False
643,5.347400019672932e-05,8.13450005807681e-05,5.474000317917671e-06,0.0,8.13450005807681e-05,0.0,96,False
644,3.254100010963157e-05,7.286399977601832e-05,4.67000063508749e-06,0.0,7.286399977601832e-05,0.0,96,False
645,3.056700006709434e-05,7.263499992404832e-05,5.472999873745721e-06,0.0,7.263499992404832e-05,0.0,96,False
646,3.057200046896469e-05,7.175900009315228e-05,5.515000339073595e-06,0.0,7.175900009315228e-05,0.0,96,False
647,3.0153999432513956e-05,7.261199971253518e-05,5.266999323794153e-06,0.0,7.261199971253518e-05,0.0,96,False
648,3.059899972868152e-05,7.345799986069323e-05,5.2369996410561725e-06,0.0,7.345799986069323e-05,0.0,96,False
649,3.0622999474871904e-05,7.240099967020797e-05,4.9629998102318496e-06,0.0,7.240099967020797e-05,0.0,96,False
650,3.083399951719912e-05,0.00010260900035063969,5.525000233319588e-06,0.0,0.00010260900035063969,0.0,96,False
651,3.313799970783293e-05,7.45999996070168e-05,5.591999979515094e-06,0.0,7.45999996070168e-05,0.0,96,False
652,3.210599970771e-05,7.484799971280154e-05,5.588999556493945e-06,0.0,7.484799971280154e-05,0.0,96,False
653,3.060200015170267e-05,7.370500043180073e-05,5.33800084667746e-06,0.0,7.370500043180073e-05,0.0,96,False
654,3.0483999580610543e-05,7.276500036823563e-05,4.990999514120631e-06,0.0,7.276500036823563e-05,0.0,96,False
655,3.086499964410905e-05,7.348100007220637e-05,4.9390000640414655e-06,0.0,7.348100007220637e-05,0.0,96,False
656,3.159700008836808e-05,7.4448000304983e-05,4.880999767920002e-06,0.0,7.4448000304983e-05,0.0,96,False
657,3.0746999982511625e-05,0.00013550400035455823,5.496000085258856e-06,0.0,0.00013550400035455823,0.0,96,False
658,3.8622999454673845e-05,0.0001254779999726452,5.847000466019381e-06,0.0,0.0001254779999726452,0.0,96,False
659,3.636600013123825e-05,7.867099975555902e-05,5.545000021811575e-06,0.0,7.867099975555902e-05,0.0,96,False
660,3.224699958082056e-05,7.635400015715277e-05,4.960999831382651e-06,0.0,7.635400015715277e-05,0.0,96,False
661,3.144699985568877e-05,7.515900051657809e-05,4.821000402444042e-06,0.0,7.515900051657809e-05,0.0,96,False
662,3.090799964411417e-05,0.00015120500029297546,6.007000592944678e-06,0.0,0.00015120500029297546,0.0,96,False
663,4.9206000767298974e-05,8.678299946041079e-05,6.107999979576562e-06,0.0,8.678299946041079e-05,0.0,96,False
664,3.51270000464865e-05,9.082299948204309e-05,5.709000106435269e-06,0.0,9.082299948204309e-05,0.0,96,False
665,3.816699972958304e-05,9.482400037086336e-05,5.570999746851157e-06,0.0,9.482400037086336e-05,0.0,96,False
666,3.715900038514519e-05,8.589799926994601e-05,5.4689999160473235e-06,0.0,8.589799926994601e-05,0.0,96,False
667,3.245499920012662e-05,7.39679999242071e-05,5.105000127514359e-06,0.0,7.39679999242071e-05,0.0,96,False
668,3.137400017294567e-05,7.429700053762645e-05,5.22399932378903e-06,0.0,7.429700053762645e-05,0.0,96,False
669,3.0398000490095e-05,0.0001308939999944414,5.9659996622940525e-06,0.0,0.0001308939999944414,0.0,96,False
670,3.534900042723166e-05,7.70070000726264e-05,5.183999746805057e-06,0.0,7.70070000726264e-05,0.0,96,False
671,3.1304000003729016e-05,7.423000079143094e-05,5.003000296710525e-06,0.0,7.423000079143094e-05,0.0,96,False
672,3.096900036325678e-05,7.25919999240432e-05,4.66799974674359e-06,0.0,7.25919999240432e-05,0.0,96,False
673,3.0746000447834376e-05,7.277700024133082e-05,5.325999154592864e-06,0.0,7.277700024133082e-05,0.0,96,False
674,3.07099999190541e-05,7.335699956456665e-05,4.565999915939756e-06,0.0,7.335699956456665e-05,0.0,96,False
675,3.078200006711995e-05,7.232700045278762e-05,5.355000212148298e-06,0.0,7.232700045278762e-05,0.0,96,False
676,3.018200004589744e-05,0.00011645900030998746,8.167000487446785e-06,0.0,0.00011645900030998746,0.0,96,False
677,5.886599956284044e-05,8.847900062392e-05,6.328999916149769e-06,0.0,8.847900062392e-05,0.0,96,False
678,3.4907000554085243e-05,7.534299948019907e-05,5.316999704518821e-06,0.0,7.534299948019907e-05,0.0,96,False
679,3.151700002490543e-05,7.574899973405991e-05,5.444000635179691e-06,0.0,7.574899973405991e-05,0.0,96,False
680,3.170299987687031e-05,7.471899971278617e-05,5.3130006563151255e-06,0.0,7.471899971278617e-05,0.0,96,False
681,3.168900002492592e-05,7.409699992422247e-05,5.1679999160114676e-06,0.0,7.409699992422247e-05,0.0,96,False
682,3.092299994023051e-05,7.319700034713605e-05,5.031000000599306e-06,0.0,7.319700034713605e-05,0.0,96,False
683,5.509999937203247e-05,9.761799992702436e-05,7.826999535609502e-06,0.0,9.761799992702436e-05,0.0,96,False
684,3.688000015245052e-05,7.805099994584452e-05,5.791999683424365e-06,0.0,7.805099994584452e-05,0.0,96,False
685,3.371700040588621e-05,7.554700005130144e-05,2.7473000045574736e-05,0.0,7.554700005130144e-05,0.0,96,False
686,3.469800049060723e-05,7.525000000896398e-05,5.820000296807848e-06,0.0,7.525000000896398e-05,0.0,96,False
687,3.212100000382634e-05,7.40570003472385e-05,5.619000148726627e-06,0.0,7.40570003472385e-05,0.0,96,False
688,3.1462000151805114e-05,7.247900066431612e-05,5.4450001698569395e-06,0.0,7.247900066431612e-05,0.0,96,False
689,3.117100004601525e-05,9.931200020218967e-05,5.926000085310079e-06,0.0,9.931200020218967e-05,0.0,96,False
690,3.6948999877495226e-05,7.729000026301946e-05,5.355000212148298e-06,0.0,7.729000026301946e-05,0.0,96,False
691,3.0780000088270754e-05,7.31210002413718e-05,5.128999873704743e-06,0.0,7.31210002413718e-05,0.0,96,False
692,3.167500017298153e-05,7.345299945882289e-05,5.322000106389169e-06,0.0,7.345299945882289e-05,0.0,96,False
693,3.1212000067171175e-05,7.308099975489313e-05,5.173000317881815e-06,0.0,7.308099975489313e-05,0.0,96,False
694,4.190900017420063e-05,7.164700036810245e-05,5.466999937198125e-06,0.0,7.164700036810245e-05,0.0,96,False
695,2.9571000595751684e-05,7.031899986031931e-05,5.249000423646066e-06,0.0,7.031899986031931e-05,0.0,96,False
696,3.0184000024746638e-05,9.137300003203563e-05,5.72199951420771e-06,0.0,9.137300003203563e-05,0.0,96,False
697,3.688400011014892e-05,7.531600022048224e-05,4.9780001063481905e-06,0.0,7.531600022048224e-05,0.0,96,False
698,3.070900038437685e-05,7.131500024115667e-05,4.937999619869515e-06,0.0,7.131500024115667e-05,0.0,96,False
699,3.038600061699981e-05,0.000516842000251927,1.1330000234011095e-05,0.0,0.000516842000251927,0.0,96,False
700,0.00022410899964597775,0.00016164799944817787,1.0769000255095307e-05,0.0,0.00016164799944817787,0.0,96,False
701,5.5577000239281915e-05,9.253600001102313e-05,6.5169997469638474e-06,0.0,9.253600001102313e-05,0.0,96,False
702,4.009199983556755e-05,9.380499977851287e-05,6.6259999584872276e-06,0.0,9.380499977851287e-05,0.0,96,False
703,3.8392000533349346e-05,7.924100009404356e-05,5.750000127591193e-06,0.0,7.924100009404356e-05,0.0,96,False
704,3.414100046938984e-05,7.632100005139364e-05,5.198999133426696e-06,0.0,7.632100005139364e-05,0.0,96,False
705,3.189800008840393e-05,7.476999962818809e-05,5.343999873730354e-06,0.0,7.476999962818809e-05,0.0,96,False
706,3.134300004603574e-05,7.393499981844798e-05,5.466000402520876e-06,0.0,7.393499981844798e-05,0.0,96,False
707,3.133100017294055e-05,7.169400032580597e-05,4.8700003389967605e-06,0.0,7.169400032580597e-05,0.0,96,False
708,3.038500017282786e-05,7.005200041021453e-05,4.94599953526631e-06,0.0,7.005200041021453e-05,0.0,96,False
709,2.9750000066997018e-05,7.047700000839541e-05,4.741000338981394e-06,0.0,7.047700000839541e-05,0.0,96,False
710,3.0622999474871904e-05,0.00016566599970246898,1.062600040313555e-05,0.0,0.00016566599970246898,0.0,96,False
711,5.70740003240644e-05,0.00010279700018145377,7.48999991628807e-06,0.0,0.00010279700018145377,0.0,96,False
712,3.895900044881273e-05,0.0007671399998798734,1.200499991682591e-05,0.0,0.0007671399998798734,0.0,96,False
713,6.733499958500033e-05,0.00010664099954738049,7.6110000009066425e-06,0.0,0.00010664099954738049,0.0,96,False
714,4.200000057608122e-05,8.534799962944817e-05,6.827999641245697e-06,0.0,8.534799962944817e-05,0.0,96,False
715,3.661099981400184e-05,8.163500024238601e-05,6.379999831551686e-06,0.0,8.163500024238601e-05,0.0,96,False
716,3.4171999686805066e-05,7.730000015726546e-05,5.779999810329173e-06,0.0,7.730000015726546e-05,0.0,96,False
717,3.1816999580769334e-05,7.64619999245042e-05,5.917999260418583e-06,0.0,7.64619999245042e-05,0.0,96,False
718,3.2465999538544565e-05,7.383399952232139e-05,6.0300008044578135e-06,0.0,7.383399952232139e-05,0.0,96,False
719,3.1120000130613334e-05,7.430200003000209e-05,5.351999789127149e-06,0.0,7.430200003000209e-05,0.0,96,False
720,3.2017000194173306e-05,7.353599994530668e-05,5.390000296756625e-06,0.0,7.353599994530668e-05,0.0,96,False
721,3.440999989834381e-05,7.270600053743692e-05,5.1710003390326165e-06,0.0,7.270600053743692e-05,0.0,96,False
722,3.0917999538360164e-05,7.222500062198378e-05,5.203999535297044e-06,0.0,7.222500062198378e-05,0.0,96,False
723,2.996199964400148e-05,0.00010303399994882056,7.855999683670234e-06,0.0,0.00010303399994882056,0.0,96,False
724,3.9695999475952704e-05,7.663599990337389e-05,5.259999852569308e-06,0.0,7.663599990337389e-05,0.0,96,False
725,3.2764000025053974e-05,7.367499983956804e-05,4.65199991595e-06,0.0,7.367499983956804e-05,0.0,96,False
726,3.1696000405645464e-05,7.270700007211417e-05,4.715000613941811e-06,0.0,7.270700007211417e-05,0.0,96,False
727,3.107999964413466e-05,7.295900013559731e-05,4.520999937085435e-06,0.0,7.295900013559731e-05,0.0,96,False
728,3.1118999686441384e-05,7.297000047401525e-05,4.384999556350522e-06,0.0,7.297000047401525e-05,0.0,96,False
729,3.0031000278540887e-05,7.128100060072029e-05,5.223000698606484e-06,0.0,7.128100060072029e-05,0.0,96,False
730,2.9707999601669144e-05,7.078199996612966e-05,5.078999492980074e-06,0.0,7.078199996612966e-05,0.0,96,False
731,2.9599000299640466e-05,7.18119999874034e-05,4.618000275513623e-06,0.0,7.18119999874034e-05,0.0,96,False
732,3.030600055353716e-05,7.068900049489457e-05,4.65099947177805e-06,0.0,7.068900049489457e-05,0.0,96,False
733,2.9021000045759138e-05,7.004500002949499e-05,4.366000212030485e-06,0.0,7.004500002949499e-05,0.0,96,False
734,2.9816999813192524e-05,8.697100020071957e-05,5.28900000063004e-06,0.0,8.697100020071957e-05,0.0,96,False
735,3.290699987701373e-05,0.00021346799985622056,5.654999768012203e-06,0.0,0.00021346799985622056,0.0,96,False
736,3.524800013110507e-05,7.787999948050128e-05,4.866999915975612e-06,0.0,7.787999948050128e-05,0.0,96,False
737,4.083800013177097e-05,9.210000007442432e-05,5.0379994718241505e-06,0.0,9.210000007442432e-05,0.0,96,False
738,3.181400006724289e-05,7.34249997549341e-05,4.9749996833270416e-06,0.0,7.34249997549341e-05,0.0,96,False
739,3.1724000109534245e-05,0.00010976500016113278,7.366000318143051e-06,0.0,0.00010976500016113278,0.0,96,False
740,4.511499992077006e-05,8.697999965079362e-05,5.59799991606269e-06,0.0,8.697999965079362e-05,0.0,96,False
741,3.517799996188842e-05,7.711399939580588e-05,4.581999746733345e-06,0.0,7.711399939580588e-05,0.0,96,False
742,3.261699930590112e-05,7.422700036840979e-05,4.635999175661709e-06,0.0,7.422700036840979e-05,0.0,96,False
743,3.22539999615401e-05,7.326699960685801e-05,4.612000338966027e-06,0.0,7.326699960685801e-05,0.0,96,False
744,3.1522999961453024e-05,7.338799969147658e-05,4.7909998102113605e-06,0.0,7.338799969147658e-05,0.0,96,False
745,3.084699983446626e-05,7.200900017778622e-05,4.616000296664424e-06,0.0,7.200900017778622e-05,0.0,96,False
746,2.9999000616953708e-05,7.238500074890908e-05,5.0570006351335905e-06,0.0,7.238500074890908e-05,0.0,96,False
747,3.0544999390258454e-05,7.232999996631406e-05,4.612999873643275e-06,0.0,7.232999996631406e-05,0.0,96,False
748,2.9553999411291443e-05,0.0001367109998682281,6.7219998527434655e-06,0.0,0.0001367109998682281,0.0,96,False
749,4.0128999899025075e-05,7.94019997556461e-05,4.882999746769201e-06,0.0,7.94019997556461e-05,0.0,96,False
750,3.174499943270348e-05,7.249200007208856e-05,5.13400027557509e-06,0.0,7.249200007208856e-05,0.0,96,False
751,3.008899966516765e-05,0.000101205000646587,5.1560000429162756e-06,0.0,0.000101205000646587,0.0,96,False
752,3.3355000596202444e-05,7.455600007233443e-05,4.357999387138989e-06,0.0,7.455600007233443e-05,0.0,96,False
753,2.996600051119458e-05,7.224400087579852e-05,4.4720000005327165e-06,0.0,7.224400087579852e-05,0.0,96,False
754,3.0002000130480155e-05,7.196099977591075e-05,4.58999966213014e-06,0.0,7.196099977591075e-05,0.0,96,False
755,3.061300049012061e-05,7.179299973358866e-05,4.281000656192191e-06,0.0,7.179299973358866e-05,0.0,96,False
756,3.0082000193942804e-05,7.076899964886252e-05,4.346000423538499e-06,0.0,7.076899964886252e-05,0.0,96,False
757,3.0003000574652106e-05,7.094099964888301e-05,4.610999894794077e-06,0.0,7.094099964888301e-05,0.0,96,False
758,2.9635000828420743e-05,7.005399947956903e-05,4.325000190874562e-06,0.0,7.005399947956903e-05,0.0,96,False
759,2.9318999622773845e-05,7.290299981832504e-05,4.7969997467589565e-06,0.0,7.290299981832504e-05,0.0,96,False
760,2.9849000384274404e-05,7.044399990263628e-05,4.380000063974876e-06,0.0,7.044399990263628e-05,0.0,96,False
761,2.9163000363041647e-05,7.053599983919412e-05,4.23500023316592e-06,0.0,7.053599983919412e-05,0.0,96,False
762,3.0530000003636815e-05,7.030100005067652e-05,4.861999514105264e-06,0.0,7.030100005067652e-05,0.0,96,False
763,2.949600002466468e-05,7.106000066414708e-05,4.40399981016526e-06,0.0,7.106000066414708e-05,0.0,96,False
764,2.9767999876639806e-05,7.062199983920436e-05,3.171600019413745e-05,0.0,7.062199983920436e-05,0.0,96,False
765,3.232000017305836e-05,7.855600051698275e-05,4.859000000578817e-06,0.0,7.855600051698275e-05,0.0,96,False
766,3.047600057470845e-05,0.00011687400001392234,5.13400027557509e-06,0.0,0.00011687400001392234,0.0,96,False
767,3.2729999475122895e-05,7.34310006009764e-05,4.685000021709129e-06,0.0,7.34310006009764e-05,0.0,96,False
768,3.000800006702775e-05,7.198000002972549e-05,4.300000000512227e-06,0.0,7.198000002972549e-05,0.0,96,False
769,3.0066000363149215e-05,7.063399971229956e-05,5.819999387313146e-06,0.0,7.063399971229956e-05,0.0,96,False
770,2.990099983435357e-05,6.981899969105143e-05,5.140999746799935e-06,0.0,6.981899969105143e-05,0.0,96,False
771,2.9191000066930428e-05,0.00014366100003826432,5.913999302720185e-06,0.0,0.00014366100003826432,0.0,96,False
772,3.382400063856039e-05,7.513800028391415e-05,5.4279998948914e-06,0.0,7.513800028391415e-05,0.0,96,False
773,3.110900070169009e-05,7.172599998739315e-05,5.337999937182758e-06,0.0,7.172599998739315e-05,0.0,96,False
774,3.0076999792072456e-05,7.131399979698472e-05,5.1500001063686796e-06,0.0,7.131399979698472e-05,0.0,96,False
775,2.941699949587928e-05,7.121199996618088e-05,5.185000190977007e-06,0.0,7.121199996618088e-05,0.0,96,False
776,2.983799913636176e-05,7.057499988150084e-05,4.818999514100142e-06,0.0,7.057499988150084e-05,0.0,96,False
777,3.130200002487982e-05,7.032400026218966e-05,5.355000212148298e-06,0.0,7.032400026218966e-05,0.0,96,False
778,2.928199955931632e-05,7.013199956418248e-05,4.968000212102197e-06,0.0,7.013199956418248e-05,0.0,96,False
779,2.91579999611713e-05,6.728500011377037e-05,4.921999789075926e-06,0.0,6.728500011377037e-05,0.0,96,False
780,2.852200032066321e-05,6.721199952153256e-05,5.040999894845299e-06,0.0,6.721199952153256e-05,0.0,96,False
781,5.5249999604711775e-05,7.594499948027078e-05,5.423000402515754e-06,0.0,7.594499948027078e-05,0.0,96,False
782,3.06289994114195e-05,6.931700045242906e-05,4.9749996833270416e-06,0.0,6.931700045242906e-05,0.0,96,False
783,2.8653999834205024e-05,0.00011340299988660263,8.322000212501734e-06,0.0,0.00011340299988660263,0.0,96,False
784,4.2300999666622374e-05,8.458600041194586e-05,6.285999916144647e-06,0.0,8.458600041194586e-05,0.0,96,False
785,3.4874000448326115e-05,6.955399931030115e-05,5.142000190971885e-06,0.0,6.955399931030115e-05,0.0,96,False
786,3.00859992421465e-05,6.88700001774123e-05,4.9840000428957865e-06,0.0,6.88700001774123e-05,0.0,96,False
787,2.9232000088086352e-05,6.903900066390634e-05,4.881999302597251e-06,0.0,6.903900066390634e-05,0.0,96,False
788,2.9159999940020498e-05,6.94780001140316e-05,4.831000296690036e-06,0.0,6.94780001140316e-05,0.0,96,False
789,2.873799985536607e-05,6.856900017737644e-05,4.986000021744985e-06,0.0,6.856900017737644e-05,0.0,96,False
790,2.9175999770814087e-05,6.764800036762608e-05,4.755999725603033e-06,0.0,6.764800036762608e-05,0.0,96,False
791,2.8684999961114954e-05,6.920800024090568e-05,4.780999915965367e-06,0.0,6.920800024090568e-05,0.0,96,False
792,2.8356999791867565e-05,6.718199983879458e-05,4.550000085146166e-06,0.0,6.718199983879458e-05,0.0,96,False
793,2.825799947459018e-05,0.00015576999976474326,7.546000233560335e-06,0.0,0.00015576999976474326,0.0,96,False
794,5.8845999774348456e-05,0.0002458849994582124,1.2944999980391003e-05,0.0,0.0002458849994582124,0.0,96,False
795,6.481200034613721e-05,0.0001008139997793478,7.264000487339217e-06,0.0,0.0001008139997793478,0.0,96,False
796,3.95439992644242e-05,8.094199984043371e-05,6.32599949312862e-06,0.0,8.094199984043371e-05,0.0,96,False
797,3.457200000411831e-05,7.639399973413674e-05,6.480000593001023e-06,0.0,7.639399973413674e-05,0.0,96,False
798,3.3461999919381924e-05,7.394800013571512e-05,5.78399976802757e-06,0.0,7.394800013571512e-05,0.0,96,False
799,4.721500044979621e-05,9.998199948313413e-05,7.75500029703835e-06,0.0,9.998199948313413e-05,0.0,96,False
800,3.795300017372938e-05,7.710000045335619e-05,6.26700057182461e-06,0.0,7.710000045335619e-05,0.0,96,False
801,3.330799972900422e-05,7.47459998819977e-05,5.5990003602346405e-06,0.0,7.47459998819977e-05,0.0,96,False
802,3.170199943269836e-05,7.197700051619904e-05,5.341999894881155e-06,0.0,7.197700051619904e-05,0.0,96,False
803,3.075900076510152e-05,0.00020610500087059336,1.3158999536244664e-05,0.0,0.00020610500087059336,0.0,96,False
804,7.599700074933935e-05,0.00011906899999303278,7.388999620161485e-06,0.0,0.00011906899999303278,0.0,96,False
805,4.121899928577477e-05,0.0001233909997608862,5.7283000387542415e-05,0.0,0.0001233909997608862,0.0,96,False
806,0.0001279479993172572,0.00011544500011950731,9.439000677957665e-06,0.0,0.00011544500011950731,0.0,96,False
807,9.474900070927106e-05,0.00013897900043957634,1.1798999366874341e-05,0.0,0.00013897900043957634,0.0,96,False
808,0.00016217700067500118,0.00011562000054254895,1.3374999980442226e-05,0.0,0.00011562000054254895,0.0,96,False
809,8.689999958733097e-05,9.048099946085131e-05,6.389999725797679e-06,0.0,9.048099946085131e-05,0.0,96,False
810,0.00011945900041610003,0.00011431900020397734,1.04689997897367e-05,0.0,0.00011431900020397734,0.0,96,False
811,0.00015445100052602356,0.00019328300004417542,1.0267999641655479e-05,0.0,0.00019328300004417542,0.0,96,False
812,8.152699956553988e-05,8.775999958743341e-05,1.2634000086109154e-05,0.0,8.775999958743341e-05,0.0,96,False
813,0.00011153400009789038,0.00018502900002204115,1.1794999409175944e-05,0.0,0.00018502900002204115,0.0,96,False
814,7.216299945866922e-05,0.00010263999956805492,6.651000148849562e-06,0.0,0.00010263999956805492,0.0,96,False
815,3.7960000554448925e-05,8.059699939622078e-05,6.090999704611022e-06,0.0,8.059699939622078e-05,0.0,96,False
816,3.399500019440893e-05,7.59959993956727e-05,5.735000740969554e-06,0.0,7.59959993956727e-05,0.0,96,False
817,3.2390000342275016e-05,7.336799990298459e-05,5.9419999161036685e-06,0.0,7.336799990298459e-05,0.0,96,False
818,3.140799981338205e-05,7.207999988168012e-05,5.369999598769937e-06,0.0,7.207999988168012e-05,0.0,96,False
819,3.0297999728645664e-05,7.34350005586748e-05,5.449999662232585e-06,0.0,7.34350005586748e-05,0.0,96,False
820,2.937499994004611e-05,7.933199958642945e-05,5.740000233345199e-06,0.0,7.933199958642945e-05,0.0,96,False
821,3.160899996146327e-05,7.019999975454994e-05,5.53800055058673e-06,0.0,7.019999975454994e-05,0.0,96,False
822,2.999400021508336e-05,6.977600060054101e-05,5.339999916031957e-06,0.0,6.977600060054101e-05,0.0,96,False
823,2.970400055346545e-05,6.949300041014794e-05,5.431999852589797e-06,0.0,6.949300041014794e-05,0.0,96,False
824,2.935700013040332e-05,7.035199996607844e-05,4.941999577567913e-06,0.0,7.035199996607844e-05,0.0,96,False
825,2.957600008812733e-05,6.845000007160706e-05,4.679000085161533e-06,0.0,6.845000007160706e-05,0.0,96,False
826,2.937400040536886e-05,6.788199971197173e-05,4.364000233181287e-06,0.0,6.788199971197173e-05,0.0,96,False
827,2.8655000278376974e-05,8.516300022165524e-05,5.2519999371725135e-06,0.0,8.516300022165524e-05,0.0,96,False
828,3.579799977160292e-05,7.25070003682049e-05,4.294000063964631e-06,0.0,7.25070003682049e-05,0.0,96,False
829,2.917100027843844e-05,6.837900036771316e-05,4.550000085146166e-06,0.0,6.837900036771316e-05,0.0,96,False
830,2.8929999643878546e-05,6.815100005042041e-05,4.366999746707734e-06,0.0,6.815100005042041e-05,0.0,96,False
831,2.862899964384269e-05,6.741000015608734e-05,4.225999873597175e-06,0.0,6.741000015608734e-05,0.0,96,False
832,2.8167999516881537e-05,6.593499983864604e-05,4.423999598657247e-06,0.0,6.593499983864604e-05,0.0,96,False
833,2.827400021487847e-05,6.644099994446151e-05,4.360999810160138e-06,0.0,6.644099994446151e-05,0.0,96,False
834,2.798000059556216e-05,6.582500009244541e-05,4.237999746692367e-06,0.0,6.582500009244541e-05,0.0,96,False
835,2.7068999770563096e-05,8.859999979904387e-05,4.633000571629964e-06,0.0,8.859999979904387e-05,0.0,96,False
836,3.289100004622014e-05,7.08800007487298e-05,4.3299996832502075e-06,0.0,7.08800007487298e-05,0.0,96,False
837,2.912800027843332e-05,7.49950004319544e-05,4.2279998524463736e-06,0.0,7.49950004319544e-05,0.0,96,False
838,3.960999947594246e-05,6.701700021949364e-05,5.22900063515408e-06,0.0,6.701700021949364e-05,0.0,96,False
839,2.9257999813125934e-05,6.761700024071615e-05,3.262700010964181e-05,0.0,6.761700024071615e-05,0.0,96,False
840,3.09349998133257e-05,6.845500047347741e-05,5.45900002180133e-06,0.0,6.845500047347741e-05,0.0,96,False
841,2.9091000214975793e-05,6.678699992335169e-05,5.8190007621305995e-06,0.0,6.678699992335169e-05,0.0,96,False
842,4.0746999729890376e-05,8.6231999375741e-05,5.146000148670282e-06,0.0,8.6231999375741e-05,0.0,96,False
843,3.8636999306618236e-05,7.256899971253006e-05,5.170999429537915e-06,0.0,7.256899971253006e-05,0.0,96,False
844,2.934600070148008e-05,6.755300000804709e-05,4.977999196853489e-06,0.0,6.755300000804709e-05,0.0,96,False
845,2.8188000214868225e-05,6.704499992338242e-05,4.707999323727563e-06,0.0,6.704499992338242e-05,0.0,96,False
846,2.8519000807136763e-05,0.00010745100007625297,7.648000064364169e-06,0.0,0.00010745100007625297,0.0,96,False
847,3.9694000406598207e-05,7.766199996694922e-05,5.500000042957254e-06,0.0,7.766199996694922e-05,0.0,96,False
848,3.088300036324654e-05,6.97899995429907e-05,5.017999683332164e-06,0.0,6.97899995429907e-05,0.0,96,False
849,2.9058000109216664e-05,6.690600002912106e-05,4.554000042844564e-06,0.0,6.690600002912106e-05,0.0,96,False
850,6.46029993731645e-05,8.014200011530193e-05,5.904000317968894e-06,0.0,8.014200011530193e-05,0.0,96,False
851,3.073900006711483e-05,6.778100032533985e-05,4.309000360080972e-06,0.0,6.778100032533985e-05,0.0,96,False
852,2.7534999389899895e-05,6.568000026163645e-05,4.2649999159039e-06,0.0,6.568000026163645e-05,0.0,96,False
853,2.7459000193630345e-05,6.618799943680642e-05,4.145000275457278e-06,0.0,6.618799943680642e-05,0.0,96,False
854,2.7573000807024073e-05,6.603700057894457e-05,4.2490000851103105e-06,0.0,6.603700057894457e-05,0.0,96,False
855,2.7826999939861707e-05,6.589900021936046e-05,5.330000021785963e-06,0.0,6.589900021936046e-05,0.0,96,False
856,2.797700017254101e-05,6.59059996905853e-05,5.38099993718788e-06,0.0,6.59059996905853e-05,0.0,96,False
857,2.771099934761878e-05,8.79420003911946e-05,5.625000085274223e-06,0.0,8.79420003911946e-05,0.0,96,False
858,3.54410003637895e-05,6.973800009291153e-05,5.136999789101537e-06,0.0,6.973800009291153e-05,0.0,96,False
859,2.9042999813100323e-05,6.605399994441541e-05,4.882999746769201e-06,0.0,6.605399994441541e-05,0.0,96,False
860,2.813199989759596e-05,6.570400000782683e-05,4.677999640989583e-06,0.0,6.570400000782683e-05,0.0,96,False
861,2.7287999728287105e-05,6.455200036725728e-05,4.381000508146826e-06,0.0,6.455200036725728e-05,0.0,96,False
862,2.883200068026781e-05,6.469500021921704e-05,4.229999831295572e-06,0.0,6.469500021921704e-05,0.0,96,False
863,2.749699979176512e-05,6.498899983853335e-05,4.622999767889269e-06,0.0,6.498899983853335e-05,0.0,96,False
864,2.7258999580226373e-05,6.175300040922593e-05,4.129999979340937e-06,0.0,6.175300040922593e-05,0.0,96,False
865,2.6810999770532362e-05,6.174500049382914e-05,3.996000486949924e-06,0.0,6.174500049382914e-05,0.0,96,False
866,2.6497999897401314e-05,6.16550005361205e-05,4.003000867669471e-06,0.0,6.16550005361205e-05,0.0,96,False
867,2.5800999537750613e-05,6.194600064191036e-05,3.903999640897382e-06,0.0,6.194600064191036e-05,0.0,96,False
868,2.6297000658814795e-05,6.129200028226478e-05,3.7950003388687037e-06,0.0,6.129200028226478e-05,0.0,96,False
869,2.6949000130116474e-05,7.097100024111569e-05,3.9480000850744545e-06,0.0,7.097100024111569e-05,0.0,96,False
870,2.65990001935279e-05,7.283800005097874e-05,4.276000254321843e-06,0.0,7.283800005097874e-05,0.0,96,False
871,2.8710999686154537e-05,6.428800043067895e-05,4.169000021647662e-06,0.0,6.428800043067895e-05,0.0,96,False
872,2.697300078580156e-05,6.202700024005026e-05,4.188999810139649e-06,0.0,6.202700024005026e-05,0.0,96,False
873,2.5970000024244655e-05,6.166900038806489e-05,3.93899972550571e-06,0.0,6.166900038806489e-05,0.0,96,False
874,2.5575999643479008e-05,6.24350004727603e-05,3.973000275436789e-06,0.0,6.24350004727603e-05,0.0,96,False
875,2.5940000341506675e-05,6.1407999965013e-05,4.670999260270037e-06,0.0,6.1407999965013e-05,0.0,96,False
876,2.617999962239992e-05,6.208099966897862e-05,4.51300002168864e-06,0.0,6.208099966897862e-05,0.0,96,False
877,2.5457999981881585e-05,0.00011893999999301741,5.423000402515754e-06,0.0,0.00011893999999301741,0.0,96,False
878,4.4251999497646466e-05,7.452800036844565e-05,4.643000465875957e-06,0.0,7.452800036844565e-05,0.0,96,False
879,2.9050999728497118e-05,6.504399971163366e-05,4.003999492852017e-06,0.0,6.504399971163366e-05,0.0,96,False
880,2.6839000383915845e-05,6.449899956351146e-05,4.910999450657982e-06,0.0,6.449899956351146e-05,0.0,96,False
881,2.6292000256944448e-05,6.292599937296472e-05,4.567999894788954e-06,0.0,6.292599937296472e-05,0.0,96,False
882,2.6235000404994935e-05,8.781700034887763e-05,4.382000042824075e-06,0.0,8.781700034887763e-05,0.0,96,False
883,2.821100042638136e-05,6.455000038840808e-05,3.84499981009867e-06,0.0,6.455000038840808e-05,0.0,96,False
884,2.6679000256990548e-05,6.450499950005906e-05,4.0320001062355004e-06,0.0,6.450499950005906e-05,0.0,96,False
885,2.659599977050675e-05,6.336000024020905e-05,3.982000635005534e-06,0.0,6.336000024020905e-05,0.0,96,False
886,2.6263000108883716e-05,7.510300019930582e-05,4.567000360111706e-06,0.0,7.510300019930582e-05,0.0,96,False
887,2.847499945346499e-05,6.42830000288086e-05,4.780000381288119e-06,0.0,6.42830000288086e-05,0.0,96,False
888,2.7242999749432784e-05,6.562900034623453e-05,4.520999937085435e-06,0.0,6.562900034623453e-05,0.0,96,False
889,2.7103999855171423e-05,6.373299947881605e-05,4.509999598667491e-06,0.0,6.373299947881605e-05,0.0,96,False
890,2.7146999855176546e-05,6.368699996528449e-05,4.6099994506221265e-06,0.0,6.368699996528449e-05,0.0,96,False
891,2.69880001724232e-05,6.33529998594895e-05,3.986000592703931e-06,0.0,6.33529998594895e-05,0.0,96,False
892,2.588299958006246e-05,6.230100007087458e-05,4.165000063949265e-06,0.0,6.230100007087458e-05,0.0,96,False
893,2.6243999855068978e-05,6.38149995211279e-05,3.939000635000411e-06,0.0,6.38149995211279e-05,0.0,96,False
894,2.6807000722328667e-05,7.989599998836638e-05,4.546000127447769e-06,0.0,7.989599998836638e-05,0.0,96,False
895,2.99319999612635e-05,6.423900049412623e-05,3.852999725495465e-06,0.0,6.423900049412623e-05,0.0,96,False
896,2.6126000193471555e-05,6.230800045159413e-05,4.01900069846306e-06,0.0,6.230800045159413e-05,0.0,96,False
897,2.6075000278069638e-05,6.080900038796244e-05,3.8090001908130944e-06,0.0,6.080900038796244e-05,0.0,96,False
898,2.5887999981932808e-05,6.139700053608976e-05,4.020000233140308e-06,0.0,6.139700053608976e-05,0.0,96,False
899,2.599399977043504e-05,6.02529999014223e-05,3.8760008465033025e-06,0.0,6.02529999014223e-05,0.0,96,False
900,2.542200036259601e-05,6.098100038798293e-05,3.590999767766334e-06,0.0,6.098100038798293e-05,0.0,96,False
901,2.5719000404933468e-05,6.736399973306106e-05,3.7530007830355316e-06,0.0,6.736399973306106e-05,0.0,96,False
902,2.5545999960741028e-05,8.107199937512632e-05,4.224000804242678e-06,0.0,8.107199937512632e-05,0.0,96,False
903,2.780900013021892e-05,6.24920003247098e-05,3.836000360024627e-06,0.0,6.24920003247098e-05,0.0,96,False
904,2.585099991847528e-05,6.208800004969817e-05,4.7399998948094435e-06,0.0,6.208800004969817e-05,0.0,96,False
905,2.62059993474395e-05,6.102800034568645e-05,4.393999915919267e-06,0.0,6.102800034568645e-05,0.0,96,False
906,2.498600042599719e-05,6.124100036686286e-05,4.405999789014459e-06,0.0,6.124100036686286e-05,0.0,96,False
907,2.52800000453135e-05,6.04050001129508e-05,4.231999810144771e-06,0.0,6.04050001129508e-05,0.0,96,False
908,2.5492000531812664e-05,6.080799994379049e-05,4.51300002168864e-06,0.0,6.080799994379049e-05,0.0,96,False
909,2.5520999770378694e-05,5.965099990135059e-05,4.163000085100066e-06,0.0,5.965099990135059e-05,0.0,96,False
910,2.5346999791509006e-05,7.561800066469004e-05,4.853999598708469e-06,0.0,7.561800066469004e-05,0.0,96,False
911,3.332099913677666e-05,6.530799964821199e-05,4.039000486955047e-06,0.0,6.530799964821199e-05,0.0,96,False
912,2.6464000256964937e-05,6.145200040919008e-05,3.819000085059088e-06,0.0,6.145200040919008e-05,0.0,96,False
913,2.5811999876168557e-05,6.096800007071579e-05,4.212000021652784e-06,0.0,6.096800007071579e-05,0.0,96,False
914,2.65970002146787e-05,6.222499996511033e-05,4.515000000537839e-06,0.0,6.222499996511033e-05,0.0,96,False
915,2.5809999897319358e-05,6.072799988032784e-05,4.426000487001147e-06,0.0,6.072799988032784e-05,0.0,96,False
916,2.5624000045354478e-05,6.0215000303287525e-05,2.4076000045170076e-05,0.0,6.0215000303287525e-05,0.0,96,False
917,2.8466999538068194e-05,6.286999996518716e-05,4.736999471788295e-06,0.0,6.286999996518716e-05,0.0,96,False
918,2.5538000045344234e-05,6.13290003457223e-05,4.587999683280941e-06,0.0,6.13290003457223e-05,0.0,96,False
919,2.4903000849008095e-05,7.06529999661143e-05,4.494000677368604e-06,0.0,7.06529999661143e-05,0.0,96,False
920,2.8206000024511013e-05,6.251900049392134e-05,3.8689995562890545e-06,0.0,6.251900049392134e-05,0.0,96,False
921,2.6161000278079882e-05,6.111499988037394e-05,3.7669997254852206e-06,0.0,6.111499988037394e-05,0.0,96,False
922,2.5664000531833153e-05,5.958400015515508e-05,3.733000085048843e-06,0.0,5.958400015515508e-05,0.0,96,False
923,2.5338000341434963e-05,5.963400053587975e-05,3.6909996197209693e-06,0.0,5.963400053587975e-05,0.0,96,False
924,2.4947000383690465e-05,6.073299937270349e-05,4.120999619772192e-06,0.0,6.073299937270349e-05,0.0,96,False
925,2.5628000003052875e-05,6.144700000731973e-05,4.2909996409434825e-06,0.0,6.144700000731973e-05,0.0,96,False
926,5.3030999879410956e-05,6.847799977549585e-05,4.890000127488747e-06,0.0,6.847799977549585e-05,0.0,96,False
927,2.754500019364059e-05,6.231700081116287e-05,4.212000021652784e-06,0.0,6.231700081116287e-05,0.0,96,False
928,2.492500061634928e-05,5.929600047238637e-05,4.181000804237556e-06,0.0,5.929600047238637e-05,0.0,96,False
929,2.476600002410123e-05,5.834800049342448e-05,4.0439999793306924e-06,0.0,5.834800049342448e-05,0.0,96,False
930,2.4730999939492904e-05,5.8603000070434064e-05,4.280000212020241e-06,0.0,5.8603000070434064e-05,0.0,96,False
931,2.4734000362514053e-05,5.7049999668379314e-05,3.9450005715480074e-06,0.0,5.7049999668379314e-05,0.0,96,False
932,2.4341000425920356e-05,5.7978999393526465e-05,4.106000233150553e-06,0.0,5.7978999393526465e-05,0.0,96,False
933,2.4930000108724926e-05,5.9687999964808114e-05,3.7879999581491575e-06,0.0,5.9687999964808114e-05,0.0,96,False
934,2.5118999474216253e-05,5.929500002821442e-05,4.108999746677e-06,0.0,5.929500002821442e-05,0.0,96,False
935,4.5897999370936304e-05,6.384599964803783e-05,4.630999683286063e-06,0.0,6.384599964803783e-05,0.0,96,False
936,2.5299999833805487e-05,6.0458999541879166e-05,3.584999831218738e-06,0.0,6.0458999541879166e-05,0.0,96,False
937,2.9541000003519002e-05,5.997300013405038e-05,3.785999979299959e-06,0.0,5.997300013405038e-05,0.0,96,False
938,3.4109999432985205e-05,5.9078999584016856e-05,3.7489999158424325e-06,0.0,5.9078999584016856e-05,0.0,96,False
939,2.4476999897160567e-05,5.915600013395306e-05,3.5589991966844536e-06,0.0,5.915600013395306e-05,0.0,96,False
940,2.4687000404810533e-05,5.964400043012574e-05,3.6309993447503075e-06,0.0,5.964400043012574e-05,0.0,96,False
941,2.4025999664445408e-05,5.899799998587696e-05,3.6350002119434066e-06,0.0,5.899799998587696e-05,0.0,96,False
942,2.422700072202133e-05,5.734800015488872e-05,3.5319999369676225e-06,0.0,5.734800015488872e-05,0.0,96,False
943,2.4187000235542655e-05,5.7867999203153886e-05,1.3722000403504353e-05,0.0,5.7867999203153886e-05,0.0,96,False
944,3.632199968706118e-05,6.351800038828515e-05,3.670000296551734e-06,0.0,6.351800038828515e-05,0.0,96,False
945,2.513799972803099e-05,5.942799998592818e-05,3.610999556258321e-06,0.0,5.942799998592818e-05,0.0,96,False
946,2.517000029911287e-05,5.8213000556861516e-05,3.5619996197056025e-06,0.0,5.8213000556861516e-05,0.0,96,False
947,2.450099964335095e-05,6.0121000387880486e-05,3.5840002965414897e-06,0.0,6.0121000387880486e-05,0.0,96,False
948,2.4727999516471755e-05,5.89359997320571e-05,3.614999513956718e-06,0.0,5.89359997320571e-05,0.0,96,False
949,2.4744999791437294e-05,5.8802999774343334e-05,3.8030002542654984e-06,0.0,5.8802999774343334e-05,0.0,96,False
950,2.4556999960623216e-05,5.761600004916545e-05,3.5470002330839634e-06,0.0,5.761600004916545e-05,0.0,96,False
951,2.4077000489342026e-05,5.776000034529716e-05,3.469999683147762e-06,0.0,5.776000034529716e-05,0.0,96,False
952,2.4124999981722794e-05,5.8788999922398943e-05,3.513000592647586e-06,0.0,5.8788999922398943e-05,0.0,96,False
953,4.555200030154083e-05,6.366599973262055e-05,3.852999725495465e-06,0.0,6.366599973262055e-05,0.0,96,False
954,2.538999979151413e-05,5.9099000282003544e-05,3.516000106174033e-06,0.0,5.9099000282003544e-05,0.0,96,False
955,2.489199960109545e-05,5.910900017624954e-05,3.3400001484551467e-06,0.0,5.910900017624954e-05,0.0,96,False
956,2.4447999749099836e-05,5.819099988002563e-05,3.4750000850181095e-06,0.0,5.819099988002563e-05,0.0,96,False
957,2.5299000299128238e-05,5.885799964744365e-05,4.475999958231114e-06,0.0,5.885799964744365e-05,0.0,96,False
958,2.5010000172187574e-05,5.821600007038796e-05,4.283999260223936e-06,0.0,5.821600007038796e-05,0.0,96,False
959,2.4476999897160567e-05,5.837899971083971e-05,4.2490000851103105e-06,0.0,5.837899971083971e-05,0.0,96,False
960,2.4604999453003984e-05,5.774300007033162e-05,4.223999894747976e-06,0.0,5.774300007033162e-05,0.0,96,False
961,2.3908000002847984e-05,5.81619997319649e-05,4.256000465829857e-06,0.0,5.81619997319649e-05,0.0,96,False
962,4.337599966675043e-05,6.464499983849237e-05,4.5769993448629975e-06,0.0,6.464499983849237e-05,0.0,96,False
963,2.5645000278018415e-05,6.1035000726406e-05,3.998000465799123e-06,0.0,6.1035000726406e-05,0.0,96,False
964,2.473800032021245e-05,5.756799964728998e-05,3.764999746636022e-06,0.0,5.756799964728998e-05,0.0,96,False
965,2.348300040466711e-05,5.6645999393367674e-05,3.70499947166536e-06,0.0,5.6645999393367674e-05,0.0,96,False
966,2.343500000279164e-05,5.716299983760109e-05,3.690000085043721e-06,0.0,5.716299983760109e-05,0.0,96,False
967,2.4453000150970183e-05,5.7468999330012593e-05,3.6069995985599235e-06,0.0,5.7468999330012593e-05,0.0,96,False
968,2.3676999262534082e-05,5.569000040850369e-05,3.633000233094208e-06,0.0,5.569000040850369e-05,0.0,96,False
969,2.3671000235481188e-05,5.634500030282652e-05,4.294000063964631e-06,0.0,5.634500030282652e-05,0.0,96,False
970,2.3587000214320142e-05,8.138599969242932e-05,4.563999937090557e-06,0.0,8.138599969242932e-05,0.0,96,False
971,4.346799960330827e-05,6.38960000287625e-05,4.458999683265574e-06,0.0,6.38960000287625e-05,0.0,96,False
972,2.4726999981794506e-05,5.891399996471591e-05,4.430999979376793e-06,0.0,5.891399996471591e-05,0.0,96,False
973,2.4824000320222694e-05,5.739900007029064e-05,4.063999767822679e-06,0.0,5.739900007029064e-05,0.0,96,False
974,2.472100004524691e-05,5.876300019735936e-05,4.1470002543064766e-06,0.0,5.876300019735936e-05,0.0,96,False
975,2.377499913563952e-05,5.8586000704963226e-05,4.012999852420762e-06,0.0,5.8586000704963226e-05,0.0,96,False
976,2.4052000298979692e-05,5.8321000324212946e-05,4.169000021647662e-06,0.0,5.8321000324212946e-05,0.0,96,False
977,2.40379995375406e-05,5.735100057790987e-05,4.0049999370239675e-06,0.0,5.735100057790987e-05,0.0,96,False
978,2.416299957985757e-05,5.6971000049088616e-05,4.009000804217067e-06,0.0,5.6971000049088616e-05,0.0,96,False
979,2.4074000066320878e-05,5.723899994336534e-05,4.203999196761288e-06,0.0,5.723899994336534e-05,0.0,96,False
980,4.145999992033467e-05,6.41269998595817e-05,4.4210000851307996e-06,0.0,6.41269998595817e-05,0.0,96,False
981,2.5598000320314895e-05,5.9345999943616334e-05,4.083000021637417e-06,0.0,5.9345999943616334e-05,0.0,96,False
982,2.5274000108765904e-05,5.92440001128125e-05,4.106000233150553e-06,0.0,5.92440001128125e-05,0.0,96,False
983,2.4772999495326076e-05,5.7858000218402594e-05,3.7419995351228863e-06,0.0,5.7858000218402594e-05,0.0,96,False
984,2.447600036248332e-05,5.792199954157695e-05,3.917999492841773e-06,0.0,5.792199954157695e-05,0.0,96,False
985,2.4414999643340707e-05,5.7453999943390954e-05,4.042999535158742e-06,0.0,5.7453999943390954e-05,0.0,96,False
986,2.4244000087492168e-05,5.643700023938436e-05,4.066999281349126e-06,0.0,5.643700023938436e-05,0.0,96,False
987,2.4500000108673703e-05,5.6741000662441365e-05,4.409999746712856e-06,0.0,5.6741000662441365e-05,0.0,96,False
988,2.4216999918280635e-05,5.7283999922219664e-05,4.012999852420762e-06,0.0,5.7283999922219664e-05,0.0,96,False
989,2.3577999854751397e-05,6.566600040969206e-05,4.458999683265574e-06,0.0,6.566600040969206e-05,0.0,96,False
990,2.550999943196075e-05,5.971100017632125e-05,4.1099992813542485e-06,0.0,5.971100017632125e-05,0.0,96,False
991,2.4422000024060253e-05,5.810000038763974e-05,4.0990007619257085e-06,0.0,5.810000038763974e-05,0.0,96,False
992,2.52820000241627e-05,5.8025999351229984e-05,4.116999662073795e-06,0.0,5.8025999351229984e-05,0.0,96,False
993,2.520199996070005e-05,6.054499954188941e-05,1.805200008675456e-05,0.0,6.054499954188941e-05,0.0,96,False
994,2.7166999643668532e-05,5.9545999647525605e-05,4.438999894773588e-06,0.0,5.9545999647525605e-05,0.0,96,False
995,2.490600036253454e-05,5.755599977419479e-05,4.083999556314666e-06,0.0,5.755599977419479e-05,0.0,96,False
996,2.4003000362426974e-05,5.654100004903739e-05,4.239000190864317e-06,0.0,5.654100004903739e-05,0.0,96,False
997,2.3638999664399307e-05,5.60710004720022e-05,3.934999767807312e-06,0.0,5.60710004720022e-05,0.0,96,False
998,2.337200021429453e-05,6.394499996531522e-05,4.223000360070728e-06,0.0,6.394499996531522e-05,0.0,96,False
999,2.5565999749233015e-05,5.720999979530461e-05,3.5809998735203408e-06,0.0,5.720999979530461e-05,0.0,96,False
1000,2.4114000552799553e-05,5.618900013359962e-05,3.668999852379784e-06,0.0,5.618900013359962e-05,0.0,96,False
